<?xml version="1.0" encoding="UTF-8"?>
<?officialURI http://archprod.service.eogs.dk/taxonomy/20141220/gsd/full_gsd/gsd_000.00_2014-12-20/def_gsd_2014-12-20_role-000.00.xml?>
<?taxonomy-version 0.2.0?>

<link:linkbase xmlns:xsi="http://www.w3.org/2001/XMLSchema-instance" xsi:schemaLocation="http://www.xbrl.org/2003/linkbase http://www.xbrl.org/2003/xbrl-linkbase-2003-12-31.xsd" xmlns:link="http://www.xbrl.org/2003/linkbase" xmlns:xbrldt="http://xbrl.org/2005/xbrldt" xmlns:xlink="http://www.w3.org/1999/xlink" xmlns:xbrli="http://www.xbrl.org/2003/instance">
  <link:roleRef roleURI="http://xbrl.dcca.dk/role/000.00/GeneralAndSubmissionData" xlink:type="simple" xlink:href="rol_gsd_000.00_2014-12-20.xsd#gsd_00000_GeneralAndSubmissionData"/>
  <link:roleRef roleURI="http://xbrl.dcca.dk/role/000.01/Hypercube/GeneralAndSubmissionData/DetailsOnMembersOfExecutiveBoard" xlink:type="simple" xlink:href="rol_gsd_000.00_2014-12-20.xsd#gsd_00001_HypercubeGeneralAndSubmissionDataDetailsOnMembersOfExecutiveBoard"/>
  <link:roleRef roleURI="http://xbrl.dcca.dk/role/000.00/GeneralAndSubmissionData/Details" xlink:type="simple" xlink:href="rol_gsd_000.00_2014-12-20.xsd#gsd_00000_GeneralAndSubmissionDataDetails"/>
  <link:roleRef roleURI="http://xbrl.dcca.dk/role/000.02/Hypercube/GeneralAndSubmissionData/DetailsOnMembersOfSupervisoryBoard" xlink:type="simple" xlink:href="rol_gsd_000.00_2014-12-20.xsd#gsd_00002_HypercubeGeneralAndSubmissionDataDetailsOnMembersOfSupervisoryBoard"/>
  <link:roleRef roleURI="http://xbrl.ifrs.org/role/ifrs/ifrs-dim_role-913000" xlink:type="simple" xlink:href="../../../../full_ifrs/dimensions_full_ifrs/rol_full_ifrs-dim_2014-03-05.xsd#ifrs-dim_role-913000"/>
  <link:roleRef roleURI="http://xbrl.dcca.dk/role/000.03/Hypercube/GeneralAndSubmissionData/DetailsOnAuditorPerformingAuditOfFinancialStatements" xlink:type="simple" xlink:href="rol_gsd_000.00_2014-12-20.xsd#gsd_00003_HypercubeGeneralAndSubmissionDataDetailsOnAuditorPerformingAuditOfFinancialStatements"/>
  <link:roleRef roleURI="http://xbrl.dcca.dk/role/000.04/Hypercube/GeneralAndSubmissionData/DetailsOnLiquidator" xlink:type="simple" xlink:href="rol_gsd_000.00_2014-12-20.xsd#gsd_00004_HypercubeGeneralAndSubmissionDataDetailsOnLiquidator"/>
  <link:roleRef roleURI="http://xbrl.dcca.dk/role/000.05/Hypercube/GeneralAndSubmissionData/DetailsOnSecondaryNameOfReportingEntity" xlink:type="simple" xlink:href="rol_gsd_000.00_2014-12-20.xsd#gsd_00005_HypercubeGeneralAndSubmissionDataDetailsOnSecondaryNameOfReportingEntity"/>
  <link:roleRef roleURI="http://xbrl.dcca.dk/role/917.01/DimensionTypeOfReportingPeriod" xlink:type="simple" xlink:href="../../../cmn_rol.xsd#cmn_rol_RoleDimensionTypeOfReportingPeriod"/>
  <link:roleRef roleURI="http://xbrl.dcca.dk/role/000.06/Hypercube/GeneralAndSubmissionData/DetailsOnReportingPeriod" xlink:type="simple" xlink:href="rol_gsd_000.00_2014-12-20.xsd#gsd_RoleHypercubeGeneralAndSubmissionDataDetailsOnReportingPeriod"/>
  <link:roleRef roleURI="http://xbrl.dcca.dk/role/900.01/AxisDefaultMembers" xlink:type="simple" xlink:href="../../../cmn_rol.xsd#cmn_rol_RoleAxisDefaultMembers"/>
  <link:arcroleRef arcroleURI="http://xbrl.org/int/dim/arcrole/all" xlink:type="simple" xlink:href="http://www.xbrl.org/2005/xbrldt-2005.xsd#all"/>
  <link:arcroleRef arcroleURI="http://xbrl.org/int/dim/arcrole/domain-member" xlink:type="simple" xlink:href="http://www.xbrl.org/2005/xbrldt-2005.xsd#domain-member"/>
  <link:arcroleRef arcroleURI="http://xbrl.org/int/dim/arcrole/hypercube-dimension" xlink:type="simple" xlink:href="http://www.xbrl.org/2005/xbrldt-2005.xsd#hypercube-dimension"/>
  <link:arcroleRef arcroleURI="http://xbrl.org/int/dim/arcrole/dimension-default" xlink:type="simple" xlink:href="http://www.xbrl.org/2005/xbrldt-2005.xsd#dimension-default"/>
  <link:arcroleRef arcroleURI="http://xbrl.org/int/dim/arcrole/dimension-domain" xlink:type="simple" xlink:href="http://www.xbrl.org/2005/xbrldt-2005.xsd#dimension-domain"/>
  <link:definitionLink xlink:type="extended" xlink:role="http://xbrl.dcca.dk/role/900.01/AxisDefaultMembers">
    <link:loc xlink:type="locator" xlink:href="../../gsd-cor-2014-12-20.xsd#gsd_TypeOfReportingPeriodDimension" xlink:label="TypeOfReportingPeriodDimension" xlink:title="TypeOfReportingPeriodDimension"/>
    <link:loc xlink:type="locator" xlink:href="../../gsd-cor-2014-12-20.xsd#gsd_AllReportingPeriodsMember" xlink:label="AllReportingPeriodsMember" xlink:title="AllReportingPeriodsMember"/>
    <link:definitionArc xlink:type="arc" xlink:arcrole="http://xbrl.org/int/dim/arcrole/dimension-default" xlink:from="TypeOfReportingPeriodDimension" xlink:to="AllReportingPeriodsMember" xlink:title="definition: TypeOfReportingPeriodDimension to AllReportingPeriodsMember" order="1.0"/>
  </link:definitionLink>
  <link:definitionLink xlink:type="extended" xlink:role="http://xbrl.dcca.dk/role/000.00/GeneralAndSubmissionData/Details">
    <link:loc xlink:type="locator" xlink:href="../../gsd-cor-2014-12-20.xsd#gsd_DetailsOnSecondaryNameOfReportingEntityAbstract" xlink:label="DetailsOnSecondaryNameOfReportingEntityAbstract" xlink:title="DetailsOnSecondaryNameOfReportingEntityAbstract"/>
    <link:loc xlink:type="locator" xlink:href="../../gsd-cor-2014-12-20.xsd#gsd_DetailsOnSecondaryNameOfReportingEntityHypercube" xlink:label="DetailsOnSecondaryNameOfReportingEntityHypercube" xlink:title="DetailsOnSecondaryNameOfReportingEntityHypercube"/>
    <link:definitionArc xlink:type="arc" xlink:arcrole="http://xbrl.org/int/dim/arcrole/all" xlink:from="DetailsOnSecondaryNameOfReportingEntityAbstract" xlink:to="DetailsOnSecondaryNameOfReportingEntityHypercube" xlink:title="definition: DetailsOnSecondaryNameOfReportingEntityAbstract to DetailsOnSecondaryNameOfReportingEntityHypercube" order="10.0" xbrldt:targetRole="http://xbrl.dcca.dk/role/000.05/Hypercube/GeneralAndSubmissionData/DetailsOnSecondaryNameOfReportingEntity" xbrldt:contextElement="scenario"/>
    <link:loc xlink:type="locator" xlink:href="../../gsd-cor-2014-12-20.xsd#gsd_SecondaryNameOfReportingEntity" xlink:label="SecondaryNameOfReportingEntity" xlink:title="SecondaryNameOfReportingEntity"/>
    <link:definitionArc xlink:type="arc" xlink:arcrole="http://xbrl.org/int/dim/arcrole/domain-member" xlink:from="DetailsOnSecondaryNameOfReportingEntityAbstract" xlink:to="SecondaryNameOfReportingEntity" xlink:title="definition: DetailsOnSecondaryNameOfReportingEntityAbstract to SecondaryNameOfReportingEntity" order="20.0"/>
    <link:loc xlink:type="locator" xlink:href="../../gsd-cor-2014-12-20.xsd#gsd_DetailsOnMembersOfExecutiveBoardAbstract" xlink:label="DetailsOnMembersOfExecutiveBoardAbstract"/>
    <link:loc xlink:type="locator" xlink:href="../../gsd-cor-2014-12-20.xsd#gsd_DetailsOnMembersOfExecutiveBoardHypercube" xlink:label="DetailsOnMembersOfExecutiveBoardHypercube"/>
    <link:definitionArc xlink:type="arc" xlink:arcrole="http://xbrl.org/int/dim/arcrole/all" xlink:from="DetailsOnMembersOfExecutiveBoardAbstract" xlink:to="DetailsOnMembersOfExecutiveBoardHypercube" order="10.0" xbrldt:contextElement="scenario" xbrldt:closed="true" xbrldt:targetRole="http://xbrl.dcca.dk/role/000.01/Hypercube/GeneralAndSubmissionData/DetailsOnMembersOfExecutiveBoard"/>
    <link:loc xlink:type="locator" xlink:href="../../../cmn.xsd#cmn_NameAndSurnameOfMemberOfExecutiveBoard" xlink:label="NameAndSurnameOfMemberOfExecutiveBoard"/>
    <link:definitionArc xlink:type="arc" xlink:arcrole="http://xbrl.org/int/dim/arcrole/domain-member" xlink:from="DetailsOnMembersOfExecutiveBoardAbstract" xlink:to="NameAndSurnameOfMemberOfExecutiveBoard" order="30.0"/>
    <link:loc xlink:type="locator" xlink:href="../../../cmn.xsd#cmn_TitleOfMemberOfExecutiveBoard" xlink:label="TitleOfMemberOfExecutiveBoard"/>
    <link:definitionArc xlink:type="arc" xlink:arcrole="http://xbrl.org/int/dim/arcrole/domain-member" xlink:from="DetailsOnMembersOfExecutiveBoardAbstract" xlink:to="TitleOfMemberOfExecutiveBoard" order="40.0"/>
    <link:loc xlink:type="locator" xlink:href="../../../cmn.xsd#cmn_IdentificationNumberCprOfMemberOfExecutiveBoard" xlink:label="IdentificationNumberCprOfMemberOfExecutiveBoard"/>
    <link:definitionArc xlink:type="arc" xlink:arcrole="http://xbrl.org/int/dim/arcrole/domain-member" xlink:from="DetailsOnMembersOfExecutiveBoardAbstract" xlink:to="IdentificationNumberCprOfMemberOfExecutiveBoard" order="20.0"/>
    <link:loc xlink:type="locator" xlink:href="../../../cmn.xsd#cmn_DescriptionOfMemberOfExecutiveBoard" xlink:label="DescriptionOfMemberOfExecutiveBoard" xlink:title="DescriptionOfMemberOfExecutiveBoard"/>
    <link:definitionArc xlink:type="arc" xlink:arcrole="http://xbrl.org/int/dim/arcrole/domain-member" xlink:from="DetailsOnMembersOfExecutiveBoardAbstract" xlink:to="DescriptionOfMemberOfExecutiveBoard" xlink:title="definition: DetailsOnMembersOfExecutiveBoardAbstract to DescriptionOfMemberOfExecutiveBoard" order="50.0"/>
    <link:loc xlink:type="locator" xlink:href="../../gsd-cor-2014-12-20.xsd#gsd_DetailsOnMembersOfSupervisoryBoardAbstract" xlink:label="DetailsOnMembersOfSupervisoryBoardAbstract"/>
    <link:loc xlink:type="locator" xlink:href="../../gsd-cor-2014-12-20.xsd#gsd_DetailsOnMembersOfSupervisoryBoardHypercube" xlink:label="DetailsOnMembersOfSupervisoryBoardHypercube"/>
    <link:definitionArc xlink:type="arc" xlink:arcrole="http://xbrl.org/int/dim/arcrole/all" xlink:from="DetailsOnMembersOfSupervisoryBoardAbstract" xlink:to="DetailsOnMembersOfSupervisoryBoardHypercube" order="10.0" xbrldt:contextElement="scenario" xbrldt:closed="true" xbrldt:targetRole="http://xbrl.dcca.dk/role/000.02/Hypercube/GeneralAndSubmissionData/DetailsOnMembersOfSupervisoryBoard"/>
    <link:loc xlink:type="locator" xlink:href="../../../cmn.xsd#cmn_NameAndSurnameOfMemberOfSupervisoryBoard" xlink:label="NameAndSurnameOfMemberOfSupervisoryBoard"/>
    <link:definitionArc xlink:type="arc" xlink:arcrole="http://xbrl.org/int/dim/arcrole/domain-member" xlink:from="DetailsOnMembersOfSupervisoryBoardAbstract" xlink:to="NameAndSurnameOfMemberOfSupervisoryBoard" order="30.0"/>
    <link:loc xlink:type="locator" xlink:href="../../../cmn.xsd#cmn_TitleOfMemberOfSupervisoryBoard" xlink:label="TitleOfMemberOfSupervisoryBoard"/>
    <link:definitionArc xlink:type="arc" xlink:arcrole="http://xbrl.org/int/dim/arcrole/domain-member" xlink:from="DetailsOnMembersOfSupervisoryBoardAbstract" xlink:to="TitleOfMemberOfSupervisoryBoard" order="40.0"/>
    <link:loc xlink:type="locator" xlink:href="../../../cmn.xsd#cmn_IdentificationNumberCprOfMemberOfSupervisoryBoard" xlink:label="IdentificationNumberCprOfMemberOfSupervisoryBoard"/>
    <link:definitionArc xlink:type="arc" xlink:arcrole="http://xbrl.org/int/dim/arcrole/domain-member" xlink:from="DetailsOnMembersOfSupervisoryBoardAbstract" xlink:to="IdentificationNumberCprOfMemberOfSupervisoryBoard" order="20.0"/>
    <link:loc xlink:type="locator" xlink:href="../../../cmn.xsd#cmn_DescriptionOfMemberOfSupervisoryBoard" xlink:label="DescriptionOfMemberOfSupervisoryBoard" xlink:title="DescriptionOfMemberOfSupervisoryBoard"/>
    <link:definitionArc xlink:type="arc" xlink:arcrole="http://xbrl.org/int/dim/arcrole/domain-member" xlink:from="DetailsOnMembersOfSupervisoryBoardAbstract" xlink:to="DescriptionOfMemberOfSupervisoryBoard" xlink:title="definition: DetailsOnMembersOfSupervisoryBoardAbstract to DescriptionOfMemberOfSupervisoryBoard" order="50.0"/>
    <link:loc xlink:type="locator" xlink:href="../../gsd-cor-2014-12-20.xsd#gsd_DetailsOnAuditorAbstract" xlink:label="DetailsOnAuditorAbstract" xlink:title="DetailsOnAuditorAbstract"/>
    <link:loc xlink:type="locator" xlink:href="../../gsd-cor-2014-12-20.xsd#gsd_DetailsOnAuditorHypercube" xlink:label="DetailsOnAuditorHypercube" xlink:title="DetailsOnAuditorHypercube"/>
    <link:definitionArc xlink:type="arc" xlink:arcrole="http://xbrl.org/int/dim/arcrole/all" xlink:from="DetailsOnAuditorAbstract" xlink:to="DetailsOnAuditorHypercube" xlink:title="definition: DetailsOnAuditorAbstract to DetailsOnAuditorHypercube" order="10.0" xbrldt:contextElement="scenario" xbrldt:closed="true" xbrldt:targetRole="http://xbrl.dcca.dk/role/000.03/Hypercube/GeneralAndSubmissionData/DetailsOnAuditorPerformingAuditOfFinancialStatements"/>
    <link:loc xlink:type="locator" xlink:href="../../gsd-cor-2014-12-20.xsd#gsd_TelephoneNumberOfAuditor" xlink:label="TelephoneNumberOfAuditor"/>
    <link:definitionArc xlink:type="arc" xlink:arcrole="http://xbrl.org/int/dim/arcrole/domain-member" xlink:from="DetailsOnAuditorAbstract" xlink:to="TelephoneNumberOfAuditor" xlink:title="definition: DetailsOnAuditorAbstract to TelephoneNumberOfAuditor" order="90.0"/>
    <link:loc xlink:type="locator" xlink:href="../../gsd-cor-2014-12-20.xsd#gsd_EmailOfAuditor" xlink:label="EmailOfAuditor"/>
    <link:definitionArc xlink:type="arc" xlink:arcrole="http://xbrl.org/int/dim/arcrole/domain-member" xlink:from="DetailsOnAuditorAbstract" xlink:to="EmailOfAuditor" xlink:title="definition: DetailsOnAuditorAbstract to EmailOfAuditor" order="100.0"/>
    <link:loc xlink:type="locator" xlink:href="../../gsd-cor-2014-12-20.xsd#gsd_AddressOfAuditorAbstract" xlink:label="AddressOfAuditorAbstract" xlink:title="AddressOfAuditorAbstract"/>
    <link:definitionArc xlink:type="arc" xlink:arcrole="http://xbrl.org/int/dim/arcrole/domain-member" xlink:from="DetailsOnAuditorAbstract" xlink:to="AddressOfAuditorAbstract" xlink:title="definition: DetailsOnAuditorAbstract to AddressOfAuditorAbstract" order="80.0"/>
    <link:loc xlink:type="locator" xlink:href="../../gsd-cor-2014-12-20.xsd#gsd_AddressOfAuditorStreetBuildingIdentifier" xlink:label="AddressOfAuditorStreetBuildingIdentifier" xlink:title="AddressOfAuditorStreetBuildingIdentifier"/>
    <link:definitionArc xlink:type="arc" xlink:arcrole="http://xbrl.org/int/dim/arcrole/domain-member" xlink:from="AddressOfAuditorAbstract" xlink:to="AddressOfAuditorStreetBuildingIdentifier" xlink:title="definition: AddressOfAuditorAbstract to AddressOfAuditorStreetBuildingIdentifier" order="20.0"/>
    <link:loc xlink:type="locator" xlink:href="../../gsd-cor-2014-12-20.xsd#gsd_AddressOfAuditorPostCodeIdentifier" xlink:label="AddressOfAuditorPostCodeIdentifier" xlink:title="AddressOfAuditorPostCodeIdentifier"/>
    <link:definitionArc xlink:type="arc" xlink:arcrole="http://xbrl.org/int/dim/arcrole/domain-member" xlink:from="AddressOfAuditorAbstract" xlink:to="AddressOfAuditorPostCodeIdentifier" xlink:title="definition: AddressOfAuditorAbstract to AddressOfAuditorPostCodeIdentifier" order="30.0"/>
    <link:loc xlink:type="locator" xlink:href="../../gsd-cor-2014-12-20.xsd#gsd_AddressOfAuditorDistrictName" xlink:label="AddressOfAuditorDistrictName" xlink:title="AddressOfAuditorDistrictName"/>
    <link:definitionArc xlink:type="arc" xlink:arcrole="http://xbrl.org/int/dim/arcrole/domain-member" xlink:from="AddressOfAuditorAbstract" xlink:to="AddressOfAuditorDistrictName" xlink:title="definition: AddressOfAuditorAbstract to AddressOfAuditorDistrictName" order="40.0"/>
    <link:loc xlink:type="locator" xlink:href="../../gsd-cor-2014-12-20.xsd#gsd_AddressOfAuditorCountryIdentificationCode" xlink:label="AddressOfAuditorCountryIdentificationCode" xlink:title="AddressOfAuditorCountryIdentificationCode"/>
    <link:definitionArc xlink:type="arc" xlink:arcrole="http://xbrl.org/int/dim/arcrole/domain-member" xlink:from="AddressOfAuditorAbstract" xlink:to="AddressOfAuditorCountryIdentificationCode" xlink:title="definition: AddressOfAuditorAbstract to AddressOfAuditorCountryIdentificationCode" order="50.0"/>
    <link:loc xlink:type="locator" xlink:href="../../gsd-cor-2014-12-20.xsd#gsd_AddressOfAuditorCountry" xlink:label="AddressOfAuditorCountry"/>
    <link:definitionArc xlink:type="arc" xlink:arcrole="http://xbrl.org/int/dim/arcrole/domain-member" xlink:from="AddressOfAuditorAbstract" xlink:to="AddressOfAuditorCountry" xlink:title="definition: AddressOfAuditorAbstract to AddressOfAuditorCountry" order="60.0"/>
    <link:loc xlink:type="locator" xlink:href="../../gsd-cor-2014-12-20.xsd#gsd_AddressOfAuditorStreetName" xlink:label="AddressOfAuditorStreetName" xlink:title="AddressOfAuditorStreetName"/>
    <link:definitionArc xlink:type="arc" xlink:arcrole="http://xbrl.org/int/dim/arcrole/domain-member" xlink:from="AddressOfAuditorAbstract" xlink:to="AddressOfAuditorStreetName" xlink:title="definition: AddressOfAuditorAbstract to AddressOfAuditorStreetName" order="10.0"/>
    <link:loc xlink:type="locator" xlink:href="../../../cmn.xsd#cmn_IdentificationNumberCprOfAuditor" xlink:label="IdentificationNumberCprOfAuditor" xlink:title="IdentificationNumberCprOfAuditor"/>
    <link:definitionArc xlink:type="arc" xlink:arcrole="http://xbrl.org/int/dim/arcrole/domain-member" xlink:from="DetailsOnAuditorAbstract" xlink:to="IdentificationNumberCprOfAuditor" xlink:title="definition: DetailsOnAuditorAbstract to IdentificationNumberCprOfAuditor" order="20.0"/>
    <link:loc xlink:type="locator" xlink:href="../../../cmn.xsd#cmn_NameAndSurnameOfAuditor" xlink:label="NameAndSurnameOfAuditor" xlink:title="NameAndSurnameOfAuditor"/>
    <link:definitionArc xlink:type="arc" xlink:arcrole="http://xbrl.org/int/dim/arcrole/domain-member" xlink:from="DetailsOnAuditorAbstract" xlink:to="NameAndSurnameOfAuditor" xlink:title="definition: DetailsOnAuditorAbstract to NameAndSurnameOfAuditor" order="30.0"/>
    <link:loc xlink:type="locator" xlink:href="../../../cmn.xsd#cmn_IdentificationNumberCvrOfAuditFirm" xlink:label="IdentificationNumberCvrOfAuditFirm" xlink:title="IdentificationNumberCvrOfAuditFirm"/>
    <link:definitionArc xlink:type="arc" xlink:arcrole="http://xbrl.org/int/dim/arcrole/domain-member" xlink:from="DetailsOnAuditorAbstract" xlink:to="IdentificationNumberCvrOfAuditFirm" xlink:title="definition: DetailsOnAuditorAbstract to IdentificationNumberCvrOfAuditFirm" order="40.0"/>
    <link:loc xlink:type="locator" xlink:href="../../../cmn.xsd#cmn_IdentificationNumberPnrOfAuditFirm" xlink:label="IdentificationNumberPnrOfAuditFirm" xlink:title="IdentificationNumberPnrOfAuditFirm"/>
    <link:definitionArc xlink:type="arc" xlink:arcrole="http://xbrl.org/int/dim/arcrole/domain-member" xlink:from="DetailsOnAuditorAbstract" xlink:to="IdentificationNumberPnrOfAuditFirm" xlink:title="definition: DetailsOnAuditorAbstract to IdentificationNumberPnrOfAuditFirm" order="50.0"/>
    <link:loc xlink:type="locator" xlink:href="../../../cmn.xsd#cmn_NameOfAuditFirm" xlink:label="NameOfAuditFirm" xlink:title="NameOfAuditFirm"/>
    <link:definitionArc xlink:type="arc" xlink:arcrole="http://xbrl.org/int/dim/arcrole/domain-member" xlink:from="DetailsOnAuditorAbstract" xlink:to="NameOfAuditFirm" xlink:title="definition: DetailsOnAuditorAbstract to NameOfAuditFirm" order="60.0"/>
    <link:loc xlink:type="locator" xlink:href="../../../cmn.xsd#cmn_DescriptionOfAuditor" xlink:label="DescriptionOfAuditor" xlink:title="DescriptionOfAuditor"/>
    <link:definitionArc xlink:type="arc" xlink:arcrole="http://xbrl.org/int/dim/arcrole/domain-member" xlink:from="DetailsOnAuditorAbstract" xlink:to="DescriptionOfAuditor" xlink:title="definition: DetailsOnAuditorAbstract to DescriptionOfAuditor" order="70.0"/>
    <link:loc xlink:type="locator" xlink:href="../../gsd-cor-2014-12-20.xsd#gsd_DetailsOnLiquidatorAbstract" xlink:label="DetailsOnLiquidatorAbstract" xlink:title="DetailsOnLiquidatorAbstract"/>
    <link:loc xlink:type="locator" xlink:href="../../gsd-cor-2014-12-20.xsd#gsd_DetailsOnLiquidatorHypercube" xlink:label="DetailsOnLiquidatorHypercube" xlink:title="DetailsOnLiquidatorHypercube"/>
    <link:definitionArc xlink:type="arc" xlink:arcrole="http://xbrl.org/int/dim/arcrole/all" xlink:from="DetailsOnLiquidatorAbstract" xlink:to="DetailsOnLiquidatorHypercube" xlink:title="definition: DetailsOnLiquidatorAbstract to DetailsOnLiquidatorHypercube" order="10.0" xbrldt:targetRole="http://xbrl.dcca.dk/role/000.04/Hypercube/GeneralAndSubmissionData/DetailsOnLiquidator" xbrldt:contextElement="scenario" xbrldt:closed="true"/>
    <link:loc xlink:type="locator" xlink:href="../../../cmn.xsd#cmn_DescriptionOfLiquidator" xlink:label="DescriptionOfLiquidator" xlink:title="DescriptionOfLiquidator"/>
    <link:definitionArc xlink:type="arc" xlink:arcrole="http://xbrl.org/int/dim/arcrole/domain-member" xlink:from="DetailsOnLiquidatorAbstract" xlink:to="DescriptionOfLiquidator" xlink:title="definition: DetailsOnLiquidatorAbstract to DescriptionOfLiquidator" order="50.0"/>
    <link:loc xlink:type="locator" xlink:href="../../../cmn.xsd#cmn_IdentificationNumberCprOfLiquidator" xlink:label="IdentificationNumberCprOfLiquidator" xlink:title="IdentificationNumberCprOfLiquidator"/>
    <link:definitionArc xlink:type="arc" xlink:arcrole="http://xbrl.org/int/dim/arcrole/domain-member" xlink:from="DetailsOnLiquidatorAbstract" xlink:to="IdentificationNumberCprOfLiquidator" xlink:title="definition: DetailsOnLiquidatorAbstract to IdentificationNumberCprOfLiquidator" order="20.0"/>
    <link:loc xlink:type="locator" xlink:href="../../../cmn.xsd#cmn_NameAndSurnameOfLiquidator" xlink:label="NameAndSurnameOfLiquidator" xlink:title="NameAndSurnameOfLiquidator"/>
    <link:definitionArc xlink:type="arc" xlink:arcrole="http://xbrl.org/int/dim/arcrole/domain-member" xlink:from="DetailsOnLiquidatorAbstract" xlink:to="NameAndSurnameOfLiquidator" xlink:title="definition: DetailsOnLiquidatorAbstract to NameAndSurnameOfLiquidator" order="30.0"/>
    <link:loc xlink:type="locator" xlink:href="../../../cmn.xsd#cmn_TitleOfLiquidator" xlink:label="TitleOfLiquidator" xlink:title="TitleOfLiquidator"/>
    <link:definitionArc xlink:type="arc" xlink:arcrole="http://xbrl.org/int/dim/arcrole/domain-member" xlink:from="DetailsOnLiquidatorAbstract" xlink:to="TitleOfLiquidator" xlink:title="definition: DetailsOnLiquidatorAbstract to TitleOfLiquidator" order="40.0"/>
    <link:loc xlink:type="locator" xlink:href="../../gsd-cor-2014-12-20.xsd#gsd_DetailsOnReportingPeriodAbstract" xlink:label="DetailsOnReportingPeriodAbstract" xlink:title="DetailsOnReportingPeriodAbstract"/>
    <link:loc xlink:type="locator" xlink:href="../../gsd-cor-2014-12-20.xsd#gsd_ReportingPeriodStartDate" xlink:label="ReportingPeriodStartDate" xlink:title="ReportingPeriodStartDate"/>
    <link:definitionArc xlink:type="arc" xlink:arcrole="http://xbrl.org/int/dim/arcrole/domain-member" xlink:from="DetailsOnReportingPeriodAbstract" xlink:to="ReportingPeriodStartDate" xlink:title="definition: DetailsOnReportingPeriodAbstract to ReportingPeriodStartDate" order="2.0"/>
    <link:loc xlink:type="locator" xlink:href="../../gsd-cor-2014-12-20.xsd#gsd_DetailsOnReportingPeriodHypercube" xlink:label="DetailsOnReportingPeriodHypercube" xlink:title="DetailsOnReportingPeriodHypercube"/>
    <link:definitionArc xlink:type="arc" xlink:arcrole="http://xbrl.org/int/dim/arcrole/all" xlink:from="DetailsOnReportingPeriodAbstract" xlink:to="DetailsOnReportingPeriodHypercube" xlink:title="definition: DetailsOnReportingPeriodAbstract to DetailsOnReportingPeriodHypercube" order="1.0" xbrldt:targetRole="http://xbrl.dcca.dk/role/000.06/Hypercube/GeneralAndSubmissionData/DetailsOnReportingPeriod" xbrldt:contextElement="scenario"/>
    <link:loc xlink:type="locator" xlink:href="../../gsd-cor-2014-12-20.xsd#gsd_ReportingPeriodEndDate" xlink:label="ReportingPeriodEndDate" xlink:title="ReportingPeriodEndDate"/>
    <link:definitionArc xlink:type="arc" xlink:arcrole="http://xbrl.org/int/dim/arcrole/domain-member" xlink:from="DetailsOnReportingPeriodAbstract" xlink:to="ReportingPeriodEndDate" xlink:title="definition: DetailsOnReportingPeriodAbstract to ReportingPeriodEndDate" order="4.0"/>
    <link:loc xlink:type="locator" xlink:href="../../gsd-cor-2014-12-20.xsd#gsd_PrecedingReportingPeriodStartDate" xlink:label="PrecedingReportingPeriodStartDate" xlink:title="PrecedingReportingPeriodStartDate"/>
    <link:definitionArc xlink:type="arc" xlink:arcrole="http://xbrl.org/int/dim/arcrole/domain-member" xlink:from="DetailsOnReportingPeriodAbstract" xlink:to="PrecedingReportingPeriodStartDate" xlink:title="definition: DetailsOnReportingPeriodAbstract to PrecedingReportingPeriodStartDate" order="5.0"/>
    <link:loc xlink:type="locator" xlink:href="../../gsd-cor-2014-12-20.xsd#gsd_PredingReportingPeriodEndDate" xlink:label="PredingReportingPeriodEndDate" xlink:title="PredingReportingPeriodEndDate"/>
    <link:definitionArc xlink:type="arc" xlink:arcrole="http://xbrl.org/int/dim/arcrole/domain-member" xlink:from="DetailsOnReportingPeriodAbstract" xlink:to="PredingReportingPeriodEndDate" xlink:title="definition: DetailsOnReportingPeriodAbstract to PredingReportingPeriodEndDate" order="6.0"/>
  </link:definitionLink>
  <link:definitionLink xlink:type="extended" xlink:role="http://xbrl.dcca.dk/role/000.05/Hypercube/GeneralAndSubmissionData/DetailsOnSecondaryNameOfReportingEntity">
    <link:loc xlink:type="locator" xlink:href="../../gsd-cor-2014-12-20.xsd#gsd_DetailsOnSecondaryNameOfReportingEntityHypercube" xlink:label="DetailsOnSecondaryNameOfReportingEntityHypercube" xlink:title="DetailsOnSecondaryNameOfReportingEntityHypercube"/>
    <link:loc xlink:type="locator" xlink:href="../../../cmn.xsd#cmn_IdentificationOfReportingEntitySecondaryNameAxis" xlink:label="IdentificationOfReportingEntitySecondaryNameAxis" xlink:title="IdentificationOfReportingEntitySecondaryNameAxis"/>
    <link:definitionArc xlink:type="arc" xlink:arcrole="http://xbrl.org/int/dim/arcrole/hypercube-dimension" xlink:from="DetailsOnSecondaryNameOfReportingEntityHypercube" xlink:to="IdentificationOfReportingEntitySecondaryNameAxis" xlink:title="definition: DetailsOnSecondaryNameOfReportingEntityHypercube to IdentificationOfReportingEntitySecondaryNameAxis" order="10.0"/>
    <link:loc xlink:type="locator" xlink:href="../../../../full_ifrs-cor_2014-03-05.xsd#ifrs-full_ConsolidatedAndSeparateFinancialStatementsAxis" xlink:label="ConsolidatedAndSeparateFinancialStatementsAxis" xlink:title="ConsolidatedAndSeparateFinancialStatementsAxis"/>
    <link:definitionArc xlink:type="arc" xlink:arcrole="http://xbrl.org/int/dim/arcrole/hypercube-dimension" xlink:from="DetailsOnSecondaryNameOfReportingEntityHypercube" xlink:to="ConsolidatedAndSeparateFinancialStatementsAxis" xlink:title="definition: DetailsOnSecondaryNameOfReportingEntityHypercube to ConsolidatedAndSeparateFinancialStatementsAxis" order="20.0" xbrldt:targetRole="http://xbrl.ifrs.org/role/ifrs/ifrs-dim_role-913000"/>
  </link:definitionLink>
  <link:definitionLink xlink:type="extended" xlink:role="http://xbrl.dcca.dk/role/000.01/Hypercube/GeneralAndSubmissionData/DetailsOnMembersOfExecutiveBoard">
    <link:loc xlink:type="locator" xlink:href="../../gsd-cor-2014-12-20.xsd#gsd_DetailsOnMembersOfExecutiveBoardHypercube" xlink:label="DetailsOnMembersOfExecutiveBoardHypercube"/>
    <link:loc xlink:type="locator" xlink:href="../../../cmn.xsd#cmn_IdentificationOfMemberOfExecutiveBoardAxis" xlink:label="IdentificationOfMemberOfExecutiveBoardAxis"/>
    <link:definitionArc xlink:type="arc" xlink:arcrole="http://xbrl.org/int/dim/arcrole/hypercube-dimension" xlink:from="DetailsOnMembersOfExecutiveBoardHypercube" xlink:to="IdentificationOfMemberOfExecutiveBoardAxis" order="1.0"/>
    <link:loc xlink:type="locator" xlink:href="../../../../full_ifrs-cor_2014-03-05.xsd#ifrs-full_ConsolidatedAndSeparateFinancialStatementsAxis" xlink:label="ConsolidatedAndSeparateFinancialStatementsAxis"/>
    <link:definitionArc xlink:type="arc" xlink:arcrole="http://xbrl.org/int/dim/arcrole/hypercube-dimension" xlink:from="DetailsOnMembersOfExecutiveBoardHypercube" xlink:to="ConsolidatedAndSeparateFinancialStatementsAxis" order="2.0" xbrldt:targetRole="http://xbrl.ifrs.org/role/ifrs/ifrs-dim_role-913000"/>
  </link:definitionLink>
  <link:definitionLink xlink:type="extended" xlink:role="http://xbrl.dcca.dk/role/000.02/Hypercube/GeneralAndSubmissionData/DetailsOnMembersOfSupervisoryBoard">
    <link:loc xlink:type="locator" xlink:href="../../gsd-cor-2014-12-20.xsd#gsd_DetailsOnMembersOfSupervisoryBoardHypercube" xlink:label="DetailsOnMembersOfSupervisoryBoardHypercube"/>
    <link:loc xlink:type="locator" xlink:href="../../../cmn.xsd#cmn_IdentificationOfMemberOfSupervisoryBoardAxis" xlink:label="IdentificationOfMemberOfSupervisoryBoardAxis"/>
    <link:definitionArc xlink:type="arc" xlink:arcrole="http://xbrl.org/int/dim/arcrole/hypercube-dimension" xlink:from="DetailsOnMembersOfSupervisoryBoardHypercube" xlink:to="IdentificationOfMemberOfSupervisoryBoardAxis" order="1.0"/>
    <link:loc xlink:type="locator" xlink:href="../../../../full_ifrs-cor_2014-03-05.xsd#ifrs-full_ConsolidatedAndSeparateFinancialStatementsAxis" xlink:label="ConsolidatedAndSeparateFinancialStatementsAxis"/>
    <link:definitionArc xlink:type="arc" xlink:arcrole="http://xbrl.org/int/dim/arcrole/hypercube-dimension" xlink:from="DetailsOnMembersOfSupervisoryBoardHypercube" xlink:to="ConsolidatedAndSeparateFinancialStatementsAxis" order="2.0" xbrldt:targetRole="http://xbrl.ifrs.org/role/ifrs/ifrs-dim_role-913000"/>
  </link:definitionLink>
  <link:definitionLink xlink:type="extended" xlink:role="http://xbrl.dcca.dk/role/000.03/Hypercube/GeneralAndSubmissionData/DetailsOnAuditorPerformingAuditOfFinancialStatements">
    <link:loc xlink:type="locator" xlink:href="../../gsd-cor-2014-12-20.xsd#gsd_DetailsOnAuditorHypercube" xlink:label="DetailsOnAuditorHypercube" xlink:title="DetailsOnAuditorHypercube"/>
    <link:loc xlink:type="locator" xlink:href="../../../cmn.xsd#cmn_IdentificationOfAuditorDimension" xlink:label="IdentificationOfAuditorDimension" xlink:title="IdentificationOfAuditorDimension"/>
    <link:definitionArc xlink:type="arc" xlink:arcrole="http://xbrl.org/int/dim/arcrole/hypercube-dimension" xlink:from="DetailsOnAuditorHypercube" xlink:to="IdentificationOfAuditorDimension" xlink:title="definition: DetailsOnAuditorHypercube to IdentificationOfAuditorDimension" order="1.0"/>
    <link:loc xlink:type="locator" xlink:href="../../../../full_ifrs-cor_2014-03-05.xsd#ifrs-full_ConsolidatedAndSeparateFinancialStatementsAxis" xlink:label="ConsolidatedAndSeparateFinancialStatementsAxis"/>
    <link:definitionArc xlink:type="arc" xlink:arcrole="http://xbrl.org/int/dim/arcrole/hypercube-dimension" xlink:from="DetailsOnAuditorHypercube" xlink:to="ConsolidatedAndSeparateFinancialStatementsAxis" xlink:title="definition: DetailsOnAuditorHypercube to ConsolidatedAndSeparateFinancialStatementsAxis" order="2.0" xbrldt:targetRole="http://xbrl.ifrs.org/role/ifrs/ifrs-dim_role-913000"/>
  </link:definitionLink>
  <link:definitionLink xlink:type="extended" xlink:role="http://xbrl.dcca.dk/role/000.04/Hypercube/GeneralAndSubmissionData/DetailsOnLiquidator">
    <link:loc xlink:type="locator" xlink:href="../../gsd-cor-2014-12-20.xsd#gsd_DetailsOnLiquidatorHypercube" xlink:label="DetailsOnLiquidatorHypercube" xlink:title="DetailsOnLiquidatorHypercube"/>
    <link:loc xlink:type="locator" xlink:href="../../../cmn.xsd#cmn_IdentificationOfLiquidatorDimension" xlink:label="IdentificationOfLiquidatorDimension" xlink:title="IdentificationOfLiquidatorDimension"/>
    <link:definitionArc xlink:type="arc" xlink:arcrole="http://xbrl.org/int/dim/arcrole/hypercube-dimension" xlink:from="DetailsOnLiquidatorHypercube" xlink:to="IdentificationOfLiquidatorDimension" xlink:title="definition: DetailsOnLiquidatorHypercube to IdentificationOfLiquidatorDimension" order="1.0"/>
    <link:loc xlink:type="locator" xlink:href="../../../../full_ifrs-cor_2014-03-05.xsd#ifrs-full_ConsolidatedAndSeparateFinancialStatementsAxis" xlink:label="ConsolidatedAndSeparateFinancialStatementsAxis" xlink:title="ConsolidatedAndSeparateFinancialStatementsAxis"/>
    <link:definitionArc xlink:type="arc" xlink:arcrole="http://xbrl.org/int/dim/arcrole/hypercube-dimension" xlink:from="DetailsOnLiquidatorHypercube" xlink:to="ConsolidatedAndSeparateFinancialStatementsAxis" xlink:title="definition: DetailsOnLiquidatorHypercube to ConsolidatedAndSeparateFinancialStatementsAxis" order="2.0" xbrldt:targetRole="http://xbrl.ifrs.org/role/ifrs/ifrs-dim_role-913000"/>
  </link:definitionLink>
  <link:definitionLink xlink:type="extended" xlink:role="http://xbrl.dcca.dk/role/000.06/Hypercube/GeneralAndSubmissionData/DetailsOnReportingPeriod">
    <link:loc xlink:type="locator" xlink:href="../../gsd-cor-2014-12-20.xsd#gsd_DetailsOnReportingPeriodHypercube" xlink:label="DetailsOnReportingPeriodHypercube" xlink:title="DetailsOnReportingPeriodHypercube"/>
    <link:loc xlink:type="locator" xlink:href="../../gsd-cor-2014-12-20.xsd#gsd_TypeOfReportingPeriodDimension" xlink:label="TypeOfReportingPeriodDimension" xlink:title="TypeOfReportingPeriodDimension"/>
    <link:definitionArc xlink:type="arc" xlink:arcrole="http://xbrl.org/int/dim/arcrole/hypercube-dimension" xlink:from="DetailsOnReportingPeriodHypercube" xlink:to="TypeOfReportingPeriodDimension" xlink:title="definition: DetailsOnReportingPeriodHypercube to TypeOfReportingPeriodDimension" order="1.0" xbrldt:targetRole="http://xbrl.dcca.dk/role/917.01/DimensionTypeOfReportingPeriod"/>
    <link:loc xlink:type="locator" xlink:href="../../../../full_ifrs-cor_2014-03-05.xsd#ifrs-full_ConsolidatedAndSeparateFinancialStatementsAxis" xlink:label="ConsolidatedAndSeparateFinancialStatementsAxis" xlink:title="ConsolidatedAndSeparateFinancialStatementsAxis"/>
    <link:definitionArc xlink:type="arc" xlink:arcrole="http://xbrl.org/int/dim/arcrole/hypercube-dimension" xlink:from="DetailsOnReportingPeriodHypercube" xlink:to="ConsolidatedAndSeparateFinancialStatementsAxis" xlink:title="definition: DetailsOnReportingPeriodHypercube to ConsolidatedAndSeparateFinancialStatementsAxis" order="2.0" xbrldt:targetRole="http://xbrl.ifrs.org/role/ifrs/ifrs-dim_role-913000"/>
  </link:definitionLink>
  <link:definitionLink xlink:type="extended" xlink:role="http://xbrl.dcca.dk/role/917.01/DimensionTypeOfReportingPeriod">
    <link:loc xlink:type="locator" xlink:href="../../gsd-cor-2014-12-20.xsd#gsd_TypeOfReportingPeriodDimension" xlink:label="TypeOfReportingPeriodDimension" xlink:title="TypeOfReportingPeriodDimension"/>
    <link:loc xlink:type="locator" xlink:href="../../gsd-cor-2014-12-20.xsd#gsd_AllReportingPeriodsMember" xlink:label="AllReportingPeriodsMember" xlink:title="AllReportingPeriodsMember"/>
    <link:definitionArc xlink:type="arc" xlink:arcrole="http://xbrl.org/int/dim/arcrole/dimension-domain" xlink:from="TypeOfReportingPeriodDimension" xlink:to="AllReportingPeriodsMember" xlink:title="definition: TypeOfReportingPeriodDimension to AllReportingPeriodsMember" order="1.0"/>
    <link:loc xlink:type="locator" xlink:href="../../gsd-cor-2014-12-20.xsd#gsd_RegisteredReportingPeriodDeviatingFromReportedReportingPeriodDueArbitraryDatesMember" xlink:label="RegisteredReportingPeriodDeviatingFromReportedReportingPeriodDueArbitraryDatesMember" xlink:title="RegisteredReportingPeriodDeviatingFromReportedReportingPeriodDueArbitraryDatesMember"/>
    <link:definitionArc xlink:type="arc" xlink:arcrole="http://xbrl.org/int/dim/arcrole/dimension-domain" xlink:from="TypeOfReportingPeriodDimension" xlink:to="RegisteredReportingPeriodDeviatingFromReportedReportingPeriodDueArbitraryDatesMember" xlink:title="definition: TypeOfReportingPeriodDimension to RegisteredReportingPeriodDeviatingFromReportedReportingPeriodDueArbitraryDatesMember" order="2.0"/>
  </link:definitionLink>
  <link:definitionLink xlink:type="extended" xlink:role="http://xbrl.dcca.dk/role/000.00/GeneralAndSubmissionData">
    <link:loc xlink:type="locator" xlink:href="../../gsd-cor-2014-12-20.xsd#gsd_InformationOnSubmissionReportAndReportingEntityAbstract" xlink:label="InformationOnSubmissionReportAndReportingEntityAbstract"/>
    <link:loc xlink:type="locator" xlink:href="../../gsd-cor-2014-12-20.xsd#gsd_InformationOnTypeOfSubmittedReport" xlink:label="InformationOnTypeOfSubmittedReport"/>
    <link:definitionArc xlink:type="arc" xlink:arcrole="http://xbrl.org/int/dim/arcrole/domain-member" xlink:from="InformationOnSubmissionReportAndReportingEntityAbstract" xlink:to="InformationOnTypeOfSubmittedReport" order="1.0"/>
    <link:loc xlink:type="locator" xlink:href="../../gsd-cor-2014-12-20.xsd#gsd_InformationOnEnterpriseSubmittingReportAbstract" xlink:label="InformationOnEnterpriseSubmittingReportAbstract"/>
    <link:definitionArc xlink:type="arc" xlink:arcrole="http://xbrl.org/int/dim/arcrole/domain-member" xlink:from="InformationOnSubmissionReportAndReportingEntityAbstract" xlink:to="InformationOnEnterpriseSubmittingReportAbstract" order="2.0"/>
    <link:loc xlink:type="locator" xlink:href="../../gsd-cor-2014-12-20.xsd#gsd_IdentificationNumberCvrOfSubmittingEnterprise" xlink:label="IdentificationNumberCvrOfSubmittingEnterprise"/>
    <link:definitionArc xlink:type="arc" xlink:arcrole="http://xbrl.org/int/dim/arcrole/domain-member" xlink:from="InformationOnEnterpriseSubmittingReportAbstract" xlink:to="IdentificationNumberCvrOfSubmittingEnterprise" order="1.0"/>
    <link:loc xlink:type="locator" xlink:href="../../gsd-cor-2014-12-20.xsd#gsd_NameOfSubmittingEnterprise" xlink:label="NameOfSubmittingEnterprise"/>
    <link:definitionArc xlink:type="arc" xlink:arcrole="http://xbrl.org/int/dim/arcrole/domain-member" xlink:from="InformationOnEnterpriseSubmittingReportAbstract" xlink:to="NameOfSubmittingEnterprise" order="2.0"/>
    <link:loc xlink:type="locator" xlink:href="../../gsd-cor-2014-12-20.xsd#gsd_AddressOfSubmittingEnterpriseStreetAndNumber" xlink:label="AddressOfSubmittingEnterpriseStreetAndNumber"/>
    <link:definitionArc xlink:type="arc" xlink:arcrole="http://xbrl.org/int/dim/arcrole/domain-member" xlink:from="InformationOnEnterpriseSubmittingReportAbstract" xlink:to="AddressOfSubmittingEnterpriseStreetAndNumber" order="3.0"/>
    <link:loc xlink:type="locator" xlink:href="../../gsd-cor-2014-12-20.xsd#gsd_AddressOfSubmittingEnterprisePostcodeAndTown" xlink:label="AddressOfSubmittingEnterprisePostcodeAndTown"/>
    <link:definitionArc xlink:type="arc" xlink:arcrole="http://xbrl.org/int/dim/arcrole/domain-member" xlink:from="InformationOnEnterpriseSubmittingReportAbstract" xlink:to="AddressOfSubmittingEnterprisePostcodeAndTown" order="4.0"/>
    <link:loc xlink:type="locator" xlink:href="../../gsd-cor-2014-12-20.xsd#gsd_DateOfApprovalOfReport" xlink:label="DateOfApprovalOfReport"/>
    <link:definitionArc xlink:type="arc" xlink:arcrole="http://xbrl.org/int/dim/arcrole/domain-member" xlink:from="InformationOnSubmissionReportAndReportingEntityAbstract" xlink:to="DateOfApprovalOfReport" order="5.0"/>
    <link:loc xlink:type="locator" xlink:href="../../gsd-cor-2014-12-20.xsd#gsd_InformationOnReportingEntityAbstract" xlink:label="InformationOnReportingEntityAbstract"/>
    <link:definitionArc xlink:type="arc" xlink:arcrole="http://xbrl.org/int/dim/arcrole/domain-member" xlink:from="InformationOnSubmissionReportAndReportingEntityAbstract" xlink:to="InformationOnReportingEntityAbstract" order="6.0"/>
    <link:loc xlink:type="locator" xlink:href="../../gsd-cor-2014-12-20.xsd#gsd_IdentificationNumberCvrOfReportingEntity" xlink:label="IdentificationNumberCvrOfReportingEntity"/>
    <link:definitionArc xlink:type="arc" xlink:arcrole="http://xbrl.org/int/dim/arcrole/domain-member" xlink:from="InformationOnReportingEntityAbstract" xlink:to="IdentificationNumberCvrOfReportingEntity" order="1.0"/>
    <link:loc xlink:type="locator" xlink:href="../../gsd-cor-2014-12-20.xsd#gsd_NameOfReportingEntity" xlink:label="NameOfReportingEntity"/>
    <link:definitionArc xlink:type="arc" xlink:arcrole="http://xbrl.org/int/dim/arcrole/domain-member" xlink:from="InformationOnReportingEntityAbstract" xlink:to="NameOfReportingEntity" order="2.0"/>
    <link:loc xlink:type="locator" xlink:href="../../gsd-cor-2014-12-20.xsd#gsd_DateOfFoundationOfReportingEntity" xlink:label="DateOfFoundationOfReportingEntity"/>
    <link:definitionArc xlink:type="arc" xlink:arcrole="http://xbrl.org/int/dim/arcrole/domain-member" xlink:from="InformationOnReportingEntityAbstract" xlink:to="DateOfFoundationOfReportingEntity" order="5.0"/>
    <link:loc xlink:type="locator" xlink:href="../../gsd-cor-2014-12-20.xsd#gsd_RegisteredOfficeOfReportingEntity" xlink:label="RegisteredOfficeOfReportingEntity"/>
    <link:definitionArc xlink:type="arc" xlink:arcrole="http://xbrl.org/int/dim/arcrole/domain-member" xlink:from="InformationOnReportingEntityAbstract" xlink:to="RegisteredOfficeOfReportingEntity" order="6.0"/>
    <link:loc xlink:type="locator" xlink:href="../../gsd-cor-2014-12-20.xsd#gsd_TelephoneNumberOfReportingEntity" xlink:label="TelephoneNumberOfReportingEntity"/>
    <link:definitionArc xlink:type="arc" xlink:arcrole="http://xbrl.org/int/dim/arcrole/domain-member" xlink:from="InformationOnReportingEntityAbstract" xlink:to="TelephoneNumberOfReportingEntity" order="7.0"/>
    <link:loc xlink:type="locator" xlink:href="../../gsd-cor-2014-12-20.xsd#gsd_FaxNumberOfReportingEntity" xlink:label="FaxNumberOfReportingEntity"/>
    <link:definitionArc xlink:type="arc" xlink:arcrole="http://xbrl.org/int/dim/arcrole/domain-member" xlink:from="InformationOnReportingEntityAbstract" xlink:to="FaxNumberOfReportingEntity" order="8.0"/>
    <link:loc xlink:type="locator" xlink:href="../../gsd-cor-2014-12-20.xsd#gsd_HomepageOfReportingEntity" xlink:label="HomepageOfReportingEntity"/>
    <link:definitionArc xlink:type="arc" xlink:arcrole="http://xbrl.org/int/dim/arcrole/domain-member" xlink:from="InformationOnReportingEntityAbstract" xlink:to="HomepageOfReportingEntity" order="9.0"/>
    <link:loc xlink:type="locator" xlink:href="../../gsd-cor-2014-12-20.xsd#gsd_EmailOfReportingEntity" xlink:label="EmailOfReportingEntity"/>
    <link:definitionArc xlink:type="arc" xlink:arcrole="http://xbrl.org/int/dim/arcrole/domain-member" xlink:from="InformationOnReportingEntityAbstract" xlink:to="EmailOfReportingEntity" order="10.0"/>
    <link:loc xlink:type="locator" xlink:href="../../gsd-cor-2014-12-20.xsd#gsd_AddressOfReportingEntityAbstract" xlink:label="AddressOfReportingEntityAbstract" xlink:title="AddressOfReportingEntityAbstract"/>
    <link:definitionArc xlink:type="arc" xlink:arcrole="http://xbrl.org/int/dim/arcrole/domain-member" xlink:from="InformationOnReportingEntityAbstract" xlink:to="AddressOfReportingEntityAbstract" xlink:title="definition: InformationOnReportingEntityAbstract to AddressOfReportingEntityAbstract" order="3.0"/>
    <link:loc xlink:type="locator" xlink:href="../../gsd-cor-2014-12-20.xsd#gsd_AddressOfReportingEntityStreetName" xlink:label="AddressOfReportingEntityStreetName" xlink:title="AddressOfReportingEntityStreetName"/>
    <link:definitionArc xlink:type="arc" xlink:arcrole="http://xbrl.org/int/dim/arcrole/domain-member" xlink:from="AddressOfReportingEntityAbstract" xlink:to="AddressOfReportingEntityStreetName" xlink:title="definition: AddressOfReportingEntityAbstract to AddressOfReportingEntityStreetName" order="1.0"/>
    <link:loc xlink:type="locator" xlink:href="../../gsd-cor-2014-12-20.xsd#gsd_AddressOfReportingEntityStreetBuildingIdentifier" xlink:label="AddressOfReportingEntityStreetBuildingIdentifier" xlink:title="AddressOfReportingEntityStreetBuildingIdentifier"/>
    <link:definitionArc xlink:type="arc" xlink:arcrole="http://xbrl.org/int/dim/arcrole/domain-member" xlink:from="AddressOfReportingEntityAbstract" xlink:to="AddressOfReportingEntityStreetBuildingIdentifier" xlink:title="definition: AddressOfReportingEntityAbstract to AddressOfReportingEntityStreetBuildingIdentifier" order="2.0"/>
    <link:loc xlink:type="locator" xlink:href="../../gsd-cor-2014-12-20.xsd#gsd_AddressOfReportingEntityPostCodeIdentifier" xlink:label="AddressOfReportingEntityPostCodeIdentifier" xlink:title="AddressOfReportingEntityPostCodeIdentifier"/>
    <link:definitionArc xlink:type="arc" xlink:arcrole="http://xbrl.org/int/dim/arcrole/domain-member" xlink:from="AddressOfReportingEntityAbstract" xlink:to="AddressOfReportingEntityPostCodeIdentifier" xlink:title="definition: AddressOfReportingEntityAbstract to AddressOfReportingEntityPostCodeIdentifier" order="3.0"/>
    <link:loc xlink:type="locator" xlink:href="../../gsd-cor-2014-12-20.xsd#gsd_AddressOfReportingEntityDistrictName" xlink:label="AddressOfReportingEntityDistrictName" xlink:title="AddressOfReportingEntityDistrictName"/>
    <link:definitionArc xlink:type="arc" xlink:arcrole="http://xbrl.org/int/dim/arcrole/domain-member" xlink:from="AddressOfReportingEntityAbstract" xlink:to="AddressOfReportingEntityDistrictName" xlink:title="definition: AddressOfReportingEntityAbstract to AddressOfReportingEntityDistrictName" order="4.0"/>
    <link:loc xlink:type="locator" xlink:href="../../gsd-cor-2014-12-20.xsd#gsd_AddressOfReportingEntityCountryIdentificationCode" xlink:label="AddressOfReportingEntityCountryIdentificationCode" xlink:title="AddressOfReportingEntityCountryIdentificationCode"/>
    <link:definitionArc xlink:type="arc" xlink:arcrole="http://xbrl.org/int/dim/arcrole/domain-member" xlink:from="AddressOfReportingEntityAbstract" xlink:to="AddressOfReportingEntityCountryIdentificationCode" xlink:title="definition: AddressOfReportingEntityAbstract to AddressOfReportingEntityCountryIdentificationCode" order="5.0"/>
    <link:loc xlink:type="locator" xlink:href="../../gsd-cor-2014-12-20.xsd#gsd_AddressOfReportingEntityCountry" xlink:label="AddressOfReportingEntityCountry" xlink:title="AddressOfReportingEntityCountry"/>
    <link:definitionArc xlink:type="arc" xlink:arcrole="http://xbrl.org/int/dim/arcrole/domain-member" xlink:from="AddressOfReportingEntityAbstract" xlink:to="AddressOfReportingEntityCountry" xlink:title="definition: AddressOfReportingEntityAbstract to AddressOfReportingEntityCountry" order="6.0"/>
    <link:loc xlink:type="locator" xlink:href="../../gsd-cor-2014-12-20.xsd#gsd_DetailsOnSecondaryNameOfReportingEntityAbstract" xlink:label="DetailsOnSecondaryNameOfReportingEntityAbstract" xlink:title="DetailsOnSecondaryNameOfReportingEntityAbstract"/>
    <link:definitionArc xlink:type="arc" xlink:arcrole="http://xbrl.org/int/dim/arcrole/domain-member" xlink:from="InformationOnReportingEntityAbstract" xlink:to="DetailsOnSecondaryNameOfReportingEntityAbstract" xlink:title="definition: InformationOnReportingEntityAbstract to DetailsOnSecondaryNameOfReportingEntityAbstract" order="2.5" xbrldt:targetRole="http://xbrl.dcca.dk/role/000.00/GeneralAndSubmissionData/Details"/>
    <link:loc xlink:type="locator" xlink:href="../../gsd-cor-2014-12-20.xsd#gsd_IdentificationNumberGreenlandRegnrOfReportingEntity" xlink:label="IdentificationNumberGreenlandRegnrOfReportingEntity" xlink:title="IdentificationNumberGreenlandRegnrOfReportingEntity"/>
    <link:definitionArc xlink:type="arc" xlink:arcrole="http://xbrl.org/int/dim/arcrole/domain-member" xlink:from="InformationOnReportingEntityAbstract" xlink:to="IdentificationNumberGreenlandRegnrOfReportingEntity" xlink:title="definition: InformationOnReportingEntityAbstract to IdentificationNumberGreenlandRegnrOfReportingEntity" order="11.0"/>
    <link:loc xlink:type="locator" xlink:href="../../gsd-cor-2014-12-20.xsd#gsd_InformationOnMainFinancialInstitutionThatRunsAccountsOfReportingEntityAbstract" xlink:label="InformationOnMainFinancialInstitutionThatRunsAccountsOfReportingEntityAbstract"/>
    <link:definitionArc xlink:type="arc" xlink:arcrole="http://xbrl.org/int/dim/arcrole/domain-member" xlink:from="InformationOnSubmissionReportAndReportingEntityAbstract" xlink:to="InformationOnMainFinancialInstitutionThatRunsAccountsOfReportingEntityAbstract" order="7.0"/>
    <link:loc xlink:type="locator" xlink:href="../../gsd-cor-2014-12-20.xsd#gsd_NameOfFinancialInstitution" xlink:label="NameOfFinancialInstitution"/>
    <link:definitionArc xlink:type="arc" xlink:arcrole="http://xbrl.org/int/dim/arcrole/domain-member" xlink:from="InformationOnMainFinancialInstitutionThatRunsAccountsOfReportingEntityAbstract" xlink:to="NameOfFinancialInstitution" order="2.0"/>
    <link:loc xlink:type="locator" xlink:href="../../gsd-cor-2014-12-20.xsd#gsd_IdentificationNumberCvrOfFinancialInstitution" xlink:label="IdentificationNumberCvrOfFinancialInstitution"/>
    <link:definitionArc xlink:type="arc" xlink:arcrole="http://xbrl.org/int/dim/arcrole/domain-member" xlink:from="InformationOnMainFinancialInstitutionThatRunsAccountsOfReportingEntityAbstract" xlink:to="IdentificationNumberCvrOfFinancialInstitution" order="1.0"/>
    <link:loc xlink:type="locator" xlink:href="../../gsd-cor-2014-12-20.xsd#gsd_AddressOfFinancialInstitutionAbstract" xlink:label="AddressOfFinancialInstitutionAbstract" xlink:title="AddressOfFinancialInstitutionAbstract"/>
    <link:definitionArc xlink:type="arc" xlink:arcrole="http://xbrl.org/int/dim/arcrole/domain-member" xlink:from="InformationOnMainFinancialInstitutionThatRunsAccountsOfReportingEntityAbstract" xlink:to="AddressOfFinancialInstitutionAbstract" xlink:title="definition: InformationOnMainFinancialInstitutionThatRunsAccountsOfReportingEntityAbstract to AddressOfFinancialInstitutionAbstract" order="5.0"/>
    <link:loc xlink:type="locator" xlink:href="../../gsd-cor-2014-12-20.xsd#gsd_AddressOfFinancialStreetName" xlink:label="AddressOfFinancialStreetName" xlink:title="AddressOfFinancialStreetName"/>
    <link:definitionArc xlink:type="arc" xlink:arcrole="http://xbrl.org/int/dim/arcrole/domain-member" xlink:from="AddressOfFinancialInstitutionAbstract" xlink:to="AddressOfFinancialStreetName" xlink:title="definition: AddressOfFinancialInstitutionAbstract to AddressOfFinancialStreetName" order="1.0"/>
    <link:loc xlink:type="locator" xlink:href="../../gsd-cor-2014-12-20.xsd#gsd_AddressOfFinancialStreetBuildingIdentifier" xlink:label="AddressOfFinancialStreetBuildingIdentifier" xlink:title="AddressOfFinancialStreetBuildingIdentifier"/>
    <link:definitionArc xlink:type="arc" xlink:arcrole="http://xbrl.org/int/dim/arcrole/domain-member" xlink:from="AddressOfFinancialInstitutionAbstract" xlink:to="AddressOfFinancialStreetBuildingIdentifier" xlink:title="definition: AddressOfFinancialInstitutionAbstract to AddressOfFinancialStreetBuildingIdentifier" order="2.0"/>
    <link:loc xlink:type="locator" xlink:href="../../gsd-cor-2014-12-20.xsd#gsd_AddressOfFinancialPostCodeIdentifier" xlink:label="AddressOfFinancialPostCodeIdentifier" xlink:title="AddressOfFinancialPostCodeIdentifier"/>
    <link:definitionArc xlink:type="arc" xlink:arcrole="http://xbrl.org/int/dim/arcrole/domain-member" xlink:from="AddressOfFinancialInstitutionAbstract" xlink:to="AddressOfFinancialPostCodeIdentifier" xlink:title="definition: AddressOfFinancialInstitutionAbstract to AddressOfFinancialPostCodeIdentifier" order="3.0"/>
    <link:loc xlink:type="locator" xlink:href="../../gsd-cor-2014-12-20.xsd#gsd_AddressOfFinancialDistrictName" xlink:label="AddressOfFinancialDistrictName" xlink:title="AddressOfFinancialDistrictName"/>
    <link:definitionArc xlink:type="arc" xlink:arcrole="http://xbrl.org/int/dim/arcrole/domain-member" xlink:from="AddressOfFinancialInstitutionAbstract" xlink:to="AddressOfFinancialDistrictName" xlink:title="definition: AddressOfFinancialInstitutionAbstract to AddressOfFinancialDistrictName" order="4.0"/>
    <link:loc xlink:type="locator" xlink:href="../../gsd-cor-2014-12-20.xsd#gsd_AddressOfFinancialCountryIdentificationCode" xlink:label="AddressOfFinancialCountryIdentificationCode" xlink:title="AddressOfFinancialCountryIdentificationCode"/>
    <link:definitionArc xlink:type="arc" xlink:arcrole="http://xbrl.org/int/dim/arcrole/domain-member" xlink:from="AddressOfFinancialInstitutionAbstract" xlink:to="AddressOfFinancialCountryIdentificationCode" xlink:title="definition: AddressOfFinancialInstitutionAbstract to AddressOfFinancialCountryIdentificationCode" order="5.0"/>
    <link:loc xlink:type="locator" xlink:href="../../gsd-cor-2014-12-20.xsd#gsd_AddressOfFinancialCountry" xlink:label="AddressOfFinancialCountry" xlink:title="AddressOfFinancialCountry"/>
    <link:definitionArc xlink:type="arc" xlink:arcrole="http://xbrl.org/int/dim/arcrole/domain-member" xlink:from="AddressOfFinancialInstitutionAbstract" xlink:to="AddressOfFinancialCountry" xlink:title="definition: AddressOfFinancialInstitutionAbstract to AddressOfFinancialCountry" order="6.0"/>
    <link:loc xlink:type="locator" xlink:href="../../gsd-cor-2014-12-20.xsd#gsd_InformationOnMainLawFirmRepresentingReportingEntityAbstract" xlink:label="InformationOnMainLawFirmRepresentingReportingEntityAbstract"/>
    <link:definitionArc xlink:type="arc" xlink:arcrole="http://xbrl.org/int/dim/arcrole/domain-member" xlink:from="InformationOnSubmissionReportAndReportingEntityAbstract" xlink:to="InformationOnMainLawFirmRepresentingReportingEntityAbstract" order="8.0"/>
    <link:loc xlink:type="locator" xlink:href="../../gsd-cor-2014-12-20.xsd#gsd_NameOfLawFirm" xlink:label="NameOfLawFirm"/>
    <link:definitionArc xlink:type="arc" xlink:arcrole="http://xbrl.org/int/dim/arcrole/domain-member" xlink:from="InformationOnMainLawFirmRepresentingReportingEntityAbstract" xlink:to="NameOfLawFirm" order="3.0"/>
    <link:loc xlink:type="locator" xlink:href="../../gsd-cor-2014-12-20.xsd#gsd_IdentificationNumberCvrOfLawFirm" xlink:label="IdentificationNumberCvrOfLawFirm"/>
    <link:definitionArc xlink:type="arc" xlink:arcrole="http://xbrl.org/int/dim/arcrole/domain-member" xlink:from="InformationOnMainLawFirmRepresentingReportingEntityAbstract" xlink:to="IdentificationNumberCvrOfLawFirm" order="1.0"/>
    <link:loc xlink:type="locator" xlink:href="../../gsd-cor-2014-12-20.xsd#gsd_IdentificationNumberPnrOfLawFirm" xlink:label="IdentificationNumberPnrOfLawFirm"/>
    <link:definitionArc xlink:type="arc" xlink:arcrole="http://xbrl.org/int/dim/arcrole/domain-member" xlink:from="InformationOnMainLawFirmRepresentingReportingEntityAbstract" xlink:to="IdentificationNumberPnrOfLawFirm" order="2.0"/>
    <link:loc xlink:type="locator" xlink:href="../../gsd-cor-2014-12-20.xsd#gsd_AddressOfLawFirmAbstract" xlink:label="AddressOfLawFirmAbstract" xlink:title="AddressOfLawFirmAbstract"/>
    <link:definitionArc xlink:type="arc" xlink:arcrole="http://xbrl.org/int/dim/arcrole/domain-member" xlink:from="InformationOnMainLawFirmRepresentingReportingEntityAbstract" xlink:to="AddressOfLawFirmAbstract" xlink:title="definition: InformationOnMainLawFirmRepresentingReportingEntityAbstract to AddressOfLawFirmAbstract" order="6.0"/>
    <link:loc xlink:type="locator" xlink:href="../../gsd-cor-2014-12-20.xsd#gsd_AddressOfLawFirmStreetName" xlink:label="AddressOfLawFirmStreetName" xlink:title="AddressOfLawFirmStreetName"/>
    <link:definitionArc xlink:type="arc" xlink:arcrole="http://xbrl.org/int/dim/arcrole/domain-member" xlink:from="AddressOfLawFirmAbstract" xlink:to="AddressOfLawFirmStreetName" xlink:title="definition: AddressOfLawFirmAbstract to AddressOfLawFirmStreetName" order="1.0"/>
    <link:loc xlink:type="locator" xlink:href="../../gsd-cor-2014-12-20.xsd#gsd_AddressOfLawFirmStreetBuildingIdentifier" xlink:label="AddressOfLawFirmStreetBuildingIdentifier" xlink:title="AddressOfLawFirmStreetBuildingIdentifier"/>
    <link:definitionArc xlink:type="arc" xlink:arcrole="http://xbrl.org/int/dim/arcrole/domain-member" xlink:from="AddressOfLawFirmAbstract" xlink:to="AddressOfLawFirmStreetBuildingIdentifier" xlink:title="definition: AddressOfLawFirmAbstract to AddressOfLawFirmStreetBuildingIdentifier" order="2.0"/>
    <link:loc xlink:type="locator" xlink:href="../../gsd-cor-2014-12-20.xsd#gsd_AddressOfLawFirmPostCodeIdentifier" xlink:label="AddressOfLawFirmPostCodeIdentifier" xlink:title="AddressOfLawFirmPostCodeIdentifier"/>
    <link:definitionArc xlink:type="arc" xlink:arcrole="http://xbrl.org/int/dim/arcrole/domain-member" xlink:from="AddressOfLawFirmAbstract" xlink:to="AddressOfLawFirmPostCodeIdentifier" xlink:title="definition: AddressOfLawFirmAbstract to AddressOfLawFirmPostCodeIdentifier" order="3.0"/>
    <link:loc xlink:type="locator" xlink:href="../../gsd-cor-2014-12-20.xsd#gsd_AddressOfLawFirmDistrictName" xlink:label="AddressOfLawFirmDistrictName" xlink:title="AddressOfLawFirmDistrictName"/>
    <link:definitionArc xlink:type="arc" xlink:arcrole="http://xbrl.org/int/dim/arcrole/domain-member" xlink:from="AddressOfLawFirmAbstract" xlink:to="AddressOfLawFirmDistrictName" xlink:title="definition: AddressOfLawFirmAbstract to AddressOfLawFirmDistrictName" order="4.0"/>
    <link:loc xlink:type="locator" xlink:href="../../gsd-cor-2014-12-20.xsd#gsd_AddressOfLawFirmCountryIdentificationCode" xlink:label="AddressOfLawFirmCountryIdentificationCode" xlink:title="AddressOfLawFirmCountryIdentificationCode"/>
    <link:definitionArc xlink:type="arc" xlink:arcrole="http://xbrl.org/int/dim/arcrole/domain-member" xlink:from="AddressOfLawFirmAbstract" xlink:to="AddressOfLawFirmCountryIdentificationCode" xlink:title="definition: AddressOfLawFirmAbstract to AddressOfLawFirmCountryIdentificationCode" order="5.0"/>
    <link:loc xlink:type="locator" xlink:href="../../gsd-cor-2014-12-20.xsd#gsd_AddressOfLawFirmCountry" xlink:label="AddressOfLawFirmCountry" xlink:title="AddressOfLawFirmCountry"/>
    <link:definitionArc xlink:type="arc" xlink:arcrole="http://xbrl.org/int/dim/arcrole/domain-member" xlink:from="AddressOfLawFirmAbstract" xlink:to="AddressOfLawFirmCountry" xlink:title="definition: AddressOfLawFirmAbstract to AddressOfLawFirmCountry" order="6.0"/>
    <link:loc xlink:type="locator" xlink:href="../../gsd-cor-2014-12-20.xsd#gsd_DateOfGeneralMeeting" xlink:label="DateOfGeneralMeeting"/>
    <link:definitionArc xlink:type="arc" xlink:arcrole="http://xbrl.org/int/dim/arcrole/domain-member" xlink:from="InformationOnSubmissionReportAndReportingEntityAbstract" xlink:to="DateOfGeneralMeeting" order="10.0"/>
    <link:loc xlink:type="locator" xlink:href="../../gsd-cor-2014-12-20.xsd#gsd_NameAndSurnameOfChairmanOfGeneralMeeting" xlink:label="NameAndSurnameOfChairmanOfGeneralMeeting"/>
    <link:definitionArc xlink:type="arc" xlink:arcrole="http://xbrl.org/int/dim/arcrole/domain-member" xlink:from="InformationOnSubmissionReportAndReportingEntityAbstract" xlink:to="NameAndSurnameOfChairmanOfGeneralMeeting" order="12.0"/>
    <link:loc xlink:type="locator" xlink:href="../../gsd-cor-2014-12-20.xsd#gsd_InformationOnMembersOfExecutiveBoardAbstract" xlink:label="InformationOnMembersOfExecutiveBoardAbstract"/>
    <link:definitionArc xlink:type="arc" xlink:arcrole="http://xbrl.org/int/dim/arcrole/domain-member" xlink:from="InformationOnSubmissionReportAndReportingEntityAbstract" xlink:to="InformationOnMembersOfExecutiveBoardAbstract" order="14.0"/>
    <link:loc xlink:type="locator" xlink:href="../../gsd-cor-2014-12-20.xsd#gsd_DetailsOnMembersOfExecutiveBoardAbstract" xlink:label="DetailsOnMembersOfExecutiveBoardAbstract"/>
    <link:definitionArc xlink:type="arc" xlink:arcrole="http://xbrl.org/int/dim/arcrole/domain-member" xlink:from="InformationOnMembersOfExecutiveBoardAbstract" xlink:to="DetailsOnMembersOfExecutiveBoardAbstract" order="1.0" xbrldt:targetRole="http://xbrl.dcca.dk/role/000.00/GeneralAndSubmissionData/Details"/>
    <link:loc xlink:type="locator" xlink:href="../../gsd-cor-2014-12-20.xsd#gsd_InformationOnMembersOfSupervisoryBoardAbstract" xlink:label="InformationOnMembersOfSupervisoryBoardAbstract"/>
    <link:definitionArc xlink:type="arc" xlink:arcrole="http://xbrl.org/int/dim/arcrole/domain-member" xlink:from="InformationOnSubmissionReportAndReportingEntityAbstract" xlink:to="InformationOnMembersOfSupervisoryBoardAbstract" order="15.0"/>
    <link:loc xlink:type="locator" xlink:href="../../gsd-cor-2014-12-20.xsd#gsd_DetailsOnMembersOfSupervisoryBoardAbstract" xlink:label="DetailsOnMembersOfSupervisoryBoardAbstract"/>
    <link:definitionArc xlink:type="arc" xlink:arcrole="http://xbrl.org/int/dim/arcrole/domain-member" xlink:from="InformationOnMembersOfSupervisoryBoardAbstract" xlink:to="DetailsOnMembersOfSupervisoryBoardAbstract" order="1.0" xbrldt:targetRole="http://xbrl.dcca.dk/role/000.00/GeneralAndSubmissionData/Details"/>
    <link:loc xlink:type="locator" xlink:href="../../../cmn.xsd#cmn_CommonTable" xlink:label="CommonTable"/>
    <link:definitionArc xlink:type="arc" xlink:arcrole="http://xbrl.org/int/dim/arcrole/all" xlink:from="InformationOnSubmissionReportAndReportingEntityAbstract" xlink:to="CommonTable" order="16.0" xbrldt:contextElement="scenario" xbrldt:closed="true"/>
    <link:loc xlink:type="locator" xlink:href="../../../../full_ifrs-cor_2014-03-05.xsd#ifrs-full_ConsolidatedAndSeparateFinancialStatementsAxis" xlink:label="ConsolidatedAndSeparateFinancialStatementsAxis"/>
    <link:definitionArc xlink:type="arc" xlink:arcrole="http://xbrl.org/int/dim/arcrole/hypercube-dimension" xlink:from="CommonTable" xlink:to="ConsolidatedAndSeparateFinancialStatementsAxis" order="1.0" xbrldt:targetRole="http://xbrl.ifrs.org/role/ifrs/ifrs-dim_role-913000"/>
    <link:loc xlink:type="locator" xlink:href="../../gsd-cor-2014-12-20.xsd#gsd_IdentificationNumberCprOfChairmanOfGeneralMeeting" xlink:label="IdentificationNumberCprOfChairmanOfGeneralMeeting"/>
    <link:definitionArc xlink:type="arc" xlink:arcrole="http://xbrl.org/int/dim/arcrole/domain-member" xlink:from="InformationOnSubmissionReportAndReportingEntityAbstract" xlink:to="IdentificationNumberCprOfChairmanOfGeneralMeeting" order="11.0"/>
    <link:loc xlink:type="locator" xlink:href="../../gsd-cor-2014-12-20.xsd#gsd_InformationOnAuditorAbstract" xlink:label="InformationOnAuditorAbstract" xlink:title="InformationOnAuditorAbstract"/>
    <link:definitionArc xlink:type="arc" xlink:arcrole="http://xbrl.org/int/dim/arcrole/domain-member" xlink:from="InformationOnSubmissionReportAndReportingEntityAbstract" xlink:to="InformationOnAuditorAbstract" xlink:title="definition: InformationOnSubmissionReportAndReportingEntityAbstract to InformationOnAuditorAbstract" order="9.0"/>
    <link:loc xlink:type="locator" xlink:href="../../gsd-cor-2014-12-20.xsd#gsd_DetailsOnAuditorAbstract" xlink:label="DetailsOnAuditorAbstract" xlink:title="DetailsOnAuditorAbstract"/>
    <link:definitionArc xlink:type="arc" xlink:arcrole="http://xbrl.org/int/dim/arcrole/domain-member" xlink:from="InformationOnAuditorAbstract" xlink:to="DetailsOnAuditorAbstract" xlink:title="definition: InformationOnAuditorAbstract to DetailsOnAuditorAbstract" order="1.0" xbrldt:targetRole="http://xbrl.dcca.dk/role/000.00/GeneralAndSubmissionData/Details"/>
    <link:loc xlink:type="locator" xlink:href="../../gsd-cor-2014-12-20.xsd#gsd_InformationOnLiquidatorAbstract" xlink:label="InformationOnLiquidatorAbstract" xlink:title="InformationOnLiquidatorAbstract"/>
    <link:definitionArc xlink:type="arc" xlink:arcrole="http://xbrl.org/int/dim/arcrole/domain-member" xlink:from="InformationOnSubmissionReportAndReportingEntityAbstract" xlink:to="InformationOnLiquidatorAbstract" xlink:title="definition: InformationOnSubmissionReportAndReportingEntityAbstract to InformationOnLiquidatorAbstract" order="13.0"/>
    <link:loc xlink:type="locator" xlink:href="../../gsd-cor-2014-12-20.xsd#gsd_DetailsOnLiquidatorAbstract" xlink:label="DetailsOnLiquidatorAbstract" xlink:title="DetailsOnLiquidatorAbstract"/>
    <link:definitionArc xlink:type="arc" xlink:arcrole="http://xbrl.org/int/dim/arcrole/domain-member" xlink:from="InformationOnLiquidatorAbstract" xlink:to="DetailsOnLiquidatorAbstract" xlink:title="definition: InformationOnLiquidatorAbstract to DetailsOnLiquidatorAbstract" order="1.0" xbrldt:targetRole="http://xbrl.dcca.dk/role/000.00/GeneralAndSubmissionData/Details"/>
    <link:loc xlink:type="locator" xlink:href="../../gsd-cor-2014-12-20.xsd#gsd_ReportingPeriodNumber" xlink:label="ReportingPeriodNumber" xlink:title="ReportingPeriodNumber"/>
    <link:definitionArc xlink:type="arc" xlink:arcrole="http://xbrl.org/int/dim/arcrole/domain-member" xlink:from="InformationOnSubmissionReportAndReportingEntityAbstract" xlink:to="ReportingPeriodNumber" xlink:title="definition: InformationOnSubmissionReportAndReportingEntityAbstract to ReportingPeriodNumber" order="4.5"/>
    <link:loc xlink:type="locator" xlink:href="../../gsd-cor-2014-12-20.xsd#gsd_InformationOnReportingPeriodAbstract" xlink:label="InformationOnReportingPeriodAbstract" xlink:title="InformationOnReportingPeriodAbstract"/>
    <link:definitionArc xlink:type="arc" xlink:arcrole="http://xbrl.org/int/dim/arcrole/domain-member" xlink:from="InformationOnSubmissionReportAndReportingEntityAbstract" xlink:to="InformationOnReportingPeriodAbstract" xlink:title="definition: InformationOnSubmissionReportAndReportingEntityAbstract to InformationOnReportingPeriodAbstract" order="3.0"/>
    <link:loc xlink:type="locator" xlink:href="../../gsd-cor-2014-12-20.xsd#gsd_DetailsOnReportingPeriodAbstract" xlink:label="DetailsOnReportingPeriodAbstract" xlink:title="DetailsOnReportingPeriodAbstract"/>
    <link:definitionArc xlink:type="arc" xlink:arcrole="http://xbrl.org/int/dim/arcrole/domain-member" xlink:from="InformationOnReportingPeriodAbstract" xlink:to="DetailsOnReportingPeriodAbstract" xlink:title="definition: InformationOnReportingPeriodAbstract to DetailsOnReportingPeriodAbstract" order="1.0" xbrldt:targetRole="http://xbrl.dcca.dk/role/000.00/GeneralAndSubmissionData/Details"/>
  </link:definitionLink>
</link:linkbase>
