<?xml version="1.0" encoding="UTF-8"?>
<!-- Generated by Fujitsu Interstage XWand B0209 -->
<!--Taxonomy: 2014-03-05 (Final release)
        ********************** 
        Copyright © 2014 International Financial Reporting Standards (IFRS) Foundation
        All rights reserved.  No part of this publication may be translated, reprinted or reproduced 
        or utilised in any form either in whole or in part without prior permission in writing from the IFRS Foundation.
        For more information on the IFRS Foundation's copyright, please refer to http://www.ifrs.org/XBRL/Legal/
        **********************
-->
<link:linkbase xmlns:xsi="http://www.w3.org/2001/XMLSchema-instance" xsi:schemaLocation="http://www.xbrl.org/2003/linkbase http://www.xbrl.org/2003/xbrl-linkbase-2003-12-31.xsd" xmlns:link="http://www.xbrl.org/2003/linkbase" xmlns:xbrldt="http://xbrl.org/2005/xbrldt" xmlns:xlink="http://www.w3.org/1999/xlink">
  <link:roleRef roleURI="http://xbrl.ifrs.org/role/ifrs/ifrs-dim_role-990000" xlink:type="simple" xlink:href="rol_full_ifrs-dim_2014-03-05.xsd#ifrs-dim_role-990000"/>
  <link:arcroleRef arcroleURI="http://xbrl.org/int/dim/arcrole/dimension-default" xlink:type="simple" xlink:href="http://www.xbrl.org/2005/xbrldt-2005.xsd#dimension-default"/>
  <link:definitionLink xlink:type="extended" xlink:role="http://xbrl.ifrs.org/role/ifrs/ifrs-dim_role-990000">
    <link:loc xlink:type="locator" xlink:href="../../full_ifrs-cor_2014-03-05.xsd#ifrs-full_ConsolidatedAndSeparateFinancialStatementsAxis" xlink:label="loc_8"/>
    <link:loc xlink:type="locator" xlink:href="../../full_ifrs-cor_2014-03-05.xsd#ifrs-full_ConsolidatedMember" xlink:label="loc_7"/>
    <link:definitionArc xlink:type="arc" xlink:arcrole="http://xbrl.org/int/dim/arcrole/dimension-default" xlink:from="loc_8" xlink:to="loc_7" order="10.0"/>
    <link:loc xlink:type="locator" xlink:href="../../full_ifrs-cor_2014-03-05.xsd#ifrs-full_ClassesOfOrdinarySharesAxis" xlink:label="loc_30"/>
    <link:loc xlink:type="locator" xlink:href="../../full_ifrs-cor_2014-03-05.xsd#ifrs-full_OrdinarySharesMember" xlink:label="loc_29"/>
    <link:definitionArc xlink:type="arc" xlink:arcrole="http://xbrl.org/int/dim/arcrole/dimension-default" xlink:from="loc_30" xlink:to="loc_29" order="10.0"/>
    <link:loc xlink:type="locator" xlink:href="../../full_ifrs-cor_2014-03-05.xsd#ifrs-full_ComponentsOfEquityAxis" xlink:label="loc_32"/>
    <link:loc xlink:type="locator" xlink:href="../../full_ifrs-cor_2014-03-05.xsd#ifrs-full_EquityMember" xlink:label="loc_31"/>
    <link:definitionArc xlink:type="arc" xlink:arcrole="http://xbrl.org/int/dim/arcrole/dimension-default" xlink:from="loc_32" xlink:to="loc_31" order="10.0"/>
    <link:loc xlink:type="locator" xlink:href="../../full_ifrs-cor_2014-03-05.xsd#ifrs-full_RetrospectiveApplicationAndRetrospectiveRestatementAxis" xlink:label="loc_33"/>
    <link:loc xlink:type="locator" xlink:href="../../full_ifrs-cor_2014-03-05.xsd#ifrs-full_RestatedMember" xlink:label="loc_1"/>
    <link:definitionArc xlink:type="arc" xlink:arcrole="http://xbrl.org/int/dim/arcrole/dimension-default" xlink:from="loc_33" xlink:to="loc_1" order="10.0"/>
    <link:loc xlink:type="locator" xlink:href="../../full_ifrs-cor_2014-03-05.xsd#ifrs-full_CapitalRequirementsAxis" xlink:label="loc_35"/>
    <link:loc xlink:type="locator" xlink:href="../../full_ifrs-cor_2014-03-05.xsd#ifrs-full_CapitalRequirementsMember" xlink:label="loc_34"/>
    <link:definitionArc xlink:type="arc" xlink:arcrole="http://xbrl.org/int/dim/arcrole/dimension-default" xlink:from="loc_35" xlink:to="loc_34" order="10.0"/>
    <link:loc xlink:type="locator" xlink:href="../../full_ifrs-cor_2014-03-05.xsd#ifrs-full_MaturityAxis" xlink:label="loc_20"/>
    <link:loc xlink:type="locator" xlink:href="../../full_ifrs-cor_2014-03-05.xsd#ifrs-full_AggregatedTimeBandsMember" xlink:label="loc_19"/>
    <link:definitionArc xlink:type="arc" xlink:arcrole="http://xbrl.org/int/dim/arcrole/dimension-default" xlink:from="loc_20" xlink:to="loc_19" order="10.0"/>
    <link:loc xlink:type="locator" xlink:href="../../full_ifrs-cor_2014-03-05.xsd#ifrs-full_ReclassifiedItemsAxis" xlink:label="loc_37"/>
    <link:loc xlink:type="locator" xlink:href="../../full_ifrs-cor_2014-03-05.xsd#ifrs-full_ReclassifiedItemsMember" xlink:label="loc_36"/>
    <link:definitionArc xlink:type="arc" xlink:arcrole="http://xbrl.org/int/dim/arcrole/dimension-default" xlink:from="loc_37" xlink:to="loc_36" order="10.0"/>
    <link:loc xlink:type="locator" xlink:href="../../full_ifrs-cor_2014-03-05.xsd#ifrs-full_AssetsAndLiabilitiesAxis" xlink:label="loc_39"/>
    <link:loc xlink:type="locator" xlink:href="../../full_ifrs-cor_2014-03-05.xsd#ifrs-full_AssetsAndLiabilitiesMember" xlink:label="loc_38"/>
    <link:definitionArc xlink:type="arc" xlink:arcrole="http://xbrl.org/int/dim/arcrole/dimension-default" xlink:from="loc_39" xlink:to="loc_38" order="10.0"/>
    <link:loc xlink:type="locator" xlink:href="../../full_ifrs-cor_2014-03-05.xsd#ifrs-full_NonadjustingEventsAfterReportingPeriodAxis" xlink:label="loc_10"/>
    <link:loc xlink:type="locator" xlink:href="../../full_ifrs-cor_2014-03-05.xsd#ifrs-full_NonadjustingEventsMember" xlink:label="loc_9"/>
    <link:definitionArc xlink:type="arc" xlink:arcrole="http://xbrl.org/int/dim/arcrole/dimension-default" xlink:from="loc_10" xlink:to="loc_9" order="10.0"/>
    <link:loc xlink:type="locator" xlink:href="../../full_ifrs-cor_2014-03-05.xsd#ifrs-full_BusinessCombinationsAxis" xlink:label="loc_91"/>
    <link:loc xlink:type="locator" xlink:href="../../full_ifrs-cor_2014-03-05.xsd#ifrs-full_EntitysTotalForBusinessCombinationsMember" xlink:label="loc_90"/>
    <link:definitionArc xlink:type="arc" xlink:arcrole="http://xbrl.org/int/dim/arcrole/dimension-default" xlink:from="loc_91" xlink:to="loc_90" order="10.0"/>
    <link:loc xlink:type="locator" xlink:href="../../full_ifrs-cor_2014-03-05.xsd#ifrs-full_TransactionsRecognisedSeparatelyFromAcquisitionOfAssetsAndAssumptionOfLiabilitiesInBusinessCombinationAxis" xlink:label="loc_93"/>
    <link:loc xlink:type="locator" xlink:href="../../full_ifrs-cor_2014-03-05.xsd#ifrs-full_TransactionsRecognisedSeparatelyFromAcquisitionOfAssetsAndAssumptionOfLiabilitiesInBusinessCombinationMember" xlink:label="loc_92"/>
    <link:definitionArc xlink:type="arc" xlink:arcrole="http://xbrl.org/int/dim/arcrole/dimension-default" xlink:from="loc_93" xlink:to="loc_92" order="10.0"/>
    <link:loc xlink:type="locator" xlink:href="../../full_ifrs-cor_2014-03-05.xsd#ifrs-full_ClassesOfAcquiredReceivablesAxis" xlink:label="loc_95"/>
    <link:loc xlink:type="locator" xlink:href="../../full_ifrs-cor_2014-03-05.xsd#ifrs-full_ClassesOfAcquiredReceivablesMember" xlink:label="loc_94"/>
    <link:definitionArc xlink:type="arc" xlink:arcrole="http://xbrl.org/int/dim/arcrole/dimension-default" xlink:from="loc_95" xlink:to="loc_94" order="10.0"/>
    <link:loc xlink:type="locator" xlink:href="../../full_ifrs-cor_2014-03-05.xsd#ifrs-full_ClassesOfContingentLiabilitiesAxis" xlink:label="loc_57"/>
    <link:loc xlink:type="locator" xlink:href="../../full_ifrs-cor_2014-03-05.xsd#ifrs-full_ContingentLiabilitiesMember" xlink:label="loc_56"/>
    <link:definitionArc xlink:type="arc" xlink:arcrole="http://xbrl.org/int/dim/arcrole/dimension-default" xlink:from="loc_57" xlink:to="loc_56" order="10.0"/>
    <link:loc xlink:type="locator" xlink:href="../../full_ifrs-cor_2014-03-05.xsd#ifrs-full_ItemsOfContingentLiabilitiesAxis" xlink:label="loc_97"/>
    <link:loc xlink:type="locator" xlink:href="../../full_ifrs-cor_2014-03-05.xsd#ifrs-full_ItemsOfContingentLiabilitiesMember" xlink:label="loc_96"/>
    <link:definitionArc xlink:type="arc" xlink:arcrole="http://xbrl.org/int/dim/arcrole/dimension-default" xlink:from="loc_97" xlink:to="loc_96" order="10.0"/>
    <link:loc xlink:type="locator" xlink:href="../../full_ifrs-cor_2014-03-05.xsd#ifrs-full_CarryingAmountAccumulatedDepreciationAmortisationAndImpairmentAndGrossCarryingAmountAxis" xlink:label="loc_16"/>
    <link:loc xlink:type="locator" xlink:href="../../full_ifrs-cor_2014-03-05.xsd#ifrs-full_CarryingAmountMember" xlink:label="loc_15"/>
    <link:definitionArc xlink:type="arc" xlink:arcrole="http://xbrl.org/int/dim/arcrole/dimension-default" xlink:from="loc_16" xlink:to="loc_15" order="10.0"/>
    <link:loc xlink:type="locator" xlink:href="../../full_ifrs-cor_2014-03-05.xsd#ifrs-full_CategoriesOfRelatedPartiesAxis" xlink:label="loc_127"/>
    <link:loc xlink:type="locator" xlink:href="../../full_ifrs-cor_2014-03-05.xsd#ifrs-full_EntitysTotalForRelatedPartiesMember" xlink:label="loc_126"/>
    <link:definitionArc xlink:type="arc" xlink:arcrole="http://xbrl.org/int/dim/arcrole/dimension-default" xlink:from="loc_127" xlink:to="loc_126" order="10.0"/>
    <link:loc xlink:type="locator" xlink:href="../../full_ifrs-cor_2014-03-05.xsd#ifrs-full_SeparateManagementEntitiesAxis" xlink:label="loc_184"/>
    <link:loc xlink:type="locator" xlink:href="../../full_ifrs-cor_2014-03-05.xsd#ifrs-full_SeparateManagementEntitiesMember" xlink:label="loc_185"/>
    <link:definitionArc xlink:type="arc" xlink:arcrole="http://xbrl.org/int/dim/arcrole/dimension-default" xlink:from="loc_184" xlink:to="loc_185" order="10.0"/>
    <link:loc xlink:type="locator" xlink:href="../../full_ifrs-cor_2014-03-05.xsd#ifrs-full_FinancialEffectOfTransitionFromPreviousGAAPToIFRSsAxis" xlink:label="loc_81"/>
    <link:loc xlink:type="locator" xlink:href="../../full_ifrs-cor_2014-03-05.xsd#ifrs-full_IFRSsMember" xlink:label="loc_80"/>
    <link:definitionArc xlink:type="arc" xlink:arcrole="http://xbrl.org/int/dim/arcrole/dimension-default" xlink:from="loc_81" xlink:to="loc_80" order="10.0"/>
    <link:loc xlink:type="locator" xlink:href="../../full_ifrs-cor_2014-03-05.xsd#ifrs-full_RedesignationAxis" xlink:label="loc_83"/>
    <link:loc xlink:type="locator" xlink:href="../../full_ifrs-cor_2014-03-05.xsd#ifrs-full_RedesignatedMember" xlink:label="loc_82"/>
    <link:definitionArc xlink:type="arc" xlink:arcrole="http://xbrl.org/int/dim/arcrole/dimension-default" xlink:from="loc_83" xlink:to="loc_82" order="10.0"/>
    <link:loc xlink:type="locator" xlink:href="../../full_ifrs-cor_2014-03-05.xsd#ifrs-full_FairValueAsDeemedCostAxis" xlink:label="loc_85"/>
    <link:loc xlink:type="locator" xlink:href="../../full_ifrs-cor_2014-03-05.xsd#ifrs-full_AggregateOfFairValuesMember" xlink:label="loc_84"/>
    <link:definitionArc xlink:type="arc" xlink:arcrole="http://xbrl.org/int/dim/arcrole/dimension-default" xlink:from="loc_85" xlink:to="loc_84" order="10.0"/>
    <link:loc xlink:type="locator" xlink:href="../../full_ifrs-cor_2014-03-05.xsd#ifrs-full_ClassesOfPropertyPlantAndEquipmentAxis" xlink:label="loc_14"/>
    <link:loc xlink:type="locator" xlink:href="../../full_ifrs-cor_2014-03-05.xsd#ifrs-full_PropertyPlantAndEquipmentMember" xlink:label="loc_13"/>
    <link:definitionArc xlink:type="arc" xlink:arcrole="http://xbrl.org/int/dim/arcrole/dimension-default" xlink:from="loc_14" xlink:to="loc_13" order="10.0"/>
    <link:loc xlink:type="locator" xlink:href="../../full_ifrs-cor_2014-03-05.xsd#ifrs-full_ClassesOfFinancialAssetsAxis" xlink:label="loc_99"/>
    <link:loc xlink:type="locator" xlink:href="../../full_ifrs-cor_2014-03-05.xsd#ifrs-full_FinancialAssetsMember" xlink:label="loc_98"/>
    <link:definitionArc xlink:type="arc" xlink:arcrole="http://xbrl.org/int/dim/arcrole/dimension-default" xlink:from="loc_99" xlink:to="loc_98" order="10.0"/>
    <link:loc xlink:type="locator" xlink:href="../../full_ifrs-cor_2014-03-05.xsd#ifrs-full_CategoriesOfFinancialAssetsAxis" xlink:label="loc_141"/>
    <link:loc xlink:type="locator" xlink:href="../../full_ifrs-cor_2014-03-05.xsd#ifrs-full_FinancialAssetsCategoryMember" xlink:label="loc_140"/>
    <link:definitionArc xlink:type="arc" xlink:arcrole="http://xbrl.org/int/dim/arcrole/dimension-default" xlink:from="loc_141" xlink:to="loc_140" order="10.0"/>
    <link:loc xlink:type="locator" xlink:href="../../full_ifrs-cor_2014-03-05.xsd#ifrs-full_ClassesOfFinancialLiabilitiesAxis" xlink:label="loc_111"/>
    <link:loc xlink:type="locator" xlink:href="../../full_ifrs-cor_2014-03-05.xsd#ifrs-full_FinancialLiabilitiesMember" xlink:label="loc_110"/>
    <link:definitionArc xlink:type="arc" xlink:arcrole="http://xbrl.org/int/dim/arcrole/dimension-default" xlink:from="loc_111" xlink:to="loc_110" order="10.0"/>
    <link:loc xlink:type="locator" xlink:href="../../full_ifrs-cor_2014-03-05.xsd#ifrs-full_CategoriesOfFinancialLiabilitiesAxis" xlink:label="loc_139"/>
    <link:loc xlink:type="locator" xlink:href="../../full_ifrs-cor_2014-03-05.xsd#ifrs-full_FinancialLiabilitiesCategoryMember" xlink:label="loc_138"/>
    <link:definitionArc xlink:type="arc" xlink:arcrole="http://xbrl.org/int/dim/arcrole/dimension-default" xlink:from="loc_139" xlink:to="loc_138" order="10.0"/>
    <link:loc xlink:type="locator" xlink:href="../../full_ifrs-cor_2014-03-05.xsd#ifrs-full_FinancialAssetsWhichDoNotQualifyForDerecognitionAxis" xlink:label="loc_105"/>
    <link:loc xlink:type="locator" xlink:href="../../full_ifrs-cor_2014-03-05.xsd#ifrs-full_FinancialAssetsWhichDoNotQualifyForDerecognitionMember" xlink:label="loc_104"/>
    <link:definitionArc xlink:type="arc" xlink:arcrole="http://xbrl.org/int/dim/arcrole/dimension-default" xlink:from="loc_105" xlink:to="loc_104" order="10.0"/>
    <link:loc xlink:type="locator" xlink:href="../../full_ifrs-cor_2014-03-05.xsd#ifrs-full_ClassesOfFinancialInstrumentsAxis" xlink:label="loc_113"/>
    <link:loc xlink:type="locator" xlink:href="../../full_ifrs-cor_2014-03-05.xsd#ifrs-full_ClassesOfFinancialInstrumentsMember" xlink:label="loc_112"/>
    <link:definitionArc xlink:type="arc" xlink:arcrole="http://xbrl.org/int/dim/arcrole/dimension-default" xlink:from="loc_113" xlink:to="loc_112" order="10.0"/>
    <link:loc xlink:type="locator" xlink:href="../../full_ifrs-cor_2014-03-05.xsd#ifrs-full_ImpairmentOfFinancialAssetsAxis" xlink:label="loc_143"/>
    <link:loc xlink:type="locator" xlink:href="../../full_ifrs-cor_2014-03-05.xsd#ifrs-full_EntitysTotalForImpairmentOfFinancialAssetsMember" xlink:label="loc_142"/>
    <link:definitionArc xlink:type="arc" xlink:arcrole="http://xbrl.org/int/dim/arcrole/dimension-default" xlink:from="loc_143" xlink:to="loc_142" order="10.0"/>
    <link:loc xlink:type="locator" xlink:href="../../full_ifrs-cor_2014-03-05.xsd#ifrs-full_TypesOfHedgesAxis" xlink:label="loc_107"/>
    <link:loc xlink:type="locator" xlink:href="../../full_ifrs-cor_2014-03-05.xsd#ifrs-full_TypesOfHedgesMember" xlink:label="loc_106"/>
    <link:definitionArc xlink:type="arc" xlink:arcrole="http://xbrl.org/int/dim/arcrole/dimension-default" xlink:from="loc_107" xlink:to="loc_106" order="10.0"/>
    <link:loc xlink:type="locator" xlink:href="../../full_ifrs-cor_2014-03-05.xsd#ifrs-full_TypesOfRisksAxis" xlink:label="loc_109"/>
    <link:loc xlink:type="locator" xlink:href="../../full_ifrs-cor_2014-03-05.xsd#ifrs-full_TypesOfRisksMember" xlink:label="loc_108"/>
    <link:definitionArc xlink:type="arc" xlink:arcrole="http://xbrl.org/int/dim/arcrole/dimension-default" xlink:from="loc_109" xlink:to="loc_108" order="10.0"/>
    <link:loc xlink:type="locator" xlink:href="../../full_ifrs-cor_2014-03-05.xsd#ifrs-full_ContinuingInvolvementInDerecognisedFinancialAssetsByTypeOfInstrumentAxis" xlink:label="loc_101"/>
    <link:loc xlink:type="locator" xlink:href="../../full_ifrs-cor_2014-03-05.xsd#ifrs-full_TypesOfInstrumentMember" xlink:label="loc_100"/>
    <link:definitionArc xlink:type="arc" xlink:arcrole="http://xbrl.org/int/dim/arcrole/dimension-default" xlink:from="loc_101" xlink:to="loc_100" order="10.0"/>
    <link:loc xlink:type="locator" xlink:href="../../full_ifrs-cor_2014-03-05.xsd#ifrs-full_ContinuingInvolvementInDerecognisedFinancialAssetsByTypeOfTransferAxis" xlink:label="loc_103"/>
    <link:loc xlink:type="locator" xlink:href="../../full_ifrs-cor_2014-03-05.xsd#ifrs-full_TypesOfTransferMember" xlink:label="loc_102"/>
    <link:definitionArc xlink:type="arc" xlink:arcrole="http://xbrl.org/int/dim/arcrole/dimension-default" xlink:from="loc_103" xlink:to="loc_102" order="10.0"/>
    <link:loc xlink:type="locator" xlink:href="../../full_ifrs-cor_2014-03-05.xsd#ifrs-full_InvestmentsInEquityInstrumentsMeasuredAtFairValueThroughOtherComprehensiveIncomeAxis" xlink:label="loc_115"/>
    <link:loc xlink:type="locator" xlink:href="../../full_ifrs-cor_2014-03-05.xsd#ifrs-full_InvestmentsInEquityInstrumentsMeasuredAtFairValueThroughOtherComprehensiveIncomeMember" xlink:label="loc_114"/>
    <link:definitionArc xlink:type="arc" xlink:arcrole="http://xbrl.org/int/dim/arcrole/dimension-default" xlink:from="loc_115" xlink:to="loc_114" order="10.0"/>
    <link:loc xlink:type="locator" xlink:href="../../full_ifrs-cor_2014-03-05.xsd#ifrs-full_ExternalCreditGradesAxis" xlink:label="loc_129"/>
    <link:loc xlink:type="locator" xlink:href="../../full_ifrs-cor_2014-03-05.xsd#ifrs-full_EntitysTotalForExternalCreditGradesMember" xlink:label="loc_128"/>
    <link:definitionArc xlink:type="arc" xlink:arcrole="http://xbrl.org/int/dim/arcrole/dimension-default" xlink:from="loc_129" xlink:to="loc_128" order="10.0"/>
    <link:loc xlink:type="locator" xlink:href="../../full_ifrs-cor_2014-03-05.xsd#ifrs-full_InternalCreditGradesAxis" xlink:label="loc_131"/>
    <link:loc xlink:type="locator" xlink:href="../../full_ifrs-cor_2014-03-05.xsd#ifrs-full_EntitysTotalForInternalCreditGradesMember" xlink:label="loc_130"/>
    <link:definitionArc xlink:type="arc" xlink:arcrole="http://xbrl.org/int/dim/arcrole/dimension-default" xlink:from="loc_131" xlink:to="loc_130" order="10.0"/>
    <link:loc xlink:type="locator" xlink:href="../../full_ifrs-cor_2014-03-05.xsd#ifrs-full_TypesOfFinancialAssetsAxis" xlink:label="loc_151"/>
    <link:loc xlink:type="locator" xlink:href="../../full_ifrs-cor_2014-03-05.xsd#ifrs-full_FinancialAssetsTypeMember" xlink:label="loc_150"/>
    <link:definitionArc xlink:type="arc" xlink:arcrole="http://xbrl.org/int/dim/arcrole/dimension-default" xlink:from="loc_151" xlink:to="loc_150" order="10.0"/>
    <link:loc xlink:type="locator" xlink:href="../../full_ifrs-cor_2014-03-05.xsd#ifrs-full_CounterpartiesAxis" xlink:label="loc_153"/>
    <link:loc xlink:type="locator" xlink:href="../../full_ifrs-cor_2014-03-05.xsd#ifrs-full_CounterpartiesMember" xlink:label="loc_152"/>
    <link:definitionArc xlink:type="arc" xlink:arcrole="http://xbrl.org/int/dim/arcrole/dimension-default" xlink:from="loc_153" xlink:to="loc_152" order="10.0"/>
    <link:loc xlink:type="locator" xlink:href="../../full_ifrs-cor_2014-03-05.xsd#ifrs-full_TypesOfFinancialLiabilitiesAxis" xlink:label="loc_155"/>
    <link:loc xlink:type="locator" xlink:href="../../full_ifrs-cor_2014-03-05.xsd#ifrs-full_FinancialLiabilitiesTypeMember" xlink:label="loc_154"/>
    <link:definitionArc xlink:type="arc" xlink:arcrole="http://xbrl.org/int/dim/arcrole/dimension-default" xlink:from="loc_155" xlink:to="loc_154" order="10.0"/>
    <link:loc xlink:type="locator" xlink:href="../../full_ifrs-cor_2014-03-05.xsd#ifrs-full_TypesOfInterestRatesAxis" xlink:label="loc_167"/>
    <link:loc xlink:type="locator" xlink:href="../../full_ifrs-cor_2014-03-05.xsd#ifrs-full_InterestRateTypesMember" xlink:label="loc_166"/>
    <link:definitionArc xlink:type="arc" xlink:arcrole="http://xbrl.org/int/dim/arcrole/dimension-default" xlink:from="loc_167" xlink:to="loc_166" order="10.0"/>
    <link:loc xlink:type="locator" xlink:href="../../full_ifrs-cor_2014-03-05.xsd#ifrs-full_HedgingInstrumentsAxis" xlink:label="loc_173"/>
    <link:loc xlink:type="locator" xlink:href="../../full_ifrs-cor_2014-03-05.xsd#ifrs-full_HedgingInstrumentsMember" xlink:label="loc_172"/>
    <link:definitionArc xlink:type="arc" xlink:arcrole="http://xbrl.org/int/dim/arcrole/dimension-default" xlink:from="loc_173" xlink:to="loc_172" order="10.0"/>
    <link:loc xlink:type="locator" xlink:href="../../full_ifrs-cor_2014-03-05.xsd#ifrs-full_HedgedItemsAxis" xlink:label="loc_175"/>
    <link:loc xlink:type="locator" xlink:href="../../full_ifrs-cor_2014-03-05.xsd#ifrs-full_HedgedItemsMember" xlink:label="loc_174"/>
    <link:definitionArc xlink:type="arc" xlink:arcrole="http://xbrl.org/int/dim/arcrole/dimension-default" xlink:from="loc_175" xlink:to="loc_174" order="10.0"/>
    <link:loc xlink:type="locator" xlink:href="../../full_ifrs-cor_2014-03-05.xsd#ifrs-full_FinancialInstrumentsMeasuredAtFairValueThroughProfitOrLossBecauseCreditDerivativeIsUsedToManageCreditRiskAxis" xlink:label="loc_177"/>
    <link:loc xlink:type="locator" xlink:href="../../full_ifrs-cor_2014-03-05.xsd#ifrs-full_FinancialInstrumentsMeasuredAtFairValueThroughProfitOrLossBecauseCreditDerivativeIsUsedToManageCreditRiskMember" xlink:label="loc_176"/>
    <link:definitionArc xlink:type="arc" xlink:arcrole="http://xbrl.org/int/dim/arcrole/dimension-default" xlink:from="loc_177" xlink:to="loc_176" order="10.0"/>
    <link:loc xlink:type="locator" xlink:href="../../full_ifrs-cor_2014-03-05.xsd#ifrs-full_BorrowingsByNameAxis" xlink:label="loc_181"/>
    <link:loc xlink:type="locator" xlink:href="../../full_ifrs-cor_2014-03-05.xsd#ifrs-full_BorrowingsByNameMember" xlink:label="loc_180"/>
    <link:definitionArc xlink:type="arc" xlink:arcrole="http://xbrl.org/int/dim/arcrole/dimension-default" xlink:from="loc_181" xlink:to="loc_180" order="10.0"/>
    <link:loc xlink:type="locator" xlink:href="../../full_ifrs-cor_2014-03-05.xsd#ifrs-full_RangeAxis" xlink:label="loc_73"/>
    <link:loc xlink:type="locator" xlink:href="../../full_ifrs-cor_2014-03-05.xsd#ifrs-full_RangesMember" xlink:label="loc_72"/>
    <link:definitionArc xlink:type="arc" xlink:arcrole="http://xbrl.org/int/dim/arcrole/dimension-default" xlink:from="loc_73" xlink:to="loc_72" order="10.0"/>
    <link:loc xlink:type="locator" xlink:href="../../full_ifrs-cor_2014-03-05.xsd#ifrs-full_EventsOfReclassificationOfFinancialAssetsAxis" xlink:label="loc_190"/>
    <link:loc xlink:type="locator" xlink:href="../../full_ifrs-cor_2014-03-05.xsd#ifrs-full_EventsOfReclassificationOfFinancialAssetsMember" xlink:label="loc_191"/>
    <link:definitionArc xlink:type="arc" xlink:arcrole="http://xbrl.org/int/dim/arcrole/dimension-default" xlink:from="loc_190" xlink:to="loc_191" order="10.0"/>
    <link:loc xlink:type="locator" xlink:href="../../full_ifrs-cor_2014-03-05.xsd#ifrs-full_MeasurementAxis" xlink:label="loc_61"/>
    <link:loc xlink:type="locator" xlink:href="../../full_ifrs-cor_2014-03-05.xsd#ifrs-full_AggregatedMeasurementMember" xlink:label="loc_60"/>
    <link:definitionArc xlink:type="arc" xlink:arcrole="http://xbrl.org/int/dim/arcrole/dimension-default" xlink:from="loc_61" xlink:to="loc_60" order="10.0"/>
    <link:loc xlink:type="locator" xlink:href="../../full_ifrs-cor_2014-03-05.xsd#ifrs-full_ClassesOfAssetsAxis" xlink:label="loc_18"/>
    <link:loc xlink:type="locator" xlink:href="../../full_ifrs-cor_2014-03-05.xsd#ifrs-full_ClassesOfAssetsMember" xlink:label="loc_17"/>
    <link:definitionArc xlink:type="arc" xlink:arcrole="http://xbrl.org/int/dim/arcrole/dimension-default" xlink:from="loc_18" xlink:to="loc_17" order="10.0"/>
    <link:loc xlink:type="locator" xlink:href="../../full_ifrs-cor_2014-03-05.xsd#ifrs-full_LevelsOfFairValueHierarchyAxis" xlink:label="loc_26"/>
    <link:loc xlink:type="locator" xlink:href="../../full_ifrs-cor_2014-03-05.xsd#ifrs-full_AllLevelsOfFairValueHierarchyMember" xlink:label="loc_25"/>
    <link:definitionArc xlink:type="arc" xlink:arcrole="http://xbrl.org/int/dim/arcrole/dimension-default" xlink:from="loc_26" xlink:to="loc_25" order="10.0"/>
    <link:loc xlink:type="locator" xlink:href="../../full_ifrs-cor_2014-03-05.xsd#ifrs-full_ClassesOfLiabilitiesAxis" xlink:label="loc_75"/>
    <link:loc xlink:type="locator" xlink:href="../../full_ifrs-cor_2014-03-05.xsd#ifrs-full_LiabilitiesMember" xlink:label="loc_74"/>
    <link:definitionArc xlink:type="arc" xlink:arcrole="http://xbrl.org/int/dim/arcrole/dimension-default" xlink:from="loc_75" xlink:to="loc_74" order="10.0"/>
    <link:loc xlink:type="locator" xlink:href="../../full_ifrs-cor_2014-03-05.xsd#ifrs-full_ClassesOfEntitysOwnEquityInstrumentsAxis" xlink:label="loc_77"/>
    <link:loc xlink:type="locator" xlink:href="../../full_ifrs-cor_2014-03-05.xsd#ifrs-full_EntitysOwnEquityInstrumentsMember" xlink:label="loc_76"/>
    <link:definitionArc xlink:type="arc" xlink:arcrole="http://xbrl.org/int/dim/arcrole/dimension-default" xlink:from="loc_77" xlink:to="loc_76" order="10.0"/>
    <link:loc xlink:type="locator" xlink:href="../../full_ifrs-cor_2014-03-05.xsd#ifrs-full_ValuationTechniquesUsedInFairValueMeasurementAxis" xlink:label="loc_71"/>
    <link:loc xlink:type="locator" xlink:href="../../full_ifrs-cor_2014-03-05.xsd#ifrs-full_ValuationTechniquesMember" xlink:label="loc_70"/>
    <link:definitionArc xlink:type="arc" xlink:arcrole="http://xbrl.org/int/dim/arcrole/dimension-default" xlink:from="loc_71" xlink:to="loc_70" order="10.0"/>
    <link:loc xlink:type="locator" xlink:href="../../full_ifrs-cor_2014-03-05.xsd#ifrs-full_LiabilitiesMeasuredAtFairValueAndIssuedWithInseparableThirdpartyCreditEnhancementAxis" xlink:label="loc_79"/>
    <link:loc xlink:type="locator" xlink:href="../../full_ifrs-cor_2014-03-05.xsd#ifrs-full_LiabilitiesMeasuredAtFairValueAndIssuedWithInseparableThirdpartyCreditEnhancementMember" xlink:label="loc_78"/>
    <link:definitionArc xlink:type="arc" xlink:arcrole="http://xbrl.org/int/dim/arcrole/dimension-default" xlink:from="loc_79" xlink:to="loc_78" order="10.0"/>
    <link:loc xlink:type="locator" xlink:href="../../full_ifrs-cor_2014-03-05.xsd#ifrs-full_ClassesOfIntangibleAssetsOtherThanGoodwillAxis" xlink:label="loc_59"/>
    <link:loc xlink:type="locator" xlink:href="../../full_ifrs-cor_2014-03-05.xsd#ifrs-full_IntangibleAssetsOtherThanGoodwillMember" xlink:label="loc_58"/>
    <link:definitionArc xlink:type="arc" xlink:arcrole="http://xbrl.org/int/dim/arcrole/dimension-default" xlink:from="loc_59" xlink:to="loc_58" order="10.0"/>
    <link:loc xlink:type="locator" xlink:href="../../full_ifrs-cor_2014-03-05.xsd#ifrs-full_MethodsOfGenerationAxis" xlink:label="loc_179"/>
    <link:loc xlink:type="locator" xlink:href="../../full_ifrs-cor_2014-03-05.xsd#ifrs-full_MethodsOfGenerationMember" xlink:label="loc_178"/>
    <link:definitionArc xlink:type="arc" xlink:arcrole="http://xbrl.org/int/dim/arcrole/dimension-default" xlink:from="loc_179" xlink:to="loc_178" order="10.0"/>
    <link:loc xlink:type="locator" xlink:href="../../full_ifrs-cor_2014-03-05.xsd#ifrs-full_ClassesOfIntangibleAssetsAndGoodwillAxis" xlink:label="loc_137"/>
    <link:loc xlink:type="locator" xlink:href="../../full_ifrs-cor_2014-03-05.xsd#ifrs-full_IntangibleAssetsAndGoodwillMember" xlink:label="loc_136"/>
    <link:definitionArc xlink:type="arc" xlink:arcrole="http://xbrl.org/int/dim/arcrole/dimension-default" xlink:from="loc_137" xlink:to="loc_136" order="10.0"/>
    <link:loc xlink:type="locator" xlink:href="../../full_ifrs-cor_2014-03-05.xsd#ifrs-full_IntangibleAssetsWithIndefiniteUsefulLifeAxis" xlink:label="loc_169"/>
    <link:loc xlink:type="locator" xlink:href="../../full_ifrs-cor_2014-03-05.xsd#ifrs-full_IntangibleAssetsWithIndefiniteUsefulLifeMember" xlink:label="loc_168"/>
    <link:definitionArc xlink:type="arc" xlink:arcrole="http://xbrl.org/int/dim/arcrole/dimension-default" xlink:from="loc_169" xlink:to="loc_168" order="10.0"/>
    <link:loc xlink:type="locator" xlink:href="../../full_ifrs-cor_2014-03-05.xsd#ifrs-full_IntangibleAssetsMaterialToEntityAxis" xlink:label="loc_171"/>
    <link:loc xlink:type="locator" xlink:href="../../full_ifrs-cor_2014-03-05.xsd#ifrs-full_IntangibleAssetsMaterialToEntityMember" xlink:label="loc_170"/>
    <link:definitionArc xlink:type="arc" xlink:arcrole="http://xbrl.org/int/dim/arcrole/dimension-default" xlink:from="loc_171" xlink:to="loc_170" order="10.0"/>
    <link:loc xlink:type="locator" xlink:href="../../full_ifrs-cor_2014-03-05.xsd#ifrs-full_BiologicalAssetsByTypeAxis" xlink:label="loc_186"/>
    <link:loc xlink:type="locator" xlink:href="../../full_ifrs-cor_2014-03-05.xsd#ifrs-full_BiologicalAssetsTypeMember" xlink:label="loc_187"/>
    <link:definitionArc xlink:type="arc" xlink:arcrole="http://xbrl.org/int/dim/arcrole/dimension-default" xlink:from="loc_186" xlink:to="loc_187" order="10.0"/>
    <link:loc xlink:type="locator" xlink:href="../../full_ifrs-cor_2014-03-05.xsd#ifrs-full_BiologicalAssetsByAgeAxis" xlink:label="loc_188"/>
    <link:loc xlink:type="locator" xlink:href="../../full_ifrs-cor_2014-03-05.xsd#ifrs-full_BiologicalAssetsAgeMember" xlink:label="loc_189"/>
    <link:definitionArc xlink:type="arc" xlink:arcrole="http://xbrl.org/int/dim/arcrole/dimension-default" xlink:from="loc_188" xlink:to="loc_189" order="10.0"/>
    <link:loc xlink:type="locator" xlink:href="../../full_ifrs-cor_2014-03-05.xsd#ifrs-full_TypesOfInvestmentPropertyAxis" xlink:label="loc_183"/>
    <link:loc xlink:type="locator" xlink:href="../../full_ifrs-cor_2014-03-05.xsd#ifrs-full_InvestmentPropertyMember" xlink:label="loc_182"/>
    <link:definitionArc xlink:type="arc" xlink:arcrole="http://xbrl.org/int/dim/arcrole/dimension-default" xlink:from="loc_183" xlink:to="loc_182" order="10.0"/>
    <link:loc xlink:type="locator" xlink:href="../../full_ifrs-cor_2014-03-05.xsd#ifrs-full_JointVenturesAxis" xlink:label="loc_45"/>
    <link:loc xlink:type="locator" xlink:href="../../full_ifrs-cor_2014-03-05.xsd#ifrs-full_EntitysTotalForJointVenturesMember" xlink:label="loc_44"/>
    <link:definitionArc xlink:type="arc" xlink:arcrole="http://xbrl.org/int/dim/arcrole/dimension-default" xlink:from="loc_45" xlink:to="loc_44" order="10.0"/>
    <link:loc xlink:type="locator" xlink:href="../../full_ifrs-cor_2014-03-05.xsd#ifrs-full_SignificantInvestmentsInSubsidiariesAxis" xlink:label="loc_47"/>
    <link:loc xlink:type="locator" xlink:href="../../full_ifrs-cor_2014-03-05.xsd#ifrs-full_EntitysTotalForSubsidiariesMember" xlink:label="loc_46"/>
    <link:definitionArc xlink:type="arc" xlink:arcrole="http://xbrl.org/int/dim/arcrole/dimension-default" xlink:from="loc_47" xlink:to="loc_46" order="10.0"/>
    <link:loc xlink:type="locator" xlink:href="../../full_ifrs-cor_2014-03-05.xsd#ifrs-full_SignificantInvestmentsInAssociatesAxis" xlink:label="loc_49"/>
    <link:loc xlink:type="locator" xlink:href="../../full_ifrs-cor_2014-03-05.xsd#ifrs-full_EntitysTotalForAssociatesMember" xlink:label="loc_48"/>
    <link:definitionArc xlink:type="arc" xlink:arcrole="http://xbrl.org/int/dim/arcrole/dimension-default" xlink:from="loc_49" xlink:to="loc_48" order="10.0"/>
    <link:loc xlink:type="locator" xlink:href="../../full_ifrs-cor_2014-03-05.xsd#ifrs-full_ConsolidatedStructuredEntitiesAxis" xlink:label="loc_65"/>
    <link:loc xlink:type="locator" xlink:href="../../full_ifrs-cor_2014-03-05.xsd#ifrs-full_EntitysTotalForConsolidatedStructuredEntitiesMember" xlink:label="loc_64"/>
    <link:definitionArc xlink:type="arc" xlink:arcrole="http://xbrl.org/int/dim/arcrole/dimension-default" xlink:from="loc_65" xlink:to="loc_64" order="10.0"/>
    <link:loc xlink:type="locator" xlink:href="../../full_ifrs-cor_2014-03-05.xsd#ifrs-full_JointOperationsAxis" xlink:label="loc_67"/>
    <link:loc xlink:type="locator" xlink:href="../../full_ifrs-cor_2014-03-05.xsd#ifrs-full_EntitysTotalForJointOperationsMember" xlink:label="loc_66"/>
    <link:definitionArc xlink:type="arc" xlink:arcrole="http://xbrl.org/int/dim/arcrole/dimension-default" xlink:from="loc_67" xlink:to="loc_66" order="10.0"/>
    <link:loc xlink:type="locator" xlink:href="../../full_ifrs-cor_2014-03-05.xsd#ifrs-full_UnconsolidatedStructuredEntitiesAxis" xlink:label="loc_69"/>
    <link:loc xlink:type="locator" xlink:href="../../full_ifrs-cor_2014-03-05.xsd#ifrs-full_EntitysTotalForUnconsolidatedStructuredEntitiesMember" xlink:label="loc_68"/>
    <link:definitionArc xlink:type="arc" xlink:arcrole="http://xbrl.org/int/dim/arcrole/dimension-default" xlink:from="loc_69" xlink:to="loc_68" order="10.0"/>
    <link:loc xlink:type="locator" xlink:href="../../full_ifrs-cor_2014-03-05.xsd#ifrs-full_UnconsolidatedSubsidiariesAxis" xlink:label="loc_159"/>
    <link:loc xlink:type="locator" xlink:href="../../full_ifrs-cor_2014-03-05.xsd#ifrs-full_EntitysTotalForUnconsolidatedSubsidiariesMember" xlink:label="loc_158"/>
    <link:definitionArc xlink:type="arc" xlink:arcrole="http://xbrl.org/int/dim/arcrole/dimension-default" xlink:from="loc_159" xlink:to="loc_158" order="10.0"/>
    <link:loc xlink:type="locator" xlink:href="../../full_ifrs-cor_2014-03-05.xsd#ifrs-full_UnconsolidatedStructuredEntitiesControlledByInvestmentEntityAxis" xlink:label="loc_161"/>
    <link:loc xlink:type="locator" xlink:href="../../full_ifrs-cor_2014-03-05.xsd#ifrs-full_UnconsolidatedStructuredEntitiesControlledByInvestmentEntityMember" xlink:label="loc_160"/>
    <link:definitionArc xlink:type="arc" xlink:arcrole="http://xbrl.org/int/dim/arcrole/dimension-default" xlink:from="loc_161" xlink:to="loc_160" order="10.0"/>
    <link:loc xlink:type="locator" xlink:href="../../full_ifrs-cor_2014-03-05.xsd#ifrs-full_ClassesOfProvisionsAxis" xlink:label="loc_55"/>
    <link:loc xlink:type="locator" xlink:href="../../full_ifrs-cor_2014-03-05.xsd#ifrs-full_OtherProvisionsMember" xlink:label="loc_54"/>
    <link:definitionArc xlink:type="arc" xlink:arcrole="http://xbrl.org/int/dim/arcrole/dimension-default" xlink:from="loc_55" xlink:to="loc_54" order="10.0"/>
    <link:loc xlink:type="locator" xlink:href="../../full_ifrs-cor_2014-03-05.xsd#ifrs-full_IndividualAssetsOrCashgeneratingUnitsAxis" xlink:label="loc_51"/>
    <link:loc xlink:type="locator" xlink:href="../../full_ifrs-cor_2014-03-05.xsd#ifrs-full_EntitysTotalForIndividualAssetsOrCashgeneratingUnitsMember" xlink:label="loc_50"/>
    <link:definitionArc xlink:type="arc" xlink:arcrole="http://xbrl.org/int/dim/arcrole/dimension-default" xlink:from="loc_51" xlink:to="loc_50" order="10.0"/>
    <link:loc xlink:type="locator" xlink:href="../../full_ifrs-cor_2014-03-05.xsd#ifrs-full_IndividualAssetsOrCashgeneratingUnitsWithSignificantAmountOfGoodwillOrIntangibleAssetsWithIndefiniteUsefulLivesAxis" xlink:label="loc_53"/>
    <link:loc xlink:type="locator" xlink:href="../../full_ifrs-cor_2014-03-05.xsd#ifrs-full_EntitysTotalForCashgeneratingUnitsMember" xlink:label="loc_52"/>
    <link:definitionArc xlink:type="arc" xlink:arcrole="http://xbrl.org/int/dim/arcrole/dimension-default" xlink:from="loc_53" xlink:to="loc_52" order="10.0"/>
    <link:loc xlink:type="locator" xlink:href="../../full_ifrs-cor_2014-03-05.xsd#ifrs-full_SegmentsAxis" xlink:label="loc_163"/>
    <link:loc xlink:type="locator" xlink:href="../../full_ifrs-cor_2014-03-05.xsd#ifrs-full_SegmentsMember" xlink:label="loc_162"/>
    <link:definitionArc xlink:type="arc" xlink:arcrole="http://xbrl.org/int/dim/arcrole/dimension-default" xlink:from="loc_163" xlink:to="loc_162" order="10.0"/>
    <link:loc xlink:type="locator" xlink:href="../../full_ifrs-cor_2014-03-05.xsd#ifrs-full_ArrangementsInvolvingLegalFormOfLeaseAxis" xlink:label="loc_123"/>
    <link:loc xlink:type="locator" xlink:href="../../full_ifrs-cor_2014-03-05.xsd#ifrs-full_ArrangementsInvolvingLegalFormOfLeaseMember" xlink:label="loc_122"/>
    <link:definitionArc xlink:type="arc" xlink:arcrole="http://xbrl.org/int/dim/arcrole/dimension-default" xlink:from="loc_123" xlink:to="loc_122" order="10.0"/>
    <link:loc xlink:type="locator" xlink:href="../../full_ifrs-cor_2014-03-05.xsd#ifrs-full_ServiceConcessionArrangementsAxis" xlink:label="loc_125"/>
    <link:loc xlink:type="locator" xlink:href="../../full_ifrs-cor_2014-03-05.xsd#ifrs-full_ServiceConcessionArrangementsMember" xlink:label="loc_124"/>
    <link:definitionArc xlink:type="arc" xlink:arcrole="http://xbrl.org/int/dim/arcrole/dimension-default" xlink:from="loc_125" xlink:to="loc_124" order="10.0"/>
    <link:loc xlink:type="locator" xlink:href="../../full_ifrs-cor_2014-03-05.xsd#ifrs-full_TypesOfSharebasedPaymentArrangementsAxis" xlink:label="loc_87"/>
    <link:loc xlink:type="locator" xlink:href="../../full_ifrs-cor_2014-03-05.xsd#ifrs-full_SharebasedPaymentArrangementsMember" xlink:label="loc_86"/>
    <link:definitionArc xlink:type="arc" xlink:arcrole="http://xbrl.org/int/dim/arcrole/dimension-default" xlink:from="loc_87" xlink:to="loc_86" order="10.0"/>
    <link:loc xlink:type="locator" xlink:href="../../full_ifrs-cor_2014-03-05.xsd#ifrs-full_RangesOfExercisePricesForOutstandingShareOptionsAxis" xlink:label="loc_89"/>
    <link:loc xlink:type="locator" xlink:href="../../full_ifrs-cor_2014-03-05.xsd#ifrs-full_RangesOfExercisePricesForOutstandingShareOptionsMember" xlink:label="loc_88"/>
    <link:definitionArc xlink:type="arc" xlink:arcrole="http://xbrl.org/int/dim/arcrole/dimension-default" xlink:from="loc_89" xlink:to="loc_88" order="10.0"/>
    <link:loc xlink:type="locator" xlink:href="../../full_ifrs-cor_2014-03-05.xsd#ifrs-full_DefinedBenefitPlansAxis" xlink:label="loc_22"/>
    <link:loc xlink:type="locator" xlink:href="../../full_ifrs-cor_2014-03-05.xsd#ifrs-full_DefinedBenefitPlansMember" xlink:label="loc_21"/>
    <link:definitionArc xlink:type="arc" xlink:arcrole="http://xbrl.org/int/dim/arcrole/dimension-default" xlink:from="loc_22" xlink:to="loc_21" order="10.0"/>
    <link:loc xlink:type="locator" xlink:href="../../full_ifrs-cor_2014-03-05.xsd#ifrs-full_NetDefinedBenefitLiabilityAssetAxis" xlink:label="loc_24"/>
    <link:loc xlink:type="locator" xlink:href="../../full_ifrs-cor_2014-03-05.xsd#ifrs-full_NetDefinedBenefitLiabilityAssetMember" xlink:label="loc_23"/>
    <link:definitionArc xlink:type="arc" xlink:arcrole="http://xbrl.org/int/dim/arcrole/dimension-default" xlink:from="loc_24" xlink:to="loc_23" order="10.0"/>
    <link:loc xlink:type="locator" xlink:href="../../full_ifrs-cor_2014-03-05.xsd#ifrs-full_ActuarialAssumptionsAxis" xlink:label="loc_28"/>
    <link:loc xlink:type="locator" xlink:href="../../full_ifrs-cor_2014-03-05.xsd#ifrs-full_ActuarialAssumptionsMember" xlink:label="loc_27"/>
    <link:definitionArc xlink:type="arc" xlink:arcrole="http://xbrl.org/int/dim/arcrole/dimension-default" xlink:from="loc_28" xlink:to="loc_27" order="10.0"/>
    <link:loc xlink:type="locator" xlink:href="../../full_ifrs-cor_2014-03-05.xsd#ifrs-full_TemporaryDifferenceUnusedTaxLossesAndUnusedTaxCreditsAxis" xlink:label="loc_12"/>
    <link:loc xlink:type="locator" xlink:href="../../full_ifrs-cor_2014-03-05.xsd#ifrs-full_TemporaryDifferenceUnusedTaxLossesAndUnusedTaxCreditsMember" xlink:label="loc_11"/>
    <link:definitionArc xlink:type="arc" xlink:arcrole="http://xbrl.org/int/dim/arcrole/dimension-default" xlink:from="loc_12" xlink:to="loc_11" order="10.0"/>
    <link:loc xlink:type="locator" xlink:href="../../full_ifrs-cor_2014-03-05.xsd#ifrs-full_TypesOfInsuranceContractsAxis" xlink:label="loc_145"/>
    <link:loc xlink:type="locator" xlink:href="../../full_ifrs-cor_2014-03-05.xsd#ifrs-full_InsuranceContractsMember" xlink:label="loc_144"/>
    <link:definitionArc xlink:type="arc" xlink:arcrole="http://xbrl.org/int/dim/arcrole/dimension-default" xlink:from="loc_145" xlink:to="loc_144" order="10.0"/>
    <link:loc xlink:type="locator" xlink:href="../../full_ifrs-cor_2014-03-05.xsd#ifrs-full_AmountsArisingFromInsuranceContractsAxis" xlink:label="loc_147"/>
    <link:loc xlink:type="locator" xlink:href="../../full_ifrs-cor_2014-03-05.xsd#ifrs-full_NetAmountArisingFromInsuranceContractsMember" xlink:label="loc_146"/>
    <link:definitionArc xlink:type="arc" xlink:arcrole="http://xbrl.org/int/dim/arcrole/dimension-default" xlink:from="loc_147" xlink:to="loc_146" order="10.0"/>
    <link:loc xlink:type="locator" xlink:href="../../full_ifrs-cor_2014-03-05.xsd#ifrs-full_ClassesOfShareCapitalAxis" xlink:label="loc_41"/>
    <link:loc xlink:type="locator" xlink:href="../../full_ifrs-cor_2014-03-05.xsd#ifrs-full_ClassesOfShareCapitalMember" xlink:label="loc_40"/>
    <link:definitionArc xlink:type="arc" xlink:arcrole="http://xbrl.org/int/dim/arcrole/dimension-default" xlink:from="loc_41" xlink:to="loc_40" order="10.0"/>
    <link:loc xlink:type="locator" xlink:href="../../full_ifrs-cor_2014-03-05.xsd#ifrs-full_ReservesWithinEquityAxis" xlink:label="loc_43"/>
    <link:loc xlink:type="locator" xlink:href="../../full_ifrs-cor_2014-03-05.xsd#ifrs-full_OtherReservesMember" xlink:label="loc_42"/>
    <link:definitionArc xlink:type="arc" xlink:arcrole="http://xbrl.org/int/dim/arcrole/dimension-default" xlink:from="loc_43" xlink:to="loc_42" order="10.0"/>
    <link:loc xlink:type="locator" xlink:href="../../full_ifrs-cor_2014-03-05.xsd#ifrs-full_SegmentConsolidationItemsAxis" xlink:label="loc_165"/>
    <link:loc xlink:type="locator" xlink:href="../../full_ifrs-cor_2014-03-05.xsd#ifrs-full_EntitysTotalForSegmentConsolidationItemsMember" xlink:label="loc_164"/>
    <link:definitionArc xlink:type="arc" xlink:arcrole="http://xbrl.org/int/dim/arcrole/dimension-default" xlink:from="loc_165" xlink:to="loc_164" order="10.0"/>
    <link:loc xlink:type="locator" xlink:href="../../full_ifrs-cor_2014-03-05.xsd#ifrs-full_ProductsAndServicesAxis" xlink:label="loc_117"/>
    <link:loc xlink:type="locator" xlink:href="../../full_ifrs-cor_2014-03-05.xsd#ifrs-full_ProductsAndServicesMember" xlink:label="loc_116"/>
    <link:definitionArc xlink:type="arc" xlink:arcrole="http://xbrl.org/int/dim/arcrole/dimension-default" xlink:from="loc_117" xlink:to="loc_116" order="10.0"/>
    <link:loc xlink:type="locator" xlink:href="../../full_ifrs-cor_2014-03-05.xsd#ifrs-full_GeographicalAreasAxis" xlink:label="loc_119"/>
    <link:loc xlink:type="locator" xlink:href="../../full_ifrs-cor_2014-03-05.xsd#ifrs-full_GeographicalAreasMember" xlink:label="loc_118"/>
    <link:definitionArc xlink:type="arc" xlink:arcrole="http://xbrl.org/int/dim/arcrole/dimension-default" xlink:from="loc_119" xlink:to="loc_118" order="10.0"/>
    <link:loc xlink:type="locator" xlink:href="../../full_ifrs-cor_2014-03-05.xsd#ifrs-full_MajorCustomersAxis" xlink:label="loc_121"/>
    <link:loc xlink:type="locator" xlink:href="../../full_ifrs-cor_2014-03-05.xsd#ifrs-full_MajorCustomersMember" xlink:label="loc_120"/>
    <link:definitionArc xlink:type="arc" xlink:arcrole="http://xbrl.org/int/dim/arcrole/dimension-default" xlink:from="loc_121" xlink:to="loc_120" order="10.0"/>
    <link:loc xlink:type="locator" xlink:href="../../full_ifrs-cor_2014-03-05.xsd#ifrs-full_DepartureFromRequirementOfIFRSAxis" xlink:label="loc_2"/>
    <link:definitionArc xlink:type="arc" xlink:arcrole="http://xbrl.org/int/dim/arcrole/dimension-default" xlink:from="loc_2" xlink:to="loc_1" order="10.0"/>
    <link:loc xlink:type="locator" xlink:href="../../full_ifrs-cor_2014-03-05.xsd#ifrs-full_CreationDateAxis" xlink:label="loc_4"/>
    <link:loc xlink:type="locator" xlink:href="../../full_ifrs-cor_2014-03-05.xsd#ifrs-full_DefaultFinancialStatementsDateMember" xlink:label="loc_3"/>
    <link:definitionArc xlink:type="arc" xlink:arcrole="http://xbrl.org/int/dim/arcrole/dimension-default" xlink:from="loc_4" xlink:to="loc_3" order="10.0"/>
    <link:loc xlink:type="locator" xlink:href="../../full_ifrs-cor_2014-03-05.xsd#ifrs-full_ContinuingAndDiscontinuedOperationsAxis" xlink:label="loc_6"/>
    <link:loc xlink:type="locator" xlink:href="../../full_ifrs-cor_2014-03-05.xsd#ifrs-full_AggregateContinuingAndDiscontinuedOperationsMember" xlink:label="loc_5"/>
    <link:definitionArc xlink:type="arc" xlink:arcrole="http://xbrl.org/int/dim/arcrole/dimension-default" xlink:from="loc_6" xlink:to="loc_5" order="10.0"/>
    <link:loc xlink:type="locator" xlink:href="../../full_ifrs-cor_2014-03-05.xsd#ifrs-full_NewIFRSsAxis" xlink:label="loc_63"/>
    <link:loc xlink:type="locator" xlink:href="../../full_ifrs-cor_2014-03-05.xsd#ifrs-full_NewIFRSsMember" xlink:label="loc_62"/>
    <link:definitionArc xlink:type="arc" xlink:arcrole="http://xbrl.org/int/dim/arcrole/dimension-default" xlink:from="loc_63" xlink:to="loc_62" order="10.0"/>
    <link:loc xlink:type="locator" xlink:href="../../full_ifrs-cor_2014-03-05.xsd#ifrs-full_InitiallyAppliedIFRSsAxis" xlink:label="loc_133"/>
    <link:loc xlink:type="locator" xlink:href="../../full_ifrs-cor_2014-03-05.xsd#ifrs-full_InitiallyAppliedIFRSsMember" xlink:label="loc_132"/>
    <link:definitionArc xlink:type="arc" xlink:arcrole="http://xbrl.org/int/dim/arcrole/dimension-default" xlink:from="loc_133" xlink:to="loc_132" order="10.0"/>
    <link:loc xlink:type="locator" xlink:href="../../full_ifrs-cor_2014-03-05.xsd#ifrs-full_VoluntaryChangesInAccountingPolicyAxis" xlink:label="loc_135"/>
    <link:loc xlink:type="locator" xlink:href="../../full_ifrs-cor_2014-03-05.xsd#ifrs-full_VoluntaryChangesInAccountingPolicyMember" xlink:label="loc_134"/>
    <link:definitionArc xlink:type="arc" xlink:arcrole="http://xbrl.org/int/dim/arcrole/dimension-default" xlink:from="loc_135" xlink:to="loc_134" order="10.0"/>
    <link:loc xlink:type="locator" xlink:href="../../full_ifrs-cor_2014-03-05.xsd#ifrs-full_AssetsAndLiabilitiesClassifiedAsHeldForSaleAxis" xlink:label="loc_149"/>
    <link:loc xlink:type="locator" xlink:href="../../full_ifrs-cor_2014-03-05.xsd#ifrs-full_AssetsAndLiabilitiesNotClassifiedAsHeldForSaleMember" xlink:label="loc_148"/>
    <link:definitionArc xlink:type="arc" xlink:arcrole="http://xbrl.org/int/dim/arcrole/dimension-default" xlink:from="loc_149" xlink:to="loc_148" order="10.0"/>
    <link:loc xlink:type="locator" xlink:href="../../full_ifrs-cor_2014-03-05.xsd#ifrs-full_AccountingEstimatesAxis" xlink:label="loc_157"/>
    <link:loc xlink:type="locator" xlink:href="../../full_ifrs-cor_2014-03-05.xsd#ifrs-full_AccountingEstimatesMember" xlink:label="loc_156"/>
    <link:definitionArc xlink:type="arc" xlink:arcrole="http://xbrl.org/int/dim/arcrole/dimension-default" xlink:from="loc_157" xlink:to="loc_156" order="10.0"/>
  </link:definitionLink>
</link:linkbase>
