<?xml version="1.0" encoding="UTF-8"?>
<!-- Generated by Fujitsu Interstage XWand B0209 -->
<?officialURI http://archprod.service.eogs.dk/taxonomy/20141220/ifrs/full_ifrs_dk/ifrs-dk_105.00_2014-12-20/gla_ifrs-dk_2014-12-20_role-105.00.xml?>

<?taxonomy-version 0.2.0?>

<link:linkbase xmlns:xsi="http://www.w3.org/2001/XMLSchema-instance" xsi:schemaLocation="http://www.xbrl.org/2003/linkbase http://www.xbrl.org/2003/xbrl-linkbase-2003-12-31.xsd http://xbrl.org/2008/label http://www.xbrl.org/2008/generic-label.xsd http://xbrl.org/2008/generic http://www.xbrl.org/2008/generic-link.xsd" xmlns:gen="http://xbrl.org/2008/generic" xmlns:link="http://www.xbrl.org/2003/linkbase" xmlns:rol_ifrs-dk_105.00_2014-12-20="http://xbrl.dcca.dk/role/ifrs-dk/rol_ifrs-dk_105.00_2014-12-20" xmlns:xlink="http://www.w3.org/1999/xlink" xmlns:label="http://xbrl.org/2008/label">
  <link:roleRef roleURI="http://www.xbrl.org/2008/role/label" xlink:type="simple" xlink:href="http://www.xbrl.org/2008/generic-label.xsd#standard-label"/>
  <link:roleRef roleURI="http://www.xbrl.org/2008/role/link" xlink:type="simple" xlink:href="http://www.xbrl.org/2008/generic-link.xsd#standard-link-role"/>
  <link:arcroleRef arcroleURI="http://xbrl.org/arcrole/2008/element-label" xlink:type="simple" xlink:href="http://www.xbrl.org/2008/generic-label.xsd#element-label"/>
  <gen:link xlink:type="extended" xlink:role="http://www.xbrl.org/2008/role/link">
    <link:loc xlink:type="locator" xlink:href="rol_ifrs-dk_105.00_2014-12-20.xsd#ifrs-dk_10500_ManagementCommentary" xlink:label="roleType"/>
    <label:label xlink:type="resource" xlink:label="label" xlink:role="http://www.xbrl.org/2008/role/label" xml:lang="en">[105.00] Management commentary</label:label>
    <gen:arc xlink:type="arc" xlink:arcrole="http://xbrl.org/arcrole/2008/element-label" xlink:from="roleType" xlink:to="label" order="10.0"/>
    <label:label xlink:type="resource" xlink:label="label_2" xlink:role="http://www.xbrl.org/2008/role/label" xml:lang="da">[105.00] Ledelsesberetning </label:label>
    <gen:arc xlink:type="arc" xlink:arcrole="http://xbrl.org/arcrole/2008/element-label" xlink:from="roleType" xlink:to="label_2" order="20.0"/>
    <link:loc xlink:type="locator" xlink:href="../ifrs-dk_510.00_2014-12-20/rol_ifrs-dk_510.00_2014-12-20.xsd#ifrs-dk_51000_RoleStatementOfCashFlowsDirectMethodDetails" xlink:label="roleType_2" xlink:title="roleType"/>
    <label:label xlink:type="resource" xlink:label="label_3" xlink:role="http://www.xbrl.org/2008/role/label" xlink:title="label" xml:lang="da">[510.00] Direkte Pengestrømsopgørelse - Detaljer</label:label>
    <gen:arc xlink:type="arc" xlink:arcrole="http://xbrl.org/arcrole/2008/element-label" xlink:from="roleType_2" xlink:to="label_3" xlink:title="user-defined: roleType to label" order="1.0"/>
    <label:label xlink:type="resource" xlink:label="label_4" xlink:role="http://www.xbrl.org/2008/role/label" xlink:title="label" xml:lang="en">[510.00] Statement of cash flows, direct method</label:label>
    <gen:arc xlink:type="arc" xlink:arcrole="http://xbrl.org/arcrole/2008/element-label" xlink:from="roleType_2" xlink:to="label_4" xlink:title="user-defined: roleType to label" order="2.0"/>
    <link:loc xlink:type="locator" xlink:href="../ifrs-dk_510.00_2014-12-20/rol_ifrs-dk_510.00_2014-12-20.xsd#ifrs-dk_51000a_RoleHypercubeStatementOfCashFlowsDirectMethodDetailsOnOtherComponentsOfCashFlowsFromUsedInOperatingActivities" xlink:label="roleType_3" xlink:title="roleType"/>
    <label:label xlink:type="resource" xlink:label="label_5" xlink:role="http://www.xbrl.org/2008/role/label" xlink:title="label" xml:lang="en">[510.00a] Hypercube [Statement of cash flows, Direct method] - Details on other components of cash flows from (used in) operating activities</label:label>
    <gen:arc xlink:type="arc" xlink:arcrole="http://xbrl.org/arcrole/2008/element-label" xlink:from="roleType_3" xlink:to="label_5" xlink:title="user-defined: roleType to label" order="1.0"/>
    <label:label xlink:type="resource" xlink:label="label_6" xlink:role="http://www.xbrl.org/2008/role/label" xlink:title="label" xml:lang="da">[510.00a] Hypercube [Pengestrømsopgørelse] - Detaljer om element i pengestrømme fra driftsaktivitet </label:label>
    <gen:arc xlink:type="arc" xlink:arcrole="http://xbrl.org/arcrole/2008/element-label" xlink:from="roleType_3" xlink:to="label_6" xlink:title="user-defined: roleType to label" order="2.0"/>
    <link:loc xlink:type="locator" xlink:href="../ifrs-dk_510.00_2014-12-20/rol_ifrs-dk_510.00_2014-12-20.xsd#ifrs-dk_51000b_RoleHypercubeStatementOfCashFlowsDirectMethodDetailsOnOtherComponentsOfCashFlowsFromUsedInInvestingActivities" xlink:label="roleType_4" xlink:title="roleType"/>
    <label:label xlink:type="resource" xlink:label="label_7" xlink:role="http://www.xbrl.org/2008/role/label" xlink:title="label" xml:lang="da">[510.00b] Hypercube [Pengestrømsopgørelse] - Detaljer om element i pengestrømme fra investeringssaktivitet</label:label>
    <gen:arc xlink:type="arc" xlink:arcrole="http://xbrl.org/arcrole/2008/element-label" xlink:from="roleType_4" xlink:to="label_7" xlink:title="user-defined: roleType to label" order="1.0"/>
    <label:label xlink:type="resource" xlink:label="label_8" xlink:role="http://www.xbrl.org/2008/role/label" xlink:title="label" xml:lang="en">[510.00b] Hypercube [Statement of cash flows, Direct method] - Details on other components of cash flows from (used in) investing activities</label:label>
    <gen:arc xlink:type="arc" xlink:arcrole="http://xbrl.org/arcrole/2008/element-label" xlink:from="roleType_4" xlink:to="label_8" xlink:title="user-defined: roleType to label" order="2.0"/>
    <link:loc xlink:type="locator" xlink:href="../ifrs-dk_510.00_2014-12-20/rol_ifrs-dk_510.00_2014-12-20.xsd#ifrs-dk_51000c_RoleHypercubeStatementOfCashFlowsDirectMethodDetailsOnOtherComponentsOfCashFlowsFromUsedInFinancingActivities" xlink:label="roleType_5" xlink:title="roleType"/>
    <label:label xlink:type="resource" xlink:label="label_9" xlink:role="http://www.xbrl.org/2008/role/label" xlink:title="label" xml:lang="da">[510.00c] Hypercube [Pengestrømsopgørelse] - Detaljer om element i pengestrømme fra finansieringsaktivitet</label:label>
    <gen:arc xlink:type="arc" xlink:arcrole="http://xbrl.org/arcrole/2008/element-label" xlink:from="roleType_5" xlink:to="label_9" xlink:title="user-defined: roleType to label" order="1.0"/>
    <label:label xlink:type="resource" xlink:label="label_10" xlink:role="http://www.xbrl.org/2008/role/label" xlink:title="label" xml:lang="en">[510.00c] Hypercube [Statement of cash flows, Direct method] - Details on other components of cash flows from (used in) financing activities</label:label>
    <gen:arc xlink:type="arc" xlink:arcrole="http://xbrl.org/arcrole/2008/element-label" xlink:from="roleType_5" xlink:to="label_10" xlink:title="user-defined: roleType to label" order="2.0"/>
    <link:loc xlink:type="locator" xlink:href="../ifrs-dk_520.00_2014-12-20/rol_ifrs-dk_520.00_2014-12-20.xsd#ifrs-dk_52000_RoleStatementOfCashFlowsIndirectMethodDetails" xlink:label="roleType_6" xlink:title="roleType"/>
    <label:label xlink:type="resource" xlink:label="label_11" xlink:role="http://www.xbrl.org/2008/role/label" xlink:title="label" xml:lang="en">[520.00] Statement of cash flows, Indirect method - Details</label:label>
    <gen:arc xlink:type="arc" xlink:arcrole="http://xbrl.org/arcrole/2008/element-label" xlink:from="roleType_6" xlink:to="label_11" xlink:title="user-defined: roleType to label" order="1.0"/>
    <label:label xlink:type="resource" xlink:label="label_12" xlink:role="http://www.xbrl.org/2008/role/label" xlink:title="label" xml:lang="da">[520.00] Pengestrømsopgørelse - Detaljer</label:label>
    <gen:arc xlink:type="arc" xlink:arcrole="http://xbrl.org/arcrole/2008/element-label" xlink:from="roleType_6" xlink:to="label_12" xlink:title="user-defined: roleType to label" order="2.0"/>
    <link:loc xlink:type="locator" xlink:href="../ifrs-dk_520.00_2014-12-20/rol_ifrs-dk_520.00_2014-12-20.xsd#ifrs-dk_52000a_RoleHypercubeStatementOfCashFlowsIndirectMethodDetailsOnOtherComponentsOfCashFlowsFromUsedInOperatingActivities" xlink:label="roleType_7" xlink:title="roleType"/>
    <label:label xlink:type="resource" xlink:label="label_13" xlink:role="http://www.xbrl.org/2008/role/label" xlink:title="label" xml:lang="da">[520.00a] Hypercube [Pengestrømsopgørelse] - Detaljer om element i pengestrømme fra driftsaktivitet</label:label>
    <gen:arc xlink:type="arc" xlink:arcrole="http://xbrl.org/arcrole/2008/element-label" xlink:from="roleType_7" xlink:to="label_13" xlink:title="user-defined: roleType to label" order="1.0"/>
    <label:label xlink:type="resource" xlink:label="label_14" xlink:role="http://www.xbrl.org/2008/role/label" xlink:title="label" xml:lang="en">[520.00a] Hypercube [Statement of cash flows, Indirect method] - Details on other components of cash flows from (used in) operating activities</label:label>
    <gen:arc xlink:type="arc" xlink:arcrole="http://xbrl.org/arcrole/2008/element-label" xlink:from="roleType_7" xlink:to="label_14" xlink:title="user-defined: roleType to label" order="2.0"/>
    <link:loc xlink:type="locator" xlink:href="../ifrs-dk_520.00_2014-12-20/rol_ifrs-dk_520.00_2014-12-20.xsd#ifrs-dk_52000b_RoleHypercubeStatementOfCashFlowsIndirectMethodDetailsOnOtherComponentsOfCashFlowsFromUsedInInvestingActivities" xlink:label="roleType_8" xlink:title="roleType"/>
    <label:label xlink:type="resource" xlink:label="label_15" xlink:role="http://www.xbrl.org/2008/role/label" xlink:title="label" xml:lang="da">[520.00b] Hypercube [Pengestrømsopgørelse] - Detaljer om element i pengestrømme fra investeringssaktivitet</label:label>
    <gen:arc xlink:type="arc" xlink:arcrole="http://xbrl.org/arcrole/2008/element-label" xlink:from="roleType_8" xlink:to="label_15" xlink:title="user-defined: roleType to label" order="1.0"/>
    <label:label xlink:type="resource" xlink:label="label_16" xlink:role="http://www.xbrl.org/2008/role/label" xlink:title="label" xml:lang="en">[520.00b] Hypercube [Statement of cash flows, Indirect method] - Details on other components of cash flows from (used in) investing activities</label:label>
    <gen:arc xlink:type="arc" xlink:arcrole="http://xbrl.org/arcrole/2008/element-label" xlink:from="roleType_8" xlink:to="label_16" xlink:title="user-defined: roleType to label" order="2.0"/>
    <link:loc xlink:type="locator" xlink:href="../ifrs-dk_520.00_2014-12-20/rol_ifrs-dk_520.00_2014-12-20.xsd#ifrs-dk_52000c_RoleHypercubeStatementOfCashFlowsIndirectMethodDetailsOnOtherComponentsOfCashFlowsFromUsedInFinancingActivities" xlink:label="roleType_9" xlink:title="roleType"/>
    <label:label xlink:type="resource" xlink:label="label_17" xlink:role="http://www.xbrl.org/2008/role/label" xlink:title="label" xml:lang="da">[520.00c] Hypercube [Pengestrømsopgørelse] - Detaljer om element i pengestrømme fra finansieringsaktivitet</label:label>
    <gen:arc xlink:type="arc" xlink:arcrole="http://xbrl.org/arcrole/2008/element-label" xlink:from="roleType_9" xlink:to="label_17" xlink:title="user-defined: roleType to label" order="1.0"/>
    <label:label xlink:type="resource" xlink:label="label_18" xlink:role="http://www.xbrl.org/2008/role/label" xlink:title="label" xml:lang="en">[520.00c] Hypercube [Statement of cash flows, Indirect method] - Details on other components of cash flows from (used in) financing activities</label:label>
    <gen:arc xlink:type="arc" xlink:arcrole="http://xbrl.org/arcrole/2008/element-label" xlink:from="roleType_9" xlink:to="label_18" xlink:title="user-defined: roleType to label" order="2.0"/>
  </gen:link>
</link:linkbase>
