<?xml version="1.0" encoding="UTF-8"?>
<!-- Generated by Fujitsu Interstage XWand B0209 -->
<?officialURI http://archprod.service.eogs.dk/taxonomy/20151001/tax/002tax_def.xml?>

<?taxonomy-version 1.6.0?>

<link:linkbase xmlns:xsi="http://www.w3.org/2001/XMLSchema-instance" xsi:schemaLocation="http://www.xbrl.org/2003/linkbase http://www.xbrl.org/2003/xbrl-linkbase-2003-12-31.xsd" xmlns:link="http://www.xbrl.org/2003/linkbase" xmlns:entry="http://xbrl.dcca.dk/entryBalanceSheetAccountByCurrentAndLongTermFormIncomeStatementByNature" xmlns:xlink="http://www.w3.org/1999/xlink" xmlns:xbrli="http://www.xbrl.org/2003/instance" xmlns:xbrldt="http://xbrl.org/2005/xbrldt">
  <link:roleRef roleURI="http://xbrl.dcca.dk/role/002.00/InformationForDanishTaxAuthority" xlink:type="simple" xlink:href="tax.xsd#tax_RoleInformationForDanishTaxAuthority"/>
  <link:roleRef roleURI="http://xbrl.dcca.dk/role/901.01/DimensionConsolidatedSolo" xlink:type="simple" xlink:href="../cmn.xsd#cmn_RoleDimensionConsolidatedSolo"/>
  <link:arcroleRef arcroleURI="http://xbrl.org/int/dim/arcrole/all" xlink:type="simple" xlink:href="http://www.xbrl.org/2005/xbrldt-2005.xsd#all"/>
  <link:arcroleRef arcroleURI="http://xbrl.org/int/dim/arcrole/domain-member" xlink:type="simple" xlink:href="http://www.xbrl.org/2005/xbrldt-2005.xsd#domain-member"/>
  <link:arcroleRef arcroleURI="http://xbrl.org/int/dim/arcrole/hypercube-dimension" xlink:type="simple" xlink:href="http://www.xbrl.org/2005/xbrldt-2005.xsd#hypercube-dimension"/>
  <link:definitionLink xlink:type="extended" xlink:role="http://xbrl.dcca.dk/role/002.00/InformationForDanishTaxAuthority">
    <link:loc xlink:type="locator" xlink:href="../cmn.xsd#cmn_CommonHypercube" xlink:label="CommonHypercube"/>
    <link:loc xlink:type="locator" xlink:href="../cmn.xsd#cmn_ConsolidatedSoloDimension" xlink:label="ConsolidatedSoloDimension"/>
    <link:definitionArc xlink:type="arc" xlink:arcrole="http://xbrl.org/int/dim/arcrole/hypercube-dimension" xlink:from="CommonHypercube" xlink:to="ConsolidatedSoloDimension" order="10.0" xbrldt:targetRole="http://xbrl.dcca.dk/role/901.01/DimensionConsolidatedSolo"/>
    <link:loc xlink:type="locator" xlink:href="../gsd/gsd.xsd#gsd_InformationOnSubmissionReportAndReportingEntityAbstract" xlink:label="InformationOnSubmissionReportAndReportingEntityAbstract" xlink:title="InformationOnSubmissionReportAndReportingEntityAbstract"/>
    <link:loc xlink:type="locator" xlink:href="../gsd/gsd.xsd#gsd_InformationOnTypeOfSubmittedReport" xlink:label="InformationOnTypeOfSubmittedReport" xlink:title="InformationOnTypeOfSubmittedReport"/>
    <link:definitionArc xlink:type="arc" xlink:arcrole="http://xbrl.org/int/dim/arcrole/domain-member" xlink:from="InformationOnSubmissionReportAndReportingEntityAbstract" xlink:to="InformationOnTypeOfSubmittedReport" xlink:title="definition: InformationOnSubmissionReportAndReportingEntityAbstract to InformationOnTypeOfSubmittedReport" order="10.0"/>
    <link:loc xlink:type="locator" xlink:href="../gsd/gsd.xsd#gsd_InformationOnEnterpriseSubmittingReportAbstract" xlink:label="InformationOnEnterpriseSubmittingReportAbstract" xlink:title="InformationOnEnterpriseSubmittingReportAbstract"/>
    <link:definitionArc xlink:type="arc" xlink:arcrole="http://xbrl.org/int/dim/arcrole/domain-member" xlink:from="InformationOnSubmissionReportAndReportingEntityAbstract" xlink:to="InformationOnEnterpriseSubmittingReportAbstract" xlink:title="definition: InformationOnSubmissionReportAndReportingEntityAbstract to InformationOnEnterpriseSubmittingReportAbstract" order="30.0"/>
    <link:loc xlink:type="locator" xlink:href="../gsd/gsd.xsd#gsd_IdentificationNumberCvrOfSubmittingEnterprise" xlink:label="IdentificationNumberCvrOfSubmittingEnterprise" xlink:title="IdentificationNumberCvrOfSubmittingEnterprise"/>
    <link:definitionArc xlink:type="arc" xlink:arcrole="http://xbrl.org/int/dim/arcrole/domain-member" xlink:from="InformationOnEnterpriseSubmittingReportAbstract" xlink:to="IdentificationNumberCvrOfSubmittingEnterprise" xlink:title="definition: InformationOnEnterpriseSubmittingReportAbstract to IdentificationNumberCvrOfSubmittingEnterprise" order="10.0"/>
    <link:loc xlink:type="locator" xlink:href="../gsd/gsd.xsd#gsd_NameOfSubmittingEnterprise" xlink:label="NameOfSubmittingEnterprise" xlink:title="NameOfSubmittingEnterprise"/>
    <link:definitionArc xlink:type="arc" xlink:arcrole="http://xbrl.org/int/dim/arcrole/domain-member" xlink:from="InformationOnEnterpriseSubmittingReportAbstract" xlink:to="NameOfSubmittingEnterprise" xlink:title="definition: InformationOnEnterpriseSubmittingReportAbstract to NameOfSubmittingEnterprise" order="20.0"/>
    <link:loc xlink:type="locator" xlink:href="../gsd/gsd.xsd#gsd_AddressOfSubmittingEnterpriseStreetAndNumber" xlink:label="AddressOfSubmittingEnterpriseStreetAndNumber" xlink:title="AddressOfSubmittingEnterpriseStreetAndNumber"/>
    <link:definitionArc xlink:type="arc" xlink:arcrole="http://xbrl.org/int/dim/arcrole/domain-member" xlink:from="InformationOnEnterpriseSubmittingReportAbstract" xlink:to="AddressOfSubmittingEnterpriseStreetAndNumber" xlink:title="definition: InformationOnEnterpriseSubmittingReportAbstract to AddressOfSubmittingEnterpriseStreetAndNumber" order="30.0"/>
    <link:loc xlink:type="locator" xlink:href="../gsd/gsd.xsd#gsd_AddressOfSubmittingEnterprisePostcodeAndTown" xlink:label="AddressOfSubmittingEnterprisePostcodeAndTown" xlink:title="AddressOfSubmittingEnterprisePostcodeAndTown"/>
    <link:definitionArc xlink:type="arc" xlink:arcrole="http://xbrl.org/int/dim/arcrole/domain-member" xlink:from="InformationOnEnterpriseSubmittingReportAbstract" xlink:to="AddressOfSubmittingEnterprisePostcodeAndTown" xlink:title="definition: InformationOnEnterpriseSubmittingReportAbstract to AddressOfSubmittingEnterprisePostcodeAndTown" order="40.0"/>
    <link:loc xlink:type="locator" xlink:href="../gsd/gsd.xsd#gsd_InformationOnReportingEntityAbstract" xlink:label="InformationOnReportingEntityAbstract" xlink:title="InformationOnReportingEntityAbstract"/>
    <link:definitionArc xlink:type="arc" xlink:arcrole="http://xbrl.org/int/dim/arcrole/domain-member" xlink:from="InformationOnSubmissionReportAndReportingEntityAbstract" xlink:to="InformationOnReportingEntityAbstract" xlink:title="definition: InformationOnSubmissionReportAndReportingEntityAbstract to InformationOnReportingEntityAbstract" order="20.0"/>
    <link:loc xlink:type="locator" xlink:href="../gsd/gsd.xsd#gsd_IdentificationNumberCvrOfReportingEntity" xlink:label="IdentificationNumberCvrOfReportingEntity"/>
    <link:definitionArc xlink:type="arc" xlink:arcrole="http://xbrl.org/int/dim/arcrole/domain-member" xlink:from="InformationOnReportingEntityAbstract" xlink:to="IdentificationNumberCvrOfReportingEntity" xlink:title="definition: InformationOnReportingEntityAbstract to IdentificationNumberCvrOfReportingEntity" order="10.0"/>
    <link:loc xlink:type="locator" xlink:href="../gsd/gsd.xsd#gsd_NameOfReportingEntity" xlink:label="NameOfReportingEntity" xlink:title="NameOfReportingEntity"/>
    <link:definitionArc xlink:type="arc" xlink:arcrole="http://xbrl.org/int/dim/arcrole/domain-member" xlink:from="InformationOnReportingEntityAbstract" xlink:to="NameOfReportingEntity" xlink:title="definition: InformationOnReportingEntityAbstract to NameOfReportingEntity" order="20.0"/>
    <link:loc xlink:type="locator" xlink:href="../gsd/gsd.xsd#gsd_ReportingPeriodEndDate" xlink:label="ReportingPeriodEndDate" xlink:title="ReportingPeriodEndDate"/>
    <link:definitionArc xlink:type="arc" xlink:arcrole="http://xbrl.org/int/dim/arcrole/domain-member" xlink:from="InformationOnSubmissionReportAndReportingEntityAbstract" xlink:to="ReportingPeriodEndDate" xlink:title="definition: InformationOnSubmissionReportAndReportingEntityAbstract to ReportingPeriodEndDate" order="50.0"/>
    <link:loc xlink:type="locator" xlink:href="../gsd/gsd.xsd#gsd_ReportingPeriodStartDate" xlink:label="ReportingPeriodStartDate" xlink:title="ReportingPeriodStartDate"/>
    <link:definitionArc xlink:type="arc" xlink:arcrole="http://xbrl.org/int/dim/arcrole/domain-member" xlink:from="InformationOnSubmissionReportAndReportingEntityAbstract" xlink:to="ReportingPeriodStartDate" xlink:title="definition: InformationOnSubmissionReportAndReportingEntityAbstract to ReportingPeriodStartDate" order="40.0"/>
    <link:loc xlink:type="locator" xlink:href="tax.xsd#tax_InformationForDanishTaxAuthorityAbstract" xlink:label="InformationForDanishTaxAuthorityAbstract"/>
    <link:loc xlink:type="locator" xlink:href="tax.xsd#tax_TaxLossesCarriedForward" xlink:label="TaxLossesCarriedForward"/>
    <link:definitionArc xlink:type="arc" xlink:arcrole="http://xbrl.org/int/dim/arcrole/domain-member" xlink:from="InformationForDanishTaxAuthorityAbstract" xlink:to="TaxLossesCarriedForward" order="150.0"/>
    <link:loc xlink:type="locator" xlink:href="tax.xsd#tax_FilledInTaxableIncome" xlink:label="FilledInTaxableIncome"/>
    <link:definitionArc xlink:type="arc" xlink:arcrole="http://xbrl.org/int/dim/arcrole/domain-member" xlink:from="InformationForDanishTaxAuthorityAbstract" xlink:to="FilledInTaxableIncome" priority="1" order="140.0"/>
    <link:loc xlink:type="locator" xlink:href="tax.xsd#tax_TaxReduction" xlink:label="TaxReduction"/>
    <link:definitionArc xlink:type="arc" xlink:arcrole="http://xbrl.org/int/dim/arcrole/domain-member" xlink:from="InformationForDanishTaxAuthorityAbstract" xlink:to="TaxReduction" order="270.0"/>
    <link:loc xlink:type="locator" xlink:href="tax.xsd#tax_DistributedResultBasedOnIncomeFromPreviousPeriodIncludingExtraordinaryDividend" xlink:label="DistributedResultBasedOnIncomeFromPreviousPeriodIncludingExtraordinaryDividend"/>
    <link:definitionArc xlink:type="arc" xlink:arcrole="http://xbrl.org/int/dim/arcrole/domain-member" xlink:from="InformationForDanishTaxAuthorityAbstract" xlink:to="DistributedResultBasedOnIncomeFromPreviousPeriodIncludingExtraordinaryDividend" order="340.0"/>
    <link:loc xlink:type="locator" xlink:href="tax.xsd#tax_ResultOnTreasurySharesBasedOnIncomePreviousPeriodIncludingExtraordinaryDividendTreasuryShares" xlink:label="ResultOnTreasurySharesBasedOnIncomePreviousPeriodIncludingExtraordinaryDividendTreasuryShares"/>
    <link:definitionArc xlink:type="arc" xlink:arcrole="http://xbrl.org/int/dim/arcrole/domain-member" xlink:from="DistributedResultBasedOnIncomeFromPreviousPeriodIncludingExtraordinaryDividend" xlink:to="ResultOnTreasurySharesBasedOnIncomePreviousPeriodIncludingExtraordinaryDividendTreasuryShares" use="optional" order="10.0"/>
    <link:loc xlink:type="locator" xlink:href="tax.xsd#tax_TaxpayersClassSubjectToControlledTransactions" xlink:label="TaxpayersClassSubjectToControlledTransactions"/>
    <link:definitionArc xlink:type="arc" xlink:arcrole="http://xbrl.org/int/dim/arcrole/domain-member" xlink:from="InformationForDanishTaxAuthorityAbstract" xlink:to="TaxpayersClassSubjectToControlledTransactions" order="280.0"/>
    <link:loc xlink:type="locator" xlink:href="tax.xsd#tax_ControlledTransactionsExceed5MioDkk" xlink:label="ControlledTransactionsExceed5MioDkk"/>
    <link:definitionArc xlink:type="arc" xlink:arcrole="http://xbrl.org/int/dim/arcrole/domain-member" xlink:from="InformationForDanishTaxAuthorityAbstract" xlink:to="ControlledTransactionsExceed5MioDkk" order="290.0"/>
    <link:loc xlink:type="locator" xlink:href="tax.xsd#tax_ControlledDebtsExceedRatioOfForeignCapitalAndEquity4to1" xlink:label="ControlledDebtsExceedRatioOfForeignCapitalAndEquity4to1"/>
    <link:definitionArc xlink:type="arc" xlink:arcrole="http://xbrl.org/int/dim/arcrole/domain-member" xlink:from="InformationForDanishTaxAuthorityAbstract" xlink:to="ControlledDebtsExceedRatioOfForeignCapitalAndEquity4to1" order="300.0"/>
    <link:loc xlink:type="locator" xlink:href="tax.xsd#tax_DeficitBalanceToOffsettingInFutureTaxableIncome" xlink:label="DeficitBalanceToOffsettingInFutureTaxableIncome"/>
    <link:definitionArc xlink:type="arc" xlink:arcrole="http://xbrl.org/int/dim/arcrole/domain-member" xlink:from="InformationForDanishTaxAuthorityAbstract" xlink:to="DeficitBalanceToOffsettingInFutureTaxableIncome" order="160.0"/>
    <link:loc xlink:type="locator" xlink:href="tax.xsd#tax_LossBalanceSalesOfShares" xlink:label="LossBalanceSalesOfShares"/>
    <link:definitionArc xlink:type="arc" xlink:arcrole="http://xbrl.org/int/dim/arcrole/domain-member" xlink:from="InformationForDanishTaxAuthorityAbstract" xlink:to="LossBalanceSalesOfShares" order="170.0"/>
    <link:loc xlink:type="locator" xlink:href="tax.xsd#tax_LossBalanceSalesOfProperty" xlink:label="LossBalanceSalesOfProperty"/>
    <link:definitionArc xlink:type="arc" xlink:arcrole="http://xbrl.org/int/dim/arcrole/domain-member" xlink:from="InformationForDanishTaxAuthorityAbstract" xlink:to="LossBalanceSalesOfProperty" order="180.0"/>
    <link:loc xlink:type="locator" xlink:href="tax.xsd#tax_LossBalancePriceAdjustment" xlink:label="LossBalancePriceAdjustment"/>
    <link:definitionArc xlink:type="arc" xlink:arcrole="http://xbrl.org/int/dim/arcrole/domain-member" xlink:from="InformationForDanishTaxAuthorityAbstract" xlink:to="LossBalancePriceAdjustment" order="190.0"/>
    <link:loc xlink:type="locator" xlink:href="tax.xsd#tax_AcquiredDanishDividendGrossBeforeRetentionOfDividendTax" xlink:label="AcquiredDanishDividendGrossBeforeRetentionOfDividendTax"/>
    <link:definitionArc xlink:type="arc" xlink:arcrole="http://xbrl.org/int/dim/arcrole/domain-member" xlink:from="InformationForDanishTaxAuthorityAbstract" xlink:to="AcquiredDanishDividendGrossBeforeRetentionOfDividendTax" order="220.0"/>
    <link:loc xlink:type="locator" xlink:href="tax.xsd#tax_AcquiredForeignDividendGrossBeforeRetentionOfDividendTax" xlink:label="AcquiredForeignDividendGrossBeforeRetentionOfDividendTax"/>
    <link:definitionArc xlink:type="arc" xlink:arcrole="http://xbrl.org/int/dim/arcrole/domain-member" xlink:from="InformationForDanishTaxAuthorityAbstract" xlink:to="AcquiredForeignDividendGrossBeforeRetentionOfDividendTax" order="260.0"/>
    <link:loc xlink:type="locator" xlink:href="tax.xsd#tax_ExemptionFromAdditionalAccountingInformation" xlink:label="ExemptionFromAdditionalAccountingInformation"/>
    <link:definitionArc xlink:type="arc" xlink:arcrole="http://xbrl.org/int/dim/arcrole/domain-member" xlink:from="InformationForDanishTaxAuthorityAbstract" xlink:to="ExemptionFromAdditionalAccountingInformation" order="350.0"/>
    <link:loc xlink:type="locator" xlink:href="tax.xsd#tax_ReasonForExemptionFromAdditionalAccountingInformation" xlink:label="ReasonForExemptionFromAdditionalAccountingInformation"/>
    <link:definitionArc xlink:type="arc" xlink:arcrole="http://xbrl.org/int/dim/arcrole/domain-member" xlink:from="ExemptionFromAdditionalAccountingInformation" xlink:to="ReasonForExemptionFromAdditionalAccountingInformation" use="optional" order="10.0"/>
    <link:loc xlink:type="locator" xlink:href="tax.xsd#tax_TypeOfAuditorAssistance" xlink:label="TypeOfAuditorAssistance"/>
    <link:definitionArc xlink:type="arc" xlink:arcrole="http://xbrl.org/int/dim/arcrole/domain-member" xlink:from="InformationForDanishTaxAuthorityAbstract" xlink:to="TypeOfAuditorAssistance" order="360.0"/>
    <link:loc xlink:type="locator" xlink:href="tax.xsd#tax_AuditorsReportProvidedForAnnualReport" xlink:label="AuditorsReportProvidedForAnnualReport"/>
    <link:definitionArc xlink:type="arc" xlink:arcrole="http://xbrl.org/int/dim/arcrole/domain-member" xlink:from="InformationForDanishTaxAuthorityAbstract" xlink:to="AuditorsReportProvidedForAnnualReport" order="370.0"/>
    <link:loc xlink:type="locator" xlink:href="tax.xsd#tax_CoverageOfAuditorsReport" xlink:label="CoverageOfAuditorsReport"/>
    <link:definitionArc xlink:type="arc" xlink:arcrole="http://xbrl.org/int/dim/arcrole/domain-member" xlink:from="InformationForDanishTaxAuthorityAbstract" xlink:to="CoverageOfAuditorsReport" order="380.0"/>
    <link:loc xlink:type="locator" xlink:href="tax.xsd#tax_AuditorsReportContainsReservationsOrAdditionalInformation" xlink:label="AuditorsReportContainsReservationsOrAdditionalInformation"/>
    <link:definitionArc xlink:type="arc" xlink:arcrole="http://xbrl.org/int/dim/arcrole/domain-member" xlink:from="InformationForDanishTaxAuthorityAbstract" xlink:to="AuditorsReportContainsReservationsOrAdditionalInformation" order="390.0"/>
    <link:loc xlink:type="locator" xlink:href="tax.xsd#tax_TaxableIncomeCalculatedWithAssistanceOfAuditor" xlink:label="TaxableIncomeCalculatedWithAssistanceOfAuditor"/>
    <link:definitionArc xlink:type="arc" xlink:arcrole="http://xbrl.org/int/dim/arcrole/domain-member" xlink:from="InformationForDanishTaxAuthorityAbstract" xlink:to="TaxableIncomeCalculatedWithAssistanceOfAuditor" order="410.0"/>
    <link:loc xlink:type="locator" xlink:href="tax.xsd#tax_TaxExpenses" xlink:label="TaxExpenses"/>
    <link:definitionArc xlink:type="arc" xlink:arcrole="http://xbrl.org/int/dim/arcrole/domain-member" xlink:from="InformationForDanishTaxAuthorityAbstract" xlink:to="TaxExpenses" order="420.0"/>
    <link:loc xlink:type="locator" xlink:href="tax.xsd#tax_TaxExpensesNominator" xlink:label="TaxExpensesNominator"/>
    <link:definitionArc xlink:type="arc" xlink:arcrole="http://xbrl.org/int/dim/arcrole/domain-member" xlink:from="TaxExpenses" xlink:to="TaxExpensesNominator" order="10.0"/>
    <link:loc xlink:type="locator" xlink:href="tax.xsd#tax_NetInflowOfTangibleAndIntangibleAssetsAtPurchasePrice" xlink:label="NetInflowOfTangibleAndIntangibleAssetsAtPurchasePrice"/>
    <link:definitionArc xlink:type="arc" xlink:arcrole="http://xbrl.org/int/dim/arcrole/domain-member" xlink:from="InformationForDanishTaxAuthorityAbstract" xlink:to="NetInflowOfTangibleAndIntangibleAssetsAtPurchasePrice" order="430.0"/>
    <link:loc xlink:type="locator" xlink:href="tax.xsd#tax_NetRedemptionsOfTangibleAndIntangibleAssetsAtSellingPrice" xlink:label="NetRedemptionsOfTangibleAndIntangibleAssetsAtSellingPrice"/>
    <link:definitionArc xlink:type="arc" xlink:arcrole="http://xbrl.org/int/dim/arcrole/domain-member" xlink:from="InformationForDanishTaxAuthorityAbstract" xlink:to="NetRedemptionsOfTangibleAndIntangibleAssetsAtSellingPrice" order="440.0"/>
    <link:loc xlink:type="locator" xlink:href="tax.xsd#tax_ChangesOccurredToAccountingPoliciesOrMeasurementBasis" xlink:label="ChangesOccurredToAccountingPoliciesOrMeasurementBasis"/>
    <link:definitionArc xlink:type="arc" xlink:arcrole="http://xbrl.org/int/dim/arcrole/domain-member" xlink:from="InformationForDanishTaxAuthorityAbstract" xlink:to="ChangesOccurredToAccountingPoliciesOrMeasurementBasis" order="450.0"/>
    <link:loc xlink:type="locator" xlink:href="tax.xsd#tax_CertainReversedNontaxableRevenues" xlink:label="CertainReversedNontaxableRevenues"/>
    <link:definitionArc xlink:type="arc" xlink:arcrole="http://xbrl.org/int/dim/arcrole/domain-member" xlink:from="InformationForDanishTaxAuthorityAbstract" xlink:to="CertainReversedNontaxableRevenues" order="460.0"/>
    <link:loc xlink:type="locator" xlink:href="tax.xsd#tax_CertainReversedNondeductibleExpenses" xlink:label="CertainReversedNondeductibleExpenses"/>
    <link:definitionArc xlink:type="arc" xlink:arcrole="http://xbrl.org/int/dim/arcrole/domain-member" xlink:from="InformationForDanishTaxAuthorityAbstract" xlink:to="CertainReversedNondeductibleExpenses" order="470.0"/>
    <link:loc xlink:type="locator" xlink:href="tax.xsd#tax_TaxLossOnSalesOfIntangibleAssets" xlink:label="TaxLossOnSalesOfIntangibleAssets"/>
    <link:definitionArc xlink:type="arc" xlink:arcrole="http://xbrl.org/int/dim/arcrole/domain-member" xlink:from="InformationForDanishTaxAuthorityAbstract" xlink:to="TaxLossOnSalesOfIntangibleAssets" order="480.0"/>
    <link:loc xlink:type="locator" xlink:href="tax.xsd#tax_RealEstateWriteoffDueToDemolition" xlink:label="RealEstateWriteoffDueToDemolition"/>
    <link:definitionArc xlink:type="arc" xlink:arcrole="http://xbrl.org/int/dim/arcrole/domain-member" xlink:from="InformationForDanishTaxAuthorityAbstract" xlink:to="RealEstateWriteoffDueToDemolition" order="500.0"/>
    <link:loc xlink:type="locator" xlink:href="tax.xsd#tax_RealEstateFiscalWriteoff" xlink:label="RealEstateFiscalWriteoff"/>
    <link:definitionArc xlink:type="arc" xlink:arcrole="http://xbrl.org/int/dim/arcrole/domain-member" xlink:from="InformationForDanishTaxAuthorityAbstract" xlink:to="RealEstateFiscalWriteoff" order="510.0"/>
    <link:loc xlink:type="locator" xlink:href="tax.xsd#tax_RealEstateRegainedFiscalWriteoff" xlink:label="RealEstateRegainedFiscalWriteoff"/>
    <link:definitionArc xlink:type="arc" xlink:arcrole="http://xbrl.org/int/dim/arcrole/domain-member" xlink:from="InformationForDanishTaxAuthorityAbstract" xlink:to="RealEstateRegainedFiscalWriteoff" order="520.0"/>
    <link:loc xlink:type="locator" xlink:href="tax.xsd#tax_DurableGoodsFiscalWriteoff" xlink:label="DurableGoodsFiscalWriteoff"/>
    <link:definitionArc xlink:type="arc" xlink:arcrole="http://xbrl.org/int/dim/arcrole/domain-member" xlink:from="InformationForDanishTaxAuthorityAbstract" xlink:to="DurableGoodsFiscalWriteoff" order="530.0"/>
    <link:loc xlink:type="locator" xlink:href="tax.xsd#tax_MinorDurableGoodsImmediateWriteoff" xlink:label="MinorDurableGoodsImmediateWriteoff"/>
    <link:definitionArc xlink:type="arc" xlink:arcrole="http://xbrl.org/int/dim/arcrole/domain-member" xlink:from="InformationForDanishTaxAuthorityAbstract" xlink:to="MinorDurableGoodsImmediateWriteoff" order="540.0"/>
    <link:loc xlink:type="locator" xlink:href="tax.xsd#tax_IntangibleAssetsFiscalWriteoff" xlink:label="IntangibleAssetsFiscalWriteoff"/>
    <link:definitionArc xlink:type="arc" xlink:arcrole="http://xbrl.org/int/dim/arcrole/domain-member" xlink:from="InformationForDanishTaxAuthorityAbstract" xlink:to="IntangibleAssetsFiscalWriteoff" order="550.0"/>
    <link:loc xlink:type="locator" xlink:href="tax.xsd#tax_WritedownOfInventoryDueToUnsaleability" xlink:label="WritedownOfInventoryDueToUnsaleability"/>
    <link:definitionArc xlink:type="arc" xlink:arcrole="http://xbrl.org/int/dim/arcrole/domain-member" xlink:from="InformationForDanishTaxAuthorityAbstract" xlink:to="WritedownOfInventoryDueToUnsaleability" order="570.0"/>
    <link:loc xlink:type="locator" xlink:href="tax.xsd#tax_DeductedProvisions" xlink:label="DeductedProvisions"/>
    <link:definitionArc xlink:type="arc" xlink:arcrole="http://xbrl.org/int/dim/arcrole/domain-member" xlink:from="InformationForDanishTaxAuthorityAbstract" xlink:to="DeductedProvisions" order="580.0"/>
    <link:loc xlink:type="locator" xlink:href="tax.xsd#tax_ProfitLossOnRedemptionOfCashLoansBasedOnUnderlyingBonds" xlink:label="ProfitLossOnRedemptionOfCashLoansBasedOnUnderlyingBonds"/>
    <link:definitionArc xlink:type="arc" xlink:arcrole="http://xbrl.org/int/dim/arcrole/domain-member" xlink:from="InformationForDanishTaxAuthorityAbstract" xlink:to="ProfitLossOnRedemptionOfCashLoansBasedOnUnderlyingBonds" order="590.0"/>
    <link:loc xlink:type="locator" xlink:href="tax.xsd#tax_ProfitLossOnRedemptionOfCashLoansBasedOnUnderlyingBondsNominator" xlink:label="ProfitLossOnRedemptionOfCashLoansBasedOnUnderlyingBondsNominator"/>
    <link:definitionArc xlink:type="arc" xlink:arcrole="http://xbrl.org/int/dim/arcrole/domain-member" xlink:from="ProfitLossOnRedemptionOfCashLoansBasedOnUnderlyingBonds" xlink:to="ProfitLossOnRedemptionOfCashLoansBasedOnUnderlyingBondsNominator" order="10.0"/>
    <link:loc xlink:type="locator" xlink:href="tax.xsd#tax_ObtainedChordOrDebtRelief" xlink:label="ObtainedChordOrDebtRelief"/>
    <link:definitionArc xlink:type="arc" xlink:arcrole="http://xbrl.org/int/dim/arcrole/domain-member" xlink:from="InformationForDanishTaxAuthorityAbstract" xlink:to="ObtainedChordOrDebtRelief" order="600.0"/>
    <link:loc xlink:type="locator" xlink:href="tax.xsd#tax_TaxLiableOrTaxExemptedRestructuringOrSaleOrAcquisitionOfOtherCompany" xlink:label="TaxLiableOrTaxExemptedRestructuringOrSaleOrAcquisitionOfOtherCompany"/>
    <link:definitionArc xlink:type="arc" xlink:arcrole="http://xbrl.org/int/dim/arcrole/domain-member" xlink:from="InformationForDanishTaxAuthorityAbstract" xlink:to="TaxLiableOrTaxExemptedRestructuringOrSaleOrAcquisitionOfOtherCompany" order="610.0"/>
    <link:loc xlink:type="locator" xlink:href="tax.xsd#tax_TaxExemptedRestructuringWithoutPermission" xlink:label="TaxExemptedRestructuringWithoutPermission"/>
    <link:definitionArc xlink:type="arc" xlink:arcrole="http://xbrl.org/int/dim/arcrole/domain-member" xlink:from="InformationForDanishTaxAuthorityAbstract" xlink:to="TaxExemptedRestructuringWithoutPermission" order="620.0"/>
    <link:loc xlink:type="locator" xlink:href="tax.xsd#tax_BalanceForRecapturedTaxationAccordingToCorporateTaxAct" xlink:label="BalanceForRecapturedTaxationAccordingToCorporateTaxAct"/>
    <link:definitionArc xlink:type="arc" xlink:arcrole="http://xbrl.org/int/dim/arcrole/domain-member" xlink:from="InformationForDanishTaxAuthorityAbstract" xlink:to="BalanceForRecapturedTaxationAccordingToCorporateTaxAct" order="200.0"/>
    <link:loc xlink:type="locator" xlink:href="tax.xsd#tax_BalanceForRecapturedTaxationAccordingToOtherAct" xlink:label="BalanceForRecapturedTaxationAccordingToOtherAct"/>
    <link:definitionArc xlink:type="arc" xlink:arcrole="http://xbrl.org/int/dim/arcrole/domain-member" xlink:from="InformationForDanishTaxAuthorityAbstract" xlink:to="BalanceForRecapturedTaxationAccordingToOtherAct" order="210.0"/>
    <link:loc xlink:type="locator" xlink:href="tax.xsd#tax_FoundationsSpecificFieldsAbstract" xlink:label="FoundationsSpecificFieldsAbstract"/>
    <link:definitionArc xlink:type="arc" xlink:arcrole="http://xbrl.org/int/dim/arcrole/domain-member" xlink:from="InformationForDanishTaxAuthorityAbstract" xlink:to="FoundationsSpecificFieldsAbstract" order="640.0"/>
    <link:loc xlink:type="locator" xlink:href="tax.xsd#tax_GiftsForEstablishingFoundationWithPreferencesToCertainFamilies" xlink:label="GiftsForEstablishingFoundationWithPreferencesToCertainFamilies"/>
    <link:definitionArc xlink:type="arc" xlink:arcrole="http://xbrl.org/int/dim/arcrole/domain-member" xlink:from="FoundationsSpecificFieldsAbstract" xlink:to="GiftsForEstablishingFoundationWithPreferencesToCertainFamilies" use="optional" order="10.0"/>
    <link:loc xlink:type="locator" xlink:href="tax.xsd#tax_DeductionForDistributionsToCharitablePurposesNotBasedOnPreviousPeriodsProvisionsOrReserves" xlink:label="DeductionForDistributionsToCharitablePurposesNotBasedOnPreviousPeriodsProvisionsOrReserves"/>
    <link:definitionArc xlink:type="arc" xlink:arcrole="http://xbrl.org/int/dim/arcrole/domain-member" xlink:from="FoundationsSpecificFieldsAbstract" xlink:to="DeductionForDistributionsToCharitablePurposesNotBasedOnPreviousPeriodsProvisionsOrReserves" use="optional" order="20.0"/>
    <link:loc xlink:type="locator" xlink:href="tax.xsd#tax_DeductionForDistributionsToNoncharitablePurposes" xlink:label="DeductionForDistributionsToNoncharitablePurposes"/>
    <link:definitionArc xlink:type="arc" xlink:arcrole="http://xbrl.org/int/dim/arcrole/domain-member" xlink:from="FoundationsSpecificFieldsAbstract" xlink:to="DeductionForDistributionsToNoncharitablePurposes" use="optional" order="30.0"/>
    <link:loc xlink:type="locator" xlink:href="tax.xsd#tax_DeductionForProvisionsToCharitablePurposes" xlink:label="DeductionForProvisionsToCharitablePurposes"/>
    <link:definitionArc xlink:type="arc" xlink:arcrole="http://xbrl.org/int/dim/arcrole/domain-member" xlink:from="FoundationsSpecificFieldsAbstract" xlink:to="DeductionForProvisionsToCharitablePurposes" use="optional" order="40.0"/>
    <link:loc xlink:type="locator" xlink:href="tax.xsd#tax_UsedForOtherPurposes" xlink:label="UsedForOtherPurposes"/>
    <link:definitionArc xlink:type="arc" xlink:arcrole="http://xbrl.org/int/dim/arcrole/domain-member" xlink:from="FoundationsSpecificFieldsAbstract" xlink:to="UsedForOtherPurposes" use="optional" order="70.0"/>
    <link:loc xlink:type="locator" xlink:href="tax.xsd#tax_AdditionalAssessmentOfUnusedProvisioning" xlink:label="AdditionalAssessmentOfUnusedProvisioning"/>
    <link:definitionArc xlink:type="arc" xlink:arcrole="http://xbrl.org/int/dim/arcrole/domain-member" xlink:from="FoundationsSpecificFieldsAbstract" xlink:to="AdditionalAssessmentOfUnusedProvisioning" use="optional" order="80.0"/>
    <link:loc xlink:type="locator" xlink:href="tax.xsd#tax_UsedForCharitablePurposes" xlink:label="UsedForCharitablePurposes"/>
    <link:definitionArc xlink:type="arc" xlink:arcrole="http://xbrl.org/int/dim/arcrole/domain-member" xlink:from="FoundationsSpecificFieldsAbstract" xlink:to="UsedForCharitablePurposes" use="optional" order="100.0"/>
    <link:loc xlink:type="locator" xlink:href="tax.xsd#tax_UsedForOtherPurposesWhichIsSubjectToAdditionalAssessment" xlink:label="UsedForOtherPurposesWhichIsSubjectToAdditionalAssessment"/>
    <link:definitionArc xlink:type="arc" xlink:arcrole="http://xbrl.org/int/dim/arcrole/domain-member" xlink:from="FoundationsSpecificFieldsAbstract" xlink:to="UsedForOtherPurposesWhichIsSubjectToAdditionalAssessment" use="optional" order="90.0"/>
    <link:loc xlink:type="locator" xlink:href="tax.xsd#tax_ProvisioningFromEarlierYearsThatHasNotBeenUsedOrAssesedOpeningBalanceMinusUseOfThatYear" xlink:label="ProvisioningFromEarlierYearsThatHasNotBeenUsedOrAssesedOpeningBalanceMinusUseOfThatYear"/>
    <link:definitionArc xlink:type="arc" xlink:arcrole="http://xbrl.org/int/dim/arcrole/domain-member" xlink:from="FoundationsSpecificFieldsAbstract" xlink:to="ProvisioningFromEarlierYearsThatHasNotBeenUsedOrAssesedOpeningBalanceMinusUseOfThatYear" use="optional" order="50.0"/>
    <link:loc xlink:type="locator" xlink:href="tax.xsd#tax_UsedForCharitablePurposesInYearOfIncome" xlink:label="UsedForCharitablePurposesInYearOfIncome"/>
    <link:definitionArc xlink:type="arc" xlink:arcrole="http://xbrl.org/int/dim/arcrole/domain-member" xlink:from="FoundationsSpecificFieldsAbstract" xlink:to="UsedForCharitablePurposesInYearOfIncome" use="optional" order="60.0"/>
    <link:definitionArc xlink:type="arc" xlink:arcrole="http://xbrl.org/int/dim/arcrole/all" xlink:from="InformationForDanishTaxAuthorityAbstract" xlink:to="CommonHypercube" order="650.0" xbrldt:contextElement="scenario" xbrldt:closed="true"/>
    <link:loc xlink:type="locator" xlink:href="tax.xsd#tax_FilingDate" xlink:label="FilingDate"/>
    <link:definitionArc xlink:type="arc" xlink:arcrole="http://xbrl.org/int/dim/arcrole/domain-member" xlink:from="InformationForDanishTaxAuthorityAbstract" xlink:to="FilingDate" order="130.0"/>
    <link:loc xlink:type="locator" xlink:href="../cmn.xsd#cmn_OrdinaryWriteoffsInRespectOfDebtors" xlink:label="OrdinaryWriteoffsInRespectOfDebtors"/>
    <link:definitionArc xlink:type="arc" xlink:arcrole="http://xbrl.org/int/dim/arcrole/domain-member" xlink:from="InformationForDanishTaxAuthorityAbstract" xlink:to="OrdinaryWriteoffsInRespectOfDebtors" order="560.0"/>
    <link:loc xlink:type="locator" xlink:href="tax.xsd#tax_FiscalYear" xlink:label="FiscalYear"/>
    <link:definitionArc xlink:type="arc" xlink:arcrole="http://xbrl.org/int/dim/arcrole/domain-member" xlink:from="InformationForDanishTaxAuthorityAbstract" xlink:to="FiscalYear" order="120.0"/>
    <link:loc xlink:type="locator" xlink:href="tax.xsd#tax_SaleOrAcquisitionOfIntangibleAssets" xlink:label="SaleOrAcquisitionOfIntangibleAssets"/>
    <link:definitionArc xlink:type="arc" xlink:arcrole="http://xbrl.org/int/dim/arcrole/domain-member" xlink:from="InformationForDanishTaxAuthorityAbstract" xlink:to="SaleOrAcquisitionOfIntangibleAssets" use="optional" order="630.0"/>
    <link:loc xlink:type="locator" xlink:href="tax.xsd#tax_AcquiredDanishGrossyieldWithRetentionOfDidvidendTax27PercentInIncomeYear" xlink:label="AcquiredDanishGrossyieldWithRetentionOfDidvidendTax27PercentInIncomeYear"/>
    <link:definitionArc xlink:type="arc" xlink:arcrole="http://xbrl.org/int/dim/arcrole/domain-member" xlink:from="InformationForDanishTaxAuthorityAbstract" xlink:to="AcquiredDanishGrossyieldWithRetentionOfDidvidendTax27PercentInIncomeYear" order="250.0"/>
    <link:loc xlink:type="locator" xlink:href="tax.xsd#tax_FiscalGains" xlink:label="FiscalGains"/>
    <link:definitionArc xlink:type="arc" xlink:arcrole="http://xbrl.org/int/dim/arcrole/domain-member" xlink:from="InformationForDanishTaxAuthorityAbstract" xlink:to="FiscalGains" order="490.0"/>
    <link:loc xlink:type="locator" xlink:href="tax.xsd#tax_TaxGainsOnSalesOfShares" xlink:label="TaxGainsOnSalesOfShares"/>
    <link:definitionArc xlink:type="arc" xlink:arcrole="http://xbrl.org/int/dim/arcrole/domain-member" xlink:from="FiscalGains" xlink:to="TaxGainsOnSalesOfShares" use="optional" order="10.0"/>
    <link:loc xlink:type="locator" xlink:href="tax.xsd#tax_TaxGainsOnSalesOfRealEstate" xlink:label="TaxGainsOnSalesOfRealEstate"/>
    <link:definitionArc xlink:type="arc" xlink:arcrole="http://xbrl.org/int/dim/arcrole/domain-member" xlink:from="FiscalGains" xlink:to="TaxGainsOnSalesOfRealEstate" use="optional" order="20.0"/>
    <link:loc xlink:type="locator" xlink:href="tax.xsd#tax_TaxGainsOnSalesOfIntangibleAssets" xlink:label="TaxGainsOnSalesOfIntangibleAssets"/>
    <link:definitionArc xlink:type="arc" xlink:arcrole="http://xbrl.org/int/dim/arcrole/domain-member" xlink:from="FiscalGains" xlink:to="TaxGainsOnSalesOfIntangibleAssets" use="optional" order="30.0"/>
    <link:loc xlink:type="locator" xlink:href="tax.xsd#tax_ContentOfReservationsOrAdditionalInformationInAuditorsReportAbstract" xlink:label="ContentOfReservationsOrAdditionalInformationInAuditorsReportAbstract"/>
    <link:definitionArc xlink:type="arc" xlink:arcrole="http://xbrl.org/int/dim/arcrole/domain-member" xlink:from="InformationForDanishTaxAuthorityAbstract" xlink:to="ContentOfReservationsOrAdditionalInformationInAuditorsReportAbstract" order="400.0"/>
    <link:loc xlink:type="locator" xlink:href="tax.xsd#tax_ComplianceWithTaxLegislation" xlink:label="ComplianceWithTaxLegislation"/>
    <link:definitionArc xlink:type="arc" xlink:arcrole="http://xbrl.org/int/dim/arcrole/domain-member" xlink:from="ContentOfReservationsOrAdditionalInformationInAuditorsReportAbstract" xlink:to="ComplianceWithTaxLegislation" order="10.0"/>
    <link:loc xlink:type="locator" xlink:href="tax.xsd#tax_ComplianceWithCompanyLaw" xlink:label="ComplianceWithCompanyLaw"/>
    <link:definitionArc xlink:type="arc" xlink:arcrole="http://xbrl.org/int/dim/arcrole/domain-member" xlink:from="ContentOfReservationsOrAdditionalInformationInAuditorsReportAbstract" xlink:to="ComplianceWithCompanyLaw" order="20.0"/>
    <link:loc xlink:type="locator" xlink:href="tax.xsd#tax_ComplianceWithAccountingLegislation" xlink:label="ComplianceWithAccountingLegislation"/>
    <link:definitionArc xlink:type="arc" xlink:arcrole="http://xbrl.org/int/dim/arcrole/domain-member" xlink:from="ContentOfReservationsOrAdditionalInformationInAuditorsReportAbstract" xlink:to="ComplianceWithAccountingLegislation" order="30.0"/>
    <link:loc xlink:type="locator" xlink:href="tax.xsd#tax_OtherContent" xlink:label="OtherContent"/>
    <link:definitionArc xlink:type="arc" xlink:arcrole="http://xbrl.org/int/dim/arcrole/domain-member" xlink:from="ContentOfReservationsOrAdditionalInformationInAuditorsReportAbstract" xlink:to="OtherContent" order="40.0"/>
    <link:loc xlink:type="locator" xlink:href="../fsa/fsa.xsd#fsa_Revenue" xlink:label="Revenue"/>
    <link:definitionArc xlink:type="arc" xlink:arcrole="http://xbrl.org/int/dim/arcrole/domain-member" xlink:from="InformationForDanishTaxAuthorityAbstract" xlink:to="Revenue" use="optional" priority="0" order="20.0"/>
    <link:loc xlink:type="locator" xlink:href="../fsa/fsa.xsd#fsa_CostOfSales" xlink:label="CostOfSales"/>
    <link:definitionArc xlink:type="arc" xlink:arcrole="http://xbrl.org/int/dim/arcrole/domain-member" xlink:from="InformationForDanishTaxAuthorityAbstract" xlink:to="CostOfSales" use="optional" priority="0" order="30.0"/>
    <link:loc xlink:type="locator" xlink:href="../fsa/fsa.xsd#fsa_DepreciationAmortisationExpenseAndImpairmentLossesOfPropertyPlantAndEquipmentAndIntangibleAssetsRecognisedInProfitOrLoss" xlink:label="DepreciationAmortisationExpenseAndImpairmentLossesOfPropertyPlantAndEquipmentAndIntangibleAssetsRecognisedInProfitOrLoss"/>
    <link:definitionArc xlink:type="arc" xlink:arcrole="http://xbrl.org/int/dim/arcrole/domain-member" xlink:from="InformationForDanishTaxAuthorityAbstract" xlink:to="DepreciationAmortisationExpenseAndImpairmentLossesOfPropertyPlantAndEquipmentAndIntangibleAssetsRecognisedInProfitOrLoss" use="optional" priority="0" order="40.0"/>
    <link:loc xlink:type="locator" xlink:href="../fsa/fsa.xsd#fsa_ProfitLossFromOrdinaryOperatingActivities" xlink:label="ProfitLossFromOrdinaryOperatingActivities"/>
    <link:definitionArc xlink:type="arc" xlink:arcrole="http://xbrl.org/int/dim/arcrole/domain-member" xlink:from="InformationForDanishTaxAuthorityAbstract" xlink:to="ProfitLossFromOrdinaryOperatingActivities" use="optional" priority="0" order="50.0"/>
    <link:loc xlink:type="locator" xlink:href="../fsa/fsa.xsd#fsa_Inventories" xlink:label="Inventories"/>
    <link:definitionArc xlink:type="arc" xlink:arcrole="http://xbrl.org/int/dim/arcrole/domain-member" xlink:from="InformationForDanishTaxAuthorityAbstract" xlink:to="Inventories" use="optional" priority="0" order="70.0"/>
    <link:loc xlink:type="locator" xlink:href="../fsa/fsa.xsd#fsa_NoncurrentAssets" xlink:label="NoncurrentAssets"/>
    <link:definitionArc xlink:type="arc" xlink:arcrole="http://xbrl.org/int/dim/arcrole/domain-member" xlink:from="InformationForDanishTaxAuthorityAbstract" xlink:to="NoncurrentAssets" use="optional" priority="0" order="80.0"/>
    <link:loc xlink:type="locator" xlink:href="../fsa/fsa.xsd#fsa_Equity" xlink:label="Equity"/>
    <link:definitionArc xlink:type="arc" xlink:arcrole="http://xbrl.org/int/dim/arcrole/domain-member" xlink:from="InformationForDanishTaxAuthorityAbstract" xlink:to="Equity" use="optional" priority="0" order="90.0"/>
    <link:loc xlink:type="locator" xlink:href="../fsa/fsa.xsd#fsa_Assets" xlink:label="Assets"/>
    <link:definitionArc xlink:type="arc" xlink:arcrole="http://xbrl.org/int/dim/arcrole/domain-member" xlink:from="InformationForDanishTaxAuthorityAbstract" xlink:to="Assets" use="optional" priority="0" order="100.0"/>
    <link:definitionArc xlink:type="arc" xlink:arcrole="http://xbrl.org/int/dim/arcrole/domain-member" xlink:from="InformationForDanishTaxAuthorityAbstract" xlink:to="IdentificationNumberCvrOfReportingEntity" use="optional" priority="0" order="110.0"/>
    <link:loc xlink:type="locator" xlink:href="../fsa/fsa.xsd#fsa_ProfitLossFromOrdinaryActivitiesBeforeTax" xlink:label="ProfitLossFromOrdinaryActivitiesBeforeTax"/>
    <link:definitionArc xlink:type="arc" xlink:arcrole="http://xbrl.org/int/dim/arcrole/domain-member" xlink:from="InformationForDanishTaxAuthorityAbstract" xlink:to="ProfitLossFromOrdinaryActivitiesBeforeTax" use="optional" priority="0" order="60.0"/>
    <link:loc xlink:type="locator" xlink:href="tax.xsd#tax_LimitationsOfNetFinancingExpenses" xlink:label="LimitationsOfNetFinancingExpenses"/>
    <link:definitionArc xlink:type="arc" xlink:arcrole="http://xbrl.org/int/dim/arcrole/domain-member" xlink:from="InformationForDanishTaxAuthorityAbstract" xlink:to="LimitationsOfNetFinancingExpenses" order="310.0"/>
    <link:loc xlink:type="locator" xlink:href="tax.xsd#tax_NetFinancingExpenses" xlink:label="NetFinancingExpenses"/>
    <link:definitionArc xlink:type="arc" xlink:arcrole="http://xbrl.org/int/dim/arcrole/domain-member" xlink:from="InformationForDanishTaxAuthorityAbstract" xlink:to="NetFinancingExpenses" order="320.0"/>
    <link:loc xlink:type="locator" xlink:href="tax.xsd#tax_TaxBaseOfCompanyAssets" xlink:label="TaxBaseOfCompanyAssets" xlink:title="TaxBaseOfCompanyAssets"/>
    <link:definitionArc xlink:type="arc" xlink:arcrole="http://xbrl.org/int/dim/arcrole/domain-member" xlink:from="InformationForDanishTaxAuthorityAbstract" xlink:to="TaxBaseOfCompanyAssets" xlink:title="definition: InformationForDanishTaxAuthorityAbstract to TaxBaseOfCompanyAssets" order="330.0"/>
    <link:loc xlink:type="locator" xlink:href="tax.xsd#tax_AcquiredDanishDividendGrossWithRetentionOfDividendTax25PercentInIncomeYear" xlink:label="AcquiredDanishDividendGrossWithRetentionOfDividendTax25PercentInIncomeYear" xlink:title="AcquiredDanishDividendGrossWithRetentionOfDividendTax25PercentInIncomeYear"/>
    <link:definitionArc xlink:type="arc" xlink:arcrole="http://xbrl.org/int/dim/arcrole/domain-member" xlink:from="InformationForDanishTaxAuthorityAbstract" xlink:to="AcquiredDanishDividendGrossWithRetentionOfDividendTax25PercentInIncomeYear" xlink:title="definition: InformationForDanishTaxAuthorityAbstract to AcquiredDanishDividendGrossWithRetentionOfDividendTax25PercentInIncomeYear" order="240.0"/>
    <link:definitionArc xlink:type="arc" xlink:arcrole="http://xbrl.org/int/dim/arcrole/domain-member" xlink:from="InformationForDanishTaxAuthorityAbstract" xlink:to="InformationOnSubmissionReportAndReportingEntityAbstract" xlink:title="definition: InformationForDanishTaxAuthorityAbstract to InformationOnSubmissionReportAndReportingEntityAbstract" order="10.0"/>
    <link:loc xlink:type="locator" xlink:href="tax.xsd#tax_AcquiredDanishDividendGrossWithRetentionOfDividendTax22PercentInIncomeYear" xlink:label="AcquiredDanishDividendGrossWithRetentionOfDividendTax22PercentInIncomeYear" xlink:title="AcquiredDanishDividendGrossWithRetentionOfDividendTax22PercentInIncomeYear"/>
    <link:definitionArc xlink:type="arc" xlink:arcrole="http://xbrl.org/int/dim/arcrole/domain-member" xlink:from="InformationForDanishTaxAuthorityAbstract" xlink:to="AcquiredDanishDividendGrossWithRetentionOfDividendTax22PercentInIncomeYear" xlink:title="definition: InformationForDanishTaxAuthorityAbstract to AcquiredDanishDividendGrossWithRetentionOfDividendTax22PercentInIncomeYear" order="230.0"/>
  </link:definitionLink>
</link:linkbase>
