<?xml version="1.0" encoding="UTF-8"?><!--Taxonomy: 2014-03-05 (Final release)
        ********************** 
        Copyright © 2014 International Financial Reporting Standards (IFRS) Foundation
        All rights reserved.  No part of this publication may be translated, reprinted or reproduced 
        or utilised in any form either in whole or in part without prior permission in writing from the IFRS Foundation.
        For more information on the IFRS Foundation's copyright, please refer to http://www.ifrs.org/XBRL/Legal/
        **********************
--><link:linkbase xmlns:link="http://www.xbrl.org/2003/linkbase" xmlns:xlink="http://www.w3.org/1999/xlink" xmlns:xsi="http://www.w3.org/2001/XMLSchema-instance" xsi:schemaLocation="http://www.xbrl.org/2003/linkbase http://www.xbrl.org/2003/xbrl-linkbase-2003-12-31.xsd">
  <link:roleRef roleURI="http://xbrl.ifrs.org/role/ifrs/ias_1_2014-03-05_role-800100" xlink:href="rol_ias_1_2014-03-05.xsd#ias_1_2014-03-05_role-800100" xlink:type="simple"/>
  <link:roleRef roleURI="http://xbrl.ifrs.org/role/ifrs/ias_1_2014-03-05_role-800100a" xlink:href="rol_ias_1_2014-03-05.xsd#ias_1_2014-03-05_role-800100a" xlink:type="simple"/>
  <link:calculationLink xlink:role="http://xbrl.ifrs.org/role/ifrs/ias_1_2014-03-05_role-800100" xlink:type="extended">
    <link:loc xlink:href="../../full_ifrs-cor_2014-03-05.xsd#ifrs-full_RevaluationSurplus" xlink:label="loc_1" xlink:type="locator"/>
    <link:loc xlink:href="../../full_ifrs-cor_2014-03-05.xsd#ifrs-full_OtherReserves" xlink:label="loc_2" xlink:type="locator"/>
    <link:calculationArc order="10.0" weight="1" xlink:arcrole="http://www.xbrl.org/2003/arcrole/summation-item" xlink:from="loc_2" xlink:to="loc_1" xlink:type="arc"/>
    <link:loc xlink:href="../../full_ifrs-cor_2014-03-05.xsd#ifrs-full_NoncurrentPayablesToTradeSuppliers" xlink:label="loc_3" xlink:type="locator"/>
    <link:loc xlink:href="../../full_ifrs-cor_2014-03-05.xsd#ifrs-full_NoncurrentPayables" xlink:label="loc_4" xlink:type="locator"/>
    <link:calculationArc order="10.0" weight="1" xlink:arcrole="http://www.xbrl.org/2003/arcrole/summation-item" xlink:from="loc_4" xlink:to="loc_3" xlink:type="arc"/>
    <link:loc xlink:href="../../full_ifrs-cor_2014-03-05.xsd#ifrs-full_TradeAndOtherCurrentPayablesToTradeSuppliers" xlink:label="loc_5" xlink:type="locator"/>
    <link:loc xlink:href="../../full_ifrs-cor_2014-03-05.xsd#ifrs-full_TradeAndOtherCurrentPayables" xlink:label="loc_6" xlink:type="locator"/>
    <link:calculationArc order="10.0" weight="1" xlink:arcrole="http://www.xbrl.org/2003/arcrole/summation-item" xlink:from="loc_6" xlink:to="loc_5" xlink:type="arc"/>
    <link:loc xlink:href="../../full_ifrs-cor_2014-03-05.xsd#ifrs-full_TradeAndOtherPayablesToTradeSuppliers" xlink:label="loc_7" xlink:type="locator"/>
    <link:loc xlink:href="../../full_ifrs-cor_2014-03-05.xsd#ifrs-full_TradeAndOtherPayables" xlink:label="loc_8" xlink:type="locator"/>
    <link:calculationArc order="10.0" weight="1" xlink:arcrole="http://www.xbrl.org/2003/arcrole/summation-item" xlink:from="loc_8" xlink:to="loc_7" xlink:type="arc"/>
    <link:loc xlink:href="../../full_ifrs-cor_2014-03-05.xsd#ifrs-full_OtherLongtermProvisions" xlink:label="loc_9" xlink:type="locator"/>
    <link:loc xlink:href="../../full_ifrs-cor_2014-03-05.xsd#ifrs-full_OtherProvisions" xlink:label="loc_10" xlink:type="locator"/>
    <link:calculationArc order="10.0" weight="1" xlink:arcrole="http://www.xbrl.org/2003/arcrole/summation-item" xlink:from="loc_10" xlink:to="loc_9" xlink:type="arc"/>
    <link:loc xlink:href="../../full_ifrs-cor_2014-03-05.xsd#ifrs-full_LongtermBorrowings" xlink:label="loc_11" xlink:type="locator"/>
    <link:loc xlink:href="../../full_ifrs-cor_2014-03-05.xsd#ifrs-full_Borrowings" xlink:label="loc_12" xlink:type="locator"/>
    <link:calculationArc order="10.0" weight="1" xlink:arcrole="http://www.xbrl.org/2003/arcrole/summation-item" xlink:from="loc_12" xlink:to="loc_11" xlink:type="arc"/>
    <link:loc xlink:href="../../full_ifrs-cor_2014-03-05.xsd#ifrs-full_ShorttermBorrowings" xlink:label="loc_13" xlink:type="locator"/>
    <link:loc xlink:href="../../full_ifrs-cor_2014-03-05.xsd#ifrs-full_CurrentBorrowingsAndCurrentPortionOfNoncurrentBorrowings" xlink:label="loc_14" xlink:type="locator"/>
    <link:calculationArc order="10.0" weight="1" xlink:arcrole="http://www.xbrl.org/2003/arcrole/summation-item" xlink:from="loc_14" xlink:to="loc_13" xlink:type="arc"/>
    <link:loc xlink:href="../../full_ifrs-cor_2014-03-05.xsd#ifrs-full_FinancialAssetsAtFairValueThroughProfitOrLoss" xlink:label="loc_15" xlink:type="locator"/>
    <link:loc xlink:href="../../full_ifrs-cor_2014-03-05.xsd#ifrs-full_FinancialAssets" xlink:label="loc_16" xlink:type="locator"/>
    <link:calculationArc order="10.0" weight="1" xlink:arcrole="http://www.xbrl.org/2003/arcrole/summation-item" xlink:from="loc_16" xlink:to="loc_15" xlink:type="arc"/>
    <link:loc xlink:href="../../full_ifrs-cor_2014-03-05.xsd#ifrs-full_FinancialAssetsAtFairValueThroughProfitOrLossDesignatedAsUponInitialRecognition" xlink:label="loc_17" xlink:type="locator"/>
    <link:calculationArc order="10.0" weight="1" xlink:arcrole="http://www.xbrl.org/2003/arcrole/summation-item" xlink:from="loc_15" xlink:to="loc_17" xlink:type="arc"/>
    <link:loc xlink:href="../../full_ifrs-cor_2014-03-05.xsd#ifrs-full_FinancialLiabilitiesAtFairValueThroughProfitOrLoss" xlink:label="loc_18" xlink:type="locator"/>
    <link:loc xlink:href="../../full_ifrs-cor_2014-03-05.xsd#ifrs-full_FinancialLiabilities" xlink:label="loc_19" xlink:type="locator"/>
    <link:calculationArc order="10.0" weight="1" xlink:arcrole="http://www.xbrl.org/2003/arcrole/summation-item" xlink:from="loc_19" xlink:to="loc_18" xlink:type="arc"/>
    <link:loc xlink:href="../../full_ifrs-cor_2014-03-05.xsd#ifrs-full_FinancialLiabilitiesAtFairValueThroughProfitOrLossClassifiedAsHeldForTrading" xlink:label="loc_20" xlink:type="locator"/>
    <link:calculationArc order="10.0" weight="1" xlink:arcrole="http://www.xbrl.org/2003/arcrole/summation-item" xlink:from="loc_18" xlink:to="loc_20" xlink:type="arc"/>
    <link:loc xlink:href="../../full_ifrs-cor_2014-03-05.xsd#ifrs-full_NoncurrentRefundsProvision" xlink:label="loc_21" xlink:type="locator"/>
    <link:loc xlink:href="../../full_ifrs-cor_2014-03-05.xsd#ifrs-full_RefundsProvision" xlink:label="loc_22" xlink:type="locator"/>
    <link:calculationArc order="10.0" weight="1" xlink:arcrole="http://www.xbrl.org/2003/arcrole/summation-item" xlink:from="loc_22" xlink:to="loc_21" xlink:type="arc"/>
    <link:loc xlink:href="../../full_ifrs-cor_2014-03-05.xsd#ifrs-full_LongtermWarrantyProvision" xlink:label="loc_23" xlink:type="locator"/>
    <link:loc xlink:href="../../full_ifrs-cor_2014-03-05.xsd#ifrs-full_WarrantyProvision" xlink:label="loc_24" xlink:type="locator"/>
    <link:calculationArc order="10.0" weight="1" xlink:arcrole="http://www.xbrl.org/2003/arcrole/summation-item" xlink:from="loc_24" xlink:to="loc_23" xlink:type="arc"/>
    <link:loc xlink:href="../../full_ifrs-cor_2014-03-05.xsd#ifrs-full_LongtermRestructuringProvision" xlink:label="loc_25" xlink:type="locator"/>
    <link:loc xlink:href="../../full_ifrs-cor_2014-03-05.xsd#ifrs-full_RestructuringProvision" xlink:label="loc_26" xlink:type="locator"/>
    <link:calculationArc order="10.0" weight="1" xlink:arcrole="http://www.xbrl.org/2003/arcrole/summation-item" xlink:from="loc_26" xlink:to="loc_25" xlink:type="arc"/>
    <link:loc xlink:href="../../full_ifrs-cor_2014-03-05.xsd#ifrs-full_LongtermLegalProceedingsProvision" xlink:label="loc_27" xlink:type="locator"/>
    <link:loc xlink:href="../../full_ifrs-cor_2014-03-05.xsd#ifrs-full_LegalProceedingsProvision" xlink:label="loc_28" xlink:type="locator"/>
    <link:calculationArc order="10.0" weight="1" xlink:arcrole="http://www.xbrl.org/2003/arcrole/summation-item" xlink:from="loc_28" xlink:to="loc_27" xlink:type="arc"/>
    <link:loc xlink:href="../../full_ifrs-cor_2014-03-05.xsd#ifrs-full_LongtermOnerousContractsProvision" xlink:label="loc_29" xlink:type="locator"/>
    <link:loc xlink:href="../../full_ifrs-cor_2014-03-05.xsd#ifrs-full_OnerousContractsProvision" xlink:label="loc_30" xlink:type="locator"/>
    <link:calculationArc order="10.0" weight="1" xlink:arcrole="http://www.xbrl.org/2003/arcrole/summation-item" xlink:from="loc_30" xlink:to="loc_29" xlink:type="arc"/>
    <link:loc xlink:href="../../full_ifrs-cor_2014-03-05.xsd#ifrs-full_LongtermProvisionForDecommissioningRestorationAndRehabilitationCosts" xlink:label="loc_31" xlink:type="locator"/>
    <link:loc xlink:href="../../full_ifrs-cor_2014-03-05.xsd#ifrs-full_ProvisionForDecommissioningRestorationAndRehabilitationCosts" xlink:label="loc_32" xlink:type="locator"/>
    <link:calculationArc order="10.0" weight="1" xlink:arcrole="http://www.xbrl.org/2003/arcrole/summation-item" xlink:from="loc_32" xlink:to="loc_31" xlink:type="arc"/>
    <link:loc xlink:href="../../full_ifrs-cor_2014-03-05.xsd#ifrs-full_LongtermMiscellaneousOtherProvisions" xlink:label="loc_33" xlink:type="locator"/>
    <link:loc xlink:href="../../full_ifrs-cor_2014-03-05.xsd#ifrs-full_MiscellaneousOtherProvisions" xlink:label="loc_34" xlink:type="locator"/>
    <link:calculationArc order="10.0" weight="1" xlink:arcrole="http://www.xbrl.org/2003/arcrole/summation-item" xlink:from="loc_34" xlink:to="loc_33" xlink:type="arc"/>
    <link:loc xlink:href="../../full_ifrs-cor_2014-03-05.xsd#ifrs-full_IntangibleAssetsOtherThanGoodwill" xlink:label="loc_35" xlink:type="locator"/>
    <link:loc xlink:href="../../full_ifrs-cor_2014-03-05.xsd#ifrs-full_IntangibleAssetsAndGoodwill" xlink:label="loc_36" xlink:type="locator"/>
    <link:calculationArc order="10.0" weight="1" xlink:arcrole="http://www.xbrl.org/2003/arcrole/summation-item" xlink:from="loc_36" xlink:to="loc_35" xlink:type="arc"/>
    <link:loc xlink:href="../../full_ifrs-cor_2014-03-05.xsd#ifrs-full_BrandNames" xlink:label="loc_37" xlink:type="locator"/>
    <link:calculationArc order="10.0" weight="1" xlink:arcrole="http://www.xbrl.org/2003/arcrole/summation-item" xlink:from="loc_35" xlink:to="loc_37" xlink:type="arc"/>
    <link:loc xlink:href="../../full_ifrs-cor_2014-03-05.xsd#ifrs-full_Assets" xlink:label="loc_38" xlink:type="locator"/>
    <link:loc xlink:href="../../full_ifrs-cor_2014-03-05.xsd#ifrs-full_NetAssetsLiabilities" xlink:label="loc_39" xlink:type="locator"/>
    <link:calculationArc order="10.0" weight="1" xlink:arcrole="http://www.xbrl.org/2003/arcrole/summation-item" xlink:from="loc_39" xlink:to="loc_38" xlink:type="arc"/>
    <link:loc xlink:href="../../full_ifrs-cor_2014-03-05.xsd#ifrs-full_LandAndBuildings" xlink:label="loc_40" xlink:type="locator"/>
    <link:loc xlink:href="../../full_ifrs-cor_2014-03-05.xsd#ifrs-full_PropertyPlantAndEquipment" xlink:label="loc_41" xlink:type="locator"/>
    <link:calculationArc order="10.0" weight="1" xlink:arcrole="http://www.xbrl.org/2003/arcrole/summation-item" xlink:from="loc_41" xlink:to="loc_40" xlink:type="arc"/>
    <link:loc xlink:href="../../full_ifrs-cor_2014-03-05.xsd#ifrs-full_Land" xlink:label="loc_42" xlink:type="locator"/>
    <link:calculationArc order="10.0" weight="1" xlink:arcrole="http://www.xbrl.org/2003/arcrole/summation-item" xlink:from="loc_40" xlink:to="loc_42" xlink:type="arc"/>
    <link:loc xlink:href="../../full_ifrs-cor_2014-03-05.xsd#ifrs-full_Ships" xlink:label="loc_43" xlink:type="locator"/>
    <link:loc xlink:href="../../full_ifrs-cor_2014-03-05.xsd#ifrs-full_Vehicles" xlink:label="loc_44" xlink:type="locator"/>
    <link:calculationArc order="10.0" weight="1" xlink:arcrole="http://www.xbrl.org/2003/arcrole/summation-item" xlink:from="loc_44" xlink:to="loc_43" xlink:type="arc"/>
    <link:loc xlink:href="../../full_ifrs-cor_2014-03-05.xsd#ifrs-full_InvestmentsInSubsidiaries" xlink:label="loc_45" xlink:type="locator"/>
    <link:loc xlink:href="../../full_ifrs-cor_2014-03-05.xsd#ifrs-full_InvestmentsInSubsidiariesJointVenturesAndAssociates" xlink:label="loc_46" xlink:type="locator"/>
    <link:calculationArc order="10.0" weight="1" xlink:arcrole="http://www.xbrl.org/2003/arcrole/summation-item" xlink:from="loc_46" xlink:to="loc_45" xlink:type="arc"/>
    <link:loc xlink:href="../../full_ifrs-cor_2014-03-05.xsd#ifrs-full_NoncurrentTradeReceivables" xlink:label="loc_47" xlink:type="locator"/>
    <link:loc xlink:href="../../full_ifrs-cor_2014-03-05.xsd#ifrs-full_NoncurrentReceivables" xlink:label="loc_48" xlink:type="locator"/>
    <link:calculationArc order="10.0" weight="1" xlink:arcrole="http://www.xbrl.org/2003/arcrole/summation-item" xlink:from="loc_48" xlink:to="loc_47" xlink:type="arc"/>
    <link:loc xlink:href="../../full_ifrs-cor_2014-03-05.xsd#ifrs-full_Cash" xlink:label="loc_49" xlink:type="locator"/>
    <link:loc xlink:href="../../full_ifrs-cor_2014-03-05.xsd#ifrs-full_CashAndCashEquivalents" xlink:label="loc_50" xlink:type="locator"/>
    <link:calculationArc order="10.0" weight="1" xlink:arcrole="http://www.xbrl.org/2003/arcrole/summation-item" xlink:from="loc_50" xlink:to="loc_49" xlink:type="arc"/>
    <link:loc xlink:href="../../full_ifrs-cor_2014-03-05.xsd#ifrs-full_CashOnHand" xlink:label="loc_51" xlink:type="locator"/>
    <link:calculationArc order="10.0" weight="1" xlink:arcrole="http://www.xbrl.org/2003/arcrole/summation-item" xlink:from="loc_49" xlink:to="loc_51" xlink:type="arc"/>
    <link:loc xlink:href="../../full_ifrs-cor_2014-03-05.xsd#ifrs-full_ShorttermDepositsClassifiedAsCashEquivalents" xlink:label="loc_52" xlink:type="locator"/>
    <link:loc xlink:href="../../full_ifrs-cor_2014-03-05.xsd#ifrs-full_CashEquivalents" xlink:label="loc_53" xlink:type="locator"/>
    <link:calculationArc order="10.0" weight="1" xlink:arcrole="http://www.xbrl.org/2003/arcrole/summation-item" xlink:from="loc_53" xlink:to="loc_52" xlink:type="arc"/>
    <link:loc xlink:href="../../full_ifrs-cor_2014-03-05.xsd#ifrs-full_NoncurrentAssetsOrDisposalGroupsClassifiedAsHeldForSale" xlink:label="loc_54" xlink:type="locator"/>
    <link:loc xlink:href="../../full_ifrs-cor_2014-03-05.xsd#ifrs-full_NoncurrentAssetsOrDisposalGroupsClassifiedAsHeldForSaleOrAsHeldForDistributionToOwners" xlink:label="loc_55" xlink:type="locator"/>
    <link:calculationArc order="10.0" weight="1" xlink:arcrole="http://www.xbrl.org/2003/arcrole/summation-item" xlink:from="loc_55" xlink:to="loc_54" xlink:type="arc"/>
    <link:loc xlink:href="../../full_ifrs-cor_2014-03-05.xsd#ifrs-full_BankDebtInstrumentsHeld" xlink:label="loc_56" xlink:type="locator"/>
    <link:loc xlink:href="../../full_ifrs-cor_2014-03-05.xsd#ifrs-full_DebtInstrumentsHeld" xlink:label="loc_57" xlink:type="locator"/>
    <link:calculationArc order="10.0" weight="1" xlink:arcrole="http://www.xbrl.org/2003/arcrole/summation-item" xlink:from="loc_57" xlink:to="loc_56" xlink:type="arc"/>
    <link:loc xlink:href="../../full_ifrs-cor_2014-03-05.xsd#ifrs-full_BalancesOnTermDepositsFromCustomers" xlink:label="loc_58" xlink:type="locator"/>
    <link:loc xlink:href="../../full_ifrs-cor_2014-03-05.xsd#ifrs-full_DepositsFromCustomers" xlink:label="loc_59" xlink:type="locator"/>
    <link:calculationArc order="10.0" weight="1" xlink:arcrole="http://www.xbrl.org/2003/arcrole/summation-item" xlink:from="loc_59" xlink:to="loc_58" xlink:type="arc"/>
    <link:loc xlink:href="../../full_ifrs-cor_2014-03-05.xsd#ifrs-full_CurrentTradeReceivables" xlink:label="loc_60" xlink:type="locator"/>
    <link:loc xlink:href="../../full_ifrs-cor_2014-03-05.xsd#ifrs-full_TradeAndOtherCurrentReceivables" xlink:label="loc_61" xlink:type="locator"/>
    <link:calculationArc order="10.0" weight="1" xlink:arcrole="http://www.xbrl.org/2003/arcrole/summation-item" xlink:from="loc_61" xlink:to="loc_60" xlink:type="arc"/>
    <link:loc xlink:href="../../full_ifrs-cor_2014-03-05.xsd#ifrs-full_TradeReceivables" xlink:label="loc_62" xlink:type="locator"/>
    <link:loc xlink:href="../../full_ifrs-cor_2014-03-05.xsd#ifrs-full_TradeAndOtherReceivables" xlink:label="loc_63" xlink:type="locator"/>
    <link:calculationArc order="10.0" weight="1" xlink:arcrole="http://www.xbrl.org/2003/arcrole/summation-item" xlink:from="loc_63" xlink:to="loc_62" xlink:type="arc"/>
    <link:loc xlink:href="../../full_ifrs-cor_2014-03-05.xsd#ifrs-full_CurrentFinancialAssetsAtFairValueThroughProfitOrLoss" xlink:label="loc_64" xlink:type="locator"/>
    <link:loc xlink:href="../../full_ifrs-cor_2014-03-05.xsd#ifrs-full_CurrentFinancialAssets" xlink:label="loc_65" xlink:type="locator"/>
    <link:calculationArc order="10.0" weight="1" xlink:arcrole="http://www.xbrl.org/2003/arcrole/summation-item" xlink:from="loc_65" xlink:to="loc_64" xlink:type="arc"/>
    <link:loc xlink:href="../../full_ifrs-cor_2014-03-05.xsd#ifrs-full_CurrentFinancialAssetsAtFairValueThroughProfitOrLossDesignatedUponInitialRecognition" xlink:label="loc_66" xlink:type="locator"/>
    <link:calculationArc order="10.0" weight="1" xlink:arcrole="http://www.xbrl.org/2003/arcrole/summation-item" xlink:from="loc_64" xlink:to="loc_66" xlink:type="arc"/>
    <link:loc xlink:href="../../full_ifrs-cor_2014-03-05.xsd#ifrs-full_NoncurrentFinancialAssetsAtFairValueThroughProfitOrLoss" xlink:label="loc_67" xlink:type="locator"/>
    <link:loc xlink:href="../../full_ifrs-cor_2014-03-05.xsd#ifrs-full_NoncurrentFinancialAssets" xlink:label="loc_68" xlink:type="locator"/>
    <link:calculationArc order="10.0" weight="1" xlink:arcrole="http://www.xbrl.org/2003/arcrole/summation-item" xlink:from="loc_68" xlink:to="loc_67" xlink:type="arc"/>
    <link:loc xlink:href="../../full_ifrs-cor_2014-03-05.xsd#ifrs-full_NoncurrentFinancialAssetsAtFairValueThroughProfitOrLossDesignatedUponInitialRecognition" xlink:label="loc_69" xlink:type="locator"/>
    <link:calculationArc order="10.0" weight="1" xlink:arcrole="http://www.xbrl.org/2003/arcrole/summation-item" xlink:from="loc_67" xlink:to="loc_69" xlink:type="arc"/>
    <link:loc xlink:href="../../full_ifrs-cor_2014-03-05.xsd#ifrs-full_NoncurrentFinancialLiabilitiesAtFairValueThroughProfitOrLoss" xlink:label="loc_70" xlink:type="locator"/>
    <link:loc xlink:href="../../full_ifrs-cor_2014-03-05.xsd#ifrs-full_NoncurrentFinancialLiabilities" xlink:label="loc_71" xlink:type="locator"/>
    <link:calculationArc order="10.0" weight="1" xlink:arcrole="http://www.xbrl.org/2003/arcrole/summation-item" xlink:from="loc_71" xlink:to="loc_70" xlink:type="arc"/>
    <link:loc xlink:href="../../full_ifrs-cor_2014-03-05.xsd#ifrs-full_NoncurrentFinancialLiabilitiesAtFairValueThroughProfitOrLossClassifiedAsHeldForTrading" xlink:label="loc_72" xlink:type="locator"/>
    <link:calculationArc order="10.0" weight="1" xlink:arcrole="http://www.xbrl.org/2003/arcrole/summation-item" xlink:from="loc_70" xlink:to="loc_72" xlink:type="arc"/>
    <link:loc xlink:href="../../full_ifrs-cor_2014-03-05.xsd#ifrs-full_CurrentFinancialLiabilitiesAtFairValueThroughProfitOrLoss" xlink:label="loc_73" xlink:type="locator"/>
    <link:loc xlink:href="../../full_ifrs-cor_2014-03-05.xsd#ifrs-full_CurrentFinancialLiabilities" xlink:label="loc_74" xlink:type="locator"/>
    <link:calculationArc order="10.0" weight="1" xlink:arcrole="http://www.xbrl.org/2003/arcrole/summation-item" xlink:from="loc_74" xlink:to="loc_73" xlink:type="arc"/>
    <link:loc xlink:href="../../full_ifrs-cor_2014-03-05.xsd#ifrs-full_CurrentFinancialLiabilitiesAtFairValueThroughProfitOrLossClassifiedAsHeldForTrading" xlink:label="loc_75" xlink:type="locator"/>
    <link:calculationArc order="10.0" weight="1" xlink:arcrole="http://www.xbrl.org/2003/arcrole/summation-item" xlink:from="loc_73" xlink:to="loc_75" xlink:type="arc"/>
    <link:loc xlink:href="../../full_ifrs-cor_2014-03-05.xsd#ifrs-full_CurrentAdvancesToSuppliers" xlink:label="loc_76" xlink:type="locator"/>
    <link:loc xlink:href="../../full_ifrs-cor_2014-03-05.xsd#ifrs-full_CurrentPrepayments" xlink:label="loc_77" xlink:type="locator"/>
    <link:calculationArc order="10.0" weight="1" xlink:arcrole="http://www.xbrl.org/2003/arcrole/summation-item" xlink:from="loc_77" xlink:to="loc_76" xlink:type="arc"/>
    <link:loc xlink:href="../../full_ifrs-cor_2014-03-05.xsd#ifrs-full_DatedSubordinatedLiabilities" xlink:label="loc_78" xlink:type="locator"/>
    <link:loc xlink:href="../../full_ifrs-cor_2014-03-05.xsd#ifrs-full_SubordinatedLiabilities" xlink:label="loc_79" xlink:type="locator"/>
    <link:calculationArc order="10.0" weight="1" xlink:arcrole="http://www.xbrl.org/2003/arcrole/summation-item" xlink:from="loc_79" xlink:to="loc_78" xlink:type="arc"/>
    <link:loc xlink:href="../../full_ifrs-cor_2014-03-05.xsd#ifrs-full_CurrentAssets" xlink:label="loc_80" xlink:type="locator"/>
    <link:loc xlink:href="../../full_ifrs-cor_2014-03-05.xsd#ifrs-full_CurrentAssetsLiabilities" xlink:label="loc_81" xlink:type="locator"/>
    <link:calculationArc order="10.0" weight="1" xlink:arcrole="http://www.xbrl.org/2003/arcrole/summation-item" xlink:from="loc_81" xlink:to="loc_80" xlink:type="arc"/>
    <link:loc xlink:href="../../full_ifrs-cor_2014-03-05.xsd#ifrs-full_RawMaterials" xlink:label="loc_82" xlink:type="locator"/>
    <link:loc xlink:href="../../full_ifrs-cor_2014-03-05.xsd#ifrs-full_CurrentRawMaterialsAndCurrentProductionSupplies" xlink:label="loc_83" xlink:type="locator"/>
    <link:calculationArc order="10.0" weight="1" xlink:arcrole="http://www.xbrl.org/2003/arcrole/summation-item" xlink:from="loc_83" xlink:to="loc_82" xlink:type="arc"/>
    <link:loc xlink:href="../../full_ifrs-cor_2014-03-05.xsd#ifrs-full_DeferredIncome" xlink:label="loc_84" xlink:type="locator"/>
    <link:loc xlink:href="../../full_ifrs-cor_2014-03-05.xsd#ifrs-full_AccrualsAndDeferredIncome" xlink:label="loc_85" xlink:type="locator"/>
    <link:calculationArc order="10.0" weight="1" xlink:arcrole="http://www.xbrl.org/2003/arcrole/summation-item" xlink:from="loc_85" xlink:to="loc_84" xlink:type="arc"/>
    <link:loc xlink:href="../../full_ifrs-cor_2014-03-05.xsd#ifrs-full_DeferredIncomeClassifiedAsCurrent" xlink:label="loc_86" xlink:type="locator"/>
    <link:loc xlink:href="../../full_ifrs-cor_2014-03-05.xsd#ifrs-full_AccrualsAndDeferredIncomeClassifiedAsCurrent" xlink:label="loc_87" xlink:type="locator"/>
    <link:calculationArc order="10.0" weight="1" xlink:arcrole="http://www.xbrl.org/2003/arcrole/summation-item" xlink:from="loc_87" xlink:to="loc_86" xlink:type="arc"/>
    <link:loc xlink:href="../../full_ifrs-cor_2014-03-05.xsd#ifrs-full_DeferredIncomeClassifiedAsNoncurrent" xlink:label="loc_88" xlink:type="locator"/>
    <link:loc xlink:href="../../full_ifrs-cor_2014-03-05.xsd#ifrs-full_AccrualsAndDeferredIncomeClassifiedAsNoncurrent" xlink:label="loc_89" xlink:type="locator"/>
    <link:calculationArc order="10.0" weight="1" xlink:arcrole="http://www.xbrl.org/2003/arcrole/summation-item" xlink:from="loc_89" xlink:to="loc_88" xlink:type="arc"/>
    <link:loc xlink:href="../../full_ifrs-cor_2014-03-05.xsd#ifrs-full_InvestmentPropertyCompleted" xlink:label="loc_90" xlink:type="locator"/>
    <link:loc xlink:href="../../full_ifrs-cor_2014-03-05.xsd#ifrs-full_InvestmentProperty" xlink:label="loc_91" xlink:type="locator"/>
    <link:calculationArc order="10.0" weight="1" xlink:arcrole="http://www.xbrl.org/2003/arcrole/summation-item" xlink:from="loc_91" xlink:to="loc_90" xlink:type="arc"/>
    <link:loc xlink:href="../../full_ifrs-cor_2014-03-05.xsd#ifrs-full_Inventories" xlink:label="loc_92" xlink:type="locator"/>
    <link:calculationArc order="10.0" weight="1" xlink:arcrole="http://www.xbrl.org/2003/arcrole/summation-item" xlink:from="loc_92" xlink:to="loc_83" xlink:type="arc"/>
    <link:loc xlink:href="../../full_ifrs-cor_2014-03-05.xsd#ifrs-full_ReserveOfExchangeDifferencesOnTranslation" xlink:label="loc_93" xlink:type="locator"/>
    <link:calculationArc order="20.0" weight="1" xlink:arcrole="http://www.xbrl.org/2003/arcrole/summation-item" xlink:from="loc_2" xlink:to="loc_93" xlink:type="arc"/>
    <link:loc xlink:href="../../full_ifrs-cor_2014-03-05.xsd#ifrs-full_NoncurrentPayablesToRelatedParties" xlink:label="loc_94" xlink:type="locator"/>
    <link:calculationArc order="20.0" weight="1" xlink:arcrole="http://www.xbrl.org/2003/arcrole/summation-item" xlink:from="loc_4" xlink:to="loc_94" xlink:type="arc"/>
    <link:loc xlink:href="../../full_ifrs-cor_2014-03-05.xsd#ifrs-full_TradeAndOtherCurrentPayablesToRelatedParties" xlink:label="loc_95" xlink:type="locator"/>
    <link:calculationArc order="20.0" weight="1" xlink:arcrole="http://www.xbrl.org/2003/arcrole/summation-item" xlink:from="loc_6" xlink:to="loc_95" xlink:type="arc"/>
    <link:loc xlink:href="../../full_ifrs-cor_2014-03-05.xsd#ifrs-full_TradeAndOtherPayablesToRelatedParties" xlink:label="loc_96" xlink:type="locator"/>
    <link:calculationArc order="20.0" weight="1" xlink:arcrole="http://www.xbrl.org/2003/arcrole/summation-item" xlink:from="loc_8" xlink:to="loc_96" xlink:type="arc"/>
    <link:loc xlink:href="../../full_ifrs-cor_2014-03-05.xsd#ifrs-full_OtherShorttermProvisions" xlink:label="loc_97" xlink:type="locator"/>
    <link:calculationArc order="20.0" weight="1" xlink:arcrole="http://www.xbrl.org/2003/arcrole/summation-item" xlink:from="loc_10" xlink:to="loc_97" xlink:type="arc"/>
    <link:calculationArc order="20.0" weight="1" xlink:arcrole="http://www.xbrl.org/2003/arcrole/summation-item" xlink:from="loc_12" xlink:to="loc_14" xlink:type="arc"/>
    <link:loc xlink:href="../../full_ifrs-cor_2014-03-05.xsd#ifrs-full_CurrentPortionOfLongtermBorrowings" xlink:label="loc_98" xlink:type="locator"/>
    <link:calculationArc order="20.0" weight="1" xlink:arcrole="http://www.xbrl.org/2003/arcrole/summation-item" xlink:from="loc_14" xlink:to="loc_98" xlink:type="arc"/>
    <link:loc xlink:href="../../full_ifrs-cor_2014-03-05.xsd#ifrs-full_FinancialAssetsAtFairValueThroughProfitOrLossClassifiedAsHeldForTrading" xlink:label="loc_99" xlink:type="locator"/>
    <link:calculationArc order="20.0" weight="1" xlink:arcrole="http://www.xbrl.org/2003/arcrole/summation-item" xlink:from="loc_15" xlink:to="loc_99" xlink:type="arc"/>
    <link:loc xlink:href="../../full_ifrs-cor_2014-03-05.xsd#ifrs-full_FinancialAssetsAvailableforsale" xlink:label="loc_100" xlink:type="locator"/>
    <link:calculationArc order="20.0" weight="1" xlink:arcrole="http://www.xbrl.org/2003/arcrole/summation-item" xlink:from="loc_16" xlink:to="loc_100" xlink:type="arc"/>
    <link:loc xlink:href="../../full_ifrs-cor_2014-03-05.xsd#ifrs-full_FinancialLiabilitiesAtFairValueThroughProfitOrLossDesignatedAsUponInitialRecognition" xlink:label="loc_101" xlink:type="locator"/>
    <link:calculationArc order="20.0" weight="1" xlink:arcrole="http://www.xbrl.org/2003/arcrole/summation-item" xlink:from="loc_18" xlink:to="loc_101" xlink:type="arc"/>
    <link:loc xlink:href="../../full_ifrs-cor_2014-03-05.xsd#ifrs-full_FinancialLiabilitiesAtAmortisedCost" xlink:label="loc_102" xlink:type="locator"/>
    <link:calculationArc order="20.0" weight="1" xlink:arcrole="http://www.xbrl.org/2003/arcrole/summation-item" xlink:from="loc_19" xlink:to="loc_102" xlink:type="arc"/>
    <link:loc xlink:href="../../full_ifrs-cor_2014-03-05.xsd#ifrs-full_CurrentRefundsProvision" xlink:label="loc_103" xlink:type="locator"/>
    <link:calculationArc order="20.0" weight="1" xlink:arcrole="http://www.xbrl.org/2003/arcrole/summation-item" xlink:from="loc_22" xlink:to="loc_103" xlink:type="arc"/>
    <link:loc xlink:href="../../full_ifrs-cor_2014-03-05.xsd#ifrs-full_ShorttermWarrantyProvision" xlink:label="loc_104" xlink:type="locator"/>
    <link:calculationArc order="20.0" weight="1" xlink:arcrole="http://www.xbrl.org/2003/arcrole/summation-item" xlink:from="loc_24" xlink:to="loc_104" xlink:type="arc"/>
    <link:loc xlink:href="../../full_ifrs-cor_2014-03-05.xsd#ifrs-full_ShorttermRestructuringProvision" xlink:label="loc_105" xlink:type="locator"/>
    <link:calculationArc order="20.0" weight="1" xlink:arcrole="http://www.xbrl.org/2003/arcrole/summation-item" xlink:from="loc_26" xlink:to="loc_105" xlink:type="arc"/>
    <link:loc xlink:href="../../full_ifrs-cor_2014-03-05.xsd#ifrs-full_ShorttermLegalProceedingsProvision" xlink:label="loc_106" xlink:type="locator"/>
    <link:calculationArc order="20.0" weight="1" xlink:arcrole="http://www.xbrl.org/2003/arcrole/summation-item" xlink:from="loc_28" xlink:to="loc_106" xlink:type="arc"/>
    <link:loc xlink:href="../../full_ifrs-cor_2014-03-05.xsd#ifrs-full_ShorttermOnerousContractsProvision" xlink:label="loc_107" xlink:type="locator"/>
    <link:calculationArc order="20.0" weight="1" xlink:arcrole="http://www.xbrl.org/2003/arcrole/summation-item" xlink:from="loc_30" xlink:to="loc_107" xlink:type="arc"/>
    <link:loc xlink:href="../../full_ifrs-cor_2014-03-05.xsd#ifrs-full_ShorttermProvisionForDecommissioningRestorationAndRehabilitationCosts" xlink:label="loc_108" xlink:type="locator"/>
    <link:calculationArc order="20.0" weight="1" xlink:arcrole="http://www.xbrl.org/2003/arcrole/summation-item" xlink:from="loc_32" xlink:to="loc_108" xlink:type="arc"/>
    <link:loc xlink:href="../../full_ifrs-cor_2014-03-05.xsd#ifrs-full_ShorttermMiscellaneousOtherProvisions" xlink:label="loc_109" xlink:type="locator"/>
    <link:calculationArc order="20.0" weight="1" xlink:arcrole="http://www.xbrl.org/2003/arcrole/summation-item" xlink:from="loc_34" xlink:to="loc_109" xlink:type="arc"/>
    <link:loc xlink:href="../../full_ifrs-cor_2014-03-05.xsd#ifrs-full_IntangibleExplorationAndEvaluationAssets" xlink:label="loc_110" xlink:type="locator"/>
    <link:calculationArc order="20.0" weight="1" xlink:arcrole="http://www.xbrl.org/2003/arcrole/summation-item" xlink:from="loc_35" xlink:to="loc_110" xlink:type="arc"/>
    <link:loc xlink:href="../../full_ifrs-cor_2014-03-05.xsd#ifrs-full_Goodwill" xlink:label="loc_111" xlink:type="locator"/>
    <link:calculationArc order="20.0" weight="1" xlink:arcrole="http://www.xbrl.org/2003/arcrole/summation-item" xlink:from="loc_36" xlink:to="loc_111" xlink:type="arc"/>
    <link:loc xlink:href="../../full_ifrs-cor_2014-03-05.xsd#ifrs-full_Buildings" xlink:label="loc_112" xlink:type="locator"/>
    <link:calculationArc order="20.0" weight="1" xlink:arcrole="http://www.xbrl.org/2003/arcrole/summation-item" xlink:from="loc_40" xlink:to="loc_112" xlink:type="arc"/>
    <link:loc xlink:href="../../full_ifrs-cor_2014-03-05.xsd#ifrs-full_Machinery" xlink:label="loc_113" xlink:type="locator"/>
    <link:calculationArc order="20.0" weight="1" xlink:arcrole="http://www.xbrl.org/2003/arcrole/summation-item" xlink:from="loc_41" xlink:to="loc_113" xlink:type="arc"/>
    <link:loc xlink:href="../../full_ifrs-cor_2014-03-05.xsd#ifrs-full_Aircraft" xlink:label="loc_114" xlink:type="locator"/>
    <link:calculationArc order="20.0" weight="1" xlink:arcrole="http://www.xbrl.org/2003/arcrole/summation-item" xlink:from="loc_44" xlink:to="loc_114" xlink:type="arc"/>
    <link:loc xlink:href="../../full_ifrs-cor_2014-03-05.xsd#ifrs-full_InvestmentsInJointVentures" xlink:label="loc_115" xlink:type="locator"/>
    <link:calculationArc order="20.0" weight="1" xlink:arcrole="http://www.xbrl.org/2003/arcrole/summation-item" xlink:from="loc_46" xlink:to="loc_115" xlink:type="arc"/>
    <link:loc xlink:href="../../full_ifrs-cor_2014-03-05.xsd#ifrs-full_NoncurrentReceivablesDueFromRelatedParties" xlink:label="loc_116" xlink:type="locator"/>
    <link:calculationArc order="20.0" weight="1" xlink:arcrole="http://www.xbrl.org/2003/arcrole/summation-item" xlink:from="loc_48" xlink:to="loc_116" xlink:type="arc"/>
    <link:loc xlink:href="../../full_ifrs-cor_2014-03-05.xsd#ifrs-full_Merchandise" xlink:label="loc_117" xlink:type="locator"/>
    <link:calculationArc order="20.0" weight="1" xlink:arcrole="http://www.xbrl.org/2003/arcrole/summation-item" xlink:from="loc_92" xlink:to="loc_117" xlink:type="arc"/>
    <link:loc xlink:href="../../full_ifrs-cor_2014-03-05.xsd#ifrs-full_BalancesWithBanks" xlink:label="loc_118" xlink:type="locator"/>
    <link:calculationArc order="20.0" weight="1" xlink:arcrole="http://www.xbrl.org/2003/arcrole/summation-item" xlink:from="loc_49" xlink:to="loc_118" xlink:type="arc"/>
    <link:calculationArc order="20.0" weight="1" xlink:arcrole="http://www.xbrl.org/2003/arcrole/summation-item" xlink:from="loc_50" xlink:to="loc_53" xlink:type="arc"/>
    <link:loc xlink:href="../../full_ifrs-cor_2014-03-05.xsd#ifrs-full_ShorttermInvestmentsClassifiedAsCashEquivalents" xlink:label="loc_119" xlink:type="locator"/>
    <link:calculationArc order="20.0" weight="1" xlink:arcrole="http://www.xbrl.org/2003/arcrole/summation-item" xlink:from="loc_53" xlink:to="loc_119" xlink:type="arc"/>
    <link:loc xlink:href="../../full_ifrs-cor_2014-03-05.xsd#ifrs-full_NoncurrentAssetsOrDisposalGroupsClassifiedAsHeldForDistributionToOwners" xlink:label="loc_120" xlink:type="locator"/>
    <link:calculationArc order="20.0" weight="1" xlink:arcrole="http://www.xbrl.org/2003/arcrole/summation-item" xlink:from="loc_55" xlink:to="loc_120" xlink:type="arc"/>
    <link:loc xlink:href="../../full_ifrs-cor_2014-03-05.xsd#ifrs-full_Liabilities" xlink:label="loc_121" xlink:type="locator"/>
    <link:calculationArc order="20.0" weight="-1" xlink:arcrole="http://www.xbrl.org/2003/arcrole/summation-item" xlink:from="loc_39" xlink:to="loc_121" xlink:type="arc"/>
    <link:loc xlink:href="../../full_ifrs-cor_2014-03-05.xsd#ifrs-full_CorporateDebtInstrumentsHeld" xlink:label="loc_122" xlink:type="locator"/>
    <link:calculationArc order="20.0" weight="1" xlink:arcrole="http://www.xbrl.org/2003/arcrole/summation-item" xlink:from="loc_57" xlink:to="loc_122" xlink:type="arc"/>
    <link:loc xlink:href="../../full_ifrs-cor_2014-03-05.xsd#ifrs-full_BalancesOnDemandDepositsFromCustomers" xlink:label="loc_123" xlink:type="locator"/>
    <link:calculationArc order="20.0" weight="1" xlink:arcrole="http://www.xbrl.org/2003/arcrole/summation-item" xlink:from="loc_59" xlink:to="loc_123" xlink:type="arc"/>
    <link:loc xlink:href="../../full_ifrs-cor_2014-03-05.xsd#ifrs-full_TradeAndOtherCurrentReceivablesDueFromRelatedParties" xlink:label="loc_124" xlink:type="locator"/>
    <link:calculationArc order="20.0" weight="1" xlink:arcrole="http://www.xbrl.org/2003/arcrole/summation-item" xlink:from="loc_61" xlink:to="loc_124" xlink:type="arc"/>
    <link:loc xlink:href="../../full_ifrs-cor_2014-03-05.xsd#ifrs-full_TradeAndOtherReceivablesDueFromRelatedParties" xlink:label="loc_125" xlink:type="locator"/>
    <link:calculationArc order="20.0" weight="1" xlink:arcrole="http://www.xbrl.org/2003/arcrole/summation-item" xlink:from="loc_63" xlink:to="loc_125" xlink:type="arc"/>
    <link:loc xlink:href="../../full_ifrs-cor_2014-03-05.xsd#ifrs-full_CurrentFinancialAssetsAtFairValueThroughProfitOrLossClassifiedAsHeldForTrading" xlink:label="loc_126" xlink:type="locator"/>
    <link:calculationArc order="20.0" weight="1" xlink:arcrole="http://www.xbrl.org/2003/arcrole/summation-item" xlink:from="loc_64" xlink:to="loc_126" xlink:type="arc"/>
    <link:loc xlink:href="../../full_ifrs-cor_2014-03-05.xsd#ifrs-full_CurrentFinancialAssetsAvailableforsale" xlink:label="loc_127" xlink:type="locator"/>
    <link:calculationArc order="20.0" weight="1" xlink:arcrole="http://www.xbrl.org/2003/arcrole/summation-item" xlink:from="loc_65" xlink:to="loc_127" xlink:type="arc"/>
    <link:loc xlink:href="../../full_ifrs-cor_2014-03-05.xsd#ifrs-full_NoncurrentFinancialAssetsAtFairValueThroughProfitOrLossClassifiedAsHeldForTrading" xlink:label="loc_128" xlink:type="locator"/>
    <link:calculationArc order="20.0" weight="1" xlink:arcrole="http://www.xbrl.org/2003/arcrole/summation-item" xlink:from="loc_67" xlink:to="loc_128" xlink:type="arc"/>
    <link:loc xlink:href="../../full_ifrs-cor_2014-03-05.xsd#ifrs-full_NoncurrentFinancialAssetsAvailableforsale" xlink:label="loc_129" xlink:type="locator"/>
    <link:calculationArc order="20.0" weight="1" xlink:arcrole="http://www.xbrl.org/2003/arcrole/summation-item" xlink:from="loc_68" xlink:to="loc_129" xlink:type="arc"/>
    <link:loc xlink:href="../../full_ifrs-cor_2014-03-05.xsd#ifrs-full_NoncurrentFinancialLiabilitiesAtFairValueThroughProfitOrLossDesignatedUponInitialRecognition" xlink:label="loc_130" xlink:type="locator"/>
    <link:calculationArc order="20.0" weight="1" xlink:arcrole="http://www.xbrl.org/2003/arcrole/summation-item" xlink:from="loc_70" xlink:to="loc_130" xlink:type="arc"/>
    <link:loc xlink:href="../../full_ifrs-cor_2014-03-05.xsd#ifrs-full_NoncurrentFinancialLiabilitiesAtAmortisedCost" xlink:label="loc_131" xlink:type="locator"/>
    <link:calculationArc order="20.0" weight="1" xlink:arcrole="http://www.xbrl.org/2003/arcrole/summation-item" xlink:from="loc_71" xlink:to="loc_131" xlink:type="arc"/>
    <link:loc xlink:href="../../full_ifrs-cor_2014-03-05.xsd#ifrs-full_CurrentFinancialLiabilitiesAtFairValueThroughProfitOrLossDesignatedUponInitialRecognition" xlink:label="loc_132" xlink:type="locator"/>
    <link:calculationArc order="20.0" weight="1" xlink:arcrole="http://www.xbrl.org/2003/arcrole/summation-item" xlink:from="loc_73" xlink:to="loc_132" xlink:type="arc"/>
    <link:loc xlink:href="../../full_ifrs-cor_2014-03-05.xsd#ifrs-full_CurrentFinancialLiabilitiesAtAmortisedCost" xlink:label="loc_133" xlink:type="locator"/>
    <link:calculationArc order="20.0" weight="1" xlink:arcrole="http://www.xbrl.org/2003/arcrole/summation-item" xlink:from="loc_74" xlink:to="loc_133" xlink:type="arc"/>
    <link:loc xlink:href="../../full_ifrs-cor_2014-03-05.xsd#ifrs-full_CurrentPrepaidExpenses" xlink:label="loc_134" xlink:type="locator"/>
    <link:calculationArc order="20.0" weight="1" xlink:arcrole="http://www.xbrl.org/2003/arcrole/summation-item" xlink:from="loc_77" xlink:to="loc_134" xlink:type="arc"/>
    <link:loc xlink:href="../../full_ifrs-cor_2014-03-05.xsd#ifrs-full_UndatedSubordinatedLiabilities" xlink:label="loc_135" xlink:type="locator"/>
    <link:calculationArc order="20.0" weight="1" xlink:arcrole="http://www.xbrl.org/2003/arcrole/summation-item" xlink:from="loc_79" xlink:to="loc_135" xlink:type="arc"/>
    <link:loc xlink:href="../../full_ifrs-cor_2014-03-05.xsd#ifrs-full_CurrentLiabilities" xlink:label="loc_136" xlink:type="locator"/>
    <link:calculationArc order="20.0" weight="-1" xlink:arcrole="http://www.xbrl.org/2003/arcrole/summation-item" xlink:from="loc_81" xlink:to="loc_136" xlink:type="arc"/>
    <link:loc xlink:href="../../full_ifrs-cor_2014-03-05.xsd#ifrs-full_ProductionSupplies" xlink:label="loc_137" xlink:type="locator"/>
    <link:calculationArc order="20.0" weight="1" xlink:arcrole="http://www.xbrl.org/2003/arcrole/summation-item" xlink:from="loc_83" xlink:to="loc_137" xlink:type="arc"/>
    <link:loc xlink:href="../../full_ifrs-cor_2014-03-05.xsd#ifrs-full_Accruals" xlink:label="loc_138" xlink:type="locator"/>
    <link:calculationArc order="20.0" weight="1" xlink:arcrole="http://www.xbrl.org/2003/arcrole/summation-item" xlink:from="loc_85" xlink:to="loc_138" xlink:type="arc"/>
    <link:loc xlink:href="../../full_ifrs-cor_2014-03-05.xsd#ifrs-full_AccrualsClassifiedAsCurrent" xlink:label="loc_139" xlink:type="locator"/>
    <link:calculationArc order="20.0" weight="1" xlink:arcrole="http://www.xbrl.org/2003/arcrole/summation-item" xlink:from="loc_87" xlink:to="loc_139" xlink:type="arc"/>
    <link:loc xlink:href="../../full_ifrs-cor_2014-03-05.xsd#ifrs-full_AccrualsClassifiedAsNoncurrent" xlink:label="loc_140" xlink:type="locator"/>
    <link:calculationArc order="20.0" weight="1" xlink:arcrole="http://www.xbrl.org/2003/arcrole/summation-item" xlink:from="loc_89" xlink:to="loc_140" xlink:type="arc"/>
    <link:loc xlink:href="../../full_ifrs-cor_2014-03-05.xsd#ifrs-full_InvestmentPropertyUnderConstructionOrDevelopment" xlink:label="loc_141" xlink:type="locator"/>
    <link:calculationArc order="20.0" weight="1" xlink:arcrole="http://www.xbrl.org/2003/arcrole/summation-item" xlink:from="loc_91" xlink:to="loc_141" xlink:type="arc"/>
    <link:loc xlink:href="../../full_ifrs-cor_2014-03-05.xsd#ifrs-full_ReserveOfCashFlowHedges" xlink:label="loc_142" xlink:type="locator"/>
    <link:calculationArc order="30.0" weight="1" xlink:arcrole="http://www.xbrl.org/2003/arcrole/summation-item" xlink:from="loc_2" xlink:to="loc_142" xlink:type="arc"/>
    <link:loc xlink:href="../../full_ifrs-cor_2014-03-05.xsd#ifrs-full_FinancialAssetsAtFairValueThroughProfitOrLossMandatorilyMeasuredAtFairValue" xlink:label="loc_143" xlink:type="locator"/>
    <link:calculationArc order="30.0" weight="1" xlink:arcrole="http://www.xbrl.org/2003/arcrole/summation-item" xlink:from="loc_15" xlink:to="loc_143" xlink:type="arc"/>
    <link:loc xlink:href="../../full_ifrs-cor_2014-03-05.xsd#ifrs-full_HeldtomaturityInvestments" xlink:label="loc_144" xlink:type="locator"/>
    <link:calculationArc order="30.0" weight="1" xlink:arcrole="http://www.xbrl.org/2003/arcrole/summation-item" xlink:from="loc_16" xlink:to="loc_144" xlink:type="arc"/>
    <link:loc xlink:href="../../full_ifrs-cor_2014-03-05.xsd#ifrs-full_MastheadsAndPublishingTitles" xlink:label="loc_145" xlink:type="locator"/>
    <link:calculationArc order="30.0" weight="1" xlink:arcrole="http://www.xbrl.org/2003/arcrole/summation-item" xlink:from="loc_35" xlink:to="loc_145" xlink:type="arc"/>
    <link:calculationArc order="30.0" weight="1" xlink:arcrole="http://www.xbrl.org/2003/arcrole/summation-item" xlink:from="loc_41" xlink:to="loc_44" xlink:type="arc"/>
    <link:loc xlink:href="../../full_ifrs-cor_2014-03-05.xsd#ifrs-full_MotorVehicles" xlink:label="loc_146" xlink:type="locator"/>
    <link:calculationArc order="30.0" weight="1" xlink:arcrole="http://www.xbrl.org/2003/arcrole/summation-item" xlink:from="loc_44" xlink:to="loc_146" xlink:type="arc"/>
    <link:loc xlink:href="../../full_ifrs-cor_2014-03-05.xsd#ifrs-full_InvestmentsInAssociates" xlink:label="loc_147" xlink:type="locator"/>
    <link:calculationArc order="30.0" weight="1" xlink:arcrole="http://www.xbrl.org/2003/arcrole/summation-item" xlink:from="loc_46" xlink:to="loc_147" xlink:type="arc"/>
    <link:loc xlink:href="../../full_ifrs-cor_2014-03-05.xsd#ifrs-full_NoncurrentPrepayments" xlink:label="loc_148" xlink:type="locator"/>
    <link:calculationArc order="30.0" weight="1" xlink:arcrole="http://www.xbrl.org/2003/arcrole/summation-item" xlink:from="loc_48" xlink:to="loc_148" xlink:type="arc"/>
    <link:loc xlink:href="../../full_ifrs-cor_2014-03-05.xsd#ifrs-full_BankingArrangementsClassifiedAsCashEquivalents" xlink:label="loc_149" xlink:type="locator"/>
    <link:calculationArc order="30.0" weight="1" xlink:arcrole="http://www.xbrl.org/2003/arcrole/summation-item" xlink:from="loc_53" xlink:to="loc_149" xlink:type="arc"/>
    <link:loc xlink:href="../../full_ifrs-cor_2014-03-05.xsd#ifrs-full_OtherCashAndCashEquivalents" xlink:label="loc_150" xlink:type="locator"/>
    <link:calculationArc order="30.0" weight="1" xlink:arcrole="http://www.xbrl.org/2003/arcrole/summation-item" xlink:from="loc_50" xlink:to="loc_150" xlink:type="arc"/>
    <link:loc xlink:href="../../full_ifrs-cor_2014-03-05.xsd#ifrs-full_GovernmentDebtInstrumentsHeld" xlink:label="loc_151" xlink:type="locator"/>
    <link:calculationArc order="30.0" weight="1" xlink:arcrole="http://www.xbrl.org/2003/arcrole/summation-item" xlink:from="loc_57" xlink:to="loc_151" xlink:type="arc"/>
    <link:loc xlink:href="../../full_ifrs-cor_2014-03-05.xsd#ifrs-full_BalancesOnCurrentAccountsFromCustomers" xlink:label="loc_152" xlink:type="locator"/>
    <link:calculationArc order="30.0" weight="1" xlink:arcrole="http://www.xbrl.org/2003/arcrole/summation-item" xlink:from="loc_59" xlink:to="loc_152" xlink:type="arc"/>
    <link:calculationArc order="30.0" weight="1" xlink:arcrole="http://www.xbrl.org/2003/arcrole/summation-item" xlink:from="loc_61" xlink:to="loc_77" xlink:type="arc"/>
    <link:loc xlink:href="../../full_ifrs-cor_2014-03-05.xsd#ifrs-full_Prepayments" xlink:label="loc_153" xlink:type="locator"/>
    <link:calculationArc order="30.0" weight="1" xlink:arcrole="http://www.xbrl.org/2003/arcrole/summation-item" xlink:from="loc_63" xlink:to="loc_153" xlink:type="arc"/>
    <link:loc xlink:href="../../full_ifrs-cor_2014-03-05.xsd#ifrs-full_CurrentFinancialAssetsAtFairValueThroughProfitOrLossMandatorilyMeasuredAtFairValue" xlink:label="loc_154" xlink:type="locator"/>
    <link:calculationArc order="30.0" weight="1" xlink:arcrole="http://www.xbrl.org/2003/arcrole/summation-item" xlink:from="loc_64" xlink:to="loc_154" xlink:type="arc"/>
    <link:loc xlink:href="../../full_ifrs-cor_2014-03-05.xsd#ifrs-full_CurrentHeldtomaturityInvestments" xlink:label="loc_155" xlink:type="locator"/>
    <link:calculationArc order="30.0" weight="1" xlink:arcrole="http://www.xbrl.org/2003/arcrole/summation-item" xlink:from="loc_65" xlink:to="loc_155" xlink:type="arc"/>
    <link:loc xlink:href="../../full_ifrs-cor_2014-03-05.xsd#ifrs-full_NoncurrentFinancialAssetsAtFairValueThroughProfitOrLossMandatorilyMeasuredAtFairValue" xlink:label="loc_156" xlink:type="locator"/>
    <link:calculationArc order="30.0" weight="1" xlink:arcrole="http://www.xbrl.org/2003/arcrole/summation-item" xlink:from="loc_67" xlink:to="loc_156" xlink:type="arc"/>
    <link:loc xlink:href="../../full_ifrs-cor_2014-03-05.xsd#ifrs-full_NoncurrentHeldtomaturityInvestments" xlink:label="loc_157" xlink:type="locator"/>
    <link:calculationArc order="30.0" weight="1" xlink:arcrole="http://www.xbrl.org/2003/arcrole/summation-item" xlink:from="loc_68" xlink:to="loc_157" xlink:type="arc"/>
    <link:calculationArc order="30.0" weight="1" xlink:arcrole="http://www.xbrl.org/2003/arcrole/summation-item" xlink:from="loc_8" xlink:to="loc_85" xlink:type="arc"/>
    <link:calculationArc order="30.0" weight="1" xlink:arcrole="http://www.xbrl.org/2003/arcrole/summation-item" xlink:from="loc_6" xlink:to="loc_87" xlink:type="arc"/>
    <link:calculationArc order="30.0" weight="1" xlink:arcrole="http://www.xbrl.org/2003/arcrole/summation-item" xlink:from="loc_4" xlink:to="loc_89" xlink:type="arc"/>
    <link:loc xlink:href="../../full_ifrs-cor_2014-03-05.xsd#ifrs-full_WorkInProgress" xlink:label="loc_166" xlink:type="locator"/>
    <link:calculationArc order="30.0" weight="1" xlink:arcrole="http://www.xbrl.org/2003/arcrole/summation-item" xlink:from="loc_92" xlink:to="loc_166" xlink:type="arc"/>
    <link:loc xlink:href="../../full_ifrs-cor_2014-03-05.xsd#ifrs-full_ReserveOfGainsAndLossesOnHedgingInstrumentsThatHedgeInvestmentsInEquityInstruments" xlink:label="loc_158" xlink:type="locator"/>
    <link:calculationArc order="40.0" weight="1" xlink:arcrole="http://www.xbrl.org/2003/arcrole/summation-item" xlink:from="loc_2" xlink:to="loc_158" xlink:type="arc"/>
    <link:loc xlink:href="../../full_ifrs-cor_2014-03-05.xsd#ifrs-full_NoncurrentReceivablesFromTaxesOtherThanIncomeTax" xlink:label="loc_162" xlink:type="locator"/>
    <link:calculationArc order="40.0" weight="1" xlink:arcrole="http://www.xbrl.org/2003/arcrole/summation-item" xlink:from="loc_48" xlink:to="loc_162" xlink:type="arc"/>
    <link:loc xlink:href="../../full_ifrs-cor_2014-03-05.xsd#ifrs-full_LoansAndReceivables" xlink:label="loc_163" xlink:type="locator"/>
    <link:calculationArc order="40.0" weight="1" xlink:arcrole="http://www.xbrl.org/2003/arcrole/summation-item" xlink:from="loc_16" xlink:to="loc_163" xlink:type="arc"/>
    <link:loc xlink:href="../../full_ifrs-cor_2014-03-05.xsd#ifrs-full_ComputerSoftware" xlink:label="loc_164" xlink:type="locator"/>
    <link:calculationArc order="40.0" weight="1" xlink:arcrole="http://www.xbrl.org/2003/arcrole/summation-item" xlink:from="loc_35" xlink:to="loc_164" xlink:type="arc"/>
    <link:loc xlink:href="../../full_ifrs-cor_2014-03-05.xsd#ifrs-full_FixturesAndFittings" xlink:label="loc_165" xlink:type="locator"/>
    <link:calculationArc order="40.0" weight="1" xlink:arcrole="http://www.xbrl.org/2003/arcrole/summation-item" xlink:from="loc_41" xlink:to="loc_165" xlink:type="arc"/>
    <link:loc xlink:href="../../full_ifrs-cor_2014-03-05.xsd#ifrs-full_AssetbackedDebtInstrumentsHeld" xlink:label="loc_167" xlink:type="locator"/>
    <link:calculationArc order="40.0" weight="1" xlink:arcrole="http://www.xbrl.org/2003/arcrole/summation-item" xlink:from="loc_57" xlink:to="loc_167" xlink:type="arc"/>
    <link:loc xlink:href="../../full_ifrs-cor_2014-03-05.xsd#ifrs-full_BalancesOnOtherDepositsFromCustomers" xlink:label="loc_168" xlink:type="locator"/>
    <link:calculationArc order="40.0" weight="1" xlink:arcrole="http://www.xbrl.org/2003/arcrole/summation-item" xlink:from="loc_59" xlink:to="loc_168" xlink:type="arc"/>
    <link:loc xlink:href="../../full_ifrs-cor_2014-03-05.xsd#ifrs-full_CurrentReceivablesFromTaxesOtherThanIncomeTax" xlink:label="loc_169" xlink:type="locator"/>
    <link:calculationArc order="40.0" weight="1" xlink:arcrole="http://www.xbrl.org/2003/arcrole/summation-item" xlink:from="loc_61" xlink:to="loc_169" xlink:type="arc"/>
    <link:loc xlink:href="../../full_ifrs-cor_2014-03-05.xsd#ifrs-full_ReceivablesFromTaxesOtherThanIncomeTax" xlink:label="loc_170" xlink:type="locator"/>
    <link:calculationArc order="40.0" weight="1" xlink:arcrole="http://www.xbrl.org/2003/arcrole/summation-item" xlink:from="loc_63" xlink:to="loc_170" xlink:type="arc"/>
    <link:loc xlink:href="../../full_ifrs-cor_2014-03-05.xsd#ifrs-full_CurrentLoansAndReceivables" xlink:label="loc_171" xlink:type="locator"/>
    <link:calculationArc order="40.0" weight="1" xlink:arcrole="http://www.xbrl.org/2003/arcrole/summation-item" xlink:from="loc_65" xlink:to="loc_171" xlink:type="arc"/>
    <link:loc xlink:href="../../full_ifrs-cor_2014-03-05.xsd#ifrs-full_NoncurrentLoansAndReceivables" xlink:label="loc_172" xlink:type="locator"/>
    <link:calculationArc order="40.0" weight="1" xlink:arcrole="http://www.xbrl.org/2003/arcrole/summation-item" xlink:from="loc_68" xlink:to="loc_172" xlink:type="arc"/>
    <link:loc xlink:href="../../full_ifrs-cor_2014-03-05.xsd#ifrs-full_CurrentPayablesOnSocialSecurityAndTaxesOtherThanIncomeTax" xlink:label="loc_181" xlink:type="locator"/>
    <link:calculationArc order="40.0" weight="1" xlink:arcrole="http://www.xbrl.org/2003/arcrole/summation-item" xlink:from="loc_6" xlink:to="loc_181" xlink:type="arc"/>
    <link:loc xlink:href="../../full_ifrs-cor_2014-03-05.xsd#ifrs-full_NoncurrentPayablesOnSocialSecurityAndTaxesOtherThanIncomeTax" xlink:label="loc_182" xlink:type="locator"/>
    <link:calculationArc order="40.0" weight="1" xlink:arcrole="http://www.xbrl.org/2003/arcrole/summation-item" xlink:from="loc_4" xlink:to="loc_182" xlink:type="arc"/>
    <link:loc xlink:href="../../full_ifrs-cor_2014-03-05.xsd#ifrs-full_PayablesOnSocialSecurityAndTaxesOtherThanIncomeTax" xlink:label="loc_183" xlink:type="locator"/>
    <link:calculationArc order="40.0" weight="1" xlink:arcrole="http://www.xbrl.org/2003/arcrole/summation-item" xlink:from="loc_8" xlink:to="loc_183" xlink:type="arc"/>
    <link:loc xlink:href="../../full_ifrs-cor_2014-03-05.xsd#ifrs-full_FinishedGoods" xlink:label="loc_187" xlink:type="locator"/>
    <link:calculationArc order="40.0" weight="1" xlink:arcrole="http://www.xbrl.org/2003/arcrole/summation-item" xlink:from="loc_92" xlink:to="loc_187" xlink:type="arc"/>
    <link:loc xlink:href="../../full_ifrs-cor_2014-03-05.xsd#ifrs-full_ReserveOfChangeInValueOfTimeValueOfOptions" xlink:label="loc_159" xlink:type="locator"/>
    <link:calculationArc order="50.0" weight="1" xlink:arcrole="http://www.xbrl.org/2003/arcrole/summation-item" xlink:from="loc_2" xlink:to="loc_159" xlink:type="arc"/>
    <link:loc xlink:href="../../full_ifrs-cor_2014-03-05.xsd#ifrs-full_ReceivablesFromSaleOfProperties" xlink:label="loc_174" xlink:type="locator"/>
    <link:calculationArc order="50.0" weight="1" xlink:arcrole="http://www.xbrl.org/2003/arcrole/summation-item" xlink:from="loc_63" xlink:to="loc_174" xlink:type="arc"/>
    <link:loc xlink:href="../../full_ifrs-cor_2014-03-05.xsd#ifrs-full_CurrentReceivablesFromSaleOfProperties" xlink:label="loc_175" xlink:type="locator"/>
    <link:calculationArc order="50.0" weight="1" xlink:arcrole="http://www.xbrl.org/2003/arcrole/summation-item" xlink:from="loc_61" xlink:to="loc_175" xlink:type="arc"/>
    <link:loc xlink:href="../../full_ifrs-cor_2014-03-05.xsd#ifrs-full_NoncurrentReceivablesFromSaleOfProperties" xlink:label="loc_176" xlink:type="locator"/>
    <link:calculationArc order="50.0" weight="1" xlink:arcrole="http://www.xbrl.org/2003/arcrole/summation-item" xlink:from="loc_48" xlink:to="loc_176" xlink:type="arc"/>
    <link:loc xlink:href="../../full_ifrs-cor_2014-03-05.xsd#ifrs-full_FinancialAssetsAtAmortisedCost" xlink:label="loc_184" xlink:type="locator"/>
    <link:calculationArc order="50.0" weight="1" xlink:arcrole="http://www.xbrl.org/2003/arcrole/summation-item" xlink:from="loc_16" xlink:to="loc_184" xlink:type="arc"/>
    <link:loc xlink:href="../../full_ifrs-cor_2014-03-05.xsd#ifrs-full_LicencesAndFranchises" xlink:label="loc_185" xlink:type="locator"/>
    <link:calculationArc order="50.0" weight="1" xlink:arcrole="http://www.xbrl.org/2003/arcrole/summation-item" xlink:from="loc_35" xlink:to="loc_185" xlink:type="arc"/>
    <link:loc xlink:href="../../full_ifrs-cor_2014-03-05.xsd#ifrs-full_OfficeEquipment" xlink:label="loc_186" xlink:type="locator"/>
    <link:calculationArc order="50.0" weight="1" xlink:arcrole="http://www.xbrl.org/2003/arcrole/summation-item" xlink:from="loc_41" xlink:to="loc_186" xlink:type="arc"/>
    <link:loc xlink:href="../../full_ifrs-cor_2014-03-05.xsd#ifrs-full_OtherDebtInstrumentsHeld" xlink:label="loc_188" xlink:type="locator"/>
    <link:calculationArc order="50.0" weight="1" xlink:arcrole="http://www.xbrl.org/2003/arcrole/summation-item" xlink:from="loc_57" xlink:to="loc_188" xlink:type="arc"/>
    <link:loc xlink:href="../../full_ifrs-cor_2014-03-05.xsd#ifrs-full_CurrentFinancialAssetsAtFairValueThroughOtherComprehensiveIncome" xlink:label="loc_191" xlink:type="locator"/>
    <link:calculationArc order="50.0" weight="1" xlink:arcrole="http://www.xbrl.org/2003/arcrole/summation-item" xlink:from="loc_65" xlink:to="loc_191" xlink:type="arc"/>
    <link:loc xlink:href="../../full_ifrs-cor_2014-03-05.xsd#ifrs-full_NoncurrentFinancialAssetsAtFairValueThroughOtherComprehensiveIncome" xlink:label="loc_192" xlink:type="locator"/>
    <link:calculationArc order="50.0" weight="1" xlink:arcrole="http://www.xbrl.org/2003/arcrole/summation-item" xlink:from="loc_68" xlink:to="loc_192" xlink:type="arc"/>
    <link:loc xlink:href="../../full_ifrs-cor_2014-03-05.xsd#ifrs-full_RetentionPayables" xlink:label="loc_194" xlink:type="locator"/>
    <link:calculationArc order="50.0" weight="1" xlink:arcrole="http://www.xbrl.org/2003/arcrole/summation-item" xlink:from="loc_8" xlink:to="loc_194" xlink:type="arc"/>
    <link:loc xlink:href="../../full_ifrs-cor_2014-03-05.xsd#ifrs-full_CurrentRetentionPayables" xlink:label="loc_195" xlink:type="locator"/>
    <link:calculationArc order="50.0" weight="1" xlink:arcrole="http://www.xbrl.org/2003/arcrole/summation-item" xlink:from="loc_6" xlink:to="loc_195" xlink:type="arc"/>
    <link:loc xlink:href="../../full_ifrs-cor_2014-03-05.xsd#ifrs-full_NoncurrentRetentionPayables" xlink:label="loc_196" xlink:type="locator"/>
    <link:calculationArc order="50.0" weight="1" xlink:arcrole="http://www.xbrl.org/2003/arcrole/summation-item" xlink:from="loc_4" xlink:to="loc_196" xlink:type="arc"/>
    <link:loc xlink:href="../../full_ifrs-cor_2014-03-05.xsd#ifrs-full_SpareParts" xlink:label="loc_200" xlink:type="locator"/>
    <link:calculationArc order="50.0" weight="1" xlink:arcrole="http://www.xbrl.org/2003/arcrole/summation-item" xlink:from="loc_92" xlink:to="loc_200" xlink:type="arc"/>
    <link:loc xlink:href="../../full_ifrs-cor_2014-03-05.xsd#ifrs-full_PropertyIntendedForSaleInOrdinaryCourseOfBusiness" xlink:label="loc_225" xlink:type="locator"/>
    <link:calculationArc order="60.0" weight="1" xlink:arcrole="http://www.xbrl.org/2003/arcrole/summation-item" xlink:from="loc_92" xlink:to="loc_225" xlink:type="arc"/>
    <link:loc xlink:href="../../full_ifrs-cor_2014-03-05.xsd#ifrs-full_ReserveOfChangeInValueOfForwardElementsOfForwardContracts" xlink:label="loc_160" xlink:type="locator"/>
    <link:calculationArc order="60.0" weight="1" xlink:arcrole="http://www.xbrl.org/2003/arcrole/summation-item" xlink:from="loc_2" xlink:to="loc_160" xlink:type="arc"/>
    <link:loc xlink:href="../../full_ifrs-cor_2014-03-05.xsd#ifrs-full_ReceivablesFromRentalOfProperties" xlink:label="loc_177" xlink:type="locator"/>
    <link:calculationArc order="60.0" weight="1" xlink:arcrole="http://www.xbrl.org/2003/arcrole/summation-item" xlink:from="loc_63" xlink:to="loc_177" xlink:type="arc"/>
    <link:loc xlink:href="../../full_ifrs-cor_2014-03-05.xsd#ifrs-full_CurrentReceivablesFromRentalOfProperties" xlink:label="loc_178" xlink:type="locator"/>
    <link:calculationArc order="60.0" weight="1" xlink:arcrole="http://www.xbrl.org/2003/arcrole/summation-item" xlink:from="loc_61" xlink:to="loc_178" xlink:type="arc"/>
    <link:loc xlink:href="../../full_ifrs-cor_2014-03-05.xsd#ifrs-full_NoncurrentReceivablesFromRentalOfProperties" xlink:label="loc_179" xlink:type="locator"/>
    <link:calculationArc order="60.0" weight="1" xlink:arcrole="http://www.xbrl.org/2003/arcrole/summation-item" xlink:from="loc_48" xlink:to="loc_179" xlink:type="arc"/>
    <link:loc xlink:href="../../full_ifrs-cor_2014-03-05.xsd#ifrs-full_OtherNoncurrentPayables" xlink:label="loc_197" xlink:type="locator"/>
    <link:calculationArc order="60.0" weight="1" xlink:arcrole="http://www.xbrl.org/2003/arcrole/summation-item" xlink:from="loc_4" xlink:to="loc_197" xlink:type="arc"/>
    <link:loc xlink:href="../../full_ifrs-cor_2014-03-05.xsd#ifrs-full_OtherCurrentPayables" xlink:label="loc_198" xlink:type="locator"/>
    <link:calculationArc order="60.0" weight="1" xlink:arcrole="http://www.xbrl.org/2003/arcrole/summation-item" xlink:from="loc_6" xlink:to="loc_198" xlink:type="arc"/>
    <link:loc xlink:href="../../full_ifrs-cor_2014-03-05.xsd#ifrs-full_OtherPayables" xlink:label="loc_199" xlink:type="locator"/>
    <link:calculationArc order="60.0" weight="1" xlink:arcrole="http://www.xbrl.org/2003/arcrole/summation-item" xlink:from="loc_8" xlink:to="loc_199" xlink:type="arc"/>
    <link:loc xlink:href="../../full_ifrs-cor_2014-03-05.xsd#ifrs-full_FinancialAssetsAtFairValueThroughOtherComprehensiveIncome" xlink:label="loc_201" xlink:type="locator"/>
    <link:calculationArc order="60.0" weight="1" xlink:arcrole="http://www.xbrl.org/2003/arcrole/summation-item" xlink:from="loc_16" xlink:to="loc_201" xlink:type="arc"/>
    <link:loc xlink:href="../../full_ifrs-cor_2014-03-05.xsd#ifrs-full_CopyrightsPatentsAndOtherIndustrialPropertyRightsServiceAndOperatingRights" xlink:label="loc_202" xlink:type="locator"/>
    <link:calculationArc order="60.0" weight="1" xlink:arcrole="http://www.xbrl.org/2003/arcrole/summation-item" xlink:from="loc_35" xlink:to="loc_202" xlink:type="arc"/>
    <link:loc xlink:href="../../full_ifrs-cor_2014-03-05.xsd#ifrs-full_TangibleExplorationAndEvaluationAssets" xlink:label="loc_203" xlink:type="locator"/>
    <link:calculationArc order="60.0" weight="1" xlink:arcrole="http://www.xbrl.org/2003/arcrole/summation-item" xlink:from="loc_41" xlink:to="loc_203" xlink:type="arc"/>
    <link:loc xlink:href="../../full_ifrs-cor_2014-03-05.xsd#ifrs-full_CurrentFinancialAssetsAtAmortisedCost" xlink:label="loc_204" xlink:type="locator"/>
    <link:calculationArc order="60.0" weight="1" xlink:arcrole="http://www.xbrl.org/2003/arcrole/summation-item" xlink:from="loc_65" xlink:to="loc_204" xlink:type="arc"/>
    <link:loc xlink:href="../../full_ifrs-cor_2014-03-05.xsd#ifrs-full_NoncurrentFinancialAssetsAtAmortisedCost" xlink:label="loc_205" xlink:type="locator"/>
    <link:calculationArc order="60.0" weight="1" xlink:arcrole="http://www.xbrl.org/2003/arcrole/summation-item" xlink:from="loc_68" xlink:to="loc_205" xlink:type="arc"/>
    <link:loc xlink:href="../../full_ifrs-cor_2014-03-05.xsd#ifrs-full_OtherInventories" xlink:label="loc_208" xlink:type="locator"/>
    <link:calculationArc order="70.0" weight="1" xlink:arcrole="http://www.xbrl.org/2003/arcrole/summation-item" xlink:from="loc_92" xlink:to="loc_208" xlink:type="arc"/>
    <link:loc xlink:href="../../full_ifrs-cor_2014-03-05.xsd#ifrs-full_ReserveOfChangeInValueOfForeignCurrencyBasisSpreads" xlink:label="loc_161" xlink:type="locator"/>
    <link:calculationArc order="70.0" weight="1" xlink:arcrole="http://www.xbrl.org/2003/arcrole/summation-item" xlink:from="loc_2" xlink:to="loc_161" xlink:type="arc"/>
    <link:loc xlink:href="../../full_ifrs-cor_2014-03-05.xsd#ifrs-full_OtherNoncurrentReceivables" xlink:label="loc_180" xlink:type="locator"/>
    <link:calculationArc order="70.0" weight="1" xlink:arcrole="http://www.xbrl.org/2003/arcrole/summation-item" xlink:from="loc_48" xlink:to="loc_180" xlink:type="arc"/>
    <link:loc xlink:href="../../full_ifrs-cor_2014-03-05.xsd#ifrs-full_OtherCurrentReceivables" xlink:label="loc_189" xlink:type="locator"/>
    <link:calculationArc order="70.0" weight="1" xlink:arcrole="http://www.xbrl.org/2003/arcrole/summation-item" xlink:from="loc_61" xlink:to="loc_189" xlink:type="arc"/>
    <link:loc xlink:href="../../full_ifrs-cor_2014-03-05.xsd#ifrs-full_OtherReceivables" xlink:label="loc_190" xlink:type="locator"/>
    <link:calculationArc order="70.0" weight="1" xlink:arcrole="http://www.xbrl.org/2003/arcrole/summation-item" xlink:from="loc_63" xlink:to="loc_190" xlink:type="arc"/>
    <link:loc xlink:href="../../full_ifrs-cor_2014-03-05.xsd#ifrs-full_MiningAssets" xlink:label="loc_207" xlink:type="locator"/>
    <link:calculationArc order="70.0" weight="1" xlink:arcrole="http://www.xbrl.org/2003/arcrole/summation-item" xlink:from="loc_41" xlink:to="loc_207" xlink:type="arc"/>
    <link:loc xlink:href="../../full_ifrs-cor_2014-03-05.xsd#ifrs-full_RecipesFormulaeModelsDesignsAndPrototypes" xlink:label="loc_209" xlink:type="locator"/>
    <link:calculationArc order="70.0" weight="1" xlink:arcrole="http://www.xbrl.org/2003/arcrole/summation-item" xlink:from="loc_35" xlink:to="loc_209" xlink:type="arc"/>
    <link:loc xlink:href="../../full_ifrs-cor_2014-03-05.xsd#ifrs-full_ReserveOfGainsAndLossesOnRemeasuringAvailableforsaleFinancialAssets" xlink:label="loc_173" xlink:type="locator"/>
    <link:calculationArc order="80.0" weight="1" xlink:arcrole="http://www.xbrl.org/2003/arcrole/summation-item" xlink:from="loc_2" xlink:to="loc_173" xlink:type="arc"/>
    <link:loc xlink:href="../../full_ifrs-cor_2014-03-05.xsd#ifrs-full_OilAndGasAssets" xlink:label="loc_211" xlink:type="locator"/>
    <link:calculationArc order="80.0" weight="1" xlink:arcrole="http://www.xbrl.org/2003/arcrole/summation-item" xlink:from="loc_41" xlink:to="loc_211" xlink:type="arc"/>
    <link:loc xlink:href="../../full_ifrs-cor_2014-03-05.xsd#ifrs-full_IntangibleAssetsUnderDevelopment" xlink:label="loc_212" xlink:type="locator"/>
    <link:calculationArc order="80.0" weight="1" xlink:arcrole="http://www.xbrl.org/2003/arcrole/summation-item" xlink:from="loc_35" xlink:to="loc_212" xlink:type="arc"/>
    <link:loc xlink:href="../../full_ifrs-cor_2014-03-05.xsd#ifrs-full_ReserveOfSharebasedPayments" xlink:label="loc_193" xlink:type="locator"/>
    <link:calculationArc order="90.0" weight="1" xlink:arcrole="http://www.xbrl.org/2003/arcrole/summation-item" xlink:from="loc_2" xlink:to="loc_193" xlink:type="arc"/>
    <link:loc xlink:href="../../full_ifrs-cor_2014-03-05.xsd#ifrs-full_ConstructionInProgress" xlink:label="loc_214" xlink:type="locator"/>
    <link:calculationArc order="90.0" weight="1" xlink:arcrole="http://www.xbrl.org/2003/arcrole/summation-item" xlink:from="loc_41" xlink:to="loc_214" xlink:type="arc"/>
    <link:loc xlink:href="../../full_ifrs-cor_2014-03-05.xsd#ifrs-full_OtherIntangibleAssets" xlink:label="loc_215" xlink:type="locator"/>
    <link:calculationArc order="90.0" weight="1" xlink:arcrole="http://www.xbrl.org/2003/arcrole/summation-item" xlink:from="loc_35" xlink:to="loc_215" xlink:type="arc"/>
    <link:loc xlink:href="../../full_ifrs-cor_2014-03-05.xsd#ifrs-full_ReserveOfRemeasurementsOfDefinedBenefitPlans" xlink:label="loc_206" xlink:type="locator"/>
    <link:calculationArc order="100.0" weight="1" xlink:arcrole="http://www.xbrl.org/2003/arcrole/summation-item" xlink:from="loc_2" xlink:to="loc_206" xlink:type="arc"/>
    <link:loc xlink:href="../../full_ifrs-cor_2014-03-05.xsd#ifrs-full_OtherPropertyPlantAndEquipment" xlink:label="loc_217" xlink:type="locator"/>
    <link:calculationArc order="100.0" weight="1" xlink:arcrole="http://www.xbrl.org/2003/arcrole/summation-item" xlink:from="loc_41" xlink:to="loc_217" xlink:type="arc"/>
    <link:loc xlink:href="../../full_ifrs-cor_2014-03-05.xsd#ifrs-full_AmountRecognisedInOtherComprehensiveIncomeAndAccumulatedInEquityRelatingToNoncurrentAssetsOrDisposalGroupsHeldForSale" xlink:label="loc_210" xlink:type="locator"/>
    <link:calculationArc order="110.0" weight="1" xlink:arcrole="http://www.xbrl.org/2003/arcrole/summation-item" xlink:from="loc_2" xlink:to="loc_210" xlink:type="arc"/>
    <link:loc xlink:href="../../full_ifrs-cor_2014-03-05.xsd#ifrs-full_ReserveOfGainsAndLossesFromInvestmentsInEquityInstruments" xlink:label="loc_213" xlink:type="locator"/>
    <link:calculationArc order="120.0" weight="1" xlink:arcrole="http://www.xbrl.org/2003/arcrole/summation-item" xlink:from="loc_2" xlink:to="loc_213" xlink:type="arc"/>
    <link:loc xlink:href="../../full_ifrs-cor_2014-03-05.xsd#ifrs-full_ReserveOfChangeInFairValueOfFinancialLiabilityAttributableToChangeInCreditRiskOfLiability" xlink:label="loc_216" xlink:type="locator"/>
    <link:calculationArc order="130.0" weight="1" xlink:arcrole="http://www.xbrl.org/2003/arcrole/summation-item" xlink:from="loc_2" xlink:to="loc_216" xlink:type="arc"/>
    <link:loc xlink:href="../../full_ifrs-cor_2014-03-05.xsd#ifrs-full_ReserveForCatastrophe" xlink:label="loc_218" xlink:type="locator"/>
    <link:calculationArc order="140.0" weight="1" xlink:arcrole="http://www.xbrl.org/2003/arcrole/summation-item" xlink:from="loc_2" xlink:to="loc_218" xlink:type="arc"/>
    <link:loc xlink:href="../../full_ifrs-cor_2014-03-05.xsd#ifrs-full_ReserveForEqualisation" xlink:label="loc_219" xlink:type="locator"/>
    <link:calculationArc order="150.0" weight="1" xlink:arcrole="http://www.xbrl.org/2003/arcrole/summation-item" xlink:from="loc_2" xlink:to="loc_219" xlink:type="arc"/>
    <link:loc xlink:href="../../full_ifrs-cor_2014-03-05.xsd#ifrs-full_ReserveOfDiscretionaryParticipationFeatures" xlink:label="loc_220" xlink:type="locator"/>
    <link:calculationArc order="160.0" weight="1" xlink:arcrole="http://www.xbrl.org/2003/arcrole/summation-item" xlink:from="loc_2" xlink:to="loc_220" xlink:type="arc"/>
    <link:loc xlink:href="../../full_ifrs-cor_2014-03-05.xsd#ifrs-full_ReserveOfEquityComponentOfConvertibleInstruments" xlink:label="loc_221" xlink:type="locator"/>
    <link:calculationArc order="170.0" weight="1" xlink:arcrole="http://www.xbrl.org/2003/arcrole/summation-item" xlink:from="loc_2" xlink:to="loc_221" xlink:type="arc"/>
    <link:loc xlink:href="../../full_ifrs-cor_2014-03-05.xsd#ifrs-full_CapitalRedemptionReserve" xlink:label="loc_222" xlink:type="locator"/>
    <link:calculationArc order="180.0" weight="1" xlink:arcrole="http://www.xbrl.org/2003/arcrole/summation-item" xlink:from="loc_2" xlink:to="loc_222" xlink:type="arc"/>
    <link:loc xlink:href="../../full_ifrs-cor_2014-03-05.xsd#ifrs-full_MergerReserve" xlink:label="loc_223" xlink:type="locator"/>
    <link:calculationArc order="190.0" weight="1" xlink:arcrole="http://www.xbrl.org/2003/arcrole/summation-item" xlink:from="loc_2" xlink:to="loc_223" xlink:type="arc"/>
    <link:loc xlink:href="../../full_ifrs-cor_2014-03-05.xsd#ifrs-full_StatutoryReserve" xlink:label="loc_224" xlink:type="locator"/>
    <link:calculationArc order="200.0" weight="1" xlink:arcrole="http://www.xbrl.org/2003/arcrole/summation-item" xlink:from="loc_2" xlink:to="loc_224" xlink:type="arc"/>
  </link:calculationLink>
  <link:calculationLink xlink:role="http://xbrl.ifrs.org/role/ifrs/ias_1_2014-03-05_role-800100a" xlink:type="extended">
    <link:loc xlink:href="../../full_ifrs-cor_2014-03-05.xsd#ifrs-full_NoncurrentPortionOfNoncurrentLoansReceived" xlink:label="loc_1" xlink:type="locator"/>
    <link:loc xlink:href="../../full_ifrs-cor_2014-03-05.xsd#ifrs-full_LongtermBorrowings" xlink:label="loc_2" xlink:type="locator"/>
    <link:calculationArc order="10.0" weight="1" xlink:arcrole="http://www.xbrl.org/2003/arcrole/summation-item" xlink:from="loc_2" xlink:to="loc_1" xlink:type="arc"/>
    <link:loc xlink:href="../../full_ifrs-cor_2014-03-05.xsd#ifrs-full_CurrentLoansReceivedAndCurrentPortionOfNoncurrentLoansReceived" xlink:label="loc_3" xlink:type="locator"/>
    <link:loc xlink:href="../../full_ifrs-cor_2014-03-05.xsd#ifrs-full_CurrentBorrowingsAndCurrentPortionOfNoncurrentBorrowings" xlink:label="loc_4" xlink:type="locator"/>
    <link:calculationArc order="10.0" weight="1" xlink:arcrole="http://www.xbrl.org/2003/arcrole/summation-item" xlink:from="loc_4" xlink:to="loc_3" xlink:type="arc"/>
    <link:loc xlink:href="../../full_ifrs-cor_2014-03-05.xsd#ifrs-full_LoansReceived" xlink:label="loc_5" xlink:type="locator"/>
    <link:loc xlink:href="../../full_ifrs-cor_2014-03-05.xsd#ifrs-full_Borrowings" xlink:label="loc_6" xlink:type="locator"/>
    <link:calculationArc order="10.0" weight="1" xlink:arcrole="http://www.xbrl.org/2003/arcrole/summation-item" xlink:from="loc_6" xlink:to="loc_5" xlink:type="arc"/>
    <link:loc xlink:href="../../full_ifrs-cor_2014-03-05.xsd#ifrs-full_NoncurrentPortionOfNoncurrentBondsIssued" xlink:label="loc_7" xlink:type="locator"/>
    <link:calculationArc order="20.0" weight="1" xlink:arcrole="http://www.xbrl.org/2003/arcrole/summation-item" xlink:from="loc_2" xlink:to="loc_7" xlink:type="arc"/>
    <link:loc xlink:href="../../full_ifrs-cor_2014-03-05.xsd#ifrs-full_CurrentBondsIssuedAndCurrentPortionOfNoncurrentBondsIssued" xlink:label="loc_8" xlink:type="locator"/>
    <link:calculationArc order="20.0" weight="1" xlink:arcrole="http://www.xbrl.org/2003/arcrole/summation-item" xlink:from="loc_4" xlink:to="loc_8" xlink:type="arc"/>
    <link:loc xlink:href="../../full_ifrs-cor_2014-03-05.xsd#ifrs-full_BondsIssued" xlink:label="loc_9" xlink:type="locator"/>
    <link:calculationArc order="20.0" weight="1" xlink:arcrole="http://www.xbrl.org/2003/arcrole/summation-item" xlink:from="loc_6" xlink:to="loc_9" xlink:type="arc"/>
    <link:loc xlink:href="../../full_ifrs-cor_2014-03-05.xsd#ifrs-full_NoncurrentPortionOfNoncurrentNotesAndDebenturesIssued" xlink:label="loc_10" xlink:type="locator"/>
    <link:calculationArc order="30.0" weight="1" xlink:arcrole="http://www.xbrl.org/2003/arcrole/summation-item" xlink:from="loc_2" xlink:to="loc_10" xlink:type="arc"/>
    <link:loc xlink:href="../../full_ifrs-cor_2014-03-05.xsd#ifrs-full_CurrentNotesAndDebenturesIssuedAndCurrentPortionOfNoncurrentNotesAndDebenturesIssued" xlink:label="loc_11" xlink:type="locator"/>
    <link:calculationArc order="30.0" weight="1" xlink:arcrole="http://www.xbrl.org/2003/arcrole/summation-item" xlink:from="loc_4" xlink:to="loc_11" xlink:type="arc"/>
    <link:loc xlink:href="../../full_ifrs-cor_2014-03-05.xsd#ifrs-full_NotesAndDebenturesIssued" xlink:label="loc_12" xlink:type="locator"/>
    <link:calculationArc order="30.0" weight="1" xlink:arcrole="http://www.xbrl.org/2003/arcrole/summation-item" xlink:from="loc_6" xlink:to="loc_12" xlink:type="arc"/>
    <link:loc xlink:href="../../full_ifrs-cor_2014-03-05.xsd#ifrs-full_NoncurrentPortionOfNoncurrentCommercialPapersIssued" xlink:label="loc_13" xlink:type="locator"/>
    <link:calculationArc order="40.0" weight="1" xlink:arcrole="http://www.xbrl.org/2003/arcrole/summation-item" xlink:from="loc_2" xlink:to="loc_13" xlink:type="arc"/>
    <link:loc xlink:href="../../full_ifrs-cor_2014-03-05.xsd#ifrs-full_CurrentCommercialPapersIssuedAndCurrentPortionOfNoncurrentCommercialPapersIssued" xlink:label="loc_14" xlink:type="locator"/>
    <link:calculationArc order="40.0" weight="1" xlink:arcrole="http://www.xbrl.org/2003/arcrole/summation-item" xlink:from="loc_4" xlink:to="loc_14" xlink:type="arc"/>
    <link:loc xlink:href="../../full_ifrs-cor_2014-03-05.xsd#ifrs-full_CommercialPapersIssued" xlink:label="loc_15" xlink:type="locator"/>
    <link:calculationArc order="40.0" weight="1" xlink:arcrole="http://www.xbrl.org/2003/arcrole/summation-item" xlink:from="loc_6" xlink:to="loc_15" xlink:type="arc"/>
    <link:loc xlink:href="../../full_ifrs-cor_2014-03-05.xsd#ifrs-full_NoncurrentPortionOfOtherNoncurrentBorrowings" xlink:label="loc_16" xlink:type="locator"/>
    <link:calculationArc order="50.0" weight="1" xlink:arcrole="http://www.xbrl.org/2003/arcrole/summation-item" xlink:from="loc_2" xlink:to="loc_16" xlink:type="arc"/>
    <link:loc xlink:href="../../full_ifrs-cor_2014-03-05.xsd#ifrs-full_OtherCurrentBorrowingsAndCurrentPortionOfOtherNoncurrentBorrowings" xlink:label="loc_17" xlink:type="locator"/>
    <link:calculationArc order="50.0" weight="1" xlink:arcrole="http://www.xbrl.org/2003/arcrole/summation-item" xlink:from="loc_4" xlink:to="loc_17" xlink:type="arc"/>
    <link:loc xlink:href="../../full_ifrs-cor_2014-03-05.xsd#ifrs-full_OtherBorrowings" xlink:label="loc_18" xlink:type="locator"/>
    <link:calculationArc order="50.0" weight="1" xlink:arcrole="http://www.xbrl.org/2003/arcrole/summation-item" xlink:from="loc_6" xlink:to="loc_18" xlink:type="arc"/>
  </link:calculationLink>
</link:linkbase>
