<?xml version="1.0" encoding="UTF-8"?>
<!-- Generated by Fujitsu Interstage XWand B0166 -->
<?officialURI http://archprod.service.eogs.dk/taxonomy/20131220/ifrs/full_ifrs_dk/ifrs-dk_710.00_2013-12-20/ifrs/pre_ifrs-dk_2013-12-20_role-710.00.xml?>

<?taxonomy-version 0.1.0?>

<link:linkbase xmlns:xsi="http://www.w3.org/2001/XMLSchema-instance" xsi:schemaLocation="http://www.xbrl.org/2003/linkbase http://www.xbrl.org/2003/xbrl-linkbase-2003-12-31.xsd" xmlns:rol_ifrs-dk_710.00_2013-12-20="http://xbrl.dcca.dk/role/ifrs-dk/rol_ifrs-dk_710.00_2013-12-20" xmlns:link="http://www.xbrl.org/2003/linkbase" xmlns:xbrldt="http://xbrl.org/2005/xbrldt" xmlns:xbrli="http://www.xbrl.org/2003/instance" xmlns:xlink="http://www.w3.org/1999/xlink">
  <link:roleRef roleURI="http://www.xbrl.org/2009/role/negatedLabel" xlink:type="simple" xlink:href="http://www.xbrl.org/lrr/role/negated-2009-12-16.xsd#negatedLabel"/>
  <link:roleRef roleURI="http://www.xbrl.org/2009/role/negatedTerseLabel" xlink:type="simple" xlink:href="http://www.xbrl.org/lrr/role/negated-2009-12-16.xsd#negatedTerseLabel"/>
  <link:roleRef roleURI="http://www.xbrl.org/2009/role/negatedTotalLabel" xlink:type="simple" xlink:href="http://www.xbrl.org/lrr/role/negated-2009-12-16.xsd#negatedTotalLabel"/>
  <link:roleRef roleURI="http://www.xbrl.org/2009/role/netLabel" xlink:type="simple" xlink:href="http://www.xbrl.org/lrr/role/net-2009-12-16.xsd#netLabel"/>
  <link:roleRef roleURI="http://xbrl.dcca.dk/role/710.00/StatementOfChangesInNetAssetsAvailableForBenefits" xlink:type="simple" xlink:href="rol_ifrs-dk_710.00_2013-12-20.xsd#ifrs-dk_71000_StatementOfChangesInNetAssetsAvailableForBenefits"/>
  <link:presentationLink xlink:type="extended" xlink:role="http://xbrl.dcca.dk/role/710.00/StatementOfChangesInNetAssetsAvailableForBenefits">
    <link:loc xlink:type="locator" xlink:href="../../../cmn.xsd#cmn_CommonTable" xlink:label="CommonTable"/>
    <link:loc xlink:type="locator" xlink:href="../../../../ifrs-cor_2011-03-25.xsd#ifrs_ConsolidatedAndSeparateFinancialStatementsAxis" xlink:label="ConsolidatedAndSeparateFinancialStatementsAxis"/>
    <link:presentationArc xlink:type="arc" xlink:arcrole="http://www.xbrl.org/2003/arcrole/parent-child" xlink:from="CommonTable" xlink:to="ConsolidatedAndSeparateFinancialStatementsAxis" xlink:title="presentation: CommonTable to ConsolidatedAndSeparateFinancialStatementsAxis" order="1.0"/>
    <link:loc xlink:type="locator" xlink:href="../../../../ifrs-cor_2011-03-25.xsd#ifrs_ConsolidatedMember" xlink:label="ConsolidatedMember"/>
    <link:presentationArc xlink:type="arc" xlink:arcrole="http://www.xbrl.org/2003/arcrole/parent-child" xlink:from="ConsolidatedAndSeparateFinancialStatementsAxis" xlink:to="ConsolidatedMember" xlink:title="presentation: ConsolidatedAndSeparateFinancialStatementsAxis to ConsolidatedMember" order="1.0"/>
    <link:loc xlink:type="locator" xlink:href="../../../../ifrs-cor_2011-03-25.xsd#ifrs_SeparateMember" xlink:label="SeparateMember"/>
    <link:presentationArc xlink:type="arc" xlink:arcrole="http://www.xbrl.org/2003/arcrole/parent-child" xlink:from="ConsolidatedAndSeparateFinancialStatementsAxis" xlink:to="SeparateMember" xlink:title="presentation: ConsolidatedAndSeparateFinancialStatementsAxis to SeparateMember" order="2.0"/>
    <link:loc xlink:type="locator" xlink:href="../../../../ifrs-cor_2011-03-25.xsd#ifrs_StatementOfChangesInNetAssetsAvailableForBenefitsAbstract" xlink:label="StatementOfChangesInNetAssetsAvailableForBenefitsAbstract"/>
    <link:loc xlink:type="locator" xlink:href="../../../../ifrs-cor_2011-03-25.xsd#ifrs_DescriptionOfBasisOfValuationOfAssetsAvailableForBenefits" xlink:label="DescriptionOfBasisOfValuationOfAssetsAvailableForBenefits"/>
    <link:presentationArc xlink:type="arc" xlink:arcrole="http://www.xbrl.org/2003/arcrole/parent-child" xlink:from="StatementOfChangesInNetAssetsAvailableForBenefitsAbstract" xlink:to="DescriptionOfBasisOfValuationOfAssetsAvailableForBenefits" order="2.0"/>
    <link:loc xlink:type="locator" xlink:href="../../../../ifrs-cor_2011-03-25.xsd#ifrs_ExplanationOfDetailsOfInvestmentExceedingEitherFivePerCentOfNetAssetsAvailableForBenefitsOrFivePerCentOfAnyClassOrTypeOfSecurity" xlink:label="ExplanationOfDetailsOfInvestmentExceedingEitherFivePerCentOfNetAssetsAvailableForBenefitsOrFivePerCentOfAnyClassOrTypeOfSecurity"/>
    <link:presentationArc xlink:type="arc" xlink:arcrole="http://www.xbrl.org/2003/arcrole/parent-child" xlink:from="StatementOfChangesInNetAssetsAvailableForBenefitsAbstract" xlink:to="ExplanationOfDetailsOfInvestmentExceedingEitherFivePerCentOfNetAssetsAvailableForBenefitsOrFivePerCentOfAnyClassOrTypeOfSecurity" order="3.0"/>
    <link:loc xlink:type="locator" xlink:href="../../../../ifrs-cor_2011-03-25.xsd#ifrs_ExplanationOfDetailsOfAnyInvestmentInEmployer" xlink:label="ExplanationOfDetailsOfAnyInvestmentInEmployer"/>
    <link:presentationArc xlink:type="arc" xlink:arcrole="http://www.xbrl.org/2003/arcrole/parent-child" xlink:from="StatementOfChangesInNetAssetsAvailableForBenefitsAbstract" xlink:to="ExplanationOfDetailsOfAnyInvestmentInEmployer" order="4.0"/>
    <link:loc xlink:type="locator" xlink:href="../../../../ifrs-cor_2011-03-25.xsd#ifrs_ReconciliationOfChangesInNetAssetsAvailableForBenefitsAbstract" xlink:label="ReconciliationOfChangesInNetAssetsAvailableForBenefitsAbstract"/>
    <link:presentationArc xlink:type="arc" xlink:arcrole="http://www.xbrl.org/2003/arcrole/parent-child" xlink:from="StatementOfChangesInNetAssetsAvailableForBenefitsAbstract" xlink:to="ReconciliationOfChangesInNetAssetsAvailableForBenefitsAbstract" order="6.0"/>
    <link:loc xlink:type="locator" xlink:href="../../../../ifrs-cor_2011-03-25.xsd#ifrs_AssetsLiabilitiesOfBenefitPlan" xlink:label="AssetsLiabilitiesOfBenefitPlan"/>
    <link:presentationArc xlink:type="arc" xlink:arcrole="http://www.xbrl.org/2003/arcrole/parent-child" xlink:from="ReconciliationOfChangesInNetAssetsAvailableForBenefitsAbstract" xlink:to="AssetsLiabilitiesOfBenefitPlan" order="1.0" preferredLabel="http://www.xbrl.org/2003/role/periodStartLabel"/>
    <link:loc xlink:type="locator" xlink:href="../../../../ifrs-cor_2011-03-25.xsd#ifrs_AssetsLiabilitiesOfBenefitPlan" xlink:label="AssetsLiabilitiesOfBenefitPlan_2"/>
    <link:presentationArc xlink:type="arc" xlink:arcrole="http://www.xbrl.org/2003/arcrole/parent-child" xlink:from="ReconciliationOfChangesInNetAssetsAvailableForBenefitsAbstract" xlink:to="AssetsLiabilitiesOfBenefitPlan_2" priority="1" order="3.0" preferredLabel="http://www.xbrl.org/2003/role/periodEndLabel"/>
    <link:loc xlink:type="locator" xlink:href="../../../../ifrs-cor_2011-03-25.xsd#ifrs_ChangesInNetAssetsAvailableForBenefitsAbstract" xlink:label="ChangesInNetAssetsAvailableForBenefitsAbstract"/>
    <link:presentationArc xlink:type="arc" xlink:arcrole="http://www.xbrl.org/2003/arcrole/parent-child" xlink:from="ReconciliationOfChangesInNetAssetsAvailableForBenefitsAbstract" xlink:to="ChangesInNetAssetsAvailableForBenefitsAbstract" order="2.0"/>
    <link:loc xlink:type="locator" xlink:href="../../../../ifrs-cor_2011-03-25.xsd#ifrs_EmployerContributions" xlink:label="EmployerContributions"/>
    <link:presentationArc xlink:type="arc" xlink:arcrole="http://www.xbrl.org/2003/arcrole/parent-child" xlink:from="ChangesInNetAssetsAvailableForBenefitsAbstract" xlink:to="EmployerContributions" order="1.0"/>
    <link:loc xlink:type="locator" xlink:href="../../../../ifrs-cor_2011-03-25.xsd#ifrs_EmployeeContributions" xlink:label="EmployeeContributions"/>
    <link:presentationArc xlink:type="arc" xlink:arcrole="http://www.xbrl.org/2003/arcrole/parent-child" xlink:from="ChangesInNetAssetsAvailableForBenefitsAbstract" xlink:to="EmployeeContributions" order="2.0"/>
    <link:loc xlink:type="locator" xlink:href="../../../../ifrs-cor_2011-03-25.xsd#ifrs_InvestmentIncome" xlink:label="InvestmentIncome"/>
    <link:presentationArc xlink:type="arc" xlink:arcrole="http://www.xbrl.org/2003/arcrole/parent-child" xlink:from="ChangesInNetAssetsAvailableForBenefitsAbstract" xlink:to="InvestmentIncome" order="3.0"/>
    <link:loc xlink:type="locator" xlink:href="../../../../ifrs-cor_2011-03-25.xsd#ifrs_OtherIncome" xlink:label="OtherIncome"/>
    <link:presentationArc xlink:type="arc" xlink:arcrole="http://www.xbrl.org/2003/arcrole/parent-child" xlink:from="ChangesInNetAssetsAvailableForBenefitsAbstract" xlink:to="OtherIncome" order="4.0"/>
    <link:loc xlink:type="locator" xlink:href="../../../../ifrs-cor_2011-03-25.xsd#ifrs_BenefitsPaidOrPayable" xlink:label="BenefitsPaidOrPayable"/>
    <link:presentationArc xlink:type="arc" xlink:arcrole="http://www.xbrl.org/2003/arcrole/parent-child" xlink:from="ChangesInNetAssetsAvailableForBenefitsAbstract" xlink:to="BenefitsPaidOrPayable" order="5.0" preferredLabel="http://www.xbrl.org/2009/role/negatedLabel"/>
    <link:loc xlink:type="locator" xlink:href="../../../../ifrs-cor_2011-03-25.xsd#ifrs_AdministrativeExpense" xlink:label="AdministrativeExpense"/>
    <link:presentationArc xlink:type="arc" xlink:arcrole="http://www.xbrl.org/2003/arcrole/parent-child" xlink:from="ChangesInNetAssetsAvailableForBenefitsAbstract" xlink:to="AdministrativeExpense" order="6.0" preferredLabel="http://www.xbrl.org/2009/role/negatedLabel"/>
    <link:loc xlink:type="locator" xlink:href="../../../../ifrs-cor_2011-03-25.xsd#ifrs_IncomeTaxExpenseContinuingOperations" xlink:label="IncomeTaxExpenseContinuingOperations"/>
    <link:presentationArc xlink:type="arc" xlink:arcrole="http://www.xbrl.org/2003/arcrole/parent-child" xlink:from="ChangesInNetAssetsAvailableForBenefitsAbstract" xlink:to="IncomeTaxExpenseContinuingOperations" order="8.0" preferredLabel="http://www.xbrl.org/2009/role/negatedTerseLabel"/>
    <link:loc xlink:type="locator" xlink:href="../../../../ifrs-cor_2011-03-25.xsd#ifrs_ProfitsLossesOnDisposalOfInvestmentsAndChangesInValueOfInvestments" xlink:label="ProfitsLossesOnDisposalOfInvestmentsAndChangesInValueOfInvestments"/>
    <link:presentationArc xlink:type="arc" xlink:arcrole="http://www.xbrl.org/2003/arcrole/parent-child" xlink:from="ChangesInNetAssetsAvailableForBenefitsAbstract" xlink:to="ProfitsLossesOnDisposalOfInvestmentsAndChangesInValueOfInvestments" order="9.0"/>
    <link:loc xlink:type="locator" xlink:href="../../../../ifrs-cor_2011-03-25.xsd#ifrs_TransfersFromToOtherRetirementBenefitPlans" xlink:label="TransfersFromToOtherRetirementBenefitPlans"/>
    <link:presentationArc xlink:type="arc" xlink:arcrole="http://www.xbrl.org/2003/arcrole/parent-child" xlink:from="ChangesInNetAssetsAvailableForBenefitsAbstract" xlink:to="TransfersFromToOtherRetirementBenefitPlans" order="10.0"/>
    <link:loc xlink:type="locator" xlink:href="../../../../ifrs-cor_2011-03-25.xsd#ifrs_IncreaseDecreaseInNetAssetsAvailableForBenefits" xlink:label="IncreaseDecreaseInNetAssetsAvailableForBenefits"/>
    <link:presentationArc xlink:type="arc" xlink:arcrole="http://www.xbrl.org/2003/arcrole/parent-child" xlink:from="ChangesInNetAssetsAvailableForBenefitsAbstract" xlink:to="IncreaseDecreaseInNetAssetsAvailableForBenefits" order="11.0" preferredLabel="http://www.xbrl.org/2003/role/totalLabel"/>
    <link:loc xlink:type="locator" xlink:href="../../../../ifrs-cor_2011-03-25.xsd#ifrs_OtherExpenseByFunction" xlink:label="OtherExpenseByFunction"/>
    <link:presentationArc xlink:type="arc" xlink:arcrole="http://www.xbrl.org/2003/arcrole/parent-child" xlink:from="ChangesInNetAssetsAvailableForBenefitsAbstract" xlink:to="OtherExpenseByFunction" order="7.0" preferredLabel="http://www.xbrl.org/2009/role/negatedTerseLabel"/>
    <link:loc xlink:type="locator" xlink:href="../../../../ifrs-cor_2011-03-25.xsd#ifrs_DescriptionOfFundingPolicy" xlink:label="DescriptionOfFundingPolicy"/>
    <link:presentationArc xlink:type="arc" xlink:arcrole="http://www.xbrl.org/2003/arcrole/parent-child" xlink:from="StatementOfChangesInNetAssetsAvailableForBenefitsAbstract" xlink:to="DescriptionOfFundingPolicy" order="7.0"/>
    <link:loc xlink:type="locator" xlink:href="../../../../ifrs-cor_2011-03-25.xsd#ifrs_ActuarialPresentValueOfPromisedRetirementBenefits" xlink:label="ActuarialPresentValueOfPromisedRetirementBenefits"/>
    <link:presentationArc xlink:type="arc" xlink:arcrole="http://www.xbrl.org/2003/arcrole/parent-child" xlink:from="StatementOfChangesInNetAssetsAvailableForBenefitsAbstract" xlink:to="ActuarialPresentValueOfPromisedRetirementBenefits" order="8.0"/>
    <link:loc xlink:type="locator" xlink:href="../../../../ifrs-cor_2011-03-25.xsd#ifrs_DescriptionOfSignificantActuarialAssumptionsMadeAndMethodUsedToCalculateActuarialPresentValueOfPromisedRetirementBenefits" xlink:label="DescriptionOfSignificantActuarialAssumptionsMadeAndMethodUsedToCalculateActuarialPresentValueOfPromisedRetirementBenefits"/>
    <link:presentationArc xlink:type="arc" xlink:arcrole="http://www.xbrl.org/2003/arcrole/parent-child" xlink:from="StatementOfChangesInNetAssetsAvailableForBenefitsAbstract" xlink:to="DescriptionOfSignificantActuarialAssumptionsMadeAndMethodUsedToCalculateActuarialPresentValueOfPromisedRetirementBenefits" order="9.0"/>
    <link:loc xlink:type="locator" xlink:href="../../../../ifrs-cor_2011-03-25.xsd#ifrs_DescriptionOfRetirementBenefitPlan" xlink:label="DescriptionOfRetirementBenefitPlan"/>
    <link:presentationArc xlink:type="arc" xlink:arcrole="http://www.xbrl.org/2003/arcrole/parent-child" xlink:from="StatementOfChangesInNetAssetsAvailableForBenefitsAbstract" xlink:to="DescriptionOfRetirementBenefitPlan" order="10.0"/>
    <link:loc xlink:type="locator" xlink:href="../../../../ifrs-cor_2011-03-25.xsd#ifrs_NamesOfEmployersAndEmployeeGroupsCovered" xlink:label="NamesOfEmployersAndEmployeeGroupsCovered"/>
    <link:presentationArc xlink:type="arc" xlink:arcrole="http://www.xbrl.org/2003/arcrole/parent-child" xlink:from="DescriptionOfRetirementBenefitPlan" xlink:to="NamesOfEmployersAndEmployeeGroupsCovered" order="1.0"/>
    <link:loc xlink:type="locator" xlink:href="../../../../ifrs-cor_2011-03-25.xsd#ifrs_NumberOfParticipantsOfRetirementBenefitPlanReceivingBenefits" xlink:label="NumberOfParticipantsOfRetirementBenefitPlanReceivingBenefits"/>
    <link:presentationArc xlink:type="arc" xlink:arcrole="http://www.xbrl.org/2003/arcrole/parent-child" xlink:from="DescriptionOfRetirementBenefitPlan" xlink:to="NumberOfParticipantsOfRetirementBenefitPlanReceivingBenefits" order="2.0"/>
    <link:loc xlink:type="locator" xlink:href="../../../../ifrs-cor_2011-03-25.xsd#ifrs_NumberOfOtherParticipantsOfRetirementBenefitPlan" xlink:label="NumberOfOtherParticipantsOfRetirementBenefitPlan"/>
    <link:presentationArc xlink:type="arc" xlink:arcrole="http://www.xbrl.org/2003/arcrole/parent-child" xlink:from="DescriptionOfRetirementBenefitPlan" xlink:to="NumberOfOtherParticipantsOfRetirementBenefitPlan" order="3.0"/>
    <link:loc xlink:type="locator" xlink:href="../../../../ifrs-cor_2011-03-25.xsd#ifrs_ExplanationOfWhetherParticipantsContributeToRetirementBenefitPlan" xlink:label="ExplanationOfWhetherParticipantsContributeToRetirementBenefitPlan"/>
    <link:presentationArc xlink:type="arc" xlink:arcrole="http://www.xbrl.org/2003/arcrole/parent-child" xlink:from="DescriptionOfRetirementBenefitPlan" xlink:to="ExplanationOfWhetherParticipantsContributeToRetirementBenefitPlan" order="5.0"/>
    <link:loc xlink:type="locator" xlink:href="../../../../ifrs-cor_2011-03-25.xsd#ifrs_DescriptionOfTypeOfRetirementBenefitPlan" xlink:label="DescriptionOfTypeOfRetirementBenefitPlan"/>
    <link:presentationArc xlink:type="arc" xlink:arcrole="http://www.xbrl.org/2003/arcrole/parent-child" xlink:from="DescriptionOfRetirementBenefitPlan" xlink:to="DescriptionOfTypeOfRetirementBenefitPlan" order="4.0"/>
    <link:loc xlink:type="locator" xlink:href="../../../../ifrs-cor_2011-03-25.xsd#ifrs_DescriptionOfRetirementBenefitsPromisedToParticipants" xlink:label="DescriptionOfRetirementBenefitsPromisedToParticipants"/>
    <link:presentationArc xlink:type="arc" xlink:arcrole="http://www.xbrl.org/2003/arcrole/parent-child" xlink:from="DescriptionOfRetirementBenefitPlan" xlink:to="DescriptionOfRetirementBenefitsPromisedToParticipants" order="6.0"/>
    <link:loc xlink:type="locator" xlink:href="../../../../ifrs-cor_2011-03-25.xsd#ifrs_DescriptionOfAnyRetirementBenefitPlanTerminationTerms" xlink:label="DescriptionOfAnyRetirementBenefitPlanTerminationTerms"/>
    <link:presentationArc xlink:type="arc" xlink:arcrole="http://www.xbrl.org/2003/arcrole/parent-child" xlink:from="DescriptionOfRetirementBenefitPlan" xlink:to="DescriptionOfAnyRetirementBenefitPlanTerminationTerms" order="7.0"/>
    <link:loc xlink:type="locator" xlink:href="../../../../ifrs-cor_2011-03-25.xsd#ifrs_ExplanationOfChangesInDescriptionOfRetirementBenefitPlan" xlink:label="ExplanationOfChangesInDescriptionOfRetirementBenefitPlan"/>
    <link:presentationArc xlink:type="arc" xlink:arcrole="http://www.xbrl.org/2003/arcrole/parent-child" xlink:from="DescriptionOfRetirementBenefitPlan" xlink:to="ExplanationOfChangesInDescriptionOfRetirementBenefitPlan" order="8.0"/>
    <link:loc xlink:type="locator" xlink:href="../../../../ifrs-cor_2011-03-25.xsd#ifrs_LiabilitiesOtherThanActuarialPresentValueOfPromisedRetirementBenefits" xlink:label="LiabilitiesOtherThanActuarialPresentValueOfPromisedRetirementBenefits"/>
    <link:presentationArc xlink:type="arc" xlink:arcrole="http://www.xbrl.org/2003/arcrole/parent-child" xlink:from="StatementOfChangesInNetAssetsAvailableForBenefitsAbstract" xlink:to="LiabilitiesOtherThanActuarialPresentValueOfPromisedRetirementBenefits" order="5.0"/>
    <link:loc xlink:type="locator" xlink:href="../../../../ifrs-cor_2011-03-25.xsd#ifrs_AssetsOfBenefitPlan" xlink:label="AssetsOfBenefitPlan"/>
    <link:presentationArc xlink:type="arc" xlink:arcrole="http://www.xbrl.org/2003/arcrole/parent-child" xlink:from="StatementOfChangesInNetAssetsAvailableForBenefitsAbstract" xlink:to="AssetsOfBenefitPlan" order="1.0"/>
    <link:presentationArc xlink:type="arc" xlink:arcrole="http://www.xbrl.org/2003/arcrole/parent-child" xlink:from="StatementOfChangesInNetAssetsAvailableForBenefitsAbstract" xlink:to="CommonTable" xlink:title="presentation: StatementOfChangesInNetAssetsAvailableForBenefitsAbstract to CommonTable" order="11.0"/>
  </link:presentationLink>
</link:linkbase>
