<?xml version="1.0" encoding="UTF-8"?>

<!--
        Taxonomy: 2011-03-25 (Final release)
        ********************** 
        Copyright © 2011 International Financial Reporting Standards (IFRS) Foundation
        All rights reserved.  No part of this publication may be translated, reprinted or reproduced 
        or utilised in any form either in whole or in part without prior permission in writing from the IFRS Foundation.
        For more information on the IFRS Foundation's copyright, please refer to http://www.ifrs.org/XBRL/Legal/
        **********************
    -->
<link:linkbase xmlns:xsi="http://www.w3.org/2001/XMLSchema-instance" xsi:schemaLocation="http://www.xbrl.org/2006/ref http://www.xbrl.org/2006/ref-2006-02-27.xsd http://www.xbrl.org/2003/linkbase http://www.xbrl.org/2003/xbrl-linkbase-2003-12-31.xsd" xmlns:link="http://www.xbrl.org/2003/linkbase" xmlns:ref="http://www.xbrl.org/2006/ref" xmlns:xlink="http://www.w3.org/1999/xlink">
  <link:referenceLink xlink:type="extended" xlink:role="http://www.xbrl.org/2003/role/link">
    <link:loc xlink:type="locator" xlink:href="../../ifrs-cor_2011-03-25.xsd#ifrs_DescriptionOfNatureOfFinancialStatements" xlink:label="loc_4"/>
    <link:reference xlink:type="resource" xlink:label="res_2" xlink:role="http://www.xbrl.org/2003/role/disclosureRef">
      <ref:Name>IAS</ref:Name>
      <ref:Number>27</ref:Number>
      <ref:IssueDate>2011-01-01</ref:IssueDate>
      <ref:Paragraph>42</ref:Paragraph>
      <ref:Subparagraph>a</ref:Subparagraph>
      <ref:URI>http://eifrs.ifrs.org/eifrs/XBRL?type=IAS&amp;num=27&amp;date=2011-03-25&amp;anchor=para_42_a&amp;doctype=Standard</ref:URI>
      <ref:URIDate>2011-03-25</ref:URIDate>
    </link:reference>
    <link:referenceArc xlink:type="arc" xlink:arcrole="http://www.xbrl.org/2003/arcrole/concept-reference" xlink:from="loc_4" xlink:to="res_2"/>
    <link:reference xlink:type="resource" xlink:label="res_4" xlink:role="http://www.xbrl.org/2003/role/disclosureRef">
      <ref:Name>IAS</ref:Name>
      <ref:Number>27</ref:Number>
      <ref:IssueDate>2011-01-01</ref:IssueDate>
      <ref:Paragraph>43</ref:Paragraph>
      <ref:Subparagraph>a</ref:Subparagraph>
      <ref:URI>http://eifrs.ifrs.org/eifrs/XBRL?type=IAS&amp;num=27&amp;date=2011-03-25&amp;anchor=para_43_a&amp;doctype=Standard</ref:URI>
      <ref:URIDate>2011-03-25</ref:URIDate>
    </link:reference>
    <link:referenceArc xlink:type="arc" xlink:arcrole="http://www.xbrl.org/2003/arcrole/concept-reference" xlink:from="loc_4" xlink:to="res_4"/>
    <link:loc xlink:type="locator" xlink:href="../../ifrs-cor_2011-03-25.xsd#ifrs_SubsidiariesMember" xlink:label="loc_9"/>
    <link:reference xlink:type="resource" xlink:label="res_7" xlink:role="http://www.xbrl.org/2003/role/disclosureRef">
      <ref:Name>IAS</ref:Name>
      <ref:Number>27</ref:Number>
      <ref:IssueDate>2011-01-01</ref:IssueDate>
      <ref:Paragraph>42</ref:Paragraph>
      <ref:Subparagraph>b</ref:Subparagraph>
      <ref:URI>http://eifrs.ifrs.org/eifrs/XBRL?type=IAS&amp;num=27&amp;date=2011-03-25&amp;anchor=para_42_b&amp;doctype=Standard</ref:URI>
      <ref:URIDate>2011-03-25</ref:URIDate>
    </link:reference>
    <link:referenceArc xlink:type="arc" xlink:arcrole="http://www.xbrl.org/2003/arcrole/concept-reference" xlink:from="loc_9" xlink:to="res_7"/>
    <link:reference xlink:type="resource" xlink:label="res_8" xlink:role="http://www.xbrl.org/2003/role/disclosureRef">
      <ref:Name>IAS</ref:Name>
      <ref:Number>27</ref:Number>
      <ref:IssueDate>2011-01-01</ref:IssueDate>
      <ref:Paragraph>43</ref:Paragraph>
      <ref:Subparagraph>b</ref:Subparagraph>
      <ref:URI>http://eifrs.ifrs.org/eifrs/XBRL?type=IAS&amp;num=27&amp;date=2011-03-25&amp;anchor=para_43_b&amp;doctype=Standard</ref:URI>
      <ref:URIDate>2011-03-25</ref:URIDate>
    </link:reference>
    <link:referenceArc xlink:type="arc" xlink:arcrole="http://www.xbrl.org/2003/arcrole/concept-reference" xlink:from="loc_9" xlink:to="res_8"/>
    <link:loc xlink:type="locator" xlink:href="../../ifrs-cor_2011-03-25.xsd#ifrs_AssociatesMember" xlink:label="loc_21"/>
    <link:referenceArc xlink:type="arc" xlink:arcrole="http://www.xbrl.org/2003/arcrole/concept-reference" xlink:from="loc_21" xlink:to="res_7"/>
    <link:referenceArc xlink:type="arc" xlink:arcrole="http://www.xbrl.org/2003/arcrole/concept-reference" xlink:from="loc_21" xlink:to="res_8"/>
    <link:loc xlink:type="locator" xlink:href="../../ifrs-cor_2011-03-25.xsd#ifrs_InvestmentsInJointVentures" xlink:label="loc_2"/>
    <link:reference xlink:type="resource" xlink:label="res_3" xlink:role="http://www.xbrl.org/2003/role/disclosureRef">
      <ref:Name>IAS</ref:Name>
      <ref:Number>27</ref:Number>
      <ref:IssueDate>2011-01-01</ref:IssueDate>
      <ref:Paragraph>38</ref:Paragraph>
      <ref:URI>http://eifrs.ifrs.org/eifrs/XBRL?type=IAS&amp;num=27&amp;date=2011-03-25&amp;anchor=para_38&amp;doctype=Standard</ref:URI>
      <ref:URIDate>2011-03-25</ref:URIDate>
    </link:reference>
    <link:referenceArc xlink:type="arc" xlink:arcrole="http://www.xbrl.org/2003/arcrole/concept-reference" xlink:from="loc_2" xlink:to="res_3"/>
    <link:loc xlink:type="locator" xlink:href="../../ifrs-cor_2011-03-25.xsd#ifrs_InvestmentsInAssociates" xlink:label="loc_3"/>
    <link:referenceArc xlink:type="arc" xlink:arcrole="http://www.xbrl.org/2003/arcrole/concept-reference" xlink:from="loc_3" xlink:to="res_3"/>
    <link:loc xlink:type="locator" xlink:href="../../ifrs-cor_2011-03-25.xsd#ifrs_DescriptionOfReasonWhyEntityWithMoreThanHalfOfVotingPowerDirectlyOrIndirectlyOwnedWhichIsNotSubsidiaryDueToAbsenceOfControl" xlink:label="loc_5"/>
    <link:reference xlink:type="resource" xlink:label="res_5" xlink:role="http://www.xbrl.org/2003/role/disclosureRef">
      <ref:Name>IAS</ref:Name>
      <ref:Number>27</ref:Number>
      <ref:IssueDate>2011-01-01</ref:IssueDate>
      <ref:Paragraph>41</ref:Paragraph>
      <ref:Subparagraph>b</ref:Subparagraph>
      <ref:URI>http://eifrs.ifrs.org/eifrs/XBRL?type=IAS&amp;num=27&amp;date=2011-03-25&amp;anchor=para_41_b&amp;doctype=Standard</ref:URI>
      <ref:URIDate>2011-03-25</ref:URIDate>
    </link:reference>
    <link:referenceArc xlink:type="arc" xlink:arcrole="http://www.xbrl.org/2003/arcrole/concept-reference" xlink:from="loc_5" xlink:to="res_5"/>
    <link:loc xlink:type="locator" xlink:href="../../ifrs-cor_2011-03-25.xsd#ifrs_DescriptionOfNatureAndExtentOfSignificantRestrictionsOnTransferOfFundsToParent" xlink:label="loc_7"/>
    <link:reference xlink:type="resource" xlink:label="res_9" xlink:role="http://www.xbrl.org/2003/role/disclosureRef">
      <ref:Name>IAS</ref:Name>
      <ref:Number>27</ref:Number>
      <ref:IssueDate>2011-01-01</ref:IssueDate>
      <ref:Paragraph>41</ref:Paragraph>
      <ref:Subparagraph>d</ref:Subparagraph>
      <ref:URI>http://eifrs.ifrs.org/eifrs/XBRL?type=IAS&amp;num=27&amp;date=2011-03-25&amp;anchor=para_41_d&amp;doctype=Standard</ref:URI>
      <ref:URIDate>2011-03-25</ref:URIDate>
    </link:reference>
    <link:referenceArc xlink:type="arc" xlink:arcrole="http://www.xbrl.org/2003/arcrole/concept-reference" xlink:from="loc_7" xlink:to="res_9"/>
    <link:loc xlink:type="locator" xlink:href="../../ifrs-cor_2011-03-25.xsd#ifrs_ExplanationOfEndOfReportingPeriodOfFinancialStatementsOfSubsidiaryWhenDifferentFromParent" xlink:label="loc_8"/>
    <link:reference xlink:type="resource" xlink:label="res_10" xlink:role="http://www.xbrl.org/2003/role/disclosureRef">
      <ref:Name>IAS</ref:Name>
      <ref:Number>27</ref:Number>
      <ref:IssueDate>2011-01-01</ref:IssueDate>
      <ref:Paragraph>41</ref:Paragraph>
      <ref:Subparagraph>c</ref:Subparagraph>
      <ref:URI>http://eifrs.ifrs.org/eifrs/XBRL?type=IAS&amp;num=27&amp;date=2011-03-25&amp;anchor=para_41_c&amp;doctype=Standard</ref:URI>
      <ref:URIDate>2011-03-25</ref:URIDate>
    </link:reference>
    <link:referenceArc xlink:type="arc" xlink:arcrole="http://www.xbrl.org/2003/arcrole/concept-reference" xlink:from="loc_8" xlink:to="res_10"/>
    <link:loc xlink:type="locator" xlink:href="../../ifrs-cor_2011-03-25.xsd#ifrs_SeparateMember" xlink:label="loc_10"/>
    <link:reference xlink:type="resource" xlink:label="res_11" xlink:role="http://www.xbrl.org/2003/role/disclosureRef">
      <ref:Name>IAS</ref:Name>
      <ref:Number>27</ref:Number>
      <ref:IssueDate>2011-01-01</ref:IssueDate>
      <ref:Section>Disclosure</ref:Section>
      <ref:URI>http://eifrs.ifrs.org/eifrs/XBRL?type=IAS&amp;num=27&amp;date=2011-03-25&amp;anchor=sect_Disclosure&amp;doctype=Standard</ref:URI>
      <ref:URIDate>2011-03-25</ref:URIDate>
    </link:reference>
    <link:referenceArc xlink:type="arc" xlink:arcrole="http://www.xbrl.org/2003/arcrole/concept-reference" xlink:from="loc_10" xlink:to="res_11"/>
    <link:loc xlink:type="locator" xlink:href="../../ifrs-cor_2011-03-25.xsd#ifrs_ConsolidatedAndSeparateFinancialStatementsAxis" xlink:label="loc_11"/>
    <link:reference xlink:type="resource" xlink:label="res_12" xlink:role="http://www.xbrl.org/2003/role/disclosureRef">
      <ref:Name>IAS</ref:Name>
      <ref:Number>27</ref:Number>
      <ref:IssueDate>2011-01-01</ref:IssueDate>
      <ref:Paragraph>4</ref:Paragraph>
      <ref:URI>http://eifrs.ifrs.org/eifrs/XBRL?type=IAS&amp;num=27&amp;date=2011-03-25&amp;anchor=para_4&amp;doctype=Standard</ref:URI>
      <ref:URIDate>2011-03-25</ref:URIDate>
    </link:reference>
    <link:referenceArc xlink:type="arc" xlink:arcrole="http://www.xbrl.org/2003/arcrole/concept-reference" xlink:from="loc_11" xlink:to="res_12"/>
    <link:loc xlink:type="locator" xlink:href="../../ifrs-cor_2011-03-25.xsd#ifrs_ConsolidatedMember" xlink:label="loc_23"/>
    <link:referenceArc xlink:type="arc" xlink:arcrole="http://www.xbrl.org/2003/arcrole/concept-reference" xlink:from="loc_23" xlink:to="res_11"/>
    <link:loc xlink:type="locator" xlink:href="../../ifrs-cor_2011-03-25.xsd#ifrs_MethodUsedToAccountForInvestmentsInSubsidiaries" xlink:label="loc_24"/>
    <link:reference xlink:type="resource" xlink:label="res_14" xlink:role="http://www.xbrl.org/2003/role/disclosureRef">
      <ref:Name>IAS</ref:Name>
      <ref:Number>27</ref:Number>
      <ref:IssueDate>2011-01-01</ref:IssueDate>
      <ref:Paragraph>42</ref:Paragraph>
      <ref:Subparagraph>c</ref:Subparagraph>
      <ref:URI>http://eifrs.ifrs.org/eifrs/XBRL?type=IAS&amp;num=27&amp;date=2011-03-25&amp;anchor=para_42_c&amp;doctype=Standard</ref:URI>
      <ref:URIDate>2011-03-25</ref:URIDate>
    </link:reference>
    <link:referenceArc xlink:type="arc" xlink:arcrole="http://www.xbrl.org/2003/arcrole/concept-reference" xlink:from="loc_24" xlink:to="res_14"/>
    <link:reference xlink:type="resource" xlink:label="res_16" xlink:role="http://www.xbrl.org/2003/role/disclosureRef">
      <ref:Name>IAS</ref:Name>
      <ref:Number>27</ref:Number>
      <ref:IssueDate>2011-01-01</ref:IssueDate>
      <ref:Paragraph>43</ref:Paragraph>
      <ref:Subparagraph>c</ref:Subparagraph>
      <ref:URI>http://eifrs.ifrs.org/eifrs/XBRL?type=IAS&amp;num=27&amp;date=2011-03-25&amp;anchor=para_43_c&amp;doctype=Standard</ref:URI>
      <ref:URIDate>2011-03-25</ref:URIDate>
    </link:reference>
    <link:referenceArc xlink:type="arc" xlink:arcrole="http://www.xbrl.org/2003/arcrole/concept-reference" xlink:from="loc_24" xlink:to="res_16"/>
    <link:loc xlink:type="locator" xlink:href="../../ifrs-cor_2011-03-25.xsd#ifrs_MethodUsedToAccountForInvestmentsInJointlyControlledEntities" xlink:label="loc_35"/>
    <link:referenceArc xlink:type="arc" xlink:arcrole="http://www.xbrl.org/2003/arcrole/concept-reference" xlink:from="loc_35" xlink:to="res_14"/>
    <link:referenceArc xlink:type="arc" xlink:arcrole="http://www.xbrl.org/2003/arcrole/concept-reference" xlink:from="loc_35" xlink:to="res_16"/>
    <link:loc xlink:type="locator" xlink:href="../../ifrs-cor_2011-03-25.xsd#ifrs_MethodUsedToAccountForInvestmentsInAssociates" xlink:label="loc_36"/>
    <link:referenceArc xlink:type="arc" xlink:arcrole="http://www.xbrl.org/2003/arcrole/concept-reference" xlink:from="loc_36" xlink:to="res_14"/>
    <link:referenceArc xlink:type="arc" xlink:arcrole="http://www.xbrl.org/2003/arcrole/concept-reference" xlink:from="loc_36" xlink:to="res_16"/>
    <link:loc xlink:type="locator" xlink:href="../../ifrs-cor_2011-03-25.xsd#ifrs_ProportionOfOwnershipInterestInJointlyControlledEntity" xlink:label="loc_39"/>
    <link:referenceArc xlink:type="arc" xlink:arcrole="http://www.xbrl.org/2003/arcrole/concept-reference" xlink:from="loc_39" xlink:to="res_7"/>
    <link:referenceArc xlink:type="arc" xlink:arcrole="http://www.xbrl.org/2003/arcrole/concept-reference" xlink:from="loc_39" xlink:to="res_8"/>
    <link:loc xlink:type="locator" xlink:href="../../ifrs-cor_2011-03-25.xsd#ifrs_DescriptionOfNatureOfRelationshipWithSubsidiaryWhereParentHasDirectlyOrIndirectlyLessThanHalfOfVotingPower" xlink:label="loc_12"/>
    <link:reference xlink:type="resource" xlink:label="res_6" xlink:role="http://www.xbrl.org/2003/role/disclosureRef">
      <ref:Name>IAS</ref:Name>
      <ref:Number>27</ref:Number>
      <ref:IssueDate>2011-01-01</ref:IssueDate>
      <ref:Paragraph>41</ref:Paragraph>
      <ref:Subparagraph>a</ref:Subparagraph>
      <ref:URI>http://eifrs.ifrs.org/eifrs/XBRL?type=IAS&amp;num=27&amp;date=2011-03-25&amp;anchor=para_41_a&amp;doctype=Standard</ref:URI>
      <ref:URIDate>2011-03-25</ref:URIDate>
    </link:reference>
    <link:referenceArc xlink:type="arc" xlink:arcrole="http://www.xbrl.org/2003/arcrole/concept-reference" xlink:from="loc_12" xlink:to="res_6"/>
    <link:loc xlink:type="locator" xlink:href="../../ifrs-cor_2011-03-25.xsd#ifrs_DescriptionOfReasonWhyConsolidatedFinancialStatementsHaveNotBeenPrepared" xlink:label="loc_14"/>
    <link:referenceArc xlink:type="arc" xlink:arcrole="http://www.xbrl.org/2003/arcrole/concept-reference" xlink:from="loc_14" xlink:to="res_2"/>
    <link:referenceArc xlink:type="arc" xlink:arcrole="http://www.xbrl.org/2003/arcrole/concept-reference" xlink:from="loc_14" xlink:to="res_4"/>
    <link:loc xlink:type="locator" xlink:href="../../ifrs-cor_2011-03-25.xsd#ifrs_GainsLossesRecognisedWhenControlInSubsidiaryIsLost" xlink:label="loc_18"/>
    <link:reference xlink:type="resource" xlink:label="res_15" xlink:role="http://www.xbrl.org/2003/role/disclosureRef">
      <ref:Name>IAS</ref:Name>
      <ref:Number>27</ref:Number>
      <ref:IssueDate>2011-01-01</ref:IssueDate>
      <ref:Paragraph>41</ref:Paragraph>
      <ref:Subparagraph>f</ref:Subparagraph>
      <ref:URI>http://eifrs.ifrs.org/eifrs/XBRL?type=IAS&amp;num=27&amp;date=2011-03-25&amp;anchor=para_41_f&amp;doctype=Standard</ref:URI>
      <ref:URIDate>2011-03-25</ref:URIDate>
    </link:reference>
    <link:referenceArc xlink:type="arc" xlink:arcrole="http://www.xbrl.org/2003/arcrole/concept-reference" xlink:from="loc_18" xlink:to="res_15"/>
    <link:loc xlink:type="locator" xlink:href="../../ifrs-cor_2011-03-25.xsd#ifrs_DisclosureOfEffectsOfChangesInParentsOwnershipInterestInSubsidiaryThatDoNotResultInLossOfControlOnEquityAttributableToOwnersOfParentExplanatory" xlink:label="loc_16"/>
    <link:reference xlink:type="resource" xlink:label="res" xlink:role="http://www.xbrl.org/2003/role/disclosureRef">
      <ref:Name>IAS</ref:Name>
      <ref:Number>27</ref:Number>
      <ref:IssueDate>2011-01-01</ref:IssueDate>
      <ref:Paragraph>41</ref:Paragraph>
      <ref:Subparagraph>e</ref:Subparagraph>
      <ref:URI>http://eifrs.ifrs.org/eifrs/XBRL?type=IAS&amp;num=27&amp;date=2011-03-25&amp;anchor=para_41_e&amp;doctype=Standard</ref:URI>
      <ref:URIDate>2011-03-25</ref:URIDate>
    </link:reference>
    <link:referenceArc xlink:type="arc" xlink:arcrole="http://www.xbrl.org/2003/arcrole/concept-reference" xlink:from="loc_16" xlink:to="res"/>
    <link:loc xlink:type="locator" xlink:href="../../ifrs-cor_2011-03-25.xsd#ifrs_ExplanationOfGainsLossesRecognisedWhenControlInSubsidiaryIsLost" xlink:label="loc_19"/>
    <link:reference xlink:type="resource" xlink:label="res_17" xlink:role="http://www.xbrl.org/2003/role/disclosureRef">
      <ref:Name>IAS</ref:Name>
      <ref:Number>27</ref:Number>
      <ref:IssueDate>2011-01-01</ref:IssueDate>
      <ref:Paragraph>41</ref:Paragraph>
      <ref:Subparagraph>f</ref:Subparagraph>
      <ref:Clause>ii</ref:Clause>
      <ref:URI>http://eifrs.ifrs.org/eifrs/XBRL?type=IAS&amp;num=27&amp;date=2011-03-25&amp;anchor=para_41_f_ii&amp;doctype=Standard</ref:URI>
      <ref:URIDate>2011-03-25</ref:URIDate>
    </link:reference>
    <link:referenceArc xlink:type="arc" xlink:arcrole="http://www.xbrl.org/2003/arcrole/concept-reference" xlink:from="loc_19" xlink:to="res_17"/>
    <link:loc xlink:type="locator" xlink:href="../../ifrs-cor_2011-03-25.xsd#ifrs_DisclosureOfSignificantInvestmentsInSubsidiariesExplanatory" xlink:label="loc_13"/>
    <link:referenceArc xlink:type="arc" xlink:arcrole="http://www.xbrl.org/2003/arcrole/concept-reference" xlink:from="loc_13" xlink:to="res_7"/>
    <link:referenceArc xlink:type="arc" xlink:arcrole="http://www.xbrl.org/2003/arcrole/concept-reference" xlink:from="loc_13" xlink:to="res_8"/>
    <link:loc xlink:type="locator" xlink:href="../../ifrs-cor_2011-03-25.xsd#ifrs_DisclosureOfSignificantInvestmentsInSubsidiariesTable" xlink:label="loc_15"/>
    <link:referenceArc xlink:type="arc" xlink:arcrole="http://www.xbrl.org/2003/arcrole/concept-reference" xlink:from="loc_15" xlink:to="res_7"/>
    <link:referenceArc xlink:type="arc" xlink:arcrole="http://www.xbrl.org/2003/arcrole/concept-reference" xlink:from="loc_15" xlink:to="res_8"/>
    <link:loc xlink:type="locator" xlink:href="../../ifrs-cor_2011-03-25.xsd#ifrs_SignificantInvestmentsInSubsidiariesAxis" xlink:label="loc_17"/>
    <link:referenceArc xlink:type="arc" xlink:arcrole="http://www.xbrl.org/2003/arcrole/concept-reference" xlink:from="loc_17" xlink:to="res_7"/>
    <link:referenceArc xlink:type="arc" xlink:arcrole="http://www.xbrl.org/2003/arcrole/concept-reference" xlink:from="loc_17" xlink:to="res_8"/>
    <link:loc xlink:type="locator" xlink:href="../../ifrs-cor_2011-03-25.xsd#ifrs_NameOfSubsidiary" xlink:label="loc_20"/>
    <link:referenceArc xlink:type="arc" xlink:arcrole="http://www.xbrl.org/2003/arcrole/concept-reference" xlink:from="loc_20" xlink:to="res_7"/>
    <link:referenceArc xlink:type="arc" xlink:arcrole="http://www.xbrl.org/2003/arcrole/concept-reference" xlink:from="loc_20" xlink:to="res_8"/>
    <link:loc xlink:type="locator" xlink:href="../../ifrs-cor_2011-03-25.xsd#ifrs_CountryOfIncorporationOrResidenceOfSubsidiary" xlink:label="loc_28"/>
    <link:referenceArc xlink:type="arc" xlink:arcrole="http://www.xbrl.org/2003/arcrole/concept-reference" xlink:from="loc_28" xlink:to="res_7"/>
    <link:referenceArc xlink:type="arc" xlink:arcrole="http://www.xbrl.org/2003/arcrole/concept-reference" xlink:from="loc_28" xlink:to="res_8"/>
    <link:loc xlink:type="locator" xlink:href="../../ifrs-cor_2011-03-25.xsd#ifrs_ProportionOfOwnershipInterestInSubsidiary" xlink:label="loc_29"/>
    <link:referenceArc xlink:type="arc" xlink:arcrole="http://www.xbrl.org/2003/arcrole/concept-reference" xlink:from="loc_29" xlink:to="res_7"/>
    <link:referenceArc xlink:type="arc" xlink:arcrole="http://www.xbrl.org/2003/arcrole/concept-reference" xlink:from="loc_29" xlink:to="res_8"/>
    <link:loc xlink:type="locator" xlink:href="../../ifrs-cor_2011-03-25.xsd#ifrs_ProportionOfVotingPowerHeldInSubsidiary" xlink:label="loc_30"/>
    <link:referenceArc xlink:type="arc" xlink:arcrole="http://www.xbrl.org/2003/arcrole/concept-reference" xlink:from="loc_30" xlink:to="res_7"/>
    <link:referenceArc xlink:type="arc" xlink:arcrole="http://www.xbrl.org/2003/arcrole/concept-reference" xlink:from="loc_30" xlink:to="res_8"/>
    <link:loc xlink:type="locator" xlink:href="../../ifrs-cor_2011-03-25.xsd#ifrs_DisclosureOfSignificantInvestmentsInJointlyControlledEntitiesExplanatory" xlink:label="loc_31"/>
    <link:referenceArc xlink:type="arc" xlink:arcrole="http://www.xbrl.org/2003/arcrole/concept-reference" xlink:from="loc_31" xlink:to="res_7"/>
    <link:referenceArc xlink:type="arc" xlink:arcrole="http://www.xbrl.org/2003/arcrole/concept-reference" xlink:from="loc_31" xlink:to="res_8"/>
    <link:loc xlink:type="locator" xlink:href="../../ifrs-cor_2011-03-25.xsd#ifrs_DisclosureOfSignificantInvestmentsInJointlyControlledEntitiesTable" xlink:label="loc_32"/>
    <link:referenceArc xlink:type="arc" xlink:arcrole="http://www.xbrl.org/2003/arcrole/concept-reference" xlink:from="loc_32" xlink:to="res_7"/>
    <link:referenceArc xlink:type="arc" xlink:arcrole="http://www.xbrl.org/2003/arcrole/concept-reference" xlink:from="loc_32" xlink:to="res_8"/>
    <link:loc xlink:type="locator" xlink:href="../../ifrs-cor_2011-03-25.xsd#ifrs_SignificantInvestmentsInJointlyControlledEntitiesAxis" xlink:label="loc_33"/>
    <link:referenceArc xlink:type="arc" xlink:arcrole="http://www.xbrl.org/2003/arcrole/concept-reference" xlink:from="loc_33" xlink:to="res_7"/>
    <link:referenceArc xlink:type="arc" xlink:arcrole="http://www.xbrl.org/2003/arcrole/concept-reference" xlink:from="loc_33" xlink:to="res_8"/>
    <link:loc xlink:type="locator" xlink:href="../../ifrs-cor_2011-03-25.xsd#ifrs_JointlyControlledEntitiesMember" xlink:label="loc_34"/>
    <link:referenceArc xlink:type="arc" xlink:arcrole="http://www.xbrl.org/2003/arcrole/concept-reference" xlink:from="loc_34" xlink:to="res_7"/>
    <link:referenceArc xlink:type="arc" xlink:arcrole="http://www.xbrl.org/2003/arcrole/concept-reference" xlink:from="loc_34" xlink:to="res_8"/>
    <link:loc xlink:type="locator" xlink:href="../../ifrs-cor_2011-03-25.xsd#ifrs_NameOfJointlyControlledEntity" xlink:label="loc_37"/>
    <link:referenceArc xlink:type="arc" xlink:arcrole="http://www.xbrl.org/2003/arcrole/concept-reference" xlink:from="loc_37" xlink:to="res_7"/>
    <link:referenceArc xlink:type="arc" xlink:arcrole="http://www.xbrl.org/2003/arcrole/concept-reference" xlink:from="loc_37" xlink:to="res_8"/>
    <link:loc xlink:type="locator" xlink:href="../../ifrs-cor_2011-03-25.xsd#ifrs_CountryOfIncorporationOrResidenceOfJointlyControlledEntity" xlink:label="loc_38"/>
    <link:referenceArc xlink:type="arc" xlink:arcrole="http://www.xbrl.org/2003/arcrole/concept-reference" xlink:from="loc_38" xlink:to="res_7"/>
    <link:referenceArc xlink:type="arc" xlink:arcrole="http://www.xbrl.org/2003/arcrole/concept-reference" xlink:from="loc_38" xlink:to="res_8"/>
    <link:loc xlink:type="locator" xlink:href="../../ifrs-cor_2011-03-25.xsd#ifrs_ProportionOfVotingPowerHeldInJointlyControlledEntity" xlink:label="loc_40"/>
    <link:referenceArc xlink:type="arc" xlink:arcrole="http://www.xbrl.org/2003/arcrole/concept-reference" xlink:from="loc_40" xlink:to="res_7"/>
    <link:referenceArc xlink:type="arc" xlink:arcrole="http://www.xbrl.org/2003/arcrole/concept-reference" xlink:from="loc_40" xlink:to="res_8"/>
    <link:loc xlink:type="locator" xlink:href="../../ifrs-cor_2011-03-25.xsd#ifrs_DisclosureOfSignificantInvestmentsInAssociatesExplanatory" xlink:label="loc_41"/>
    <link:referenceArc xlink:type="arc" xlink:arcrole="http://www.xbrl.org/2003/arcrole/concept-reference" xlink:from="loc_41" xlink:to="res_7"/>
    <link:referenceArc xlink:type="arc" xlink:arcrole="http://www.xbrl.org/2003/arcrole/concept-reference" xlink:from="loc_41" xlink:to="res_8"/>
    <link:loc xlink:type="locator" xlink:href="../../ifrs-cor_2011-03-25.xsd#ifrs_DisclosureOfSignificantInvestmentsInAssociatesTable" xlink:label="loc_42"/>
    <link:referenceArc xlink:type="arc" xlink:arcrole="http://www.xbrl.org/2003/arcrole/concept-reference" xlink:from="loc_42" xlink:to="res_7"/>
    <link:referenceArc xlink:type="arc" xlink:arcrole="http://www.xbrl.org/2003/arcrole/concept-reference" xlink:from="loc_42" xlink:to="res_8"/>
    <link:loc xlink:type="locator" xlink:href="../../ifrs-cor_2011-03-25.xsd#ifrs_SignificantInvestmentsInAssociatesAxis" xlink:label="loc_43"/>
    <link:referenceArc xlink:type="arc" xlink:arcrole="http://www.xbrl.org/2003/arcrole/concept-reference" xlink:from="loc_43" xlink:to="res_7"/>
    <link:referenceArc xlink:type="arc" xlink:arcrole="http://www.xbrl.org/2003/arcrole/concept-reference" xlink:from="loc_43" xlink:to="res_8"/>
    <link:loc xlink:type="locator" xlink:href="../../ifrs-cor_2011-03-25.xsd#ifrs_NameOfAssociate" xlink:label="loc_44"/>
    <link:referenceArc xlink:type="arc" xlink:arcrole="http://www.xbrl.org/2003/arcrole/concept-reference" xlink:from="loc_44" xlink:to="res_7"/>
    <link:referenceArc xlink:type="arc" xlink:arcrole="http://www.xbrl.org/2003/arcrole/concept-reference" xlink:from="loc_44" xlink:to="res_8"/>
    <link:loc xlink:type="locator" xlink:href="../../ifrs-cor_2011-03-25.xsd#ifrs_CountryOfIncorporationOrResidenceOfAssociate" xlink:label="loc_45"/>
    <link:referenceArc xlink:type="arc" xlink:arcrole="http://www.xbrl.org/2003/arcrole/concept-reference" xlink:from="loc_45" xlink:to="res_7"/>
    <link:referenceArc xlink:type="arc" xlink:arcrole="http://www.xbrl.org/2003/arcrole/concept-reference" xlink:from="loc_45" xlink:to="res_8"/>
    <link:loc xlink:type="locator" xlink:href="../../ifrs-cor_2011-03-25.xsd#ifrs_ProportionOfOwnershipInterestInAssociate" xlink:label="loc_46"/>
    <link:referenceArc xlink:type="arc" xlink:arcrole="http://www.xbrl.org/2003/arcrole/concept-reference" xlink:from="loc_46" xlink:to="res_7"/>
    <link:referenceArc xlink:type="arc" xlink:arcrole="http://www.xbrl.org/2003/arcrole/concept-reference" xlink:from="loc_46" xlink:to="res_8"/>
    <link:loc xlink:type="locator" xlink:href="../../ifrs-cor_2011-03-25.xsd#ifrs_ProportionOfVotingPowerHeldInAssociate" xlink:label="loc_47"/>
    <link:referenceArc xlink:type="arc" xlink:arcrole="http://www.xbrl.org/2003/arcrole/concept-reference" xlink:from="loc_47" xlink:to="res_7"/>
    <link:referenceArc xlink:type="arc" xlink:arcrole="http://www.xbrl.org/2003/arcrole/concept-reference" xlink:from="loc_47" xlink:to="res_8"/>
    <link:loc xlink:type="locator" xlink:href="../../ifrs-cor_2011-03-25.xsd#ifrs_PortionOfGainsLossesRecognisedWhenControlOfSubsidiaryIsLostAttributableToRecognisingInvestmentRetainedInFormerSubsidiary" xlink:label="loc_48"/>
    <link:reference xlink:type="resource" xlink:label="res_18" xlink:role="http://www.xbrl.org/2003/role/disclosureRef">
      <ref:Name>IAS</ref:Name>
      <ref:Number>27</ref:Number>
      <ref:IssueDate>2011-01-01</ref:IssueDate>
      <ref:Paragraph>41</ref:Paragraph>
      <ref:Subparagraph>f</ref:Subparagraph>
      <ref:Clause>i</ref:Clause>
      <ref:URI>http://eifrs.ifrs.org/eifrs/XBRL?type=IAS&amp;num=27&amp;date=2011-03-25&amp;anchor=para_41_f_i&amp;doctype=Standard</ref:URI>
      <ref:URIDate>2011-03-25</ref:URIDate>
    </link:reference>
    <link:referenceArc xlink:type="arc" xlink:arcrole="http://www.xbrl.org/2003/arcrole/concept-reference" xlink:from="loc_48" xlink:to="res_18"/>
    <link:loc xlink:type="locator" xlink:href="../../ifrs-cor_2011-03-25.xsd#ifrs_EntitysTotalForJointlyControlledEntitiesMember" xlink:label="loc_50"/>
    <link:referenceArc xlink:type="arc" xlink:arcrole="http://www.xbrl.org/2003/arcrole/concept-reference" xlink:from="loc_50" xlink:to="res_7"/>
    <link:referenceArc xlink:type="arc" xlink:arcrole="http://www.xbrl.org/2003/arcrole/concept-reference" xlink:from="loc_50" xlink:to="res_8"/>
    <link:loc xlink:type="locator" xlink:href="../../ifrs-cor_2011-03-25.xsd#ifrs_EntitysTotalForAssociatesMember" xlink:label="loc_51"/>
    <link:referenceArc xlink:type="arc" xlink:arcrole="http://www.xbrl.org/2003/arcrole/concept-reference" xlink:from="loc_51" xlink:to="res_7"/>
    <link:referenceArc xlink:type="arc" xlink:arcrole="http://www.xbrl.org/2003/arcrole/concept-reference" xlink:from="loc_51" xlink:to="res_8"/>
    <link:loc xlink:type="locator" xlink:href="../../ifrs-cor_2011-03-25.xsd#ifrs_EntitysTotalForSubsidiariesMember" xlink:label="loc_52"/>
    <link:referenceArc xlink:type="arc" xlink:arcrole="http://www.xbrl.org/2003/arcrole/concept-reference" xlink:from="loc_52" xlink:to="res_7"/>
    <link:referenceArc xlink:type="arc" xlink:arcrole="http://www.xbrl.org/2003/arcrole/concept-reference" xlink:from="loc_52" xlink:to="res_8"/>
    <link:loc xlink:type="locator" xlink:href="../../ifrs-cor_2011-03-25.xsd#ifrs_DescriptionOfIdentificationOfFinancialStatementsToWhichSeparateFinancialStatementsRelate" xlink:label="loc_53"/>
    <link:reference xlink:type="resource" xlink:label="res_19" xlink:role="http://www.xbrl.org/2003/role/disclosureRef">
      <ref:Name>IAS</ref:Name>
      <ref:Number>27</ref:Number>
      <ref:IssueDate>2011-01-01</ref:IssueDate>
      <ref:Paragraph>43</ref:Paragraph>
      <ref:URI>http://eifrs.ifrs.org/eifrs/XBRL?type=IAS&amp;num=27&amp;date=2011-03-25&amp;anchor=para_43&amp;doctype=Standard</ref:URI>
      <ref:URIDate>2011-03-25</ref:URIDate>
    </link:reference>
    <link:referenceArc xlink:type="arc" xlink:arcrole="http://www.xbrl.org/2003/arcrole/concept-reference" xlink:from="loc_53" xlink:to="res_19"/>
    <link:loc xlink:type="locator" xlink:href="../../ifrs-cor_2011-03-25.xsd#ifrs_NameOfEntityWhoseConsolidatedFinancialStatementsHaveBeenProducedForPublicUse" xlink:label="loc_22"/>
    <link:referenceArc xlink:type="arc" xlink:arcrole="http://www.xbrl.org/2003/arcrole/concept-reference" xlink:from="loc_22" xlink:to="res_2"/>
    <link:loc xlink:type="locator" xlink:href="../../ifrs-cor_2011-03-25.xsd#ifrs_CountryOfIncorporationOfEntityWhoseConsolidatedFinancialStatementsHaveBeenProducedForPublicUse" xlink:label="loc_25"/>
    <link:referenceArc xlink:type="arc" xlink:arcrole="http://www.xbrl.org/2003/arcrole/concept-reference" xlink:from="loc_25" xlink:to="res_2"/>
    <link:loc xlink:type="locator" xlink:href="../../ifrs-cor_2011-03-25.xsd#ifrs_ResidenceOfEntityWhoseConsolidatedFinancialStatementsHaveBeenProducedForPublicUse" xlink:label="loc_26"/>
    <link:referenceArc xlink:type="arc" xlink:arcrole="http://www.xbrl.org/2003/arcrole/concept-reference" xlink:from="loc_26" xlink:to="res_2"/>
    <link:loc xlink:type="locator" xlink:href="../../ifrs-cor_2011-03-25.xsd#ifrs_AddressWhereConsolidatedFinancialStatementsAreObtainable" xlink:label="loc_27"/>
    <link:referenceArc xlink:type="arc" xlink:arcrole="http://www.xbrl.org/2003/arcrole/concept-reference" xlink:from="loc_27" xlink:to="res_2"/>
    <link:loc xlink:type="locator" xlink:href="../../ifrs-cor_2011-03-25.xsd#ifrs_InvestmentsInSubsidiaries" xlink:label="loc_6"/>
    <link:referenceArc xlink:type="arc" xlink:arcrole="http://www.xbrl.org/2003/arcrole/concept-reference" xlink:from="loc_6" xlink:to="res_3"/>
    <link:loc xlink:type="locator" xlink:href="../../ifrs-cor_2011-03-25.xsd#ifrs_DescriptionOfReasonWhyUsingDifferentReportingDateOrPeriodForSubsidiary" xlink:label="loc_49"/>
    <link:referenceArc xlink:type="arc" xlink:arcrole="http://www.xbrl.org/2003/arcrole/concept-reference" xlink:from="loc_49" xlink:to="res_10"/>
    <link:loc xlink:type="locator" xlink:href="../../ifrs-cor_2011-03-25.xsd#ifrs_DisclosureOfConsolidatedAndSeparateFinancialStatementsExplanatory" xlink:label="loc"/>
    <link:referenceArc xlink:type="arc" xlink:arcrole="http://www.xbrl.org/2003/arcrole/concept-reference" xlink:from="loc" xlink:to="res_11"/>
  </link:referenceLink>
</link:linkbase>
