<?xml version="1.0" encoding="UTF-8"?>

<!--
        Taxonomy: 2011-03-25 (Final release)
        ********************** 
        Copyright © 2011 International Financial Reporting Standards (IFRS) Foundation
        All rights reserved.  No part of this publication may be translated, reprinted or reproduced 
        or utilised in any form either in whole or in part without prior permission in writing from the IFRS Foundation.
        For more information on the IFRS Foundation's copyright, please refer to http://www.ifrs.org/XBRL/Legal/
        **********************
    -->
<link:linkbase xmlns:xsi="http://www.w3.org/2001/XMLSchema-instance" xsi:schemaLocation="http://www.xbrl.org/2006/ref http://www.xbrl.org/2006/ref-2006-02-27.xsd http://www.xbrl.org/2003/linkbase http://www.xbrl.org/2003/xbrl-linkbase-2003-12-31.xsd" xmlns:link="http://www.xbrl.org/2003/linkbase" xmlns:ref="http://www.xbrl.org/2006/ref" xmlns:xlink="http://www.w3.org/1999/xlink">
  <link:referenceLink xlink:type="extended" xlink:role="http://www.xbrl.org/2003/role/link">
    <link:loc xlink:type="locator" xlink:href="../../ifrs-cor_2011-03-25.xsd#ifrs_PropertyPlantAndEquipmentMember" xlink:label="loc"/>
    <link:reference xlink:type="resource" xlink:label="res_2" xlink:role="http://www.xbrl.org/2003/role/exampleRef">
      <ref:Name>IAS</ref:Name>
      <ref:Number>36</ref:Number>
      <ref:IssueDate>2011-01-01</ref:IssueDate>
      <ref:Paragraph>127</ref:Paragraph>
      <ref:URI>http://eifrs.ifrs.org/eifrs/XBRL?type=IAS&amp;num=36&amp;date=2011-03-25&amp;anchor=para_127&amp;doctype=Standard</ref:URI>
      <ref:URIDate>2011-03-25</ref:URIDate>
    </link:reference>
    <link:referenceArc xlink:type="arc" xlink:arcrole="http://www.xbrl.org/2003/arcrole/concept-reference" xlink:from="loc" xlink:to="res_2"/>
    <link:loc xlink:type="locator" xlink:href="../../ifrs-cor_2011-03-25.xsd#ifrs_ClassesOfAssetsAxis" xlink:label="loc_4"/>
    <link:reference xlink:type="resource" xlink:label="res" xlink:role="http://www.xbrl.org/2003/role/disclosureRef">
      <ref:Name>IAS</ref:Name>
      <ref:Number>36</ref:Number>
      <ref:IssueDate>2011-01-01</ref:IssueDate>
      <ref:Paragraph>126</ref:Paragraph>
      <ref:URI>http://eifrs.ifrs.org/eifrs/XBRL?type=IAS&amp;num=36&amp;date=2011-03-25&amp;anchor=para_126&amp;doctype=Standard</ref:URI>
      <ref:URIDate>2011-03-25</ref:URIDate>
    </link:reference>
    <link:referenceArc xlink:type="arc" xlink:arcrole="http://www.xbrl.org/2003/arcrole/concept-reference" xlink:from="loc_4" xlink:to="res"/>
    <link:reference xlink:type="resource" xlink:label="res_3" xlink:role="http://www.xbrl.org/2003/role/disclosureRef">
      <ref:Name>IAS</ref:Name>
      <ref:Number>36</ref:Number>
      <ref:IssueDate>2011-01-01</ref:IssueDate>
      <ref:Paragraph>130</ref:Paragraph>
      <ref:Subparagraph>d</ref:Subparagraph>
      <ref:Clause>ii</ref:Clause>
      <ref:URI>http://eifrs.ifrs.org/eifrs/XBRL?type=IAS&amp;num=36&amp;date=2011-03-25&amp;anchor=para_130_d_ii&amp;doctype=Standard</ref:URI>
      <ref:URIDate>2011-03-25</ref:URIDate>
    </link:reference>
    <link:referenceArc xlink:type="arc" xlink:arcrole="http://www.xbrl.org/2003/arcrole/concept-reference" xlink:from="loc_4" xlink:to="res_3"/>
    <link:loc xlink:type="locator" xlink:href="../../ifrs-cor_2011-03-25.xsd#ifrs_ClassesOfAssetsMember" xlink:label="loc_5"/>
    <link:referenceArc xlink:type="arc" xlink:arcrole="http://www.xbrl.org/2003/arcrole/concept-reference" xlink:from="loc_5" xlink:to="res"/>
    <link:loc xlink:type="locator" xlink:href="../../ifrs-cor_2011-03-25.xsd#ifrs_IntangibleAssetsOtherThanGoodwill" xlink:label="loc_7"/>
    <link:reference xlink:type="resource" xlink:label="res_4" xlink:role="http://www.xbrl.org/2003/role/disclosureRef">
      <ref:Name>IAS</ref:Name>
      <ref:Number>36</ref:Number>
      <ref:IssueDate>2011-01-01</ref:IssueDate>
      <ref:Paragraph>134</ref:Paragraph>
      <ref:Subparagraph>b</ref:Subparagraph>
      <ref:URI>http://eifrs.ifrs.org/eifrs/XBRL?type=IAS&amp;num=36&amp;date=2011-03-25&amp;anchor=para_134_b&amp;doctype=Standard</ref:URI>
      <ref:URIDate>2011-03-25</ref:URIDate>
    </link:reference>
    <link:referenceArc xlink:type="arc" xlink:arcrole="http://www.xbrl.org/2003/arcrole/concept-reference" xlink:from="loc_7" xlink:to="res_4"/>
    <link:reference xlink:type="resource" xlink:label="res_7" xlink:role="http://www.xbrl.org/2003/role/disclosureRef">
      <ref:Name>IAS</ref:Name>
      <ref:Number>36</ref:Number>
      <ref:IssueDate>2011-01-01</ref:IssueDate>
      <ref:Paragraph>135</ref:Paragraph>
      <ref:Subparagraph>b</ref:Subparagraph>
      <ref:URI>http://eifrs.ifrs.org/eifrs/XBRL?type=IAS&amp;num=36&amp;date=2011-03-25&amp;anchor=para_135_b&amp;doctype=Standard</ref:URI>
      <ref:URIDate>2011-03-25</ref:URIDate>
    </link:reference>
    <link:referenceArc xlink:type="arc" xlink:arcrole="http://www.xbrl.org/2003/arcrole/concept-reference" xlink:from="loc_7" xlink:to="res_7"/>
    <link:loc xlink:type="locator" xlink:href="../../ifrs-cor_2011-03-25.xsd#ifrs_Goodwill" xlink:label="loc_15"/>
    <link:reference xlink:type="resource" xlink:label="res_5" xlink:role="http://www.xbrl.org/2003/role/disclosureRef">
      <ref:Name>IAS</ref:Name>
      <ref:Number>36</ref:Number>
      <ref:IssueDate>2011-01-01</ref:IssueDate>
      <ref:Paragraph>134</ref:Paragraph>
      <ref:Subparagraph>a</ref:Subparagraph>
      <ref:URI>http://eifrs.ifrs.org/eifrs/XBRL?type=IAS&amp;num=36&amp;date=2011-03-25&amp;anchor=para_134_a&amp;doctype=Standard</ref:URI>
      <ref:URIDate>2011-03-25</ref:URIDate>
    </link:reference>
    <link:referenceArc xlink:type="arc" xlink:arcrole="http://www.xbrl.org/2003/arcrole/concept-reference" xlink:from="loc_15" xlink:to="res_5"/>
    <link:reference xlink:type="resource" xlink:label="res_6" xlink:role="http://www.xbrl.org/2003/role/disclosureRef">
      <ref:Name>IAS</ref:Name>
      <ref:Number>36</ref:Number>
      <ref:IssueDate>2011-01-01</ref:IssueDate>
      <ref:Paragraph>135</ref:Paragraph>
      <ref:Subparagraph>a</ref:Subparagraph>
      <ref:URI>http://eifrs.ifrs.org/eifrs/XBRL?type=IAS&amp;num=36&amp;date=2011-03-25&amp;anchor=para_135_a&amp;doctype=Standard</ref:URI>
      <ref:URIDate>2011-03-25</ref:URIDate>
    </link:reference>
    <link:referenceArc xlink:type="arc" xlink:arcrole="http://www.xbrl.org/2003/arcrole/concept-reference" xlink:from="loc_15" xlink:to="res_6"/>
    <link:loc xlink:type="locator" xlink:href="../../ifrs-cor_2011-03-25.xsd#ifrs_DisclosureOfImpairmentLossAndReversalOfImpairmentLossExplanatory" xlink:label="loc_2"/>
    <link:referenceArc xlink:type="arc" xlink:arcrole="http://www.xbrl.org/2003/arcrole/concept-reference" xlink:from="loc_2" xlink:to="res"/>
    <link:loc xlink:type="locator" xlink:href="../../ifrs-cor_2011-03-25.xsd#ifrs_ReversalOfImpairmentLossRecognisedInProfitOrLoss" xlink:label="loc_9"/>
    <link:reference xlink:type="resource" xlink:label="res_8" xlink:role="http://www.xbrl.org/2003/role/disclosureRef">
      <ref:Name>IAS</ref:Name>
      <ref:Number>36</ref:Number>
      <ref:IssueDate>2011-01-01</ref:IssueDate>
      <ref:Paragraph>126</ref:Paragraph>
      <ref:Subparagraph>b</ref:Subparagraph>
      <ref:URI>http://eifrs.ifrs.org/eifrs/XBRL?type=IAS&amp;num=36&amp;date=2011-03-25&amp;anchor=para_126_b&amp;doctype=Standard</ref:URI>
      <ref:URIDate>2011-03-25</ref:URIDate>
    </link:reference>
    <link:referenceArc xlink:type="arc" xlink:arcrole="http://www.xbrl.org/2003/arcrole/concept-reference" xlink:from="loc_9" xlink:to="res_8"/>
    <link:reference xlink:type="resource" xlink:label="res_9" xlink:role="http://www.xbrl.org/2003/role/disclosureRef">
      <ref:Name>IAS</ref:Name>
      <ref:Number>36</ref:Number>
      <ref:IssueDate>2011-01-01</ref:IssueDate>
      <ref:Paragraph>129</ref:Paragraph>
      <ref:Subparagraph>b</ref:Subparagraph>
      <ref:URI>http://eifrs.ifrs.org/eifrs/XBRL?type=IAS&amp;num=36&amp;date=2011-03-25&amp;anchor=para_129_b&amp;doctype=Standard</ref:URI>
      <ref:URIDate>2011-03-25</ref:URIDate>
    </link:reference>
    <link:referenceArc xlink:type="arc" xlink:arcrole="http://www.xbrl.org/2003/arcrole/concept-reference" xlink:from="loc_9" xlink:to="res_9"/>
    <link:loc xlink:type="locator" xlink:href="../../ifrs-cor_2011-03-25.xsd#ifrs_ImpairmentLossRecognisedInProfitOrLoss" xlink:label="loc_12"/>
    <link:reference xlink:type="resource" xlink:label="res_10" xlink:role="http://www.xbrl.org/2003/role/disclosureRef">
      <ref:Name>IAS</ref:Name>
      <ref:Number>36</ref:Number>
      <ref:IssueDate>2011-01-01</ref:IssueDate>
      <ref:Paragraph>126</ref:Paragraph>
      <ref:Subparagraph>a</ref:Subparagraph>
      <ref:URI>http://eifrs.ifrs.org/eifrs/XBRL?type=IAS&amp;num=36&amp;date=2011-03-25&amp;anchor=para_126_a&amp;doctype=Standard</ref:URI>
      <ref:URIDate>2011-03-25</ref:URIDate>
    </link:reference>
    <link:referenceArc xlink:type="arc" xlink:arcrole="http://www.xbrl.org/2003/arcrole/concept-reference" xlink:from="loc_12" xlink:to="res_10"/>
    <link:reference xlink:type="resource" xlink:label="res_11" xlink:role="http://www.xbrl.org/2003/role/disclosureRef">
      <ref:Name>IAS</ref:Name>
      <ref:Number>36</ref:Number>
      <ref:IssueDate>2011-01-01</ref:IssueDate>
      <ref:Paragraph>129</ref:Paragraph>
      <ref:Subparagraph>a</ref:Subparagraph>
      <ref:URI>http://eifrs.ifrs.org/eifrs/XBRL?type=IAS&amp;num=36&amp;date=2011-03-25&amp;anchor=para_129_a&amp;doctype=Standard</ref:URI>
      <ref:URIDate>2011-03-25</ref:URIDate>
    </link:reference>
    <link:referenceArc xlink:type="arc" xlink:arcrole="http://www.xbrl.org/2003/arcrole/concept-reference" xlink:from="loc_12" xlink:to="res_11"/>
    <link:loc xlink:type="locator" xlink:href="../../ifrs-cor_2011-03-25.xsd#ifrs_IntangibleAssetsOtherThanGoodwillMember" xlink:label="loc_16"/>
    <link:referenceArc xlink:type="arc" xlink:arcrole="http://www.xbrl.org/2003/arcrole/concept-reference" xlink:from="loc_16" xlink:to="res_2"/>
    <link:loc xlink:type="locator" xlink:href="../../ifrs-cor_2011-03-25.xsd#ifrs_DisclosureOfImpairmentLossAndReversalOfImpairmentLossTable" xlink:label="loc_18"/>
    <link:referenceArc xlink:type="arc" xlink:arcrole="http://www.xbrl.org/2003/arcrole/concept-reference" xlink:from="loc_18" xlink:to="res"/>
    <link:loc xlink:type="locator" xlink:href="../../ifrs-cor_2011-03-25.xsd#ifrs_GoodwillMember" xlink:label="loc_19"/>
    <link:referenceArc xlink:type="arc" xlink:arcrole="http://www.xbrl.org/2003/arcrole/concept-reference" xlink:from="loc_19" xlink:to="res_2"/>
    <link:loc xlink:type="locator" xlink:href="../../ifrs-cor_2011-03-25.xsd#ifrs_FinancialAssetsMember" xlink:label="loc_20"/>
    <link:referenceArc xlink:type="arc" xlink:arcrole="http://www.xbrl.org/2003/arcrole/concept-reference" xlink:from="loc_20" xlink:to="res_2"/>
    <link:loc xlink:type="locator" xlink:href="../../ifrs-cor_2011-03-25.xsd#ifrs_DisclosureOfImpairmentOfAssetsExplanatory" xlink:label="loc_39"/>
    <link:reference xlink:type="resource" xlink:label="res_13" xlink:role="http://www.xbrl.org/2003/role/disclosureRef">
      <ref:Name>IAS</ref:Name>
      <ref:Number>36</ref:Number>
      <ref:IssueDate>2011-01-01</ref:IssueDate>
      <ref:Section>Disclosure</ref:Section>
      <ref:URI>http://eifrs.ifrs.org/eifrs/XBRL?type=IAS&amp;num=36&amp;date=2011-03-25&amp;anchor=sect_Disclosure&amp;doctype=Standard</ref:URI>
      <ref:URIDate>2011-03-25</ref:URIDate>
    </link:reference>
    <link:referenceArc xlink:type="arc" xlink:arcrole="http://www.xbrl.org/2003/arcrole/concept-reference" xlink:from="loc_39" xlink:to="res_13"/>
    <link:loc xlink:type="locator" xlink:href="../../ifrs-cor_2011-03-25.xsd#ifrs_OperatingSegmentsAxis" xlink:label="loc_53"/>
    <link:referenceArc xlink:type="arc" xlink:arcrole="http://www.xbrl.org/2003/arcrole/concept-reference" xlink:from="loc_53" xlink:to="res_3"/>
    <link:loc xlink:type="locator" xlink:href="../../ifrs-cor_2011-03-25.xsd#ifrs_ReversalOfImpairmentLossRecognisedInOtherComprehensiveIncome" xlink:label="loc_10"/>
    <link:reference xlink:type="resource" xlink:label="res_15" xlink:role="http://www.xbrl.org/2003/role/disclosureRef">
      <ref:Name>IAS</ref:Name>
      <ref:Number>36</ref:Number>
      <ref:IssueDate>2011-01-01</ref:IssueDate>
      <ref:Paragraph>126</ref:Paragraph>
      <ref:Subparagraph>d</ref:Subparagraph>
      <ref:URI>http://eifrs.ifrs.org/eifrs/XBRL?type=IAS&amp;num=36&amp;date=2011-03-25&amp;anchor=para_126_d&amp;doctype=Standard</ref:URI>
      <ref:URIDate>2011-03-25</ref:URIDate>
    </link:reference>
    <link:referenceArc xlink:type="arc" xlink:arcrole="http://www.xbrl.org/2003/arcrole/concept-reference" xlink:from="loc_10" xlink:to="res_15"/>
    <link:referenceArc xlink:type="arc" xlink:arcrole="http://www.xbrl.org/2003/arcrole/concept-reference" xlink:from="loc_10" xlink:to="res_9"/>
    <link:loc xlink:type="locator" xlink:href="../../ifrs-cor_2011-03-25.xsd#ifrs_ImpairmentLossRecognisedInOtherComprehensiveIncome" xlink:label="loc_11"/>
    <link:reference xlink:type="resource" xlink:label="res_18" xlink:role="http://www.xbrl.org/2003/role/disclosureRef">
      <ref:Name>IAS</ref:Name>
      <ref:Number>36</ref:Number>
      <ref:IssueDate>2011-01-01</ref:IssueDate>
      <ref:Paragraph>126</ref:Paragraph>
      <ref:Subparagraph>c</ref:Subparagraph>
      <ref:URI>http://eifrs.ifrs.org/eifrs/XBRL?type=IAS&amp;num=36&amp;date=2011-03-25&amp;anchor=para_126_c&amp;doctype=Standard</ref:URI>
      <ref:URIDate>2011-03-25</ref:URIDate>
    </link:reference>
    <link:referenceArc xlink:type="arc" xlink:arcrole="http://www.xbrl.org/2003/arcrole/concept-reference" xlink:from="loc_11" xlink:to="res_18"/>
    <link:referenceArc xlink:type="arc" xlink:arcrole="http://www.xbrl.org/2003/arcrole/concept-reference" xlink:from="loc_11" xlink:to="res_11"/>
    <link:loc xlink:type="locator" xlink:href="../../ifrs-cor_2011-03-25.xsd#ifrs_DisclosureOfGoodwillNotAllocatedToCashgeneratingUnitExplanatory" xlink:label="loc_17"/>
    <link:reference xlink:type="resource" xlink:label="res_19" xlink:role="http://www.xbrl.org/2003/role/disclosureRef">
      <ref:Name>IAS</ref:Name>
      <ref:Number>36</ref:Number>
      <ref:IssueDate>2011-01-01</ref:IssueDate>
      <ref:Paragraph>133</ref:Paragraph>
      <ref:URI>http://eifrs.ifrs.org/eifrs/XBRL?type=IAS&amp;num=36&amp;date=2011-03-25&amp;anchor=para_133&amp;doctype=Standard</ref:URI>
      <ref:URIDate>2011-03-25</ref:URIDate>
    </link:reference>
    <link:referenceArc xlink:type="arc" xlink:arcrole="http://www.xbrl.org/2003/arcrole/concept-reference" xlink:from="loc_17" xlink:to="res_19"/>
    <link:loc xlink:type="locator" xlink:href="../../ifrs-cor_2011-03-25.xsd#ifrs_ExplanationOfMainEventsAndCircumstancesThatLedToRecognitionOfImpairmentLossesAndReversalsOfImpairmentLosses" xlink:label="loc_6"/>
    <link:reference xlink:type="resource" xlink:label="res_22" xlink:role="http://www.xbrl.org/2003/role/disclosureRef">
      <ref:Name>IAS</ref:Name>
      <ref:Number>36</ref:Number>
      <ref:IssueDate>2011-01-01</ref:IssueDate>
      <ref:Paragraph>131</ref:Paragraph>
      <ref:Subparagraph>b</ref:Subparagraph>
      <ref:URI>http://eifrs.ifrs.org/eifrs/XBRL?type=IAS&amp;num=36&amp;date=2011-03-25&amp;anchor=para_131_b&amp;doctype=Standard</ref:URI>
      <ref:URIDate>2011-03-25</ref:URIDate>
    </link:reference>
    <link:referenceArc xlink:type="arc" xlink:arcrole="http://www.xbrl.org/2003/arcrole/concept-reference" xlink:from="loc_6" xlink:to="res_22"/>
    <link:reference xlink:type="resource" xlink:label="res_20" xlink:role="http://www.xbrl.org/2003/role/disclosureRef">
      <ref:Name>IAS</ref:Name>
      <ref:Number>36</ref:Number>
      <ref:IssueDate>2011-01-01</ref:IssueDate>
      <ref:Paragraph>130</ref:Paragraph>
      <ref:Subparagraph>a</ref:Subparagraph>
      <ref:URI>http://eifrs.ifrs.org/eifrs/XBRL?type=IAS&amp;num=36&amp;date=2011-03-25&amp;anchor=para_130_a&amp;doctype=Standard</ref:URI>
      <ref:URIDate>2011-03-25</ref:URIDate>
    </link:reference>
    <link:referenceArc xlink:type="arc" xlink:arcrole="http://www.xbrl.org/2003/arcrole/concept-reference" xlink:from="loc_6" xlink:to="res_20"/>
    <link:loc xlink:type="locator" xlink:href="../../ifrs-cor_2011-03-25.xsd#ifrs_ExplanationOfMainClassesOfAssetsAffectedByImpairmentLossesOrReversalsOfImpairmentLosses" xlink:label="loc_8"/>
    <link:reference xlink:type="resource" xlink:label="res_38" xlink:role="http://www.xbrl.org/2003/role/disclosureRef">
      <ref:Name>IAS</ref:Name>
      <ref:Number>36</ref:Number>
      <ref:IssueDate>2011-01-01</ref:IssueDate>
      <ref:Paragraph>131</ref:Paragraph>
      <ref:Subparagraph>a</ref:Subparagraph>
      <ref:URI>http://eifrs.ifrs.org/eifrs/XBRL?type=IAS&amp;num=36&amp;date=2011-03-25&amp;anchor=para_131_a&amp;doctype=Standard</ref:URI>
      <ref:URIDate>2011-03-25</ref:URIDate>
    </link:reference>
    <link:referenceArc xlink:type="arc" xlink:arcrole="http://www.xbrl.org/2003/arcrole/concept-reference" xlink:from="loc_8" xlink:to="res_38"/>
    <link:loc xlink:type="locator" xlink:href="../../ifrs-cor_2011-03-25.xsd#ifrs_ExplanationOfFactThatCarryingAmountOfGoodwillOrIntangibleAssetsWithIndefiniteUsefulLivesIsNotSignificant" xlink:label="loc_13"/>
    <link:reference xlink:type="resource" xlink:label="res_14" xlink:role="http://www.xbrl.org/2003/role/disclosureRef">
      <ref:Name>IAS</ref:Name>
      <ref:Number>36</ref:Number>
      <ref:IssueDate>2011-01-01</ref:IssueDate>
      <ref:Paragraph>135</ref:Paragraph>
      <ref:URI>http://eifrs.ifrs.org/eifrs/XBRL?type=IAS&amp;num=36&amp;date=2011-03-25&amp;anchor=para_135&amp;doctype=Standard</ref:URI>
      <ref:URIDate>2011-03-25</ref:URIDate>
    </link:reference>
    <link:referenceArc xlink:type="arc" xlink:arcrole="http://www.xbrl.org/2003/arcrole/concept-reference" xlink:from="loc_13" xlink:to="res_14"/>
    <link:loc xlink:type="locator" xlink:href="../../ifrs-cor_2011-03-25.xsd#ifrs_DisclosureOfInformationForEachMaterialImpairmentLossRecognisedOrReversedForIndividualAssetOrCashgeneratingUnitExplanatory" xlink:label="loc_21"/>
    <link:reference xlink:type="resource" xlink:label="res_16" xlink:role="http://www.xbrl.org/2003/role/disclosureRef">
      <ref:Name>IAS</ref:Name>
      <ref:Number>36</ref:Number>
      <ref:IssueDate>2011-01-01</ref:IssueDate>
      <ref:Paragraph>130</ref:Paragraph>
      <ref:URI>http://eifrs.ifrs.org/eifrs/XBRL?type=IAS&amp;num=36&amp;date=2011-03-25&amp;anchor=para_130&amp;doctype=Standard</ref:URI>
      <ref:URIDate>2011-03-25</ref:URIDate>
    </link:reference>
    <link:referenceArc xlink:type="arc" xlink:arcrole="http://www.xbrl.org/2003/arcrole/concept-reference" xlink:from="loc_21" xlink:to="res_16"/>
    <link:loc xlink:type="locator" xlink:href="../../ifrs-cor_2011-03-25.xsd#ifrs_ImpairmentLoss" xlink:label="loc_22"/>
    <link:reference xlink:type="resource" xlink:label="res_21" xlink:role="http://www.xbrl.org/2003/role/disclosureRef">
      <ref:Name>IAS</ref:Name>
      <ref:Number>36</ref:Number>
      <ref:IssueDate>2011-01-01</ref:IssueDate>
      <ref:Paragraph>130</ref:Paragraph>
      <ref:Subparagraph>b</ref:Subparagraph>
      <ref:URI>http://eifrs.ifrs.org/eifrs/XBRL?type=IAS&amp;num=36&amp;date=2011-03-25&amp;anchor=para_130_b&amp;doctype=Standard</ref:URI>
      <ref:URIDate>2011-03-25</ref:URIDate>
    </link:reference>
    <link:referenceArc xlink:type="arc" xlink:arcrole="http://www.xbrl.org/2003/arcrole/concept-reference" xlink:from="loc_22" xlink:to="res_21"/>
    <link:referenceArc xlink:type="arc" xlink:arcrole="http://www.xbrl.org/2003/arcrole/concept-reference" xlink:from="loc_22" xlink:to="res_3"/>
    <link:loc xlink:type="locator" xlink:href="../../ifrs-cor_2011-03-25.xsd#ifrs_DescriptionOfNatureOfIndividualAsset" xlink:label="loc_23"/>
    <link:reference xlink:type="resource" xlink:label="res_23" xlink:role="http://www.xbrl.org/2003/role/disclosureRef">
      <ref:Name>IAS</ref:Name>
      <ref:Number>36</ref:Number>
      <ref:IssueDate>2011-01-01</ref:IssueDate>
      <ref:Paragraph>130</ref:Paragraph>
      <ref:Subparagraph>c</ref:Subparagraph>
      <ref:Clause>i</ref:Clause>
      <ref:URI>http://eifrs.ifrs.org/eifrs/XBRL?type=IAS&amp;num=36&amp;date=2011-03-25&amp;anchor=para_130_c_i&amp;doctype=Standard</ref:URI>
      <ref:URIDate>2011-03-25</ref:URIDate>
    </link:reference>
    <link:referenceArc xlink:type="arc" xlink:arcrole="http://www.xbrl.org/2003/arcrole/concept-reference" xlink:from="loc_23" xlink:to="res_23"/>
    <link:loc xlink:type="locator" xlink:href="../../ifrs-cor_2011-03-25.xsd#ifrs_DescriptionOfReportableSegmentToWhichIndividualAssetBelongs" xlink:label="loc_24"/>
    <link:reference xlink:type="resource" xlink:label="res_24" xlink:role="http://www.xbrl.org/2003/role/disclosureRef">
      <ref:Name>IAS</ref:Name>
      <ref:Number>36</ref:Number>
      <ref:IssueDate>2011-01-01</ref:IssueDate>
      <ref:Paragraph>130</ref:Paragraph>
      <ref:Subparagraph>c</ref:Subparagraph>
      <ref:Clause>ii</ref:Clause>
      <ref:URI>http://eifrs.ifrs.org/eifrs/XBRL?type=IAS&amp;num=36&amp;date=2011-03-25&amp;anchor=para_130_c_ii&amp;doctype=Standard</ref:URI>
      <ref:URIDate>2011-03-25</ref:URIDate>
    </link:reference>
    <link:referenceArc xlink:type="arc" xlink:arcrole="http://www.xbrl.org/2003/arcrole/concept-reference" xlink:from="loc_24" xlink:to="res_24"/>
    <link:loc xlink:type="locator" xlink:href="../../ifrs-cor_2011-03-25.xsd#ifrs_DescriptionOfCashgeneratingUnit" xlink:label="loc_25"/>
    <link:reference xlink:type="resource" xlink:label="res_25" xlink:role="http://www.xbrl.org/2003/role/disclosureRef">
      <ref:Name>IAS</ref:Name>
      <ref:Number>36</ref:Number>
      <ref:IssueDate>2011-01-01</ref:IssueDate>
      <ref:Paragraph>130</ref:Paragraph>
      <ref:Subparagraph>d</ref:Subparagraph>
      <ref:Clause>i</ref:Clause>
      <ref:URI>http://eifrs.ifrs.org/eifrs/XBRL?type=IAS&amp;num=36&amp;date=2011-03-25&amp;anchor=para_130_d_i&amp;doctype=Standard</ref:URI>
      <ref:URIDate>2011-03-25</ref:URIDate>
    </link:reference>
    <link:referenceArc xlink:type="arc" xlink:arcrole="http://www.xbrl.org/2003/arcrole/concept-reference" xlink:from="loc_25" xlink:to="res_25"/>
    <link:loc xlink:type="locator" xlink:href="../../ifrs-cor_2011-03-25.xsd#ifrs_DescriptionOfCurrentAndFormerWayOfAggregatingAssets" xlink:label="loc_31"/>
    <link:reference xlink:type="resource" xlink:label="res_26" xlink:role="http://www.xbrl.org/2003/role/disclosureRef">
      <ref:Name>IAS</ref:Name>
      <ref:Number>36</ref:Number>
      <ref:IssueDate>2011-01-01</ref:IssueDate>
      <ref:Paragraph>130</ref:Paragraph>
      <ref:Subparagraph>d</ref:Subparagraph>
      <ref:Clause>iii</ref:Clause>
      <ref:URI>http://eifrs.ifrs.org/eifrs/XBRL?type=IAS&amp;num=36&amp;date=2011-03-25&amp;anchor=para_130_d_iii&amp;doctype=Standard</ref:URI>
      <ref:URIDate>2011-03-25</ref:URIDate>
    </link:reference>
    <link:referenceArc xlink:type="arc" xlink:arcrole="http://www.xbrl.org/2003/arcrole/concept-reference" xlink:from="loc_31" xlink:to="res_26"/>
    <link:loc xlink:type="locator" xlink:href="../../ifrs-cor_2011-03-25.xsd#ifrs_InformationWhetherRecoverableAmountOfAssetIsFairValueLessCostsToSellOrValueInUse" xlink:label="loc_33"/>
    <link:reference xlink:type="resource" xlink:label="res_27" xlink:role="http://www.xbrl.org/2003/role/disclosureRef">
      <ref:Name>IAS</ref:Name>
      <ref:Number>36</ref:Number>
      <ref:IssueDate>2011-01-01</ref:IssueDate>
      <ref:Paragraph>130</ref:Paragraph>
      <ref:Subparagraph>e</ref:Subparagraph>
      <ref:URI>http://eifrs.ifrs.org/eifrs/XBRL?type=IAS&amp;num=36&amp;date=2011-03-25&amp;anchor=para_130_e&amp;doctype=Standard</ref:URI>
      <ref:URIDate>2011-03-25</ref:URIDate>
    </link:reference>
    <link:referenceArc xlink:type="arc" xlink:arcrole="http://www.xbrl.org/2003/arcrole/concept-reference" xlink:from="loc_33" xlink:to="res_27"/>
    <link:loc xlink:type="locator" xlink:href="../../ifrs-cor_2011-03-25.xsd#ifrs_DescriptionOfBasisUsedToDetermineFairValueLessCostsToSell" xlink:label="loc_34"/>
    <link:reference xlink:type="resource" xlink:label="res_28" xlink:role="http://www.xbrl.org/2003/role/disclosureRef">
      <ref:Name>IAS</ref:Name>
      <ref:Number>36</ref:Number>
      <ref:IssueDate>2011-01-01</ref:IssueDate>
      <ref:Paragraph>130</ref:Paragraph>
      <ref:Subparagraph>f</ref:Subparagraph>
      <ref:URI>http://eifrs.ifrs.org/eifrs/XBRL?type=IAS&amp;num=36&amp;date=2011-03-25&amp;anchor=para_130_f&amp;doctype=Standard</ref:URI>
      <ref:URIDate>2011-03-25</ref:URIDate>
    </link:reference>
    <link:referenceArc xlink:type="arc" xlink:arcrole="http://www.xbrl.org/2003/arcrole/concept-reference" xlink:from="loc_34" xlink:to="res_28"/>
    <link:loc xlink:type="locator" xlink:href="../../ifrs-cor_2011-03-25.xsd#ifrs_DescriptionOfDiscountRatesUsedInCurrentEstimateOfValueInUse" xlink:label="loc_35"/>
    <link:reference xlink:type="resource" xlink:label="res_29" xlink:role="http://www.xbrl.org/2003/role/disclosureRef">
      <ref:Name>IAS</ref:Name>
      <ref:Number>36</ref:Number>
      <ref:IssueDate>2011-01-01</ref:IssueDate>
      <ref:Paragraph>130</ref:Paragraph>
      <ref:Subparagraph>g</ref:Subparagraph>
      <ref:URI>http://eifrs.ifrs.org/eifrs/XBRL?type=IAS&amp;num=36&amp;date=2011-03-25&amp;anchor=para_130_g&amp;doctype=Standard</ref:URI>
      <ref:URIDate>2011-03-25</ref:URIDate>
    </link:reference>
    <link:referenceArc xlink:type="arc" xlink:arcrole="http://www.xbrl.org/2003/arcrole/concept-reference" xlink:from="loc_35" xlink:to="res_29"/>
    <link:loc xlink:type="locator" xlink:href="../../ifrs-cor_2011-03-25.xsd#ifrs_DescriptionOfBasisOnWhichUnitsRecoverableAmountHasBeenDetermined" xlink:label="loc_36"/>
    <link:reference xlink:type="resource" xlink:label="res_30" xlink:role="http://www.xbrl.org/2003/role/disclosureRef">
      <ref:Name>IAS</ref:Name>
      <ref:Number>36</ref:Number>
      <ref:IssueDate>2011-01-01</ref:IssueDate>
      <ref:Paragraph>134</ref:Paragraph>
      <ref:Subparagraph>c</ref:Subparagraph>
      <ref:URI>http://eifrs.ifrs.org/eifrs/XBRL?type=IAS&amp;num=36&amp;date=2011-03-25&amp;anchor=para_134_c&amp;doctype=Standard</ref:URI>
      <ref:URIDate>2011-03-25</ref:URIDate>
    </link:reference>
    <link:referenceArc xlink:type="arc" xlink:arcrole="http://www.xbrl.org/2003/arcrole/concept-reference" xlink:from="loc_36" xlink:to="res_30"/>
    <link:loc xlink:type="locator" xlink:href="../../ifrs-cor_2011-03-25.xsd#ifrs_DescriptionOfKeyAssumptionsOnWhichManagementHasBasedCashFlowProjections" xlink:label="loc_37"/>
    <link:reference xlink:type="resource" xlink:label="res_32" xlink:role="http://www.xbrl.org/2003/role/disclosureRef">
      <ref:Name>IAS</ref:Name>
      <ref:Number>36</ref:Number>
      <ref:IssueDate>2011-01-01</ref:IssueDate>
      <ref:Paragraph>134</ref:Paragraph>
      <ref:Subparagraph>d</ref:Subparagraph>
      <ref:Clause>i</ref:Clause>
      <ref:URI>http://eifrs.ifrs.org/eifrs/XBRL?type=IAS&amp;num=36&amp;date=2011-03-25&amp;anchor=para_134_d_i&amp;doctype=Standard</ref:URI>
      <ref:URIDate>2011-03-25</ref:URIDate>
    </link:reference>
    <link:referenceArc xlink:type="arc" xlink:arcrole="http://www.xbrl.org/2003/arcrole/concept-reference" xlink:from="loc_37" xlink:to="res_32"/>
    <link:reference xlink:type="resource" xlink:label="res_33" xlink:role="http://www.xbrl.org/2003/role/disclosureRef">
      <ref:Name>IAS</ref:Name>
      <ref:Number>36</ref:Number>
      <ref:IssueDate>2011-01-01</ref:IssueDate>
      <ref:Paragraph>135</ref:Paragraph>
      <ref:Subparagraph>c</ref:Subparagraph>
      <ref:URI>http://eifrs.ifrs.org/eifrs/XBRL?type=IAS&amp;num=36&amp;date=2011-03-25&amp;anchor=para_135_c&amp;doctype=Standard</ref:URI>
      <ref:URIDate>2011-03-25</ref:URIDate>
    </link:reference>
    <link:referenceArc xlink:type="arc" xlink:arcrole="http://www.xbrl.org/2003/arcrole/concept-reference" xlink:from="loc_37" xlink:to="res_33"/>
    <link:reference xlink:type="resource" xlink:label="res_34" xlink:role="http://www.xbrl.org/2003/role/disclosureRef">
      <ref:Name>IAS</ref:Name>
      <ref:Number>36</ref:Number>
      <ref:IssueDate>2011-01-01</ref:IssueDate>
      <ref:Paragraph>134</ref:Paragraph>
      <ref:Subparagraph>e</ref:Subparagraph>
      <ref:Clause>i</ref:Clause>
      <ref:URI>http://eifrs.ifrs.org/eifrs/XBRL?type=IAS&amp;num=36&amp;date=2011-03-25&amp;anchor=para_134_e_i&amp;doctype=Standard</ref:URI>
      <ref:URIDate>2011-03-25</ref:URIDate>
    </link:reference>
    <link:referenceArc xlink:type="arc" xlink:arcrole="http://www.xbrl.org/2003/arcrole/concept-reference" xlink:from="loc_37" xlink:to="res_34"/>
    <link:loc xlink:type="locator" xlink:href="../../ifrs-cor_2011-03-25.xsd#ifrs_DescriptionOfManagementsApproachToDeterminingValuesAssignedToKeyAssumptions" xlink:label="loc_40"/>
    <link:reference xlink:type="resource" xlink:label="res_35" xlink:role="http://www.xbrl.org/2003/role/disclosureRef">
      <ref:Name>IAS</ref:Name>
      <ref:Number>36</ref:Number>
      <ref:IssueDate>2011-01-01</ref:IssueDate>
      <ref:Paragraph>134</ref:Paragraph>
      <ref:Subparagraph>d</ref:Subparagraph>
      <ref:Clause>ii</ref:Clause>
      <ref:URI>http://eifrs.ifrs.org/eifrs/XBRL?type=IAS&amp;num=36&amp;date=2011-03-25&amp;anchor=para_134_d_ii&amp;doctype=Standard</ref:URI>
      <ref:URIDate>2011-03-25</ref:URIDate>
    </link:reference>
    <link:referenceArc xlink:type="arc" xlink:arcrole="http://www.xbrl.org/2003/arcrole/concept-reference" xlink:from="loc_40" xlink:to="res_35"/>
    <link:reference xlink:type="resource" xlink:label="res_36" xlink:role="http://www.xbrl.org/2003/role/disclosureRef">
      <ref:Name>IAS</ref:Name>
      <ref:Number>36</ref:Number>
      <ref:IssueDate>2011-01-01</ref:IssueDate>
      <ref:Paragraph>135</ref:Paragraph>
      <ref:Subparagraph>d</ref:Subparagraph>
      <ref:URI>http://eifrs.ifrs.org/eifrs/XBRL?type=IAS&amp;num=36&amp;date=2011-03-25&amp;anchor=para_135_d&amp;doctype=Standard</ref:URI>
      <ref:URIDate>2011-03-25</ref:URIDate>
    </link:reference>
    <link:referenceArc xlink:type="arc" xlink:arcrole="http://www.xbrl.org/2003/arcrole/concept-reference" xlink:from="loc_40" xlink:to="res_36"/>
    <link:reference xlink:type="resource" xlink:label="res_37" xlink:role="http://www.xbrl.org/2003/role/disclosureRef">
      <ref:Name>IAS</ref:Name>
      <ref:Number>36</ref:Number>
      <ref:IssueDate>2011-01-01</ref:IssueDate>
      <ref:Paragraph>134</ref:Paragraph>
      <ref:Subparagraph>e</ref:Subparagraph>
      <ref:Clause>ii</ref:Clause>
      <ref:URI>http://eifrs.ifrs.org/eifrs/XBRL?type=IAS&amp;num=36&amp;date=2011-03-25&amp;anchor=para_134_e_ii&amp;doctype=Standard</ref:URI>
      <ref:URIDate>2011-03-25</ref:URIDate>
    </link:reference>
    <link:referenceArc xlink:type="arc" xlink:arcrole="http://www.xbrl.org/2003/arcrole/concept-reference" xlink:from="loc_40" xlink:to="res_37"/>
    <link:loc xlink:type="locator" xlink:href="../../ifrs-cor_2011-03-25.xsd#ifrs_ExplanationOfPeriodOverWhichManagementHasProjectedCashFlows" xlink:label="loc_41"/>
    <link:reference xlink:type="resource" xlink:label="res_39" xlink:role="http://www.xbrl.org/2003/role/disclosureRef">
      <ref:Name>IAS</ref:Name>
      <ref:Number>36</ref:Number>
      <ref:IssueDate>2011-01-01</ref:IssueDate>
      <ref:Paragraph>134</ref:Paragraph>
      <ref:Subparagraph>d</ref:Subparagraph>
      <ref:Clause>iii</ref:Clause>
      <ref:URI>http://eifrs.ifrs.org/eifrs/XBRL?type=IAS&amp;num=36&amp;date=2011-03-25&amp;anchor=para_134_d_iii&amp;doctype=Standard</ref:URI>
      <ref:URIDate>2011-03-25</ref:URIDate>
    </link:reference>
    <link:referenceArc xlink:type="arc" xlink:arcrole="http://www.xbrl.org/2003/arcrole/concept-reference" xlink:from="loc_41" xlink:to="res_39"/>
    <link:reference xlink:type="resource" xlink:label="res_40" xlink:role="http://www.xbrl.org/2003/role/disclosureRef">
      <ref:Name>IAS</ref:Name>
      <ref:Number>36</ref:Number>
      <ref:IssueDate>2011-01-01</ref:IssueDate>
      <ref:Paragraph>134</ref:Paragraph>
      <ref:Subparagraph>e</ref:Subparagraph>
      <ref:Clause>iii</ref:Clause>
      <ref:URI>http://eifrs.ifrs.org/eifrs/XBRL?type=IAS&amp;num=36&amp;date=2011-03-25&amp;anchor=para_134_e_iii&amp;doctype=Standard</ref:URI>
      <ref:URIDate>2011-03-25</ref:URIDate>
    </link:reference>
    <link:referenceArc xlink:type="arc" xlink:arcrole="http://www.xbrl.org/2003/arcrole/concept-reference" xlink:from="loc_41" xlink:to="res_40"/>
    <link:loc xlink:type="locator" xlink:href="../../ifrs-cor_2011-03-25.xsd#ifrs_DescriptionOfGrowthRateUsedToExtrapolateCashFlowProjections" xlink:label="loc_43"/>
    <link:reference xlink:type="resource" xlink:label="res_41" xlink:role="http://www.xbrl.org/2003/role/disclosureRef">
      <ref:Name>IAS</ref:Name>
      <ref:Number>36</ref:Number>
      <ref:IssueDate>2011-01-01</ref:IssueDate>
      <ref:Paragraph>134</ref:Paragraph>
      <ref:Subparagraph>d</ref:Subparagraph>
      <ref:Clause>iv</ref:Clause>
      <ref:URI>http://eifrs.ifrs.org/eifrs/XBRL?type=IAS&amp;num=36&amp;date=2011-03-25&amp;anchor=para_134_d_iv&amp;doctype=Standard</ref:URI>
      <ref:URIDate>2011-03-25</ref:URIDate>
    </link:reference>
    <link:referenceArc xlink:type="arc" xlink:arcrole="http://www.xbrl.org/2003/arcrole/concept-reference" xlink:from="loc_43" xlink:to="res_41"/>
    <link:reference xlink:type="resource" xlink:label="res_44" xlink:role="http://www.xbrl.org/2003/role/disclosureRef">
      <ref:Name>IAS</ref:Name>
      <ref:Number>36</ref:Number>
      <ref:IssueDate>2011-01-01</ref:IssueDate>
      <ref:Paragraph>134</ref:Paragraph>
      <ref:Subparagraph>e</ref:Subparagraph>
      <ref:Clause>iv</ref:Clause>
      <ref:URI>http://eifrs.ifrs.org/eifrs/XBRL?type=IAS&amp;num=36&amp;date=2011-03-25&amp;anchor=para_134_e_iv&amp;doctype=Standard</ref:URI>
      <ref:URIDate>2011-03-25</ref:URIDate>
    </link:reference>
    <link:referenceArc xlink:type="arc" xlink:arcrole="http://www.xbrl.org/2003/arcrole/concept-reference" xlink:from="loc_43" xlink:to="res_44"/>
    <link:loc xlink:type="locator" xlink:href="../../ifrs-cor_2011-03-25.xsd#ifrs_DescriptionOfDiscountRatesAppliedToCashFlowProjections" xlink:label="loc_44"/>
    <link:reference xlink:type="resource" xlink:label="res_45" xlink:role="http://www.xbrl.org/2003/role/disclosureRef">
      <ref:Name>IAS</ref:Name>
      <ref:Number>36</ref:Number>
      <ref:IssueDate>2011-01-01</ref:IssueDate>
      <ref:Paragraph>134</ref:Paragraph>
      <ref:Subparagraph>d</ref:Subparagraph>
      <ref:Clause>v</ref:Clause>
      <ref:URI>http://eifrs.ifrs.org/eifrs/XBRL?type=IAS&amp;num=36&amp;date=2011-03-25&amp;anchor=para_134_d_v&amp;doctype=Standard</ref:URI>
      <ref:URIDate>2011-03-25</ref:URIDate>
    </link:reference>
    <link:referenceArc xlink:type="arc" xlink:arcrole="http://www.xbrl.org/2003/arcrole/concept-reference" xlink:from="loc_44" xlink:to="res_45"/>
    <link:reference xlink:type="resource" xlink:label="res_46" xlink:role="http://www.xbrl.org/2003/role/disclosureRef">
      <ref:Name>IAS</ref:Name>
      <ref:Number>36</ref:Number>
      <ref:IssueDate>2011-01-01</ref:IssueDate>
      <ref:Paragraph>134</ref:Paragraph>
      <ref:Subparagraph>e</ref:Subparagraph>
      <ref:Clause>v</ref:Clause>
      <ref:URI>http://eifrs.ifrs.org/eifrs/XBRL?type=IAS&amp;num=36&amp;date=2011-03-25&amp;anchor=para_134_e_v&amp;doctype=Standard</ref:URI>
      <ref:URIDate>2011-03-25</ref:URIDate>
    </link:reference>
    <link:referenceArc xlink:type="arc" xlink:arcrole="http://www.xbrl.org/2003/arcrole/concept-reference" xlink:from="loc_44" xlink:to="res_46"/>
    <link:loc xlink:type="locator" xlink:href="../../ifrs-cor_2011-03-25.xsd#ifrs_AmountByWhichUnitsRecoverableAmountExceedsItsCarryingAmount" xlink:label="loc_45"/>
    <link:reference xlink:type="resource" xlink:label="res_47" xlink:role="http://www.xbrl.org/2003/role/disclosureRef">
      <ref:Name>IAS</ref:Name>
      <ref:Number>36</ref:Number>
      <ref:IssueDate>2011-01-01</ref:IssueDate>
      <ref:Paragraph>134</ref:Paragraph>
      <ref:Subparagraph>f</ref:Subparagraph>
      <ref:Clause>i</ref:Clause>
      <ref:URI>http://eifrs.ifrs.org/eifrs/XBRL?type=IAS&amp;num=36&amp;date=2011-03-25&amp;anchor=para_134_f_i&amp;doctype=Standard</ref:URI>
      <ref:URIDate>2011-03-25</ref:URIDate>
    </link:reference>
    <link:referenceArc xlink:type="arc" xlink:arcrole="http://www.xbrl.org/2003/arcrole/concept-reference" xlink:from="loc_45" xlink:to="res_47"/>
    <link:reference xlink:type="resource" xlink:label="res_48" xlink:role="http://www.xbrl.org/2003/role/disclosureRef">
      <ref:Name>IAS</ref:Name>
      <ref:Number>36</ref:Number>
      <ref:IssueDate>2011-01-01</ref:IssueDate>
      <ref:Paragraph>135</ref:Paragraph>
      <ref:Subparagraph>e</ref:Subparagraph>
      <ref:Clause>i</ref:Clause>
      <ref:URI>http://eifrs.ifrs.org/eifrs/XBRL?type=IAS&amp;num=36&amp;date=2011-03-25&amp;anchor=para_135_e_i&amp;doctype=Standard</ref:URI>
      <ref:URIDate>2011-03-25</ref:URIDate>
    </link:reference>
    <link:referenceArc xlink:type="arc" xlink:arcrole="http://www.xbrl.org/2003/arcrole/concept-reference" xlink:from="loc_45" xlink:to="res_48"/>
    <link:loc xlink:type="locator" xlink:href="../../ifrs-cor_2011-03-25.xsd#ifrs_ExplanationOfValueAssignedToKeyAssumption" xlink:label="loc_46"/>
    <link:reference xlink:type="resource" xlink:label="res_49" xlink:role="http://www.xbrl.org/2003/role/disclosureRef">
      <ref:Name>IAS</ref:Name>
      <ref:Number>36</ref:Number>
      <ref:IssueDate>2011-01-01</ref:IssueDate>
      <ref:Paragraph>134</ref:Paragraph>
      <ref:Subparagraph>f</ref:Subparagraph>
      <ref:Clause>ii</ref:Clause>
      <ref:URI>http://eifrs.ifrs.org/eifrs/XBRL?type=IAS&amp;num=36&amp;date=2011-03-25&amp;anchor=para_134_f_ii&amp;doctype=Standard</ref:URI>
      <ref:URIDate>2011-03-25</ref:URIDate>
    </link:reference>
    <link:referenceArc xlink:type="arc" xlink:arcrole="http://www.xbrl.org/2003/arcrole/concept-reference" xlink:from="loc_46" xlink:to="res_49"/>
    <link:reference xlink:type="resource" xlink:label="res_50" xlink:role="http://www.xbrl.org/2003/role/disclosureRef">
      <ref:Name>IAS</ref:Name>
      <ref:Number>36</ref:Number>
      <ref:IssueDate>2011-01-01</ref:IssueDate>
      <ref:Paragraph>135</ref:Paragraph>
      <ref:Subparagraph>e</ref:Subparagraph>
      <ref:Clause>ii</ref:Clause>
      <ref:URI>http://eifrs.ifrs.org/eifrs/XBRL?type=IAS&amp;num=36&amp;date=2011-03-25&amp;anchor=para_135_e_ii&amp;doctype=Standard</ref:URI>
      <ref:URIDate>2011-03-25</ref:URIDate>
    </link:reference>
    <link:referenceArc xlink:type="arc" xlink:arcrole="http://www.xbrl.org/2003/arcrole/concept-reference" xlink:from="loc_46" xlink:to="res_50"/>
    <link:loc xlink:type="locator" xlink:href="../../ifrs-cor_2011-03-25.xsd#ifrs_AmountByWhichValueAssignedToKeyAssumptionMustChangeInOrderForUnitsRecoverableAmountToBeEqualToCarryingAmount" xlink:label="loc_47"/>
    <link:reference xlink:type="resource" xlink:label="res_51" xlink:role="http://www.xbrl.org/2003/role/disclosureRef">
      <ref:Name>IAS</ref:Name>
      <ref:Number>36</ref:Number>
      <ref:IssueDate>2011-01-01</ref:IssueDate>
      <ref:Paragraph>134</ref:Paragraph>
      <ref:Subparagraph>f</ref:Subparagraph>
      <ref:Clause>iii</ref:Clause>
      <ref:URI>http://eifrs.ifrs.org/eifrs/XBRL?type=IAS&amp;num=36&amp;date=2011-03-25&amp;anchor=para_134_f_iii&amp;doctype=Standard</ref:URI>
      <ref:URIDate>2011-03-25</ref:URIDate>
    </link:reference>
    <link:referenceArc xlink:type="arc" xlink:arcrole="http://www.xbrl.org/2003/arcrole/concept-reference" xlink:from="loc_47" xlink:to="res_51"/>
    <link:reference xlink:type="resource" xlink:label="res_52" xlink:role="http://www.xbrl.org/2003/role/disclosureRef">
      <ref:Name>IAS</ref:Name>
      <ref:Number>36</ref:Number>
      <ref:IssueDate>2011-01-01</ref:IssueDate>
      <ref:Paragraph>135</ref:Paragraph>
      <ref:Subparagraph>e</ref:Subparagraph>
      <ref:Clause>iii</ref:Clause>
      <ref:URI>http://eifrs.ifrs.org/eifrs/XBRL?type=IAS&amp;num=36&amp;date=2011-03-25&amp;anchor=para_135_e_iii&amp;doctype=Standard</ref:URI>
      <ref:URIDate>2011-03-25</ref:URIDate>
    </link:reference>
    <link:referenceArc xlink:type="arc" xlink:arcrole="http://www.xbrl.org/2003/arcrole/concept-reference" xlink:from="loc_47" xlink:to="res_52"/>
    <link:loc xlink:type="locator" xlink:href="../../ifrs-cor_2011-03-25.xsd#ifrs_IndividualAssetsOrCashgeneratingUnitsWithSignificantAmountOfGoodwillOrIntangibleAssetsWithIndefiniteUsefulLivesAxis" xlink:label="loc_48"/>
    <link:reference xlink:type="resource" xlink:label="res_54" xlink:role="http://www.xbrl.org/2003/role/disclosureRef">
      <ref:Name>IAS</ref:Name>
      <ref:Number>36</ref:Number>
      <ref:IssueDate>2011-01-01</ref:IssueDate>
      <ref:Paragraph>134</ref:Paragraph>
      <ref:URI>http://eifrs.ifrs.org/eifrs/XBRL?type=IAS&amp;num=36&amp;date=2011-03-25&amp;anchor=para_134&amp;doctype=Standard</ref:URI>
      <ref:URIDate>2011-03-25</ref:URIDate>
    </link:reference>
    <link:referenceArc xlink:type="arc" xlink:arcrole="http://www.xbrl.org/2003/arcrole/concept-reference" xlink:from="loc_48" xlink:to="res_54"/>
    <link:loc xlink:type="locator" xlink:href="../../ifrs-cor_2011-03-25.xsd#ifrs_ReversalOfImpairmentLoss" xlink:label="loc_32"/>
    <link:referenceArc xlink:type="arc" xlink:arcrole="http://www.xbrl.org/2003/arcrole/concept-reference" xlink:from="loc_32" xlink:to="res_21"/>
    <link:referenceArc xlink:type="arc" xlink:arcrole="http://www.xbrl.org/2003/arcrole/concept-reference" xlink:from="loc_32" xlink:to="res_3"/>
    <link:loc xlink:type="locator" xlink:href="../../ifrs-cor_2011-03-25.xsd#ifrs_EntitysTotalForCashgeneratingUnitsMember" xlink:label="loc_55"/>
    <link:referenceArc xlink:type="arc" xlink:arcrole="http://www.xbrl.org/2003/arcrole/concept-reference" xlink:from="loc_55" xlink:to="res_54"/>
    <link:referenceArc xlink:type="arc" xlink:arcrole="http://www.xbrl.org/2003/arcrole/concept-reference" xlink:from="loc_55" xlink:to="res_14"/>
    <link:loc xlink:type="locator" xlink:href="../../ifrs-cor_2011-03-25.xsd#ifrs_OtherImpairedAssetsMember" xlink:label="loc_27"/>
    <link:referenceArc xlink:type="arc" xlink:arcrole="http://www.xbrl.org/2003/arcrole/concept-reference" xlink:from="loc_27" xlink:to="res_2"/>
    <link:loc xlink:type="locator" xlink:href="../../ifrs-cor_2011-03-25.xsd#ifrs_ExplanationOfImpairmentLossRecognisedOrReversedByClassOfAssetsAndByReportableSegment" xlink:label="loc_26"/>
    <link:referenceArc xlink:type="arc" xlink:arcrole="http://www.xbrl.org/2003/arcrole/concept-reference" xlink:from="loc_26" xlink:to="res_3"/>
    <link:loc xlink:type="locator" xlink:href="../../ifrs-cor_2011-03-25.xsd#ifrs_DisclosureOfImpairmentLossRecognisedOrReversedTable" xlink:label="loc_54"/>
    <link:referenceArc xlink:type="arc" xlink:arcrole="http://www.xbrl.org/2003/arcrole/concept-reference" xlink:from="loc_54" xlink:to="res_3"/>
    <link:loc xlink:type="locator" xlink:href="../../ifrs-cor_2011-03-25.xsd#ifrs_UnallocatedGoodwill" xlink:label="loc_3"/>
    <link:referenceArc xlink:type="arc" xlink:arcrole="http://www.xbrl.org/2003/arcrole/concept-reference" xlink:from="loc_3" xlink:to="res_19"/>
    <link:loc xlink:type="locator" xlink:href="../../ifrs-cor_2011-03-25.xsd#ifrs_AggregateNotSignificantIndividualAssetsOrCashgeneratingUnitsMember" xlink:label="loc_49"/>
    <link:referenceArc xlink:type="arc" xlink:arcrole="http://www.xbrl.org/2003/arcrole/concept-reference" xlink:from="loc_49" xlink:to="res_14"/>
    <link:loc xlink:type="locator" xlink:href="../../ifrs-cor_2011-03-25.xsd#ifrs_ExplanationOfFactThatAggregateCarryingAmountOfGoodwillOrIntangibleAssetsWithIndefiniteUsefulLivesAllocatedToRecoverableAmountsIsSignificant" xlink:label="loc_50"/>
    <link:referenceArc xlink:type="arc" xlink:arcrole="http://www.xbrl.org/2003/arcrole/concept-reference" xlink:from="loc_50" xlink:to="res_14"/>
    <link:loc xlink:type="locator" xlink:href="../../ifrs-cor_2011-03-25.xsd#ifrs_DisclosureOfInformationForEachMaterialImpairmentLossRecognisedOrReversedForIndividualAssetOrCashgeneratingUnitTable" xlink:label="loc_28"/>
    <link:referenceArc xlink:type="arc" xlink:arcrole="http://www.xbrl.org/2003/arcrole/concept-reference" xlink:from="loc_28" xlink:to="res_16"/>
    <link:loc xlink:type="locator" xlink:href="../../ifrs-cor_2011-03-25.xsd#ifrs_IndividualAssetsOrCashgeneratingUnitsAxis" xlink:label="loc_29"/>
    <link:referenceArc xlink:type="arc" xlink:arcrole="http://www.xbrl.org/2003/arcrole/concept-reference" xlink:from="loc_29" xlink:to="res_16"/>
    <link:loc xlink:type="locator" xlink:href="../../ifrs-cor_2011-03-25.xsd#ifrs_IndividualAssetsOrCashgeneratingUnitsMember" xlink:label="loc_30"/>
    <link:referenceArc xlink:type="arc" xlink:arcrole="http://www.xbrl.org/2003/arcrole/concept-reference" xlink:from="loc_30" xlink:to="res_16"/>
    <link:loc xlink:type="locator" xlink:href="../../ifrs-cor_2011-03-25.xsd#ifrs_EntitysTotalForIndividualAssetsOrCashgeneratingUnitsMember" xlink:label="loc_56"/>
    <link:referenceArc xlink:type="arc" xlink:arcrole="http://www.xbrl.org/2003/arcrole/concept-reference" xlink:from="loc_56" xlink:to="res_16"/>
    <link:loc xlink:type="locator" xlink:href="../../ifrs-cor_2011-03-25.xsd#ifrs_DescriptionOfReasonsForChangingWayCashgeneratingUnitIsIdentified" xlink:label="loc_38"/>
    <link:referenceArc xlink:type="arc" xlink:arcrole="http://www.xbrl.org/2003/arcrole/concept-reference" xlink:from="loc_38" xlink:to="res_26"/>
    <link:loc xlink:type="locator" xlink:href="../../ifrs-cor_2011-03-25.xsd#ifrs_DescriptionOfDiscountRatesUsedInPreviousEstimateOfValueInUse" xlink:label="loc_42"/>
    <link:referenceArc xlink:type="arc" xlink:arcrole="http://www.xbrl.org/2003/arcrole/concept-reference" xlink:from="loc_42" xlink:to="res_29"/>
    <link:loc xlink:type="locator" xlink:href="../../ifrs-cor_2011-03-25.xsd#ifrs_DisclosureOfInformationForIndividualAssetOrCashgeneratingUnitWithSignificantAmountOfGoodwillOrIntangibleAssetsWithIndefiniteUsefulLivesExplanatory" xlink:label="loc_51"/>
    <link:referenceArc xlink:type="arc" xlink:arcrole="http://www.xbrl.org/2003/arcrole/concept-reference" xlink:from="loc_51" xlink:to="res_54"/>
    <link:loc xlink:type="locator" xlink:href="../../ifrs-cor_2011-03-25.xsd#ifrs_DisclosureOfInformationForIndividualAssetOrCashgeneratingUnitWithSignificantAmountOfGoodwillOrIntangibleAssetsWithIndefiniteUsefulLivesTable" xlink:label="loc_52"/>
    <link:referenceArc xlink:type="arc" xlink:arcrole="http://www.xbrl.org/2003/arcrole/concept-reference" xlink:from="loc_52" xlink:to="res_54"/>
    <link:loc xlink:type="locator" xlink:href="../../ifrs-cor_2011-03-25.xsd#ifrs_IndividualAssetsOrCashgeneratingUnitsWithSignificantAmountOfGoodwillOrIntangibleAssetsWithIndefiniteUsefulLivesMember" xlink:label="loc_14"/>
    <link:referenceArc xlink:type="arc" xlink:arcrole="http://www.xbrl.org/2003/arcrole/concept-reference" xlink:from="loc_14" xlink:to="res_54"/>
  </link:referenceLink>
</link:linkbase>
