<?xml version="1.0" encoding="UTF-8"?>
<!-- Generated by Fujitsu Interstage XWand B0209 -->
<?officialURI http://archprod.service.eogs.dk/taxonomy/20140701/eogs/1100eogs_pre.xml?>

<?taxonomy-version 1.5.0?>

<link:linkbase xmlns:xsi="http://www.w3.org/2001/XMLSchema-instance" xsi:schemaLocation="http://www.xbrl.org/2003/linkbase http://www.xbrl.org/2003/xbrl-linkbase-2003-12-31.xsd" xmlns:link="http://www.xbrl.org/2003/linkbase" xmlns:tch="http://xbrl.dcca.dk/tch" xmlns:xbrldt="http://xbrl.org/2005/xbrldt" xmlns:xbrli="http://www.xbrl.org/2003/instance" xmlns:xlink="http://www.w3.org/1999/xlink">
  <link:roleRef roleURI="http://xbrl.dcca.dk/role/1100.00/StatementOnRevenueLimitSpecifiedInActOnRetailSalesFromStoresEtc" xlink:type="simple" xlink:href="eogs.xsd#eogs_RoleStatementOnRevenueLimitSpecifiedInActOnRetailSalesFromStoresEtc"/>
  <link:roleRef roleURI="http://xbrl.dcca.dk/role/1100.00/StatementOnRevenueLimitSpecifiedInActOnRetailSalesFromStoresEtc/Details" xlink:type="simple" xlink:href="eogs.xsd#eogs_RoleStatementOnRevenueLimitSpecifiedInActOnRetailSalesFromStoresEtcDetails"/>
  <link:roleRef roleURI="http://xbrl.dcca.dk/role/1100.01/Hypercube/StatementOnRevenueLimitSpecifiedInActOnRetailSalesFromStoresEtc/DetailsOnSignatureOfAuditorsAppointedToFileStatement" xlink:type="simple" xlink:href="eogs.xsd#eogs_RoleStatementOnRevenueLimitSpecifiedInActOnRetailSalesFromStoresEtcDetailsOnSignatureOfAuditorsAppointedToFileStatement"/>
  <link:presentationLink xlink:type="extended" xlink:role="http://xbrl.dcca.dk/role/1100.00/StatementOnRevenueLimitSpecifiedInActOnRetailSalesFromStoresEtc">
    <link:loc xlink:type="locator" xlink:href="../cmn.xsd#cmn_CommonHypercube" xlink:label="CommonHypercube"/>
    <link:loc xlink:type="locator" xlink:href="../cmn.xsd#cmn_ConsolidatedSoloDimension" xlink:label="ConsolidatedSoloDimension"/>
    <link:presentationArc xlink:type="arc" xlink:arcrole="http://www.xbrl.org/2003/arcrole/parent-child" xlink:from="CommonHypercube" xlink:to="ConsolidatedSoloDimension" use="optional" priority="0" order="10.0"/>
    <link:loc xlink:type="locator" xlink:href="../gsd/gsd.xsd#gsd_InformationOnReportingEntityAbstract" xlink:label="InformationOnReportingEntityAbstract"/>
    <link:loc xlink:type="locator" xlink:href="../gsd/gsd.xsd#gsd_IdentificationNumberCvrOfReportingEntity" xlink:label="IdentificationNumberCvrOfReportingEntity"/>
    <link:presentationArc xlink:type="arc" xlink:arcrole="http://www.xbrl.org/2003/arcrole/parent-child" xlink:from="InformationOnReportingEntityAbstract" xlink:to="IdentificationNumberCvrOfReportingEntity" order="20.0"/>
    <link:loc xlink:type="locator" xlink:href="../gsd/gsd.xsd#gsd_NameOfReportingEntity" xlink:label="NameOfReportingEntity"/>
    <link:presentationArc xlink:type="arc" xlink:arcrole="http://www.xbrl.org/2003/arcrole/parent-child" xlink:from="InformationOnReportingEntityAbstract" xlink:to="NameOfReportingEntity" order="10.0"/>
    <link:loc xlink:type="locator" xlink:href="eogs.xsd#eogs_NameOfStore" xlink:label="NameOfStore"/>
    <link:presentationArc xlink:type="arc" xlink:arcrole="http://www.xbrl.org/2003/arcrole/parent-child" xlink:from="InformationOnReportingEntityAbstract" xlink:to="NameOfStore" order="30.0"/>
    <link:loc xlink:type="locator" xlink:href="eogs.xsd#eogs_AddressOfStoreStreetAndNumber" xlink:label="AddressOfStoreStreetAndNumber"/>
    <link:presentationArc xlink:type="arc" xlink:arcrole="http://www.xbrl.org/2003/arcrole/parent-child" xlink:from="InformationOnReportingEntityAbstract" xlink:to="AddressOfStoreStreetAndNumber" order="40.0"/>
    <link:loc xlink:type="locator" xlink:href="eogs.xsd#eogs_AddressOfStorePostcodeAndTown" xlink:label="AddressOfStorePostcodeAndTown"/>
    <link:presentationArc xlink:type="arc" xlink:arcrole="http://www.xbrl.org/2003/arcrole/parent-child" xlink:from="InformationOnReportingEntityAbstract" xlink:to="AddressOfStorePostcodeAndTown" order="50.0"/>
    <link:loc xlink:type="locator" xlink:href="eogs.xsd#eogs_IdentificationNumberPnrOfStore" xlink:label="IdentificationNumberPnrOfStore"/>
    <link:presentationArc xlink:type="arc" xlink:arcrole="http://www.xbrl.org/2003/arcrole/parent-child" xlink:from="InformationOnReportingEntityAbstract" xlink:to="IdentificationNumberPnrOfStore" order="60.0"/>
    <link:loc xlink:type="locator" xlink:href="eogs.xsd#eogs_StatementOnRevenueLimitSpecifiedInActOnRetailSalesFromStoresEtcAbstract" xlink:label="StatementOnRevenueLimitSpecifiedInActOnRetailSalesFromStoresEtcAbstract"/>
    <link:presentationArc xlink:type="arc" xlink:arcrole="http://www.xbrl.org/2003/arcrole/parent-child" xlink:from="StatementOnRevenueLimitSpecifiedInActOnRetailSalesFromStoresEtcAbstract" xlink:to="CommonHypercube" use="optional" priority="0" order="10.0"/>
    <link:presentationArc xlink:type="arc" xlink:arcrole="http://www.xbrl.org/2003/arcrole/parent-child" xlink:from="StatementOnRevenueLimitSpecifiedInActOnRetailSalesFromStoresEtcAbstract" xlink:to="InformationOnReportingEntityAbstract" order="20.0"/>
    <link:loc xlink:type="locator" xlink:href="../gsd/gsd.xsd#gsd_ReportingPeriodStartDate" xlink:label="ReportingPeriodStartDate"/>
    <link:presentationArc xlink:type="arc" xlink:arcrole="http://www.xbrl.org/2003/arcrole/parent-child" xlink:from="StatementOnRevenueLimitSpecifiedInActOnRetailSalesFromStoresEtcAbstract" xlink:to="ReportingPeriodStartDate" order="30.0"/>
    <link:loc xlink:type="locator" xlink:href="../gsd/gsd.xsd#gsd_ReportingPeriodEndDate" xlink:label="ReportingPeriodEndDate"/>
    <link:presentationArc xlink:type="arc" xlink:arcrole="http://www.xbrl.org/2003/arcrole/parent-child" xlink:from="StatementOnRevenueLimitSpecifiedInActOnRetailSalesFromStoresEtcAbstract" xlink:to="ReportingPeriodEndDate" order="40.0"/>
    <link:loc xlink:type="locator" xlink:href="eogs.xsd#eogs_NewStoreStatementOnRevenueLimitSpecifiedInActOnRetailSalesFromStoresEtc" xlink:label="NewStoreStatementOnRevenueLimitSpecifiedInActOnRetailSalesFromStoresEtc"/>
    <link:presentationArc xlink:type="arc" xlink:arcrole="http://www.xbrl.org/2003/arcrole/parent-child" xlink:from="StatementOnRevenueLimitSpecifiedInActOnRetailSalesFromStoresEtcAbstract" xlink:to="NewStoreStatementOnRevenueLimitSpecifiedInActOnRetailSalesFromStoresEtc" use="optional" order="50.0"/>
    <link:loc xlink:type="locator" xlink:href="eogs.xsd#eogs_AuditorsReportStatementOnRevenueLimitSpecifiedInActOnRetailSalesFromStoresEtc" xlink:label="AuditorsReportStatementOnRevenueLimitSpecifiedInActOnRetailSalesFromStoresEtc"/>
    <link:presentationArc xlink:type="arc" xlink:arcrole="http://www.xbrl.org/2003/arcrole/parent-child" xlink:from="StatementOnRevenueLimitSpecifiedInActOnRetailSalesFromStoresEtcAbstract" xlink:to="AuditorsReportStatementOnRevenueLimitSpecifiedInActOnRetailSalesFromStoresEtc" order="60.0"/>
    <link:loc xlink:type="locator" xlink:href="eogs.xsd#eogs_AuditPerformedStatementOnRevenueLimitSpecifiedInTheActOnRetailSalesFromStoresEtc" xlink:label="AuditPerformedStatementOnRevenueLimitSpecifiedInTheActOnRetailSalesFromStoresEtc"/>
    <link:presentationArc xlink:type="arc" xlink:arcrole="http://www.xbrl.org/2003/arcrole/parent-child" xlink:from="StatementOnRevenueLimitSpecifiedInActOnRetailSalesFromStoresEtcAbstract" xlink:to="AuditPerformedStatementOnRevenueLimitSpecifiedInTheActOnRetailSalesFromStoresEtc" order="70.0"/>
    <link:loc xlink:type="locator" xlink:href="eogs.xsd#eogs_OpinionStatementOnRevenueLimitSpecifiedInActOnRetailSalesFromStoresEtc" xlink:label="OpinionStatementOnRevenueLimitSpecifiedInActOnRetailSalesFromStoresEtc"/>
    <link:presentationArc xlink:type="arc" xlink:arcrole="http://www.xbrl.org/2003/arcrole/parent-child" xlink:from="StatementOnRevenueLimitSpecifiedInActOnRetailSalesFromStoresEtcAbstract" xlink:to="OpinionStatementOnRevenueLimitSpecifiedInActOnRetailSalesFromStoresEtc" order="80.0"/>
    <link:loc xlink:type="locator" xlink:href="eogs.xsd#eogs_RevenueLimitStatementOnRevenueLimitSpecifiedInTheActOnRetailSalesFromStoresEtc" xlink:label="RevenueLimitStatementOnRevenueLimitSpecifiedInTheActOnRetailSalesFromStoresEtc"/>
    <link:presentationArc xlink:type="arc" xlink:arcrole="http://www.xbrl.org/2003/arcrole/parent-child" xlink:from="OpinionStatementOnRevenueLimitSpecifiedInActOnRetailSalesFromStoresEtc" xlink:to="RevenueLimitStatementOnRevenueLimitSpecifiedInTheActOnRetailSalesFromStoresEtc" order="10.0"/>
    <link:loc xlink:type="locator" xlink:href="eogs.xsd#eogs_PlaceOfCompilationOfStatementOnRevenueLimitSpecifiedInTheActOnRetailSalesFromStoresEtc" xlink:label="PlaceOfCompilationOfStatementOnRevenueLimitSpecifiedInTheActOnRetailSalesFromStoresEtc"/>
    <link:presentationArc xlink:type="arc" xlink:arcrole="http://www.xbrl.org/2003/arcrole/parent-child" xlink:from="StatementOnRevenueLimitSpecifiedInActOnRetailSalesFromStoresEtcAbstract" xlink:to="PlaceOfCompilationOfStatementOnRevenueLimitSpecifiedInTheActOnRetailSalesFromStoresEtc" use="optional" order="90.0"/>
    <link:loc xlink:type="locator" xlink:href="eogs.xsd#eogs_DateOfStatementOnRevenueLimitSpecifiedInTheActOnRetailSalesFromStoresEtc" xlink:label="DateOfStatementOnRevenueLimitSpecifiedInTheActOnRetailSalesFromStoresEtc"/>
    <link:presentationArc xlink:type="arc" xlink:arcrole="http://www.xbrl.org/2003/arcrole/parent-child" xlink:from="StatementOnRevenueLimitSpecifiedInActOnRetailSalesFromStoresEtcAbstract" xlink:to="DateOfStatementOnRevenueLimitSpecifiedInTheActOnRetailSalesFromStoresEtc" use="optional" order="100.0"/>
    <link:loc xlink:type="locator" xlink:href="eogs.xsd#eogs_InformationOnAuditorStatementOnRevenueLimitSpecifiedInTheActOnRetailSalesFromStoresEtcAbstract" xlink:label="InformationOnAuditorStatementOnRevenueLimitSpecifiedInTheActOnRetailSalesFromStoresEtcAbstract"/>
    <link:presentationArc xlink:type="arc" xlink:arcrole="http://www.xbrl.org/2003/arcrole/parent-child" xlink:from="StatementOnRevenueLimitSpecifiedInActOnRetailSalesFromStoresEtcAbstract" xlink:to="InformationOnAuditorStatementOnRevenueLimitSpecifiedInTheActOnRetailSalesFromStoresEtcAbstract" order="110.0"/>
    <link:loc xlink:type="locator" xlink:href="eogs.xsd#eogs_DetailsOnAuditorStatementOnRevenueLimitSpecifiedInTheActOnRetailSalesFromStoresEtcAbstract" xlink:label="DetailsOnAuditorStatementOnRevenueLimitSpecifiedInTheActOnRetailSalesFromStoresEtcAbstract"/>
    <link:presentationArc xlink:type="arc" xlink:arcrole="http://www.xbrl.org/2003/arcrole/parent-child" xlink:from="InformationOnAuditorStatementOnRevenueLimitSpecifiedInTheActOnRetailSalesFromStoresEtcAbstract" xlink:to="DetailsOnAuditorStatementOnRevenueLimitSpecifiedInTheActOnRetailSalesFromStoresEtcAbstract" order="10.0"/>
    <link:loc xlink:type="locator" xlink:href="eogs.xsd#eogs_DetailsOnAuditorStatementOnRevenueLimitSpecifiedInTheActOnRetailSalesFromStoresEtcHypercube" xlink:label="DetailsOnAuditorStatementOnRevenueLimitSpecifiedInTheActOnRetailSalesFromStoresEtcHypercube"/>
    <link:presentationArc xlink:type="arc" xlink:arcrole="http://www.xbrl.org/2003/arcrole/parent-child" xlink:from="DetailsOnAuditorStatementOnRevenueLimitSpecifiedInTheActOnRetailSalesFromStoresEtcAbstract" xlink:to="DetailsOnAuditorStatementOnRevenueLimitSpecifiedInTheActOnRetailSalesFromStoresEtcHypercube" use="optional" order="10.0"/>
    <link:loc xlink:type="locator" xlink:href="../cmn.xsd#cmn_IdentificationOfAuditorDimension" xlink:label="IdentificationOfAuditorDimension"/>
    <link:presentationArc xlink:type="arc" xlink:arcrole="http://www.xbrl.org/2003/arcrole/parent-child" xlink:from="DetailsOnAuditorStatementOnRevenueLimitSpecifiedInTheActOnRetailSalesFromStoresEtcHypercube" xlink:to="IdentificationOfAuditorDimension" use="optional" order="10.0"/>
    <link:loc xlink:type="locator" xlink:href="../cmn.xsd#cmn_IdentificationNumberCprOfAuditor" xlink:label="IdentificationNumberCprOfAuditor" xlink:title="IdentificationNumberCprOfAuditor"/>
    <link:presentationArc xlink:type="arc" xlink:arcrole="http://www.xbrl.org/2003/arcrole/parent-child" xlink:from="DetailsOnAuditorStatementOnRevenueLimitSpecifiedInTheActOnRetailSalesFromStoresEtcAbstract" xlink:to="IdentificationNumberCprOfAuditor" xlink:title="presentation: DetailsOnAuditorStatementOnRevenueLimitSpecifiedInTheActOnRetailSalesFromStoresEtcAbstract to IdentificationNumberCprOfAuditor" use="optional" order="31.0"/>
    <link:loc xlink:type="locator" xlink:href="../cmn.xsd#cmn_NameAndSurnameOfAuditor" xlink:label="NameAndSurnameOfAuditor" xlink:title="NameAndSurnameOfAuditor"/>
    <link:presentationArc xlink:type="arc" xlink:arcrole="http://www.xbrl.org/2003/arcrole/parent-child" xlink:from="DetailsOnAuditorStatementOnRevenueLimitSpecifiedInTheActOnRetailSalesFromStoresEtcAbstract" xlink:to="NameAndSurnameOfAuditor" xlink:title="presentation: DetailsOnAuditorStatementOnRevenueLimitSpecifiedInTheActOnRetailSalesFromStoresEtcAbstract to NameAndSurnameOfAuditor" use="optional" order="32.0"/>
    <link:loc xlink:type="locator" xlink:href="../cmn.xsd#cmn_DescriptionOfAuditor" xlink:label="DescriptionOfAuditor" xlink:title="DescriptionOfAuditor"/>
    <link:presentationArc xlink:type="arc" xlink:arcrole="http://www.xbrl.org/2003/arcrole/parent-child" xlink:from="DetailsOnAuditorStatementOnRevenueLimitSpecifiedInTheActOnRetailSalesFromStoresEtcAbstract" xlink:to="DescriptionOfAuditor" xlink:title="presentation: DetailsOnAuditorStatementOnRevenueLimitSpecifiedInTheActOnRetailSalesFromStoresEtcAbstract to DescriptionOfAuditor" use="optional" order="33.0"/>
  </link:presentationLink>
</link:linkbase>
