<?xml version="1.0" encoding="UTF-8"?>
<!-- Generated by Fujitsu Interstage XWand B0166 -->
<?officialURI http://archprod.service.eogs.dk/taxonomy/20140701/eogs/eogs-lab-en.xml?>

<?taxonomy-version 1.5.0?>

<link:linkbase xmlns:xsi="http://www.w3.org/2001/XMLSchema-instance" xsi:schemaLocation="http://www.xbrl.org/2003/linkbase http://www.xbrl.org/2003/xbrl-linkbase-2003-12-31.xsd" xmlns:eogs="http://xbrl.dcca.dk/eogs" xmlns:tax="http://xbrl.dcca.dk/tax" xmlns:tch="http://xbrl.dcca.dk/tch" xmlns:gen="http://xbrl.org/2008/generic" xmlns:ref="http://www.xbrl.org/2006/ref" xmlns:xbrldt="http://xbrl.org/2005/xbrldt" xmlns:nonnum="http://www.xbrl.org/dtr/type/non-numeric" xmlns:variable="http://xbrl.org/2008/variable" xmlns:xl="http://www.xbrl.org/2003/XLink" xmlns:gsd="http://xbrl.dcca.dk/gsd" xmlns:dst="http://xbrl.dcca.dk/dst" xmlns:arr="http://xbrl.dcca.dk/arr" xmlns:xsd="http://www.w3.org/2001/XMLSchema" xmlns:valm="http://xbrl.org/2010/message/validation" xmlns:link="http://www.xbrl.org/2003/linkbase" xmlns:num="http://www.xbrl.org/dtr/type/numeric" xmlns:xlink="http://www.w3.org/1999/xlink" xmlns:msg="http://xbrl.org/2010/message" xmlns:fsa="http://xbrl.dcca.dk/fsa" xmlns:cmn="http://xbrl.dcca.dk/cmn" xmlns:label="http://xbrl.org/2008/label" xmlns:mrv="http://xbrl.dcca.dk/mrv" xmlns:xbrli="http://www.xbrl.org/2003/instance">
  <link:labelLink xlink:type="extended" xlink:role="http://www.xbrl.org/2003/role/link">
    <link:loc xlink:type="locator" xlink:href="eogs.xsd#eogs_StatementRegardingExemptionNotToPresentAnnualReportAbstract" xlink:label="StatementRegardingExemptionNotToPresentAnnualReportAbstract"/>
    <link:label xlink:type="resource" xlink:label="label_StatementRegardingExemptionNotToPresentAnnualReportAbstract" xlink:role="http://www.xbrl.org/2003/role/label" xml:lang="en" id="label_StatementRegardingExemptionNotToPresentAnnualReportAbstract">Statement regarding exemption not to present annual report</link:label>
    <link:labelArc xlink:type="arc" xlink:arcrole="http://www.xbrl.org/2003/arcrole/concept-label" xlink:from="StatementRegardingExemptionNotToPresentAnnualReportAbstract" xlink:to="label_StatementRegardingExemptionNotToPresentAnnualReportAbstract" order="10.0"/>
    <link:loc xlink:type="locator" xlink:href="eogs.xsd#eogs_ManagementStatementThatExemptionInQuestionHasBeenApplied" xlink:label="ManagementStatementThatExemptionInQuestionHasBeenApplied"/>
    <link:label xlink:type="resource" xlink:label="label_ManagementStatementThatExemptionInQuestionHasBeenApplied" xlink:role="http://www.xbrl.org/2003/role/label" xml:lang="en" id="label_ManagementStatementThatExemptionInQuestionHasBeenApplied">Management statement that exemption in question has been applied</link:label>
    <link:labelArc xlink:type="arc" xlink:arcrole="http://www.xbrl.org/2003/arcrole/concept-label" xlink:from="ManagementStatementThatExemptionInQuestionHasBeenApplied" xlink:to="label_ManagementStatementThatExemptionInQuestionHasBeenApplied" order="10.0"/>
    <link:loc xlink:type="locator" xlink:href="eogs.xsd#eogs_ManagementConfirmationThatConditionsForApplyingExemptionHaveBeenMet" xlink:label="ManagementConfirmationThatConditionsForApplyingExemptionHaveBeenMet"/>
    <link:label xlink:type="resource" xlink:label="label_ManagementConfirmationThatConditionsForApplyingExemptionHaveBeenMet" xlink:role="http://www.xbrl.org/2003/role/label" xml:lang="en" id="label_ManagementConfirmationThatConditionsForApplyingExemptionHaveBeenMet">Management confirmation that conditions for applying exemption have been met</link:label>
    <link:labelArc xlink:type="arc" xlink:arcrole="http://www.xbrl.org/2003/arcrole/concept-label" xlink:from="ManagementConfirmationThatConditionsForApplyingExemptionHaveBeenMet" xlink:to="label_ManagementConfirmationThatConditionsForApplyingExemptionHaveBeenMet" order="10.0"/>
    <link:loc xlink:type="locator" xlink:href="eogs.xsd#eogs_StatementRegardingExemptionFromEnterprisesAndSocietiesWithLimitedLiabilityAndCoOperativeSocietiesWithLimitedLiabilityAbstract" xlink:label="StatementRegardingExemptionFromEnterprisesAndSocietiesWithLimitedLiabilityAndCoOperativeSocietiesWithLimitedLiabilityAbstract"/>
    <link:label xlink:type="resource" xlink:label="label_StatementRegardingExemptionFromEnterprisesAndSocietiesWithLimitedLiabilityAndCoOperativeSocietiesWithLimitedLiabilityAbstract" xlink:role="http://www.xbrl.org/2003/role/label" xml:lang="en" id="label_StatementRegardingExemptionFromEnterprisesAndSocietiesWithLimitedLiabilityAndCoOperativeSocietiesWithLimitedLiabilityAbstract">Statement regarding exemption from enterprises and societies with limited liability and co-operative societies with limited liability</link:label>
    <link:labelArc xlink:type="arc" xlink:arcrole="http://www.xbrl.org/2003/arcrole/concept-label" xlink:from="StatementRegardingExemptionFromEnterprisesAndSocietiesWithLimitedLiabilityAndCoOperativeSocietiesWithLimitedLiabilityAbstract" xlink:to="label_StatementRegardingExemptionFromEnterprisesAndSocietiesWithLimitedLiabilityAndCoOperativeSocietiesWithLimitedLiabilityAbstract" order="10.0"/>
    <link:loc xlink:type="locator" xlink:href="eogs.xsd#eogs_DetailsOnMembersOfSupervisoryBoardForStatementRegardingExemptionNotToPresentAnnualReportHypercube" xlink:label="DetailsOnMembersOfSupervisoryBoardForStatementRegardingExemptionNotToPresentAnnualReportHypercube"/>
    <link:label xlink:type="resource" xlink:label="label_DetailsOnMembersOfSupervisoryBoardForStatementRegardingExemptionNotToPresentAnnualReportHypercube_2" xlink:role="http://www.xbrl.org/2003/role/label" xml:lang="en" id="label_DetailsOnMembersOfSupervisoryBoardForStatementRegardingExemptionNotToPresentAnnualReportHypercube_2">Details on members of supervisory board for statement regarding exemption not to present annual report</link:label>
    <link:labelArc xlink:type="arc" xlink:arcrole="http://www.xbrl.org/2003/arcrole/concept-label" xlink:from="DetailsOnMembersOfSupervisoryBoardForStatementRegardingExemptionNotToPresentAnnualReportHypercube" xlink:to="label_DetailsOnMembersOfSupervisoryBoardForStatementRegardingExemptionNotToPresentAnnualReportHypercube_2" order="10.0"/>
    <link:loc xlink:type="locator" xlink:href="eogs.xsd#eogs_DetailsOnMembersOfExecutiveBoardForStatementRegardingExemptionNotToPresentAnnualReportHypercube" xlink:label="DetailsOnMembersOfExecutiveBoardForStatementRegardingExemptionNotToPresentAnnualReportHypercube"/>
    <link:label xlink:type="resource" xlink:label="label_DetailsOnMembersOfExecutiveBoardForStatementRegardingExemptionNotToPresentAnnualReportHypercube_2" xlink:role="http://www.xbrl.org/2003/role/label" xml:lang="en" id="label_DetailsOnMembersOfExecutiveBoardForStatementRegardingExemptionNotToPresentAnnualReportHypercube_2">Details on members of executive board for statement regarding exemption not to present annual report</link:label>
    <link:labelArc xlink:type="arc" xlink:arcrole="http://www.xbrl.org/2003/arcrole/concept-label" xlink:from="DetailsOnMembersOfExecutiveBoardForStatementRegardingExemptionNotToPresentAnnualReportHypercube" xlink:to="label_DetailsOnMembersOfExecutiveBoardForStatementRegardingExemptionNotToPresentAnnualReportHypercube_2" order="10.0"/>
    <link:loc xlink:type="locator" xlink:href="eogs.xsd#eogs_DetailsOnMembersOfSupervisoryBoardForStatementRegardingExemptionNotToPresentAnnualReportAbstract" xlink:label="DetailsOnMembersOfSupervisoryBoardForStatementRegardingExemptionNotToPresentAnnualReportAbstract"/>
    <link:label xlink:type="resource" xlink:label="label_DetailsOnMembersOfSupervisoryBoardForStatementRegardingExemptionNotToPresentAnnualReportAbstract_2" xlink:role="http://www.xbrl.org/2003/role/label" xml:lang="en" id="label_DetailsOnMembersOfSupervisoryBoardForStatementRegardingExemptionNotToPresentAnnualReportAbstract_2">Details on members of supervisory board for statement regarding exemption not to present annual report</link:label>
    <link:labelArc xlink:type="arc" xlink:arcrole="http://www.xbrl.org/2003/arcrole/concept-label" xlink:from="DetailsOnMembersOfSupervisoryBoardForStatementRegardingExemptionNotToPresentAnnualReportAbstract" xlink:to="label_DetailsOnMembersOfSupervisoryBoardForStatementRegardingExemptionNotToPresentAnnualReportAbstract_2" order="10.0"/>
    <link:loc xlink:type="locator" xlink:href="eogs.xsd#eogs_DetailsOnMembersOfExecutiveBoardForStatementRegardingExemptionNotToPresentAnnualReportAbstract" xlink:label="DetailsOnMembersOfExecutiveBoardForStatementRegardingExemptionNotToPresentAnnualReportAbstract"/>
    <link:label xlink:type="resource" xlink:label="label_DetailsOnMembersOfExecutiveBoardForStatementRegardingExemptionNotToPresentAnnualReportAbstract_2" xlink:role="http://www.xbrl.org/2003/role/label" xml:lang="en" id="label_DetailsOnMembersOfExecutiveBoardForStatementRegardingExemptionNotToPresentAnnualReportAbstract_2">Details on members of executive board for statement regarding exemption not to present annual report</link:label>
    <link:labelArc xlink:type="arc" xlink:arcrole="http://www.xbrl.org/2003/arcrole/concept-label" xlink:from="DetailsOnMembersOfExecutiveBoardForStatementRegardingExemptionNotToPresentAnnualReportAbstract" xlink:to="label_DetailsOnMembersOfExecutiveBoardForStatementRegardingExemptionNotToPresentAnnualReportAbstract_2" order="10.0"/>
    <link:loc xlink:type="locator" xlink:href="eogs.xsd#eogs_PlaceOfCompilationOfStatementRegardingExemptionNotToPresentAnnualReport" xlink:label="PlaceOfCompilationOfStatementRegardingExemptionNotToPresentAnnualReport"/>
    <link:label xlink:type="resource" xlink:label="label_PlaceOfCompilationOfStatementRegardingExemptionNotToPresentAnnualReport_2" xlink:role="http://www.xbrl.org/2003/role/label" xml:lang="en" id="label_PlaceOfCompilationOfStatementRegardingExemptionNotToPresentAnnualReport_2">Place of compilation of statement regarding exemption not to present annual report</link:label>
    <link:labelArc xlink:type="arc" xlink:arcrole="http://www.xbrl.org/2003/arcrole/concept-label" xlink:from="PlaceOfCompilationOfStatementRegardingExemptionNotToPresentAnnualReport" xlink:to="label_PlaceOfCompilationOfStatementRegardingExemptionNotToPresentAnnualReport_2" order="10.0"/>
    <link:loc xlink:type="locator" xlink:href="eogs.xsd#eogs_DateOfStatementRegardingExemptionNotToPresentAnnualReport" xlink:label="DateOfStatementRegardingExemptionNotToPresentAnnualReport"/>
    <link:label xlink:type="resource" xlink:label="label_DateOfStatementRegardingExemptionNotToPresentAnnualReport_2" xlink:role="http://www.xbrl.org/2003/role/label" xml:lang="en" id="label_DateOfStatementRegardingExemptionNotToPresentAnnualReport_2">Date of statement regarding exemption not to present an annual report</link:label>
    <link:labelArc xlink:type="arc" xlink:arcrole="http://www.xbrl.org/2003/arcrole/concept-label" xlink:from="DateOfStatementRegardingExemptionNotToPresentAnnualReport" xlink:to="label_DateOfStatementRegardingExemptionNotToPresentAnnualReport_2" order="10.0"/>
    <link:loc xlink:type="locator" xlink:href="eogs.xsd#eogs_StatementOnRevenueLimitSpecifiedInActOnRetailSalesFromStoresEtcAbstract" xlink:label="StatementOnRevenueLimitSpecifiedInActOnRetailSalesFromStoresEtcAbstract"/>
    <link:label xlink:type="resource" xlink:label="label_StatementOnRevenueLimitSpecifiedInActOnRetailSalesFromStoresEtcAbstract_2" xlink:role="http://www.xbrl.org/2003/role/label" xml:lang="en" id="label_StatementOnRevenueLimitSpecifiedInActOnRetailSalesFromStoresEtcAbstract_2">Statement on revenue limit specified in the Act on retail sales from stores, etc.</link:label>
    <link:labelArc xlink:type="arc" xlink:arcrole="http://www.xbrl.org/2003/arcrole/concept-label" xlink:from="StatementOnRevenueLimitSpecifiedInActOnRetailSalesFromStoresEtcAbstract" xlink:to="label_StatementOnRevenueLimitSpecifiedInActOnRetailSalesFromStoresEtcAbstract_2" order="10.0"/>
    <link:loc xlink:type="locator" xlink:href="eogs.xsd#eogs_NameOfStore" xlink:label="NameOfStore"/>
    <link:label xlink:type="resource" xlink:label="label_NameOfStore_2" xlink:role="http://www.xbrl.org/2003/role/label" xml:lang="en" id="label_NameOfStore_2">Name of store</link:label>
    <link:labelArc xlink:type="arc" xlink:arcrole="http://www.xbrl.org/2003/arcrole/concept-label" xlink:from="NameOfStore" xlink:to="label_NameOfStore_2" order="10.0"/>
    <link:loc xlink:type="locator" xlink:href="eogs.xsd#eogs_AddressOfStoreStreetAndNumber" xlink:label="AddressOfStoreStreetAndNumber"/>
    <link:label xlink:type="resource" xlink:label="label_AddressOfStoreStreetAndNumber_2" xlink:role="http://www.xbrl.org/2003/role/label" xml:lang="en" id="label_AddressOfStoreStreetAndNumber_2">Address of store, street and number</link:label>
    <link:labelArc xlink:type="arc" xlink:arcrole="http://www.xbrl.org/2003/arcrole/concept-label" xlink:from="AddressOfStoreStreetAndNumber" xlink:to="label_AddressOfStoreStreetAndNumber_2" order="10.0"/>
    <link:loc xlink:type="locator" xlink:href="eogs.xsd#eogs_AddressOfStorePostcodeAndTown" xlink:label="AddressOfStorePostcodeAndTown"/>
    <link:label xlink:type="resource" xlink:label="label_AddressOfStorePostcodeAndTown_2" xlink:role="http://www.xbrl.org/2003/role/label" xml:lang="en" id="label_AddressOfStorePostcodeAndTown_2">Address of store, postcode and town</link:label>
    <link:labelArc xlink:type="arc" xlink:arcrole="http://www.xbrl.org/2003/arcrole/concept-label" xlink:from="AddressOfStorePostcodeAndTown" xlink:to="label_AddressOfStorePostcodeAndTown_2" order="10.0"/>
    <link:loc xlink:type="locator" xlink:href="eogs.xsd#eogs_IdentificationNumberPnrOfStore" xlink:label="IdentificationNumberPnrOfStore"/>
    <link:label xlink:type="resource" xlink:label="label_IdentificationNumberPnrOfStore_2" xlink:role="http://www.xbrl.org/2003/role/label" xml:lang="en" id="label_IdentificationNumberPnrOfStore_2">Identification number [PNR] of store</link:label>
    <link:labelArc xlink:type="arc" xlink:arcrole="http://www.xbrl.org/2003/arcrole/concept-label" xlink:from="IdentificationNumberPnrOfStore" xlink:to="label_IdentificationNumberPnrOfStore_2" order="10.0"/>
    <link:loc xlink:type="locator" xlink:href="eogs.xsd#eogs_PlaceOfCompilationOfStatementOnRevenueLimitSpecifiedInTheActOnRetailSalesFromStoresEtc" xlink:label="PlaceOfCompilationOfStatementOnRevenueLimitSpecifiedInTheActOnRetailSalesFromStoresEtc"/>
    <link:label xlink:type="resource" xlink:label="label_PlaceOfCompilationOfStatementOnRevenueLimitSpecifiedInTheActOnRetailSalesFromStoresEtc_2" xlink:role="http://www.xbrl.org/2003/role/label" xml:lang="en" id="label_PlaceOfCompilationOfStatementOnRevenueLimitSpecifiedInTheActOnRetailSalesFromStoresEtc_2">Place of compilation of statement on revenue limit specified in Act on retail sales from stores, etc.</link:label>
    <link:labelArc xlink:type="arc" xlink:arcrole="http://www.xbrl.org/2003/arcrole/concept-label" xlink:from="PlaceOfCompilationOfStatementOnRevenueLimitSpecifiedInTheActOnRetailSalesFromStoresEtc" xlink:to="label_PlaceOfCompilationOfStatementOnRevenueLimitSpecifiedInTheActOnRetailSalesFromStoresEtc_2" order="10.0"/>
    <link:loc xlink:type="locator" xlink:href="eogs.xsd#eogs_DateOfStatementOnRevenueLimitSpecifiedInTheActOnRetailSalesFromStoresEtc" xlink:label="DateOfStatementOnRevenueLimitSpecifiedInTheActOnRetailSalesFromStoresEtc"/>
    <link:label xlink:type="resource" xlink:label="label_DateOfStatementOnRevenueLimitSpecifiedInTheActOnRetailSalesFromStoresEtc_2" xlink:role="http://www.xbrl.org/2003/role/label" xml:lang="en" id="label_DateOfStatementOnRevenueLimitSpecifiedInTheActOnRetailSalesFromStoresEtc_2">Date of statement on revenue limit specified in Act on retail sales from stores, etc.</link:label>
    <link:labelArc xlink:type="arc" xlink:arcrole="http://www.xbrl.org/2003/arcrole/concept-label" xlink:from="DateOfStatementOnRevenueLimitSpecifiedInTheActOnRetailSalesFromStoresEtc" xlink:to="label_DateOfStatementOnRevenueLimitSpecifiedInTheActOnRetailSalesFromStoresEtc_2" order="10.0"/>
    <link:loc xlink:type="locator" xlink:href="eogs.xsd#eogs_AuditorsReportStatementOnRevenueLimitSpecifiedInActOnRetailSalesFromStoresEtc" xlink:label="AuditorsReportStatementOnRevenueLimitSpecifiedInActOnRetailSalesFromStoresEtc"/>
    <link:label xlink:type="resource" xlink:label="label_AuditorsReportStatementOnRevenueLimitSpecifiedInActOnRetailSalesFromStoresEtc_2" xlink:role="http://www.xbrl.org/2003/role/label" xml:lang="en" id="label_AuditorsReportStatementOnRevenueLimitSpecifiedInActOnRetailSalesFromStoresEtc_2">Auditors report, Statement on revenue limit specified in Act on retail sales from stores, etc.</link:label>
    <link:labelArc xlink:type="arc" xlink:arcrole="http://www.xbrl.org/2003/arcrole/concept-label" xlink:from="AuditorsReportStatementOnRevenueLimitSpecifiedInActOnRetailSalesFromStoresEtc" xlink:to="label_AuditorsReportStatementOnRevenueLimitSpecifiedInActOnRetailSalesFromStoresEtc_2" order="10.0"/>
    <link:loc xlink:type="locator" xlink:href="eogs.xsd#eogs_AuditPerformedStatementOnRevenueLimitSpecifiedInTheActOnRetailSalesFromStoresEtc" xlink:label="AuditPerformedStatementOnRevenueLimitSpecifiedInTheActOnRetailSalesFromStoresEtc"/>
    <link:label xlink:type="resource" xlink:label="label_AuditPerformedStatementOnRevenueLimitSpecifiedInTheActOnRetailSalesFromStoresEtc_2" xlink:role="http://www.xbrl.org/2003/role/label" xml:lang="en" id="label_AuditPerformedStatementOnRevenueLimitSpecifiedInTheActOnRetailSalesFromStoresEtc_2">Audit performed, Statement on revenue limit specified in the Act on retail sales from stores etc</link:label>
    <link:labelArc xlink:type="arc" xlink:arcrole="http://www.xbrl.org/2003/arcrole/concept-label" xlink:from="AuditPerformedStatementOnRevenueLimitSpecifiedInTheActOnRetailSalesFromStoresEtc" xlink:to="label_AuditPerformedStatementOnRevenueLimitSpecifiedInTheActOnRetailSalesFromStoresEtc_2" order="10.0"/>
    <link:loc xlink:type="locator" xlink:href="eogs.xsd#eogs_OpinionStatementOnRevenueLimitSpecifiedInActOnRetailSalesFromStoresEtc" xlink:label="OpinionStatementOnRevenueLimitSpecifiedInActOnRetailSalesFromStoresEtc"/>
    <link:label xlink:type="resource" xlink:label="label_OpinionStatementOnRevenueLimitSpecifiedInActOnRetailSalesFromStoresEtc_2" xlink:role="http://www.xbrl.org/2003/role/label" xml:lang="en" id="label_OpinionStatementOnRevenueLimitSpecifiedInActOnRetailSalesFromStoresEtc_2">Opinion, Statement on revenue limit specified in Act on retail sales from stores, etc.</link:label>
    <link:labelArc xlink:type="arc" xlink:arcrole="http://www.xbrl.org/2003/arcrole/concept-label" xlink:from="OpinionStatementOnRevenueLimitSpecifiedInActOnRetailSalesFromStoresEtc" xlink:to="label_OpinionStatementOnRevenueLimitSpecifiedInActOnRetailSalesFromStoresEtc_2" order="10.0"/>
    <link:loc xlink:type="locator" xlink:href="eogs.xsd#eogs_RevenueLimitStatementOnRevenueLimitSpecifiedInTheActOnRetailSalesFromStoresEtc" xlink:label="RevenueLimitStatementOnRevenueLimitSpecifiedInTheActOnRetailSalesFromStoresEtc"/>
    <link:label xlink:type="resource" xlink:label="label_RevenueLimitStatementOnRevenueLimitSpecifiedInTheActOnRetailSalesFromStoresEtc_2" xlink:role="http://www.xbrl.org/2003/role/label" xml:lang="en" id="label_RevenueLimitStatementOnRevenueLimitSpecifiedInTheActOnRetailSalesFromStoresEtc_2">Revenue limit, Statement on revenue limit specified in Act on retail sales from stores, etc.</link:label>
    <link:labelArc xlink:type="arc" xlink:arcrole="http://www.xbrl.org/2003/arcrole/concept-label" xlink:from="RevenueLimitStatementOnRevenueLimitSpecifiedInTheActOnRetailSalesFromStoresEtc" xlink:to="label_RevenueLimitStatementOnRevenueLimitSpecifiedInTheActOnRetailSalesFromStoresEtc_2" order="10.0"/>
    <link:loc xlink:type="locator" xlink:href="eogs.xsd#eogs_NewStoreStatementOnRevenueLimitSpecifiedInActOnRetailSalesFromStoresEtc" xlink:label="NewStoreStatementOnRevenueLimitSpecifiedInActOnRetailSalesFromStoresEtc"/>
    <link:label xlink:type="resource" xlink:label="label_NewStoreStatementOnRevenueLimitSpecifiedInActOnRetailSalesFromStoresEtc_2" xlink:role="http://www.xbrl.org/2003/role/label" xml:lang="en" id="label_NewStoreStatementOnRevenueLimitSpecifiedInActOnRetailSalesFromStoresEtc_2">New store, Statement on revenue limit specified in Act on retail sales from stores, etc.</link:label>
    <link:labelArc xlink:type="arc" xlink:arcrole="http://www.xbrl.org/2003/arcrole/concept-label" xlink:from="NewStoreStatementOnRevenueLimitSpecifiedInActOnRetailSalesFromStoresEtc" xlink:to="label_NewStoreStatementOnRevenueLimitSpecifiedInActOnRetailSalesFromStoresEtc_2" order="10.0"/>
    <link:loc xlink:type="locator" xlink:href="eogs.xsd#eogs_DetailsOnAuditorStatementOnRevenueLimitSpecifiedInTheActOnRetailSalesFromStoresEtcAbstract" xlink:label="DetailsOnAuditorStatementOnRevenueLimitSpecifiedInTheActOnRetailSalesFromStoresEtcAbstract"/>
    <link:label xlink:type="resource" xlink:label="label_DetailsOnAuditorStatementOnRevenueLimitSpecifiedInTheActOnRetailSalesFromStoresEtcAbstract_2" xlink:role="http://www.xbrl.org/2003/role/label" xml:lang="en" id="label_DetailsOnAuditorStatementOnRevenueLimitSpecifiedInTheActOnRetailSalesFromStoresEtcAbstract_2">Details on auditor, Statement on revenue limit specified in the Act on retail sales from stores etc</link:label>
    <link:labelArc xlink:type="arc" xlink:arcrole="http://www.xbrl.org/2003/arcrole/concept-label" xlink:from="DetailsOnAuditorStatementOnRevenueLimitSpecifiedInTheActOnRetailSalesFromStoresEtcAbstract" xlink:to="label_DetailsOnAuditorStatementOnRevenueLimitSpecifiedInTheActOnRetailSalesFromStoresEtcAbstract_2" order="10.0"/>
    <link:loc xlink:type="locator" xlink:href="eogs.xsd#eogs_DetailsOnAuditorStatementOnRevenueLimitSpecifiedInTheActOnRetailSalesFromStoresEtcHypercube" xlink:label="DetailsOnAuditorStatementOnRevenueLimitSpecifiedInTheActOnRetailSalesFromStoresEtcHypercube"/>
    <link:label xlink:type="resource" xlink:label="label_DetailsOnAuditorStatementOnRevenueLimitSpecifiedInTheActOnRetailSalesFromStoresEtcHypercube_2" xlink:role="http://www.xbrl.org/2003/role/label" xml:lang="en" id="label_DetailsOnAuditorStatementOnRevenueLimitSpecifiedInTheActOnRetailSalesFromStoresEtcHypercube_2">Details on auditor, Statement on revenue limit specified in the Act on retail sales from stores etc</link:label>
    <link:labelArc xlink:type="arc" xlink:arcrole="http://www.xbrl.org/2003/arcrole/concept-label" xlink:from="DetailsOnAuditorStatementOnRevenueLimitSpecifiedInTheActOnRetailSalesFromStoresEtcHypercube" xlink:to="label_DetailsOnAuditorStatementOnRevenueLimitSpecifiedInTheActOnRetailSalesFromStoresEtcHypercube_2" order="10.0"/>
    <link:loc xlink:type="locator" xlink:href="eogs.xsd#eogs_InformationOnMembersOfSupervisoryBoardForStatementRegardingExemptionNotToPresentAnnualReportAbstract" xlink:label="InformationOnMembersOfSupervisoryBoardForStatementRegardingExemptionNotToPresentAnnualReportAbstract"/>
    <link:label xlink:type="resource" xlink:label="label_InformationOnMembersOfSupervisoryBoardForStatementRegardingExemptionNotToPresentAnnualReportAbstract" xlink:role="http://www.xbrl.org/2003/role/label" xml:lang="en" id="label_InformationOnMembersOfSupervisoryBoardForStatementRegardingExemptionNotToPresentAnnualReportAbstract">Information on members of supervisory board for statement regarding exemption not to present annual report</link:label>
    <link:labelArc xlink:type="arc" xlink:arcrole="http://www.xbrl.org/2003/arcrole/concept-label" xlink:from="InformationOnMembersOfSupervisoryBoardForStatementRegardingExemptionNotToPresentAnnualReportAbstract" xlink:to="label_InformationOnMembersOfSupervisoryBoardForStatementRegardingExemptionNotToPresentAnnualReportAbstract" order="10.0"/>
    <link:loc xlink:type="locator" xlink:href="eogs.xsd#eogs_InformationOnMembersOfExecutiveBoardForStatementRegardingExemptionNotToPresentAnnualReportAbstract" xlink:label="InformationOnMembersOfExecutiveBoardForStatementRegardingExemptionNotToPresentAnnualReportAbstract"/>
    <link:label xlink:type="resource" xlink:label="label_InformationOnMembersOfExecutiveBoardForStatementRegardingExemptionNotToPresentAnnualReportAbstract" xlink:role="http://www.xbrl.org/2003/role/label" xml:lang="en" id="label_InformationOnMembersOfExecutiveBoardForStatementRegardingExemptionNotToPresentAnnualReportAbstract">Information on members of executive board for statement regarding exemption not to present annual report</link:label>
    <link:labelArc xlink:type="arc" xlink:arcrole="http://www.xbrl.org/2003/arcrole/concept-label" xlink:from="InformationOnMembersOfExecutiveBoardForStatementRegardingExemptionNotToPresentAnnualReportAbstract" xlink:to="label_InformationOnMembersOfExecutiveBoardForStatementRegardingExemptionNotToPresentAnnualReportAbstract" order="10.0"/>
    <link:loc xlink:type="locator" xlink:href="eogs.xsd#eogs_InformationOnAuditorStatementOnRevenueLimitSpecifiedInTheActOnRetailSalesFromStoresEtcAbstract" xlink:label="InformationOnAuditorStatementOnRevenueLimitSpecifiedInTheActOnRetailSalesFromStoresEtcAbstract"/>
    <link:label xlink:type="resource" xlink:label="label_InformationOnAuditorStatementOnRevenueLimitSpecifiedInTheActOnRetailSalesFromStoresEtcAbstract" xlink:role="http://www.xbrl.org/2003/role/label" xml:lang="en" id="label_InformationOnAuditorStatementOnRevenueLimitSpecifiedInTheActOnRetailSalesFromStoresEtcAbstract">Information on auditor, Statement on revenue limit specified in the Act on retail sales from stores etc</link:label>
    <link:labelArc xlink:type="arc" xlink:arcrole="http://www.xbrl.org/2003/arcrole/concept-label" xlink:from="InformationOnAuditorStatementOnRevenueLimitSpecifiedInTheActOnRetailSalesFromStoresEtcAbstract" xlink:to="label_InformationOnAuditorStatementOnRevenueLimitSpecifiedInTheActOnRetailSalesFromStoresEtcAbstract" order="10.0"/>
  </link:labelLink>
</link:linkbase>
