<?xml version="1.0" encoding="UTF-8"?>
<!-- Generated by Fujitsu Interstage XWand B0209 -->
<?officialURI http://archprod.service.eogs.dk/taxonomy/20151001/fsa/402bsc_pre.xml?>

<?taxonomy-version 1.6.0?>

<link:linkbase xmlns:xsi="http://www.w3.org/2001/XMLSchema-instance" xsi:schemaLocation="http://www.xbrl.org/2003/linkbase http://www.xbrl.org/2003/xbrl-linkbase-2003-12-31.xsd" xmlns:link="http://www.xbrl.org/2003/linkbase" xmlns:entry="http://xbrl.dcca.dk/entryBalanceSheetAccountByCurrentAndLongTermFormIncomeStatementByNature" xmlns:xbrli="http://www.xbrl.org/2003/instance" xmlns:xlink="http://www.w3.org/1999/xlink">
  <link:roleRef roleURI="http://xbrl.dcca.dk/role/402.00/BalanceSheetAccountByCurrentAndLongtermForm" xlink:type="simple" xlink:href="fsa.xsd#fsa_RoleBalanceSheetAccountByCurrentAndLongTermForm"/>
  <link:presentationLink xlink:type="extended" xlink:role="http://xbrl.dcca.dk/role/402.00/BalanceSheetAccountByCurrentAndLongtermForm">
    <link:loc xlink:type="locator" xlink:href="fsa.xsd#fsa_BalanceSheetAccountByCurrentAndLongTermFormAbstract" xlink:label="BalanceSheetAccountByCurrentAndLongTermFormAbstract" xlink:title="BalanceSheetAccountByCurrentAndLongTermFormAbstract"/>
    <link:loc xlink:type="locator" xlink:href="../cmn.xsd#cmn_CommonHypercube" xlink:label="CommonHypercube"/>
    <link:presentationArc xlink:type="arc" xlink:arcrole="http://www.xbrl.org/2003/arcrole/parent-child" xlink:from="BalanceSheetAccountByCurrentAndLongTermFormAbstract" xlink:to="CommonHypercube" xlink:title="presentation: BalanceSheetAccountByCurrentAndLongTermFormAbstract to CommonHypercube" order="10.0"/>
    <link:loc xlink:type="locator" xlink:href="../cmn.xsd#cmn_ConsolidatedSoloDimension" xlink:label="ConsolidatedSoloDimension"/>
    <link:presentationArc xlink:type="arc" xlink:arcrole="http://www.xbrl.org/2003/arcrole/parent-child" xlink:from="CommonHypercube" xlink:to="ConsolidatedSoloDimension" xlink:title="presentation: CommonHypercube to ConsolidatedSoloDimension" order="10.0"/>
    <link:loc xlink:type="locator" xlink:href="../cmn.xsd#cmn_ConsolidatedMember" xlink:label="ConsolidatedMember"/>
    <link:presentationArc xlink:type="arc" xlink:arcrole="http://www.xbrl.org/2003/arcrole/parent-child" xlink:from="ConsolidatedSoloDimension" xlink:to="ConsolidatedMember" xlink:title="presentation: ConsolidatedSoloDimension to ConsolidatedMember" order="10.0"/>
    <link:loc xlink:type="locator" xlink:href="../cmn.xsd#cmn_SoloMember" xlink:label="SoloMember"/>
    <link:presentationArc xlink:type="arc" xlink:arcrole="http://www.xbrl.org/2003/arcrole/parent-child" xlink:from="ConsolidatedSoloDimension" xlink:to="SoloMember" xlink:title="presentation: ConsolidatedSoloDimension to SoloMember" order="20.0"/>
    <link:loc xlink:type="locator" xlink:href="fsa.xsd#fsa_Assets" xlink:label="Assets"/>
    <link:presentationArc xlink:type="arc" xlink:arcrole="http://www.xbrl.org/2003/arcrole/parent-child" xlink:from="BalanceSheetAccountByCurrentAndLongTermFormAbstract" xlink:to="Assets" xlink:title="presentation: BalanceSheetAccountByCurrentAndLongTermFormAbstract to Assets" order="20.0"/>
    <link:loc xlink:type="locator" xlink:href="fsa.xsd#fsa_NoncurrentAssets" xlink:label="NoncurrentAssets"/>
    <link:presentationArc xlink:type="arc" xlink:arcrole="http://www.xbrl.org/2003/arcrole/parent-child" xlink:from="Assets" xlink:to="NoncurrentAssets" xlink:title="presentation: Assets to NoncurrentAssets" order="10.0"/>
    <link:loc xlink:type="locator" xlink:href="fsa.xsd#fsa_IntangibleAssets" xlink:label="IntangibleAssets"/>
    <link:presentationArc xlink:type="arc" xlink:arcrole="http://www.xbrl.org/2003/arcrole/parent-child" xlink:from="NoncurrentAssets" xlink:to="IntangibleAssets" xlink:title="presentation: NoncurrentAssets to IntangibleAssets" order="10.0"/>
    <link:loc xlink:type="locator" xlink:href="fsa.xsd#fsa_CompletedDevelopmentProjects" xlink:label="CompletedDevelopmentProjects"/>
    <link:presentationArc xlink:type="arc" xlink:arcrole="http://www.xbrl.org/2003/arcrole/parent-child" xlink:from="IntangibleAssets" xlink:to="CompletedDevelopmentProjects" xlink:title="presentation: IntangibleAssets to CompletedDevelopmentProjects" order="10.0"/>
    <link:loc xlink:type="locator" xlink:href="fsa.xsd#fsa_PatentsOriginatingFromDevelopmentProjects" xlink:label="PatentsOriginatingFromDevelopmentProjects"/>
    <link:presentationArc xlink:type="arc" xlink:arcrole="http://www.xbrl.org/2003/arcrole/parent-child" xlink:from="CompletedDevelopmentProjects" xlink:to="PatentsOriginatingFromDevelopmentProjects" xlink:title="presentation: CompletedDevelopmentProjects to PatentsOriginatingFromDevelopmentProjects" order="10.0"/>
    <link:loc xlink:type="locator" xlink:href="fsa.xsd#fsa_OtherSimilarRightsOriginatingFromDevelopmentProjects" xlink:label="OtherSimilarRightsOriginatingFromDevelopmentProjects"/>
    <link:presentationArc xlink:type="arc" xlink:arcrole="http://www.xbrl.org/2003/arcrole/parent-child" xlink:from="CompletedDevelopmentProjects" xlink:to="OtherSimilarRightsOriginatingFromDevelopmentProjects" xlink:title="presentation: CompletedDevelopmentProjects to OtherSimilarRightsOriginatingFromDevelopmentProjects" order="20.0"/>
    <link:loc xlink:type="locator" xlink:href="fsa.xsd#fsa_AcquiredIntangibleAssets" xlink:label="AcquiredIntangibleAssets"/>
    <link:presentationArc xlink:type="arc" xlink:arcrole="http://www.xbrl.org/2003/arcrole/parent-child" xlink:from="IntangibleAssets" xlink:to="AcquiredIntangibleAssets" xlink:title="presentation: IntangibleAssets to AcquiredIntangibleAssets" order="20.0"/>
    <link:loc xlink:type="locator" xlink:href="fsa.xsd#fsa_AcquiredConcessions" xlink:label="AcquiredConcessions"/>
    <link:presentationArc xlink:type="arc" xlink:arcrole="http://www.xbrl.org/2003/arcrole/parent-child" xlink:from="AcquiredIntangibleAssets" xlink:to="AcquiredConcessions" xlink:title="presentation: AcquiredIntangibleAssets to AcquiredConcessions" order="10.0"/>
    <link:loc xlink:type="locator" xlink:href="fsa.xsd#fsa_AcquiredPatents" xlink:label="AcquiredPatents"/>
    <link:presentationArc xlink:type="arc" xlink:arcrole="http://www.xbrl.org/2003/arcrole/parent-child" xlink:from="AcquiredIntangibleAssets" xlink:to="AcquiredPatents" xlink:title="presentation: AcquiredIntangibleAssets to AcquiredPatents" order="20.0"/>
    <link:loc xlink:type="locator" xlink:href="fsa.xsd#fsa_AcquiredLicences" xlink:label="AcquiredLicences"/>
    <link:presentationArc xlink:type="arc" xlink:arcrole="http://www.xbrl.org/2003/arcrole/parent-child" xlink:from="AcquiredIntangibleAssets" xlink:to="AcquiredLicences" xlink:title="presentation: AcquiredIntangibleAssets to AcquiredLicences" order="30.0"/>
    <link:loc xlink:type="locator" xlink:href="fsa.xsd#fsa_AcquiredTrademarks" xlink:label="AcquiredTrademarks"/>
    <link:presentationArc xlink:type="arc" xlink:arcrole="http://www.xbrl.org/2003/arcrole/parent-child" xlink:from="AcquiredIntangibleAssets" xlink:to="AcquiredTrademarks" xlink:title="presentation: AcquiredIntangibleAssets to AcquiredTrademarks" order="40.0"/>
    <link:loc xlink:type="locator" xlink:href="fsa.xsd#fsa_AcquiredOtherSimilarRights" xlink:label="AcquiredOtherSimilarRights"/>
    <link:presentationArc xlink:type="arc" xlink:arcrole="http://www.xbrl.org/2003/arcrole/parent-child" xlink:from="AcquiredIntangibleAssets" xlink:to="AcquiredOtherSimilarRights" xlink:title="presentation: AcquiredIntangibleAssets to AcquiredOtherSimilarRights" order="50.0"/>
    <link:loc xlink:type="locator" xlink:href="fsa.xsd#fsa_Goodwill" xlink:label="Goodwill"/>
    <link:presentationArc xlink:type="arc" xlink:arcrole="http://www.xbrl.org/2003/arcrole/parent-child" xlink:from="IntangibleAssets" xlink:to="Goodwill" xlink:title="presentation: IntangibleAssets to Goodwill" order="30.0"/>
    <link:loc xlink:type="locator" xlink:href="fsa.xsd#fsa_DevelopmentProjectsInProgressAndPrepaymentsForIntangibleAssets" xlink:label="DevelopmentProjectsInProgressAndPrepaymentsForIntangibleAssets"/>
    <link:presentationArc xlink:type="arc" xlink:arcrole="http://www.xbrl.org/2003/arcrole/parent-child" xlink:from="IntangibleAssets" xlink:to="DevelopmentProjectsInProgressAndPrepaymentsForIntangibleAssets" xlink:title="presentation: IntangibleAssets to DevelopmentProjectsInProgressAndPrepaymentsForIntangibleAssets" order="40.0"/>
    <link:loc xlink:type="locator" xlink:href="fsa.xsd#fsa_DevelopmentProjectsInProgress" xlink:label="DevelopmentProjectsInProgress"/>
    <link:presentationArc xlink:type="arc" xlink:arcrole="http://www.xbrl.org/2003/arcrole/parent-child" xlink:from="DevelopmentProjectsInProgressAndPrepaymentsForIntangibleAssets" xlink:to="DevelopmentProjectsInProgress" xlink:title="presentation: DevelopmentProjectsInProgressAndPrepaymentsForIntangibleAssets to DevelopmentProjectsInProgress" order="10.0"/>
    <link:loc xlink:type="locator" xlink:href="fsa.xsd#fsa_PrepaymentsForIntangibleAssets" xlink:label="PrepaymentsForIntangibleAssets"/>
    <link:presentationArc xlink:type="arc" xlink:arcrole="http://www.xbrl.org/2003/arcrole/parent-child" xlink:from="DevelopmentProjectsInProgressAndPrepaymentsForIntangibleAssets" xlink:to="PrepaymentsForIntangibleAssets" xlink:title="presentation: DevelopmentProjectsInProgressAndPrepaymentsForIntangibleAssets to PrepaymentsForIntangibleAssets" order="20.0"/>
    <link:loc xlink:type="locator" xlink:href="fsa.xsd#fsa_PropertyPlantAndEquipment" xlink:label="PropertyPlantAndEquipment"/>
    <link:presentationArc xlink:type="arc" xlink:arcrole="http://www.xbrl.org/2003/arcrole/parent-child" xlink:from="NoncurrentAssets" xlink:to="PropertyPlantAndEquipment" xlink:title="presentation: NoncurrentAssets to PropertyPlantAndEquipment" order="20.0"/>
    <link:loc xlink:type="locator" xlink:href="fsa.xsd#fsa_LandAndBuildings" xlink:label="LandAndBuildings"/>
    <link:presentationArc xlink:type="arc" xlink:arcrole="http://www.xbrl.org/2003/arcrole/parent-child" xlink:from="PropertyPlantAndEquipment" xlink:to="LandAndBuildings" xlink:title="presentation: PropertyPlantAndEquipment to LandAndBuildings" order="10.0"/>
    <link:loc xlink:type="locator" xlink:href="fsa.xsd#fsa_InvestmentProperty" xlink:label="InvestmentProperty"/>
    <link:presentationArc xlink:type="arc" xlink:arcrole="http://www.xbrl.org/2003/arcrole/parent-child" xlink:from="PropertyPlantAndEquipment" xlink:to="InvestmentProperty" xlink:title="presentation: PropertyPlantAndEquipment to InvestmentProperty" order="20.0"/>
    <link:loc xlink:type="locator" xlink:href="fsa.xsd#fsa_OtherInvestmentAssets" xlink:label="OtherInvestmentAssets"/>
    <link:presentationArc xlink:type="arc" xlink:arcrole="http://www.xbrl.org/2003/arcrole/parent-child" xlink:from="PropertyPlantAndEquipment" xlink:to="OtherInvestmentAssets" xlink:title="presentation: PropertyPlantAndEquipment to OtherInvestmentAssets" order="30.0"/>
    <link:loc xlink:type="locator" xlink:href="fsa.xsd#fsa_PlantAndMachinery" xlink:label="PlantAndMachinery"/>
    <link:presentationArc xlink:type="arc" xlink:arcrole="http://www.xbrl.org/2003/arcrole/parent-child" xlink:from="PropertyPlantAndEquipment" xlink:to="PlantAndMachinery" xlink:title="presentation: PropertyPlantAndEquipment to PlantAndMachinery" order="40.0"/>
    <link:loc xlink:type="locator" xlink:href="fsa.xsd#fsa_FixturesFittingsToolsAndEquipment" xlink:label="FixturesFittingsToolsAndEquipment"/>
    <link:presentationArc xlink:type="arc" xlink:arcrole="http://www.xbrl.org/2003/arcrole/parent-child" xlink:from="PropertyPlantAndEquipment" xlink:to="FixturesFittingsToolsAndEquipment" xlink:title="presentation: PropertyPlantAndEquipment to FixturesFittingsToolsAndEquipment" order="50.0"/>
    <link:loc xlink:type="locator" xlink:href="fsa.xsd#fsa_BiologicalAssets" xlink:label="BiologicalAssets"/>
    <link:presentationArc xlink:type="arc" xlink:arcrole="http://www.xbrl.org/2003/arcrole/parent-child" xlink:from="PropertyPlantAndEquipment" xlink:to="BiologicalAssets" xlink:title="presentation: PropertyPlantAndEquipment to BiologicalAssets" order="60.0"/>
    <link:loc xlink:type="locator" xlink:href="fsa.xsd#fsa_LeaseholdImprovements" xlink:label="LeaseholdImprovements"/>
    <link:presentationArc xlink:type="arc" xlink:arcrole="http://www.xbrl.org/2003/arcrole/parent-child" xlink:from="PropertyPlantAndEquipment" xlink:to="LeaseholdImprovements" xlink:title="presentation: PropertyPlantAndEquipment to LeaseholdImprovements" order="70.0"/>
    <link:loc xlink:type="locator" xlink:href="fsa.xsd#fsa_Ships" xlink:label="Ships"/>
    <link:presentationArc xlink:type="arc" xlink:arcrole="http://www.xbrl.org/2003/arcrole/parent-child" xlink:from="PropertyPlantAndEquipment" xlink:to="Ships" xlink:title="presentation: PropertyPlantAndEquipment to Ships" order="80.0"/>
    <link:loc xlink:type="locator" xlink:href="fsa.xsd#fsa_Planes" xlink:label="Planes"/>
    <link:presentationArc xlink:type="arc" xlink:arcrole="http://www.xbrl.org/2003/arcrole/parent-child" xlink:from="PropertyPlantAndEquipment" xlink:to="Planes" xlink:title="presentation: PropertyPlantAndEquipment to Planes" order="90.0"/>
    <link:loc xlink:type="locator" xlink:href="fsa.xsd#fsa_PropertyPlantAndEquipmentInProgressAndPrepaymentsForPropertyPlantAndEquipment" xlink:label="PropertyPlantAndEquipmentInProgressAndPrepaymentsForPropertyPlantAndEquipment"/>
    <link:presentationArc xlink:type="arc" xlink:arcrole="http://www.xbrl.org/2003/arcrole/parent-child" xlink:from="PropertyPlantAndEquipment" xlink:to="PropertyPlantAndEquipmentInProgressAndPrepaymentsForPropertyPlantAndEquipment" xlink:title="presentation: PropertyPlantAndEquipment to PropertyPlantAndEquipmentInProgressAndPrepaymentsForPropertyPlantAndEquipment" order="100.0"/>
    <link:loc xlink:type="locator" xlink:href="fsa.xsd#fsa_PropertyPlantAndEquipmentInProgress" xlink:label="PropertyPlantAndEquipmentInProgress"/>
    <link:presentationArc xlink:type="arc" xlink:arcrole="http://www.xbrl.org/2003/arcrole/parent-child" xlink:from="PropertyPlantAndEquipmentInProgressAndPrepaymentsForPropertyPlantAndEquipment" xlink:to="PropertyPlantAndEquipmentInProgress" xlink:title="presentation: PropertyPlantAndEquipmentInProgressAndPrepaymentsForPropertyPlantAndEquipment to PropertyPlantAndEquipmentInProgress" order="10.0"/>
    <link:loc xlink:type="locator" xlink:href="fsa.xsd#fsa_PrepaymentsForPropertyPlantAndEquipment" xlink:label="PrepaymentsForPropertyPlantAndEquipment"/>
    <link:presentationArc xlink:type="arc" xlink:arcrole="http://www.xbrl.org/2003/arcrole/parent-child" xlink:from="PropertyPlantAndEquipmentInProgressAndPrepaymentsForPropertyPlantAndEquipment" xlink:to="PrepaymentsForPropertyPlantAndEquipment" xlink:title="presentation: PropertyPlantAndEquipmentInProgressAndPrepaymentsForPropertyPlantAndEquipment to PrepaymentsForPropertyPlantAndEquipment" order="20.0"/>
    <link:loc xlink:type="locator" xlink:href="fsa.xsd#fsa_LongtermInvestmentsAndReceivables" xlink:label="LongtermInvestmentsAndReceivables"/>
    <link:presentationArc xlink:type="arc" xlink:arcrole="http://www.xbrl.org/2003/arcrole/parent-child" xlink:from="NoncurrentAssets" xlink:to="LongtermInvestmentsAndReceivables" xlink:title="presentation: NoncurrentAssets to LongtermInvestmentsAndReceivables" order="30.0"/>
    <link:loc xlink:type="locator" xlink:href="fsa.xsd#fsa_LongtermInvestmentsInGroupEnterprises" xlink:label="LongtermInvestmentsInGroupEnterprises"/>
    <link:presentationArc xlink:type="arc" xlink:arcrole="http://www.xbrl.org/2003/arcrole/parent-child" xlink:from="LongtermInvestmentsAndReceivables" xlink:to="LongtermInvestmentsInGroupEnterprises" xlink:title="presentation: LongtermInvestmentsAndReceivables to LongtermInvestmentsInGroupEnterprises" order="10.0"/>
    <link:loc xlink:type="locator" xlink:href="fsa.xsd#fsa_LongtermReceivablesFromGroupEnterprises" xlink:label="LongtermReceivablesFromGroupEnterprises"/>
    <link:presentationArc xlink:type="arc" xlink:arcrole="http://www.xbrl.org/2003/arcrole/parent-child" xlink:from="LongtermInvestmentsAndReceivables" xlink:to="LongtermReceivablesFromGroupEnterprises" xlink:title="presentation: LongtermInvestmentsAndReceivables to LongtermReceivablesFromGroupEnterprises" order="20.0"/>
    <link:loc xlink:type="locator" xlink:href="fsa.xsd#fsa_LongtermInvestmentsInAssociates" xlink:label="LongtermInvestmentsInAssociates"/>
    <link:presentationArc xlink:type="arc" xlink:arcrole="http://www.xbrl.org/2003/arcrole/parent-child" xlink:from="LongtermInvestmentsAndReceivables" xlink:to="LongtermInvestmentsInAssociates" xlink:title="presentation: LongtermInvestmentsAndReceivables to LongtermInvestmentsInAssociates" order="30.0"/>
    <link:loc xlink:type="locator" xlink:href="fsa.xsd#fsa_LongtermReceivablesFromAssociates" xlink:label="LongtermReceivablesFromAssociates"/>
    <link:presentationArc xlink:type="arc" xlink:arcrole="http://www.xbrl.org/2003/arcrole/parent-child" xlink:from="LongtermInvestmentsAndReceivables" xlink:to="LongtermReceivablesFromAssociates" xlink:title="presentation: LongtermInvestmentsAndReceivables to LongtermReceivablesFromAssociates" order="40.0"/>
    <link:loc xlink:type="locator" xlink:href="fsa.xsd#fsa_OtherLongtermInvestments" xlink:label="OtherLongtermInvestments"/>
    <link:presentationArc xlink:type="arc" xlink:arcrole="http://www.xbrl.org/2003/arcrole/parent-child" xlink:from="LongtermInvestmentsAndReceivables" xlink:to="OtherLongtermInvestments" xlink:title="presentation: LongtermInvestmentsAndReceivables to OtherLongtermInvestments" order="60.0"/>
    <link:loc xlink:type="locator" xlink:href="fsa.xsd#fsa_OtherLongtermReceivables" xlink:label="OtherLongtermReceivables"/>
    <link:presentationArc xlink:type="arc" xlink:arcrole="http://www.xbrl.org/2003/arcrole/parent-child" xlink:from="LongtermInvestmentsAndReceivables" xlink:to="OtherLongtermReceivables" xlink:title="presentation: LongtermInvestmentsAndReceivables to OtherLongtermReceivables" order="70.0"/>
    <link:loc xlink:type="locator" xlink:href="fsa.xsd#fsa_LongtermReceivablesFromOwnersAndManagement" xlink:label="LongtermReceivablesFromOwnersAndManagement"/>
    <link:presentationArc xlink:type="arc" xlink:arcrole="http://www.xbrl.org/2003/arcrole/parent-child" xlink:from="LongtermInvestmentsAndReceivables" xlink:to="LongtermReceivablesFromOwnersAndManagement" xlink:title="presentation: LongtermInvestmentsAndReceivables to LongtermReceivablesFromOwnersAndManagement" order="80.0"/>
    <link:loc xlink:type="locator" xlink:href="fsa.xsd#fsa_NoncurrentDeferredTaxAssets" xlink:label="NoncurrentDeferredTaxAssets"/>
    <link:presentationArc xlink:type="arc" xlink:arcrole="http://www.xbrl.org/2003/arcrole/parent-child" xlink:from="LongtermInvestmentsAndReceivables" xlink:to="NoncurrentDeferredTaxAssets" xlink:title="presentation: LongtermInvestmentsAndReceivables to NoncurrentDeferredTaxAssets" order="90.0"/>
    <link:loc xlink:type="locator" xlink:href="fsa.xsd#fsa_DepositsLongtermInvestmentsAndReceivables" xlink:label="DepositsLongtermInvestmentsAndReceivables" xlink:title="DepositsLongtermInvestmentsAndReceivables"/>
    <link:presentationArc xlink:type="arc" xlink:arcrole="http://www.xbrl.org/2003/arcrole/parent-child" xlink:from="LongtermInvestmentsAndReceivables" xlink:to="DepositsLongtermInvestmentsAndReceivables" xlink:title="presentation: LongtermInvestmentsAndReceivables to DepositsLongtermInvestmentsAndReceivables" order="100.0"/>
    <link:loc xlink:type="locator" xlink:href="fsa.xsd#fsa_CostExceedsIncomeForTheFinancialYearLongtermReceivables" xlink:label="CostExceedsIncomeForTheFinancialYearLongtermReceivables" xlink:title="CostExceedsIncomeForTheFinancialYearLongtermReceivables"/>
    <link:presentationArc xlink:type="arc" xlink:arcrole="http://www.xbrl.org/2003/arcrole/parent-child" xlink:from="LongtermInvestmentsAndReceivables" xlink:to="CostExceedsIncomeForTheFinancialYearLongtermReceivables" xlink:title="presentation: LongtermInvestmentsAndReceivables to CostExceedsIncomeForTheFinancialYearLongtermReceivables" order="110.0"/>
    <link:loc xlink:type="locator" xlink:href="fsa.xsd#fsa_ContributedCapitalInArrearsLongTerm" xlink:label="ContributedCapitalInArrearsLongTerm" xlink:title="ContributedCapitalInArrearsLongTerm"/>
    <link:presentationArc xlink:type="arc" xlink:arcrole="http://www.xbrl.org/2003/arcrole/parent-child" xlink:from="LongtermInvestmentsAndReceivables" xlink:to="ContributedCapitalInArrearsLongTerm" xlink:title="presentation: LongtermInvestmentsAndReceivables to ContributedCapitalInArrearsLongTerm" order="120.0"/>
    <link:loc xlink:type="locator" xlink:href="fsa.xsd#fsa_LongtermInvestmentsInJointVentures" xlink:label="LongtermInvestmentsInJointVentures" xlink:title="LongtermInvestmentsInJointVentures"/>
    <link:presentationArc xlink:type="arc" xlink:arcrole="http://www.xbrl.org/2003/arcrole/parent-child" xlink:from="LongtermInvestmentsAndReceivables" xlink:to="LongtermInvestmentsInJointVentures" xlink:title="presentation: LongtermInvestmentsAndReceivables to LongtermInvestmentsInJointVentures" order="50.0"/>
    <link:loc xlink:type="locator" xlink:href="fsa.xsd#fsa_CurrentAssets" xlink:label="CurrentAssets"/>
    <link:presentationArc xlink:type="arc" xlink:arcrole="http://www.xbrl.org/2003/arcrole/parent-child" xlink:from="Assets" xlink:to="CurrentAssets" xlink:title="presentation: Assets to CurrentAssets" order="20.0"/>
    <link:loc xlink:type="locator" xlink:href="fsa.xsd#fsa_Inventories" xlink:label="Inventories"/>
    <link:presentationArc xlink:type="arc" xlink:arcrole="http://www.xbrl.org/2003/arcrole/parent-child" xlink:from="CurrentAssets" xlink:to="Inventories" xlink:title="presentation: CurrentAssets to Inventories" order="10.0"/>
    <link:loc xlink:type="locator" xlink:href="fsa.xsd#fsa_RawMaterialsAndConsumables" xlink:label="RawMaterialsAndConsumables"/>
    <link:presentationArc xlink:type="arc" xlink:arcrole="http://www.xbrl.org/2003/arcrole/parent-child" xlink:from="Inventories" xlink:to="RawMaterialsAndConsumables" xlink:title="presentation: Inventories to RawMaterialsAndConsumables" order="10.0"/>
    <link:loc xlink:type="locator" xlink:href="fsa.xsd#fsa_WorkInProgress" xlink:label="WorkInProgress"/>
    <link:presentationArc xlink:type="arc" xlink:arcrole="http://www.xbrl.org/2003/arcrole/parent-child" xlink:from="Inventories" xlink:to="WorkInProgress" xlink:title="presentation: Inventories to WorkInProgress" order="20.0"/>
    <link:loc xlink:type="locator" xlink:href="fsa.xsd#fsa_ManufacturedGoodsAndGoodsForResale" xlink:label="ManufacturedGoodsAndGoodsForResale"/>
    <link:presentationArc xlink:type="arc" xlink:arcrole="http://www.xbrl.org/2003/arcrole/parent-child" xlink:from="Inventories" xlink:to="ManufacturedGoodsAndGoodsForResale" xlink:title="presentation: Inventories to ManufacturedGoodsAndGoodsForResale" order="30.0"/>
    <link:loc xlink:type="locator" xlink:href="fsa.xsd#fsa_PrepaymentsForGoods" xlink:label="PrepaymentsForGoods"/>
    <link:presentationArc xlink:type="arc" xlink:arcrole="http://www.xbrl.org/2003/arcrole/parent-child" xlink:from="Inventories" xlink:to="PrepaymentsForGoods" xlink:title="presentation: Inventories to PrepaymentsForGoods" order="40.0"/>
    <link:loc xlink:type="locator" xlink:href="fsa.xsd#fsa_Livestock" xlink:label="Livestock"/>
    <link:presentationArc xlink:type="arc" xlink:arcrole="http://www.xbrl.org/2003/arcrole/parent-child" xlink:from="Inventories" xlink:to="Livestock" xlink:title="presentation: Inventories to Livestock" order="50.0"/>
    <link:loc xlink:type="locator" xlink:href="fsa.xsd#fsa_AssetsHeldForSaleInventories" xlink:label="AssetsHeldForSaleInventories" xlink:title="AssetsHeldForSaleInventories"/>
    <link:presentationArc xlink:type="arc" xlink:arcrole="http://www.xbrl.org/2003/arcrole/parent-child" xlink:from="Inventories" xlink:to="AssetsHeldForSaleInventories" xlink:title="presentation: Inventories to AssetsHeldForSaleInventories" order="60.0"/>
    <link:loc xlink:type="locator" xlink:href="fsa.xsd#fsa_ShorttermReceivables" xlink:label="ShorttermReceivables"/>
    <link:presentationArc xlink:type="arc" xlink:arcrole="http://www.xbrl.org/2003/arcrole/parent-child" xlink:from="CurrentAssets" xlink:to="ShorttermReceivables" xlink:title="presentation: CurrentAssets to ShorttermReceivables" order="20.0"/>
    <link:loc xlink:type="locator" xlink:href="fsa.xsd#fsa_ShorttermTradeReceivables" xlink:label="ShorttermTradeReceivables"/>
    <link:presentationArc xlink:type="arc" xlink:arcrole="http://www.xbrl.org/2003/arcrole/parent-child" xlink:from="ShorttermReceivables" xlink:to="ShorttermTradeReceivables" xlink:title="presentation: ShorttermReceivables to ShorttermTradeReceivables" order="10.0"/>
    <link:loc xlink:type="locator" xlink:href="fsa.xsd#fsa_ContractWorkInProgress" xlink:label="ContractWorkInProgress"/>
    <link:presentationArc xlink:type="arc" xlink:arcrole="http://www.xbrl.org/2003/arcrole/parent-child" xlink:from="ShorttermReceivables" xlink:to="ContractWorkInProgress" xlink:title="presentation: ShorttermReceivables to ContractWorkInProgress" order="20.0"/>
    <link:loc xlink:type="locator" xlink:href="fsa.xsd#fsa_ShorttermReceivablesFromGroupEnterprises" xlink:label="ShorttermReceivablesFromGroupEnterprises"/>
    <link:presentationArc xlink:type="arc" xlink:arcrole="http://www.xbrl.org/2003/arcrole/parent-child" xlink:from="ShorttermReceivables" xlink:to="ShorttermReceivablesFromGroupEnterprises" xlink:title="presentation: ShorttermReceivables to ShorttermReceivablesFromGroupEnterprises" order="30.0"/>
    <link:loc xlink:type="locator" xlink:href="fsa.xsd#fsa_ShorttermReceivablesFromAssociates" xlink:label="ShorttermReceivablesFromAssociates"/>
    <link:presentationArc xlink:type="arc" xlink:arcrole="http://www.xbrl.org/2003/arcrole/parent-child" xlink:from="ShorttermReceivables" xlink:to="ShorttermReceivablesFromAssociates" xlink:title="presentation: ShorttermReceivables to ShorttermReceivablesFromAssociates" order="40.0"/>
    <link:loc xlink:type="locator" xlink:href="fsa.xsd#fsa_ShorttermReceivablesFromOwnersAndManagement" xlink:label="ShorttermReceivablesFromOwnersAndManagement"/>
    <link:presentationArc xlink:type="arc" xlink:arcrole="http://www.xbrl.org/2003/arcrole/parent-child" xlink:from="ShorttermReceivables" xlink:to="ShorttermReceivablesFromOwnersAndManagement" xlink:title="presentation: ShorttermReceivables to ShorttermReceivablesFromOwnersAndManagement" order="110.0"/>
    <link:loc xlink:type="locator" xlink:href="fsa.xsd#fsa_ShorttermReceivablesDividendsFromGroupEnterprises" xlink:label="ShorttermReceivablesDividendsFromGroupEnterprises"/>
    <link:presentationArc xlink:type="arc" xlink:arcrole="http://www.xbrl.org/2003/arcrole/parent-child" xlink:from="ShorttermReceivables" xlink:to="ShorttermReceivablesDividendsFromGroupEnterprises" xlink:title="presentation: ShorttermReceivables to ShorttermReceivablesDividendsFromGroupEnterprises" order="50.0"/>
    <link:loc xlink:type="locator" xlink:href="fsa.xsd#fsa_ShorttermReceivablesDividendsFromAssociates" xlink:label="ShorttermReceivablesDividendsFromAssociates"/>
    <link:presentationArc xlink:type="arc" xlink:arcrole="http://www.xbrl.org/2003/arcrole/parent-child" xlink:from="ShorttermReceivables" xlink:to="ShorttermReceivablesDividendsFromAssociates" xlink:title="presentation: ShorttermReceivables to ShorttermReceivablesDividendsFromAssociates" order="60.0"/>
    <link:loc xlink:type="locator" xlink:href="fsa.xsd#fsa_OtherShorttermReceivables" xlink:label="OtherShorttermReceivables"/>
    <link:presentationArc xlink:type="arc" xlink:arcrole="http://www.xbrl.org/2003/arcrole/parent-child" xlink:from="ShorttermReceivables" xlink:to="OtherShorttermReceivables" xlink:title="presentation: ShorttermReceivables to OtherShorttermReceivables" order="90.0"/>
    <link:loc xlink:type="locator" xlink:href="fsa.xsd#fsa_ShorttermTaxReceivables" xlink:label="ShorttermTaxReceivables"/>
    <link:presentationArc xlink:type="arc" xlink:arcrole="http://www.xbrl.org/2003/arcrole/parent-child" xlink:from="ShorttermReceivables" xlink:to="ShorttermTaxReceivables" xlink:title="presentation: ShorttermReceivables to ShorttermTaxReceivables" order="70.0"/>
    <link:loc xlink:type="locator" xlink:href="fsa.xsd#fsa_ContributedCapitalInArrears" xlink:label="ContributedCapitalInArrears"/>
    <link:presentationArc xlink:type="arc" xlink:arcrole="http://www.xbrl.org/2003/arcrole/parent-child" xlink:from="ShorttermReceivables" xlink:to="ContributedCapitalInArrears" xlink:title="presentation: ShorttermReceivables to ContributedCapitalInArrears" order="100.0"/>
    <link:loc xlink:type="locator" xlink:href="fsa.xsd#fsa_DeferredIncomeAssets" xlink:label="DeferredIncomeAssets"/>
    <link:presentationArc xlink:type="arc" xlink:arcrole="http://www.xbrl.org/2003/arcrole/parent-child" xlink:from="ShorttermReceivables" xlink:to="DeferredIncomeAssets" xlink:title="presentation: ShorttermReceivables to DeferredIncomeAssets" order="120.0"/>
    <link:loc xlink:type="locator" xlink:href="fsa.xsd#fsa_CostExceedsIncomeForTheFinancialYearShorttermReceivables" xlink:label="CostExceedsIncomeForTheFinancialYearShorttermReceivables" xlink:title="CostExceedsIncomeForTheFinancialYearShorttermReceivables"/>
    <link:presentationArc xlink:type="arc" xlink:arcrole="http://www.xbrl.org/2003/arcrole/parent-child" xlink:from="ShorttermReceivables" xlink:to="CostExceedsIncomeForTheFinancialYearShorttermReceivables" xlink:title="presentation: ShorttermReceivables to CostExceedsIncomeForTheFinancialYearShorttermReceivables" order="130.0"/>
    <link:loc xlink:type="locator" xlink:href="fsa.xsd#fsa_TimingDifferencesShorttermReceivablesEspeciallyUtilities" xlink:label="TimingDifferencesShorttermReceivablesEspeciallyUtilities" xlink:title="TimingDifferencesShorttermReceivablesEspeciallyUtilities"/>
    <link:presentationArc xlink:type="arc" xlink:arcrole="http://www.xbrl.org/2003/arcrole/parent-child" xlink:from="ShorttermReceivables" xlink:to="TimingDifferencesShorttermReceivablesEspeciallyUtilities" xlink:title="presentation: ShorttermReceivables to TimingDifferencesShorttermReceivablesEspeciallyUtilities" order="140.0"/>
    <link:loc xlink:type="locator" xlink:href="fsa.xsd#fsa_ShorttermTaxReceivablesFromGroupEnterprises" xlink:label="ShorttermTaxReceivablesFromGroupEnterprises" xlink:title="ShorttermTaxReceivablesFromGroupEnterprises"/>
    <link:presentationArc xlink:type="arc" xlink:arcrole="http://www.xbrl.org/2003/arcrole/parent-child" xlink:from="ShorttermReceivables" xlink:to="ShorttermTaxReceivablesFromGroupEnterprises" xlink:title="presentation: ShorttermReceivables to ShorttermTaxReceivablesFromGroupEnterprises" order="80.0"/>
    <link:loc xlink:type="locator" xlink:href="fsa.xsd#fsa_ShorttermInvestments" xlink:label="ShorttermInvestments"/>
    <link:presentationArc xlink:type="arc" xlink:arcrole="http://www.xbrl.org/2003/arcrole/parent-child" xlink:from="CurrentAssets" xlink:to="ShorttermInvestments" xlink:title="presentation: CurrentAssets to ShorttermInvestments" order="30.0"/>
    <link:loc xlink:type="locator" xlink:href="fsa.xsd#fsa_ShorttermInvestmentsInGroupEnterprises" xlink:label="ShorttermInvestmentsInGroupEnterprises"/>
    <link:presentationArc xlink:type="arc" xlink:arcrole="http://www.xbrl.org/2003/arcrole/parent-child" xlink:from="ShorttermInvestments" xlink:to="ShorttermInvestmentsInGroupEnterprises" xlink:title="presentation: ShorttermInvestments to ShorttermInvestmentsInGroupEnterprises" order="10.0"/>
    <link:loc xlink:type="locator" xlink:href="fsa.xsd#fsa_ShorttermInvestmentsInAssociates" xlink:label="ShorttermInvestmentsInAssociates"/>
    <link:presentationArc xlink:type="arc" xlink:arcrole="http://www.xbrl.org/2003/arcrole/parent-child" xlink:from="ShorttermInvestments" xlink:to="ShorttermInvestmentsInAssociates" xlink:title="presentation: ShorttermInvestments to ShorttermInvestmentsInAssociates" order="20.0"/>
    <link:loc xlink:type="locator" xlink:href="fsa.xsd#fsa_OtherShorttermInvestments" xlink:label="OtherShorttermInvestments"/>
    <link:presentationArc xlink:type="arc" xlink:arcrole="http://www.xbrl.org/2003/arcrole/parent-child" xlink:from="ShorttermInvestments" xlink:to="OtherShorttermInvestments" xlink:title="presentation: ShorttermInvestments to OtherShorttermInvestments" order="40.0"/>
    <link:loc xlink:type="locator" xlink:href="fsa.xsd#fsa_InvestmentsInJointVentures" xlink:label="InvestmentsInJointVentures" xlink:title="InvestmentsInJointVentures"/>
    <link:presentationArc xlink:type="arc" xlink:arcrole="http://www.xbrl.org/2003/arcrole/parent-child" xlink:from="ShorttermInvestments" xlink:to="InvestmentsInJointVentures" xlink:title="presentation: ShorttermInvestments to InvestmentsInJointVentures" order="30.0"/>
    <link:loc xlink:type="locator" xlink:href="fsa.xsd#fsa_CashAndCashEquivalents" xlink:label="CashAndCashEquivalents"/>
    <link:presentationArc xlink:type="arc" xlink:arcrole="http://www.xbrl.org/2003/arcrole/parent-child" xlink:from="CurrentAssets" xlink:to="CashAndCashEquivalents" xlink:title="presentation: CurrentAssets to CashAndCashEquivalents" order="40.0"/>
    <link:loc xlink:type="locator" xlink:href="fsa.xsd#fsa_AssetsMeantForSale" xlink:label="AssetsMeantForSale" xlink:title="AssetsMeantForSale"/>
    <link:presentationArc xlink:type="arc" xlink:arcrole="http://www.xbrl.org/2003/arcrole/parent-child" xlink:from="Assets" xlink:to="AssetsMeantForSale" xlink:title="presentation: Assets to AssetsMeantForSale" order="30.0"/>
    <link:loc xlink:type="locator" xlink:href="fsa.xsd#fsa_LiabilitiesAndEquity" xlink:label="LiabilitiesAndEquity"/>
    <link:presentationArc xlink:type="arc" xlink:arcrole="http://www.xbrl.org/2003/arcrole/parent-child" xlink:from="BalanceSheetAccountByCurrentAndLongTermFormAbstract" xlink:to="LiabilitiesAndEquity" xlink:title="presentation: BalanceSheetAccountByCurrentAndLongTermFormAbstract to LiabilitiesAndEquity" order="30.0"/>
    <link:loc xlink:type="locator" xlink:href="fsa.xsd#fsa_Equity" xlink:label="Equity"/>
    <link:presentationArc xlink:type="arc" xlink:arcrole="http://www.xbrl.org/2003/arcrole/parent-child" xlink:from="LiabilitiesAndEquity" xlink:to="Equity" xlink:title="presentation: LiabilitiesAndEquity to Equity" order="10.0"/>
    <link:loc xlink:type="locator" xlink:href="fsa.xsd#fsa_ContributedCapital" xlink:label="ContributedCapital"/>
    <link:presentationArc xlink:type="arc" xlink:arcrole="http://www.xbrl.org/2003/arcrole/parent-child" xlink:from="Equity" xlink:to="ContributedCapital" xlink:title="presentation: Equity to ContributedCapital" order="10.0"/>
    <link:loc xlink:type="locator" xlink:href="fsa.xsd#fsa_SharePremium" xlink:label="SharePremium"/>
    <link:presentationArc xlink:type="arc" xlink:arcrole="http://www.xbrl.org/2003/arcrole/parent-child" xlink:from="Equity" xlink:to="SharePremium" xlink:title="presentation: Equity to SharePremium" order="30.0"/>
    <link:loc xlink:type="locator" xlink:href="fsa.xsd#fsa_RevaluationReserve" xlink:label="RevaluationReserve"/>
    <link:presentationArc xlink:type="arc" xlink:arcrole="http://www.xbrl.org/2003/arcrole/parent-child" xlink:from="Equity" xlink:to="RevaluationReserve" xlink:title="presentation: Equity to RevaluationReserve" order="40.0"/>
    <link:loc xlink:type="locator" xlink:href="fsa.xsd#fsa_OtherReserves" xlink:label="OtherReserves"/>
    <link:presentationArc xlink:type="arc" xlink:arcrole="http://www.xbrl.org/2003/arcrole/parent-child" xlink:from="Equity" xlink:to="OtherReserves" xlink:title="presentation: Equity to OtherReserves" order="50.0"/>
    <link:loc xlink:type="locator" xlink:href="fsa.xsd#fsa_ReserveForNetRevaluationAccordingToEquityMethod" xlink:label="ReserveForNetRevaluationAccordingToEquityMethod"/>
    <link:presentationArc xlink:type="arc" xlink:arcrole="http://www.xbrl.org/2003/arcrole/parent-child" xlink:from="OtherReserves" xlink:to="ReserveForNetRevaluationAccordingToEquityMethod" xlink:title="presentation: OtherReserves to ReserveForNetRevaluationAccordingToEquityMethod" order="10.0"/>
    <link:loc xlink:type="locator" xlink:href="fsa.xsd#fsa_ReserveForLoansAndCollaterals" xlink:label="ReserveForLoansAndCollaterals"/>
    <link:presentationArc xlink:type="arc" xlink:arcrole="http://www.xbrl.org/2003/arcrole/parent-child" xlink:from="OtherReserves" xlink:to="ReserveForLoansAndCollaterals" xlink:title="presentation: OtherReserves to ReserveForLoansAndCollaterals" order="20.0"/>
    <link:loc xlink:type="locator" xlink:href="fsa.xsd#fsa_ReserveForUnpaidContributedCapital" xlink:label="ReserveForUnpaidContributedCapital"/>
    <link:presentationArc xlink:type="arc" xlink:arcrole="http://www.xbrl.org/2003/arcrole/parent-child" xlink:from="OtherReserves" xlink:to="ReserveForUnpaidContributedCapital" xlink:title="presentation: OtherReserves to ReserveForUnpaidContributedCapital" order="30.0"/>
    <link:loc xlink:type="locator" xlink:href="fsa.xsd#fsa_OtherStatutoryReserves" xlink:label="OtherStatutoryReserves"/>
    <link:presentationArc xlink:type="arc" xlink:arcrole="http://www.xbrl.org/2003/arcrole/parent-child" xlink:from="OtherReserves" xlink:to="OtherStatutoryReserves" xlink:title="presentation: OtherReserves to OtherStatutoryReserves" order="60.0"/>
    <link:loc xlink:type="locator" xlink:href="fsa.xsd#fsa_ReserveAccordingToArticlesOfAssociation" xlink:label="ReserveAccordingToArticlesOfAssociation"/>
    <link:presentationArc xlink:type="arc" xlink:arcrole="http://www.xbrl.org/2003/arcrole/parent-child" xlink:from="OtherReserves" xlink:to="ReserveAccordingToArticlesOfAssociation" xlink:title="presentation: OtherReserves to ReserveAccordingToArticlesOfAssociation" order="70.0"/>
    <link:loc xlink:type="locator" xlink:href="fsa.xsd#fsa_RestOfOtherReserves" xlink:label="RestOfOtherReserves"/>
    <link:presentationArc xlink:type="arc" xlink:arcrole="http://www.xbrl.org/2003/arcrole/parent-child" xlink:from="OtherReserves" xlink:to="RestOfOtherReserves" xlink:title="presentation: OtherReserves to RestOfOtherReserves" order="80.0"/>
    <link:loc xlink:type="locator" xlink:href="fsa.xsd#fsa_ReserveForEntrepreneurialCompany" xlink:label="ReserveForEntrepreneurialCompany" xlink:title="ReserveForEntrepreneurialCompany"/>
    <link:presentationArc xlink:type="arc" xlink:arcrole="http://www.xbrl.org/2003/arcrole/parent-child" xlink:from="OtherReserves" xlink:to="ReserveForEntrepreneurialCompany" xlink:title="presentation: OtherReserves to ReserveForEntrepreneurialCompany" order="40.0"/>
    <link:loc xlink:type="locator" xlink:href="fsa.xsd#fsa_ReserveForDevelopmentExpenditure" xlink:label="ReserveForDevelopmentExpenditure" xlink:title="ReserveForDevelopmentExpenditure"/>
    <link:presentationArc xlink:type="arc" xlink:arcrole="http://www.xbrl.org/2003/arcrole/parent-child" xlink:from="OtherReserves" xlink:to="ReserveForDevelopmentExpenditure" xlink:title="presentation: OtherReserves to ReserveForDevelopmentExpenditure" order="50.0"/>
    <link:loc xlink:type="locator" xlink:href="fsa.xsd#fsa_RetainedEarnings" xlink:label="RetainedEarnings"/>
    <link:presentationArc xlink:type="arc" xlink:arcrole="http://www.xbrl.org/2003/arcrole/parent-child" xlink:from="Equity" xlink:to="RetainedEarnings" xlink:title="presentation: Equity to RetainedEarnings" order="60.0"/>
    <link:loc xlink:type="locator" xlink:href="fsa.xsd#fsa_Distributions" xlink:label="Distributions"/>
    <link:presentationArc xlink:type="arc" xlink:arcrole="http://www.xbrl.org/2003/arcrole/parent-child" xlink:from="Equity" xlink:to="Distributions" xlink:title="presentation: Equity to Distributions" order="70.0"/>
    <link:loc xlink:type="locator" xlink:href="fsa.xsd#fsa_ProposedDividendRecognisedInEquity" xlink:label="ProposedDividendRecognisedInEquity"/>
    <link:presentationArc xlink:type="arc" xlink:arcrole="http://www.xbrl.org/2003/arcrole/parent-child" xlink:from="Equity" xlink:to="ProposedDividendRecognisedInEquity" xlink:title="presentation: Equity to ProposedDividendRecognisedInEquity" order="80.0"/>
    <link:loc xlink:type="locator" xlink:href="fsa.xsd#fsa_NotPaidContributedCapital" xlink:label="NotPaidContributedCapital"/>
    <link:presentationArc xlink:type="arc" xlink:arcrole="http://www.xbrl.org/2003/arcrole/parent-child" xlink:from="Equity" xlink:to="NotPaidContributedCapital" xlink:title="presentation: Equity to NotPaidContributedCapital" order="100.0"/>
    <link:loc xlink:type="locator" xlink:href="fsa.xsd#fsa_PaidContributedCapital" xlink:label="PaidContributedCapital"/>
    <link:presentationArc xlink:type="arc" xlink:arcrole="http://www.xbrl.org/2003/arcrole/parent-child" xlink:from="Equity" xlink:to="PaidContributedCapital" xlink:title="presentation: Equity to PaidContributedCapital" order="20.0"/>
    <link:loc xlink:type="locator" xlink:href="fsa.xsd#fsa_HedgeFund" xlink:label="HedgeFund" xlink:title="HedgeFund"/>
    <link:presentationArc xlink:type="arc" xlink:arcrole="http://www.xbrl.org/2003/arcrole/parent-child" xlink:from="Equity" xlink:to="HedgeFund" xlink:title="presentation: Equity to HedgeFund" order="110.0"/>
    <link:loc xlink:type="locator" xlink:href="fsa.xsd#fsa_ReserveFund" xlink:label="ReserveFund" xlink:title="ReserveFund"/>
    <link:presentationArc xlink:type="arc" xlink:arcrole="http://www.xbrl.org/2003/arcrole/parent-child" xlink:from="Equity" xlink:to="ReserveFund" xlink:title="presentation: Equity to ReserveFund" order="120.0"/>
    <link:loc xlink:type="locator" xlink:href="fsa.xsd#fsa_TransferredToFromReservesAvailable" xlink:label="TransferredToFromReservesAvailable" xlink:title="TransferredToFromReservesAvailable"/>
    <link:presentationArc xlink:type="arc" xlink:arcrole="http://www.xbrl.org/2003/arcrole/parent-child" xlink:from="Equity" xlink:to="TransferredToFromReservesAvailable" xlink:title="presentation: Equity to TransferredToFromReservesAvailable" order="130.0"/>
    <link:loc xlink:type="locator" xlink:href="fsa.xsd#fsa_ProposedExtraordinaryDividendRecognisedInEquity" xlink:label="ProposedExtraordinaryDividendRecognisedInEquity" xlink:title="ProposedExtraordinaryDividendRecognisedInEquity"/>
    <link:presentationArc xlink:type="arc" xlink:arcrole="http://www.xbrl.org/2003/arcrole/parent-child" xlink:from="Equity" xlink:to="ProposedExtraordinaryDividendRecognisedInEquity" xlink:title="presentation: Equity to ProposedExtraordinaryDividendRecognisedInEquity" order="90.0"/>
    <link:loc xlink:type="locator" xlink:href="fsa.xsd#fsa_LiquidationAccount" xlink:label="LiquidationAccount" xlink:title="LiquidationAccount"/>
    <link:presentationArc xlink:type="arc" xlink:arcrole="http://www.xbrl.org/2003/arcrole/parent-child" xlink:from="Equity" xlink:to="LiquidationAccount" xlink:title="presentation: Equity to LiquidationAccount" order="140.0"/>
    <link:loc xlink:type="locator" xlink:href="fsa.xsd#fsa_MinorityInterests" xlink:label="MinorityInterests"/>
    <link:presentationArc xlink:type="arc" xlink:arcrole="http://www.xbrl.org/2003/arcrole/parent-child" xlink:from="Equity" xlink:to="MinorityInterests" xlink:title="presentation: Equity to MinorityInterests" order="160.0"/>
    <link:loc xlink:type="locator" xlink:href="fsa.xsd#fsa_ActuarialProfitLossWhichIsAPartOfTheCalculationOfContingentPensions" xlink:label="ActuarialProfitLossWhichIsAPartOfTheCalculationOfContingentPensions" xlink:title="ActuarialProfitLossWhichIsAPartOfTheCalculationOfContingentPensions"/>
    <link:presentationArc xlink:type="arc" xlink:arcrole="http://www.xbrl.org/2003/arcrole/parent-child" xlink:from="Equity" xlink:to="ActuarialProfitLossWhichIsAPartOfTheCalculationOfContingentPensions" xlink:title="presentation: Equity to ActuarialProfitLossWhichIsAPartOfTheCalculationOfContingentPensions" order="150.0"/>
    <link:loc xlink:type="locator" xlink:href="fsa.xsd#fsa_LongtermLiabilitiesOtherThanProvisions" xlink:label="LongtermLiabilitiesOtherThanProvisions" xlink:title="LongtermLiabilitiesOtherThanProvisions"/>
    <link:presentationArc xlink:type="arc" xlink:arcrole="http://www.xbrl.org/2003/arcrole/parent-child" xlink:from="LiabilitiesAndEquity" xlink:to="LongtermLiabilitiesOtherThanProvisions" xlink:title="presentation: LiabilitiesAndEquity to LongtermLiabilitiesOtherThanProvisions" order="20.0"/>
    <link:loc xlink:type="locator" xlink:href="fsa.xsd#fsa_LongtermPayablesToShareholdersAndManagement" xlink:label="LongtermPayablesToShareholdersAndManagement" xlink:title="LongtermPayablesToShareholdersAndManagement"/>
    <link:presentationArc xlink:type="arc" xlink:arcrole="http://www.xbrl.org/2003/arcrole/parent-child" xlink:from="LongtermLiabilitiesOtherThanProvisions" xlink:to="LongtermPayablesToShareholdersAndManagement" xlink:title="presentation: LongtermLiabilitiesOtherThanProvisions to LongtermPayablesToShareholdersAndManagement" order="130.0"/>
    <link:loc xlink:type="locator" xlink:href="fsa.xsd#fsa_LongtermEquityLoan" xlink:label="LongtermEquityLoan" xlink:title="LongtermEquityLoan"/>
    <link:presentationArc xlink:type="arc" xlink:arcrole="http://www.xbrl.org/2003/arcrole/parent-child" xlink:from="LongtermLiabilitiesOtherThanProvisions" xlink:to="LongtermEquityLoan" xlink:title="presentation: LongtermLiabilitiesOtherThanProvisions to LongtermEquityLoan" order="270.0"/>
    <link:loc xlink:type="locator" xlink:href="fsa.xsd#fsa_LongtermLeaseCommitments" xlink:label="LongtermLeaseCommitments" xlink:title="LongtermLeaseCommitments"/>
    <link:presentationArc xlink:type="arc" xlink:arcrole="http://www.xbrl.org/2003/arcrole/parent-child" xlink:from="LongtermLiabilitiesOtherThanProvisions" xlink:to="LongtermLeaseCommitments" xlink:title="presentation: LongtermLiabilitiesOtherThanProvisions to LongtermLeaseCommitments" order="260.0"/>
    <link:loc xlink:type="locator" xlink:href="fsa.xsd#fsa_LongtermNegativeGoodwill" xlink:label="LongtermNegativeGoodwill" xlink:title="LongtermNegativeGoodwill"/>
    <link:presentationArc xlink:type="arc" xlink:arcrole="http://www.xbrl.org/2003/arcrole/parent-child" xlink:from="LongtermLiabilitiesOtherThanProvisions" xlink:to="LongtermNegativeGoodwill" xlink:title="presentation: LongtermLiabilitiesOtherThanProvisions to LongtermNegativeGoodwill" order="250.0"/>
    <link:loc xlink:type="locator" xlink:href="fsa.xsd#fsa_LongtermDeferredIncome" xlink:label="LongtermDeferredIncome" xlink:title="LongtermDeferredIncome"/>
    <link:presentationArc xlink:type="arc" xlink:arcrole="http://www.xbrl.org/2003/arcrole/parent-child" xlink:from="LongtermLiabilitiesOtherThanProvisions" xlink:to="LongtermDeferredIncome" xlink:title="presentation: LongtermLiabilitiesOtherThanProvisions to LongtermDeferredIncome" order="240.0"/>
    <link:loc xlink:type="locator" xlink:href="fsa.xsd#fsa_LongtermTaxPayablesToGroupEnterprises" xlink:label="LongtermTaxPayablesToGroupEnterprises" xlink:title="LongtermTaxPayablesToGroupEnterprises"/>
    <link:presentationArc xlink:type="arc" xlink:arcrole="http://www.xbrl.org/2003/arcrole/parent-child" xlink:from="LongtermLiabilitiesOtherThanProvisions" xlink:to="LongtermTaxPayablesToGroupEnterprises" xlink:title="presentation: LongtermLiabilitiesOtherThanProvisions to LongtermTaxPayablesToGroupEnterprises" order="220.0"/>
    <link:loc xlink:type="locator" xlink:href="fsa.xsd#fsa_LongtermPayablesToAssociates" xlink:label="LongtermPayablesToAssociates" xlink:title="LongtermPayablesToAssociates"/>
    <link:presentationArc xlink:type="arc" xlink:arcrole="http://www.xbrl.org/2003/arcrole/parent-child" xlink:from="LongtermLiabilitiesOtherThanProvisions" xlink:to="LongtermPayablesToAssociates" xlink:title="presentation: LongtermLiabilitiesOtherThanProvisions to LongtermPayablesToAssociates" order="190.0"/>
    <link:loc xlink:type="locator" xlink:href="fsa.xsd#fsa_LongtermPayablesToGroupEnterprises" xlink:label="LongtermPayablesToGroupEnterprises" xlink:title="LongtermPayablesToGroupEnterprises"/>
    <link:presentationArc xlink:type="arc" xlink:arcrole="http://www.xbrl.org/2003/arcrole/parent-child" xlink:from="LongtermLiabilitiesOtherThanProvisions" xlink:to="LongtermPayablesToGroupEnterprises" xlink:title="presentation: LongtermLiabilitiesOtherThanProvisions to LongtermPayablesToGroupEnterprises" order="180.0"/>
    <link:loc xlink:type="locator" xlink:href="fsa.xsd#fsa_LongtermTradePayables" xlink:label="LongtermTradePayables" xlink:title="LongtermTradePayables"/>
    <link:presentationArc xlink:type="arc" xlink:arcrole="http://www.xbrl.org/2003/arcrole/parent-child" xlink:from="LongtermLiabilitiesOtherThanProvisions" xlink:to="LongtermTradePayables" xlink:title="presentation: LongtermLiabilitiesOtherThanProvisions to LongtermTradePayables" order="160.0"/>
    <link:loc xlink:type="locator" xlink:href="fsa.xsd#fsa_LongtermPrepaymentsReceivedFromCustomers" xlink:label="LongtermPrepaymentsReceivedFromCustomers" xlink:title="LongtermPrepaymentsReceivedFromCustomers"/>
    <link:presentationArc xlink:type="arc" xlink:arcrole="http://www.xbrl.org/2003/arcrole/parent-child" xlink:from="LongtermLiabilitiesOtherThanProvisions" xlink:to="LongtermPrepaymentsReceivedFromCustomers" xlink:title="presentation: LongtermLiabilitiesOtherThanProvisions to LongtermPrepaymentsReceivedFromCustomers" order="140.0"/>
    <link:loc xlink:type="locator" xlink:href="fsa.xsd#fsa_ConvertibleProfitYieldingOrDividendYieldingLongtermDebtInstruments" xlink:label="ConvertibleProfitYieldingOrDividendYieldingLongtermDebtInstruments" xlink:title="ConvertibleProfitYieldingOrDividendYieldingLongtermDebtInstruments"/>
    <link:presentationArc xlink:type="arc" xlink:arcrole="http://www.xbrl.org/2003/arcrole/parent-child" xlink:from="LongtermLiabilitiesOtherThanProvisions" xlink:to="ConvertibleProfitYieldingOrDividendYieldingLongtermDebtInstruments" xlink:title="presentation: LongtermLiabilitiesOtherThanProvisions to ConvertibleProfitYieldingOrDividendYieldingLongtermDebtInstruments" order="90.0"/>
    <link:loc xlink:type="locator" xlink:href="fsa.xsd#fsa_LongtermDebtToOtherCreditInstitutions" xlink:label="LongtermDebtToOtherCreditInstitutions" xlink:title="LongtermDebtToOtherCreditInstitutions"/>
    <link:presentationArc xlink:type="arc" xlink:arcrole="http://www.xbrl.org/2003/arcrole/parent-child" xlink:from="LongtermLiabilitiesOtherThanProvisions" xlink:to="LongtermDebtToOtherCreditInstitutions" xlink:title="presentation: LongtermLiabilitiesOtherThanProvisions to LongtermDebtToOtherCreditInstitutions" order="120.0"/>
    <link:loc xlink:type="locator" xlink:href="fsa.xsd#fsa_OtherLongtermDebtRaisedByIssuanceOfBonds" xlink:label="OtherLongtermDebtRaisedByIssuanceOfBonds" xlink:title="OtherLongtermDebtRaisedByIssuanceOfBonds"/>
    <link:presentationArc xlink:type="arc" xlink:arcrole="http://www.xbrl.org/2003/arcrole/parent-child" xlink:from="LongtermLiabilitiesOtherThanProvisions" xlink:to="OtherLongtermDebtRaisedByIssuanceOfBonds" xlink:title="presentation: LongtermLiabilitiesOtherThanProvisions to OtherLongtermDebtRaisedByIssuanceOfBonds" order="80.0"/>
    <link:loc xlink:type="locator" xlink:href="fsa.xsd#fsa_LongtermDebtToBanks" xlink:label="LongtermDebtToBanks" xlink:title="LongtermDebtToBanks"/>
    <link:presentationArc xlink:type="arc" xlink:arcrole="http://www.xbrl.org/2003/arcrole/parent-child" xlink:from="LongtermLiabilitiesOtherThanProvisions" xlink:to="LongtermDebtToBanks" xlink:title="presentation: LongtermLiabilitiesOtherThanProvisions to LongtermDebtToBanks" order="100.0"/>
    <link:loc xlink:type="locator" xlink:href="fsa.xsd#fsa_LongtermMortgageDebt" xlink:label="LongtermMortgageDebt" xlink:title="LongtermMortgageDebt"/>
    <link:presentationArc xlink:type="arc" xlink:arcrole="http://www.xbrl.org/2003/arcrole/parent-child" xlink:from="LongtermLiabilitiesOtherThanProvisions" xlink:to="LongtermMortgageDebt" xlink:title="presentation: LongtermLiabilitiesOtherThanProvisions to LongtermMortgageDebt" order="110.0"/>
    <link:loc xlink:type="locator" xlink:href="fsa.xsd#fsa_DepositsLongtermLiabilitiesOtherThanProvisions" xlink:label="DepositsLongtermLiabilitiesOtherThanProvisions" xlink:title="DepositsLongtermLiabilitiesOtherThanProvisions"/>
    <link:presentationArc xlink:type="arc" xlink:arcrole="http://www.xbrl.org/2003/arcrole/parent-child" xlink:from="LongtermLiabilitiesOtherThanProvisions" xlink:to="DepositsLongtermLiabilitiesOtherThanProvisions" xlink:title="presentation: LongtermLiabilitiesOtherThanProvisions to DepositsLongtermLiabilitiesOtherThanProvisions" order="280.0"/>
    <link:loc xlink:type="locator" xlink:href="fsa.xsd#fsa_IncomeExceedCostForTheFinancialYearLongterm" xlink:label="IncomeExceedCostForTheFinancialYearLongterm" xlink:title="IncomeExceedCostForTheFinancialYearLongterm"/>
    <link:presentationArc xlink:type="arc" xlink:arcrole="http://www.xbrl.org/2003/arcrole/parent-child" xlink:from="LongtermLiabilitiesOtherThanProvisions" xlink:to="IncomeExceedCostForTheFinancialYearLongterm" xlink:title="presentation: LongtermLiabilitiesOtherThanProvisions to IncomeExceedCostForTheFinancialYearLongterm" order="290.0"/>
    <link:loc xlink:type="locator" xlink:href="fsa.xsd#fsa_LongtermPrepaymentsOfWorkInProgress" xlink:label="LongtermPrepaymentsOfWorkInProgress" xlink:title="LongtermPrepaymentsOfWorkInProgress"/>
    <link:presentationArc xlink:type="arc" xlink:arcrole="http://www.xbrl.org/2003/arcrole/parent-child" xlink:from="LongtermLiabilitiesOtherThanProvisions" xlink:to="LongtermPrepaymentsOfWorkInProgress" xlink:title="presentation: LongtermLiabilitiesOtherThanProvisions to LongtermPrepaymentsOfWorkInProgress" order="300.0"/>
    <link:loc xlink:type="locator" xlink:href="fsa.xsd#fsa_LongtermPayablesToJointVentures" xlink:label="LongtermPayablesToJointVentures" xlink:title="LongtermPayablesToJointVentures"/>
    <link:presentationArc xlink:type="arc" xlink:arcrole="http://www.xbrl.org/2003/arcrole/parent-child" xlink:from="LongtermLiabilitiesOtherThanProvisions" xlink:to="LongtermPayablesToJointVentures" xlink:title="presentation: LongtermLiabilitiesOtherThanProvisions to LongtermPayablesToJointVentures" order="200.0"/>
    <link:loc xlink:type="locator" xlink:href="fsa.xsd#fsa_LongtermBillsOfExchangePayable" xlink:label="LongtermBillsOfExchangePayable" xlink:title="LongtermBillsOfExchangePayable"/>
    <link:presentationArc xlink:type="arc" xlink:arcrole="http://www.xbrl.org/2003/arcrole/parent-child" xlink:from="LongtermLiabilitiesOtherThanProvisions" xlink:to="LongtermBillsOfExchangePayable" xlink:title="presentation: LongtermLiabilitiesOtherThanProvisions to LongtermBillsOfExchangePayable" order="170.0"/>
    <link:loc xlink:type="locator" xlink:href="fsa.xsd#fsa_OtherPayablesIncludingTaxPayablesLiabilitiesOtherThanProvisionsLongterm" xlink:label="OtherPayablesIncludingTaxPayablesLiabilitiesOtherThanProvisionsLongterm" xlink:title="OtherPayablesIncludingTaxPayablesLiabilitiesOtherThanProvisionsLongterm"/>
    <link:presentationArc xlink:type="arc" xlink:arcrole="http://www.xbrl.org/2003/arcrole/parent-child" xlink:from="LongtermLiabilitiesOtherThanProvisions" xlink:to="OtherPayablesIncludingTaxPayablesLiabilitiesOtherThanProvisionsLongterm" xlink:title="presentation: LongtermLiabilitiesOtherThanProvisions to OtherPayablesIncludingTaxPayablesLiabilitiesOtherThanProvisionsLongterm" order="230.0"/>
    <link:loc xlink:type="locator" xlink:href="fsa.xsd#fsa_OtherProvisionsLiabilitiesLongterm" xlink:label="OtherProvisionsLiabilitiesLongterm" xlink:title="OtherProvisionsLiabilitiesLongterm"/>
    <link:presentationArc xlink:type="arc" xlink:arcrole="http://www.xbrl.org/2003/arcrole/parent-child" xlink:from="LongtermLiabilitiesOtherThanProvisions" xlink:to="OtherProvisionsLiabilitiesLongterm" xlink:title="presentation: LongtermLiabilitiesOtherThanProvisions to OtherProvisionsLiabilitiesLongterm" order="30.0"/>
    <link:loc xlink:type="locator" xlink:href="fsa.xsd#fsa_LongtermTaxPayables" xlink:label="LongtermTaxPayables" xlink:title="LongtermTaxPayables"/>
    <link:presentationArc xlink:type="arc" xlink:arcrole="http://www.xbrl.org/2003/arcrole/parent-child" xlink:from="LongtermLiabilitiesOtherThanProvisions" xlink:to="LongtermTaxPayables" xlink:title="presentation: LongtermLiabilitiesOtherThanProvisions to LongtermTaxPayables" order="210.0"/>
    <link:loc xlink:type="locator" xlink:href="fsa.xsd#fsa_PensionsAndSimilarLiabilitiesLiabilitiesLongterm" xlink:label="PensionsAndSimilarLiabilitiesLiabilitiesLongterm" xlink:title="PensionsAndSimilarLiabilitiesLiabilitiesLongterm"/>
    <link:presentationArc xlink:type="arc" xlink:arcrole="http://www.xbrl.org/2003/arcrole/parent-child" xlink:from="LongtermLiabilitiesOtherThanProvisions" xlink:to="PensionsAndSimilarLiabilitiesLiabilitiesLongterm" xlink:title="presentation: LongtermLiabilitiesOtherThanProvisions to PensionsAndSimilarLiabilitiesLiabilitiesLongterm" order="10.0"/>
    <link:loc xlink:type="locator" xlink:href="fsa.xsd#fsa_DeferredTaxLiabilitiesLongterm" xlink:label="DeferredTaxLiabilitiesLongterm" xlink:title="DeferredTaxLiabilitiesLongterm"/>
    <link:presentationArc xlink:type="arc" xlink:arcrole="http://www.xbrl.org/2003/arcrole/parent-child" xlink:from="LongtermLiabilitiesOtherThanProvisions" xlink:to="DeferredTaxLiabilitiesLongterm" xlink:title="presentation: LongtermLiabilitiesOtherThanProvisions to DeferredTaxLiabilitiesLongterm" order="20.0"/>
    <link:loc xlink:type="locator" xlink:href="fsa.xsd#fsa_ProvisionsForInvestmentsInGroupEnterprisesLiabilitiesLongterm" xlink:label="ProvisionsForInvestmentsInGroupEnterprisesLiabilitiesLongterm" xlink:title="ProvisionsForInvestmentsInGroupEnterprisesLiabilitiesLongterm"/>
    <link:presentationArc xlink:type="arc" xlink:arcrole="http://www.xbrl.org/2003/arcrole/parent-child" xlink:from="LongtermLiabilitiesOtherThanProvisions" xlink:to="ProvisionsForInvestmentsInGroupEnterprisesLiabilitiesLongterm" xlink:title="presentation: LongtermLiabilitiesOtherThanProvisions to ProvisionsForInvestmentsInGroupEnterprisesLiabilitiesLongterm" order="40.0"/>
    <link:loc xlink:type="locator" xlink:href="fsa.xsd#fsa_ProvisionsForInvestmentsInGroupAssociatesLiabilitiesLongterm" xlink:label="ProvisionsForInvestmentsInGroupAssociatesLiabilitiesLongterm" xlink:title="ProvisionsForInvestmentsInGroupAssociatesLiabilitiesLongterm"/>
    <link:presentationArc xlink:type="arc" xlink:arcrole="http://www.xbrl.org/2003/arcrole/parent-child" xlink:from="LongtermLiabilitiesOtherThanProvisions" xlink:to="ProvisionsForInvestmentsInGroupAssociatesLiabilitiesLongterm" xlink:title="presentation: LongtermLiabilitiesOtherThanProvisions to ProvisionsForInvestmentsInGroupAssociatesLiabilitiesLongterm" order="50.0"/>
    <link:loc xlink:type="locator" xlink:href="fsa.xsd#fsa_ProvisionsForOverfundingForReportingPeriodLiabilitiesLongterm" xlink:label="ProvisionsForOverfundingForReportingPeriodLiabilitiesLongterm" xlink:title="ProvisionsForOverfundingForReportingPeriodLiabilitiesLongterm"/>
    <link:presentationArc xlink:type="arc" xlink:arcrole="http://www.xbrl.org/2003/arcrole/parent-child" xlink:from="LongtermLiabilitiesOtherThanProvisions" xlink:to="ProvisionsForOverfundingForReportingPeriodLiabilitiesLongterm" xlink:title="presentation: LongtermLiabilitiesOtherThanProvisions to ProvisionsForOverfundingForReportingPeriodLiabilitiesLongterm" order="60.0"/>
    <link:loc xlink:type="locator" xlink:href="fsa.xsd#fsa_TimingDifferencesProvisionsEspeciallyUtilitiesLiabilitiesLongterm" xlink:label="TimingDifferencesProvisionsEspeciallyUtilitiesLiabilitiesLongterm" xlink:title="TimingDifferencesProvisionsEspeciallyUtilitiesLiabilitiesLongterm"/>
    <link:presentationArc xlink:type="arc" xlink:arcrole="http://www.xbrl.org/2003/arcrole/parent-child" xlink:from="LongtermLiabilitiesOtherThanProvisions" xlink:to="TimingDifferencesProvisionsEspeciallyUtilitiesLiabilitiesLongterm" xlink:title="presentation: LongtermLiabilitiesOtherThanProvisions to TimingDifferencesProvisionsEspeciallyUtilitiesLiabilitiesLongterm" order="70.0"/>
    <link:loc xlink:type="locator" xlink:href="fsa.xsd#fsa_LongtermContractWorkInProgressLiabilities" xlink:label="LongtermContractWorkInProgressLiabilities" xlink:title="LongtermContractWorkInProgressLiabilities"/>
    <link:presentationArc xlink:type="arc" xlink:arcrole="http://www.xbrl.org/2003/arcrole/parent-child" xlink:from="LongtermLiabilitiesOtherThanProvisions" xlink:to="LongtermContractWorkInProgressLiabilities" xlink:title="presentation: LongtermLiabilitiesOtherThanProvisions to LongtermContractWorkInProgressLiabilities" order="150.0"/>
    <link:loc xlink:type="locator" xlink:href="fsa.xsd#fsa_ShorttermLiabilitiesOtherThanProvisions" xlink:label="ShorttermLiabilitiesOtherThanProvisions" xlink:title="ShorttermLiabilitiesOtherThanProvisions"/>
    <link:presentationArc xlink:type="arc" xlink:arcrole="http://www.xbrl.org/2003/arcrole/parent-child" xlink:from="LiabilitiesAndEquity" xlink:to="ShorttermLiabilitiesOtherThanProvisions" xlink:title="presentation: LiabilitiesAndEquity to ShorttermLiabilitiesOtherThanProvisions" order="30.0"/>
    <link:loc xlink:type="locator" xlink:href="fsa.xsd#fsa_ShorttermMortgageDebt" xlink:label="ShorttermMortgageDebt" xlink:title="ShorttermMortgageDebt"/>
    <link:presentationArc xlink:type="arc" xlink:arcrole="http://www.xbrl.org/2003/arcrole/parent-child" xlink:from="ShorttermLiabilitiesOtherThanProvisions" xlink:to="ShorttermMortgageDebt" xlink:title="presentation: ShorttermLiabilitiesOtherThanProvisions to ShorttermMortgageDebt" order="100.0"/>
    <link:loc xlink:type="locator" xlink:href="fsa.xsd#fsa_ShorttermDebtToBanks" xlink:label="ShorttermDebtToBanks" xlink:title="ShorttermDebtToBanks"/>
    <link:presentationArc xlink:type="arc" xlink:arcrole="http://www.xbrl.org/2003/arcrole/parent-child" xlink:from="ShorttermLiabilitiesOtherThanProvisions" xlink:to="ShorttermDebtToBanks" xlink:title="presentation: ShorttermLiabilitiesOtherThanProvisions to ShorttermDebtToBanks" order="90.0"/>
    <link:loc xlink:type="locator" xlink:href="fsa.xsd#fsa_OtherShorttermDebtRaisedByIssuanceOfBonds" xlink:label="OtherShorttermDebtRaisedByIssuanceOfBonds" xlink:title="OtherShorttermDebtRaisedByIssuanceOfBonds"/>
    <link:presentationArc xlink:type="arc" xlink:arcrole="http://www.xbrl.org/2003/arcrole/parent-child" xlink:from="ShorttermLiabilitiesOtherThanProvisions" xlink:to="OtherShorttermDebtRaisedByIssuanceOfBonds" xlink:title="presentation: ShorttermLiabilitiesOtherThanProvisions to OtherShorttermDebtRaisedByIssuanceOfBonds" order="70.0"/>
    <link:loc xlink:type="locator" xlink:href="fsa.xsd#fsa_ShorttermDebtToOtherCreditInstitutions" xlink:label="ShorttermDebtToOtherCreditInstitutions" xlink:title="ShorttermDebtToOtherCreditInstitutions"/>
    <link:presentationArc xlink:type="arc" xlink:arcrole="http://www.xbrl.org/2003/arcrole/parent-child" xlink:from="ShorttermLiabilitiesOtherThanProvisions" xlink:to="ShorttermDebtToOtherCreditInstitutions" xlink:title="presentation: ShorttermLiabilitiesOtherThanProvisions to ShorttermDebtToOtherCreditInstitutions" order="110.0"/>
    <link:loc xlink:type="locator" xlink:href="fsa.xsd#fsa_ConvertibleProfitYieldingOrDividendYieldingShorttermDebtInstruments" xlink:label="ConvertibleProfitYieldingOrDividendYieldingShorttermDebtInstruments" xlink:title="ConvertibleProfitYieldingOrDividendYieldingShorttermDebtInstruments"/>
    <link:presentationArc xlink:type="arc" xlink:arcrole="http://www.xbrl.org/2003/arcrole/parent-child" xlink:from="ShorttermLiabilitiesOtherThanProvisions" xlink:to="ConvertibleProfitYieldingOrDividendYieldingShorttermDebtInstruments" xlink:title="presentation: ShorttermLiabilitiesOtherThanProvisions to ConvertibleProfitYieldingOrDividendYieldingShorttermDebtInstruments" order="80.0"/>
    <link:loc xlink:type="locator" xlink:href="fsa.xsd#fsa_ShorttermPrepaymentsReceivedFromCustomers" xlink:label="ShorttermPrepaymentsReceivedFromCustomers" xlink:title="ShorttermPrepaymentsReceivedFromCustomers"/>
    <link:presentationArc xlink:type="arc" xlink:arcrole="http://www.xbrl.org/2003/arcrole/parent-child" xlink:from="ShorttermLiabilitiesOtherThanProvisions" xlink:to="ShorttermPrepaymentsReceivedFromCustomers" xlink:title="presentation: ShorttermLiabilitiesOtherThanProvisions to ShorttermPrepaymentsReceivedFromCustomers" order="120.0"/>
    <link:loc xlink:type="locator" xlink:href="fsa.xsd#fsa_ShorttermTradePayables" xlink:label="ShorttermTradePayables" xlink:title="ShorttermTradePayables"/>
    <link:presentationArc xlink:type="arc" xlink:arcrole="http://www.xbrl.org/2003/arcrole/parent-child" xlink:from="ShorttermLiabilitiesOtherThanProvisions" xlink:to="ShorttermTradePayables" xlink:title="presentation: ShorttermLiabilitiesOtherThanProvisions to ShorttermTradePayables" order="130.0"/>
    <link:loc xlink:type="locator" xlink:href="fsa.xsd#fsa_ShorttermPayablesToGroupEnterprises" xlink:label="ShorttermPayablesToGroupEnterprises" xlink:title="ShorttermPayablesToGroupEnterprises"/>
    <link:presentationArc xlink:type="arc" xlink:arcrole="http://www.xbrl.org/2003/arcrole/parent-child" xlink:from="ShorttermLiabilitiesOtherThanProvisions" xlink:to="ShorttermPayablesToGroupEnterprises" xlink:title="presentation: ShorttermLiabilitiesOtherThanProvisions to ShorttermPayablesToGroupEnterprises" order="150.0"/>
    <link:loc xlink:type="locator" xlink:href="fsa.xsd#fsa_ShorttermPayablesToAssociates" xlink:label="ShorttermPayablesToAssociates" xlink:title="ShorttermPayablesToAssociates"/>
    <link:presentationArc xlink:type="arc" xlink:arcrole="http://www.xbrl.org/2003/arcrole/parent-child" xlink:from="ShorttermLiabilitiesOtherThanProvisions" xlink:to="ShorttermPayablesToAssociates" xlink:title="presentation: ShorttermLiabilitiesOtherThanProvisions to ShorttermPayablesToAssociates" order="160.0"/>
    <link:loc xlink:type="locator" xlink:href="fsa.xsd#fsa_ShorttermTaxPayablesToGroupEnterprises" xlink:label="ShorttermTaxPayablesToGroupEnterprises" xlink:title="ShorttermTaxPayablesToGroupEnterprises"/>
    <link:presentationArc xlink:type="arc" xlink:arcrole="http://www.xbrl.org/2003/arcrole/parent-child" xlink:from="ShorttermLiabilitiesOtherThanProvisions" xlink:to="ShorttermTaxPayablesToGroupEnterprises" xlink:title="presentation: ShorttermLiabilitiesOtherThanProvisions to ShorttermTaxPayablesToGroupEnterprises" order="200.0"/>
    <link:loc xlink:type="locator" xlink:href="fsa.xsd#fsa_ShorttermDeferredIncome" xlink:label="ShorttermDeferredIncome" xlink:title="ShorttermDeferredIncome"/>
    <link:presentationArc xlink:type="arc" xlink:arcrole="http://www.xbrl.org/2003/arcrole/parent-child" xlink:from="ShorttermLiabilitiesOtherThanProvisions" xlink:to="ShorttermDeferredIncome" xlink:title="presentation: ShorttermLiabilitiesOtherThanProvisions to ShorttermDeferredIncome" order="210.0"/>
    <link:loc xlink:type="locator" xlink:href="fsa.xsd#fsa_ShorttermNegativeGoodwill" xlink:label="ShorttermNegativeGoodwill" xlink:title="ShorttermNegativeGoodwill"/>
    <link:presentationArc xlink:type="arc" xlink:arcrole="http://www.xbrl.org/2003/arcrole/parent-child" xlink:from="ShorttermLiabilitiesOtherThanProvisions" xlink:to="ShorttermNegativeGoodwill" xlink:title="presentation: ShorttermLiabilitiesOtherThanProvisions to ShorttermNegativeGoodwill" order="220.0"/>
    <link:loc xlink:type="locator" xlink:href="fsa.xsd#fsa_ShorttermLeaseCommitments" xlink:label="ShorttermLeaseCommitments" xlink:title="ShorttermLeaseCommitments"/>
    <link:presentationArc xlink:type="arc" xlink:arcrole="http://www.xbrl.org/2003/arcrole/parent-child" xlink:from="ShorttermLiabilitiesOtherThanProvisions" xlink:to="ShorttermLeaseCommitments" xlink:title="presentation: ShorttermLiabilitiesOtherThanProvisions to ShorttermLeaseCommitments" order="230.0"/>
    <link:loc xlink:type="locator" xlink:href="fsa.xsd#fsa_ProposedDividend" xlink:label="ProposedDividend" xlink:title="ProposedDividend"/>
    <link:presentationArc xlink:type="arc" xlink:arcrole="http://www.xbrl.org/2003/arcrole/parent-child" xlink:from="ShorttermLiabilitiesOtherThanProvisions" xlink:to="ProposedDividend" xlink:title="presentation: ShorttermLiabilitiesOtherThanProvisions to ProposedDividend" order="240.0"/>
    <link:loc xlink:type="locator" xlink:href="fsa.xsd#fsa_ShorttermEquityLoan" xlink:label="ShorttermEquityLoan" xlink:title="ShorttermEquityLoan"/>
    <link:presentationArc xlink:type="arc" xlink:arcrole="http://www.xbrl.org/2003/arcrole/parent-child" xlink:from="ShorttermLiabilitiesOtherThanProvisions" xlink:to="ShorttermEquityLoan" xlink:title="presentation: ShorttermLiabilitiesOtherThanProvisions to ShorttermEquityLoan" order="250.0"/>
    <link:loc xlink:type="locator" xlink:href="fsa.xsd#fsa_ShorttermPayablesToShareholdersAndManagement" xlink:label="ShorttermPayablesToShareholdersAndManagement" xlink:title="ShorttermPayablesToShareholdersAndManagement"/>
    <link:presentationArc xlink:type="arc" xlink:arcrole="http://www.xbrl.org/2003/arcrole/parent-child" xlink:from="ShorttermLiabilitiesOtherThanProvisions" xlink:to="ShorttermPayablesToShareholdersAndManagement" xlink:title="presentation: ShorttermLiabilitiesOtherThanProvisions to ShorttermPayablesToShareholdersAndManagement" order="260.0"/>
    <link:loc xlink:type="locator" xlink:href="fsa.xsd#fsa_ShorttermPrepaymentsOfWorkInProgress" xlink:label="ShorttermPrepaymentsOfWorkInProgress" xlink:title="ShorttermPrepaymentsOfWorkInProgress"/>
    <link:presentationArc xlink:type="arc" xlink:arcrole="http://www.xbrl.org/2003/arcrole/parent-child" xlink:from="ShorttermLiabilitiesOtherThanProvisions" xlink:to="ShorttermPrepaymentsOfWorkInProgress" xlink:title="presentation: ShorttermLiabilitiesOtherThanProvisions to ShorttermPrepaymentsOfWorkInProgress" order="270.0"/>
    <link:loc xlink:type="locator" xlink:href="fsa.xsd#fsa_ShorttermPartOfLongtermLiabilitiesOtherThanProvisions" xlink:label="ShorttermPartOfLongtermLiabilitiesOtherThanProvisions" xlink:title="ShorttermPartOfLongtermLiabilitiesOtherThanProvisions"/>
    <link:presentationArc xlink:type="arc" xlink:arcrole="http://www.xbrl.org/2003/arcrole/parent-child" xlink:from="ShorttermLiabilitiesOtherThanProvisions" xlink:to="ShorttermPartOfLongtermLiabilitiesOtherThanProvisions" xlink:title="presentation: ShorttermLiabilitiesOtherThanProvisions to ShorttermPartOfLongtermLiabilitiesOtherThanProvisions" order="300.0"/>
    <link:loc xlink:type="locator" xlink:href="fsa.xsd#fsa_DepositsShorttermLiabilitiesOtherThanProvisions" xlink:label="DepositsShorttermLiabilitiesOtherThanProvisions" xlink:title="DepositsShorttermLiabilitiesOtherThanProvisions"/>
    <link:presentationArc xlink:type="arc" xlink:arcrole="http://www.xbrl.org/2003/arcrole/parent-child" xlink:from="ShorttermLiabilitiesOtherThanProvisions" xlink:to="DepositsShorttermLiabilitiesOtherThanProvisions" xlink:title="presentation: ShorttermLiabilitiesOtherThanProvisions to DepositsShorttermLiabilitiesOtherThanProvisions" order="290.0"/>
    <link:loc xlink:type="locator" xlink:href="fsa.xsd#fsa_IncomeExceedCostForTheFinancialYearShortterm" xlink:label="IncomeExceedCostForTheFinancialYearShortterm" xlink:title="IncomeExceedCostForTheFinancialYearShortterm"/>
    <link:presentationArc xlink:type="arc" xlink:arcrole="http://www.xbrl.org/2003/arcrole/parent-child" xlink:from="ShorttermLiabilitiesOtherThanProvisions" xlink:to="IncomeExceedCostForTheFinancialYearShortterm" xlink:title="presentation: ShorttermLiabilitiesOtherThanProvisions to IncomeExceedCostForTheFinancialYearShortterm" order="310.0"/>
    <link:loc xlink:type="locator" xlink:href="fsa.xsd#fsa_ShorttermPayablesToJointVentures" xlink:label="ShorttermPayablesToJointVentures" xlink:title="ShorttermPayablesToJointVentures"/>
    <link:presentationArc xlink:type="arc" xlink:arcrole="http://www.xbrl.org/2003/arcrole/parent-child" xlink:from="ShorttermLiabilitiesOtherThanProvisions" xlink:to="ShorttermPayablesToJointVentures" xlink:title="presentation: ShorttermLiabilitiesOtherThanProvisions to ShorttermPayablesToJointVentures" order="170.0"/>
    <link:loc xlink:type="locator" xlink:href="fsa.xsd#fsa_ShorttermBillsOfExchangePayable" xlink:label="ShorttermBillsOfExchangePayable" xlink:title="ShorttermBillsOfExchangePayable"/>
    <link:presentationArc xlink:type="arc" xlink:arcrole="http://www.xbrl.org/2003/arcrole/parent-child" xlink:from="ShorttermLiabilitiesOtherThanProvisions" xlink:to="ShorttermBillsOfExchangePayable" xlink:title="presentation: ShorttermLiabilitiesOtherThanProvisions to ShorttermBillsOfExchangePayable" order="140.0"/>
    <link:loc xlink:type="locator" xlink:href="fsa.xsd#fsa_ShorttermTaxPayables" xlink:label="ShorttermTaxPayables" xlink:title="ShorttermTaxPayables"/>
    <link:presentationArc xlink:type="arc" xlink:arcrole="http://www.xbrl.org/2003/arcrole/parent-child" xlink:from="ShorttermLiabilitiesOtherThanProvisions" xlink:to="ShorttermTaxPayables" xlink:title="presentation: ShorttermLiabilitiesOtherThanProvisions to ShorttermTaxPayables" order="180.0"/>
    <link:loc xlink:type="locator" xlink:href="fsa.xsd#fsa_PensionsAndSimilarLiabilitiesLiabilitiesShortterm" xlink:label="PensionsAndSimilarLiabilitiesLiabilitiesShortterm" xlink:title="PensionsAndSimilarLiabilitiesLiabilitiesShortterm"/>
    <link:presentationArc xlink:type="arc" xlink:arcrole="http://www.xbrl.org/2003/arcrole/parent-child" xlink:from="ShorttermLiabilitiesOtherThanProvisions" xlink:to="PensionsAndSimilarLiabilitiesLiabilitiesShortterm" xlink:title="presentation: ShorttermLiabilitiesOtherThanProvisions to PensionsAndSimilarLiabilitiesLiabilitiesShortterm" order="10.0"/>
    <link:loc xlink:type="locator" xlink:href="fsa.xsd#fsa_OtherProvisionsLiabilitiesShortterm" xlink:label="OtherProvisionsLiabilitiesShortterm" xlink:title="OtherProvisionsLiabilitiesShortterm"/>
    <link:presentationArc xlink:type="arc" xlink:arcrole="http://www.xbrl.org/2003/arcrole/parent-child" xlink:from="ShorttermLiabilitiesOtherThanProvisions" xlink:to="OtherProvisionsLiabilitiesShortterm" xlink:title="presentation: ShorttermLiabilitiesOtherThanProvisions to OtherProvisionsLiabilitiesShortterm" order="20.0"/>
    <link:loc xlink:type="locator" xlink:href="fsa.xsd#fsa_ProvisionsForInvestmentsInGroupEnterprisesLiabilitiesShortterm" xlink:label="ProvisionsForInvestmentsInGroupEnterprisesLiabilitiesShortterm" xlink:title="ProvisionsForInvestmentsInGroupEnterprisesLiabilitiesShortterm"/>
    <link:presentationArc xlink:type="arc" xlink:arcrole="http://www.xbrl.org/2003/arcrole/parent-child" xlink:from="ShorttermLiabilitiesOtherThanProvisions" xlink:to="ProvisionsForInvestmentsInGroupEnterprisesLiabilitiesShortterm" xlink:title="presentation: ShorttermLiabilitiesOtherThanProvisions to ProvisionsForInvestmentsInGroupEnterprisesLiabilitiesShortterm" order="30.0"/>
    <link:loc xlink:type="locator" xlink:href="fsa.xsd#fsa_ProvisionsForInvestmentsInGroupAssociatesLiabilitiesShortterm" xlink:label="ProvisionsForInvestmentsInGroupAssociatesLiabilitiesShortterm" xlink:title="ProvisionsForInvestmentsInGroupAssociatesLiabilitiesShortterm"/>
    <link:presentationArc xlink:type="arc" xlink:arcrole="http://www.xbrl.org/2003/arcrole/parent-child" xlink:from="ShorttermLiabilitiesOtherThanProvisions" xlink:to="ProvisionsForInvestmentsInGroupAssociatesLiabilitiesShortterm" xlink:title="presentation: ShorttermLiabilitiesOtherThanProvisions to ProvisionsForInvestmentsInGroupAssociatesLiabilitiesShortterm" order="40.0"/>
    <link:loc xlink:type="locator" xlink:href="fsa.xsd#fsa_OtherPayablesIncludingTaxPayablesLiabilitiesOtherThanProvisionsShortterm" xlink:label="OtherPayablesIncludingTaxPayablesLiabilitiesOtherThanProvisionsShortterm" xlink:title="OtherPayablesIncludingTaxPayablesLiabilitiesOtherThanProvisionsShortterm"/>
    <link:presentationArc xlink:type="arc" xlink:arcrole="http://www.xbrl.org/2003/arcrole/parent-child" xlink:from="ShorttermLiabilitiesOtherThanProvisions" xlink:to="OtherPayablesIncludingTaxPayablesLiabilitiesOtherThanProvisionsShortterm" xlink:title="presentation: ShorttermLiabilitiesOtherThanProvisions to OtherPayablesIncludingTaxPayablesLiabilitiesOtherThanProvisionsShortterm" order="190.0"/>
    <link:loc xlink:type="locator" xlink:href="fsa.xsd#fsa_ProvisionsForOverfundingForReportingPeriodLiabilitiesShortterm" xlink:label="ProvisionsForOverfundingForReportingPeriodLiabilitiesShortterm" xlink:title="ProvisionsForOverfundingForReportingPeriodLiabilitiesShortterm"/>
    <link:presentationArc xlink:type="arc" xlink:arcrole="http://www.xbrl.org/2003/arcrole/parent-child" xlink:from="ShorttermLiabilitiesOtherThanProvisions" xlink:to="ProvisionsForOverfundingForReportingPeriodLiabilitiesShortterm" xlink:title="presentation: ShorttermLiabilitiesOtherThanProvisions to ProvisionsForOverfundingForReportingPeriodLiabilitiesShortterm" order="50.0"/>
    <link:loc xlink:type="locator" xlink:href="fsa.xsd#fsa_TimingDifferencesProvisionsEspeciallyUtilitiesLiabilitiesShortterm" xlink:label="TimingDifferencesProvisionsEspeciallyUtilitiesLiabilitiesShortterm" xlink:title="TimingDifferencesProvisionsEspeciallyUtilitiesLiabilitiesShortterm"/>
    <link:presentationArc xlink:type="arc" xlink:arcrole="http://www.xbrl.org/2003/arcrole/parent-child" xlink:from="ShorttermLiabilitiesOtherThanProvisions" xlink:to="TimingDifferencesProvisionsEspeciallyUtilitiesLiabilitiesShortterm" xlink:title="presentation: ShorttermLiabilitiesOtherThanProvisions to TimingDifferencesProvisionsEspeciallyUtilitiesLiabilitiesShortterm" order="60.0"/>
    <link:loc xlink:type="locator" xlink:href="fsa.xsd#fsa_ShorttermContractWorkInProgressLiabilities" xlink:label="ShorttermContractWorkInProgressLiabilities" xlink:title="ShorttermContractWorkInProgressLiabilities"/>
    <link:presentationArc xlink:type="arc" xlink:arcrole="http://www.xbrl.org/2003/arcrole/parent-child" xlink:from="ShorttermLiabilitiesOtherThanProvisions" xlink:to="ShorttermContractWorkInProgressLiabilities" xlink:title="presentation: ShorttermLiabilitiesOtherThanProvisions to ShorttermContractWorkInProgressLiabilities" order="280.0"/>
    <link:loc xlink:type="locator" xlink:href="fsa.xsd#fsa_LiabilitiesRelatedToAssetsMeantForSale" xlink:label="LiabilitiesRelatedToAssetsMeantForSale" xlink:title="LiabilitiesRelatedToAssetsMeantForSale"/>
    <link:presentationArc xlink:type="arc" xlink:arcrole="http://www.xbrl.org/2003/arcrole/parent-child" xlink:from="LiabilitiesAndEquity" xlink:to="LiabilitiesRelatedToAssetsMeantForSale" xlink:title="presentation: LiabilitiesAndEquity to LiabilitiesRelatedToAssetsMeantForSale" order="40.0"/>
  </link:presentationLink>
</link:linkbase>
