<?xml version="1.0" encoding="UTF-8"?>
<!-- Generated by Fujitsu Interstage XWand B0209 -->
<?officialURI http://archprod.service.eogs.dk/taxonomy/20151001/sob/sob-lab-es.xml?>

<?taxonomy-version 1.6.0?>

<link:linkbase xmlns:xsi="http://www.w3.org/2001/XMLSchema-instance" xsi:schemaLocation="http://www.xbrl.org/2003/linkbase http://www.xbrl.org/2003/xbrl-linkbase-2003-12-31.xsd" xmlns:sob="http://xbrl.dcca.dk/sob" xmlns:link="http://www.xbrl.org/2003/linkbase" xmlns:gen="http://xbrl.org/2008/generic" xmlns:tch="http://xbrl.dcca.dk/tch" xmlns:ref="http://www.xbrl.org/2006/ref" xmlns:num="http://www.xbrl.org/dtr/type/numeric" xmlns:nonnum="http://www.xbrl.org/dtr/type/non-numeric" xmlns:xbrldt="http://xbrl.org/2005/xbrldt" xmlns:label="http://xbrl.org/2008/label" xmlns:xl="http://www.xbrl.org/2003/XLink" xmlns:cmn="http://xbrl.dcca.dk/cmn" xmlns:xbrli="http://www.xbrl.org/2003/instance" xmlns:xsd="http://www.w3.org/2001/XMLSchema" xmlns:xlink="http://www.w3.org/1999/xlink">
  <link:labelLink xlink:type="extended" xlink:role="http://www.xbrl.org/2003/role/link">
    <link:loc xlink:type="locator" xlink:href="sob.xsd#sob_ApprovalOfAnnualReportAbstract" xlink:label="ApprovalOfAnnualReportAbstract"/>
    <link:label xlink:type="resource" xlink:label="label_ApprovalOfAnnualReportAbstract" xlink:role="http://www.xbrl.org/2003/role/label" xml:lang="es" id="label_ApprovalOfAnnualReportAbstract">Aprobación del informe anual</link:label>
    <link:labelArc xlink:type="arc" xlink:arcrole="http://www.xbrl.org/2003/arcrole/concept-label" xlink:from="ApprovalOfAnnualReportAbstract" xlink:to="label_ApprovalOfAnnualReportAbstract" order="10.0"/>
    <link:loc xlink:type="locator" xlink:href="sob.xsd#sob_ConfirmationThatFinancialStatementGivesTrueAndFairViewOfAssetsLiabilitiesEquityFinancialPositionAndResults" xlink:label="ConfirmationThatFinancialStatementGivesTrueAndFairViewOfAssetsLiabilitiesEquityFinancialPositionAndResults"/>
    <link:label xlink:type="resource" xlink:label="label_ConfirmationThatFinancialStatementGivesTrueAndFairViewOfAssetsLiabilitiesEquityFinancialPositionAndResults" xlink:role="http://www.xbrl.org/2003/role/label" xml:lang="es" id="label_ConfirmationThatFinancialStatementGivesTrueAndFairViewOfAssetsLiabilitiesEquityFinancialPositionAndResults">Confirmación de que los estados financieros presentan una imagen fiel del activo, el pasivo, el patrimonio neto, la situación financiera y los resultados</link:label>
    <link:labelArc xlink:type="arc" xlink:arcrole="http://www.xbrl.org/2003/arcrole/concept-label" xlink:from="ConfirmationThatFinancialStatementGivesTrueAndFairViewOfAssetsLiabilitiesEquityFinancialPositionAndResults" xlink:to="label_ConfirmationThatFinancialStatementGivesTrueAndFairViewOfAssetsLiabilitiesEquityFinancialPositionAndResults" order="10.0"/>
    <link:loc xlink:type="locator" xlink:href="sob.xsd#sob_ConfirmationThatAnnualReportIsPresentedInAccordanceWithRequirementsProvidedForByLegislationAnyStandardsAndRequirementsProvidedByArticlesOfAssociationOrByAgreement" xlink:label="ConfirmationThatAnnualReportIsPresentedInAccordanceWithRequirementsProvidedForByLegislationAnyStandardsAndRequirementsProvidedByArticlesOfAssociationOrByAgreement"/>
    <link:label xlink:type="resource" xlink:label="label_ConfirmationThatAnnualReportIsPresentedInAccordanceWithRequirementsProvidedForByLegislationAnyStandardsAndRequirementsProvidedByArticlesOfAssociationOrByAgreement" xlink:role="http://www.xbrl.org/2003/role/label" xml:lang="es" id="label_ConfirmationThatAnnualReportIsPresentedInAccordanceWithRequirementsProvidedForByLegislationAnyStandardsAndRequirementsProvidedByArticlesOfAssociationOrByAgreement">Confirmación de que el informe anual se presenta de acuerdo con lo dispuesto por la legislación, y por las normas y requisitos previstos en los estatutos sociales o mediante acuerdo</link:label>
    <link:labelArc xlink:type="arc" xlink:arcrole="http://www.xbrl.org/2003/arcrole/concept-label" xlink:from="ConfirmationThatAnnualReportIsPresentedInAccordanceWithRequirementsProvidedForByLegislationAnyStandardsAndRequirementsProvidedByArticlesOfAssociationOrByAgreement" xlink:to="label_ConfirmationThatAnnualReportIsPresentedInAccordanceWithRequirementsProvidedForByLegislationAnyStandardsAndRequirementsProvidedByArticlesOfAssociationOrByAgreement" order="10.0"/>
    <link:loc xlink:type="locator" xlink:href="sob.xsd#sob_ConfirmationThatFinancialStatementsAreExemptedFromAuditing" xlink:label="ConfirmationThatFinancialStatementsAreExemptedFromAuditing"/>
    <link:label xlink:type="resource" xlink:label="label_ConfirmationThatFinancialStatementsAreExemptedFromAuditing" xlink:role="http://www.xbrl.org/2003/role/label" xml:lang="es" id="label_ConfirmationThatFinancialStatementsAreExemptedFromAuditing">Confirmación de que los estados financieros están exentos de auditoría</link:label>
    <link:labelArc xlink:type="arc" xlink:arcrole="http://www.xbrl.org/2003/arcrole/concept-label" xlink:from="ConfirmationThatFinancialStatementsAreExemptedFromAuditing" xlink:to="label_ConfirmationThatFinancialStatementsAreExemptedFromAuditing" order="10.0"/>
    <link:loc xlink:type="locator" xlink:href="sob.xsd#sob_ConfirmationThatSupplementaryReportsGiveTrueAndFairViewInAccordanceWithGenerallyAcceptedGuidelinesForSuchReports" xlink:label="ConfirmationThatSupplementaryReportsGiveTrueAndFairViewInAccordanceWithGenerallyAcceptedGuidelinesForSuchReports"/>
    <link:label xlink:type="resource" xlink:label="label_ConfirmationThatSupplementaryReportsGiveTrueAndFairViewInAccordanceWithGenerallyAcceptedGuidelinesForSuchReports" xlink:role="http://www.xbrl.org/2003/role/label" xml:lang="es" id="label_ConfirmationThatSupplementaryReportsGiveTrueAndFairViewInAccordanceWithGenerallyAcceptedGuidelinesForSuchReports">Confirmación de que los informes complementarios presentan una descripción objetiva de acuerdo con los principios generalmente aceptados para dichos informes </link:label>
    <link:labelArc xlink:type="arc" xlink:arcrole="http://www.xbrl.org/2003/arcrole/concept-label" xlink:from="ConfirmationThatSupplementaryReportsGiveTrueAndFairViewInAccordanceWithGenerallyAcceptedGuidelinesForSuchReports" xlink:to="label_ConfirmationThatSupplementaryReportsGiveTrueAndFairViewInAccordanceWithGenerallyAcceptedGuidelinesForSuchReports" order="10.0"/>
    <link:loc xlink:type="locator" xlink:href="sob.xsd#sob_DateOfApprovalOfAnnualReport" xlink:label="DateOfApprovalOfAnnualReport"/>
    <link:label xlink:type="resource" xlink:label="label_DateOfApprovalOfAnnualReport" xlink:role="http://www.xbrl.org/2003/role/label" xml:lang="es" id="label_DateOfApprovalOfAnnualReport">Fecha de aprobación del informe anual</link:label>
    <link:labelArc xlink:type="arc" xlink:arcrole="http://www.xbrl.org/2003/arcrole/concept-label" xlink:from="DateOfApprovalOfAnnualReport" xlink:to="label_DateOfApprovalOfAnnualReport" order="10.0"/>
    <link:loc xlink:type="locator" xlink:href="sob.xsd#sob_DescriptionOfSpecificAndAdequateGroundsForObjectionsOfMemberOfExecutiveBoardOnAnnualReport" xlink:label="DescriptionOfSpecificAndAdequateGroundsForObjectionsOfMemberOfExecutiveBoardOnAnnualReport"/>
    <link:label xlink:type="resource" xlink:label="label_DescriptionOfSpecificAndAdequateGroundsForObjectionsOfMemberOfExecutiveBoardOnAnnualReport" xlink:role="http://www.xbrl.org/2003/role/label" xml:lang="es" id="label_DescriptionOfSpecificAndAdequateGroundsForObjectionsOfMemberOfExecutiveBoardOnAnnualReport">Descripción de los motivos específicos y adecuados de la objeción del miembro del consejo ejecutivo con respecto al informe anual</link:label>
    <link:labelArc xlink:type="arc" xlink:arcrole="http://www.xbrl.org/2003/arcrole/concept-label" xlink:from="DescriptionOfSpecificAndAdequateGroundsForObjectionsOfMemberOfExecutiveBoardOnAnnualReport" xlink:to="label_DescriptionOfSpecificAndAdequateGroundsForObjectionsOfMemberOfExecutiveBoardOnAnnualReport" order="10.0"/>
    <link:loc xlink:type="locator" xlink:href="sob.xsd#sob_DescriptionOfObjectionsOfMemberOfExecutiveBoardOnAnnualReport" xlink:label="DescriptionOfObjectionsOfMemberOfExecutiveBoardOnAnnualReport"/>
    <link:label xlink:type="resource" xlink:label="label_DescriptionOfObjectionsOfMemberOfExecutiveBoardOnAnnualReport" xlink:role="http://www.xbrl.org/2003/role/label" xml:lang="es" id="label_DescriptionOfObjectionsOfMemberOfExecutiveBoardOnAnnualReport">Descripción de las objeciones del miembro del consejo ejecutivo con respecto al informe anual</link:label>
    <link:labelArc xlink:type="arc" xlink:arcrole="http://www.xbrl.org/2003/arcrole/concept-label" xlink:from="DescriptionOfObjectionsOfMemberOfExecutiveBoardOnAnnualReport" xlink:to="label_DescriptionOfObjectionsOfMemberOfExecutiveBoardOnAnnualReport" order="10.0"/>
    <link:loc xlink:type="locator" xlink:href="sob.xsd#sob_StatementOnOptingOutOfAuditingFinancialStatementsInNextReportingPeriodDueToExemption" xlink:label="StatementOnOptingOutOfAuditingFinancialStatementsInNextReportingPeriodDueToExemption"/>
    <link:label xlink:type="resource" xlink:label="label_StatementOnOptingOutOfAuditingFinancialStatementsInNextReportingPeriodDueToExemption" xlink:role="http://www.xbrl.org/2003/role/label" xml:lang="es" id="label_StatementOnOptingOutOfAuditingFinancialStatementsInNextReportingPeriodDueToExemption">Declaración de renuncia a la auditoría de los estados financieros en el próximo ejercicio por exención</link:label>
    <link:labelArc xlink:type="arc" xlink:arcrole="http://www.xbrl.org/2003/arcrole/concept-label" xlink:from="StatementOnOptingOutOfAuditingFinancialStatementsInNextReportingPeriodDueToExemption" xlink:to="label_StatementOnOptingOutOfAuditingFinancialStatementsInNextReportingPeriodDueToExemption" order="10.0"/>
    <link:loc xlink:type="locator" xlink:href="sob.xsd#sob_PlaceOfSignatureOfStatement" xlink:label="PlaceOfSignatureOfStatement"/>
    <link:label xlink:type="resource" xlink:label="label_PlaceOfSignatureOfStatement" xlink:role="http://www.xbrl.org/2003/role/label" xml:lang="es" id="label_PlaceOfSignatureOfStatement">Lugar de la firma de la declaración por parte de la Dirección</link:label>
    <link:labelArc xlink:type="arc" xlink:arcrole="http://www.xbrl.org/2003/arcrole/concept-label" xlink:from="PlaceOfSignatureOfStatement" xlink:to="label_PlaceOfSignatureOfStatement" order="10.0"/>
    <link:loc xlink:type="locator" xlink:href="sob.xsd#sob_StatementByExecutiveAndSupervisoryBoards" xlink:label="StatementByExecutiveAndSupervisoryBoards"/>
    <link:label xlink:type="resource" xlink:label="label_StatementByExecutiveAndSupervisoryBoards" xlink:role="http://www.xbrl.org/2003/role/label" xml:lang="es" id="label_StatementByExecutiveAndSupervisoryBoards">Declaración de la Dirección</link:label>
    <link:labelArc xlink:type="arc" xlink:arcrole="http://www.xbrl.org/2003/arcrole/concept-label" xlink:from="StatementByExecutiveAndSupervisoryBoards" xlink:to="label_StatementByExecutiveAndSupervisoryBoards" order="10.0"/>
    <link:loc xlink:type="locator" xlink:href="sob.xsd#sob_DetailsOnMemberOfExecutiveBoardApprovingAnnualReportHypercube" xlink:label="DetailsOnMemberOfExecutiveBoardApprovingAnnualReportHypercube"/>
    <link:label xlink:type="resource" xlink:label="label_DetailsOnMemberOfExecutiveBoardApprovingAnnualReportHypercube" xlink:role="http://www.xbrl.org/2003/role/label" xml:lang="es" id="label_DetailsOnMemberOfExecutiveBoardApprovingAnnualReportHypercube">Datos del miembro del consejo ejecutivo que aprueba el informe anual</link:label>
    <link:labelArc xlink:type="arc" xlink:arcrole="http://www.xbrl.org/2003/arcrole/concept-label" xlink:from="DetailsOnMemberOfExecutiveBoardApprovingAnnualReportHypercube" xlink:to="label_DetailsOnMemberOfExecutiveBoardApprovingAnnualReportHypercube" order="10.0"/>
    <link:loc xlink:type="locator" xlink:href="sob.xsd#sob_IdentificationOfApprovedAnnualReport" xlink:label="IdentificationOfApprovedAnnualReport"/>
    <link:label xlink:type="resource" xlink:label="label_IdentificationOfApprovedAnnualReport" xlink:role="http://www.xbrl.org/2003/role/label" xml:lang="es" id="label_IdentificationOfApprovedAnnualReport">Identificación del informe anual aprobado</link:label>
    <link:labelArc xlink:type="arc" xlink:arcrole="http://www.xbrl.org/2003/arcrole/concept-label" xlink:from="IdentificationOfApprovedAnnualReport" xlink:to="label_IdentificationOfApprovedAnnualReport" order="10.0"/>
    <link:loc xlink:type="locator" xlink:href="sob.xsd#sob_RecommendationForApprovalOfAnnualReportByGeneralMeeting" xlink:label="RecommendationForApprovalOfAnnualReportByGeneralMeeting"/>
    <link:label xlink:type="resource" xlink:label="label_RecommendationForApprovalOfAnnualReportByGeneralMeeting" xlink:role="http://www.xbrl.org/2003/role/label" xml:lang="es" id="label_RecommendationForApprovalOfAnnualReportByGeneralMeeting">Recomendación sobre el informe anual para su aprobación en junta general</link:label>
    <link:labelArc xlink:type="arc" xlink:arcrole="http://www.xbrl.org/2003/arcrole/concept-label" xlink:from="RecommendationForApprovalOfAnnualReportByGeneralMeeting" xlink:to="label_RecommendationForApprovalOfAnnualReportByGeneralMeeting" order="10.0"/>
    <link:loc xlink:type="locator" xlink:href="sob.xsd#sob_ManagementsStatementAboutManagementsReview" xlink:label="ManagementsStatementAboutManagementsReview"/>
    <link:label xlink:type="resource" xlink:label="label_ManagementsStatementAboutManagementsReview" xlink:role="http://www.xbrl.org/2003/role/label" xml:lang="es" id="label_ManagementsStatementAboutManagementsReview">Declaración de la Dirección sobre la revisión de la gestión</link:label>
    <link:labelArc xlink:type="arc" xlink:arcrole="http://www.xbrl.org/2003/arcrole/concept-label" xlink:from="ManagementsStatementAboutManagementsReview" xlink:to="label_ManagementsStatementAboutManagementsReview" order="10.0"/>
    <link:loc xlink:type="locator" xlink:href="sob.xsd#sob_DetailsOnMemberOfExecutiveBoardApprovingAnnualReportAbstract" xlink:label="DetailsOnMemberOfExecutiveBoardApprovingAnnualReportAbstract"/>
    <link:label xlink:type="resource" xlink:label="label_DetailsOnMemberOfExecutiveBoardApprovingAnnualReportAbstract" xlink:role="http://www.xbrl.org/2003/role/label" xml:lang="es" id="label_DetailsOnMemberOfExecutiveBoardApprovingAnnualReportAbstract">Datos del miembro del consejo ejecutivo que aprueba el informe anual</link:label>
    <link:labelArc xlink:type="arc" xlink:arcrole="http://www.xbrl.org/2003/arcrole/concept-label" xlink:from="DetailsOnMemberOfExecutiveBoardApprovingAnnualReportAbstract" xlink:to="label_DetailsOnMemberOfExecutiveBoardApprovingAnnualReportAbstract" order="10.0"/>
    <link:loc xlink:type="locator" xlink:href="sob.xsd#sob_DetailsOnMemberOfSupervisoryBoardApprovingAnnualReportAbstract" xlink:label="DetailsOnMemberOfSupervisoryBoardApprovingAnnualReportAbstract"/>
    <link:label xlink:type="resource" xlink:label="label_DetailsOnMemberOfSupervisoryBoardApprovingAnnualReportAbstract" xlink:role="http://www.xbrl.org/2003/role/label" xml:lang="es" id="label_DetailsOnMemberOfSupervisoryBoardApprovingAnnualReportAbstract">Datos del miembro del consejo de supervisión que aprueba el informe anual</link:label>
    <link:labelArc xlink:type="arc" xlink:arcrole="http://www.xbrl.org/2003/arcrole/concept-label" xlink:from="DetailsOnMemberOfSupervisoryBoardApprovingAnnualReportAbstract" xlink:to="label_DetailsOnMemberOfSupervisoryBoardApprovingAnnualReportAbstract" order="10.0"/>
    <link:loc xlink:type="locator" xlink:href="sob.xsd#sob_DetailsOnMemberOfSupervisoryBoardApprovingAnnualReportHypercube" xlink:label="DetailsOnMemberOfSupervisoryBoardApprovingAnnualReportHypercube"/>
    <link:label xlink:type="resource" xlink:label="label_DetailsOnMemberOfSupervisoryBoardApprovingAnnualReportHypercube" xlink:role="http://www.xbrl.org/2003/role/label" xml:lang="es" id="label_DetailsOnMemberOfSupervisoryBoardApprovingAnnualReportHypercube">Datos del miembro del consejo de supervisión que aprueba el informe anual</link:label>
    <link:labelArc xlink:type="arc" xlink:arcrole="http://www.xbrl.org/2003/arcrole/concept-label" xlink:from="DetailsOnMemberOfSupervisoryBoardApprovingAnnualReportHypercube" xlink:to="label_DetailsOnMemberOfSupervisoryBoardApprovingAnnualReportHypercube" order="10.0"/>
    <link:loc xlink:type="locator" xlink:href="sob.xsd#sob_DescriptionOfObjectionsOfMemberOfSupervisoryBoardOnAnnualReport" xlink:label="DescriptionOfObjectionsOfMemberOfSupervisoryBoardOnAnnualReport"/>
    <link:label xlink:type="resource" xlink:label="label_DescriptionOfObjectionsOfMemberOfSupervisoryBoardOnAnnualReport" xlink:role="http://www.xbrl.org/2003/role/label" xml:lang="es" id="label_DescriptionOfObjectionsOfMemberOfSupervisoryBoardOnAnnualReport">Descripción de las objeciones del miembro del consejo de supervisión con respecto al informe anual</link:label>
    <link:labelArc xlink:type="arc" xlink:arcrole="http://www.xbrl.org/2003/arcrole/concept-label" xlink:from="DescriptionOfObjectionsOfMemberOfSupervisoryBoardOnAnnualReport" xlink:to="label_DescriptionOfObjectionsOfMemberOfSupervisoryBoardOnAnnualReport" order="10.0"/>
    <link:loc xlink:type="locator" xlink:href="sob.xsd#sob_DescriptionOfSpecificAndAdequateGroundsForObjectionsOfMemberOfSupervisoryBoardOnAnnualReport" xlink:label="DescriptionOfSpecificAndAdequateGroundsForObjectionsOfMemberOfSupervisoryBoardOnAnnualReport"/>
    <link:label xlink:type="resource" xlink:label="label_DescriptionOfSpecificAndAdequateGroundsForObjectionsOfMemberOfSupervisoryBoardOnAnnualReport" xlink:role="http://www.xbrl.org/2003/role/label" xml:lang="es" id="label_DescriptionOfSpecificAndAdequateGroundsForObjectionsOfMemberOfSupervisoryBoardOnAnnualReport">Descripción de los motivos específicos y adecuados de la objeción del miembro del consejo de supervisión con respecto al informe anual</link:label>
    <link:labelArc xlink:type="arc" xlink:arcrole="http://www.xbrl.org/2003/arcrole/concept-label" xlink:from="DescriptionOfSpecificAndAdequateGroundsForObjectionsOfMemberOfSupervisoryBoardOnAnnualReport" xlink:to="label_DescriptionOfSpecificAndAdequateGroundsForObjectionsOfMemberOfSupervisoryBoardOnAnnualReport" order="10.0"/>
    <link:loc xlink:type="locator" xlink:href="sob.xsd#sob_DetailsOnLiquidatorApprovingAnnualReportHypercube" xlink:label="DetailsOnLiquidatorApprovingAnnualReportHypercube" xlink:title="DetailsOnLiquidatorApprovingAnnualReportHypercube"/>
    <link:label xlink:type="resource" xlink:label="label_DetailsOnLiquidatorApprovingAnnualReportHypercube_2" xlink:role="http://www.xbrl.org/2003/role/label" xlink:title="label_DetailsOnLiquidatorApprovingAnnualReportHypercube" xml:lang="es" id="label_DetailsOnLiquidatorApprovingAnnualReportHypercube_2">Datos del liquidador que aprueba el informe anual</link:label>
    <link:labelArc xlink:type="arc" xlink:arcrole="http://www.xbrl.org/2003/arcrole/concept-label" xlink:from="DetailsOnLiquidatorApprovingAnnualReportHypercube" xlink:to="label_DetailsOnLiquidatorApprovingAnnualReportHypercube_2" xlink:title="label: DetailsOnLiquidatorApprovingAnnualReportHypercube to label_DetailsOnLiquidatorApprovingAnnualReportHypercube"/>
    <link:loc xlink:type="locator" xlink:href="sob.xsd#sob_DetailsOnLiquidatorApprovingAnnualReportAbstract" xlink:label="DetailsOnLiquidatorApprovingAnnualReportAbstract" xlink:title="DetailsOnLiquidatorApprovingAnnualReportAbstract"/>
    <link:label xlink:type="resource" xlink:label="label_DetailsOnLiquidatorApprovingAnnualReportAbstract_2" xlink:role="http://www.xbrl.org/2003/role/label" xlink:title="label_DetailsOnLiquidatorApprovingAnnualReportAbstract" xml:lang="es" id="label_DetailsOnLiquidatorApprovingAnnualReportAbstract_2">Datos del liquidador que aprueba el informe anual</link:label>
    <link:labelArc xlink:type="arc" xlink:arcrole="http://www.xbrl.org/2003/arcrole/concept-label" xlink:from="DetailsOnLiquidatorApprovingAnnualReportAbstract" xlink:to="label_DetailsOnLiquidatorApprovingAnnualReportAbstract_2" xlink:title="label: DetailsOnLiquidatorApprovingAnnualReportAbstract to label_DetailsOnLiquidatorApprovingAnnualReportAbstract"/>
    <link:loc xlink:type="locator" xlink:href="sob.xsd#sob_DescriptionOfObjectionsOfLiquidatorOnAnnualReport" xlink:label="DescriptionOfObjectionsOfLiquidatorOnAnnualReport" xlink:title="DescriptionOfObjectionsOfLiquidatorOnAnnualReport"/>
    <link:label xlink:type="resource" xlink:label="label_DescriptionOfObjectionsOfLiquidatorOnAnnualReport_2" xlink:role="http://www.xbrl.org/2003/role/label" xlink:title="label_DescriptionOfObjectionsOfLiquidatorOnAnnualReport" xml:lang="es" id="label_DescriptionOfObjectionsOfLiquidatorOnAnnualReport_2">Descripción de las objeciones del liquidador con respecto al informe anual</link:label>
    <link:labelArc xlink:type="arc" xlink:arcrole="http://www.xbrl.org/2003/arcrole/concept-label" xlink:from="DescriptionOfObjectionsOfLiquidatorOnAnnualReport" xlink:to="label_DescriptionOfObjectionsOfLiquidatorOnAnnualReport_2" xlink:title="label: DescriptionOfObjectionsOfLiquidatorOnAnnualReport to label_DescriptionOfObjectionsOfLiquidatorOnAnnualReport"/>
    <link:loc xlink:type="locator" xlink:href="sob.xsd#sob_DescriptionOfSpecificAndAdequateGroundsForObjectionsOfLiquidatorOnAnnualReport" xlink:label="DescriptionOfSpecificAndAdequateGroundsForObjectionsOfLiquidatorOnAnnualReport" xlink:title="DescriptionOfSpecificAndAdequateGroundsForObjectionsOfLiquidatorOnAnnualReport"/>
    <link:label xlink:type="resource" xlink:label="label_DescriptionOfSpecificAndAdequateGroundsForObjectionsOfLiquidatorOnAnnualReport_2" xlink:role="http://www.xbrl.org/2003/role/label" xlink:title="label_DescriptionOfSpecificAndAdequateGroundsForObjectionsOfLiquidatorOnAnnualReport" xml:lang="es" id="label_DescriptionOfSpecificAndAdequateGroundsForObjectionsOfLiquidatorOnAnnualReport_2">Descripción de los motivos específicos y adecuados de la objeción del liquidador con respecto al informe anual</link:label>
    <link:labelArc xlink:type="arc" xlink:arcrole="http://www.xbrl.org/2003/arcrole/concept-label" xlink:from="DescriptionOfSpecificAndAdequateGroundsForObjectionsOfLiquidatorOnAnnualReport" xlink:to="label_DescriptionOfSpecificAndAdequateGroundsForObjectionsOfLiquidatorOnAnnualReport_2" xlink:title="label: DescriptionOfSpecificAndAdequateGroundsForObjectionsOfLiquidatorOnAnnualReport to label_DescriptionOfSpecificAndAdequateGroundsForObjectionsOfLiquidatorOnAnnualReport"/>
    <link:loc xlink:type="locator" xlink:href="sob.xsd#sob_DetailsOnParticipantNotPartOfTheRegisteredManagementMemberOfExecutiveBoardAbstract" xlink:label="DetailsOnParticipantNotPartOfTheRegisteredManagementMemberOfExecutiveBoardAbstract"/>
    <link:label xlink:type="resource" xlink:label="label_DetailsOnParticipantNotPartOfTheRegisteredManagementMemberOfExecutiveBoardAbstract" xlink:role="http://www.xbrl.org/2003/role/label" xml:lang="es">Datos sobre el miembro que NO forma parte del equipo directivo registrado (miembro del consejo ejecutivo)</link:label>
    <link:labelArc xlink:type="arc" xlink:arcrole="http://www.xbrl.org/2003/arcrole/concept-label" xlink:from="DetailsOnParticipantNotPartOfTheRegisteredManagementMemberOfExecutiveBoardAbstract" xlink:to="label_DetailsOnParticipantNotPartOfTheRegisteredManagementMemberOfExecutiveBoardAbstract"/>
    <link:loc xlink:type="locator" xlink:href="sob.xsd#sob_IdentificationNumberCVRofParticipantNotPartOfTheRegisteredManagementMemberOfExecutiveBoard" xlink:label="IdentificationNumberCVRofParticipantNotPartOfTheRegisteredManagementMemberOfExecutiveBoard"/>
    <link:label xlink:type="resource" xlink:label="label_IdentificationNumberCVRofParticipantNotPartOfTheRegisteredManagementMemberOfExecutiveBoard" xlink:role="http://www.xbrl.org/2003/role/label" xml:lang="es">Número de identificación personal [CVR] del miembro que NO forma parte del equipo directivo registrado (miembro del consejo ejecutivo)</link:label>
    <link:labelArc xlink:type="arc" xlink:arcrole="http://www.xbrl.org/2003/arcrole/concept-label" xlink:from="IdentificationNumberCVRofParticipantNotPartOfTheRegisteredManagementMemberOfExecutiveBoard" xlink:to="label_IdentificationNumberCVRofParticipantNotPartOfTheRegisteredManagementMemberOfExecutiveBoard"/>
    <link:loc xlink:type="locator" xlink:href="sob.xsd#sob_NameOfEntityParticipantNotPartOfTheRegisteredManagementMemberOfExecutiveBoard" xlink:label="NameOfEntityParticipantNotPartOfTheRegisteredManagementMemberOfExecutiveBoard"/>
    <link:label xlink:type="resource" xlink:label="label_NameOfEntityParticipantNotPartOfTheRegisteredManagementMemberOfExecutiveBoard" xlink:role="http://www.xbrl.org/2003/role/label" xml:lang="es">Denominación social de la entidad, miembro que NO forma parte del equipo directivo registrado (miembro del consejo ejecutivo)</link:label>
    <link:labelArc xlink:type="arc" xlink:arcrole="http://www.xbrl.org/2003/arcrole/concept-label" xlink:from="NameOfEntityParticipantNotPartOfTheRegisteredManagementMemberOfExecutiveBoard" xlink:to="label_NameOfEntityParticipantNotPartOfTheRegisteredManagementMemberOfExecutiveBoard"/>
    <link:loc xlink:type="locator" xlink:href="sob.xsd#sob_DescriptionOfParticipantNotPartOfTheRegisteredManagementMemberOfExecutiveBoard" xlink:label="DescriptionOfParticipantNotPartOfTheRegisteredManagementMemberOfExecutiveBoard"/>
    <link:label xlink:type="resource" xlink:label="label_DescriptionOfParticipantNotPartOfTheRegisteredManagementMemberOfExecutiveBoard" xlink:role="http://www.xbrl.org/2003/role/label" xml:lang="es">Descripción del miembro que NO forma parte del equipo directivo registrado (miembro del consejo ejecutivo)</link:label>
    <link:labelArc xlink:type="arc" xlink:arcrole="http://www.xbrl.org/2003/arcrole/concept-label" xlink:from="DescriptionOfParticipantNotPartOfTheRegisteredManagementMemberOfExecutiveBoard" xlink:to="label_DescriptionOfParticipantNotPartOfTheRegisteredManagementMemberOfExecutiveBoard"/>
    <link:loc xlink:type="locator" xlink:href="sob.xsd#sob_DetailsOnParticipantNotPartOfTheRegisteredManagementMemberOfSupervisoryBoardAbstract" xlink:label="DetailsOnParticipantNotPartOfTheRegisteredManagementMemberOfSupervisoryBoardAbstract"/>
    <link:label xlink:type="resource" xlink:label="label_DetailsOnParticipantNotPartOfTheRegisteredManagementMemberOfSupervisoryBoardAbstract" xlink:role="http://www.xbrl.org/2003/role/label" xml:lang="es">Datos sobre el miembro que NO forma parte del equipo directivo registrado (miembro del consejo de supervisión)</link:label>
    <link:labelArc xlink:type="arc" xlink:arcrole="http://www.xbrl.org/2003/arcrole/concept-label" xlink:from="DetailsOnParticipantNotPartOfTheRegisteredManagementMemberOfSupervisoryBoardAbstract" xlink:to="label_DetailsOnParticipantNotPartOfTheRegisteredManagementMemberOfSupervisoryBoardAbstract"/>
    <link:loc xlink:type="locator" xlink:href="sob.xsd#sob_IdentificationNumberCVRofParticipantNotPartOfTheRegisteredManagementMemberOfSupervisoryBoard" xlink:label="IdentificationNumberCVRofParticipantNotPartOfTheRegisteredManagementMemberOfSupervisoryBoard"/>
    <link:label xlink:type="resource" xlink:label="label_IdentificationNumberCVRofParticipantNotPartOfTheRegisteredManagementMemberOfSupervisoryBoard" xlink:role="http://www.xbrl.org/2003/role/label" xml:lang="es">Código de identificación [CVR] del miembro que NO forma parte del equipo directivo registrado (miembro del consejo de supervisión)</link:label>
    <link:labelArc xlink:type="arc" xlink:arcrole="http://www.xbrl.org/2003/arcrole/concept-label" xlink:from="IdentificationNumberCVRofParticipantNotPartOfTheRegisteredManagementMemberOfSupervisoryBoard" xlink:to="label_IdentificationNumberCVRofParticipantNotPartOfTheRegisteredManagementMemberOfSupervisoryBoard"/>
    <link:loc xlink:type="locator" xlink:href="sob.xsd#sob_NameOfEntityParticipantNotPartOfTheRegisteredManagementMemberOfSupervisoryBoard" xlink:label="NameOfEntityParticipantNotPartOfTheRegisteredManagementMemberOfSupervisoryBoard"/>
    <link:label xlink:type="resource" xlink:label="label_NameOfEntityParticipantNotPartOfTheRegisteredManagementMemberOfSupervisoryBoard" xlink:role="http://www.xbrl.org/2003/role/label" xml:lang="es">Denominación social de la entidad, miembro que NO forma parte del equipo directivo registrado (miembro del consejo de supervisión)</link:label>
    <link:labelArc xlink:type="arc" xlink:arcrole="http://www.xbrl.org/2003/arcrole/concept-label" xlink:from="NameOfEntityParticipantNotPartOfTheRegisteredManagementMemberOfSupervisoryBoard" xlink:to="label_NameOfEntityParticipantNotPartOfTheRegisteredManagementMemberOfSupervisoryBoard"/>
    <link:loc xlink:type="locator" xlink:href="sob.xsd#sob_DescriptionOfParticipantNotPartOfTheRegisteredManagementMemberOfSupervisoryBoard" xlink:label="DescriptionOfParticipantNotPartOfTheRegisteredManagementMemberOfSupervisoryBoard"/>
    <link:label xlink:type="resource" xlink:label="label_DescriptionOfParticipantNotPartOfTheRegisteredManagementMemberOfSupervisoryBoard" xlink:role="http://www.xbrl.org/2003/role/label" xml:lang="es">Descripción del miembro que NO forma parte del equipo directivo registrado (miembro del consejo de supervisión)</link:label>
    <link:labelArc xlink:type="arc" xlink:arcrole="http://www.xbrl.org/2003/arcrole/concept-label" xlink:from="DescriptionOfParticipantNotPartOfTheRegisteredManagementMemberOfSupervisoryBoard" xlink:to="label_DescriptionOfParticipantNotPartOfTheRegisteredManagementMemberOfSupervisoryBoard"/>
    <link:loc xlink:type="locator" xlink:href="sob.xsd#sob_StatementEtcByExecutiveAndSupervisoryBoardsAbstract" xlink:label="StatementEtcByExecutiveAndSupervisoryBoardsAbstract"/>
    <link:label xlink:type="resource" xlink:label="label_StatementEtcByExecutiveAndSupervisoryBoardsAbstract" xlink:role="http://www.xbrl.org/2003/role/label" xml:lang="es">Declaración de la Dirección, etc.</link:label>
    <link:labelArc xlink:type="arc" xlink:arcrole="http://www.xbrl.org/2003/arcrole/concept-label" xlink:from="StatementEtcByExecutiveAndSupervisoryBoardsAbstract" xlink:to="label_StatementEtcByExecutiveAndSupervisoryBoardsAbstract"/>
    <link:loc xlink:type="locator" xlink:href="sob.xsd#sob_RelatedToStatementByExecutiveAndSupervisoryBoardsAbstract" xlink:label="RelatedToStatementByExecutiveAndSupervisoryBoardsAbstract"/>
    <link:label xlink:type="resource" xlink:label="label_RelatedToStatementByExecutiveAndSupervisoryBoardsAbstract" xlink:role="http://www.xbrl.org/2003/role/label" xml:lang="es">Relacionado con la declaración de la Dirección </link:label>
    <link:labelArc xlink:type="arc" xlink:arcrole="http://www.xbrl.org/2003/arcrole/concept-label" xlink:from="RelatedToStatementByExecutiveAndSupervisoryBoardsAbstract" xlink:to="label_RelatedToStatementByExecutiveAndSupervisoryBoardsAbstract"/>
  </link:labelLink>
</link:linkbase>
