<?xml version="1.0" encoding="UTF-8"?>
<!-- Generated by Fujitsu Interstage XWand B0166 -->
<?officialURI http://archprod.service.eogs.dk/taxonomy/20140701/sob/sob-lab-pt.xml?>

<?taxonomy-version 1.5.0?>

<link:linkbase xmlns:xsi="http://www.w3.org/2001/XMLSchema-instance" xsi:schemaLocation="http://www.xbrl.org/2003/linkbase http://www.xbrl.org/2003/xbrl-linkbase-2003-12-31.xsd" xmlns:sob="http://xbrl.dcca.dk/sob" xmlns:link="http://www.xbrl.org/2003/linkbase" xmlns:gen="http://xbrl.org/2008/generic" xmlns:tch="http://xbrl.dcca.dk/tch" xmlns:ref="http://www.xbrl.org/2006/ref" xmlns:num="http://www.xbrl.org/dtr/type/numeric" xmlns:nonnum="http://www.xbrl.org/dtr/type/non-numeric" xmlns:xbrldt="http://xbrl.org/2005/xbrldt" xmlns:label="http://xbrl.org/2008/label" xmlns:xl="http://www.xbrl.org/2003/XLink" xmlns:cmn="http://xbrl.dcca.dk/cmn" xmlns:xbrli="http://www.xbrl.org/2003/instance" xmlns:xsd="http://www.w3.org/2001/XMLSchema" xmlns:xlink="http://www.w3.org/1999/xlink">
  <link:labelLink xlink:type="extended" xlink:role="http://www.xbrl.org/2003/role/link">
    <link:loc xlink:type="locator" xlink:href="sob.xsd#sob_ApprovalOfAnnualReportAbstract" xlink:label="ApprovalOfAnnualReportAbstract"/>
    <link:label xlink:type="resource" xlink:label="label_ApprovalOfAnnualReportAbstract" xlink:role="http://www.xbrl.org/2003/role/label" xml:lang="en" id="label_ApprovalOfAnnualReportAbstract">Approval of annual report</link:label>
    <link:labelArc xlink:type="arc" xlink:arcrole="http://www.xbrl.org/2003/arcrole/concept-label" xlink:from="ApprovalOfAnnualReportAbstract" xlink:to="label_ApprovalOfAnnualReportAbstract" order="10.0"/>
    <link:label xlink:type="resource" xlink:label="label_ApprovalOfAnnualReportAbstract_2" xlink:role="http://www.xbrl.org/2003/role/label" xml:lang="pt">Aprovação do relatório anual</link:label>
    <link:labelArc xlink:type="arc" xlink:arcrole="http://www.xbrl.org/2003/arcrole/concept-label" xlink:from="ApprovalOfAnnualReportAbstract" xlink:to="label_ApprovalOfAnnualReportAbstract_2"/>
    <link:loc xlink:type="locator" xlink:href="sob.xsd#sob_ConfirmationThatFinancialStatementGivesTrueAndFairViewOfAssetsLiabilitiesEquityFinancialPositionAndResults" xlink:label="ConfirmationThatFinancialStatementGivesTrueAndFairViewOfAssetsLiabilitiesEquityFinancialPositionAndResults"/>
    <link:label xlink:type="resource" xlink:label="label_ConfirmationThatFinancialStatementGivesTrueAndFairViewOfAssetsLiabilitiesEquityFinancialPositionAndResults" xlink:role="http://www.xbrl.org/2003/role/label" xml:lang="en" id="label_ConfirmationThatFinancialStatementGivesTrueAndFairViewOfAssetsLiabilitiesEquityFinancialPositionAndResults">Confirmation that financial statement gives true and fair view of assets, liabilities, equity, financial position and results</link:label>
    <link:labelArc xlink:type="arc" xlink:arcrole="http://www.xbrl.org/2003/arcrole/concept-label" xlink:from="ConfirmationThatFinancialStatementGivesTrueAndFairViewOfAssetsLiabilitiesEquityFinancialPositionAndResults" xlink:to="label_ConfirmationThatFinancialStatementGivesTrueAndFairViewOfAssetsLiabilitiesEquityFinancialPositionAndResults" order="10.0"/>
    <link:label xlink:type="resource" xlink:label="label_ConfirmationThatFinancialStatementGivesTrueAndFairViewOfAssetsLiabilitiesEquityFinancialPositionAndResults_2" xlink:role="http://www.xbrl.org/2003/role/label" xml:lang="pt">Confirmação de que as demonstrações contábeis dão uma visão verdadeira e justa do ativo, passivo, patrimônio líquido, balanço patrimonial e resultados financeiros</link:label>
    <link:labelArc xlink:type="arc" xlink:arcrole="http://www.xbrl.org/2003/arcrole/concept-label" xlink:from="ConfirmationThatFinancialStatementGivesTrueAndFairViewOfAssetsLiabilitiesEquityFinancialPositionAndResults" xlink:to="label_ConfirmationThatFinancialStatementGivesTrueAndFairViewOfAssetsLiabilitiesEquityFinancialPositionAndResults_2"/>
    <link:loc xlink:type="locator" xlink:href="sob.xsd#sob_ConfirmationThatAnnualReportIsPresentedInAccordanceWithRequirementsProvidedForByLegislationAnyStandardsAndRequirementsProvidedByArticlesOfAssociationOrByAgreement" xlink:label="ConfirmationThatAnnualReportIsPresentedInAccordanceWithRequirementsProvidedForByLegislationAnyStandardsAndRequirementsProvidedByArticlesOfAssociationOrByAgreement"/>
    <link:label xlink:type="resource" xlink:label="label_ConfirmationThatAnnualReportIsPresentedInAccordanceWithRequirementsProvidedForByLegislationAnyStandardsAndRequirementsProvidedByArticlesOfAssociationOrByAgreement" xlink:role="http://www.xbrl.org/2003/role/label" xml:lang="en" id="label_ConfirmationThatAnnualReportIsPresentedInAccordanceWithRequirementsProvidedForByLegislationAnyStandardsAndRequirementsProvidedByArticlesOfAssociationOrByAgreement">Confirmation that annual report is presented in accordance with requirements provided for by legislation, any standards and requirements provided by articles of association or by agreement</link:label>
    <link:labelArc xlink:type="arc" xlink:arcrole="http://www.xbrl.org/2003/arcrole/concept-label" xlink:from="ConfirmationThatAnnualReportIsPresentedInAccordanceWithRequirementsProvidedForByLegislationAnyStandardsAndRequirementsProvidedByArticlesOfAssociationOrByAgreement" xlink:to="label_ConfirmationThatAnnualReportIsPresentedInAccordanceWithRequirementsProvidedForByLegislationAnyStandardsAndRequirementsProvidedByArticlesOfAssociationOrByAgreement" order="10.0"/>
    <link:label xlink:type="resource" xlink:label="label_ConfirmationThatAnnualReportIsPresentedInAccordanceWithRequirementsProvidedForByLegislationAnyStandardsAndRequirementsProvidedByArticlesOfAssociationOrByAgreement_2" xlink:role="http://www.xbrl.org/2003/role/label" xml:lang="pt">Confirmação de que o relatório anual é apresentado em conformidade com os requisitos previstos na legislação, as normas e os requisitos previstos pelos estatutos ou por acordo.</link:label>
    <link:labelArc xlink:type="arc" xlink:arcrole="http://www.xbrl.org/2003/arcrole/concept-label" xlink:from="ConfirmationThatAnnualReportIsPresentedInAccordanceWithRequirementsProvidedForByLegislationAnyStandardsAndRequirementsProvidedByArticlesOfAssociationOrByAgreement" xlink:to="label_ConfirmationThatAnnualReportIsPresentedInAccordanceWithRequirementsProvidedForByLegislationAnyStandardsAndRequirementsProvidedByArticlesOfAssociationOrByAgreement_2"/>
    <link:loc xlink:type="locator" xlink:href="sob.xsd#sob_ConfirmationThatFinancialStatementsAreExemptedFromAuditing" xlink:label="ConfirmationThatFinancialStatementsAreExemptedFromAuditing"/>
    <link:label xlink:type="resource" xlink:label="label_ConfirmationThatFinancialStatementsAreExemptedFromAuditing" xlink:role="http://www.xbrl.org/2003/role/label" xml:lang="en" id="label_ConfirmationThatFinancialStatementsAreExemptedFromAuditing">Confirmation that financial statements are exempted from auditing</link:label>
    <link:labelArc xlink:type="arc" xlink:arcrole="http://www.xbrl.org/2003/arcrole/concept-label" xlink:from="ConfirmationThatFinancialStatementsAreExemptedFromAuditing" xlink:to="label_ConfirmationThatFinancialStatementsAreExemptedFromAuditing" order="10.0"/>
    <link:label xlink:type="resource" xlink:label="label_ConfirmationThatFinancialStatementsAreExemptedFromAuditing_2" xlink:role="http://www.xbrl.org/2003/role/label" xml:lang="pt">Confirmação de que as demonstrações contábeis se qualificam para não serem auditadas</link:label>
    <link:labelArc xlink:type="arc" xlink:arcrole="http://www.xbrl.org/2003/arcrole/concept-label" xlink:from="ConfirmationThatFinancialStatementsAreExemptedFromAuditing" xlink:to="label_ConfirmationThatFinancialStatementsAreExemptedFromAuditing_2"/>
    <link:loc xlink:type="locator" xlink:href="sob.xsd#sob_ConfirmationThatSupplementaryReportsGiveTrueAndFairViewInAccordanceWithGenerallyAcceptedGuidelinesForSuchReports" xlink:label="ConfirmationThatSupplementaryReportsGiveTrueAndFairViewInAccordanceWithGenerallyAcceptedGuidelinesForSuchReports"/>
    <link:label xlink:type="resource" xlink:label="label_ConfirmationThatSupplementaryReportsGiveTrueAndFairViewInAccordanceWithGenerallyAcceptedGuidelinesForSuchReports" xlink:role="http://www.xbrl.org/2003/role/label" xml:lang="en" id="label_ConfirmationThatSupplementaryReportsGiveTrueAndFairViewInAccordanceWithGenerallyAcceptedGuidelinesForSuchReports">Confirmation that supplementary reports give true and fair view in accordance with generally accepted guidelines for such reports</link:label>
    <link:labelArc xlink:type="arc" xlink:arcrole="http://www.xbrl.org/2003/arcrole/concept-label" xlink:from="ConfirmationThatSupplementaryReportsGiveTrueAndFairViewInAccordanceWithGenerallyAcceptedGuidelinesForSuchReports" xlink:to="label_ConfirmationThatSupplementaryReportsGiveTrueAndFairViewInAccordanceWithGenerallyAcceptedGuidelinesForSuchReports" order="10.0"/>
    <link:label xlink:type="resource" xlink:label="label_ConfirmationThatSupplementaryReportsGiveTrueAndFairViewInAccordanceWithGenerallyAcceptedGuidelinesForSuchReports_2" xlink:role="http://www.xbrl.org/2003/role/label" xml:lang="pt">Confirmação de que os relatórios complementares dão uma revisão justa em conformidade com as diretivas gerais para tais relatórios.</link:label>
    <link:labelArc xlink:type="arc" xlink:arcrole="http://www.xbrl.org/2003/arcrole/concept-label" xlink:from="ConfirmationThatSupplementaryReportsGiveTrueAndFairViewInAccordanceWithGenerallyAcceptedGuidelinesForSuchReports" xlink:to="label_ConfirmationThatSupplementaryReportsGiveTrueAndFairViewInAccordanceWithGenerallyAcceptedGuidelinesForSuchReports_2"/>
    <link:loc xlink:type="locator" xlink:href="sob.xsd#sob_DateOfApprovalOfAnnualReport" xlink:label="DateOfApprovalOfAnnualReport"/>
    <link:label xlink:type="resource" xlink:label="label_DateOfApprovalOfAnnualReport" xlink:role="http://www.xbrl.org/2003/role/label" xml:lang="en" id="label_DateOfApprovalOfAnnualReport">Date of approval of annual report</link:label>
    <link:labelArc xlink:type="arc" xlink:arcrole="http://www.xbrl.org/2003/arcrole/concept-label" xlink:from="DateOfApprovalOfAnnualReport" xlink:to="label_DateOfApprovalOfAnnualReport" order="10.0"/>
    <link:label xlink:type="resource" xlink:label="label_DateOfApprovalOfAnnualReport_2" xlink:role="http://www.xbrl.org/2003/role/label" xml:lang="pt">Data de aprovação do relatório anual</link:label>
    <link:labelArc xlink:type="arc" xlink:arcrole="http://www.xbrl.org/2003/arcrole/concept-label" xlink:from="DateOfApprovalOfAnnualReport" xlink:to="label_DateOfApprovalOfAnnualReport_2"/>
    <link:loc xlink:type="locator" xlink:href="sob.xsd#sob_DescriptionOfSpecificAndAdequateGroundsForObjectionsOfMemberOfExecutiveBoardOnAnnualReport" xlink:label="DescriptionOfSpecificAndAdequateGroundsForObjectionsOfMemberOfExecutiveBoardOnAnnualReport"/>
    <link:label xlink:type="resource" xlink:label="label_DescriptionOfSpecificAndAdequateGroundsForObjectionsOfMemberOfExecutiveBoardOnAnnualReport" xlink:role="http://www.xbrl.org/2003/role/label" xml:lang="en" id="label_DescriptionOfSpecificAndAdequateGroundsForObjectionsOfMemberOfExecutiveBoardOnAnnualReport">Description of specific and adequate grounds for objections of member of executive board on annual report</link:label>
    <link:labelArc xlink:type="arc" xlink:arcrole="http://www.xbrl.org/2003/arcrole/concept-label" xlink:from="DescriptionOfSpecificAndAdequateGroundsForObjectionsOfMemberOfExecutiveBoardOnAnnualReport" xlink:to="label_DescriptionOfSpecificAndAdequateGroundsForObjectionsOfMemberOfExecutiveBoardOnAnnualReport" order="10.0"/>
    <link:label xlink:type="resource" xlink:label="label_DescriptionOfSpecificAndAdequateGroundsForObjectionsOfMemberOfExecutiveBoardOnAnnualReport_2" xlink:role="http://www.xbrl.org/2003/role/label" xml:lang="pt">Descrição da fundamentação específica e adequada para objeções de membro da diretoria executiva sobre o relatório anual</link:label>
    <link:labelArc xlink:type="arc" xlink:arcrole="http://www.xbrl.org/2003/arcrole/concept-label" xlink:from="DescriptionOfSpecificAndAdequateGroundsForObjectionsOfMemberOfExecutiveBoardOnAnnualReport" xlink:to="label_DescriptionOfSpecificAndAdequateGroundsForObjectionsOfMemberOfExecutiveBoardOnAnnualReport_2"/>
    <link:loc xlink:type="locator" xlink:href="sob.xsd#sob_DescriptionOfObjectionsOfMemberOfExecutiveBoardOnAnnualReport" xlink:label="DescriptionOfObjectionsOfMemberOfExecutiveBoardOnAnnualReport"/>
    <link:label xlink:type="resource" xlink:label="label_DescriptionOfObjectionsOfMemberOfExecutiveBoardOnAnnualReport" xlink:role="http://www.xbrl.org/2003/role/label" xml:lang="en" id="label_DescriptionOfObjectionsOfMemberOfExecutiveBoardOnAnnualReport">Description of objections of member of executive board on annual report</link:label>
    <link:labelArc xlink:type="arc" xlink:arcrole="http://www.xbrl.org/2003/arcrole/concept-label" xlink:from="DescriptionOfObjectionsOfMemberOfExecutiveBoardOnAnnualReport" xlink:to="label_DescriptionOfObjectionsOfMemberOfExecutiveBoardOnAnnualReport" order="10.0"/>
    <link:label xlink:type="resource" xlink:label="label_DescriptionOfObjectionsOfMemberOfExecutiveBoardOnAnnualReport_2" xlink:role="http://www.xbrl.org/2003/role/label" xml:lang="pt">Descrição das objeções de membro da diretoria executiva sobre o relatório anual</link:label>
    <link:labelArc xlink:type="arc" xlink:arcrole="http://www.xbrl.org/2003/arcrole/concept-label" xlink:from="DescriptionOfObjectionsOfMemberOfExecutiveBoardOnAnnualReport" xlink:to="label_DescriptionOfObjectionsOfMemberOfExecutiveBoardOnAnnualReport_2"/>
    <link:loc xlink:type="locator" xlink:href="sob.xsd#sob_StatementOnOptingOutOfAuditingFinancialStatementsInNextReportingPeriodDueToExemption" xlink:label="StatementOnOptingOutOfAuditingFinancialStatementsInNextReportingPeriodDueToExemption"/>
    <link:label xlink:type="resource" xlink:label="label_StatementOnOptingOutOfAuditingFinancialStatementsInNextReportingPeriodDueToExemption" xlink:role="http://www.xbrl.org/2003/role/label" xml:lang="en" id="label_StatementOnOptingOutOfAuditingFinancialStatementsInNextReportingPeriodDueToExemption">Statement on opting out of auditing financial statements in next reporting period due to exemption</link:label>
    <link:labelArc xlink:type="arc" xlink:arcrole="http://www.xbrl.org/2003/arcrole/concept-label" xlink:from="StatementOnOptingOutOfAuditingFinancialStatementsInNextReportingPeriodDueToExemption" xlink:to="label_StatementOnOptingOutOfAuditingFinancialStatementsInNextReportingPeriodDueToExemption" order="10.0"/>
    <link:label xlink:type="resource" xlink:label="label_StatementOnOptingOutOfAuditingFinancialStatementsInNextReportingPeriodDueToExemption_2" xlink:role="http://www.xbrl.org/2003/role/label" xml:lang="pt">Declaração sobre a opção de retirada das demonstrações contábeis em auditoria independente no próximo período de relatório, devido à isenção</link:label>
    <link:labelArc xlink:type="arc" xlink:arcrole="http://www.xbrl.org/2003/arcrole/concept-label" xlink:from="StatementOnOptingOutOfAuditingFinancialStatementsInNextReportingPeriodDueToExemption" xlink:to="label_StatementOnOptingOutOfAuditingFinancialStatementsInNextReportingPeriodDueToExemption_2"/>
    <link:loc xlink:type="locator" xlink:href="sob.xsd#sob_PlaceOfSignatureOfStatement" xlink:label="PlaceOfSignatureOfStatement"/>
    <link:label xlink:type="resource" xlink:label="label_PlaceOfSignatureOfStatement" xlink:role="http://www.xbrl.org/2003/role/label" xml:lang="en" id="label_PlaceOfSignatureOfStatement">Place of signature of statement</link:label>
    <link:labelArc xlink:type="arc" xlink:arcrole="http://www.xbrl.org/2003/arcrole/concept-label" xlink:from="PlaceOfSignatureOfStatement" xlink:to="label_PlaceOfSignatureOfStatement" order="10.0"/>
    <link:label xlink:type="resource" xlink:label="label_PlaceOfSignatureOfStatement_2" xlink:role="http://www.xbrl.org/2003/role/label" xml:lang="pt">Lugar de assinatura da declaração pela administração</link:label>
    <link:labelArc xlink:type="arc" xlink:arcrole="http://www.xbrl.org/2003/arcrole/concept-label" xlink:from="PlaceOfSignatureOfStatement" xlink:to="label_PlaceOfSignatureOfStatement_2"/>
    <link:loc xlink:type="locator" xlink:href="sob.xsd#sob_StatementByExecutiveAndSupervisoryBoards" xlink:label="StatementByExecutiveAndSupervisoryBoards"/>
    <link:label xlink:type="resource" xlink:label="label_StatementByExecutiveAndSupervisoryBoards" xlink:role="http://www.xbrl.org/2003/role/label" xml:lang="en" id="label_StatementByExecutiveAndSupervisoryBoards">Statement by executive and supervisory boards</link:label>
    <link:labelArc xlink:type="arc" xlink:arcrole="http://www.xbrl.org/2003/arcrole/concept-label" xlink:from="StatementByExecutiveAndSupervisoryBoards" xlink:to="label_StatementByExecutiveAndSupervisoryBoards" order="10.0"/>
    <link:label xlink:type="resource" xlink:label="label_StatementByExecutiveAndSupervisoryBoards_2" xlink:role="http://www.xbrl.org/2003/role/label" xml:lang="pt">Declaração pela administração</link:label>
    <link:labelArc xlink:type="arc" xlink:arcrole="http://www.xbrl.org/2003/arcrole/concept-label" xlink:from="StatementByExecutiveAndSupervisoryBoards" xlink:to="label_StatementByExecutiveAndSupervisoryBoards_2"/>
    <link:loc xlink:type="locator" xlink:href="sob.xsd#sob_DetailsOnMemberOfExecutiveBoardApprovingAnnualReportHypercube" xlink:label="DetailsOnMemberOfExecutiveBoardApprovingAnnualReportHypercube"/>
    <link:label xlink:type="resource" xlink:label="label_DetailsOnMemberOfExecutiveBoardApprovingAnnualReportHypercube" xlink:role="http://www.xbrl.org/2003/role/label" xml:lang="en" id="label_DetailsOnMemberOfExecutiveBoardApprovingAnnualReportHypercube">Details on member of executive board approving annual report</link:label>
    <link:labelArc xlink:type="arc" xlink:arcrole="http://www.xbrl.org/2003/arcrole/concept-label" xlink:from="DetailsOnMemberOfExecutiveBoardApprovingAnnualReportHypercube" xlink:to="label_DetailsOnMemberOfExecutiveBoardApprovingAnnualReportHypercube" order="10.0"/>
    <link:label xlink:type="resource" xlink:label="label_DetailsOnMemberOfExecutiveBoardApprovingAnnualReportHypercube_2" xlink:role="http://www.xbrl.org/2003/role/label" xml:lang="pt">Detalhes sobre o membro da diretoria executiva que aprova o relatório anual</link:label>
    <link:labelArc xlink:type="arc" xlink:arcrole="http://www.xbrl.org/2003/arcrole/concept-label" xlink:from="DetailsOnMemberOfExecutiveBoardApprovingAnnualReportHypercube" xlink:to="label_DetailsOnMemberOfExecutiveBoardApprovingAnnualReportHypercube_2"/>
    <link:loc xlink:type="locator" xlink:href="sob.xsd#sob_IdentificationOfApprovedAnnualReport" xlink:label="IdentificationOfApprovedAnnualReport"/>
    <link:label xlink:type="resource" xlink:label="label_IdentificationOfApprovedAnnualReport" xlink:role="http://www.xbrl.org/2003/role/label" xml:lang="en" id="label_IdentificationOfApprovedAnnualReport">Identification of approved annual report</link:label>
    <link:labelArc xlink:type="arc" xlink:arcrole="http://www.xbrl.org/2003/arcrole/concept-label" xlink:from="IdentificationOfApprovedAnnualReport" xlink:to="label_IdentificationOfApprovedAnnualReport" order="10.0"/>
    <link:label xlink:type="resource" xlink:label="label_IdentificationOfApprovedAnnualReport_2" xlink:role="http://www.xbrl.org/2003/role/label" xml:lang="pt">Identificação do relatório anual aprovado</link:label>
    <link:labelArc xlink:type="arc" xlink:arcrole="http://www.xbrl.org/2003/arcrole/concept-label" xlink:from="IdentificationOfApprovedAnnualReport" xlink:to="label_IdentificationOfApprovedAnnualReport_2"/>
    <link:loc xlink:type="locator" xlink:href="sob.xsd#sob_RecommendationForApprovalOfAnnualReportByGeneralMeeting" xlink:label="RecommendationForApprovalOfAnnualReportByGeneralMeeting"/>
    <link:label xlink:type="resource" xlink:label="label_RecommendationForApprovalOfAnnualReportByGeneralMeeting" xlink:role="http://www.xbrl.org/2003/role/label" xml:lang="en" id="label_RecommendationForApprovalOfAnnualReportByGeneralMeeting">Recommendation for approval of annual report by general meeting</link:label>
    <link:labelArc xlink:type="arc" xlink:arcrole="http://www.xbrl.org/2003/arcrole/concept-label" xlink:from="RecommendationForApprovalOfAnnualReportByGeneralMeeting" xlink:to="label_RecommendationForApprovalOfAnnualReportByGeneralMeeting" order="10.0"/>
    <link:label xlink:type="resource" xlink:label="label_RecommendationForApprovalOfAnnualReportByGeneralMeeting_2" xlink:role="http://www.xbrl.org/2003/role/label" xml:lang="pt">Recomendação do relatório anula para a aprovação da assembleia geral</link:label>
    <link:labelArc xlink:type="arc" xlink:arcrole="http://www.xbrl.org/2003/arcrole/concept-label" xlink:from="RecommendationForApprovalOfAnnualReportByGeneralMeeting" xlink:to="label_RecommendationForApprovalOfAnnualReportByGeneralMeeting_2"/>
    <link:loc xlink:type="locator" xlink:href="sob.xsd#sob_ManagementsStatementAboutManagementsReview" xlink:label="ManagementsStatementAboutManagementsReview"/>
    <link:label xlink:type="resource" xlink:label="label_ManagementsStatementAboutManagementsReview" xlink:role="http://www.xbrl.org/2003/role/label" xml:lang="en" id="label_ManagementsStatementAboutManagementsReview">Management's statement about management's review</link:label>
    <link:labelArc xlink:type="arc" xlink:arcrole="http://www.xbrl.org/2003/arcrole/concept-label" xlink:from="ManagementsStatementAboutManagementsReview" xlink:to="label_ManagementsStatementAboutManagementsReview" order="10.0"/>
    <link:label xlink:type="resource" xlink:label="label_ManagementsStatementAboutManagementsReview_2" xlink:role="http://www.xbrl.org/2003/role/label" xml:lang="pt">Declaração da administração sobre a revisão pela administração</link:label>
    <link:labelArc xlink:type="arc" xlink:arcrole="http://www.xbrl.org/2003/arcrole/concept-label" xlink:from="ManagementsStatementAboutManagementsReview" xlink:to="label_ManagementsStatementAboutManagementsReview_2"/>
    <link:loc xlink:type="locator" xlink:href="sob.xsd#sob_DetailsOnMemberOfExecutiveBoardApprovingAnnualReportAbstract" xlink:label="DetailsOnMemberOfExecutiveBoardApprovingAnnualReportAbstract"/>
    <link:label xlink:type="resource" xlink:label="label_DetailsOnMemberOfExecutiveBoardApprovingAnnualReportAbstract" xlink:role="http://www.xbrl.org/2003/role/label" xml:lang="en" id="label_DetailsOnMemberOfExecutiveBoardApprovingAnnualReportAbstract">Details on member of executive board approving annual report</link:label>
    <link:labelArc xlink:type="arc" xlink:arcrole="http://www.xbrl.org/2003/arcrole/concept-label" xlink:from="DetailsOnMemberOfExecutiveBoardApprovingAnnualReportAbstract" xlink:to="label_DetailsOnMemberOfExecutiveBoardApprovingAnnualReportAbstract" order="10.0"/>
    <link:label xlink:type="resource" xlink:label="label_DetailsOnMemberOfExecutiveBoardApprovingAnnualReportAbstract_2" xlink:role="http://www.xbrl.org/2003/role/label" xml:lang="pt">Detalhes sobre o membro da diretoria executiva que aprova o relatório anual</link:label>
    <link:labelArc xlink:type="arc" xlink:arcrole="http://www.xbrl.org/2003/arcrole/concept-label" xlink:from="DetailsOnMemberOfExecutiveBoardApprovingAnnualReportAbstract" xlink:to="label_DetailsOnMemberOfExecutiveBoardApprovingAnnualReportAbstract_2"/>
    <link:loc xlink:type="locator" xlink:href="sob.xsd#sob_DetailsOnMemberOfSupervisoryBoardApprovingAnnualReportAbstract" xlink:label="DetailsOnMemberOfSupervisoryBoardApprovingAnnualReportAbstract"/>
    <link:label xlink:type="resource" xlink:label="label_DetailsOnMemberOfSupervisoryBoardApprovingAnnualReportAbstract" xlink:role="http://www.xbrl.org/2003/role/label" xml:lang="en" id="label_DetailsOnMemberOfSupervisoryBoardApprovingAnnualReportAbstract">Details on member of supervisory board approving annual report</link:label>
    <link:labelArc xlink:type="arc" xlink:arcrole="http://www.xbrl.org/2003/arcrole/concept-label" xlink:from="DetailsOnMemberOfSupervisoryBoardApprovingAnnualReportAbstract" xlink:to="label_DetailsOnMemberOfSupervisoryBoardApprovingAnnualReportAbstract" order="10.0"/>
    <link:label xlink:type="resource" xlink:label="label_DetailsOnMemberOfSupervisoryBoardApprovingAnnualReportAbstract_2" xlink:role="http://www.xbrl.org/2003/role/label" xml:lang="pt">Detalhes sobre o membro do conselho fiscal que aprova o relatório anual</link:label>
    <link:labelArc xlink:type="arc" xlink:arcrole="http://www.xbrl.org/2003/arcrole/concept-label" xlink:from="DetailsOnMemberOfSupervisoryBoardApprovingAnnualReportAbstract" xlink:to="label_DetailsOnMemberOfSupervisoryBoardApprovingAnnualReportAbstract_2"/>
    <link:loc xlink:type="locator" xlink:href="sob.xsd#sob_DetailsOnMemberOfSupervisoryBoardApprovingAnnualReportHypercube" xlink:label="DetailsOnMemberOfSupervisoryBoardApprovingAnnualReportHypercube"/>
    <link:label xlink:type="resource" xlink:label="label_DetailsOnMemberOfSupervisoryBoardApprovingAnnualReportHypercube" xlink:role="http://www.xbrl.org/2003/role/label" xml:lang="en" id="label_DetailsOnMemberOfSupervisoryBoardApprovingAnnualReportHypercube">Details on member of supervisory board approving annual report</link:label>
    <link:labelArc xlink:type="arc" xlink:arcrole="http://www.xbrl.org/2003/arcrole/concept-label" xlink:from="DetailsOnMemberOfSupervisoryBoardApprovingAnnualReportHypercube" xlink:to="label_DetailsOnMemberOfSupervisoryBoardApprovingAnnualReportHypercube" order="10.0"/>
    <link:label xlink:type="resource" xlink:label="label_DetailsOnMemberOfSupervisoryBoardApprovingAnnualReportHypercube_2" xlink:role="http://www.xbrl.org/2003/role/label" xml:lang="pt">Detalhes sobre o membro do conselho fiscal que aprova o relatório anual</link:label>
    <link:labelArc xlink:type="arc" xlink:arcrole="http://www.xbrl.org/2003/arcrole/concept-label" xlink:from="DetailsOnMemberOfSupervisoryBoardApprovingAnnualReportHypercube" xlink:to="label_DetailsOnMemberOfSupervisoryBoardApprovingAnnualReportHypercube_2"/>
    <link:loc xlink:type="locator" xlink:href="sob.xsd#sob_DescriptionOfObjectionsOfMemberOfSupervisoryBoardOnAnnualReport" xlink:label="DescriptionOfObjectionsOfMemberOfSupervisoryBoardOnAnnualReport"/>
    <link:label xlink:type="resource" xlink:label="label_DescriptionOfObjectionsOfMemberOfSupervisoryBoardOnAnnualReport" xlink:role="http://www.xbrl.org/2003/role/label" xml:lang="en" id="label_DescriptionOfObjectionsOfMemberOfSupervisoryBoardOnAnnualReport">Description of objections of member of supervisory board on annual report</link:label>
    <link:labelArc xlink:type="arc" xlink:arcrole="http://www.xbrl.org/2003/arcrole/concept-label" xlink:from="DescriptionOfObjectionsOfMemberOfSupervisoryBoardOnAnnualReport" xlink:to="label_DescriptionOfObjectionsOfMemberOfSupervisoryBoardOnAnnualReport" order="10.0"/>
    <link:label xlink:type="resource" xlink:label="label_DescriptionOfObjectionsOfMemberOfSupervisoryBoardOnAnnualReport_2" xlink:role="http://www.xbrl.org/2003/role/label" xml:lang="pt">Descrição das objeções de membro do conselho fiscal sobre o relatório anual</link:label>
    <link:labelArc xlink:type="arc" xlink:arcrole="http://www.xbrl.org/2003/arcrole/concept-label" xlink:from="DescriptionOfObjectionsOfMemberOfSupervisoryBoardOnAnnualReport" xlink:to="label_DescriptionOfObjectionsOfMemberOfSupervisoryBoardOnAnnualReport_2"/>
    <link:loc xlink:type="locator" xlink:href="sob.xsd#sob_DescriptionOfSpecificAndAdequateGroundsForObjectionsOfMemberOfSupervisoryBoardOnAnnualReport" xlink:label="DescriptionOfSpecificAndAdequateGroundsForObjectionsOfMemberOfSupervisoryBoardOnAnnualReport"/>
    <link:label xlink:type="resource" xlink:label="label_DescriptionOfSpecificAndAdequateGroundsForObjectionsOfMemberOfSupervisoryBoardOnAnnualReport" xlink:role="http://www.xbrl.org/2003/role/label" xml:lang="en" id="label_DescriptionOfSpecificAndAdequateGroundsForObjectionsOfMemberOfSupervisoryBoardOnAnnualReport">Description of specific and adequate grounds for objections of member of supervisory board on annual report</link:label>
    <link:labelArc xlink:type="arc" xlink:arcrole="http://www.xbrl.org/2003/arcrole/concept-label" xlink:from="DescriptionOfSpecificAndAdequateGroundsForObjectionsOfMemberOfSupervisoryBoardOnAnnualReport" xlink:to="label_DescriptionOfSpecificAndAdequateGroundsForObjectionsOfMemberOfSupervisoryBoardOnAnnualReport" order="10.0"/>
    <link:label xlink:type="resource" xlink:label="label_DescriptionOfSpecificAndAdequateGroundsForObjectionsOfMemberOfSupervisoryBoardOnAnnualReport_2" xlink:role="http://www.xbrl.org/2003/role/label" xml:lang="pt">Descrição da fundamentação específica e adequada para objeções de membro do conselho fiscal sobre o relatório anual</link:label>
    <link:labelArc xlink:type="arc" xlink:arcrole="http://www.xbrl.org/2003/arcrole/concept-label" xlink:from="DescriptionOfSpecificAndAdequateGroundsForObjectionsOfMemberOfSupervisoryBoardOnAnnualReport" xlink:to="label_DescriptionOfSpecificAndAdequateGroundsForObjectionsOfMemberOfSupervisoryBoardOnAnnualReport_2"/>
    <link:loc xlink:type="locator" xlink:href="sob.xsd#sob_DetailsOnLiquidatorApprovingAnnualReportHypercube" xlink:label="DetailsOnLiquidatorApprovingAnnualReportHypercube" xlink:title="DetailsOnLiquidatorApprovingAnnualReportHypercube"/>
    <link:label xlink:type="resource" xlink:label="label_DetailsOnLiquidatorApprovingAnnualReportHypercube_2" xlink:role="http://www.xbrl.org/2003/role/label" xlink:title="label_DetailsOnLiquidatorApprovingAnnualReportHypercube" xml:lang="en" id="label_DetailsOnLiquidatorApprovingAnnualReportHypercube_2">Details on liquidator approving annual report</link:label>
    <link:labelArc xlink:type="arc" xlink:arcrole="http://www.xbrl.org/2003/arcrole/concept-label" xlink:from="DetailsOnLiquidatorApprovingAnnualReportHypercube" xlink:to="label_DetailsOnLiquidatorApprovingAnnualReportHypercube_2" xlink:title="label: DetailsOnLiquidatorApprovingAnnualReportHypercube to label_DetailsOnLiquidatorApprovingAnnualReportHypercube"/>
    <link:label xlink:type="resource" xlink:label="label_DetailsOnLiquidatorApprovingAnnualReportHypercube" xlink:role="http://www.xbrl.org/2003/role/label" xml:lang="pt">Detalhes sobre o liquidante que aprova o relatório anual</link:label>
    <link:labelArc xlink:type="arc" xlink:arcrole="http://www.xbrl.org/2003/arcrole/concept-label" xlink:from="DetailsOnLiquidatorApprovingAnnualReportHypercube" xlink:to="label_DetailsOnLiquidatorApprovingAnnualReportHypercube"/>
    <link:loc xlink:type="locator" xlink:href="sob.xsd#sob_DetailsOnLiquidatorApprovingAnnualReportAbstract" xlink:label="DetailsOnLiquidatorApprovingAnnualReportAbstract" xlink:title="DetailsOnLiquidatorApprovingAnnualReportAbstract"/>
    <link:label xlink:type="resource" xlink:label="label_DetailsOnLiquidatorApprovingAnnualReportAbstract_2" xlink:role="http://www.xbrl.org/2003/role/label" xlink:title="label_DetailsOnLiquidatorApprovingAnnualReportAbstract" xml:lang="en" id="label_DetailsOnLiquidatorApprovingAnnualReportAbstract_2">Details on liquidator approving annual report</link:label>
    <link:labelArc xlink:type="arc" xlink:arcrole="http://www.xbrl.org/2003/arcrole/concept-label" xlink:from="DetailsOnLiquidatorApprovingAnnualReportAbstract" xlink:to="label_DetailsOnLiquidatorApprovingAnnualReportAbstract_2" xlink:title="label: DetailsOnLiquidatorApprovingAnnualReportAbstract to label_DetailsOnLiquidatorApprovingAnnualReportAbstract"/>
    <link:label xlink:type="resource" xlink:label="label_DetailsOnLiquidatorApprovingAnnualReportAbstract" xlink:role="http://www.xbrl.org/2003/role/label" xml:lang="pt">Detalhes sobre o liquidante que aprova o relatório anual</link:label>
    <link:labelArc xlink:type="arc" xlink:arcrole="http://www.xbrl.org/2003/arcrole/concept-label" xlink:from="DetailsOnLiquidatorApprovingAnnualReportAbstract" xlink:to="label_DetailsOnLiquidatorApprovingAnnualReportAbstract"/>
    <link:loc xlink:type="locator" xlink:href="sob.xsd#sob_DescriptionOfObjectionsOfLiquidatorOnAnnualReport" xlink:label="DescriptionOfObjectionsOfLiquidatorOnAnnualReport" xlink:title="DescriptionOfObjectionsOfLiquidatorOnAnnualReport"/>
    <link:label xlink:type="resource" xlink:label="label_DescriptionOfObjectionsOfLiquidatorOnAnnualReport_2" xlink:role="http://www.xbrl.org/2003/role/label" xlink:title="label_DescriptionOfObjectionsOfLiquidatorOnAnnualReport" xml:lang="en" id="label_DescriptionOfObjectionsOfLiquidatorOnAnnualReport_2">Description of objections of liquidator on annual report</link:label>
    <link:labelArc xlink:type="arc" xlink:arcrole="http://www.xbrl.org/2003/arcrole/concept-label" xlink:from="DescriptionOfObjectionsOfLiquidatorOnAnnualReport" xlink:to="label_DescriptionOfObjectionsOfLiquidatorOnAnnualReport_2" xlink:title="label: DescriptionOfObjectionsOfLiquidatorOnAnnualReport to label_DescriptionOfObjectionsOfLiquidatorOnAnnualReport"/>
    <link:label xlink:type="resource" xlink:label="label_DescriptionOfObjectionsOfLiquidatorOnAnnualReport" xlink:role="http://www.xbrl.org/2003/role/label" xml:lang="pt">Descrição das objeções do liquidante sobre o relatório anual</link:label>
    <link:labelArc xlink:type="arc" xlink:arcrole="http://www.xbrl.org/2003/arcrole/concept-label" xlink:from="DescriptionOfObjectionsOfLiquidatorOnAnnualReport" xlink:to="label_DescriptionOfObjectionsOfLiquidatorOnAnnualReport"/>
    <link:loc xlink:type="locator" xlink:href="sob.xsd#sob_DescriptionOfSpecificAndAdequateGroundsForObjectionsOfLiquidatorOnAnnualReport" xlink:label="DescriptionOfSpecificAndAdequateGroundsForObjectionsOfLiquidatorOnAnnualReport" xlink:title="DescriptionOfSpecificAndAdequateGroundsForObjectionsOfLiquidatorOnAnnualReport"/>
    <link:label xlink:type="resource" xlink:label="label_DescriptionOfSpecificAndAdequateGroundsForObjectionsOfLiquidatorOnAnnualReport_2" xlink:role="http://www.xbrl.org/2003/role/label" xlink:title="label_DescriptionOfSpecificAndAdequateGroundsForObjectionsOfLiquidatorOnAnnualReport" xml:lang="en" id="label_DescriptionOfSpecificAndAdequateGroundsForObjectionsOfLiquidatorOnAnnualReport_2">Description of specific and adequate grounds for objections of liquidator on annual report</link:label>
    <link:labelArc xlink:type="arc" xlink:arcrole="http://www.xbrl.org/2003/arcrole/concept-label" xlink:from="DescriptionOfSpecificAndAdequateGroundsForObjectionsOfLiquidatorOnAnnualReport" xlink:to="label_DescriptionOfSpecificAndAdequateGroundsForObjectionsOfLiquidatorOnAnnualReport_2" xlink:title="label: DescriptionOfSpecificAndAdequateGroundsForObjectionsOfLiquidatorOnAnnualReport to label_DescriptionOfSpecificAndAdequateGroundsForObjectionsOfLiquidatorOnAnnualReport"/>
    <link:label xlink:type="resource" xlink:label="label_DescriptionOfSpecificAndAdequateGroundsForObjectionsOfLiquidatorOnAnnualReport" xlink:role="http://www.xbrl.org/2003/role/label" xml:lang="pt">Descrição da fundamentação específica e adequada para objeções do liquidante sobre o relatório anual</link:label>
    <link:labelArc xlink:type="arc" xlink:arcrole="http://www.xbrl.org/2003/arcrole/concept-label" xlink:from="DescriptionOfSpecificAndAdequateGroundsForObjectionsOfLiquidatorOnAnnualReport" xlink:to="label_DescriptionOfSpecificAndAdequateGroundsForObjectionsOfLiquidatorOnAnnualReport"/>
    <link:loc xlink:type="locator" xlink:href="sob.xsd#sob_DetailsOnParticipantNotPartOfTheRegisteredManagementMemberOfExecutiveBoardAbstract" xlink:label="DetailsOnParticipantNotPartOfTheRegisteredManagementMemberOfExecutiveBoardAbstract"/>
    <link:label xlink:type="resource" xlink:label="label_DetailsOnParticipantNotPartOfTheRegisteredManagementMemberOfExecutiveBoardAbstract" xlink:role="http://www.xbrl.org/2003/role/label" xml:lang="pt">Detalhes sobre membro que NÃO faz parte da administração registrada (membro da diretoria executiva)</link:label>
    <link:labelArc xlink:type="arc" xlink:arcrole="http://www.xbrl.org/2003/arcrole/concept-label" xlink:from="DetailsOnParticipantNotPartOfTheRegisteredManagementMemberOfExecutiveBoardAbstract" xlink:to="label_DetailsOnParticipantNotPartOfTheRegisteredManagementMemberOfExecutiveBoardAbstract"/>
    <link:loc xlink:type="locator" xlink:href="sob.xsd#sob_IdentificationNumberCVRofParticipantNotPartOfTheRegisteredManagementMemberOfExecutiveBoard" xlink:label="IdentificationNumberCVRofParticipantNotPartOfTheRegisteredManagementMemberOfExecutiveBoard"/>
    <link:label xlink:type="resource" xlink:label="label_IdentificationNumberCVRofParticipantNotPartOfTheRegisteredManagementMemberOfExecutiveBoard" xlink:role="http://www.xbrl.org/2003/role/label" xml:lang="pt">Número de identificação de membro que NÃO faz parte da administração registrada (membro da diretoria executiva)</link:label>
    <link:labelArc xlink:type="arc" xlink:arcrole="http://www.xbrl.org/2003/arcrole/concept-label" xlink:from="IdentificationNumberCVRofParticipantNotPartOfTheRegisteredManagementMemberOfExecutiveBoard" xlink:to="label_IdentificationNumberCVRofParticipantNotPartOfTheRegisteredManagementMemberOfExecutiveBoard"/>
    <link:loc xlink:type="locator" xlink:href="sob.xsd#sob_NameOfEntityParticipantNotPartOfTheRegisteredManagementMemberOfExecutiveBoard" xlink:label="NameOfEntityParticipantNotPartOfTheRegisteredManagementMemberOfExecutiveBoard"/>
    <link:label xlink:type="resource" xlink:label="label_NameOfEntityParticipantNotPartOfTheRegisteredManagementMemberOfExecutiveBoard" xlink:role="http://www.xbrl.org/2003/role/label" xml:lang="pt">Nome da entidade, membro que NÃO faz parte da administração registrada (membro da diretoria executiva)</link:label>
    <link:labelArc xlink:type="arc" xlink:arcrole="http://www.xbrl.org/2003/arcrole/concept-label" xlink:from="NameOfEntityParticipantNotPartOfTheRegisteredManagementMemberOfExecutiveBoard" xlink:to="label_NameOfEntityParticipantNotPartOfTheRegisteredManagementMemberOfExecutiveBoard"/>
    <link:loc xlink:type="locator" xlink:href="sob.xsd#sob_DescriptionOfParticipantNotPartOfTheRegisteredManagementMemberOfExecutiveBoard" xlink:label="DescriptionOfParticipantNotPartOfTheRegisteredManagementMemberOfExecutiveBoard"/>
    <link:label xlink:type="resource" xlink:label="label_DescriptionOfParticipantNotPartOfTheRegisteredManagementMemberOfExecutiveBoard" xlink:role="http://www.xbrl.org/2003/role/label" xml:lang="pt">Descrição de membro que NÃO faz parte da administração registrada (membro da diretoria executiva)</link:label>
    <link:labelArc xlink:type="arc" xlink:arcrole="http://www.xbrl.org/2003/arcrole/concept-label" xlink:from="DescriptionOfParticipantNotPartOfTheRegisteredManagementMemberOfExecutiveBoard" xlink:to="label_DescriptionOfParticipantNotPartOfTheRegisteredManagementMemberOfExecutiveBoard"/>
    <link:loc xlink:type="locator" xlink:href="sob.xsd#sob_DetailsOnParticipantNotPartOfTheRegisteredManagementMemberOfSupervisoryBoardAbstract" xlink:label="DetailsOnParticipantNotPartOfTheRegisteredManagementMemberOfSupervisoryBoardAbstract"/>
    <link:label xlink:type="resource" xlink:label="label_DetailsOnParticipantNotPartOfTheRegisteredManagementMemberOfSupervisoryBoardAbstract" xlink:role="http://www.xbrl.org/2003/role/label" xml:lang="pt">Detalhes sobre membro que NÃO faz parte da administração registrada (membro da conselho fiscal)</link:label>
    <link:labelArc xlink:type="arc" xlink:arcrole="http://www.xbrl.org/2003/arcrole/concept-label" xlink:from="DetailsOnParticipantNotPartOfTheRegisteredManagementMemberOfSupervisoryBoardAbstract" xlink:to="label_DetailsOnParticipantNotPartOfTheRegisteredManagementMemberOfSupervisoryBoardAbstract"/>
    <link:loc xlink:type="locator" xlink:href="sob.xsd#sob_IdentificationNumberCVRofParticipantNotPartOfTheRegisteredManagementMemberOfSupervisoryBoard" xlink:label="IdentificationNumberCVRofParticipantNotPartOfTheRegisteredManagementMemberOfSupervisoryBoard"/>
    <link:label xlink:type="resource" xlink:label="label_IdentificationNumberCVRofParticipantNotPartOfTheRegisteredManagementMemberOfSupervisoryBoard" xlink:role="http://www.xbrl.org/2003/role/label" xml:lang="pt">Número de identificação de membro que NÃO faz parte da administração registrada (membro do conselho fiscal)</link:label>
    <link:labelArc xlink:type="arc" xlink:arcrole="http://www.xbrl.org/2003/arcrole/concept-label" xlink:from="IdentificationNumberCVRofParticipantNotPartOfTheRegisteredManagementMemberOfSupervisoryBoard" xlink:to="label_IdentificationNumberCVRofParticipantNotPartOfTheRegisteredManagementMemberOfSupervisoryBoard"/>
    <link:loc xlink:type="locator" xlink:href="sob.xsd#sob_NameOfEntityParticipantNotPartOfTheRegisteredManagementMemberOfSupervisoryBoard" xlink:label="NameOfEntityParticipantNotPartOfTheRegisteredManagementMemberOfSupervisoryBoard"/>
    <link:label xlink:type="resource" xlink:label="label_NameOfEntityParticipantNotPartOfTheRegisteredManagementMemberOfSupervisoryBoard" xlink:role="http://www.xbrl.org/2003/role/label" xml:lang="pt">Nome da entidade, membro que NÃO faz parte da administração registrada (membro do conselho fiscal)</link:label>
    <link:labelArc xlink:type="arc" xlink:arcrole="http://www.xbrl.org/2003/arcrole/concept-label" xlink:from="NameOfEntityParticipantNotPartOfTheRegisteredManagementMemberOfSupervisoryBoard" xlink:to="label_NameOfEntityParticipantNotPartOfTheRegisteredManagementMemberOfSupervisoryBoard"/>
    <link:loc xlink:type="locator" xlink:href="sob.xsd#sob_DescriptionOfParticipantNotPartOfTheRegisteredManagementMemberOfSupervisoryBoard" xlink:label="DescriptionOfParticipantNotPartOfTheRegisteredManagementMemberOfSupervisoryBoard"/>
    <link:label xlink:type="resource" xlink:label="label_DescriptionOfParticipantNotPartOfTheRegisteredManagementMemberOfSupervisoryBoard" xlink:role="http://www.xbrl.org/2003/role/label" xml:lang="pt">Descrição de membro que NÃO faz parte da administração registrada (membro do conselho fiscal)</link:label>
    <link:labelArc xlink:type="arc" xlink:arcrole="http://www.xbrl.org/2003/arcrole/concept-label" xlink:from="DescriptionOfParticipantNotPartOfTheRegisteredManagementMemberOfSupervisoryBoard" xlink:to="label_DescriptionOfParticipantNotPartOfTheRegisteredManagementMemberOfSupervisoryBoard"/>
    <link:loc xlink:type="locator" xlink:href="sob.xsd#sob_StatementEtcByExecutiveAndSupervisoryBoardsAbstract" xlink:label="StatementEtcByExecutiveAndSupervisoryBoardsAbstract"/>
    <link:label xlink:type="resource" xlink:label="label_StatementEtcByExecutiveAndSupervisoryBoardsAbstract" xlink:role="http://www.xbrl.org/2003/role/label" xml:lang="pt">Declaração pela administração, etc.</link:label>
    <link:labelArc xlink:type="arc" xlink:arcrole="http://www.xbrl.org/2003/arcrole/concept-label" xlink:from="StatementEtcByExecutiveAndSupervisoryBoardsAbstract" xlink:to="label_StatementEtcByExecutiveAndSupervisoryBoardsAbstract"/>
    <link:loc xlink:type="locator" xlink:href="sob.xsd#sob_RelatedToStatementByExecutiveAndSupervisoryBoardsAbstract" xlink:label="RelatedToStatementByExecutiveAndSupervisoryBoardsAbstract"/>
    <link:label xlink:type="resource" xlink:label="label_RelatedToStatementByExecutiveAndSupervisoryBoardsAbstract" xlink:role="http://www.xbrl.org/2003/role/label" xml:lang="pt">Relacionado à declaração pela administração </link:label>
    <link:labelArc xlink:type="arc" xlink:arcrole="http://www.xbrl.org/2003/arcrole/concept-label" xlink:from="RelatedToStatementByExecutiveAndSupervisoryBoardsAbstract" xlink:to="label_RelatedToStatementByExecutiveAndSupervisoryBoardsAbstract"/>
  </link:labelLink>
</link:linkbase>
