<?xml version="1.0" encoding="UTF-8"?><!--Taxonomy: 2014-03-05 (Final release)
        ********************** 
        Copyright © 2014 International Financial Reporting Standards (IFRS) Foundation
        All rights reserved.  No part of this publication may be translated, reprinted or reproduced 
        or utilised in any form either in whole or in part without prior permission in writing from the IFRS Foundation.
        For more information on the IFRS Foundation's copyright, please refer to http://www.ifrs.org/XBRL/Legal/
        **********************
--><link:linkbase xmlns:link="http://www.xbrl.org/2003/linkbase" xmlns:xbrldt="http://xbrl.org/2005/xbrldt" xmlns:xlink="http://www.w3.org/1999/xlink" xmlns:xsi="http://www.w3.org/2001/XMLSchema-instance" xsi:schemaLocation="http://www.xbrl.org/2003/linkbase http://www.xbrl.org/2003/xbrl-linkbase-2003-12-31.xsd">
  <link:roleRef roleURI="http://xbrl.ifrs.org/role/ifrs/ifrs_3_2014-03-05_role-817000" xlink:href="rol_ifrs_3_2014-03-05.xsd#ifrs_3_2014-03-05_role-817000" xlink:type="simple"/>
  <link:roleRef roleURI="http://www.xbrl.org/2009/role/negatedLabel" xlink:href="http://www.xbrl.org/lrr/role/negated-2009-12-16.xsd#negatedLabel" xlink:type="simple"/>
  <link:roleRef roleURI="http://www.xbrl.org/2009/role/netLabel" xlink:href="http://www.xbrl.org/lrr/role/net-2009-12-16.xsd#netLabel" xlink:type="simple"/>
  <link:presentationLink xlink:role="http://xbrl.ifrs.org/role/ifrs/ifrs_3_2014-03-05_role-817000" xlink:type="extended">
    <link:loc xlink:href="../../full_ifrs-cor_2014-03-05.xsd#ifrs-full_CarryingAmountMember" xlink:label="loc_1" xlink:type="locator"/>
    <link:loc xlink:href="../../full_ifrs-cor_2014-03-05.xsd#ifrs-full_CarryingAmountAccumulatedDepreciationAmortisationAndImpairmentAndGrossCarryingAmountAxis" xlink:label="loc_2" xlink:type="locator"/>
    <link:presentationArc order="10.0" xlink:arcrole="http://www.xbrl.org/2003/arcrole/parent-child" xlink:from="loc_2" xlink:to="loc_1" xlink:type="arc"/>
    <link:loc xlink:href="../../full_ifrs-cor_2014-03-05.xsd#ifrs-full_GrossCarryingAmountMember" xlink:label="loc_3" xlink:type="locator"/>
    <link:presentationArc order="10.0" xlink:arcrole="http://www.xbrl.org/2003/arcrole/parent-child" xlink:from="loc_1" xlink:to="loc_3" xlink:type="arc"/>
    <link:loc xlink:href="../../full_ifrs-cor_2014-03-05.xsd#ifrs-full_ContingentLiabilitiesMember" xlink:label="loc_4" xlink:type="locator"/>
    <link:loc xlink:href="../../full_ifrs-cor_2014-03-05.xsd#ifrs-full_ClassesOfContingentLiabilitiesAxis" xlink:label="loc_5" xlink:type="locator"/>
    <link:presentationArc order="10.0" xlink:arcrole="http://www.xbrl.org/2003/arcrole/parent-child" xlink:from="loc_5" xlink:to="loc_4" xlink:type="arc"/>
    <link:loc xlink:href="../../full_ifrs-cor_2014-03-05.xsd#ifrs-full_WarrantyContingentLiabilityMember" xlink:label="loc_6" xlink:type="locator"/>
    <link:presentationArc order="10.0" xlink:arcrole="http://www.xbrl.org/2003/arcrole/parent-child" xlink:from="loc_4" xlink:to="loc_6" xlink:type="arc"/>
    <link:loc xlink:href="../../full_ifrs-cor_2014-03-05.xsd#ifrs-full_DisclosureOfBusinessCombinationsAbstract" xlink:label="loc_7" xlink:type="locator"/>
    <link:loc xlink:href="../../full_ifrs-cor_2014-03-05.xsd#ifrs-full_DisclosureOfDetailedInformationAboutBusinessCombinationsExplanatory" xlink:label="loc_8" xlink:type="locator"/>
    <link:presentationArc order="10.0" xlink:arcrole="http://www.xbrl.org/2003/arcrole/parent-child" xlink:from="loc_8" xlink:to="loc_7" xlink:type="arc"/>
    <link:loc xlink:href="../../full_ifrs-cor_2014-03-05.xsd#ifrs-full_DisclosureOfBusinessCombinationsTable" xlink:label="loc_9" xlink:type="locator"/>
    <link:presentationArc order="10.0" xlink:arcrole="http://www.xbrl.org/2003/arcrole/parent-child" xlink:from="loc_7" xlink:to="loc_9" xlink:type="arc"/>
    <link:loc xlink:href="../../full_ifrs-cor_2014-03-05.xsd#ifrs-full_BusinessCombinationsAxis" xlink:label="loc_10" xlink:type="locator"/>
    <link:presentationArc order="10.0" xlink:arcrole="http://www.xbrl.org/2003/arcrole/parent-child" xlink:from="loc_9" xlink:to="loc_10" xlink:type="arc"/>
    <link:loc xlink:href="../../full_ifrs-cor_2014-03-05.xsd#ifrs-full_EntitysTotalForBusinessCombinationsMember" xlink:label="loc_11" xlink:type="locator"/>
    <link:presentationArc order="10.0" xlink:arcrole="http://www.xbrl.org/2003/arcrole/parent-child" xlink:from="loc_10" xlink:to="loc_11" xlink:type="arc"/>
    <link:loc xlink:href="../../full_ifrs-cor_2014-03-05.xsd#ifrs-full_BusinessCombinationsMember" xlink:label="loc_12" xlink:type="locator"/>
    <link:presentationArc order="10.0" xlink:arcrole="http://www.xbrl.org/2003/arcrole/parent-child" xlink:from="loc_11" xlink:to="loc_12" xlink:type="arc"/>
    <link:loc xlink:href="../../full_ifrs-cor_2014-03-05.xsd#ifrs-full_AggregatedIndividuallyImmaterialBusinessCombinationsMember" xlink:label="loc_13" xlink:type="locator"/>
    <link:presentationArc order="10.0" xlink:arcrole="http://www.xbrl.org/2003/arcrole/parent-child" xlink:from="loc_12" xlink:to="loc_13" xlink:type="arc"/>
    <link:loc xlink:href="../../full_ifrs-cor_2014-03-05.xsd#ifrs-full_NameOfAcquiree" xlink:label="loc_14" xlink:type="locator"/>
    <link:loc xlink:href="../../full_ifrs-cor_2014-03-05.xsd#ifrs-full_DisclosureOfBusinessCombinationsLineItems" xlink:label="loc_15" xlink:type="locator"/>
    <link:presentationArc order="10.0" xlink:arcrole="http://www.xbrl.org/2003/arcrole/parent-child" xlink:from="loc_15" xlink:to="loc_14" xlink:type="arc"/>
    <link:loc xlink:href="../../full_ifrs-cor_2014-03-05.xsd#ifrs-full_FinancialAssetsRecognisedAsOfAcquisitionDate" xlink:label="loc_16" xlink:type="locator"/>
    <link:loc xlink:href="../../full_ifrs-cor_2014-03-05.xsd#ifrs-full_AmountsRecognisedAsOfAcquisitionDateForEachMajorClassOfAssetsAcquiredAndLiabilitiesAssumedAbstract" xlink:label="loc_17" xlink:type="locator"/>
    <link:presentationArc order="10.0" xlink:arcrole="http://www.xbrl.org/2003/arcrole/parent-child" xlink:from="loc_17" xlink:to="loc_16" xlink:type="arc"/>
    <link:loc xlink:href="../../full_ifrs-cor_2014-03-05.xsd#ifrs-full_CashTransferred" xlink:label="loc_18" xlink:type="locator"/>
    <link:loc xlink:href="../../full_ifrs-cor_2014-03-05.xsd#ifrs-full_AcquisitiondateFairValueOfTotalConsiderationTransferredAbstract" xlink:label="loc_19" xlink:type="locator"/>
    <link:presentationArc order="10.0" xlink:arcrole="http://www.xbrl.org/2003/arcrole/parent-child" xlink:from="loc_19" xlink:to="loc_18" xlink:type="arc"/>
    <link:loc xlink:href="../../full_ifrs-cor_2014-03-05.xsd#ifrs-full_NumberOfInstrumentsOrInterestsIssuedOrIssuable" xlink:label="loc_20" xlink:type="locator"/>
    <link:loc xlink:href="../../full_ifrs-cor_2014-03-05.xsd#ifrs-full_EquityInterestsOfAcquirer" xlink:label="loc_21" xlink:type="locator"/>
    <link:presentationArc order="10.0" xlink:arcrole="http://www.xbrl.org/2003/arcrole/parent-child" xlink:from="loc_21" xlink:to="loc_20" xlink:type="arc"/>
    <link:loc xlink:href="../../full_ifrs-cor_2014-03-05.xsd#ifrs-full_ExplanationOfTransactionsRecognisedSeparatelyFromAcquisitionOfAssetsAndAssumptionOfLiabilitiesInBusinessCombination" xlink:label="loc_22" xlink:type="locator"/>
    <link:loc xlink:href="../../full_ifrs-cor_2014-03-05.xsd#ifrs-full_DisclosureOfTransactionsRecognisedSeparatelyFromAcquisitionOfAssetsAndAssumptionOfLiabilitiesInBusinessCombinationLineItems" xlink:label="loc_23" xlink:type="locator"/>
    <link:presentationArc order="10.0" xlink:arcrole="http://www.xbrl.org/2003/arcrole/parent-child" xlink:from="loc_23" xlink:to="loc_22" xlink:type="arc"/>
    <link:loc xlink:href="../../full_ifrs-cor_2014-03-05.xsd#ifrs-full_AcquisitionrelatedCostsForTransactionRecognisedSeparatelyFromAcquisitionOfAssetsAndAssumptionOfLiabilitiesInBusinessCombination" xlink:label="loc_24" xlink:type="locator"/>
    <link:loc xlink:href="../../full_ifrs-cor_2014-03-05.xsd#ifrs-full_AmountsRecognisedForTransactionRecognisedSeparatelyFromAcquisitionOfAssetsAndAssumptionOfLiabilitiesInBusinessCombination" xlink:label="loc_25" xlink:type="locator"/>
    <link:presentationArc order="10.0" xlink:arcrole="http://www.xbrl.org/2003/arcrole/parent-child" xlink:from="loc_25" xlink:to="loc_24" xlink:type="arc"/>
    <link:loc xlink:href="../../full_ifrs-cor_2014-03-05.xsd#ifrs-full_AcquisitionrelatedCostsRecognisedAsExpenseForTransactionRecognisedSeparatelyFromAcquisitionOfAssetsAndAssumptionOfLiabilitiesInBusinessCombination" xlink:label="loc_26" xlink:type="locator"/>
    <link:presentationArc order="10.0" xlink:arcrole="http://www.xbrl.org/2003/arcrole/parent-child" xlink:from="loc_24" xlink:to="loc_26" xlink:type="arc"/>
    <link:loc xlink:href="../../full_ifrs-cor_2014-03-05.xsd#ifrs-full_DisclosureOfTransactionsRecognisedSeparatelyFromAcquisitionOfAssetsAndAssumptionOfLiabilitiesInBusinessCombinationTable" xlink:label="loc_27" xlink:type="locator"/>
    <link:loc xlink:href="../../full_ifrs-cor_2014-03-05.xsd#ifrs-full_DisclosureOfTransactionsRecognisedSeparatelyFromAcquisitionOfAssetsAndAssumptionOfLiabilitiesInBusinessCombinationAbstract" xlink:label="loc_28" xlink:type="locator"/>
    <link:presentationArc order="10.0" xlink:arcrole="http://www.xbrl.org/2003/arcrole/parent-child" xlink:from="loc_28" xlink:to="loc_27" xlink:type="arc"/>
    <link:presentationArc order="10.0" xlink:arcrole="http://www.xbrl.org/2003/arcrole/parent-child" xlink:from="loc_27" xlink:to="loc_10" xlink:type="arc"/>
    <link:loc xlink:href="../../full_ifrs-cor_2014-03-05.xsd#ifrs-full_TransactionsRecognisedSeparatelyFromAcquisitionOfAssetsAndAssumptionOfLiabilitiesInBusinessCombinationMember" xlink:label="loc_29" xlink:type="locator"/>
    <link:loc xlink:href="../../full_ifrs-cor_2014-03-05.xsd#ifrs-full_TransactionsRecognisedSeparatelyFromAcquisitionOfAssetsAndAssumptionOfLiabilitiesInBusinessCombinationAxis" xlink:label="loc_30" xlink:type="locator"/>
    <link:presentationArc order="10.0" xlink:arcrole="http://www.xbrl.org/2003/arcrole/parent-child" xlink:from="loc_30" xlink:to="loc_29" xlink:type="arc"/>
    <link:loc xlink:href="../../full_ifrs-cor_2014-03-05.xsd#ifrs-full_DisclosureOfAcquiredReceivablesTable" xlink:label="loc_31" xlink:type="locator"/>
    <link:loc xlink:href="../../full_ifrs-cor_2014-03-05.xsd#ifrs-full_DisclosureOfAcquiredReceivablesAbstract" xlink:label="loc_32" xlink:type="locator"/>
    <link:presentationArc order="10.0" xlink:arcrole="http://www.xbrl.org/2003/arcrole/parent-child" xlink:from="loc_32" xlink:to="loc_31" xlink:type="arc"/>
    <link:presentationArc order="10.0" xlink:arcrole="http://www.xbrl.org/2003/arcrole/parent-child" xlink:from="loc_31" xlink:to="loc_10" xlink:type="arc"/>
    <link:loc xlink:href="../../full_ifrs-cor_2014-03-05.xsd#ifrs-full_ClassesOfAcquiredReceivablesMember" xlink:label="loc_33" xlink:type="locator"/>
    <link:loc xlink:href="../../full_ifrs-cor_2014-03-05.xsd#ifrs-full_ClassesOfAcquiredReceivablesAxis" xlink:label="loc_34" xlink:type="locator"/>
    <link:presentationArc order="10.0" xlink:arcrole="http://www.xbrl.org/2003/arcrole/parent-child" xlink:from="loc_34" xlink:to="loc_33" xlink:type="arc"/>
    <link:loc xlink:href="../../full_ifrs-cor_2014-03-05.xsd#ifrs-full_LoansAcquiredInBusinessCombinationMember" xlink:label="loc_35" xlink:type="locator"/>
    <link:presentationArc order="10.0" xlink:arcrole="http://www.xbrl.org/2003/arcrole/parent-child" xlink:from="loc_33" xlink:to="loc_35" xlink:type="arc"/>
    <link:loc xlink:href="../../full_ifrs-cor_2014-03-05.xsd#ifrs-full_FairValueOfAcquiredReceivables" xlink:label="loc_36" xlink:type="locator"/>
    <link:loc xlink:href="../../full_ifrs-cor_2014-03-05.xsd#ifrs-full_DisclosureOfAcquiredReceivablesLineItems" xlink:label="loc_37" xlink:type="locator"/>
    <link:presentationArc order="10.0" xlink:arcrole="http://www.xbrl.org/2003/arcrole/parent-child" xlink:from="loc_37" xlink:to="loc_36" xlink:type="arc"/>
    <link:loc xlink:href="../../full_ifrs-cor_2014-03-05.xsd#ifrs-full_DisclosureOfContingentLiabilitiesInBusinessCombinationTable" xlink:label="loc_38" xlink:type="locator"/>
    <link:loc xlink:href="../../full_ifrs-cor_2014-03-05.xsd#ifrs-full_DisclosureOfContingentLiabilitiesInBusinessCombinationAbstract" xlink:label="loc_39" xlink:type="locator"/>
    <link:presentationArc order="10.0" xlink:arcrole="http://www.xbrl.org/2003/arcrole/parent-child" xlink:from="loc_39" xlink:to="loc_38" xlink:type="arc"/>
    <link:presentationArc order="10.0" xlink:arcrole="http://www.xbrl.org/2003/arcrole/parent-child" xlink:from="loc_38" xlink:to="loc_10" xlink:type="arc"/>
    <link:loc xlink:href="../../full_ifrs-cor_2014-03-05.xsd#ifrs-full_ItemsOfContingentLiabilitiesMember" xlink:label="loc_40" xlink:type="locator"/>
    <link:loc xlink:href="../../full_ifrs-cor_2014-03-05.xsd#ifrs-full_ItemsOfContingentLiabilitiesAxis" xlink:label="loc_41" xlink:type="locator"/>
    <link:presentationArc order="10.0" xlink:arcrole="http://www.xbrl.org/2003/arcrole/parent-child" xlink:from="loc_41" xlink:to="loc_40" xlink:type="arc"/>
    <link:loc xlink:href="../../full_ifrs-cor_2014-03-05.xsd#ifrs-full_DescriptionOfNatureOfObligationContingentLiabilitiesInBusinessCombination" xlink:label="loc_42" xlink:type="locator"/>
    <link:loc xlink:href="../../full_ifrs-cor_2014-03-05.xsd#ifrs-full_DisclosureOfContingentLiabilitiesInBusinessCombinationLineItems" xlink:label="loc_43" xlink:type="locator"/>
    <link:presentationArc order="10.0" xlink:arcrole="http://www.xbrl.org/2003/arcrole/parent-child" xlink:from="loc_43" xlink:to="loc_42" xlink:type="arc"/>
    <link:loc xlink:href="../../full_ifrs-cor_2014-03-05.xsd#ifrs-full_ContingentLiabilitiesRecognisedInBusinessCombination" xlink:label="loc_44" xlink:type="locator"/>
    <link:loc xlink:href="../../full_ifrs-cor_2014-03-05.xsd#ifrs-full_ReconciliationOfChangesInContingentLiabilitiesRecognisedInBusinessCombinationAbstract" xlink:label="loc_45" xlink:type="locator"/>
    <link:presentationArc order="10.0" preferredLabel="http://www.xbrl.org/2003/role/periodStartLabel" xlink:arcrole="http://www.xbrl.org/2003/arcrole/parent-child" xlink:from="loc_45" xlink:to="loc_44" xlink:type="arc"/>
    <link:loc xlink:href="../../full_ifrs-cor_2014-03-05.xsd#ifrs-full_DisclosureOfReconciliationOfChangesInGoodwillTable" xlink:label="loc_46" xlink:type="locator"/>
    <link:loc xlink:href="../../full_ifrs-cor_2014-03-05.xsd#ifrs-full_DisclosureOfReconciliationOfChangesInGoodwillAbstract" xlink:label="loc_47" xlink:type="locator"/>
    <link:presentationArc order="10.0" xlink:arcrole="http://www.xbrl.org/2003/arcrole/parent-child" xlink:from="loc_47" xlink:to="loc_46" xlink:type="arc"/>
    <link:presentationArc order="10.0" xlink:arcrole="http://www.xbrl.org/2003/arcrole/parent-child" xlink:from="loc_46" xlink:to="loc_10" xlink:type="arc"/>
    <link:loc xlink:href="../../full_ifrs-cor_2014-03-05.xsd#ifrs-full_ReconciliationOfChangesInGoodwillAbstract" xlink:label="loc_48" xlink:type="locator"/>
    <link:loc xlink:href="../../full_ifrs-cor_2014-03-05.xsd#ifrs-full_DisclosureOfReconciliationOfChangesInGoodwillLineItems" xlink:label="loc_49" xlink:type="locator"/>
    <link:presentationArc order="10.0" xlink:arcrole="http://www.xbrl.org/2003/arcrole/parent-child" xlink:from="loc_49" xlink:to="loc_48" xlink:type="arc"/>
    <link:loc xlink:href="../../full_ifrs-cor_2014-03-05.xsd#ifrs-full_Goodwill" xlink:label="loc_50" xlink:type="locator"/>
    <link:presentationArc order="10.0" preferredLabel="http://www.xbrl.org/2003/role/periodStartLabel" xlink:arcrole="http://www.xbrl.org/2003/arcrole/parent-child" xlink:from="loc_48" xlink:to="loc_50" xlink:type="arc"/>
    <link:loc xlink:href="../../full_ifrs-cor_2014-03-05.xsd#ifrs-full_AdditionalRecognitionGoodwill" xlink:label="loc_51" xlink:type="locator"/>
    <link:loc xlink:href="../../full_ifrs-cor_2014-03-05.xsd#ifrs-full_ChangesInGoodwillAbstract" xlink:label="loc_52" xlink:type="locator"/>
    <link:presentationArc order="10.0" xlink:arcrole="http://www.xbrl.org/2003/arcrole/parent-child" xlink:from="loc_52" xlink:to="loc_51" xlink:type="arc"/>
    <link:loc xlink:href="../../full_ifrs-cor_2014-03-05.xsd#ifrs-full_DescriptionOfNatureAndFinancialEffectOfBusinessCombinationsDuringPeriod" xlink:label="loc_53" xlink:type="locator"/>
    <link:loc xlink:href="../../full_ifrs-cor_2014-03-05.xsd#ifrs-full_DisclosureOfBusinessCombinationsExplanatory" xlink:label="loc_54" xlink:type="locator"/>
    <link:presentationArc order="10.0" xlink:arcrole="http://www.xbrl.org/2003/arcrole/parent-child" xlink:from="loc_54" xlink:to="loc_53" xlink:type="arc"/>
    <link:loc xlink:href="../../full_ifrs-cor_2014-03-05.xsd#ifrs-full_NoncurrentAssetsRecognisedAsOfAcquisitionDate" xlink:label="loc_55" xlink:type="locator"/>
    <link:loc xlink:href="../../full_ifrs-cor_2014-03-05.xsd#ifrs-full_AdditionalDisclosuresForAmountsRecognisedAsOfAcquisitionDateForEachMajorClassOfAssetsAcquiredAndLiabilitiesAssumedAbstract" xlink:label="loc_56" xlink:type="locator"/>
    <link:presentationArc order="10.0" xlink:arcrole="http://www.xbrl.org/2003/arcrole/parent-child" xlink:from="loc_56" xlink:to="loc_55" xlink:type="arc"/>
    <link:loc xlink:href="../../full_ifrs-cor_2014-03-05.xsd#ifrs-full_NewLiabilitiesContingentLiabilitiesRecognisedInBusinessCombination" xlink:label="loc_57" xlink:type="locator"/>
    <link:loc xlink:href="../../full_ifrs-cor_2014-03-05.xsd#ifrs-full_AdditionalLiabilitiesContingentLiabilitiesRecognisedInBusinessCombinationAbstract" xlink:label="loc_58" xlink:type="locator"/>
    <link:presentationArc order="10.0" xlink:arcrole="http://www.xbrl.org/2003/arcrole/parent-child" xlink:from="loc_58" xlink:to="loc_57" xlink:type="arc"/>
    <link:loc xlink:href="../../full_ifrs-cor_2014-03-05.xsd#ifrs-full_ChangesInContingentLiabilitiesRecognisedInBusinessCombinationAbstract" xlink:label="loc_59" xlink:type="locator"/>
    <link:presentationArc order="10.0" xlink:arcrole="http://www.xbrl.org/2003/arcrole/parent-child" xlink:from="loc_59" xlink:to="loc_58" xlink:type="arc"/>
    <link:loc xlink:href="../../full_ifrs-cor_2014-03-05.xsd#ifrs-full_DisclosureOfReconciliationOfChangesInGoodwillExplanatory" xlink:label="loc_60" xlink:type="locator"/>
    <link:presentationArc order="10.0" xlink:arcrole="http://www.xbrl.org/2003/arcrole/parent-child" xlink:from="loc_60" xlink:to="loc_47" xlink:type="arc"/>
    <link:loc xlink:href="../../full_ifrs-cor_2014-03-05.xsd#ifrs-full_DisclosureOfTransactionsRecognisedSeparatelyFromAcquisitionOfAssetsAndAssumptionOfLiabilitiesInBusinessCombinationExplanatory" xlink:label="loc_61" xlink:type="locator"/>
    <link:presentationArc order="10.0" xlink:arcrole="http://www.xbrl.org/2003/arcrole/parent-child" xlink:from="loc_61" xlink:to="loc_28" xlink:type="arc"/>
    <link:loc xlink:href="../../full_ifrs-cor_2014-03-05.xsd#ifrs-full_DisclosureOfAcquiredReceivablesExplanatory" xlink:label="loc_62" xlink:type="locator"/>
    <link:presentationArc order="10.0" xlink:arcrole="http://www.xbrl.org/2003/arcrole/parent-child" xlink:from="loc_62" xlink:to="loc_32" xlink:type="arc"/>
    <link:loc xlink:href="../../full_ifrs-cor_2014-03-05.xsd#ifrs-full_DisclosureOfContingentLiabilitiesInBusinessCombinationExplanatory" xlink:label="loc_63" xlink:type="locator"/>
    <link:presentationArc order="10.0" xlink:arcrole="http://www.xbrl.org/2003/arcrole/parent-child" xlink:from="loc_63" xlink:to="loc_39" xlink:type="arc"/>
    <link:loc xlink:href="../../full_ifrs-cor_2014-03-05.xsd#ifrs-full_RestructuringContingentLiabilityMember" xlink:label="loc_64" xlink:type="locator"/>
    <link:presentationArc order="20.0" xlink:arcrole="http://www.xbrl.org/2003/arcrole/parent-child" xlink:from="loc_4" xlink:to="loc_64" xlink:type="arc"/>
    <link:presentationArc order="20.0" xlink:arcrole="http://www.xbrl.org/2003/arcrole/parent-child" xlink:from="loc_7" xlink:to="loc_15" xlink:type="arc"/>
    <link:loc xlink:href="../../full_ifrs-cor_2014-03-05.xsd#ifrs-full_DescriptionOfAcquiree" xlink:label="loc_65" xlink:type="locator"/>
    <link:presentationArc order="20.0" xlink:arcrole="http://www.xbrl.org/2003/arcrole/parent-child" xlink:from="loc_15" xlink:to="loc_65" xlink:type="arc"/>
    <link:loc xlink:href="../../full_ifrs-cor_2014-03-05.xsd#ifrs-full_InventoryRecognisedAsOfAcquisitionDate" xlink:label="loc_66" xlink:type="locator"/>
    <link:presentationArc order="20.0" xlink:arcrole="http://www.xbrl.org/2003/arcrole/parent-child" xlink:from="loc_17" xlink:to="loc_66" xlink:type="arc"/>
    <link:loc xlink:href="../../full_ifrs-cor_2014-03-05.xsd#ifrs-full_OtherTangibleOrIntangibleAssetsTransferred" xlink:label="loc_67" xlink:type="locator"/>
    <link:presentationArc order="20.0" xlink:arcrole="http://www.xbrl.org/2003/arcrole/parent-child" xlink:from="loc_19" xlink:to="loc_67" xlink:type="arc"/>
    <link:loc xlink:href="../../full_ifrs-cor_2014-03-05.xsd#ifrs-full_MethodOfDeterminingFairValueOfInstrumentsOrInterests" xlink:label="loc_68" xlink:type="locator"/>
    <link:presentationArc order="20.0" xlink:arcrole="http://www.xbrl.org/2003/arcrole/parent-child" xlink:from="loc_21" xlink:to="loc_68" xlink:type="arc"/>
    <link:presentationArc order="20.0" xlink:arcrole="http://www.xbrl.org/2003/arcrole/parent-child" xlink:from="loc_28" xlink:to="loc_23" xlink:type="arc"/>
    <link:loc xlink:href="../../full_ifrs-cor_2014-03-05.xsd#ifrs-full_DescriptionOfAccountingForTransactionRecognisedSeparatelyFromAcquisitionOfAssetsAndAssumptionOfLiabilitiesInBusinessCombination" xlink:label="loc_69" xlink:type="locator"/>
    <link:presentationArc order="20.0" xlink:arcrole="http://www.xbrl.org/2003/arcrole/parent-child" xlink:from="loc_23" xlink:to="loc_69" xlink:type="arc"/>
    <link:loc xlink:href="../../full_ifrs-cor_2014-03-05.xsd#ifrs-full_IssueCostsNotRecognisedAsExpenseForTransactionRecognisedSeparatelyFromAcquisitionOfAssetsAndAssumptionOfLiabilitiesInBusinessCombination" xlink:label="loc_70" xlink:type="locator"/>
    <link:presentationArc order="20.0" xlink:arcrole="http://www.xbrl.org/2003/arcrole/parent-child" xlink:from="loc_24" xlink:to="loc_70" xlink:type="arc"/>
    <link:presentationArc order="20.0" xlink:arcrole="http://www.xbrl.org/2003/arcrole/parent-child" xlink:from="loc_27" xlink:to="loc_30" xlink:type="arc"/>
    <link:presentationArc order="20.0" xlink:arcrole="http://www.xbrl.org/2003/arcrole/parent-child" xlink:from="loc_31" xlink:to="loc_34" xlink:type="arc"/>
    <link:loc xlink:href="../../full_ifrs-cor_2014-03-05.xsd#ifrs-full_DirectFinanceLeasesAcquiredInBusinessCombinationMember" xlink:label="loc_71" xlink:type="locator"/>
    <link:presentationArc order="20.0" xlink:arcrole="http://www.xbrl.org/2003/arcrole/parent-child" xlink:from="loc_33" xlink:to="loc_71" xlink:type="arc"/>
    <link:presentationArc order="20.0" xlink:arcrole="http://www.xbrl.org/2003/arcrole/parent-child" xlink:from="loc_32" xlink:to="loc_37" xlink:type="arc"/>
    <link:loc xlink:href="../../full_ifrs-cor_2014-03-05.xsd#ifrs-full_GrossContractualAmountsReceivableForAcquiredReceivables" xlink:label="loc_72" xlink:type="locator"/>
    <link:presentationArc order="20.0" xlink:arcrole="http://www.xbrl.org/2003/arcrole/parent-child" xlink:from="loc_37" xlink:to="loc_72" xlink:type="arc"/>
    <link:presentationArc order="20.0" xlink:arcrole="http://www.xbrl.org/2003/arcrole/parent-child" xlink:from="loc_38" xlink:to="loc_5" xlink:type="arc"/>
    <link:presentationArc order="20.0" xlink:arcrole="http://www.xbrl.org/2003/arcrole/parent-child" xlink:from="loc_39" xlink:to="loc_43" xlink:type="arc"/>
    <link:loc xlink:href="../../full_ifrs-cor_2014-03-05.xsd#ifrs-full_DescriptionOfExpectedTimingOfOutflowsContingentLiabilitiesInBusinessCombination" xlink:label="loc_73" xlink:type="locator"/>
    <link:presentationArc order="20.0" xlink:arcrole="http://www.xbrl.org/2003/arcrole/parent-child" xlink:from="loc_43" xlink:to="loc_73" xlink:type="arc"/>
    <link:presentationArc order="20.0" xlink:arcrole="http://www.xbrl.org/2003/arcrole/parent-child" xlink:from="loc_45" xlink:to="loc_59" xlink:type="arc"/>
    <link:presentationArc order="20.0" xlink:arcrole="http://www.xbrl.org/2003/arcrole/parent-child" xlink:from="loc_46" xlink:to="loc_2" xlink:type="arc"/>
    <link:presentationArc order="20.0" xlink:arcrole="http://www.xbrl.org/2003/arcrole/parent-child" xlink:from="loc_47" xlink:to="loc_49" xlink:type="arc"/>
    <link:presentationArc order="20.0" xlink:arcrole="http://www.xbrl.org/2003/arcrole/parent-child" xlink:from="loc_48" xlink:to="loc_52" xlink:type="arc"/>
    <link:loc xlink:href="../../full_ifrs-cor_2014-03-05.xsd#ifrs-full_SubsequentRecognitionOfDeferredTaxAssetsGoodwill" xlink:label="loc_74" xlink:type="locator"/>
    <link:presentationArc order="20.0" preferredLabel="http://www.xbrl.org/2009/role/negatedLabel" xlink:arcrole="http://www.xbrl.org/2003/arcrole/parent-child" xlink:from="loc_52" xlink:to="loc_74" xlink:type="arc"/>
    <link:loc xlink:href="../../full_ifrs-cor_2014-03-05.xsd#ifrs-full_DescriptionOfNatureAndFinancialEffectOfBusinessCombinationsAfterReportingPeriodBeforeStatementsAuthorisedForIssue" xlink:label="loc_75" xlink:type="locator"/>
    <link:presentationArc order="20.0" xlink:arcrole="http://www.xbrl.org/2003/arcrole/parent-child" xlink:from="loc_54" xlink:to="loc_75" xlink:type="arc"/>
    <link:loc xlink:href="../../full_ifrs-cor_2014-03-05.xsd#ifrs-full_CurrentAssetsRecognisedAsOfAcquisitionDate" xlink:label="loc_76" xlink:type="locator"/>
    <link:presentationArc order="20.0" xlink:arcrole="http://www.xbrl.org/2003/arcrole/parent-child" xlink:from="loc_56" xlink:to="loc_76" xlink:type="arc"/>
    <link:loc xlink:href="../../full_ifrs-cor_2014-03-05.xsd#ifrs-full_IncreaseDecreaseInExistingLiabilitiesContingentLiabilitiesRecognisedInBusinessCombination" xlink:label="loc_77" xlink:type="locator"/>
    <link:presentationArc order="20.0" xlink:arcrole="http://www.xbrl.org/2003/arcrole/parent-child" xlink:from="loc_58" xlink:to="loc_77" xlink:type="arc"/>
    <link:loc xlink:href="../../full_ifrs-cor_2014-03-05.xsd#ifrs-full_SettledLiabilitiesContingentLiabilitiesRecognisedInBusinessCombination" xlink:label="loc_78" xlink:type="locator"/>
    <link:presentationArc order="20.0" preferredLabel="http://www.xbrl.org/2009/role/negatedLabel" xlink:arcrole="http://www.xbrl.org/2003/arcrole/parent-child" xlink:from="loc_59" xlink:to="loc_78" xlink:type="arc"/>
    <link:loc xlink:href="../../full_ifrs-cor_2014-03-05.xsd#ifrs-full_AccumulatedImpairmentMember" xlink:label="loc_163" xlink:type="locator"/>
    <link:presentationArc order="20.0" xlink:arcrole="http://www.xbrl.org/2003/arcrole/parent-child" xlink:from="loc_1" xlink:to="loc_163" xlink:type="arc"/>
    <link:loc xlink:href="../../full_ifrs-cor_2014-03-05.xsd#ifrs-full_LegalProceedingsContingentLiabilityMember" xlink:label="loc_79" xlink:type="locator"/>
    <link:presentationArc order="30.0" xlink:arcrole="http://www.xbrl.org/2003/arcrole/parent-child" xlink:from="loc_4" xlink:to="loc_79" xlink:type="arc"/>
    <link:loc xlink:href="../../full_ifrs-cor_2014-03-05.xsd#ifrs-full_PropertyPlantAndEquipmentRecognisedAsOfAcquisitionDate" xlink:label="loc_80" xlink:type="locator"/>
    <link:presentationArc order="30.0" xlink:arcrole="http://www.xbrl.org/2003/arcrole/parent-child" xlink:from="loc_17" xlink:to="loc_80" xlink:type="arc"/>
    <link:loc xlink:href="../../full_ifrs-cor_2014-03-05.xsd#ifrs-full_LiabilitiesIncurred" xlink:label="loc_81" xlink:type="locator"/>
    <link:presentationArc order="30.0" xlink:arcrole="http://www.xbrl.org/2003/arcrole/parent-child" xlink:from="loc_19" xlink:to="loc_81" xlink:type="arc"/>
    <link:presentationArc order="30.0" xlink:arcrole="http://www.xbrl.org/2003/arcrole/parent-child" xlink:from="loc_23" xlink:to="loc_25" xlink:type="arc"/>
    <link:loc xlink:href="../../full_ifrs-cor_2014-03-05.xsd#ifrs-full_BestEstimateAtAcquisitionDateOfContractualCashFlowsNotExpectedToBeCollectedForAcquiredReceivables" xlink:label="loc_82" xlink:type="locator"/>
    <link:presentationArc order="30.0" xlink:arcrole="http://www.xbrl.org/2003/arcrole/parent-child" xlink:from="loc_37" xlink:to="loc_82" xlink:type="arc"/>
    <link:presentationArc order="30.0" xlink:arcrole="http://www.xbrl.org/2003/arcrole/parent-child" xlink:from="loc_38" xlink:to="loc_41" xlink:type="arc"/>
    <link:loc xlink:href="../../full_ifrs-cor_2014-03-05.xsd#ifrs-full_IndicationOfUncertaintiesOfAmountOrTimingOfOutflowsContingentLiabilitiesInBusinessCombination" xlink:label="loc_83" xlink:type="locator"/>
    <link:presentationArc order="30.0" xlink:arcrole="http://www.xbrl.org/2003/arcrole/parent-child" xlink:from="loc_43" xlink:to="loc_83" xlink:type="arc"/>
    <link:loc xlink:href="../../full_ifrs-cor_2014-03-05.xsd#ifrs-full_ContingentLiabilitiesRecognisedInBusinessCombination" xlink:label="loc_84" xlink:type="locator"/>
    <link:presentationArc order="30.0" preferredLabel="http://www.xbrl.org/2003/role/periodEndLabel" xlink:arcrole="http://www.xbrl.org/2003/arcrole/parent-child" xlink:from="loc_45" xlink:to="loc_84" xlink:type="arc"/>
    <link:loc xlink:href="../../full_ifrs-cor_2014-03-05.xsd#ifrs-full_Goodwill" xlink:label="loc_85" xlink:type="locator"/>
    <link:presentationArc order="30.0" preferredLabel="http://www.xbrl.org/2003/role/periodEndLabel" xlink:arcrole="http://www.xbrl.org/2003/arcrole/parent-child" xlink:from="loc_48" xlink:to="loc_85" xlink:type="arc"/>
    <link:loc xlink:href="../../full_ifrs-cor_2014-03-05.xsd#ifrs-full_DecreaseThroughClassifiedAsHeldForSaleGoodwill" xlink:label="loc_86" xlink:type="locator"/>
    <link:presentationArc order="30.0" preferredLabel="http://www.xbrl.org/2009/role/negatedLabel" xlink:arcrole="http://www.xbrl.org/2003/arcrole/parent-child" xlink:from="loc_52" xlink:to="loc_86" xlink:type="arc"/>
    <link:loc xlink:href="../../full_ifrs-cor_2014-03-05.xsd#ifrs-full_ExplanationOfFinancialEffectOfAdjustmentsRelatedToBusinessCombinations" xlink:label="loc_87" xlink:type="locator"/>
    <link:presentationArc order="30.0" xlink:arcrole="http://www.xbrl.org/2003/arcrole/parent-child" xlink:from="loc_54" xlink:to="loc_87" xlink:type="arc"/>
    <link:loc xlink:href="../../full_ifrs-cor_2014-03-05.xsd#ifrs-full_NoncurrentLiabilitiesRecognisedAsOfAcquisitionDate" xlink:label="loc_88" xlink:type="locator"/>
    <link:presentationArc order="30.0" preferredLabel="http://www.xbrl.org/2009/role/negatedLabel" xlink:arcrole="http://www.xbrl.org/2003/arcrole/parent-child" xlink:from="loc_56" xlink:to="loc_88" xlink:type="arc"/>
    <link:loc xlink:href="../../full_ifrs-cor_2014-03-05.xsd#ifrs-full_AdditionalLiabilitiesContingentLiabilitiesRecognisedInBusinessCombination" xlink:label="loc_89" xlink:type="locator"/>
    <link:presentationArc order="30.0" preferredLabel="http://www.xbrl.org/2003/role/totalLabel" xlink:arcrole="http://www.xbrl.org/2003/arcrole/parent-child" xlink:from="loc_58" xlink:to="loc_89" xlink:type="arc"/>
    <link:loc xlink:href="../../full_ifrs-cor_2014-03-05.xsd#ifrs-full_ReversedUnsettledLiabilitiesContingentLiabilitiesRecognisedInBusinessCombination" xlink:label="loc_90" xlink:type="locator"/>
    <link:presentationArc order="30.0" preferredLabel="http://www.xbrl.org/2009/role/negatedLabel" xlink:arcrole="http://www.xbrl.org/2003/arcrole/parent-child" xlink:from="loc_59" xlink:to="loc_90" xlink:type="arc"/>
    <link:loc xlink:href="../../full_ifrs-cor_2014-03-05.xsd#ifrs-full_DateOfAcquisition2013" xlink:label="loc_91" xlink:type="locator"/>
    <link:presentationArc order="30.0" xlink:arcrole="http://www.xbrl.org/2003/arcrole/parent-child" xlink:from="loc_15" xlink:to="loc_91" xlink:type="arc"/>
    <link:loc xlink:href="../../full_ifrs-cor_2014-03-05.xsd#ifrs-full_OnerousContractsContingentLiabilityMember" xlink:label="loc_92" xlink:type="locator"/>
    <link:presentationArc order="40.0" xlink:arcrole="http://www.xbrl.org/2003/arcrole/parent-child" xlink:from="loc_4" xlink:to="loc_92" xlink:type="arc"/>
    <link:loc xlink:href="../../full_ifrs-cor_2014-03-05.xsd#ifrs-full_PercentageOfVotingEquityInterestsAcquired" xlink:label="loc_93" xlink:type="locator"/>
    <link:presentationArc order="40.0" xlink:arcrole="http://www.xbrl.org/2003/arcrole/parent-child" xlink:from="loc_15" xlink:to="loc_93" xlink:type="arc"/>
    <link:loc xlink:href="../../full_ifrs-cor_2014-03-05.xsd#ifrs-full_IdentifiableIntangibleAssetsRecognisedAsOfAcquisitionDate" xlink:label="loc_94" xlink:type="locator"/>
    <link:presentationArc order="40.0" xlink:arcrole="http://www.xbrl.org/2003/arcrole/parent-child" xlink:from="loc_17" xlink:to="loc_94" xlink:type="arc"/>
    <link:presentationArc order="40.0" xlink:arcrole="http://www.xbrl.org/2003/arcrole/parent-child" xlink:from="loc_19" xlink:to="loc_21" xlink:type="arc"/>
    <link:loc xlink:href="../../full_ifrs-cor_2014-03-05.xsd#ifrs-full_DescriptionOfLineItemsInFinancialStatementsForAmountsRecognisedForTransactionRecognisedSeparatelyFromAcquisitionOfAssetsAndAssumptionOfLiabilitiesInBusinessCombination" xlink:label="loc_95" xlink:type="locator"/>
    <link:presentationArc order="40.0" xlink:arcrole="http://www.xbrl.org/2003/arcrole/parent-child" xlink:from="loc_23" xlink:to="loc_95" xlink:type="arc"/>
    <link:loc xlink:href="../../full_ifrs-cor_2014-03-05.xsd#ifrs-full_DescriptionOfMajorAssumptionsMadeConcerningFutureEventsContingentLiabilitiesInBusinessCombination" xlink:label="loc_96" xlink:type="locator"/>
    <link:presentationArc order="40.0" xlink:arcrole="http://www.xbrl.org/2003/arcrole/parent-child" xlink:from="loc_43" xlink:to="loc_96" xlink:type="arc"/>
    <link:loc xlink:href="../../full_ifrs-cor_2014-03-05.xsd#ifrs-full_GoodwillDerecognisedWithoutHavingPreviouslyBeenIncludedInDisposalGroupClassifiedAsHeldForSale" xlink:label="loc_97" xlink:type="locator"/>
    <link:presentationArc order="40.0" preferredLabel="http://www.xbrl.org/2009/role/negatedLabel" xlink:arcrole="http://www.xbrl.org/2003/arcrole/parent-child" xlink:from="loc_52" xlink:to="loc_97" xlink:type="arc"/>
    <link:loc xlink:href="../../full_ifrs-cor_2014-03-05.xsd#ifrs-full_AdditionalInformationAboutNatureAndFinancialEffectOfBusinessCombination" xlink:label="loc_98" xlink:type="locator"/>
    <link:presentationArc order="40.0" xlink:arcrole="http://www.xbrl.org/2003/arcrole/parent-child" xlink:from="loc_54" xlink:to="loc_98" xlink:type="arc"/>
    <link:loc xlink:href="../../full_ifrs-cor_2014-03-05.xsd#ifrs-full_CurrentLiabilitiesRecognisedAsOfAcquisitionDate" xlink:label="loc_99" xlink:type="locator"/>
    <link:presentationArc order="40.0" preferredLabel="http://www.xbrl.org/2009/role/negatedLabel" xlink:arcrole="http://www.xbrl.org/2003/arcrole/parent-child" xlink:from="loc_56" xlink:to="loc_99" xlink:type="arc"/>
    <link:loc xlink:href="../../full_ifrs-cor_2014-03-05.xsd#ifrs-full_IncreaseThroughAdjustmentsArisingFromPassageOfTimeContingentLiabilitiesRecognisedInBusinessCombination" xlink:label="loc_100" xlink:type="locator"/>
    <link:presentationArc order="40.0" xlink:arcrole="http://www.xbrl.org/2003/arcrole/parent-child" xlink:from="loc_59" xlink:to="loc_100" xlink:type="arc"/>
    <link:loc xlink:href="../../full_ifrs-cor_2014-03-05.xsd#ifrs-full_ContingentLiabilityForDecommissioningRestorationAndRehabilitationCostsMember" xlink:label="loc_101" xlink:type="locator"/>
    <link:presentationArc order="50.0" xlink:arcrole="http://www.xbrl.org/2003/arcrole/parent-child" xlink:from="loc_4" xlink:to="loc_101" xlink:type="arc"/>
    <link:presentationArc order="50.0" xlink:arcrole="http://www.xbrl.org/2003/arcrole/parent-child" xlink:from="loc_54" xlink:to="loc_8" xlink:type="arc"/>
    <link:loc xlink:href="../../full_ifrs-cor_2014-03-05.xsd#ifrs-full_FinancialLiabilitiesRecognisedAsOfAcquisitionDate" xlink:label="loc_102" xlink:type="locator"/>
    <link:presentationArc order="50.0" preferredLabel="http://www.xbrl.org/2009/role/negatedLabel" xlink:arcrole="http://www.xbrl.org/2003/arcrole/parent-child" xlink:from="loc_17" xlink:to="loc_102" xlink:type="arc"/>
    <link:loc xlink:href="../../full_ifrs-cor_2014-03-05.xsd#ifrs-full_DescriptionOfPrimaryReasonsForBusinessCombination" xlink:label="loc_103" xlink:type="locator"/>
    <link:presentationArc order="50.0" xlink:arcrole="http://www.xbrl.org/2003/arcrole/parent-child" xlink:from="loc_15" xlink:to="loc_103" xlink:type="arc"/>
    <link:loc xlink:href="../../full_ifrs-cor_2014-03-05.xsd#ifrs-full_AcquisitiondateFairValueOfTotalConsiderationTransferred" xlink:label="loc_104" xlink:type="locator"/>
    <link:presentationArc order="50.0" preferredLabel="http://www.xbrl.org/2003/role/totalLabel" xlink:arcrole="http://www.xbrl.org/2003/arcrole/parent-child" xlink:from="loc_19" xlink:to="loc_104" xlink:type="arc"/>
    <link:loc xlink:href="../../full_ifrs-cor_2014-03-05.xsd#ifrs-full_DescriptionOfLineItemsForAcquisitionRelatedCostsRecognisedAsExpenseForTransactionRecognisedSeparatelyFromAcquisitionOfAssetsAndAssumptionOfLiabilitiesInBusinessCombination" xlink:label="loc_105" xlink:type="locator"/>
    <link:presentationArc order="50.0" xlink:arcrole="http://www.xbrl.org/2003/arcrole/parent-child" xlink:from="loc_23" xlink:to="loc_105" xlink:type="arc"/>
    <link:loc xlink:href="../../full_ifrs-cor_2014-03-05.xsd#ifrs-full_ExpectedReimbursementContingentLiabilitiesInBusinessCombination" xlink:label="loc_106" xlink:type="locator"/>
    <link:presentationArc order="50.0" xlink:arcrole="http://www.xbrl.org/2003/arcrole/parent-child" xlink:from="loc_43" xlink:to="loc_106" xlink:type="arc"/>
    <link:loc xlink:href="../../full_ifrs-cor_2014-03-05.xsd#ifrs-full_ImpairmentLossRecognisedInProfitOrLossGoodwill" xlink:label="loc_107" xlink:type="locator"/>
    <link:presentationArc order="50.0" preferredLabel="http://www.xbrl.org/2009/role/negatedLabel" xlink:arcrole="http://www.xbrl.org/2003/arcrole/parent-child" xlink:from="loc_52" xlink:to="loc_107" xlink:type="arc"/>
    <link:loc xlink:href="../../full_ifrs-cor_2014-03-05.xsd#ifrs-full_TradeAndOtherPayablesRecognisedAsOfAcquisitionDate" xlink:label="loc_108" xlink:type="locator"/>
    <link:presentationArc order="50.0" preferredLabel="http://www.xbrl.org/2009/role/negatedLabel" xlink:arcrole="http://www.xbrl.org/2003/arcrole/parent-child" xlink:from="loc_56" xlink:to="loc_108" xlink:type="arc"/>
    <link:loc xlink:href="../../full_ifrs-cor_2014-03-05.xsd#ifrs-full_IncreaseDecreaseThroughChangeInDiscountRateContingentLiabilitiesRecognisedInBusinessCombination" xlink:label="loc_109" xlink:type="locator"/>
    <link:presentationArc order="50.0" xlink:arcrole="http://www.xbrl.org/2003/arcrole/parent-child" xlink:from="loc_59" xlink:to="loc_109" xlink:type="arc"/>
    <link:presentationArc order="60.0" xlink:arcrole="http://www.xbrl.org/2003/arcrole/parent-child" xlink:from="loc_54" xlink:to="loc_60" xlink:type="arc"/>
    <link:loc xlink:href="../../full_ifrs-cor_2014-03-05.xsd#ifrs-full_ContingentLiabilitiesOfJointVentureMember" xlink:label="loc_110" xlink:type="locator"/>
    <link:presentationArc order="60.0" xlink:arcrole="http://www.xbrl.org/2003/arcrole/parent-child" xlink:from="loc_4" xlink:to="loc_110" xlink:type="arc"/>
    <link:loc xlink:href="../../full_ifrs-cor_2014-03-05.xsd#ifrs-full_ContingentLiabilitiesRecognisedAsOfAcquisitionDate" xlink:label="loc_111" xlink:type="locator"/>
    <link:presentationArc order="60.0" preferredLabel="http://www.xbrl.org/2009/role/negatedLabel" xlink:arcrole="http://www.xbrl.org/2003/arcrole/parent-child" xlink:from="loc_17" xlink:to="loc_111" xlink:type="arc"/>
    <link:loc xlink:href="../../full_ifrs-cor_2014-03-05.xsd#ifrs-full_DescriptionOfHowAcquirerObtainedControlOfAcquiree" xlink:label="loc_112" xlink:type="locator"/>
    <link:presentationArc order="60.0" xlink:arcrole="http://www.xbrl.org/2003/arcrole/parent-child" xlink:from="loc_15" xlink:to="loc_112" xlink:type="arc"/>
    <link:loc xlink:href="../../full_ifrs-cor_2014-03-05.xsd#ifrs-full_MethodUsedToDetermineSettlementAmountForPreexistingRelationshipForTransactionRecognisedSeparatelyFromAcquisitionOfAssetsAndAssumptionOfLiabilitiesInBusinessCombination" xlink:label="loc_113" xlink:type="locator"/>
    <link:presentationArc order="60.0" xlink:arcrole="http://www.xbrl.org/2003/arcrole/parent-child" xlink:from="loc_23" xlink:to="loc_113" xlink:type="arc"/>
    <link:loc xlink:href="../../full_ifrs-cor_2014-03-05.xsd#ifrs-full_AssetRecognisedForExpectedReimbursementContingentLiabilitiesInBusinessCombination" xlink:label="loc_114" xlink:type="locator"/>
    <link:presentationArc order="60.0" xlink:arcrole="http://www.xbrl.org/2003/arcrole/parent-child" xlink:from="loc_43" xlink:to="loc_114" xlink:type="arc"/>
    <link:loc xlink:href="../../full_ifrs-cor_2014-03-05.xsd#ifrs-full_IncreaseDecreaseThroughNetExchangeDifferencesGoodwill" xlink:label="loc_115" xlink:type="locator"/>
    <link:presentationArc order="60.0" xlink:arcrole="http://www.xbrl.org/2003/arcrole/parent-child" xlink:from="loc_52" xlink:to="loc_115" xlink:type="arc"/>
    <link:loc xlink:href="../../full_ifrs-cor_2014-03-05.xsd#ifrs-full_DeferredTaxAssetsRecognisedAsOfAcquisitionDate" xlink:label="loc_116" xlink:type="locator"/>
    <link:presentationArc order="60.0" xlink:arcrole="http://www.xbrl.org/2003/arcrole/parent-child" xlink:from="loc_56" xlink:to="loc_116" xlink:type="arc"/>
    <link:loc xlink:href="../../full_ifrs-cor_2014-03-05.xsd#ifrs-full_IncreaseDecreaseInContingentLiabilitiesRecognisedInBusinessCombination" xlink:label="loc_117" xlink:type="locator"/>
    <link:presentationArc order="60.0" preferredLabel="http://www.xbrl.org/2003/role/totalLabel" xlink:arcrole="http://www.xbrl.org/2003/arcrole/parent-child" xlink:from="loc_59" xlink:to="loc_117" xlink:type="arc"/>
    <link:presentationArc order="70.0" xlink:arcrole="http://www.xbrl.org/2003/arcrole/parent-child" xlink:from="loc_54" xlink:to="loc_61" xlink:type="arc"/>
    <link:loc xlink:href="../../full_ifrs-cor_2014-03-05.xsd#ifrs-full_ShareOfContingentLiabilitiesOfAssociatesMember" xlink:label="loc_118" xlink:type="locator"/>
    <link:presentationArc order="70.0" xlink:arcrole="http://www.xbrl.org/2003/arcrole/parent-child" xlink:from="loc_4" xlink:to="loc_118" xlink:type="arc"/>
    <link:loc xlink:href="../../full_ifrs-cor_2014-03-05.xsd#ifrs-full_IdentifiableAssetsAcquiredLiabilitiesAssumed" xlink:label="loc_119" xlink:type="locator"/>
    <link:presentationArc order="70.0" preferredLabel="http://www.xbrl.org/2009/role/netLabel" xlink:arcrole="http://www.xbrl.org/2003/arcrole/parent-child" xlink:from="loc_17" xlink:to="loc_119" xlink:type="arc"/>
    <link:loc xlink:href="../../full_ifrs-cor_2014-03-05.xsd#ifrs-full_DescriptionOfFactorsThatMakeUpGoodwillRecognised" xlink:label="loc_120" xlink:type="locator"/>
    <link:presentationArc order="70.0" xlink:arcrole="http://www.xbrl.org/2003/arcrole/parent-child" xlink:from="loc_15" xlink:to="loc_120" xlink:type="arc"/>
    <link:loc xlink:href="../../full_ifrs-cor_2014-03-05.xsd#ifrs-full_DescriptionOfHowIssueCostsNotRecognisedAsExpenseWereRecognisedForTransactionRecognisedSeparatelyFromAcquisitionOfAssetsAndAssumptionOfLiabilitiesInBusinessCombination" xlink:label="loc_121" xlink:type="locator"/>
    <link:presentationArc order="70.0" xlink:arcrole="http://www.xbrl.org/2003/arcrole/parent-child" xlink:from="loc_23" xlink:to="loc_121" xlink:type="arc"/>
    <link:loc xlink:href="../../full_ifrs-cor_2014-03-05.xsd#ifrs-full_ExplanationOfEstimatedFinancialEffectContingentLiabilitiesInBusinessCombination" xlink:label="loc_122" xlink:type="locator"/>
    <link:presentationArc order="70.0" xlink:arcrole="http://www.xbrl.org/2003/arcrole/parent-child" xlink:from="loc_43" xlink:to="loc_122" xlink:type="arc"/>
    <link:loc xlink:href="../../full_ifrs-cor_2014-03-05.xsd#ifrs-full_IncreaseDecreaseThroughTransfersAndOtherChangesGoodwill" xlink:label="loc_123" xlink:type="locator"/>
    <link:presentationArc order="70.0" xlink:arcrole="http://www.xbrl.org/2003/arcrole/parent-child" xlink:from="loc_52" xlink:to="loc_123" xlink:type="arc"/>
    <link:loc xlink:href="../../full_ifrs-cor_2014-03-05.xsd#ifrs-full_DeferredTaxLiabilitiesRecognisedAsOfAcquisitionDate" xlink:label="loc_124" xlink:type="locator"/>
    <link:presentationArc order="70.0" preferredLabel="http://www.xbrl.org/2009/role/negatedLabel" xlink:arcrole="http://www.xbrl.org/2003/arcrole/parent-child" xlink:from="loc_56" xlink:to="loc_124" xlink:type="arc"/>
    <link:presentationArc order="80.0" xlink:arcrole="http://www.xbrl.org/2003/arcrole/parent-child" xlink:from="loc_54" xlink:to="loc_62" xlink:type="arc"/>
    <link:loc xlink:href="../../full_ifrs-cor_2014-03-05.xsd#ifrs-full_EstimatedFinancialEffectContingentLiabilitiesInBusinessCombination" xlink:label="loc_125" xlink:type="locator"/>
    <link:presentationArc order="80.0" xlink:arcrole="http://www.xbrl.org/2003/arcrole/parent-child" xlink:from="loc_43" xlink:to="loc_125" xlink:type="arc"/>
    <link:loc xlink:href="../../full_ifrs-cor_2014-03-05.xsd#ifrs-full_OtherContingentLiabilitiesMember" xlink:label="loc_126" xlink:type="locator"/>
    <link:presentationArc order="80.0" xlink:arcrole="http://www.xbrl.org/2003/arcrole/parent-child" xlink:from="loc_4" xlink:to="loc_126" xlink:type="arc"/>
    <link:presentationArc order="80.0" xlink:arcrole="http://www.xbrl.org/2003/arcrole/parent-child" xlink:from="loc_15" xlink:to="loc_19" xlink:type="arc"/>
    <link:loc xlink:href="../../full_ifrs-cor_2014-03-05.xsd#ifrs-full_ChangesInGoodwill" xlink:label="loc_127" xlink:type="locator"/>
    <link:presentationArc order="80.0" preferredLabel="http://www.xbrl.org/2003/role/totalLabel" xlink:arcrole="http://www.xbrl.org/2003/arcrole/parent-child" xlink:from="loc_52" xlink:to="loc_127" xlink:type="arc"/>
    <link:loc xlink:href="../../full_ifrs-cor_2014-03-05.xsd#ifrs-full_BorrowingsRecognisedAsOfAcquisitionDate" xlink:label="loc_128" xlink:type="locator"/>
    <link:presentationArc order="80.0" preferredLabel="http://www.xbrl.org/2009/role/negatedLabel" xlink:arcrole="http://www.xbrl.org/2003/arcrole/parent-child" xlink:from="loc_56" xlink:to="loc_128" xlink:type="arc"/>
    <link:presentationArc order="90.0" xlink:arcrole="http://www.xbrl.org/2003/arcrole/parent-child" xlink:from="loc_54" xlink:to="loc_63" xlink:type="arc"/>
    <link:loc xlink:href="../../full_ifrs-cor_2014-03-05.xsd#ifrs-full_ExplanationOfPossibilityOfReimbursementContingentLiabilitiesInBusinessCombination" xlink:label="loc_129" xlink:type="locator"/>
    <link:presentationArc order="90.0" xlink:arcrole="http://www.xbrl.org/2003/arcrole/parent-child" xlink:from="loc_43" xlink:to="loc_129" xlink:type="arc"/>
    <link:loc xlink:href="../../full_ifrs-cor_2014-03-05.xsd#ifrs-full_ContingentConsiderationArrangementsAndIndemnificationAssetsRecognisedAsOfAcquisitionDate" xlink:label="loc_130" xlink:type="locator"/>
    <link:presentationArc order="90.0" xlink:arcrole="http://www.xbrl.org/2003/arcrole/parent-child" xlink:from="loc_15" xlink:to="loc_130" xlink:type="arc"/>
    <link:loc xlink:href="../../full_ifrs-cor_2014-03-05.xsd#ifrs-full_ExplanationWhichDisclosuresCouldNotBeMadeAndReasonsWhyTheyCannotBeMadeIfInitialAccountingForBusinessCombinationIsIncomplete" xlink:label="loc_131" xlink:type="locator"/>
    <link:presentationArc order="100.0" xlink:arcrole="http://www.xbrl.org/2003/arcrole/parent-child" xlink:from="loc_54" xlink:to="loc_131" xlink:type="arc"/>
    <link:loc xlink:href="../../full_ifrs-cor_2014-03-05.xsd#ifrs-full_DescriptionOfReasonsWhyLiabilityCannotBeMeasuredReliably" xlink:label="loc_132" xlink:type="locator"/>
    <link:presentationArc order="100.0" xlink:arcrole="http://www.xbrl.org/2003/arcrole/parent-child" xlink:from="loc_43" xlink:to="loc_132" xlink:type="arc"/>
    <link:loc xlink:href="../../full_ifrs-cor_2014-03-05.xsd#ifrs-full_DescriptionOfArrangementForContingentConsiderationArrangementsAndIndemnificationAssets" xlink:label="loc_133" xlink:type="locator"/>
    <link:presentationArc order="100.0" xlink:arcrole="http://www.xbrl.org/2003/arcrole/parent-child" xlink:from="loc_15" xlink:to="loc_133" xlink:type="arc"/>
    <link:presentationArc order="110.0" xlink:arcrole="http://www.xbrl.org/2003/arcrole/parent-child" xlink:from="loc_43" xlink:to="loc_45" xlink:type="arc"/>
    <link:loc xlink:href="../../full_ifrs-cor_2014-03-05.xsd#ifrs-full_DescriptionOfBasisForDeterminingAmountOfPaymentForContingentConsiderationArrangementsAndIndemnificationAssets" xlink:label="loc_134" xlink:type="locator"/>
    <link:presentationArc order="110.0" xlink:arcrole="http://www.xbrl.org/2003/arcrole/parent-child" xlink:from="loc_15" xlink:to="loc_134" xlink:type="arc"/>
    <link:loc xlink:href="../../full_ifrs-cor_2014-03-05.xsd#ifrs-full_DescriptionOfEstimateOfRangeOfOutcomesFromContingentConsiderationArrangementsAndIndemnificationAssets" xlink:label="loc_135" xlink:type="locator"/>
    <link:presentationArc order="120.0" xlink:arcrole="http://www.xbrl.org/2003/arcrole/parent-child" xlink:from="loc_15" xlink:to="loc_135" xlink:type="arc"/>
    <link:loc xlink:href="../../full_ifrs-cor_2014-03-05.xsd#ifrs-full_DescriptionOfExplanationOfFactAndReasonsWhyRangeOfOutcomesFromContingentConsiderationArrangementsAndIndemnificationAssetsCannotBeEstimated" xlink:label="loc_136" xlink:type="locator"/>
    <link:presentationArc order="130.0" xlink:arcrole="http://www.xbrl.org/2003/arcrole/parent-child" xlink:from="loc_15" xlink:to="loc_136" xlink:type="arc"/>
    <link:loc xlink:href="../../full_ifrs-cor_2014-03-05.xsd#ifrs-full_ExplanationOfFactThatMaximumAmountOfPaymentForContingentConsiderationArrangementsAndIndemnificationAssetsIsUnlimited" xlink:label="loc_137" xlink:type="locator"/>
    <link:presentationArc order="140.0" xlink:arcrole="http://www.xbrl.org/2003/arcrole/parent-child" xlink:from="loc_15" xlink:to="loc_137" xlink:type="arc"/>
    <link:presentationArc order="150.0" xlink:arcrole="http://www.xbrl.org/2003/arcrole/parent-child" xlink:from="loc_15" xlink:to="loc_17" xlink:type="arc"/>
    <link:presentationArc order="160.0" xlink:arcrole="http://www.xbrl.org/2003/arcrole/parent-child" xlink:from="loc_15" xlink:to="loc_56" xlink:type="arc"/>
    <link:loc xlink:href="../../full_ifrs-cor_2014-03-05.xsd#ifrs-full_GoodwillExpectedDeductibleForTaxPurposes" xlink:label="loc_138" xlink:type="locator"/>
    <link:presentationArc order="170.0" xlink:arcrole="http://www.xbrl.org/2003/arcrole/parent-child" xlink:from="loc_15" xlink:to="loc_138" xlink:type="arc"/>
    <link:loc xlink:href="../../full_ifrs-cor_2014-03-05.xsd#ifrs-full_GainRecognisedInBargainPurchaseTransaction" xlink:label="loc_139" xlink:type="locator"/>
    <link:presentationArc order="180.0" xlink:arcrole="http://www.xbrl.org/2003/arcrole/parent-child" xlink:from="loc_15" xlink:to="loc_139" xlink:type="arc"/>
    <link:loc xlink:href="../../full_ifrs-cor_2014-03-05.xsd#ifrs-full_ExplanationOfAmountOfAnyGainRecognisedAndLineItemInStatementOfComprehensiveIncomeInWhichGainIsRecognisedInBargainPurchase" xlink:label="loc_140" xlink:type="locator"/>
    <link:presentationArc order="190.0" xlink:arcrole="http://www.xbrl.org/2003/arcrole/parent-child" xlink:from="loc_15" xlink:to="loc_140" xlink:type="arc"/>
    <link:loc xlink:href="../../full_ifrs-cor_2014-03-05.xsd#ifrs-full_DescriptionOfReasonsWhyTransactionResultedInGainInBargainPurchase" xlink:label="loc_141" xlink:type="locator"/>
    <link:presentationArc order="200.0" xlink:arcrole="http://www.xbrl.org/2003/arcrole/parent-child" xlink:from="loc_15" xlink:to="loc_141" xlink:type="arc"/>
    <link:loc xlink:href="../../full_ifrs-cor_2014-03-05.xsd#ifrs-full_NoncontrollingInterestInAcquireeRecognisedAtAcquisitionDate" xlink:label="loc_142" xlink:type="locator"/>
    <link:presentationArc order="210.0" xlink:arcrole="http://www.xbrl.org/2003/arcrole/parent-child" xlink:from="loc_15" xlink:to="loc_142" xlink:type="arc"/>
    <link:loc xlink:href="../../full_ifrs-cor_2014-03-05.xsd#ifrs-full_DescriptionOfMeasurementBasisForNoncontrollingInterestInAcquireeRecognisedAtAcquisitionDate" xlink:label="loc_143" xlink:type="locator"/>
    <link:presentationArc order="220.0" xlink:arcrole="http://www.xbrl.org/2003/arcrole/parent-child" xlink:from="loc_15" xlink:to="loc_143" xlink:type="arc"/>
    <link:loc xlink:href="../../full_ifrs-cor_2014-03-05.xsd#ifrs-full_DescriptionOfValuationTechniquesAndKeyModelInputsUsedForDeterminingNoncontrollingInterestInAnAcquireeMeasuredAtFairValue" xlink:label="loc_144" xlink:type="locator"/>
    <link:presentationArc order="230.0" xlink:arcrole="http://www.xbrl.org/2003/arcrole/parent-child" xlink:from="loc_15" xlink:to="loc_144" xlink:type="arc"/>
    <link:loc xlink:href="../../full_ifrs-cor_2014-03-05.xsd#ifrs-full_AcquisitiondateFairValueOfEquityInterestInAcquireeHeldByAcquirerImmediatelyBeforeAcquisitionDate" xlink:label="loc_145" xlink:type="locator"/>
    <link:presentationArc order="240.0" xlink:arcrole="http://www.xbrl.org/2003/arcrole/parent-child" xlink:from="loc_15" xlink:to="loc_145" xlink:type="arc"/>
    <link:loc xlink:href="../../full_ifrs-cor_2014-03-05.xsd#ifrs-full_GainLossRecognisedAsResultOfRemeasuringToFairValueEquityInterestInAcquireeHeldByAcquirerBeforeBusinessCombination" xlink:label="loc_146" xlink:type="locator"/>
    <link:presentationArc order="250.0" xlink:arcrole="http://www.xbrl.org/2003/arcrole/parent-child" xlink:from="loc_15" xlink:to="loc_146" xlink:type="arc"/>
    <link:loc xlink:href="../../full_ifrs-cor_2014-03-05.xsd#ifrs-full_DescriptionOfLineItemInStatementOfComprehensiveIncomeInWhichGainOrLossAsResultOfRemeasuringToFairValueEquityInterestIsRecognised" xlink:label="loc_147" xlink:type="locator"/>
    <link:presentationArc order="260.0" xlink:arcrole="http://www.xbrl.org/2003/arcrole/parent-child" xlink:from="loc_15" xlink:to="loc_147" xlink:type="arc"/>
    <link:loc xlink:href="../../full_ifrs-cor_2014-03-05.xsd#ifrs-full_RevenueOfAcquiree" xlink:label="loc_148" xlink:type="locator"/>
    <link:presentationArc order="270.0" xlink:arcrole="http://www.xbrl.org/2003/arcrole/parent-child" xlink:from="loc_15" xlink:to="loc_148" xlink:type="arc"/>
    <link:loc xlink:href="../../full_ifrs-cor_2014-03-05.xsd#ifrs-full_ProfitLossOfAcquiree" xlink:label="loc_149" xlink:type="locator"/>
    <link:presentationArc order="280.0" xlink:arcrole="http://www.xbrl.org/2003/arcrole/parent-child" xlink:from="loc_15" xlink:to="loc_149" xlink:type="arc"/>
    <link:loc xlink:href="../../full_ifrs-cor_2014-03-05.xsd#ifrs-full_RevenueOfCombinedEntity" xlink:label="loc_150" xlink:type="locator"/>
    <link:presentationArc order="290.0" xlink:arcrole="http://www.xbrl.org/2003/arcrole/parent-child" xlink:from="loc_15" xlink:to="loc_150" xlink:type="arc"/>
    <link:loc xlink:href="../../full_ifrs-cor_2014-03-05.xsd#ifrs-full_ProfitLossOfCombinedEntity" xlink:label="loc_151" xlink:type="locator"/>
    <link:presentationArc order="300.0" xlink:arcrole="http://www.xbrl.org/2003/arcrole/parent-child" xlink:from="loc_15" xlink:to="loc_151" xlink:type="arc"/>
    <link:loc xlink:href="../../full_ifrs-cor_2014-03-05.xsd#ifrs-full_DisclosureOfFactAndExplanationWhyDisclosureOfInformationForEachBusinessCombinationIsImpracticable" xlink:label="loc_152" xlink:type="locator"/>
    <link:presentationArc order="310.0" xlink:arcrole="http://www.xbrl.org/2003/arcrole/parent-child" xlink:from="loc_15" xlink:to="loc_152" xlink:type="arc"/>
    <link:loc xlink:href="../../full_ifrs-cor_2014-03-05.xsd#ifrs-full_DescriptionOfReasonsWhyInitialAccountingForBusinessCombinationIsIncomplete" xlink:label="loc_153" xlink:type="locator"/>
    <link:presentationArc order="320.0" xlink:arcrole="http://www.xbrl.org/2003/arcrole/parent-child" xlink:from="loc_15" xlink:to="loc_153" xlink:type="arc"/>
    <link:loc xlink:href="../../full_ifrs-cor_2014-03-05.xsd#ifrs-full_DescriptionOfAmountsOfAssetsLiabilitiesEquityInterestsOrItemsOfConsiderationForWhichInitialAccountingIsIncomplete" xlink:label="loc_154" xlink:type="locator"/>
    <link:presentationArc order="330.0" xlink:arcrole="http://www.xbrl.org/2003/arcrole/parent-child" xlink:from="loc_15" xlink:to="loc_154" xlink:type="arc"/>
    <link:loc xlink:href="../../full_ifrs-cor_2014-03-05.xsd#ifrs-full_DescriptionOfNatureAndAmountOfAnyMeasurementPeriodAdjustmentsRecognisedForParticularAssetsLiabilitiesNoncontrollingInterestsOrItemsOfConsideration" xlink:label="loc_155" xlink:type="locator"/>
    <link:presentationArc order="340.0" xlink:arcrole="http://www.xbrl.org/2003/arcrole/parent-child" xlink:from="loc_15" xlink:to="loc_155" xlink:type="arc"/>
    <link:loc xlink:href="../../full_ifrs-cor_2014-03-05.xsd#ifrs-full_MeasurementPeriodAdjustmentsRecognisedForParticularAssetsLiabilitiesNoncontrollingInterestsOrItemsOfConsideration" xlink:label="loc_156" xlink:type="locator"/>
    <link:presentationArc order="350.0" xlink:arcrole="http://www.xbrl.org/2003/arcrole/parent-child" xlink:from="loc_15" xlink:to="loc_156" xlink:type="arc"/>
    <link:loc xlink:href="../../full_ifrs-cor_2014-03-05.xsd#ifrs-full_IncreaseDecreaseInContingentConsiderationAssetLiability" xlink:label="loc_157" xlink:type="locator"/>
    <link:presentationArc order="360.0" xlink:arcrole="http://www.xbrl.org/2003/arcrole/parent-child" xlink:from="loc_15" xlink:to="loc_157" xlink:type="arc"/>
    <link:loc xlink:href="../../full_ifrs-cor_2014-03-05.xsd#ifrs-full_ExplanationOfAnyChangesInRecognisedAmountsOfContingentConsideration" xlink:label="loc_158" xlink:type="locator"/>
    <link:presentationArc order="370.0" xlink:arcrole="http://www.xbrl.org/2003/arcrole/parent-child" xlink:from="loc_15" xlink:to="loc_158" xlink:type="arc"/>
    <link:loc xlink:href="../../full_ifrs-cor_2014-03-05.xsd#ifrs-full_ExplanationOfAnyChangesInRangeOfOutcomesUndiscountedAndReasonsForThoseChangesForContingentConsideration" xlink:label="loc_159" xlink:type="locator"/>
    <link:presentationArc order="380.0" xlink:arcrole="http://www.xbrl.org/2003/arcrole/parent-child" xlink:from="loc_15" xlink:to="loc_159" xlink:type="arc"/>
    <link:loc xlink:href="../../full_ifrs-cor_2014-03-05.xsd#ifrs-full_DescriptionOfValuationTechniquesAndKeyModelInputsUsedToMeasureContingentConsideration" xlink:label="loc_160" xlink:type="locator"/>
    <link:presentationArc order="390.0" xlink:arcrole="http://www.xbrl.org/2003/arcrole/parent-child" xlink:from="loc_15" xlink:to="loc_160" xlink:type="arc"/>
    <link:loc xlink:href="../../full_ifrs-cor_2014-03-05.xsd#ifrs-full_GainLossThatRelatesToIdentifiableAssetsAcquiredOrLiabilitiesAssumedInBusinessCombination" xlink:label="loc_161" xlink:type="locator"/>
    <link:presentationArc order="400.0" xlink:arcrole="http://www.xbrl.org/2003/arcrole/parent-child" xlink:from="loc_15" xlink:to="loc_161" xlink:type="arc"/>
    <link:loc xlink:href="../../full_ifrs-cor_2014-03-05.xsd#ifrs-full_ExplanationOfGainOrLossThatRelatesToIdentifiableAssetsAcquiredOrLiabilitiesAssumedInBusinessCombination" xlink:label="loc_162" xlink:type="locator"/>
    <link:presentationArc order="410.0" xlink:arcrole="http://www.xbrl.org/2003/arcrole/parent-child" xlink:from="loc_15" xlink:to="loc_162" xlink:type="arc"/>
  </link:presentationLink>
</link:linkbase>
