<?xml version="1.0" encoding="UTF-8"?>
<!-- Generated by Fujitsu Interstage XWand B0217 -->
<link:linkbase xmlns:xsi="http://www.w3.org/2001/XMLSchema-instance" xsi:schemaLocation="http://www.xbrl.org/2003/linkbase http://www.xbrl.org/2003/xbrl-linkbase-2003-12-31.xsd" xmlns:link="http://www.xbrl.org/2003/linkbase" xmlns:xlink="http://www.w3.org/1999/xlink" xmlns:xbrli="http://www.xbrl.org/2003/instance">
  <link:labelLink xlink:type="extended" xlink:role="http://www.xbrl.org/2003/role/link">
    <link:loc xlink:type="locator" xlink:href="arr.xsd#arr_OtherReportingResponsibilitiesAudit" xlink:label="OtherReportingResponsibilitiesAudit" xlink:title="OtherReportingResponsibilitiesAudit"/>
    <link:label xlink:type="resource" xlink:label="label_OtherReportingResponsibilitiesAudit" xlink:role="http://www.xbrl.org/2003/role/label" xlink:title="label_OtherReportingResponsibilitiesAudit" xml:lang="da" id="label_OtherReportingResponsibilitiesAudit">Andre rappporteringsforpligtelser (revision)</link:label>
    <link:labelArc xlink:type="arc" xlink:arcrole="http://www.xbrl.org/2003/arcrole/concept-label" xlink:from="OtherReportingResponsibilitiesAudit" xlink:to="label_OtherReportingResponsibilitiesAudit" xlink:title="label: OtherReportingResponsibilitiesAudit to label_OtherReportingResponsibilitiesAudit"/>
    <link:label xlink:type="resource" xlink:label="label_OtherReportingResponsibilitiesAudit_2" xlink:role="http://www.xbrl.org/2003/role/label" xlink:title="label_OtherReportingResponsibilitiesAudit" xml:lang="en" id="label_OtherReportingResponsibilitiesAudit_2">Other reporting responsibilities (audit)</link:label>
    <link:labelArc xlink:type="arc" xlink:arcrole="http://www.xbrl.org/2003/arcrole/concept-label" xlink:from="OtherReportingResponsibilitiesAudit" xlink:to="label_OtherReportingResponsibilitiesAudit_2" xlink:title="label: OtherReportingResponsibilitiesAudit to label_OtherReportingResponsibilitiesAudit"/>
  </link:labelLink>
</link:linkbase>
