﻿<?xml version="1.0" encoding="UTF-8"?>
<!-- Generated by Fujitsu Interstage XWand B0166 -->
<?officialURI http://archprod.service.eogs.dk/taxonomy/20151001/eogs/eogs_ref.xml?>

<?taxonomy-version 1.6.0?>

<link:linkbase xmlns:xsi="http://www.w3.org/2001/XMLSchema-instance" xsi:schemaLocation="http://www.xbrl.org/2006/ref http://www.xbrl.org/2006/ref-2006-02-27.xsd http://www.xbrl.org/2003/linkbase http://www.xbrl.org/2003/xbrl-linkbase-2003-12-31.xsd" xmlns:eogs="http://xbrl.dcca.dk/eogs" xmlns:link="http://www.xbrl.org/2003/linkbase" xmlns:ref="http://www.xbrl.org/2006/ref" xmlns:xlink="http://www.w3.org/1999/xlink" xmlns:xbrli="http://www.xbrl.org/2003/instance">
  <link:referenceLink xlink:type="extended" xlink:role="http://www.xbrl.org/2003/role/link">
    <link:loc xlink:type="locator" xlink:href="eogs.xsd#eogs_StatementRegardingExemptionNotToPresentAnnualReportAbstract" xlink:label="StatementRegardingExemptionNotToPresentAnnualReportAbstract"/>
    <link:reference xlink:type="resource" xlink:label="reference_StatementRegardingExemptionNotToPresentAnnualReportAbstract" xlink:role="http://www.xbrl.org/2003/role/reference" id="reference_StatementRegardingExemptionNotToPresentAnnualReportAbstract">
      <ref:Publisher>Økonomi- og Erhvervsministeriet</ref:Publisher>
      <ref:Name>Årsregnskabsloven</ref:Name>
      <ref:Paragraph>4</ref:Paragraph>
    </link:reference>
    <link:referenceArc xlink:type="arc" xlink:arcrole="http://www.xbrl.org/2003/arcrole/concept-reference" xlink:from="StatementRegardingExemptionNotToPresentAnnualReportAbstract" xlink:to="reference_StatementRegardingExemptionNotToPresentAnnualReportAbstract" order="10.0"/>
    <link:loc xlink:type="locator" xlink:href="eogs.xsd#eogs_ManagementStatementThatExemptionInQuestionHasBeenApplied" xlink:label="ManagementStatementThatExemptionInQuestionHasBeenApplied"/>
    <link:reference xlink:type="resource" xlink:label="reference_ManagementStatementThatExemptionInQuestionHasBeenApplied" xlink:role="http://www.xbrl.org/2003/role/reference" id="reference_ManagementStatementThatExemptionInQuestionHasBeenApplied">
      <ref:Publisher>Økonomi- og Erhvervsministeriet</ref:Publisher>
      <ref:Name>Årsregnskabsloven</ref:Name>
      <ref:Paragraph>145</ref:Paragraph>
      <ref:Subparagraph>1</ref:Subparagraph>
      <ref:Clause>1</ref:Clause>
    </link:reference>
    <link:referenceArc xlink:type="arc" xlink:arcrole="http://www.xbrl.org/2003/arcrole/concept-reference" xlink:from="ManagementStatementThatExemptionInQuestionHasBeenApplied" xlink:to="reference_ManagementStatementThatExemptionInQuestionHasBeenApplied" order="10.0"/>
    <link:loc xlink:type="locator" xlink:href="eogs.xsd#eogs_ManagementConfirmationThatConditionsForApplyingExemptionHaveBeenMet" xlink:label="ManagementConfirmationThatConditionsForApplyingExemptionHaveBeenMet"/>
    <link:reference xlink:type="resource" xlink:label="reference_ManagementConfirmationThatConditionsForApplyingExemptionHaveBeenMet" xlink:role="http://www.xbrl.org/2003/role/reference" id="reference_ManagementConfirmationThatConditionsForApplyingExemptionHaveBeenMet">
      <ref:Publisher>Økonomi- og Erhvervsministeriet</ref:Publisher>
      <ref:Name>Årsregnskabsloven</ref:Name>
      <ref:Paragraph>145</ref:Paragraph>
      <ref:Subparagraph>1</ref:Subparagraph>
      <ref:Clause>2</ref:Clause>
    </link:reference>
    <link:referenceArc xlink:type="arc" xlink:arcrole="http://www.xbrl.org/2003/arcrole/concept-reference" xlink:from="ManagementConfirmationThatConditionsForApplyingExemptionHaveBeenMet" xlink:to="reference_ManagementConfirmationThatConditionsForApplyingExemptionHaveBeenMet" order="10.0"/>
    <link:loc xlink:type="locator" xlink:href="eogs.xsd#eogs_StatementRegardingExemptionFromEnterprisesAndSocietiesWithLimitedLiabilityAndCoOperativeSocietiesWithLimitedLiabilityAbstract" xlink:label="StatementRegardingExemptionFromEnterprisesAndSocietiesWithLimitedLiabilityAndCoOperativeSocietiesWithLimitedLiabilityAbstract"/>
    <link:reference xlink:type="resource" xlink:label="reference_StatementRegardingExemptionFromEnterprisesAndSocietiesWithLimitedLiabilityAndCoOperativeSocietiesWithLimitedLiabilityAbstract" xlink:role="http://www.xbrl.org/2003/role/reference" id="reference_StatementRegardingExemptionFromEnterprisesAndSocietiesWithLimitedLiabilityAndCoOperativeSocietiesWithLimitedLiabilityAbstract">
      <ref:Publisher>Økonomi- og Erhvervsministeriet</ref:Publisher>
      <ref:Name>Årsregnskabsloven</ref:Name>
      <ref:Paragraph>4</ref:Paragraph>
    </link:reference>
    <link:referenceArc xlink:type="arc" xlink:arcrole="http://www.xbrl.org/2003/arcrole/concept-reference" xlink:from="StatementRegardingExemptionFromEnterprisesAndSocietiesWithLimitedLiabilityAndCoOperativeSocietiesWithLimitedLiabilityAbstract" xlink:to="reference_StatementRegardingExemptionFromEnterprisesAndSocietiesWithLimitedLiabilityAndCoOperativeSocietiesWithLimitedLiabilityAbstract" order="10.0"/>
    <link:loc xlink:type="locator" xlink:href="eogs.xsd#eogs_NameOfStore" xlink:label="NameOfStore"/>
    <link:reference xlink:type="resource" xlink:label="reference_NameOfStore" xlink:role="http://www.xbrl.org/2003/role/reference" id="reference_NameOfStore">
      <ref:Publisher>Erhvervs- og Selskabsstyrelsen</ref:Publisher>
      <ref:Name>Bekendtgørelse om dokumentation af omsætningensstørrelse m.v.</ref:Name>
      <ref:Paragraph>1</ref:Paragraph>
      <ref:Subparagraph>2</ref:Subparagraph>
      <ref:Clause>1</ref:Clause>
    </link:reference>
    <link:referenceArc xlink:type="arc" xlink:arcrole="http://www.xbrl.org/2003/arcrole/concept-reference" xlink:from="NameOfStore" xlink:to="reference_NameOfStore" order="10.0"/>
    <link:loc xlink:type="locator" xlink:href="eogs.xsd#eogs_AddressOfStoreStreetAndNumber" xlink:label="AddressOfStoreStreetAndNumber"/>
    <link:reference xlink:type="resource" xlink:label="reference_AddressOfStoreStreetAndNumber" xlink:role="http://www.xbrl.org/2003/role/reference" id="reference_AddressOfStoreStreetAndNumber">
      <ref:Publisher>Erhvervs- og Selskabsstyrelsen</ref:Publisher>
      <ref:Name>Bekendtgørelse om dokumentation af omsætningensstørrelse m.v.</ref:Name>
      <ref:Paragraph>1</ref:Paragraph>
      <ref:Subparagraph>2</ref:Subparagraph>
      <ref:Clause>1</ref:Clause>
    </link:reference>
    <link:referenceArc xlink:type="arc" xlink:arcrole="http://www.xbrl.org/2003/arcrole/concept-reference" xlink:from="AddressOfStoreStreetAndNumber" xlink:to="reference_AddressOfStoreStreetAndNumber" order="10.0"/>
    <link:loc xlink:type="locator" xlink:href="eogs.xsd#eogs_AddressOfStorePostcodeAndTown" xlink:label="AddressOfStorePostcodeAndTown"/>
    <link:reference xlink:type="resource" xlink:label="reference_AddressOfStorePostcodeAndTown" xlink:role="http://www.xbrl.org/2003/role/reference" id="reference_AddressOfStorePostcodeAndTown">
      <ref:Publisher>Erhvervs- og Selskabsstyrelsen</ref:Publisher>
      <ref:Name>Bekendtgørelse om dokumentation af omsætningensstørrelse m.v.</ref:Name>
      <ref:Paragraph>1</ref:Paragraph>
      <ref:Subparagraph>2</ref:Subparagraph>
      <ref:Clause>1</ref:Clause>
    </link:reference>
    <link:referenceArc xlink:type="arc" xlink:arcrole="http://www.xbrl.org/2003/arcrole/concept-reference" xlink:from="AddressOfStorePostcodeAndTown" xlink:to="reference_AddressOfStorePostcodeAndTown" order="10.0"/>
    <link:loc xlink:type="locator" xlink:href="eogs.xsd#eogs_IdentificationNumberPnrOfStore" xlink:label="IdentificationNumberPnrOfStore"/>
    <link:reference xlink:type="resource" xlink:label="reference_IdentificationNumberPnrOfStore" xlink:role="http://www.xbrl.org/2003/role/reference" id="reference_IdentificationNumberPnrOfStore">
      <ref:Publisher>Erhvervs- og Selskabsstyrelsen</ref:Publisher>
      <ref:Name>Bekendtgørelse om dokumentation af omsætningensstørrelse m.v.</ref:Name>
      <ref:Paragraph>1</ref:Paragraph>
      <ref:Subparagraph>2</ref:Subparagraph>
      <ref:Clause>1</ref:Clause>
    </link:reference>
    <link:referenceArc xlink:type="arc" xlink:arcrole="http://www.xbrl.org/2003/arcrole/concept-reference" xlink:from="IdentificationNumberPnrOfStore" xlink:to="reference_IdentificationNumberPnrOfStore" order="10.0"/>
    <link:loc xlink:type="locator" xlink:href="eogs.xsd#eogs_AuditPerformedStatementOnRevenueLimitSpecifiedInTheActOnRetailSalesFromStoresEtc" xlink:label="AuditPerformedStatementOnRevenueLimitSpecifiedInTheActOnRetailSalesFromStoresEtc"/>
    <link:reference xlink:type="resource" xlink:label="reference_AuditPerformedStatementOnRevenueLimitSpecifiedInTheActOnRetailSalesFromStoresEtc" xlink:role="http://www.xbrl.org/2003/role/reference" id="reference_AuditPerformedStatementOnRevenueLimitSpecifiedInTheActOnRetailSalesFromStoresEtc">
      <ref:Publisher>Erhvervs- og Selskabsstyrelsen</ref:Publisher>
      <ref:Name>Bekendtgørelse om dokumentation af omsætningensstørrelse m.v.</ref:Name>
    </link:reference>
    <link:referenceArc xlink:type="arc" xlink:arcrole="http://www.xbrl.org/2003/arcrole/concept-reference" xlink:from="AuditPerformedStatementOnRevenueLimitSpecifiedInTheActOnRetailSalesFromStoresEtc" xlink:to="reference_AuditPerformedStatementOnRevenueLimitSpecifiedInTheActOnRetailSalesFromStoresEtc" order="10.0"/>
    <link:loc xlink:type="locator" xlink:href="eogs.xsd#eogs_OpinionStatementOnRevenueLimitSpecifiedInActOnRetailSalesFromStoresEtc" xlink:label="OpinionStatementOnRevenueLimitSpecifiedInActOnRetailSalesFromStoresEtc"/>
    <link:reference xlink:type="resource" xlink:label="reference_OpinionStatementOnRevenueLimitSpecifiedInActOnRetailSalesFromStoresEtc" xlink:role="http://www.xbrl.org/2003/role/reference" id="reference_OpinionStatementOnRevenueLimitSpecifiedInActOnRetailSalesFromStoresEtc">
      <ref:Publisher>Erhvervs- og Selskabsstyrelsen</ref:Publisher>
      <ref:Name>Bekendtgørelse om dokumentation af omsætningensstørrelse m.v.</ref:Name>
    </link:reference>
    <link:referenceArc xlink:type="arc" xlink:arcrole="http://www.xbrl.org/2003/arcrole/concept-reference" xlink:from="OpinionStatementOnRevenueLimitSpecifiedInActOnRetailSalesFromStoresEtc" xlink:to="reference_OpinionStatementOnRevenueLimitSpecifiedInActOnRetailSalesFromStoresEtc" order="10.0"/>
    <link:loc xlink:type="locator" xlink:href="eogs.xsd#eogs_RevenueLimitStatementOnRevenueLimitSpecifiedInTheActOnRetailSalesFromStoresEtc" xlink:label="RevenueLimitStatementOnRevenueLimitSpecifiedInTheActOnRetailSalesFromStoresEtc"/>
    <link:reference xlink:type="resource" xlink:label="reference_RevenueLimitStatementOnRevenueLimitSpecifiedInTheActOnRetailSalesFromStoresEtc" xlink:role="http://www.xbrl.org/2003/role/reference" id="reference_RevenueLimitStatementOnRevenueLimitSpecifiedInTheActOnRetailSalesFromStoresEtc">
      <ref:Publisher>Erhvervs- og Selskabsstyrelsen</ref:Publisher>
      <ref:Name>Bekendtgørelse om dokumentation af omsætningensstørrelse m.v.</ref:Name>
    </link:reference>
    <link:referenceArc xlink:type="arc" xlink:arcrole="http://www.xbrl.org/2003/arcrole/concept-reference" xlink:from="RevenueLimitStatementOnRevenueLimitSpecifiedInTheActOnRetailSalesFromStoresEtc" xlink:to="reference_RevenueLimitStatementOnRevenueLimitSpecifiedInTheActOnRetailSalesFromStoresEtc" order="10.0"/>
    <link:loc xlink:type="locator" xlink:href="eogs.xsd#eogs_AuditorsReportStatementOnRevenueLimitSpecifiedInActOnRetailSalesFromStoresEtc" xlink:label="AuditorsReportStatementOnRevenueLimitSpecifiedInActOnRetailSalesFromStoresEtc"/>
    <link:reference xlink:type="resource" xlink:label="reference_AuditorsReportStatementOnRevenueLimitSpecifiedInActOnRetailSalesFromStoresEtc" xlink:role="http://www.xbrl.org/2003/role/reference" id="reference_AuditorsReportStatementOnRevenueLimitSpecifiedInActOnRetailSalesFromStoresEtc">
      <ref:Publisher>Erhvervs- og Selskabsstyrelsen</ref:Publisher>
      <ref:Name>Bekendtgørelse om dokumentation af omsætningensstørrelse m.v.</ref:Name>
    </link:reference>
    <link:referenceArc xlink:type="arc" xlink:arcrole="http://www.xbrl.org/2003/arcrole/concept-reference" xlink:from="AuditorsReportStatementOnRevenueLimitSpecifiedInActOnRetailSalesFromStoresEtc" xlink:to="reference_AuditorsReportStatementOnRevenueLimitSpecifiedInActOnRetailSalesFromStoresEtc" order="10.0"/>
    <link:loc xlink:type="locator" xlink:href="eogs.xsd#eogs_PlaceOfCompilationOfStatementOnRevenueLimitSpecifiedInTheActOnRetailSalesFromStoresEtc" xlink:label="PlaceOfCompilationOfStatementOnRevenueLimitSpecifiedInTheActOnRetailSalesFromStoresEtc"/>
    <link:reference xlink:type="resource" xlink:label="reference_PlaceOfCompilationOfStatementOnRevenueLimitSpecifiedInTheActOnRetailSalesFromStoresEtc" xlink:role="http://www.xbrl.org/2003/role/reference" id="reference_PlaceOfCompilationOfStatementOnRevenueLimitSpecifiedInTheActOnRetailSalesFromStoresEtc">
      <ref:Name>Bekendtgørelse om dokumentation af omsætningensstørrelse m.v.</ref:Name>
      <ref:Publisher>Erhvervs- og Selskabsstyrelsen</ref:Publisher>
      <ref:Paragraph>1</ref:Paragraph>
      <ref:Subparagraph>2</ref:Subparagraph>
      <ref:Clause>4</ref:Clause>
    </link:reference>
    <link:referenceArc xlink:type="arc" xlink:arcrole="http://www.xbrl.org/2003/arcrole/concept-reference" xlink:from="PlaceOfCompilationOfStatementOnRevenueLimitSpecifiedInTheActOnRetailSalesFromStoresEtc" xlink:to="reference_PlaceOfCompilationOfStatementOnRevenueLimitSpecifiedInTheActOnRetailSalesFromStoresEtc" order="10.0"/>
    <link:loc xlink:type="locator" xlink:href="eogs.xsd#eogs_DateOfStatementOnRevenueLimitSpecifiedInTheActOnRetailSalesFromStoresEtc" xlink:label="DateOfStatementOnRevenueLimitSpecifiedInTheActOnRetailSalesFromStoresEtc"/>
    <link:reference xlink:type="resource" xlink:label="reference_DateOfStatementOnRevenueLimitSpecifiedInTheActOnRetailSalesFromStoresEtc" xlink:role="http://www.xbrl.org/2003/role/reference" id="reference_DateOfStatementOnRevenueLimitSpecifiedInTheActOnRetailSalesFromStoresEtc">
      <ref:Name>Bekendtgørelse om dokumentation af omsætningensstørrelse m.v.</ref:Name>
      <ref:Publisher>Erhvervs- og Selskabsstyrelsen</ref:Publisher>
      <ref:Paragraph>1</ref:Paragraph>
      <ref:Subparagraph>2</ref:Subparagraph>
      <ref:Clause>4</ref:Clause>
    </link:reference>
    <link:referenceArc xlink:type="arc" xlink:arcrole="http://www.xbrl.org/2003/arcrole/concept-reference" xlink:from="DateOfStatementOnRevenueLimitSpecifiedInTheActOnRetailSalesFromStoresEtc" xlink:to="reference_DateOfStatementOnRevenueLimitSpecifiedInTheActOnRetailSalesFromStoresEtc" order="10.0"/>
    <link:loc xlink:type="locator" xlink:href="eogs.xsd#eogs_NewStoreStatementOnRevenueLimitSpecifiedInActOnRetailSalesFromStoresEtc" xlink:label="NewStoreStatementOnRevenueLimitSpecifiedInActOnRetailSalesFromStoresEtc"/>
    <link:reference xlink:type="resource" xlink:label="reference_NewStoreStatementOnRevenueLimitSpecifiedInActOnRetailSalesFromStoresEtc" xlink:role="http://www.xbrl.org/2003/role/reference" id="reference_NewStoreStatementOnRevenueLimitSpecifiedInActOnRetailSalesFromStoresEtc">
      <ref:Publisher>Erhvervs- og Selskabsstyrelsen</ref:Publisher>
      <ref:Name>Bekendtgørelse om dokumentation af omsætningensstørrelse m.v.</ref:Name>
    </link:reference>
    <link:referenceArc xlink:type="arc" xlink:arcrole="http://www.xbrl.org/2003/arcrole/concept-reference" xlink:from="NewStoreStatementOnRevenueLimitSpecifiedInActOnRetailSalesFromStoresEtc" xlink:to="reference_NewStoreStatementOnRevenueLimitSpecifiedInActOnRetailSalesFromStoresEtc" order="10.0"/>
  </link:referenceLink>
</link:linkbase>
