<?xml version="1.0" encoding="UTF-8"?>
<!-- Generated by Fujitsu Interstage XWand B0166 -->
<?officialURI http://archprod.service.eogs.dk/taxonomy/20151001/eogs/eogs_gla-da.xml?>

<?taxonomy-version 1.6.0?>

<link:linkbase xmlns:xsi="http://www.w3.org/2001/XMLSchema-instance" xsi:schemaLocation="http://www.xbrl.org/2003/linkbase http://www.xbrl.org/2003/xbrl-linkbase-2003-12-31.xsd http://xbrl.org/2008/label http://www.xbrl.org/2008/generic-label.xsd http://xbrl.org/2008/generic http://www.xbrl.org/2008/generic-link.xsd" xmlns:gen="http://xbrl.org/2008/generic" xmlns:link="http://www.xbrl.org/2003/linkbase" xmlns:label="http://xbrl.org/2008/label" xmlns:xlink="http://www.w3.org/1999/xlink">
  <link:roleRef roleURI="http://www.xbrl.org/2008/role/link" xlink:type="simple" xlink:href="http://www.xbrl.org/2008/generic-link.xsd#standard-link-role"/>
  <link:roleRef roleURI="http://www.xbrl.org/2008/role/label" xlink:type="simple" xlink:href="http://www.xbrl.org/2008/generic-label.xsd#standard-label"/>
  <link:arcroleRef arcroleURI="http://xbrl.org/arcrole/2008/element-label" xlink:type="simple" xlink:href="http://www.xbrl.org/2008/generic-label.xsd#element-label"/>
  <gen:link xlink:type="extended" xlink:role="http://www.xbrl.org/2008/role/link">
    <link:loc xlink:type="locator" xlink:href="eogs.xsd#eogs_RoleStatementRegardingExemptionNotToPresentAnnualReport" xlink:label="document"/>
    <label:label xlink:type="resource" xlink:label="label_2" xlink:role="http://www.xbrl.org/2008/role/label" xml:lang="da">[1000.00] Undtagelseserklaering for indsendelse af Aarsrapport</label:label>
    <gen:arc xlink:type="arc" xlink:arcrole="http://xbrl.org/arcrole/2008/element-label" xlink:from="document" xlink:to="label_2" order="10.0"/>
    <link:loc xlink:type="locator" xlink:href="eogs.xsd#eogs_RoleStatementRegardingExemptionNotToPresentAnnualReportDetails" xlink:label="document_2"/>
    <label:label xlink:type="resource" xlink:label="label_4" xlink:role="http://www.xbrl.org/2008/role/label" xml:lang="da">[1000.00] Undtagelseserklaering for indsendelse af Aarsrapport - Detaljer</label:label>
    <gen:arc xlink:type="arc" xlink:arcrole="http://xbrl.org/arcrole/2008/element-label" xlink:from="document_2" xlink:to="label_4" order="10.0"/>
    <link:loc xlink:type="locator" xlink:href="eogs.xsd#eogs_RoleHypercubeStatementRegardingExemptionNotToPresentAnnualReportDetailsOnMemberOfExecutiveBoardExemptionNotToPresent" xlink:label="document_3"/>
    <label:label xlink:type="resource" xlink:label="label_6" xlink:role="http://www.xbrl.org/2008/role/label" xml:lang="da">[1000.01] Hypercube [Undtagelseserklaering for indsendelse af Aarsrapport] - Detaljer om medlem af direktionens underskrift</label:label>
    <gen:arc xlink:type="arc" xlink:arcrole="http://xbrl.org/arcrole/2008/element-label" xlink:from="document_3" xlink:to="label_6" order="10.0"/>
    <link:loc xlink:type="locator" xlink:href="eogs.xsd#eogs_RoleHypercubeStatementRegardingExemptionNotToPresentAnnualReportDetailsOnMemberOfSupervisoryBoardExemptionNotToPresent" xlink:label="document_4"/>
    <label:label xlink:type="resource" xlink:label="label_8" xlink:role="http://www.xbrl.org/2008/role/label" xml:lang="da">[1000.02] Hypercube [Undtagelseserklaering for indsendelse af Aarsrapport] - Detaljer om medlem af bestyrelsens underskrift</label:label>
    <gen:arc xlink:type="arc" xlink:arcrole="http://xbrl.org/arcrole/2008/element-label" xlink:from="document_4" xlink:to="label_8" order="10.0"/>
    <link:loc xlink:type="locator" xlink:href="eogs.xsd#eogs_RoleStatementOnRevenueLimitSpecifiedInActOnRetailSalesFromStoresEtc" xlink:label="roleType_5"/>
    <label:label xlink:type="resource" xlink:label="label_10" xlink:role="http://www.xbrl.org/2008/role/label" xml:lang="da">[1100.00] Erklaering vedroerende omsaetningsgraense som naevnt i lov om detailsalg fra butikker mv</label:label>
    <gen:arc xlink:type="arc" xlink:arcrole="http://xbrl.org/arcrole/2008/element-label" xlink:from="roleType_5" xlink:to="label_10" order="10.0"/>
    <link:loc xlink:type="locator" xlink:href="eogs.xsd#eogs_RoleStatementOnRevenueLimitSpecifiedInActOnRetailSalesFromStoresEtcDetails" xlink:label="roleType_6"/>
    <label:label xlink:type="resource" xlink:label="label_12" xlink:role="http://www.xbrl.org/2008/role/label" xml:lang="da">[1100.00] Erklaering vedroerende omsaetningsgraense som naevnt i lov om detailsalg fra butikker mv - Detaljer</label:label>
    <gen:arc xlink:type="arc" xlink:arcrole="http://xbrl.org/arcrole/2008/element-label" xlink:from="roleType_6" xlink:to="label_12" order="10.0"/>
    <link:loc xlink:type="locator" xlink:href="eogs.xsd#eogs_RoleStatementOnRevenueLimitSpecifiedInActOnRetailSalesFromStoresEtcDetailsOnSignatureOfAuditorsAppointedToFileStatement" xlink:label="roleType_7"/>
    <label:label xlink:type="resource" xlink:label="label_14" xlink:role="http://www.xbrl.org/2008/role/label" xml:lang="da">[1100.01] Hypercube [Erklaering vedroerende omsaetningsgraense som naevnt i lov om detailsalg fra butikker mv] - Detaljer om revisors underskrift</label:label>
    <gen:arc xlink:type="arc" xlink:arcrole="http://xbrl.org/arcrole/2008/element-label" xlink:from="roleType_7" xlink:to="label_14" order="10.0"/>
  </gen:link>
</link:linkbase>
