<?xml version="1.0" encoding="UTF-8"?><!--Taxonomy: 2014-03-05 (Final release)
        ********************** 
        Copyright © 2014 International Financial Reporting Standards (IFRS) Foundation
        All rights reserved.  No part of this publication may be translated, reprinted or reproduced 
        or utilised in any form either in whole or in part without prior permission in writing from the IFRS Foundation.
        For more information on the IFRS Foundation's copyright, please refer to http://www.ifrs.org/XBRL/Legal/
        **********************
--><link:linkbase xmlns:link="http://www.xbrl.org/2003/linkbase" xmlns:xlink="http://www.w3.org/1999/xlink" xmlns:xsi="http://www.w3.org/2001/XMLSchema-instance" xsi:schemaLocation="http://www.xbrl.org/2003/linkbase http://www.xbrl.org/2003/xbrl-linkbase-2003-12-31.xsd">
  <link:roleRef roleURI="http://xbrl.ifrs.org/role/ifrs/ias_17_2014-03-05_role-832600" xlink:href="rol_ias_17_2014-03-05.xsd#ias_17_2014-03-05_role-832600" xlink:type="simple"/>
  <link:calculationLink xlink:role="http://xbrl.ifrs.org/role/ifrs/ias_17_2014-03-05_role-832600" xlink:type="extended">
    <link:loc xlink:href="../../full_ifrs-cor_2014-03-05.xsd#ifrs-full_ContingentRentsRecognisedAsIncomeClassifiedAsFinanceLease" xlink:label="loc_1" xlink:type="locator"/>
    <link:loc xlink:href="../../full_ifrs-cor_2014-03-05.xsd#ifrs-full_ContingentRentsRecognisedAsIncome" xlink:label="loc_2" xlink:type="locator"/>
    <link:calculationArc order="10.0" weight="1" xlink:arcrole="http://www.xbrl.org/2003/arcrole/summation-item" xlink:from="loc_2" xlink:to="loc_1" xlink:type="arc"/>
    <link:loc xlink:href="../../full_ifrs-cor_2014-03-05.xsd#ifrs-full_ContingentRentsRecognisedAsExpense" xlink:label="loc_3" xlink:type="locator"/>
    <link:loc xlink:href="../../full_ifrs-cor_2014-03-05.xsd#ifrs-full_LeaseAndSubleasePaymentsRecognisedAsExpense" xlink:label="loc_4" xlink:type="locator"/>
    <link:calculationArc order="10.0" weight="1" xlink:arcrole="http://www.xbrl.org/2003/arcrole/summation-item" xlink:from="loc_4" xlink:to="loc_3" xlink:type="arc"/>
    <link:loc xlink:href="../../full_ifrs-cor_2014-03-05.xsd#ifrs-full_ContingentRentsRecognisedAsExpenseClassifiedAsFinanceLease" xlink:label="loc_5" xlink:type="locator"/>
    <link:calculationArc order="10.0" weight="1" xlink:arcrole="http://www.xbrl.org/2003/arcrole/summation-item" xlink:from="loc_3" xlink:to="loc_5" xlink:type="arc"/>
    <link:loc xlink:href="../../full_ifrs-cor_2014-03-05.xsd#ifrs-full_ContingentRentsRecognisedAsIncomeClassifiedAsOperatingLease" xlink:label="loc_6" xlink:type="locator"/>
    <link:calculationArc order="20.0" weight="1" xlink:arcrole="http://www.xbrl.org/2003/arcrole/summation-item" xlink:from="loc_2" xlink:to="loc_6" xlink:type="arc"/>
    <link:loc xlink:href="../../full_ifrs-cor_2014-03-05.xsd#ifrs-full_ContingentRentsRecognisedAsExpenseClassifiedAsOperatingLease" xlink:label="loc_7" xlink:type="locator"/>
    <link:calculationArc order="20.0" weight="1" xlink:arcrole="http://www.xbrl.org/2003/arcrole/summation-item" xlink:from="loc_3" xlink:to="loc_7" xlink:type="arc"/>
    <link:loc xlink:href="../../full_ifrs-cor_2014-03-05.xsd#ifrs-full_SubleasePaymentsRecognisedAsExpense" xlink:label="loc_8" xlink:type="locator"/>
    <link:calculationArc order="20.0" weight="1" xlink:arcrole="http://www.xbrl.org/2003/arcrole/summation-item" xlink:from="loc_4" xlink:to="loc_8" xlink:type="arc"/>
    <link:loc xlink:href="../../full_ifrs-cor_2014-03-05.xsd#ifrs-full_MinimumOperatingLeasePayments" xlink:label="loc_9" xlink:type="locator"/>
    <link:calculationArc order="30.0" weight="1" xlink:arcrole="http://www.xbrl.org/2003/arcrole/summation-item" xlink:from="loc_4" xlink:to="loc_9" xlink:type="arc"/>
  </link:calculationLink>
</link:linkbase>
