<?xml version="1.0" encoding="UTF-8"?><!--Taxonomy: 2014-03-05 (Final release)
        ********************** 
        Copyright © 2014 International Financial Reporting Standards (IFRS) Foundation
        All rights reserved.  No part of this publication may be translated, reprinted or reproduced 
        or utilised in any form either in whole or in part without prior permission in writing from the IFRS Foundation.
        For more information on the IFRS Foundation's copyright, please refer to http://www.ifrs.org/XBRL/Legal/
        **********************
--><link:linkbase xmlns:link="http://www.xbrl.org/2003/linkbase" xmlns:xlink="http://www.w3.org/1999/xlink" xmlns:xsi="http://www.w3.org/2001/XMLSchema-instance" xsi:schemaLocation="http://www.xbrl.org/2003/linkbase http://www.xbrl.org/2003/xbrl-linkbase-2003-12-31.xsd">
  <link:roleRef roleURI="http://xbrl.ifrs.org/role/ifrs/ifrs_7_2014-03-05_role-822390" xlink:href="rol_ifrs_7_2014-03-05.xsd#ifrs_7_2014-03-05_role-822390" xlink:type="simple"/>
  <link:calculationLink xlink:role="http://xbrl.ifrs.org/role/ifrs/ifrs_7_2014-03-05_role-822390" xlink:type="extended">
    <link:loc xlink:href="../../full_ifrs-cor_2014-03-05.xsd#ifrs-full_GainsArisingFromDerecognitionOfFinancialAssetsMeasuredAtAmortisedCost" xlink:label="loc_1" xlink:type="locator"/>
    <link:loc xlink:href="../../full_ifrs-cor_2014-03-05.xsd#ifrs-full_GainLossArisingFromDerecognitionOfFinancialAssetsMeasuredAtAmortisedCost" xlink:label="loc_2" xlink:type="locator"/>
    <link:calculationArc order="10.0" weight="1" xlink:arcrole="http://www.xbrl.org/2003/arcrole/summation-item" xlink:from="loc_2" xlink:to="loc_1" xlink:type="arc"/>
    <link:loc xlink:href="../../full_ifrs-cor_2014-03-05.xsd#ifrs-full_GainsLossesOnFinancialAssetsAtFairValueThroughProfitOrLossDesignatedAsUponInitialRecognition" xlink:label="loc_3" xlink:type="locator"/>
    <link:loc xlink:href="../../full_ifrs-cor_2014-03-05.xsd#ifrs-full_GainsLossesOnFinancialAssetsAtFairValueThroughProfitOrLoss" xlink:label="loc_4" xlink:type="locator"/>
    <link:calculationArc order="10.0" weight="1" xlink:arcrole="http://www.xbrl.org/2003/arcrole/summation-item" xlink:from="loc_4" xlink:to="loc_3" xlink:type="arc"/>
    <link:loc xlink:href="../../full_ifrs-cor_2014-03-05.xsd#ifrs-full_GainsLossesOnFinancialLiabilitiesAtFairValueThroughProfitOrLossDesignatedAsUponInitialRecognition" xlink:label="loc_5" xlink:type="locator"/>
    <link:loc xlink:href="../../full_ifrs-cor_2014-03-05.xsd#ifrs-full_GainsLossesOnFinancialLiabilitiesAtFairValueThroughProfitOrLoss" xlink:label="loc_6" xlink:type="locator"/>
    <link:calculationArc order="10.0" weight="1" xlink:arcrole="http://www.xbrl.org/2003/arcrole/summation-item" xlink:from="loc_6" xlink:to="loc_5" xlink:type="arc"/>
    <link:loc xlink:href="../../full_ifrs-cor_2014-03-05.xsd#ifrs-full_FairValueOfTransferredFinancialAssetsThatAreNotDerecognisedInTheirEntirety" xlink:label="loc_7" xlink:type="locator"/>
    <link:loc xlink:href="../../full_ifrs-cor_2014-03-05.xsd#ifrs-full_FairValueOfTransferredFinancialAssetsAssociatedFinancialLiabilitiesThatAreNotDerecognisedInTheirEntirety" xlink:label="loc_8" xlink:type="locator"/>
    <link:calculationArc order="10.0" weight="1" xlink:arcrole="http://www.xbrl.org/2003/arcrole/summation-item" xlink:from="loc_8" xlink:to="loc_7" xlink:type="arc"/>
    <link:loc xlink:href="../../full_ifrs-cor_2014-03-05.xsd#ifrs-full_IncreaseDecreaseThroughNewTransactionsAggregateDifferenceBetweenFairValueAtInitialRecognitionAndAmountDeterminedUsingValuationTechniqueYetToBeRecognised" xlink:label="loc_9" xlink:type="locator"/>
    <link:loc xlink:href="../../full_ifrs-cor_2014-03-05.xsd#ifrs-full_IncreaseDecreaseInAggregateDifferenceBetweenFairValueAtInitialRecognitionAndAmountDeterminedUsingValuationTechniqueYetToBeRecognised" xlink:label="loc_10" xlink:type="locator"/>
    <link:calculationArc order="10.0" weight="1" xlink:arcrole="http://www.xbrl.org/2003/arcrole/summation-item" xlink:from="loc_10" xlink:to="loc_9" xlink:type="arc"/>
    <link:loc xlink:href="../../full_ifrs-cor_2014-03-05.xsd#ifrs-full_AdditionalAllowanceRecognisedInProfitOrLossAllowanceAccountForCreditLossesOfFinancialAssets" xlink:label="loc_11" xlink:type="locator"/>
    <link:loc xlink:href="../../full_ifrs-cor_2014-03-05.xsd#ifrs-full_IncreaseDecreaseInAllowanceAccountForCreditLossesOfFinancialAssets" xlink:label="loc_12" xlink:type="locator"/>
    <link:calculationArc order="10.0" weight="1" xlink:arcrole="http://www.xbrl.org/2003/arcrole/summation-item" xlink:from="loc_12" xlink:to="loc_11" xlink:type="arc"/>
    <link:loc xlink:href="../../full_ifrs-cor_2014-03-05.xsd#ifrs-full_NetFinancialAssetsSubjectToOffsettingEnforceableMasterNettingArrangementsOrSimilarAgreementsInStatementOfFinancialPosition" xlink:label="loc_13" xlink:type="locator"/>
    <link:loc xlink:href="../../full_ifrs-cor_2014-03-05.xsd#ifrs-full_NetFinancialAssetsSubjectToOffsettingEnforceableMasterNettingArrangementsOrSimilarAgreements" xlink:label="loc_14" xlink:type="locator"/>
    <link:calculationArc order="10.0" weight="1" xlink:arcrole="http://www.xbrl.org/2003/arcrole/summation-item" xlink:from="loc_14" xlink:to="loc_13" xlink:type="arc"/>
    <link:loc xlink:href="../../full_ifrs-cor_2014-03-05.xsd#ifrs-full_GrossFinancialAssetsSubjectToOffsettingEnforceableMasterNettingArrangementsOrSimilarAgreements" xlink:label="loc_15" xlink:type="locator"/>
    <link:calculationArc order="10.0" weight="1" xlink:arcrole="http://www.xbrl.org/2003/arcrole/summation-item" xlink:from="loc_13" xlink:to="loc_15" xlink:type="arc"/>
    <link:loc xlink:href="../../full_ifrs-cor_2014-03-05.xsd#ifrs-full_FinancialInstrumentsSubjectToEnforceableMasterNettingArrangementOrSimilarAgreementNotSetOffAgainstFinancialAssets" xlink:label="loc_16" xlink:type="locator"/>
    <link:loc xlink:href="../../full_ifrs-cor_2014-03-05.xsd#ifrs-full_AmountsSubjectToEnforceableMasterNettingArrangementOrSimilarAgreementNotSetOffAgainstFinancialAssets" xlink:label="loc_17" xlink:type="locator"/>
    <link:calculationArc order="10.0" weight="1" xlink:arcrole="http://www.xbrl.org/2003/arcrole/summation-item" xlink:from="loc_17" xlink:to="loc_16" xlink:type="arc"/>
    <link:loc xlink:href="../../full_ifrs-cor_2014-03-05.xsd#ifrs-full_NetFinancialLiabilitiesSubjectToOffsettingEnforceableMasterNettingArrangementsOrSimilarAgreementsInStatementOfFinancialPosition" xlink:label="loc_18" xlink:type="locator"/>
    <link:loc xlink:href="../../full_ifrs-cor_2014-03-05.xsd#ifrs-full_NetFinancialLiabilitiesSubjectToOffsettingEnforceableMasterNettingArrangementsOrSimilarAgreements" xlink:label="loc_19" xlink:type="locator"/>
    <link:calculationArc order="10.0" weight="1" xlink:arcrole="http://www.xbrl.org/2003/arcrole/summation-item" xlink:from="loc_19" xlink:to="loc_18" xlink:type="arc"/>
    <link:loc xlink:href="../../full_ifrs-cor_2014-03-05.xsd#ifrs-full_GrossFinancialLiabilitiesSubjectToOffsettingEnforceableMasterNettingArrangementsOrSimilarAgreements" xlink:label="loc_20" xlink:type="locator"/>
    <link:calculationArc order="10.0" weight="1" xlink:arcrole="http://www.xbrl.org/2003/arcrole/summation-item" xlink:from="loc_18" xlink:to="loc_20" xlink:type="arc"/>
    <link:loc xlink:href="../../full_ifrs-cor_2014-03-05.xsd#ifrs-full_FinancialInstrumentsSubjectToEnforceableMasterNettingArrangementOrSimilarAgreementNotSetOffAgainstFinancialLiabilities" xlink:label="loc_21" xlink:type="locator"/>
    <link:loc xlink:href="../../full_ifrs-cor_2014-03-05.xsd#ifrs-full_AmountsSubjectToEnforceableMasterNettingArrangementOrSimilarAgreementNotSetOffAgainstFinancialLiabilities" xlink:label="loc_22" xlink:type="locator"/>
    <link:calculationArc order="10.0" weight="1" xlink:arcrole="http://www.xbrl.org/2003/arcrole/summation-item" xlink:from="loc_22" xlink:to="loc_21" xlink:type="arc"/>
    <link:loc xlink:href="../../full_ifrs-cor_2014-03-05.xsd#ifrs-full_GainLossOnHedgeIneffectivenessRecognisedInProfitOrLoss" xlink:label="loc_23" xlink:type="locator"/>
    <link:loc xlink:href="../../full_ifrs-cor_2014-03-05.xsd#ifrs-full_GainLossOnHedgeIneffectiveness" xlink:label="loc_24" xlink:type="locator"/>
    <link:calculationArc order="10.0" weight="1" xlink:arcrole="http://www.xbrl.org/2003/arcrole/summation-item" xlink:from="loc_24" xlink:to="loc_23" xlink:type="arc"/>
    <link:loc xlink:href="../../full_ifrs-cor_2014-03-05.xsd#ifrs-full_LossesArisingFromDerecognitionOfFinancialAssetsMeasuredAtAmortisedCost" xlink:label="loc_25" xlink:type="locator"/>
    <link:calculationArc order="20.0" weight="-1" xlink:arcrole="http://www.xbrl.org/2003/arcrole/summation-item" xlink:from="loc_2" xlink:to="loc_25" xlink:type="arc"/>
    <link:loc xlink:href="../../full_ifrs-cor_2014-03-05.xsd#ifrs-full_GainsLossesOnFinancialAssetsAtFairValueThroughProfitOrLossClassifiedAsHeldForTrading" xlink:label="loc_26" xlink:type="locator"/>
    <link:calculationArc order="20.0" weight="1" xlink:arcrole="http://www.xbrl.org/2003/arcrole/summation-item" xlink:from="loc_4" xlink:to="loc_26" xlink:type="arc"/>
    <link:loc xlink:href="../../full_ifrs-cor_2014-03-05.xsd#ifrs-full_GainsLossesOnFinancialLiabilitiesAtFairValueThroughProfitOrLossClassifiedAsHeldForTrading" xlink:label="loc_27" xlink:type="locator"/>
    <link:calculationArc order="20.0" weight="1" xlink:arcrole="http://www.xbrl.org/2003/arcrole/summation-item" xlink:from="loc_6" xlink:to="loc_27" xlink:type="arc"/>
    <link:loc xlink:href="../../full_ifrs-cor_2014-03-05.xsd#ifrs-full_FairValueOfAssociatedFinancialLiabilities" xlink:label="loc_28" xlink:type="locator"/>
    <link:calculationArc order="20.0" weight="-1" xlink:arcrole="http://www.xbrl.org/2003/arcrole/summation-item" xlink:from="loc_8" xlink:to="loc_28" xlink:type="arc"/>
    <link:loc xlink:href="../../full_ifrs-cor_2014-03-05.xsd#ifrs-full_IncreaseDecreaseThroughAmountsRecognisedInProfitOrLossAggregateDifferenceBetweenFairValueAtInitialRecognitionAndAmountDeterminedUsingValuationTechniqueYetToBeRecognised" xlink:label="loc_29" xlink:type="locator"/>
    <link:calculationArc order="20.0" weight="1" xlink:arcrole="http://www.xbrl.org/2003/arcrole/summation-item" xlink:from="loc_10" xlink:to="loc_29" xlink:type="arc"/>
    <link:loc xlink:href="../../full_ifrs-cor_2014-03-05.xsd#ifrs-full_UtilisationAllowanceAccountForCreditLossesOfFinancialAssets" xlink:label="loc_30" xlink:type="locator"/>
    <link:calculationArc order="20.0" weight="-1" xlink:arcrole="http://www.xbrl.org/2003/arcrole/summation-item" xlink:from="loc_12" xlink:to="loc_30" xlink:type="arc"/>
    <link:loc xlink:href="../../full_ifrs-cor_2014-03-05.xsd#ifrs-full_GrossFinancialLiabilitiesSetOffAgainstFinancialAssetsSubjectToOffsettingEnforceableMasterNettingArrangementsOrSimilarAgreements" xlink:label="loc_31" xlink:type="locator"/>
    <link:calculationArc order="20.0" weight="-1" xlink:arcrole="http://www.xbrl.org/2003/arcrole/summation-item" xlink:from="loc_13" xlink:to="loc_31" xlink:type="arc"/>
    <link:calculationArc order="20.0" weight="-1" xlink:arcrole="http://www.xbrl.org/2003/arcrole/summation-item" xlink:from="loc_14" xlink:to="loc_17" xlink:type="arc"/>
    <link:loc xlink:href="../../full_ifrs-cor_2014-03-05.xsd#ifrs-full_CashCollateralReceivedSubjectToEnforceableMasterNettingArrangementOrSimilarAgreementNotSetOffAgainstFinancialAssets" xlink:label="loc_32" xlink:type="locator"/>
    <link:calculationArc order="20.0" weight="1" xlink:arcrole="http://www.xbrl.org/2003/arcrole/summation-item" xlink:from="loc_17" xlink:to="loc_32" xlink:type="arc"/>
    <link:loc xlink:href="../../full_ifrs-cor_2014-03-05.xsd#ifrs-full_GrossFinancialAssetsSetOffAgainstFinancialLiabilitiesSubjectToOffsettingEnforceableMasterNettingArrangementsOrSimilarAgreements" xlink:label="loc_33" xlink:type="locator"/>
    <link:calculationArc order="20.0" weight="-1" xlink:arcrole="http://www.xbrl.org/2003/arcrole/summation-item" xlink:from="loc_18" xlink:to="loc_33" xlink:type="arc"/>
    <link:calculationArc order="20.0" weight="-1" xlink:arcrole="http://www.xbrl.org/2003/arcrole/summation-item" xlink:from="loc_19" xlink:to="loc_22" xlink:type="arc"/>
    <link:loc xlink:href="../../full_ifrs-cor_2014-03-05.xsd#ifrs-full_CashCollateralPledgedSubjectToEnforceableMasterNettingArrangementOrSimilarAgreementNotSetOffAgainstFinancialLiabilities" xlink:label="loc_34" xlink:type="locator"/>
    <link:calculationArc order="20.0" weight="1" xlink:arcrole="http://www.xbrl.org/2003/arcrole/summation-item" xlink:from="loc_22" xlink:to="loc_34" xlink:type="arc"/>
    <link:loc xlink:href="../../full_ifrs-cor_2014-03-05.xsd#ifrs-full_GainLossOnHedgeIneffectivenessRecognisedInOtherComprehensiveIncome" xlink:label="loc_35" xlink:type="locator"/>
    <link:calculationArc order="20.0" weight="1" xlink:arcrole="http://www.xbrl.org/2003/arcrole/summation-item" xlink:from="loc_24" xlink:to="loc_35" xlink:type="arc"/>
    <link:loc xlink:href="../../full_ifrs-cor_2014-03-05.xsd#ifrs-full_GainsLossesOnFinancialAssetsAtFairValueThroughProfitOrLossMandatorilyMeasuredAtFairValue" xlink:label="loc_36" xlink:type="locator"/>
    <link:calculationArc order="30.0" weight="1" xlink:arcrole="http://www.xbrl.org/2003/arcrole/summation-item" xlink:from="loc_4" xlink:to="loc_36" xlink:type="arc"/>
    <link:loc xlink:href="../../full_ifrs-cor_2014-03-05.xsd#ifrs-full_OtherIncreasesAggregateDifferenceBetweenFairValueAtInitialRecognitionAndAmountDeterminedUsingValuationTechniqueYetToBeRecognised" xlink:label="loc_37" xlink:type="locator"/>
    <link:calculationArc order="30.0" weight="1" xlink:arcrole="http://www.xbrl.org/2003/arcrole/summation-item" xlink:from="loc_10" xlink:to="loc_37" xlink:type="arc"/>
    <link:loc xlink:href="../../full_ifrs-cor_2014-03-05.xsd#ifrs-full_ReversalAllowanceAccountForCreditLossesOfFinancialAssets" xlink:label="loc_38" xlink:type="locator"/>
    <link:calculationArc order="30.0" weight="-1" xlink:arcrole="http://www.xbrl.org/2003/arcrole/summation-item" xlink:from="loc_12" xlink:to="loc_38" xlink:type="arc"/>
    <link:loc xlink:href="../../full_ifrs-cor_2014-03-05.xsd#ifrs-full_OtherDecreasesAggregateDifferenceBetweenFairValueAtInitialRecognitionAndAmountDeterminedUsingValuationTechniqueYetToBeRecognised" xlink:label="loc_39" xlink:type="locator"/>
    <link:calculationArc order="40.0" weight="-1" xlink:arcrole="http://www.xbrl.org/2003/arcrole/summation-item" xlink:from="loc_10" xlink:to="loc_39" xlink:type="arc"/>
    <link:loc xlink:href="../../full_ifrs-cor_2014-03-05.xsd#ifrs-full_IncreaseDecreaseThroughNetExchangeDifferencesAllowanceAccountForCreditLossesOfFinancialAssets" xlink:label="loc_40" xlink:type="locator"/>
    <link:calculationArc order="40.0" weight="1" xlink:arcrole="http://www.xbrl.org/2003/arcrole/summation-item" xlink:from="loc_12" xlink:to="loc_40" xlink:type="arc"/>
    <link:loc xlink:href="../../full_ifrs-cor_2014-03-05.xsd#ifrs-full_IncreaseDecreaseThroughAdjustmentsArisingFromPassageOfTimeAllowanceAccountForCreditLossesOfFinancialAssets" xlink:label="loc_41" xlink:type="locator"/>
    <link:calculationArc order="50.0" weight="1" xlink:arcrole="http://www.xbrl.org/2003/arcrole/summation-item" xlink:from="loc_12" xlink:to="loc_41" xlink:type="arc"/>
    <link:loc xlink:href="../../full_ifrs-cor_2014-03-05.xsd#ifrs-full_IncreaseDecreaseThroughOtherChangesAllowanceAccountForCreditLossesOfFinancialAssets" xlink:label="loc_42" xlink:type="locator"/>
    <link:calculationArc order="60.0" weight="1" xlink:arcrole="http://www.xbrl.org/2003/arcrole/summation-item" xlink:from="loc_12" xlink:to="loc_42" xlink:type="arc"/>
  </link:calculationLink>
</link:linkbase>
