<?xml version="1.0" encoding="UTF-8"?>
<!-- Generated by Fujitsu Interstage XWand B0166 -->
<?officialURI http://archprod.service.eogs.dk/taxonomy/20131220/mrv/references/ref-mrv_2013-12-20.xml?>

<?taxonomy-version 0.0.10?>

<link:linkbase xmlns:xsi="http://www.w3.org/2001/XMLSchema-instance" xsi:schemaLocation="http://www.xbrl.org/2006/ref http://www.xbrl.org/2006/ref-2006-02-27.xsd http://www.xbrl.org/2003/linkbase http://www.xbrl.org/2003/xbrl-linkbase-2003-12-31.xsd" xmlns:link="http://www.xbrl.org/2003/linkbase" xmlns:ref="http://www.xbrl.org/2006/ref" xmlns:xbrli="http://www.xbrl.org/2003/instance" xmlns:xlink="http://www.w3.org/1999/xlink">
  <link:referenceLink xlink:type="extended" xlink:role="http://www.xbrl.org/2003/role/link">
    <link:loc xlink:type="locator" xlink:href="../../cmn.xsd#cmn_RetrospectiveInformationAxis" xlink:label="RetrospectiveInformationAxis"/>
    <link:reference xlink:type="resource" xlink:label="reference_RetrospectiveInformationAxis" xlink:role="http://www.xbrl.org/2003/role/reference" id="reference_RetrospectiveInformationAxis">
      <ref:Publisher>Økonomi- og Erhvervsministeriet</ref:Publisher>
      <ref:Name>Årsregnskabsloven</ref:Name>
      <ref:Paragraph>101</ref:Paragraph>
      <ref:Subparagraph>1</ref:Subparagraph>
      <ref:Clause>2</ref:Clause>
    </link:reference>
    <link:referenceArc xlink:type="arc" xlink:arcrole="http://www.xbrl.org/2003/arcrole/concept-reference" xlink:from="RetrospectiveInformationAxis" xlink:to="reference_RetrospectiveInformationAxis" order="10.0"/>
    <link:loc xlink:type="locator" xlink:href="../../cmn.xsd#cmn_CurrentYearMember" xlink:label="CurrentYearMember"/>
    <link:reference xlink:type="resource" xlink:label="reference_CurrentYearMember" xlink:role="http://www.xbrl.org/2003/role/reference" id="reference_CurrentYearMember">
      <ref:Publisher>Økonomi- og Erhvervsministeriet</ref:Publisher>
      <ref:Name>Årsregnskabsloven</ref:Name>
      <ref:Paragraph>101</ref:Paragraph>
      <ref:Subparagraph>1</ref:Subparagraph>
      <ref:Clause>2</ref:Clause>
    </link:reference>
    <link:referenceArc xlink:type="arc" xlink:arcrole="http://www.xbrl.org/2003/arcrole/concept-reference" xlink:from="CurrentYearMember" xlink:to="reference_CurrentYearMember" order="10.0"/>
    <link:loc xlink:type="locator" xlink:href="../../cmn.xsd#cmn_FourYearsAgoMember" xlink:label="FourYearsAgoMember"/>
    <link:reference xlink:type="resource" xlink:label="reference_FourYearsAgoMember" xlink:role="http://www.xbrl.org/2003/role/reference" id="reference_FourYearsAgoMember">
      <ref:Publisher>Økonomi- og Erhvervsministeriet</ref:Publisher>
      <ref:Name>Årsregnskabsloven</ref:Name>
      <ref:Paragraph>101</ref:Paragraph>
      <ref:Subparagraph>1</ref:Subparagraph>
      <ref:Clause>2</ref:Clause>
    </link:reference>
    <link:referenceArc xlink:type="arc" xlink:arcrole="http://www.xbrl.org/2003/arcrole/concept-reference" xlink:from="FourYearsAgoMember" xlink:to="reference_FourYearsAgoMember" order="10.0"/>
    <link:loc xlink:type="locator" xlink:href="../../cmn.xsd#cmn_PreviousYearMember" xlink:label="PreviousYearMember"/>
    <link:reference xlink:type="resource" xlink:label="reference_PreviousYearMember" xlink:role="http://www.xbrl.org/2003/role/reference" id="reference_PreviousYearMember">
      <ref:Publisher>Økonomi- og Erhvervsministeriet</ref:Publisher>
      <ref:Name>Årsregnskabsloven</ref:Name>
      <ref:Paragraph>101</ref:Paragraph>
      <ref:Subparagraph>1</ref:Subparagraph>
      <ref:Clause>2</ref:Clause>
    </link:reference>
    <link:referenceArc xlink:type="arc" xlink:arcrole="http://www.xbrl.org/2003/arcrole/concept-reference" xlink:from="PreviousYearMember" xlink:to="reference_PreviousYearMember" order="10.0"/>
    <link:loc xlink:type="locator" xlink:href="../../cmn.xsd#cmn_ThreeYearsAgoMember" xlink:label="ThreeYearsAgoMember"/>
    <link:reference xlink:type="resource" xlink:label="reference_ThreeYearsAgoMember" xlink:role="http://www.xbrl.org/2003/role/reference" id="reference_ThreeYearsAgoMember">
      <ref:Publisher>Økonomi- og Erhvervsministeriet</ref:Publisher>
      <ref:Name>Årsregnskabsloven</ref:Name>
      <ref:Paragraph>101</ref:Paragraph>
      <ref:Subparagraph>1</ref:Subparagraph>
      <ref:Clause>2</ref:Clause>
    </link:reference>
    <link:referenceArc xlink:type="arc" xlink:arcrole="http://www.xbrl.org/2003/arcrole/concept-reference" xlink:from="ThreeYearsAgoMember" xlink:to="reference_ThreeYearsAgoMember" order="10.0"/>
    <link:loc xlink:type="locator" xlink:href="../../cmn.xsd#cmn_TwoYearsAgoMember" xlink:label="TwoYearsAgoMember"/>
    <link:reference xlink:type="resource" xlink:label="reference_TwoYearsAgoMember" xlink:role="http://www.xbrl.org/2003/role/reference" id="reference_TwoYearsAgoMember">
      <ref:Publisher>Økonomi- og Erhvervsministeriet</ref:Publisher>
      <ref:Name>Årsregnskabsloven</ref:Name>
      <ref:Paragraph>101</ref:Paragraph>
      <ref:Subparagraph>1</ref:Subparagraph>
      <ref:Clause>2</ref:Clause>
    </link:reference>
    <link:referenceArc xlink:type="arc" xlink:arcrole="http://www.xbrl.org/2003/arcrole/concept-reference" xlink:from="TwoYearsAgoMember" xlink:to="reference_TwoYearsAgoMember" order="10.0"/>
    <link:loc xlink:type="locator" xlink:href="../mrv-core_2013-12-20.xsd#mrv_ManagementsReview" xlink:label="ManagementsReview"/>
    <link:reference xlink:type="resource" xlink:label="reference_ManagementsReview" xlink:role="http://www.xbrl.org/2003/role/reference" id="reference_ManagementsReview">
      <ref:Publisher>Økonomi- og Erhvervsministeriet</ref:Publisher>
      <ref:Name>Årsregnskabsloven</ref:Name>
      <ref:Paragraph>2</ref:Paragraph>
      <ref:Subparagraph>1</ref:Subparagraph>
      <ref:Clause>2</ref:Clause>
    </link:reference>
    <link:referenceArc xlink:type="arc" xlink:arcrole="http://www.xbrl.org/2003/arcrole/concept-reference" xlink:from="ManagementsReview" xlink:to="reference_ManagementsReview" order="10.0"/>
    <link:reference xlink:type="resource" xlink:label="reference_ManagementsReview_2" xlink:role="http://www.xbrl.org/2003/role/reference" id="reference_ManagementsReview_2">
      <ref:Publisher>Økonomi- og Erhvervsministeriet</ref:Publisher>
      <ref:Name>Årsregnskabsloven</ref:Name>
      <ref:Paragraph>22</ref:Paragraph>
      <ref:Subparagraph>1</ref:Subparagraph>
    </link:reference>
    <link:referenceArc xlink:type="arc" xlink:arcrole="http://www.xbrl.org/2003/arcrole/concept-reference" xlink:from="ManagementsReview" xlink:to="reference_ManagementsReview_2" order="10.0"/>
    <link:reference xlink:type="resource" xlink:label="reference_ManagementsReview_3" xlink:role="http://www.xbrl.org/2003/role/reference" id="reference_ManagementsReview_3">
      <ref:Publisher>Økonomi- og Erhvervsministeriet</ref:Publisher>
      <ref:Name>Årsregnskabsloven</ref:Name>
      <ref:Paragraph>78</ref:Paragraph>
      <ref:Subparagraph>1</ref:Subparagraph>
    </link:reference>
    <link:referenceArc xlink:type="arc" xlink:arcrole="http://www.xbrl.org/2003/arcrole/concept-reference" xlink:from="ManagementsReview" xlink:to="reference_ManagementsReview_3" order="10.0"/>
    <link:loc xlink:type="locator" xlink:href="../mrv-core_2013-12-20.xsd#mrv_DescriptionOfPrimaryActivitiesOfEntity" xlink:label="DescriptionOfPrimaryActivitiesOfEntity"/>
    <link:reference xlink:type="resource" xlink:label="reference_DescriptionOfPrimaryActivitiesOfEntity" xlink:role="http://www.xbrl.org/2003/role/reference" id="reference_DescriptionOfPrimaryActivitiesOfEntity">
      <ref:Publisher>Økonomi- og Erhvervsministeriet</ref:Publisher>
      <ref:Name>Årsregnskabsloven</ref:Name>
      <ref:Paragraph>99</ref:Paragraph>
      <ref:Subparagraph>1</ref:Subparagraph>
      <ref:Clause>1</ref:Clause>
    </link:reference>
    <link:referenceArc xlink:type="arc" xlink:arcrole="http://www.xbrl.org/2003/arcrole/concept-reference" xlink:from="DescriptionOfPrimaryActivitiesOfEntity" xlink:to="reference_DescriptionOfPrimaryActivitiesOfEntity" order="10.0"/>
    <link:reference xlink:type="resource" xlink:label="reference_DescriptionOfPrimaryActivitiesOfEntity_2" xlink:role="http://www.xbrl.org/2003/role/reference" id="reference_DescriptionOfPrimaryActivitiesOfEntity_2">
      <ref:Publisher>Økonomi- og Erhvervsministeriet</ref:Publisher>
      <ref:Name>Årsregnskabsloven</ref:Name>
      <ref:Paragraph>76a</ref:Paragraph>
    </link:reference>
    <link:referenceArc xlink:type="arc" xlink:arcrole="http://www.xbrl.org/2003/arcrole/concept-reference" xlink:from="DescriptionOfPrimaryActivitiesOfEntity" xlink:to="reference_DescriptionOfPrimaryActivitiesOfEntity_2" order="10.0"/>
    <link:loc xlink:type="locator" xlink:href="../mrv-core_2013-12-20.xsd#mrv_DescriptionOfAnyUncertaintyConnectedWithRecognitionOrMeasurement" xlink:label="DescriptionOfAnyUncertaintyConnectedWithRecognitionOrMeasurement"/>
    <link:reference xlink:type="resource" xlink:label="reference_DescriptionOfAnyUncertaintyConnectedWithRecognitionOrMeasurement" xlink:role="http://www.xbrl.org/2003/role/reference" id="reference_DescriptionOfAnyUncertaintyConnectedWithRecognitionOrMeasurement">
      <ref:Publisher>Økonomi- og Erhvervsministeriet</ref:Publisher>
      <ref:Name>Årsregnskabsloven</ref:Name>
      <ref:Paragraph>99</ref:Paragraph>
      <ref:Subparagraph>1</ref:Subparagraph>
      <ref:Clause>2</ref:Clause>
    </link:reference>
    <link:referenceArc xlink:type="arc" xlink:arcrole="http://www.xbrl.org/2003/arcrole/concept-reference" xlink:from="DescriptionOfAnyUncertaintyConnectedWithRecognitionOrMeasurement" xlink:to="reference_DescriptionOfAnyUncertaintyConnectedWithRecognitionOrMeasurement" order="10.0"/>
    <link:loc xlink:type="locator" xlink:href="../mrv-core_2013-12-20.xsd#mrv_DescriptionOfAnyUnusualMattersAffectingRecognitionOrMeasurement" xlink:label="DescriptionOfAnyUnusualMattersAffectingRecognitionOrMeasurement"/>
    <link:reference xlink:type="resource" xlink:label="reference_DescriptionOfAnyUnusualMattersAffectingRecognitionOrMeasurement" xlink:role="http://www.xbrl.org/2003/role/reference" id="reference_DescriptionOfAnyUnusualMattersAffectingRecognitionOrMeasurement">
      <ref:Publisher>Økonomi- og Erhvervsministeriet</ref:Publisher>
      <ref:Name>Årsregnskabsloven</ref:Name>
      <ref:Paragraph>99</ref:Paragraph>
      <ref:Subparagraph>1</ref:Subparagraph>
      <ref:Clause>3</ref:Clause>
    </link:reference>
    <link:referenceArc xlink:type="arc" xlink:arcrole="http://www.xbrl.org/2003/arcrole/concept-reference" xlink:from="DescriptionOfAnyUnusualMattersAffectingRecognitionOrMeasurement" xlink:to="reference_DescriptionOfAnyUnusualMattersAffectingRecognitionOrMeasurement" order="10.0"/>
    <link:loc xlink:type="locator" xlink:href="../mrv-core_2013-12-20.xsd#mrv_DescriptionOfDevelopmentInActivitiesAndFinancialAffairs" xlink:label="DescriptionOfDevelopmentInActivitiesAndFinancialAffairs"/>
    <link:reference xlink:type="resource" xlink:label="reference_DescriptionOfDevelopmentInActivitiesAndFinancialAffairs" xlink:role="http://www.xbrl.org/2003/role/reference" id="reference_DescriptionOfDevelopmentInActivitiesAndFinancialAffairs">
      <ref:Publisher>Økonomi- og Erhvervsministeriet</ref:Publisher>
      <ref:Name>Årsregnskabsloven</ref:Name>
      <ref:Paragraph>99</ref:Paragraph>
      <ref:Subparagraph>1</ref:Subparagraph>
      <ref:Clause>4</ref:Clause>
    </link:reference>
    <link:referenceArc xlink:type="arc" xlink:arcrole="http://www.xbrl.org/2003/arcrole/concept-reference" xlink:from="DescriptionOfDevelopmentInActivitiesAndFinancialAffairs" xlink:to="reference_DescriptionOfDevelopmentInActivitiesAndFinancialAffairs" order="10.0"/>
    <link:loc xlink:type="locator" xlink:href="../mrv-core_2013-12-20.xsd#mrv_DescriptionOfNon-FinancialFactorsRelevantToSpecificActivities" xlink:label="DescriptionOfNon-FinancialFactorsRelevantToSpecificActivities"/>
    <link:reference xlink:type="resource" xlink:label="reference_DescriptionOfNon-FinancialFactorsRelevantToSpecificActivities" xlink:role="http://www.xbrl.org/2003/role/reference" id="reference_DescriptionOfNon-FinancialFactorsRelevantToSpecificActivities">
      <ref:Publisher>Økonomi- og Erhvervsministeriet</ref:Publisher>
      <ref:Name>Årsregnskabsloven</ref:Name>
      <ref:Paragraph>99</ref:Paragraph>
      <ref:Subparagraph>2</ref:Subparagraph>
    </link:reference>
    <link:referenceArc xlink:type="arc" xlink:arcrole="http://www.xbrl.org/2003/arcrole/concept-reference" xlink:from="DescriptionOfNon-FinancialFactorsRelevantToSpecificActivities" xlink:to="reference_DescriptionOfNon-FinancialFactorsRelevantToSpecificActivities" order="10.0"/>
    <link:loc xlink:type="locator" xlink:href="../mrv-core_2013-12-20.xsd#mrv_DescriptionOfEnvironmentalMatters" xlink:label="DescriptionOfEnvironmentalMatters"/>
    <link:reference xlink:type="resource" xlink:label="reference_DescriptionOfEnvironmentalMatters" xlink:role="http://www.xbrl.org/2003/role/reference" id="reference_DescriptionOfEnvironmentalMatters">
      <ref:Publisher>Økonomi- og Erhvervsministeriet</ref:Publisher>
      <ref:Name>Årsregnskabsloven</ref:Name>
      <ref:Paragraph>99</ref:Paragraph>
      <ref:Subparagraph>2</ref:Subparagraph>
    </link:reference>
    <link:referenceArc xlink:type="arc" xlink:arcrole="http://www.xbrl.org/2003/arcrole/concept-reference" xlink:from="DescriptionOfEnvironmentalMatters" xlink:to="reference_DescriptionOfEnvironmentalMatters" order="10.0"/>
    <link:loc xlink:type="locator" xlink:href="../mrv-core_2013-12-20.xsd#mrv_DescriptionOfAssessmentOfAchievedResultsOfWorkWithCommunity" xlink:label="DescriptionOfAssessmentOfAchievedResultsOfWorkWithCommunity"/>
    <link:reference xlink:type="resource" xlink:label="reference_DescriptionOfAssessmentOfAchievedResultsOfWorkWithCommunity" xlink:role="http://www.xbrl.org/2003/role/reference" id="reference_DescriptionOfAssessmentOfAchievedResultsOfWorkWithCommunity">
      <ref:Publisher>Økonomi- og Erhvervsministeriet</ref:Publisher>
      <ref:Name>Årsregnskabsloven</ref:Name>
      <ref:Paragraph>99a</ref:Paragraph>
      <ref:Subparagraph>2</ref:Subparagraph>
      <ref:Clause>3</ref:Clause>
    </link:reference>
    <link:referenceArc xlink:type="arc" xlink:arcrole="http://www.xbrl.org/2003/arcrole/concept-reference" xlink:from="DescriptionOfAssessmentOfAchievedResultsOfWorkWithCommunity" xlink:to="reference_DescriptionOfAssessmentOfAchievedResultsOfWorkWithCommunity" order="10.0"/>
    <link:loc xlink:type="locator" xlink:href="../mrv-core_2013-12-20.xsd#mrv_DescriptionOfAssumedSpecificPrerequisitesAndUncertainFactorsForAssessmentOfExpectedDevelopment" xlink:label="DescriptionOfAssumedSpecificPrerequisitesAndUncertainFactorsForAssessmentOfExpectedDevelopment"/>
    <link:reference xlink:type="resource" xlink:label="reference_DescriptionOfAssumedSpecificPrerequisitesAndUncertainFactorsForAssessmentOfExpectedDevelopment" xlink:role="http://www.xbrl.org/2003/role/reference" id="reference_DescriptionOfAssumedSpecificPrerequisitesAndUncertainFactorsForAssessmentOfExpectedDevelopment">
      <ref:Publisher>Økonomi- og Erhvervsministeriet</ref:Publisher>
      <ref:Name>Årsregnskabsloven</ref:Name>
      <ref:Paragraph>99</ref:Paragraph>
      <ref:Subparagraph>1</ref:Subparagraph>
      <ref:Clause>6</ref:Clause>
    </link:reference>
    <link:referenceArc xlink:type="arc" xlink:arcrole="http://www.xbrl.org/2003/arcrole/concept-reference" xlink:from="DescriptionOfAssumedSpecificPrerequisitesAndUncertainFactorsForAssessmentOfExpectedDevelopment" xlink:to="reference_DescriptionOfAssumedSpecificPrerequisitesAndUncertainFactorsForAssessmentOfExpectedDevelopment" order="10.0"/>
    <link:loc xlink:type="locator" xlink:href="../mrv-core_2013-12-20.xsd#mrv_DescriptionOfBranchesAbroad" xlink:label="DescriptionOfBranchesAbroad"/>
    <link:reference xlink:type="resource" xlink:label="reference_DescriptionOfBranchesAbroad" xlink:role="http://www.xbrl.org/2003/role/reference" id="reference_DescriptionOfBranchesAbroad">
      <ref:Publisher>Økonomi- og Erhvervsministeriet</ref:Publisher>
      <ref:Name>Årsregnskabsloven</ref:Name>
      <ref:Paragraph>99</ref:Paragraph>
      <ref:Subparagraph>1</ref:Subparagraph>
      <ref:Clause>11</ref:Clause>
    </link:reference>
    <link:referenceArc xlink:type="arc" xlink:arcrole="http://www.xbrl.org/2003/arcrole/concept-reference" xlink:from="DescriptionOfBranchesAbroad" xlink:to="reference_DescriptionOfBranchesAbroad" order="10.0"/>
    <link:loc xlink:type="locator" xlink:href="../mrv-core_2013-12-20.xsd#mrv_DescriptionOfEmployeeMatters" xlink:label="DescriptionOfEmployeeMatters"/>
    <link:reference xlink:type="resource" xlink:label="reference_DescriptionOfEmployeeMatters" xlink:role="http://www.xbrl.org/2003/role/reference" id="reference_DescriptionOfEmployeeMatters">
      <ref:Publisher>Økonomi- og Erhvervsministeriet</ref:Publisher>
      <ref:Name>Årsregnskabsloven</ref:Name>
      <ref:Paragraph>99</ref:Paragraph>
      <ref:Subparagraph>2</ref:Subparagraph>
    </link:reference>
    <link:referenceArc xlink:type="arc" xlink:arcrole="http://www.xbrl.org/2003/arcrole/concept-reference" xlink:from="DescriptionOfEmployeeMatters" xlink:to="reference_DescriptionOfEmployeeMatters" order="10.0"/>
    <link:loc xlink:type="locator" xlink:href="../mrv-core_2013-12-20.xsd#mrv_DescriptionOfExpectationsForFutureWorkWithCommunity" xlink:label="DescriptionOfExpectationsForFutureWorkWithCommunity"/>
    <link:reference xlink:type="resource" xlink:label="reference_DescriptionOfExpectationsForFutureWorkWithCommunity" xlink:role="http://www.xbrl.org/2003/role/reference" id="reference_DescriptionOfExpectationsForFutureWorkWithCommunity">
      <ref:Publisher>Økonomi- og Erhvervsministeriet</ref:Publisher>
      <ref:Name>Årsregnskabsloven</ref:Name>
      <ref:Paragraph>99a</ref:Paragraph>
      <ref:Subparagraph>2</ref:Subparagraph>
      <ref:Clause>3</ref:Clause>
    </link:reference>
    <link:referenceArc xlink:type="arc" xlink:arcrole="http://www.xbrl.org/2003/arcrole/concept-reference" xlink:from="DescriptionOfExpectationsForFutureWorkWithCommunity" xlink:to="reference_DescriptionOfExpectationsForFutureWorkWithCommunity" order="10.0"/>
    <link:loc xlink:type="locator" xlink:href="../mrv-core_2013-12-20.xsd#mrv_DescriptionOfExpectedDevelopment" xlink:label="DescriptionOfExpectedDevelopment"/>
    <link:reference xlink:type="resource" xlink:label="reference_DescriptionOfExpectedDevelopment" xlink:role="http://www.xbrl.org/2003/role/reference" id="reference_DescriptionOfExpectedDevelopment">
      <ref:Publisher>Økonomi- og Erhvervsministeriet</ref:Publisher>
      <ref:Name>Årsregnskabsloven</ref:Name>
      <ref:Paragraph>99</ref:Paragraph>
      <ref:Subparagraph>1</ref:Subparagraph>
      <ref:Clause>6</ref:Clause>
    </link:reference>
    <link:referenceArc xlink:type="arc" xlink:arcrole="http://www.xbrl.org/2003/arcrole/concept-reference" xlink:from="DescriptionOfExpectedDevelopment" xlink:to="reference_DescriptionOfExpectedDevelopment" order="10.0"/>
    <link:loc xlink:type="locator" xlink:href="../mrv-core_2013-12-20.xsd#mrv_DescriptionOfImpactOnExternalEnvironmentAndMeasuresOfPreventingReducingOrMitigatingDamage" xlink:label="DescriptionOfImpactOnExternalEnvironmentAndMeasuresOfPreventingReducingOrMitigatingDamage"/>
    <link:reference xlink:type="resource" xlink:label="reference_DescriptionOfImpactOnExternalEnvironmentAndMeasuresOfPreventingReducingOrMitigatingDamage" xlink:role="http://www.xbrl.org/2003/role/reference" id="reference_DescriptionOfImpactOnExternalEnvironmentAndMeasuresOfPreventingReducingOrMitigatingDamage">
      <ref:Publisher>Økonomi- og Erhvervsministeriet</ref:Publisher>
      <ref:Name>Årsregnskabsloven</ref:Name>
      <ref:Paragraph>99</ref:Paragraph>
      <ref:Subparagraph>1</ref:Subparagraph>
      <ref:Clause>9</ref:Clause>
    </link:reference>
    <link:referenceArc xlink:type="arc" xlink:arcrole="http://www.xbrl.org/2003/arcrole/concept-reference" xlink:from="DescriptionOfImpactOnExternalEnvironmentAndMeasuresOfPreventingReducingOrMitigatingDamage" xlink:to="reference_DescriptionOfImpactOnExternalEnvironmentAndMeasuresOfPreventingReducingOrMitigatingDamage" order="10.0"/>
    <link:loc xlink:type="locator" xlink:href="../mrv-core_2013-12-20.xsd#mrv_DescriptionOfKeyFiguresAndFinancialRatios" xlink:label="DescriptionOfKeyFiguresAndFinancialRatios"/>
    <link:reference xlink:type="resource" xlink:label="reference_DescriptionOfKeyFiguresAndFinancialRatios" xlink:role="http://www.xbrl.org/2003/role/reference" id="reference_DescriptionOfKeyFiguresAndFinancialRatios">
      <ref:Publisher>Økonomi- og Erhvervsministeriet</ref:Publisher>
      <ref:Name>Årsregnskabsloven</ref:Name>
      <ref:Paragraph>101</ref:Paragraph>
      <ref:Subparagraph>1</ref:Subparagraph>
      <ref:Clause>2</ref:Clause>
    </link:reference>
    <link:referenceArc xlink:type="arc" xlink:arcrole="http://www.xbrl.org/2003/arcrole/concept-reference" xlink:from="DescriptionOfKeyFiguresAndFinancialRatios" xlink:to="reference_DescriptionOfKeyFiguresAndFinancialRatios" order="10.0"/>
    <link:loc xlink:type="locator" xlink:href="../mrv-core_2013-12-20.xsd#mrv_DescriptionOfKnowledgeResources" xlink:label="DescriptionOfKnowledgeResources"/>
    <link:reference xlink:type="resource" xlink:label="reference_DescriptionOfKnowledgeResources" xlink:role="http://www.xbrl.org/2003/role/reference" id="reference_DescriptionOfKnowledgeResources">
      <ref:Publisher>Økonomi- og Erhvervsministeriet</ref:Publisher>
      <ref:Name>Årsregnskabsloven</ref:Name>
      <ref:Paragraph>99</ref:Paragraph>
      <ref:Subparagraph>1</ref:Subparagraph>
      <ref:Clause>7</ref:Clause>
    </link:reference>
    <link:referenceArc xlink:type="arc" xlink:arcrole="http://www.xbrl.org/2003/arcrole/concept-reference" xlink:from="DescriptionOfKnowledgeResources" xlink:to="reference_DescriptionOfKnowledgeResources" order="10.0"/>
    <link:loc xlink:type="locator" xlink:href="../mrv-core_2013-12-20.xsd#mrv_DescriptionOfMethodsAndMeasurementBasisUsedForPreparationOfSupplementaryReports" xlink:label="DescriptionOfMethodsAndMeasurementBasisUsedForPreparationOfSupplementaryReports"/>
    <link:reference xlink:type="resource" xlink:label="reference_DescriptionOfMethodsAndMeasurementBasisUsedForPreparationOfSupplementaryReports" xlink:role="http://www.xbrl.org/2003/role/reference" id="reference_DescriptionOfMethodsAndMeasurementBasisUsedForPreparationOfSupplementaryReports">
      <ref:Publisher>Økonomi- og Erhvervsministeriet</ref:Publisher>
      <ref:Name>Årsregnskabsloven</ref:Name>
      <ref:Paragraph>14</ref:Paragraph>
      <ref:Subparagraph>2</ref:Subparagraph>
    </link:reference>
    <link:referenceArc xlink:type="arc" xlink:arcrole="http://www.xbrl.org/2003/arcrole/concept-reference" xlink:from="DescriptionOfMethodsAndMeasurementBasisUsedForPreparationOfSupplementaryReports" xlink:to="reference_DescriptionOfMethodsAndMeasurementBasisUsedForPreparationOfSupplementaryReports" order="10.0"/>
    <link:loc xlink:type="locator" xlink:href="../mrv-core_2013-12-20.xsd#mrv_DescriptionOfNetProfitRelationToExpectedDevelopmentAssumedInPreviousReport" xlink:label="DescriptionOfNetProfitRelationToExpectedDevelopmentAssumedInPreviousReport"/>
    <link:reference xlink:type="resource" xlink:label="reference_DescriptionOfNetProfitRelationToExpectedDevelopmentAssumedInPreviousReport" xlink:role="http://www.xbrl.org/2003/role/reference" id="reference_DescriptionOfNetProfitRelationToExpectedDevelopmentAssumedInPreviousReport">
      <ref:Publisher>Økonomi- og Erhvervsministeriet</ref:Publisher>
      <ref:Name>Årsregnskabsloven</ref:Name>
      <ref:Paragraph>100</ref:Paragraph>
    </link:reference>
    <link:referenceArc xlink:type="arc" xlink:arcrole="http://www.xbrl.org/2003/arcrole/concept-reference" xlink:from="DescriptionOfNetProfitRelationToExpectedDevelopmentAssumedInPreviousReport" xlink:to="reference_DescriptionOfNetProfitRelationToExpectedDevelopmentAssumedInPreviousReport" order="10.0"/>
    <link:loc xlink:type="locator" xlink:href="../mrv-core_2013-12-20.xsd#mrv_DescriptionOfOtherKeyFiguresAndFinancialRatios" xlink:label="DescriptionOfOtherKeyFiguresAndFinancialRatios"/>
    <link:reference xlink:type="resource" xlink:label="reference_DescriptionOfOtherKeyFiguresAndFinancialRatios" xlink:role="http://www.xbrl.org/2003/role/reference" id="reference_DescriptionOfOtherKeyFiguresAndFinancialRatios">
      <ref:Publisher>Økonomi- og Erhvervsministeriet</ref:Publisher>
      <ref:Name>Årsregnskabsloven</ref:Name>
      <ref:Paragraph>101</ref:Paragraph>
      <ref:Subparagraph>1</ref:Subparagraph>
      <ref:Clause>2</ref:Clause>
    </link:reference>
    <link:referenceArc xlink:type="arc" xlink:arcrole="http://www.xbrl.org/2003/arcrole/concept-reference" xlink:from="DescriptionOfOtherKeyFiguresAndFinancialRatios" xlink:to="reference_DescriptionOfOtherKeyFiguresAndFinancialRatios" order="10.0"/>
    <link:loc xlink:type="locator" xlink:href="../mrv-core_2013-12-20.xsd#mrv_DescriptionOfPoliciesOnSocialResponsibility" xlink:label="DescriptionOfPoliciesOnSocialResponsibility"/>
    <link:reference xlink:type="resource" xlink:label="reference_DescriptionOfPoliciesOnSocialResponsibility" xlink:role="http://www.xbrl.org/2003/role/reference" id="reference_DescriptionOfPoliciesOnSocialResponsibility">
      <ref:Publisher>Økonomi- og Erhvervsministeriet</ref:Publisher>
      <ref:Name>Årsregnskabsloven</ref:Name>
      <ref:Paragraph>99a</ref:Paragraph>
      <ref:Subparagraph>2</ref:Subparagraph>
      <ref:Clause>1</ref:Clause>
    </link:reference>
    <link:referenceArc xlink:type="arc" xlink:arcrole="http://www.xbrl.org/2003/arcrole/concept-reference" xlink:from="DescriptionOfPoliciesOnSocialResponsibility" xlink:to="reference_DescriptionOfPoliciesOnSocialResponsibility" order="10.0"/>
    <link:loc xlink:type="locator" xlink:href="../mrv-core_2013-12-20.xsd#mrv_DescriptionOfResearchAndDevelopmentActivitiesInAndForReportingEntity" xlink:label="DescriptionOfResearchAndDevelopmentActivitiesInAndForReportingEntity"/>
    <link:reference xlink:type="resource" xlink:label="reference_DescriptionOfResearchAndDevelopmentActivitiesInAndForReportingEntity" xlink:role="http://www.xbrl.org/2003/role/reference" id="reference_DescriptionOfResearchAndDevelopmentActivitiesInAndForReportingEntity">
      <ref:Publisher>Økonomi- og Erhvervsministeriet</ref:Publisher>
      <ref:Name>Årsregnskabsloven</ref:Name>
      <ref:Paragraph>99</ref:Paragraph>
      <ref:Subparagraph>1</ref:Subparagraph>
      <ref:Clause>10</ref:Clause>
    </link:reference>
    <link:referenceArc xlink:type="arc" xlink:arcrole="http://www.xbrl.org/2003/arcrole/concept-reference" xlink:from="DescriptionOfResearchAndDevelopmentActivitiesInAndForReportingEntity" xlink:to="reference_DescriptionOfResearchAndDevelopmentActivitiesInAndForReportingEntity" order="10.0"/>
    <link:loc xlink:type="locator" xlink:href="../mrv-core_2013-12-20.xsd#mrv_DescriptionOfSignificantChangesInBusinessAndEconomicConditions" xlink:label="DescriptionOfSignificantChangesInBusinessAndEconomicConditions"/>
    <link:reference xlink:type="resource" xlink:label="reference_DescriptionOfSignificantChangesInBusinessAndEconomicConditions" xlink:role="http://www.xbrl.org/2003/role/reference" id="reference_DescriptionOfSignificantChangesInBusinessAndEconomicConditions">
      <ref:Publisher>Økonomi- og Erhvervsministeriet</ref:Publisher>
      <ref:Name>Årsregnskabsloven</ref:Name>
      <ref:Paragraph>77</ref:Paragraph>
    </link:reference>
    <link:referenceArc xlink:type="arc" xlink:arcrole="http://www.xbrl.org/2003/arcrole/concept-reference" xlink:from="DescriptionOfSignificantChangesInBusinessAndEconomicConditions" xlink:to="reference_DescriptionOfSignificantChangesInBusinessAndEconomicConditions" order="10.0"/>
    <link:loc xlink:type="locator" xlink:href="../mrv-core_2013-12-20.xsd#mrv_DescriptionOfSignificantEventsOccurringAfterEndOfReportingPeriod" xlink:label="DescriptionOfSignificantEventsOccurringAfterEndOfReportingPeriod"/>
    <link:reference xlink:type="resource" xlink:label="reference_DescriptionOfSignificantEventsOccurringAfterEndOfReportingPeriod" xlink:role="http://www.xbrl.org/2003/role/reference" id="reference_DescriptionOfSignificantEventsOccurringAfterEndOfReportingPeriod">
      <ref:Publisher>Økonomi- og Erhvervsministeriet</ref:Publisher>
      <ref:Name>Årsregnskabsloven</ref:Name>
      <ref:Paragraph>99</ref:Paragraph>
      <ref:Subparagraph>1</ref:Subparagraph>
      <ref:Clause>5</ref:Clause>
    </link:reference>
    <link:referenceArc xlink:type="arc" xlink:arcrole="http://www.xbrl.org/2003/arcrole/concept-reference" xlink:from="DescriptionOfSignificantEventsOccurringAfterEndOfReportingPeriod" xlink:to="reference_DescriptionOfSignificantEventsOccurringAfterEndOfReportingPeriod" order="10.0"/>
    <link:loc xlink:type="locator" xlink:href="../mrv-core_2013-12-20.xsd#mrv_DescriptionOfSpecificRisksInAdditionToCommonlyOccurringHazardsInIndustry" xlink:label="DescriptionOfSpecificRisksInAdditionToCommonlyOccurringHazardsInIndustry"/>
    <link:reference xlink:type="resource" xlink:label="reference_DescriptionOfSpecificRisksInAdditionToCommonlyOccurringHazardsInIndustry" xlink:role="http://www.xbrl.org/2003/role/reference" id="reference_DescriptionOfSpecificRisksInAdditionToCommonlyOccurringHazardsInIndustry">
      <ref:Publisher>Økonomi- og Erhvervsministeriet</ref:Publisher>
      <ref:Name>Årsregnskabsloven</ref:Name>
      <ref:Paragraph>99</ref:Paragraph>
      <ref:Subparagraph>1</ref:Subparagraph>
      <ref:Clause>8</ref:Clause>
    </link:reference>
    <link:referenceArc xlink:type="arc" xlink:arcrole="http://www.xbrl.org/2003/arcrole/concept-reference" xlink:from="DescriptionOfSpecificRisksInAdditionToCommonlyOccurringHazardsInIndustry" xlink:to="reference_DescriptionOfSpecificRisksInAdditionToCommonlyOccurringHazardsInIndustry" order="10.0"/>
    <link:loc xlink:type="locator" xlink:href="../mrv-core_2013-12-20.xsd#mrv_DescriptionOfStandardsGuidelinesAndPrinciplesOfCorporateSocialResponsibility" xlink:label="DescriptionOfStandardsGuidelinesAndPrinciplesOfCorporateSocialResponsibility"/>
    <link:reference xlink:type="resource" xlink:label="reference_DescriptionOfStandardsGuidelinesAndPrinciplesOfCorporateSocialResponsibility" xlink:role="http://www.xbrl.org/2003/role/reference" id="reference_DescriptionOfStandardsGuidelinesAndPrinciplesOfCorporateSocialResponsibility">
      <ref:Publisher>Økonomi- og Erhvervsministeriet</ref:Publisher>
      <ref:Name>Årsregnskabsloven</ref:Name>
      <ref:Paragraph>99a</ref:Paragraph>
      <ref:Subparagraph>2</ref:Subparagraph>
      <ref:Clause>1</ref:Clause>
    </link:reference>
    <link:referenceArc xlink:type="arc" xlink:arcrole="http://www.xbrl.org/2003/arcrole/concept-reference" xlink:from="DescriptionOfStandardsGuidelinesAndPrinciplesOfCorporateSocialResponsibility" xlink:to="reference_DescriptionOfStandardsGuidelinesAndPrinciplesOfCorporateSocialResponsibility" order="10.0"/>
    <link:loc xlink:type="locator" xlink:href="../mrv-core_2013-12-20.xsd#mrv_DescriptionOfSystemsAndProceduresOfTranslatingCorporateSocialResponsibilityPoliciesIntoAction" xlink:label="DescriptionOfSystemsAndProceduresOfTranslatingCorporateSocialResponsibilityPoliciesIntoAction"/>
    <link:reference xlink:type="resource" xlink:label="reference_DescriptionOfSystemsAndProceduresOfTranslatingCorporateSocialResponsibilityPoliciesIntoAction" xlink:role="http://www.xbrl.org/2003/role/reference" id="reference_DescriptionOfSystemsAndProceduresOfTranslatingCorporateSocialResponsibilityPoliciesIntoAction">
      <ref:Publisher>Økonomi- og Erhvervsministeriet</ref:Publisher>
      <ref:Name>Årsregnskabsloven</ref:Name>
      <ref:Paragraph>99a</ref:Paragraph>
      <ref:Subparagraph>2</ref:Subparagraph>
      <ref:Clause>2</ref:Clause>
    </link:reference>
    <link:referenceArc xlink:type="arc" xlink:arcrole="http://www.xbrl.org/2003/arcrole/concept-reference" xlink:from="DescriptionOfSystemsAndProceduresOfTranslatingCorporateSocialResponsibilityPoliciesIntoAction" xlink:to="reference_DescriptionOfSystemsAndProceduresOfTranslatingCorporateSocialResponsibilityPoliciesIntoAction" order="10.0"/>
    <link:loc xlink:type="locator" xlink:href="../mrv-core_2013-12-20.xsd#mrv_DescriptionOfTranslatingCorporateSocialResponsibilityPoliciesIntoAction" xlink:label="DescriptionOfTranslatingCorporateSocialResponsibilityPoliciesIntoAction"/>
    <link:reference xlink:type="resource" xlink:label="reference_DescriptionOfTranslatingCorporateSocialResponsibilityPoliciesIntoAction" xlink:role="http://www.xbrl.org/2003/role/reference" id="reference_DescriptionOfTranslatingCorporateSocialResponsibilityPoliciesIntoAction">
      <ref:Publisher>Økonomi- og Erhvervsministeriet</ref:Publisher>
      <ref:Name>Årsregnskabsloven</ref:Name>
      <ref:Paragraph>99a</ref:Paragraph>
      <ref:Subparagraph>2</ref:Subparagraph>
      <ref:Clause>2</ref:Clause>
    </link:reference>
    <link:referenceArc xlink:type="arc" xlink:arcrole="http://www.xbrl.org/2003/arcrole/concept-reference" xlink:from="DescriptionOfTranslatingCorporateSocialResponsibilityPoliciesIntoAction" xlink:to="reference_DescriptionOfTranslatingCorporateSocialResponsibilityPoliciesIntoAction" order="10.0"/>
    <link:loc xlink:type="locator" xlink:href="../mrv-core_2013-12-20.xsd#mrv_DetailsOnKeyFiguresAndFinancialRatiosAbstract" xlink:label="DetailsOnKeyFiguresAndFinancialRatiosAbstract"/>
    <link:reference xlink:type="resource" xlink:label="reference_DetailsOnKeyFiguresAndFinancialRatiosAbstract" xlink:role="http://www.xbrl.org/2003/role/reference" id="reference_DetailsOnKeyFiguresAndFinancialRatiosAbstract">
      <ref:Publisher>Økonomi- og Erhvervsministeriet</ref:Publisher>
      <ref:Name>Årsregnskabsloven</ref:Name>
      <ref:Paragraph>101</ref:Paragraph>
      <ref:Subparagraph>1</ref:Subparagraph>
      <ref:Clause>2</ref:Clause>
    </link:reference>
    <link:referenceArc xlink:type="arc" xlink:arcrole="http://www.xbrl.org/2003/arcrole/concept-reference" xlink:from="DetailsOnKeyFiguresAndFinancialRatiosAbstract" xlink:to="reference_DetailsOnKeyFiguresAndFinancialRatiosAbstract" order="10.0"/>
    <link:loc xlink:type="locator" xlink:href="../mrv-core_2013-12-20.xsd#mrv_DetailsOnOtherKeyFiguresAndFinancialRatiosAbstract" xlink:label="DetailsOnOtherKeyFiguresAndFinancialRatiosAbstract"/>
    <link:reference xlink:type="resource" xlink:label="reference_DetailsOnOtherKeyFiguresAndFinancialRatiosAbstract" xlink:role="http://www.xbrl.org/2003/role/reference" id="reference_DetailsOnOtherKeyFiguresAndFinancialRatiosAbstract">
      <ref:Publisher>Økonomi- og Erhvervsministeriet</ref:Publisher>
      <ref:Name>Årsregnskabsloven</ref:Name>
      <ref:Subparagraph>1</ref:Subparagraph>
      <ref:Paragraph>101</ref:Paragraph>
      <ref:Clause>2</ref:Clause>
    </link:reference>
    <link:referenceArc xlink:type="arc" xlink:arcrole="http://www.xbrl.org/2003/arcrole/concept-reference" xlink:from="DetailsOnOtherKeyFiguresAndFinancialRatiosAbstract" xlink:to="reference_DetailsOnOtherKeyFiguresAndFinancialRatiosAbstract" order="10.0"/>
    <link:loc xlink:type="locator" xlink:href="../mrv-core_2013-12-20.xsd#mrv_EmployeeTurnover" xlink:label="EmployeeTurnover"/>
    <link:reference xlink:type="resource" xlink:label="reference_EmployeeTurnover" xlink:role="http://www.xbrl.org/2003/role/reference" id="reference_EmployeeTurnover">
      <ref:Publisher>Erhvervs- og Selskabsstyrelsen</ref:Publisher>
      <ref:Name>Praksis</ref:Name>
    </link:reference>
    <link:referenceArc xlink:type="arc" xlink:arcrole="http://www.xbrl.org/2003/arcrole/concept-reference" xlink:from="EmployeeTurnover" xlink:to="reference_EmployeeTurnover" order="10.0"/>
    <link:loc xlink:type="locator" xlink:href="../mrv-core_2013-12-20.xsd#mrv_ExplanationThatEntityHasNoPoliciesOnSocialResponsibility" xlink:label="ExplanationThatEntityHasNoPoliciesOnSocialResponsibility"/>
    <link:reference xlink:type="resource" xlink:label="reference_ExplanationThatEntityHasNoPoliciesOnSocialResponsibility" xlink:role="http://www.xbrl.org/2003/role/reference" id="reference_ExplanationThatEntityHasNoPoliciesOnSocialResponsibility">
      <ref:Publisher>Økonomi- og Erhvervsministeriet</ref:Publisher>
      <ref:Name>Årsregnskabsloven</ref:Name>
      <ref:Paragraph>99a</ref:Paragraph>
    </link:reference>
    <link:referenceArc xlink:type="arc" xlink:arcrole="http://www.xbrl.org/2003/arcrole/concept-reference" xlink:from="ExplanationThatEntityHasNoPoliciesOnSocialResponsibility" xlink:to="reference_ExplanationThatEntityHasNoPoliciesOnSocialResponsibility" order="10.0"/>
    <link:loc xlink:type="locator" xlink:href="../mrv-core_2013-12-20.xsd#mrv_FinancialGearing" xlink:label="FinancialGearing"/>
    <link:reference xlink:type="resource" xlink:label="reference_FinancialGearing" xlink:role="http://www.xbrl.org/2003/role/reference" id="reference_FinancialGearing">
      <ref:Publisher>Erhvervs- og Selskabsstyrelsen</ref:Publisher>
      <ref:Name>Praksis</ref:Name>
    </link:reference>
    <link:referenceArc xlink:type="arc" xlink:arcrole="http://www.xbrl.org/2003/arcrole/concept-reference" xlink:from="FinancialGearing" xlink:to="reference_FinancialGearing" order="10.0"/>
    <link:loc xlink:type="locator" xlink:href="../mrv-core_2013-12-20.xsd#mrv_GrossMargin" xlink:label="GrossMargin"/>
    <link:reference xlink:type="resource" xlink:label="reference_GrossMargin" xlink:role="http://www.xbrl.org/2003/role/reference" id="reference_GrossMargin">
      <ref:Publisher>Erhvervs- og Selskabsstyrelsen</ref:Publisher>
      <ref:Name>Praksis</ref:Name>
    </link:reference>
    <link:referenceArc xlink:type="arc" xlink:arcrole="http://www.xbrl.org/2003/arcrole/concept-reference" xlink:from="GrossMargin" xlink:to="reference_GrossMargin" order="10.0"/>
    <link:loc xlink:type="locator" xlink:href="../mrv-core_2013-12-20.xsd#mrv_IdentificationOfKeyFigureOrFinancialRatioDimension" xlink:label="IdentificationOfKeyFigureOrFinancialRatioDimension"/>
    <link:reference xlink:type="resource" xlink:label="reference_IdentificationOfKeyFigureOrFinancialRatioDimension" xlink:role="http://www.xbrl.org/2003/role/reference" id="reference_IdentificationOfKeyFigureOrFinancialRatioDimension">
      <ref:Publisher>Økonomi- og Erhvervsministeriet</ref:Publisher>
      <ref:Name>Årsregnskabsloven</ref:Name>
      <ref:Paragraph>101</ref:Paragraph>
      <ref:Subparagraph>1</ref:Subparagraph>
      <ref:Clause>2</ref:Clause>
    </link:reference>
    <link:referenceArc xlink:type="arc" xlink:arcrole="http://www.xbrl.org/2003/arcrole/concept-reference" xlink:from="IdentificationOfKeyFigureOrFinancialRatioDimension" xlink:to="reference_IdentificationOfKeyFigureOrFinancialRatioDimension" order="10.0"/>
    <link:loc xlink:type="locator" xlink:href="../mrv-core_2013-12-20.xsd#mrv_InformationOnCalculationOfKeyFiguresAndFinancialRatios" xlink:label="InformationOnCalculationOfKeyFiguresAndFinancialRatios"/>
    <link:reference xlink:type="resource" xlink:label="reference_InformationOnCalculationOfKeyFiguresAndFinancialRatios" xlink:role="http://www.xbrl.org/2003/role/reference" id="reference_InformationOnCalculationOfKeyFiguresAndFinancialRatios">
      <ref:Publisher>Økonomi- og Erhvervsministeriet</ref:Publisher>
      <ref:Name>Årsregnskabsloven</ref:Name>
      <ref:Paragraph>101</ref:Paragraph>
      <ref:Subparagraph>1</ref:Subparagraph>
      <ref:Clause>2</ref:Clause>
    </link:reference>
    <link:referenceArc xlink:type="arc" xlink:arcrole="http://www.xbrl.org/2003/arcrole/concept-reference" xlink:from="InformationOnCalculationOfKeyFiguresAndFinancialRatios" xlink:to="reference_InformationOnCalculationOfKeyFiguresAndFinancialRatios" order="10.0"/>
    <link:loc xlink:type="locator" xlink:href="../mrv-core_2013-12-20.xsd#mrv_NameOfKeyFigureOrFinancialRatio" xlink:label="NameOfKeyFigureOrFinancialRatio"/>
    <link:reference xlink:type="resource" xlink:label="reference_NameOfKeyFigureOrFinancialRatio" xlink:role="http://www.xbrl.org/2003/role/reference" id="reference_NameOfKeyFigureOrFinancialRatio">
      <ref:Publisher>Økonomi- og Erhvervsministeriet</ref:Publisher>
      <ref:Name>Årsregnskabsloven</ref:Name>
      <ref:Paragraph>101</ref:Paragraph>
      <ref:Subparagraph>1</ref:Subparagraph>
      <ref:Clause>2</ref:Clause>
    </link:reference>
    <link:referenceArc xlink:type="arc" xlink:arcrole="http://www.xbrl.org/2003/arcrole/concept-reference" xlink:from="NameOfKeyFigureOrFinancialRatio" xlink:to="reference_NameOfKeyFigureOrFinancialRatio" order="10.0"/>
    <link:loc xlink:type="locator" xlink:href="../mrv-core_2013-12-20.xsd#mrv_OperatingMargin" xlink:label="OperatingMargin"/>
    <link:reference xlink:type="resource" xlink:label="reference_OperatingMargin" xlink:role="http://www.xbrl.org/2003/role/reference" id="reference_OperatingMargin">
      <ref:Publisher>Erhvervs- og Selskabsstyrelsen</ref:Publisher>
      <ref:Name>Praksis</ref:Name>
    </link:reference>
    <link:referenceArc xlink:type="arc" xlink:arcrole="http://www.xbrl.org/2003/arcrole/concept-reference" xlink:from="OperatingMargin" xlink:to="reference_OperatingMargin" order="10.0"/>
    <link:loc xlink:type="locator" xlink:href="../mrv-core_2013-12-20.xsd#mrv_RetrospectiveInformationFromLastFiveYearsAbstract" xlink:label="RetrospectiveInformationFromLastFiveYearsAbstract"/>
    <link:reference xlink:type="resource" xlink:label="reference_RetrospectiveInformationFromLastFiveYearsAbstract" xlink:role="http://www.xbrl.org/2003/role/reference" id="reference_RetrospectiveInformationFromLastFiveYearsAbstract">
      <ref:Publisher>Økonomi- og Erhvervsministeriet</ref:Publisher>
      <ref:Name>Årsregnskabsloven</ref:Name>
      <ref:Paragraph>101</ref:Paragraph>
      <ref:Subparagraph>1</ref:Subparagraph>
      <ref:Clause>2</ref:Clause>
    </link:reference>
    <link:referenceArc xlink:type="arc" xlink:arcrole="http://www.xbrl.org/2003/arcrole/concept-reference" xlink:from="RetrospectiveInformationFromLastFiveYearsAbstract" xlink:to="reference_RetrospectiveInformationFromLastFiveYearsAbstract" order="10.0"/>
    <link:loc xlink:type="locator" xlink:href="../mrv-core_2013-12-20.xsd#mrv_ReturnOnCapitalEmployed" xlink:label="ReturnOnCapitalEmployed"/>
    <link:reference xlink:type="resource" xlink:label="reference_ReturnOnCapitalEmployed" xlink:role="http://www.xbrl.org/2003/role/reference" id="reference_ReturnOnCapitalEmployed">
      <ref:Publisher>Erhvervs- og Selskabsstyrelsen</ref:Publisher>
      <ref:Name>Praksis</ref:Name>
    </link:reference>
    <link:referenceArc xlink:type="arc" xlink:arcrole="http://www.xbrl.org/2003/arcrole/concept-reference" xlink:from="ReturnOnCapitalEmployed" xlink:to="reference_ReturnOnCapitalEmployed" order="10.0"/>
    <link:loc xlink:type="locator" xlink:href="../mrv-core_2013-12-20.xsd#mrv_ReturnOnEquity" xlink:label="ReturnOnEquity"/>
    <link:reference xlink:type="resource" xlink:label="reference_ReturnOnEquity" xlink:role="http://www.xbrl.org/2003/role/reference" id="reference_ReturnOnEquity">
      <ref:Publisher>Erhvervs- og Selskabsstyrelsen</ref:Publisher>
      <ref:Name>Praksis</ref:Name>
    </link:reference>
    <link:referenceArc xlink:type="arc" xlink:arcrole="http://www.xbrl.org/2003/arcrole/concept-reference" xlink:from="ReturnOnEquity" xlink:to="reference_ReturnOnEquity" order="10.0"/>
    <link:loc xlink:type="locator" xlink:href="../mrv-core_2013-12-20.xsd#mrv_ReturnOnInvestedCapital" xlink:label="ReturnOnInvestedCapital"/>
    <link:reference xlink:type="resource" xlink:label="reference_ReturnOnInvestedCapital" xlink:role="http://www.xbrl.org/2003/role/reference" id="reference_ReturnOnInvestedCapital">
      <ref:Publisher>Erhvervs- og Selskabsstyrelsen</ref:Publisher>
      <ref:Name>Praksis</ref:Name>
    </link:reference>
    <link:referenceArc xlink:type="arc" xlink:arcrole="http://www.xbrl.org/2003/arcrole/concept-reference" xlink:from="ReturnOnInvestedCapital" xlink:to="reference_ReturnOnInvestedCapital" order="10.0"/>
    <link:loc xlink:type="locator" xlink:href="../mrv-core_2013-12-20.xsd#mrv_SolvencyRatio" xlink:label="SolvencyRatio"/>
    <link:reference xlink:type="resource" xlink:label="reference_SolvencyRatio" xlink:role="http://www.xbrl.org/2003/role/reference" id="reference_SolvencyRatio">
      <ref:Publisher>Erhvervs- og Selskabsstyrelsen</ref:Publisher>
      <ref:Name>Praksis</ref:Name>
    </link:reference>
    <link:referenceArc xlink:type="arc" xlink:arcrole="http://www.xbrl.org/2003/arcrole/concept-reference" xlink:from="SolvencyRatio" xlink:to="reference_SolvencyRatio" order="10.0"/>
    <link:loc xlink:type="locator" xlink:href="../mrv-core_2013-12-20.xsd#mrv_StatementOfCorporateSocialResponsibility" xlink:label="StatementOfCorporateSocialResponsibility"/>
    <link:reference xlink:type="resource" xlink:label="reference_StatementOfCorporateSocialResponsibility" xlink:role="http://www.xbrl.org/2003/role/reference" id="reference_StatementOfCorporateSocialResponsibility">
      <ref:Publisher>Økonomi- og Erhvervsministeriet</ref:Publisher>
      <ref:Name>Årsregnskabsloven</ref:Name>
      <ref:Paragraph>99a</ref:Paragraph>
    </link:reference>
    <link:referenceArc xlink:type="arc" xlink:arcrole="http://www.xbrl.org/2003/arcrole/concept-reference" xlink:from="StatementOfCorporateSocialResponsibility" xlink:to="reference_StatementOfCorporateSocialResponsibility" order="10.0"/>
    <link:loc xlink:type="locator" xlink:href="../mrv-core_2013-12-20.xsd#mrv_SupplementaryReports" xlink:label="SupplementaryReports"/>
    <link:reference xlink:type="resource" xlink:label="reference_SupplementaryReports" xlink:role="http://www.xbrl.org/2003/role/reference" id="reference_SupplementaryReports">
      <ref:Publisher>Økonomi- og Erhvervsministeriet</ref:Publisher>
      <ref:Name>Årsregnskabsloven</ref:Name>
      <ref:Paragraph>2</ref:Paragraph>
      <ref:Subparagraph>2</ref:Subparagraph>
    </link:reference>
    <link:referenceArc xlink:type="arc" xlink:arcrole="http://www.xbrl.org/2003/arcrole/concept-reference" xlink:from="SupplementaryReports" xlink:to="reference_SupplementaryReports" order="10.0"/>
    <link:reference xlink:type="resource" xlink:label="reference_SupplementaryReports_2" xlink:role="http://www.xbrl.org/2003/role/reference" id="reference_SupplementaryReports_2">
      <ref:Publisher>Økonomi- og Erhvervsministeriet</ref:Publisher>
      <ref:Name>Årsregnskabsloven</ref:Name>
      <ref:Paragraph>2</ref:Paragraph>
    </link:reference>
    <link:referenceArc xlink:type="arc" xlink:arcrole="http://www.xbrl.org/2003/arcrole/concept-reference" xlink:from="SupplementaryReports" xlink:to="reference_SupplementaryReports_2" order="10.0"/>
    <link:loc xlink:type="locator" xlink:href="../mrv-core_2013-12-20.xsd#mrv_ValueOfKeyFigureOrFinancialRatio" xlink:label="ValueOfKeyFigureOrFinancialRatio"/>
    <link:reference xlink:type="resource" xlink:label="reference_ValueOfKeyFigureOrFinancialRatio" xlink:role="http://www.xbrl.org/2003/role/reference" id="reference_ValueOfKeyFigureOrFinancialRatio">
      <ref:Publisher>Økonomi- og Erhvervsministeriet</ref:Publisher>
      <ref:Name>Årsregnskabsloven</ref:Name>
      <ref:Paragraph>101</ref:Paragraph>
      <ref:Subparagraph>1</ref:Subparagraph>
      <ref:Clause>2</ref:Clause>
    </link:reference>
    <link:referenceArc xlink:type="arc" xlink:arcrole="http://www.xbrl.org/2003/arcrole/concept-reference" xlink:from="ValueOfKeyFigureOrFinancialRatio" xlink:to="reference_ValueOfKeyFigureOrFinancialRatio" order="10.0"/>
    <link:loc xlink:type="locator" xlink:href="../mrv-core_2013-12-20.xsd#mrv_EquityRatio" xlink:label="EquityRatio"/>
    <link:reference xlink:type="resource" xlink:label="reference_EquityRatio" xlink:role="http://www.xbrl.org/2003/role/reference" id="reference_EquityRatio">
      <ref:Publisher>Erhvervs- og Selskabsstyrelsen</ref:Publisher>
      <ref:Name>Praksis </ref:Name>
    </link:reference>
    <link:referenceArc xlink:type="arc" xlink:arcrole="http://www.xbrl.org/2003/arcrole/concept-reference" xlink:from="EquityRatio" xlink:to="reference_EquityRatio" order="10.0"/>
    <link:loc xlink:type="locator" xlink:href="../mrv-core_2013-12-20.xsd#mrv_CorporateGovernanceReport" xlink:label="copyOfStatementOfCorporateSocialResponsibility" xlink:title="copyOfStatementOfCorporateSocialResponsibility"/>
    <link:reference xlink:type="resource" xlink:label="reference_copyOfStatementOfCorporateSocialResponsibility" xlink:role="http://www.xbrl.org/2003/role/reference" xlink:title="reference_copyOfStatementOfCorporateSocialResponsibility" id="reference_copyOfStatementOfCorporateSocialResponsibility">
      <ref:Publisher>Økonomi- og Erhvervsministeriet</ref:Publisher>
      <ref:Name>Årsregnskabsloven</ref:Name>
      <ref:Paragraph>107b</ref:Paragraph>
    </link:reference>
    <link:referenceArc xlink:type="arc" xlink:arcrole="http://www.xbrl.org/2003/arcrole/concept-reference" xlink:from="copyOfStatementOfCorporateSocialResponsibility" xlink:to="reference_copyOfStatementOfCorporateSocialResponsibility" xlink:title="reference: copyOfStatementOfCorporateSocialResponsibility to reference_copyOfStatementOfCorporateSocialResponsibility"/>
    <link:reference xlink:type="resource" xlink:label="reference_StatementOfCorporateGovernanceReport" xlink:role="http://www.xbrl.org/2003/role/reference" xlink:title="reference_StatementOfCorporateGovernanceReport" id="reference_StatementOfCorporateGovernanceReport">
      <ref:Publisher>Økonomi- og Erhvervsministeriet</ref:Publisher>
      <ref:Name>Årsregnskabsloven</ref:Name>
      <ref:Paragraph>107c</ref:Paragraph>
    </link:reference>
    <link:referenceArc xlink:type="arc" xlink:arcrole="http://www.xbrl.org/2003/arcrole/concept-reference" xlink:from="copyOfStatementOfCorporateSocialResponsibility" xlink:to="reference_StatementOfCorporateGovernanceReport" xlink:title="reference: StatementOfCorporateGovernanceReport to reference_StatementOfCorporateGovernanceReport"/>
    <link:loc xlink:type="locator" xlink:href="../mrv-core_2013-12-20.xsd#mrv_LinkToCorporateGovernanceReport" xlink:label="LinkStatementOfCorporateGovernanceReport" xlink:title="LinkStatementOfCorporateGovernanceReport"/>
    <link:reference xlink:type="resource" xlink:label="reference_LinkStatementOfCorporateGovernanceReport" xlink:role="http://www.xbrl.org/2003/role/reference" xlink:title="reference_LinkStatementOfCorporateGovernanceReport" id="reference_LinkStatementOfCorporateGovernanceReport">
      <ref:Publisher>Økonomi- og Erhvervsministeriet</ref:Publisher>
      <ref:Name>Årsregnskabsloven</ref:Name>
      <ref:Paragraph>107b</ref:Paragraph>
      <ref:Subparagraph>4</ref:Subparagraph>
    </link:reference>
    <link:referenceArc xlink:type="arc" xlink:arcrole="http://www.xbrl.org/2003/arcrole/concept-reference" xlink:from="LinkStatementOfCorporateGovernanceReport" xlink:to="reference_LinkStatementOfCorporateGovernanceReport" xlink:title="reference: LinkStatementOfCorporateGovernanceReport to reference_LinkStatementOfCorporateGovernanceReport"/>
    <link:reference xlink:type="resource" xlink:label="reference_LinkStatementOfCorporateGovernanceReport_2" xlink:role="http://www.xbrl.org/2003/role/reference" xlink:title="reference_LinkStatementOfCorporateGovernanceReport" id="reference_LinkStatementOfCorporateGovernanceReport_2">
      <ref:Publisher>Økonomi- og Erhvervsministeriet</ref:Publisher>
      <ref:Name>Årsregnskabsloven</ref:Name>
      <ref:Paragraph>107c</ref:Paragraph>
      <ref:Clause>4</ref:Clause>
    </link:reference>
    <link:referenceArc xlink:type="arc" xlink:arcrole="http://www.xbrl.org/2003/arcrole/concept-reference" xlink:from="LinkStatementOfCorporateGovernanceReport" xlink:to="reference_LinkStatementOfCorporateGovernanceReport_2" xlink:title="reference: LinkStatementOfCorporateGovernanceReport to reference_LinkStatementOfCorporateGovernanceReport"/>
  </link:referenceLink>
</link:linkbase>
