<?xml version="1.0" encoding="UTF-8"?>
<!-- Generated by Fujitsu Interstage XWand B0209 -->
<?officialURI http://archprod.service.eogs.dk/taxonomy/20141220/ifrs/full_ifrs_dk/ifrs-dk_410.00_2014-12-20/pre_ifrs-dk_2014-12-20_role-410.00.xml?>

<?taxonomy-version 0.2.0?>

<link:linkbase xmlns:xsi="http://www.w3.org/2001/XMLSchema-instance" xsi:schemaLocation="http://www.xbrl.org/2003/linkbase http://www.xbrl.org/2003/xbrl-linkbase-2003-12-31.xsd" xmlns:link="http://www.xbrl.org/2003/linkbase" xmlns:rol_ifrs-dk_410.00_2014-12-20="http://xbrl.dcca.dk/role/ifrs-dk/rol_ifrs-dk_410.00_2014-12-20" xmlns:xbrldt="http://xbrl.org/2005/xbrldt" xmlns:xbrli="http://www.xbrl.org/2003/instance" xmlns:xlink="http://www.w3.org/1999/xlink">
  <link:roleRef roleURI="http://www.xbrl.org/2009/role/negatedLabel" xlink:type="simple" xlink:href="http://www.xbrl.org/lrr/role/negated-2009-12-16.xsd#negatedLabel"/>
  <link:roleRef roleURI="http://www.xbrl.org/2009/role/negatedTerseLabel" xlink:type="simple" xlink:href="http://www.xbrl.org/lrr/role/negated-2009-12-16.xsd#negatedTerseLabel"/>
  <link:roleRef roleURI="http://www.xbrl.org/2009/role/negatedTotalLabel" xlink:type="simple" xlink:href="http://www.xbrl.org/lrr/role/negated-2009-12-16.xsd#negatedTotalLabel"/>
  <link:roleRef roleURI="http://www.xbrl.org/2009/role/netLabel" xlink:type="simple" xlink:href="http://www.xbrl.org/lrr/role/net-2009-12-16.xsd#netLabel"/>
  <link:roleRef roleURI="http://xbrl.dcca.dk/role/410.00/StatementOfComprehensiveIncomeOCIComponentsPresentedNetOfTax" xlink:type="simple" xlink:href="rol_ifrs-dk_410.00_2014-12-20.xsd#ifrs-dk_41000_StatementOfComprehensiveIncomeOCIComponentsPresentedNetOfTax"/>
  <link:presentationLink xlink:type="extended" xlink:role="http://xbrl.dcca.dk/role/410.00/StatementOfComprehensiveIncomeOCIComponentsPresentedNetOfTax">
    <link:loc xlink:type="locator" xlink:href="../../../cmn.xsd#cmn_CommonTable" xlink:label="CommonTable"/>
    <link:loc xlink:type="locator" xlink:href="../../../../full_ifrs-cor_2014-03-05.xsd#ifrs-full_ConsolidatedAndSeparateFinancialStatementsAxis" xlink:label="ConsolidatedAndSeparateFinancialStatementsAxis"/>
    <link:presentationArc xlink:type="arc" xlink:arcrole="http://www.xbrl.org/2003/arcrole/parent-child" xlink:from="CommonTable" xlink:to="ConsolidatedAndSeparateFinancialStatementsAxis" xlink:title="presentation: CommonTable to ConsolidatedAndSeparateFinancialStatementsAxis" order="1.0"/>
    <link:loc xlink:type="locator" xlink:href="../../../../full_ifrs-cor_2014-03-05.xsd#ifrs-full_ConsolidatedMember" xlink:label="ConsolidatedMember"/>
    <link:presentationArc xlink:type="arc" xlink:arcrole="http://www.xbrl.org/2003/arcrole/parent-child" xlink:from="ConsolidatedAndSeparateFinancialStatementsAxis" xlink:to="ConsolidatedMember" xlink:title="presentation: ConsolidatedAndSeparateFinancialStatementsAxis to ConsolidatedMember" order="1.0"/>
    <link:loc xlink:type="locator" xlink:href="../../../../full_ifrs-cor_2014-03-05.xsd#ifrs-full_SeparateMember" xlink:label="SeparateMember"/>
    <link:presentationArc xlink:type="arc" xlink:arcrole="http://www.xbrl.org/2003/arcrole/parent-child" xlink:from="ConsolidatedAndSeparateFinancialStatementsAxis" xlink:to="SeparateMember" xlink:title="presentation: ConsolidatedAndSeparateFinancialStatementsAxis to SeparateMember" order="2.0"/>
    <link:loc xlink:type="locator" xlink:href="../../../../full_ifrs-cor_2014-03-05.xsd#ifrs-full_StatementOfComprehensiveIncomeAbstract" xlink:label="StatementOfComprehensiveIncomeAbstract"/>
    <link:loc xlink:type="locator" xlink:href="../../../../full_ifrs-cor_2014-03-05.xsd#ifrs-full_ProfitLoss" xlink:label="ProfitLoss"/>
    <link:presentationArc xlink:type="arc" xlink:arcrole="http://www.xbrl.org/2003/arcrole/parent-child" xlink:from="StatementOfComprehensiveIncomeAbstract" xlink:to="ProfitLoss" order="1.0"/>
    <link:loc xlink:type="locator" xlink:href="../../../../full_ifrs-cor_2014-03-05.xsd#ifrs-full_ComprehensiveIncome" xlink:label="ComprehensiveIncome"/>
    <link:presentationArc xlink:type="arc" xlink:arcrole="http://www.xbrl.org/2003/arcrole/parent-child" xlink:from="StatementOfComprehensiveIncomeAbstract" xlink:to="ComprehensiveIncome" order="3.0" preferredLabel="http://www.xbrl.org/2003/role/totalLabel"/>
    <link:loc xlink:type="locator" xlink:href="../../../../full_ifrs-cor_2014-03-05.xsd#ifrs-full_ComprehensiveIncomeAttributableToAbstract" xlink:label="ComprehensiveIncomeAttributableToAbstract"/>
    <link:presentationArc xlink:type="arc" xlink:arcrole="http://www.xbrl.org/2003/arcrole/parent-child" xlink:from="StatementOfComprehensiveIncomeAbstract" xlink:to="ComprehensiveIncomeAttributableToAbstract" order="4.0"/>
    <link:loc xlink:type="locator" xlink:href="../../../../full_ifrs-cor_2014-03-05.xsd#ifrs-full_ComprehensiveIncomeAttributableToOwnersOfParent" xlink:label="ComprehensiveIncomeAttributableToOwnersOfParent"/>
    <link:presentationArc xlink:type="arc" xlink:arcrole="http://www.xbrl.org/2003/arcrole/parent-child" xlink:from="ComprehensiveIncomeAttributableToAbstract" xlink:to="ComprehensiveIncomeAttributableToOwnersOfParent" order="1.0"/>
    <link:loc xlink:type="locator" xlink:href="../../../../full_ifrs-cor_2014-03-05.xsd#ifrs-full_ComprehensiveIncomeAttributableToNoncontrollingInterests" xlink:label="ComprehensiveIncomeAttributableToNoncontrollingInterests"/>
    <link:presentationArc xlink:type="arc" xlink:arcrole="http://www.xbrl.org/2003/arcrole/parent-child" xlink:from="ComprehensiveIncomeAttributableToAbstract" xlink:to="ComprehensiveIncomeAttributableToNoncontrollingInterests" order="2.0"/>
    <link:loc xlink:type="locator" xlink:href="../../ifrs-dk-cor_2014-12-20.xsd#ifrs-dk_ComprehensiveIncomeAttributableToMembersOfAssociation" xlink:label="ComprehensiveIncomeAttributableToMembersOfAssociation"/>
    <link:presentationArc xlink:type="arc" xlink:arcrole="http://www.xbrl.org/2003/arcrole/parent-child" xlink:from="ComprehensiveIncomeAttributableToAbstract" xlink:to="ComprehensiveIncomeAttributableToMembersOfAssociation" use="optional" order="3.0"/>
    <link:loc xlink:type="locator" xlink:href="../../../../full_ifrs-cor_2014-03-05.xsd#ifrs-full_OtherComprehensiveIncomeAbstract" xlink:label="OtherComprehensiveIncomeAbstract"/>
    <link:presentationArc xlink:type="arc" xlink:arcrole="http://www.xbrl.org/2003/arcrole/parent-child" xlink:from="StatementOfComprehensiveIncomeAbstract" xlink:to="OtherComprehensiveIncomeAbstract" order="2.0"/>
    <link:loc xlink:type="locator" xlink:href="../../../../full_ifrs-cor_2014-03-05.xsd#ifrs-full_OtherComprehensiveIncome" xlink:label="OtherComprehensiveIncome"/>
    <link:presentationArc xlink:type="arc" xlink:arcrole="http://www.xbrl.org/2003/arcrole/parent-child" xlink:from="OtherComprehensiveIncomeAbstract" xlink:to="OtherComprehensiveIncome" order="4.0" preferredLabel="http://www.xbrl.org/2003/role/totalLabel"/>
    <link:loc xlink:type="locator" xlink:href="../../ifrs-dk-cor_2014-12-20.xsd#ifrs-dk_ComponentsOfOtherComprehensiveIncomeNetOfTaxAbstract" xlink:label="ComponentsOfOtherComprehensiveIncomeNetOfTaxAbstract"/>
    <link:presentationArc xlink:type="arc" xlink:arcrole="http://www.xbrl.org/2003/arcrole/parent-child" xlink:from="OtherComprehensiveIncomeAbstract" xlink:to="ComponentsOfOtherComprehensiveIncomeNetOfTaxAbstract" order="1.0"/>
    <link:loc xlink:type="locator" xlink:href="../../ifrs-dk-cor_2014-12-20.xsd#ifrs-dk_OtherComprehensiveIncomeNetOfTaxActuarialGainsLossesOnDefinedBenefitPlans" xlink:label="OtherComprehensiveIncomeNetOfTaxActuarialGainsLossesOnDefinedBenefitPlans"/>
    <link:presentationArc xlink:type="arc" xlink:arcrole="http://www.xbrl.org/2003/arcrole/parent-child" xlink:from="ComponentsOfOtherComprehensiveIncomeNetOfTaxAbstract" xlink:to="OtherComprehensiveIncomeNetOfTaxActuarialGainsLossesOnDefinedBenefitPlans" order="12.0"/>
    <link:loc xlink:type="locator" xlink:href="../../../../full_ifrs-cor_2014-03-05.xsd#ifrs-full_ExchangeDifferencesOnTranslationAbstract" xlink:label="ExchangeDifferencesOnTranslationAbstract"/>
    <link:presentationArc xlink:type="arc" xlink:arcrole="http://www.xbrl.org/2003/arcrole/parent-child" xlink:from="ComponentsOfOtherComprehensiveIncomeNetOfTaxAbstract" xlink:to="ExchangeDifferencesOnTranslationAbstract" order="1.0"/>
    <link:loc xlink:type="locator" xlink:href="../../../../full_ifrs-cor_2014-03-05.xsd#ifrs-full_GainsLossesOnExchangeDifferencesOnTranslationNetOfTax" xlink:label="GainsLossesOnExchangeDifferencesOnTranslationNetOfTax"/>
    <link:presentationArc xlink:type="arc" xlink:arcrole="http://www.xbrl.org/2003/arcrole/parent-child" xlink:from="ExchangeDifferencesOnTranslationAbstract" xlink:to="GainsLossesOnExchangeDifferencesOnTranslationNetOfTax" order="1.0"/>
    <link:loc xlink:type="locator" xlink:href="../../../../full_ifrs-cor_2014-03-05.xsd#ifrs-full_ReclassificationAdjustmentsOnExchangeDifferencesOnTranslationNetOfTax" xlink:label="ReclassificationAdjustmentsOnExchangeDifferencesOnTranslationNetOfTax"/>
    <link:presentationArc xlink:type="arc" xlink:arcrole="http://www.xbrl.org/2003/arcrole/parent-child" xlink:from="ExchangeDifferencesOnTranslationAbstract" xlink:to="ReclassificationAdjustmentsOnExchangeDifferencesOnTranslationNetOfTax" order="2.0" preferredLabel="http://www.xbrl.org/2009/role/negatedLabel"/>
    <link:loc xlink:type="locator" xlink:href="../../../../full_ifrs-cor_2014-03-05.xsd#ifrs-full_OtherComprehensiveIncomeNetOfTaxExchangeDifferencesOnTranslation" xlink:label="OtherComprehensiveIncomeNetOfTaxExchangeDifferencesOnTranslation"/>
    <link:presentationArc xlink:type="arc" xlink:arcrole="http://www.xbrl.org/2003/arcrole/parent-child" xlink:from="ExchangeDifferencesOnTranslationAbstract" xlink:to="OtherComprehensiveIncomeNetOfTaxExchangeDifferencesOnTranslation" order="5.0" preferredLabel="http://www.xbrl.org/2003/role/totalLabel"/>
    <link:loc xlink:type="locator" xlink:href="../../ifrs-dk-cor_2014-12-20.xsd#ifrs-dk_ReserveForGainsLossesOnCurrencyTranslation" xlink:label="ReserveForGainsLossesOnCurrencyTranslation"/>
    <link:presentationArc xlink:type="arc" xlink:arcrole="http://www.xbrl.org/2003/arcrole/parent-child" xlink:from="ExchangeDifferencesOnTranslationAbstract" xlink:to="ReserveForGainsLossesOnCurrencyTranslation" order="3.0"/>
    <link:loc xlink:type="locator" xlink:href="../../ifrs-dk-cor_2014-12-20.xsd#ifrs-dk_ReversalOfExchangeGainsLosses" xlink:label="ReversalOfExchangeGainsLosses"/>
    <link:presentationArc xlink:type="arc" xlink:arcrole="http://www.xbrl.org/2003/arcrole/parent-child" xlink:from="ExchangeDifferencesOnTranslationAbstract" xlink:to="ReversalOfExchangeGainsLosses" order="4.0"/>
    <link:loc xlink:type="locator" xlink:href="../../../../full_ifrs-cor_2014-03-05.xsd#ifrs-full_AvailableforsaleFinancialAssetsAbstract" xlink:label="AvailableforsaleFinancialAssetsAbstract"/>
    <link:presentationArc xlink:type="arc" xlink:arcrole="http://www.xbrl.org/2003/arcrole/parent-child" xlink:from="ComponentsOfOtherComprehensiveIncomeNetOfTaxAbstract" xlink:to="AvailableforsaleFinancialAssetsAbstract" order="6.0"/>
    <link:loc xlink:type="locator" xlink:href="../../../../full_ifrs-cor_2014-03-05.xsd#ifrs-full_GainsLossesOnRemeasuringAvailableforsaleFinancialAssetsNetOfTax" xlink:label="GainsLossesOnRemeasuringAvailableforsaleFinancialAssetsNetOfTax"/>
    <link:presentationArc xlink:type="arc" xlink:arcrole="http://www.xbrl.org/2003/arcrole/parent-child" xlink:from="AvailableforsaleFinancialAssetsAbstract" xlink:to="GainsLossesOnRemeasuringAvailableforsaleFinancialAssetsNetOfTax" order="1.0"/>
    <link:loc xlink:type="locator" xlink:href="../../../../full_ifrs-cor_2014-03-05.xsd#ifrs-full_ReclassificationAdjustmentsOnAvailableforsaleFinancialAssetsNetOfTax" xlink:label="ReclassificationAdjustmentsOnAvailableforsaleFinancialAssetsNetOfTax"/>
    <link:presentationArc xlink:type="arc" xlink:arcrole="http://www.xbrl.org/2003/arcrole/parent-child" xlink:from="AvailableforsaleFinancialAssetsAbstract" xlink:to="ReclassificationAdjustmentsOnAvailableforsaleFinancialAssetsNetOfTax" order="2.0" preferredLabel="http://www.xbrl.org/2009/role/negatedLabel"/>
    <link:loc xlink:type="locator" xlink:href="../../../../full_ifrs-cor_2014-03-05.xsd#ifrs-full_OtherComprehensiveIncomeNetOfTaxAvailableforsaleFinancialAssets" xlink:label="OtherComprehensiveIncomeNetOfTaxAvailableforsaleFinancialAssets"/>
    <link:presentationArc xlink:type="arc" xlink:arcrole="http://www.xbrl.org/2003/arcrole/parent-child" xlink:from="AvailableforsaleFinancialAssetsAbstract" xlink:to="OtherComprehensiveIncomeNetOfTaxAvailableforsaleFinancialAssets" order="3.0" preferredLabel="http://www.xbrl.org/2003/role/totalLabel"/>
    <link:loc xlink:type="locator" xlink:href="../../../../full_ifrs-cor_2014-03-05.xsd#ifrs-full_CashFlowHedgesAbstract" xlink:label="CashFlowHedgesAbstract"/>
    <link:presentationArc xlink:type="arc" xlink:arcrole="http://www.xbrl.org/2003/arcrole/parent-child" xlink:from="ComponentsOfOtherComprehensiveIncomeNetOfTaxAbstract" xlink:to="CashFlowHedgesAbstract" order="7.0"/>
    <link:loc xlink:type="locator" xlink:href="../../../../full_ifrs-cor_2014-03-05.xsd#ifrs-full_GainsLossesOnCashFlowHedgesNetOfTax" xlink:label="GainsLossesOnCashFlowHedgesNetOfTax"/>
    <link:presentationArc xlink:type="arc" xlink:arcrole="http://www.xbrl.org/2003/arcrole/parent-child" xlink:from="CashFlowHedgesAbstract" xlink:to="GainsLossesOnCashFlowHedgesNetOfTax" order="1.0"/>
    <link:loc xlink:type="locator" xlink:href="../../../../full_ifrs-cor_2014-03-05.xsd#ifrs-full_ReclassificationAdjustmentsOnCashFlowHedgesNetOfTax" xlink:label="ReclassificationAdjustmentsOnCashFlowHedgesNetOfTax"/>
    <link:presentationArc xlink:type="arc" xlink:arcrole="http://www.xbrl.org/2003/arcrole/parent-child" xlink:from="CashFlowHedgesAbstract" xlink:to="ReclassificationAdjustmentsOnCashFlowHedgesNetOfTax" order="2.0" preferredLabel="http://www.xbrl.org/2009/role/negatedLabel"/>
    <link:loc xlink:type="locator" xlink:href="../../../../full_ifrs-cor_2014-03-05.xsd#ifrs-full_AdjustmentsForAmountsTransferredToInitialCarryingAmountOfHedgedItems" xlink:label="AdjustmentsForAmountsTransferredToInitialCarryingAmountOfHedgedItems"/>
    <link:presentationArc xlink:type="arc" xlink:arcrole="http://www.xbrl.org/2003/arcrole/parent-child" xlink:from="CashFlowHedgesAbstract" xlink:to="AdjustmentsForAmountsTransferredToInitialCarryingAmountOfHedgedItems" order="3.0" preferredLabel="http://www.xbrl.org/2009/role/negatedLabel"/>
    <link:loc xlink:type="locator" xlink:href="../../../../full_ifrs-cor_2014-03-05.xsd#ifrs-full_OtherComprehensiveIncomeNetOfTaxCashFlowHedges" xlink:label="OtherComprehensiveIncomeNetOfTaxCashFlowHedges"/>
    <link:presentationArc xlink:type="arc" xlink:arcrole="http://www.xbrl.org/2003/arcrole/parent-child" xlink:from="CashFlowHedgesAbstract" xlink:to="OtherComprehensiveIncomeNetOfTaxCashFlowHedges" order="10.0" preferredLabel="http://www.xbrl.org/2003/role/totalLabel"/>
    <link:loc xlink:type="locator" xlink:href="../../ifrs-dk-cor_2014-12-20.xsd#ifrs-dk_TransferToNetSalesNetOfTax" xlink:label="TransferToNetSalesNetOfTax" xlink:title="TransferToNetSalesNetOfTax"/>
    <link:presentationArc xlink:type="arc" xlink:arcrole="http://www.xbrl.org/2003/arcrole/parent-child" xlink:from="CashFlowHedgesAbstract" xlink:to="TransferToNetSalesNetOfTax" xlink:title="presentation: CashFlowHedgesAbstract to TransferToNetSalesNetOfTax" order="5.0"/>
    <link:loc xlink:type="locator" xlink:href="../../ifrs-dk-cor_2014-12-20.xsd#ifrs-dk_TransferToProductionCostNetOfTax" xlink:label="TransferToProductionCostNetOfTax" xlink:title="TransferToProductionCostNetOfTax"/>
    <link:presentationArc xlink:type="arc" xlink:arcrole="http://www.xbrl.org/2003/arcrole/parent-child" xlink:from="CashFlowHedgesAbstract" xlink:to="TransferToProductionCostNetOfTax" xlink:title="presentation: CashFlowHedgesAbstract to TransferToProductionCostNetOfTax" order="6.0"/>
    <link:loc xlink:type="locator" xlink:href="../../ifrs-dk-cor_2014-12-20.xsd#ifrs-dk_TransferToCostOfSalesNetOfTax" xlink:label="TransferToCostOfSalesNetOfTax" xlink:title="TransferToCostOfSalesNetOfTax"/>
    <link:presentationArc xlink:type="arc" xlink:arcrole="http://www.xbrl.org/2003/arcrole/parent-child" xlink:from="CashFlowHedgesAbstract" xlink:to="TransferToCostOfSalesNetOfTax" xlink:title="presentation: CashFlowHedgesAbstract to TransferToCostOfSalesNetOfTax" order="7.0"/>
    <link:loc xlink:type="locator" xlink:href="../../ifrs-dk-cor_2014-12-20.xsd#ifrs-dk_TransferToFinanceCostNetOfTax" xlink:label="TransferToFinanceCostNetOfTax" xlink:title="TransferToFinanceCostNetOfTax"/>
    <link:presentationArc xlink:type="arc" xlink:arcrole="http://www.xbrl.org/2003/arcrole/parent-child" xlink:from="CashFlowHedgesAbstract" xlink:to="TransferToFinanceCostNetOfTax" xlink:title="presentation: CashFlowHedgesAbstract to TransferToFinanceCostNetOfTax" order="8.0"/>
    <link:loc xlink:type="locator" xlink:href="../../ifrs-dk-cor_2014-12-20.xsd#ifrs-dk_HedgesValueAdjustmentsNetOfTax" xlink:label="HedgesValueAdjustmentsNetOfTax" xlink:title="HedgesValueAdjustmentsNetOfTax"/>
    <link:presentationArc xlink:type="arc" xlink:arcrole="http://www.xbrl.org/2003/arcrole/parent-child" xlink:from="CashFlowHedgesAbstract" xlink:to="HedgesValueAdjustmentsNetOfTax" xlink:title="presentation: CashFlowHedgesAbstract to HedgesValueAdjustmentsNetOfTax" order="9.0"/>
    <link:loc xlink:type="locator" xlink:href="../../../../full_ifrs-cor_2014-03-05.xsd#ifrs-full_OtherComprehensiveIncomeNetOfTaxGainsLossesOnRevaluation" xlink:label="OtherComprehensiveIncomeNetOfTaxGainsLossesOnRevaluation"/>
    <link:presentationArc xlink:type="arc" xlink:arcrole="http://www.xbrl.org/2003/arcrole/parent-child" xlink:from="ComponentsOfOtherComprehensiveIncomeNetOfTaxAbstract" xlink:to="OtherComprehensiveIncomeNetOfTaxGainsLossesOnRevaluation" order="11.0"/>
    <link:loc xlink:type="locator" xlink:href="../../../../full_ifrs-cor_2014-03-05.xsd#ifrs-full_OtherComprehensiveIncomeNetOfTaxGainsLossesFromInvestmentsInEquityInstruments" xlink:label="OtherComprehensiveIncomeNetOfTaxGainsLossesFromInvestmentsInEquityInstruments"/>
    <link:presentationArc xlink:type="arc" xlink:arcrole="http://www.xbrl.org/2003/arcrole/parent-child" xlink:from="ComponentsOfOtherComprehensiveIncomeNetOfTaxAbstract" xlink:to="OtherComprehensiveIncomeNetOfTaxGainsLossesFromInvestmentsInEquityInstruments" order="10.0"/>
    <link:loc xlink:type="locator" xlink:href="../../../../full_ifrs-cor_2014-03-05.xsd#ifrs-full_HedgesOfNetInvestmentsInForeignOperationsAbstract" xlink:label="HedgesOfNetInvestmentsInForeignOperationsAbstract"/>
    <link:presentationArc xlink:type="arc" xlink:arcrole="http://www.xbrl.org/2003/arcrole/parent-child" xlink:from="ComponentsOfOtherComprehensiveIncomeNetOfTaxAbstract" xlink:to="HedgesOfNetInvestmentsInForeignOperationsAbstract" order="8.0"/>
    <link:loc xlink:type="locator" xlink:href="../../../../full_ifrs-cor_2014-03-05.xsd#ifrs-full_GainsLossesOnHedgesOfNetInvestmentsInForeignOperationsNetOfTax" xlink:label="GainsLossesOnHedgesOfNetInvestmentsInForeignOperationsNetOfTax"/>
    <link:presentationArc xlink:type="arc" xlink:arcrole="http://www.xbrl.org/2003/arcrole/parent-child" xlink:from="HedgesOfNetInvestmentsInForeignOperationsAbstract" xlink:to="GainsLossesOnHedgesOfNetInvestmentsInForeignOperationsNetOfTax" order="1.0"/>
    <link:loc xlink:type="locator" xlink:href="../../../../full_ifrs-cor_2014-03-05.xsd#ifrs-full_ReclassificationAdjustmentsOnHedgesOfNetInvestmentsInForeignOperationsNetOfTax" xlink:label="ReclassificationAdjustmentsOnHedgesOfNetInvestmentsInForeignOperationsNetOfTax"/>
    <link:presentationArc xlink:type="arc" xlink:arcrole="http://www.xbrl.org/2003/arcrole/parent-child" xlink:from="HedgesOfNetInvestmentsInForeignOperationsAbstract" xlink:to="ReclassificationAdjustmentsOnHedgesOfNetInvestmentsInForeignOperationsNetOfTax" order="2.0" preferredLabel="http://www.xbrl.org/2009/role/negatedLabel"/>
    <link:loc xlink:type="locator" xlink:href="../../../../full_ifrs-cor_2014-03-05.xsd#ifrs-full_OtherComprehensiveIncomeNetOfTaxHedgesOfNetInvestmentsInForeignOperations" xlink:label="OtherComprehensiveIncomeNetOfTaxHedgesOfNetInvestmentsInForeignOperations"/>
    <link:presentationArc xlink:type="arc" xlink:arcrole="http://www.xbrl.org/2003/arcrole/parent-child" xlink:from="HedgesOfNetInvestmentsInForeignOperationsAbstract" xlink:to="OtherComprehensiveIncomeNetOfTaxHedgesOfNetInvestmentsInForeignOperations" order="3.0" preferredLabel="http://www.xbrl.org/2003/role/totalLabel"/>
    <link:loc xlink:type="locator" xlink:href="../../../../full_ifrs-cor_2014-03-05.xsd#ifrs-full_OtherComprehensiveIncomeNetOfTaxChangeInFairValueOfFinancialLiabilityAttributableToChangeInCreditRiskOfLiability" xlink:label="OtherComprehensiveIncomeNetOfTaxChangeInFairValueOfFinancialLiabilityAttributableToChangeInCreditRiskOfLiability"/>
    <link:presentationArc xlink:type="arc" xlink:arcrole="http://www.xbrl.org/2003/arcrole/parent-child" xlink:from="ComponentsOfOtherComprehensiveIncomeNetOfTaxAbstract" xlink:to="OtherComprehensiveIncomeNetOfTaxChangeInFairValueOfFinancialLiabilityAttributableToChangeInCreditRiskOfLiability" order="13.0"/>
    <link:loc xlink:type="locator" xlink:href="../../ifrs-dk-cor_2014-12-20.xsd#ifrs-dk_OtherComprehensiveIncomeOtherIncome" xlink:label="OtherComprehensiveIncomeOtherIncome"/>
    <link:presentationArc xlink:type="arc" xlink:arcrole="http://www.xbrl.org/2003/arcrole/parent-child" xlink:from="ComponentsOfOtherComprehensiveIncomeNetOfTaxAbstract" xlink:to="OtherComprehensiveIncomeOtherIncome" order="3.0"/>
    <link:loc xlink:type="locator" xlink:href="../../ifrs-dk-cor_2014-12-20.xsd#ifrs-dk_OtherComprehensiveIncomeOtherCost" xlink:label="OtherComprehensiveIncomeOtherCost"/>
    <link:presentationArc xlink:type="arc" xlink:arcrole="http://www.xbrl.org/2003/arcrole/parent-child" xlink:from="ComponentsOfOtherComprehensiveIncomeNetOfTaxAbstract" xlink:to="OtherComprehensiveIncomeOtherCost" order="4.0" preferredLabel="http://www.xbrl.org/2009/role/negatedLabel"/>
    <link:loc xlink:type="locator" xlink:href="../../ifrs-dk-cor_2014-12-20.xsd#ifrs-dk_InflationGainsLosses" xlink:label="InflationGainsLosses"/>
    <link:presentationArc xlink:type="arc" xlink:arcrole="http://www.xbrl.org/2003/arcrole/parent-child" xlink:from="ComponentsOfOtherComprehensiveIncomeNetOfTaxAbstract" xlink:to="InflationGainsLosses" use="optional" order="2.0"/>
    <link:loc xlink:type="locator" xlink:href="../../ifrs-dk-cor_2014-12-20.xsd#ifrs-dk_ActuarialGainsLosses" xlink:label="ActuarialGainsLosses"/>
    <link:presentationArc xlink:type="arc" xlink:arcrole="http://www.xbrl.org/2003/arcrole/parent-child" xlink:from="ComponentsOfOtherComprehensiveIncomeNetOfTaxAbstract" xlink:to="ActuarialGainsLosses" order="5.0"/>
    <link:loc xlink:type="locator" xlink:href="../../ifrs-dk-cor_2014-12-20.xsd#ifrs-dk_AdjustmentsToValuationGainsLosses" xlink:label="AdjustmentsToValuationGainsLosses"/>
    <link:presentationArc xlink:type="arc" xlink:arcrole="http://www.xbrl.org/2003/arcrole/parent-child" xlink:from="ComponentsOfOtherComprehensiveIncomeNetOfTaxAbstract" xlink:to="AdjustmentsToValuationGainsLosses" order="9.0" preferredLabel="http://www.xbrl.org/2009/role/netLabel"/>
    <link:loc xlink:type="locator" xlink:href="../../../../full_ifrs-cor_2014-03-05.xsd#ifrs-full_ShareOfOtherComprehensiveIncomeOfAssociatesAndJointVenturesAccountedForUsingEquityMethod" xlink:label="ShareOfOtherComprehensiveIncomeOfAssociatesAndJointVenturesAccountedForUsingEquityMethod"/>
    <link:presentationArc xlink:type="arc" xlink:arcrole="http://www.xbrl.org/2003/arcrole/parent-child" xlink:from="OtherComprehensiveIncomeAbstract" xlink:to="ShareOfOtherComprehensiveIncomeOfAssociatesAndJointVenturesAccountedForUsingEquityMethod" order="2.0"/>
    <link:loc xlink:type="locator" xlink:href="../../ifrs-dk-cor_2014-12-20.xsd#ifrs-dk_PensionObligations" xlink:label="PensionObligations"/>
    <link:presentationArc xlink:type="arc" xlink:arcrole="http://www.xbrl.org/2003/arcrole/parent-child" xlink:from="OtherComprehensiveIncomeAbstract" xlink:to="PensionObligations" order="3.0" preferredLabel="http://www.xbrl.org/2009/role/negatedLabel"/>
    <link:presentationArc xlink:type="arc" xlink:arcrole="http://www.xbrl.org/2003/arcrole/parent-child" xlink:from="StatementOfComprehensiveIncomeAbstract" xlink:to="CommonTable" xlink:title="presentation: StatementOfComprehensiveIncomeAbstract to CommonTable" order="5.0"/>
  </link:presentationLink>
</link:linkbase>
