<?xml version="1.0" encoding="UTF-8"?>
<?officialURI http://archprod.service.eogs.dk/taxonomy/20141220/sob/labels/lab-sob-en_2014-12-20.xml?>
<?taxonomy-version 0.2.0?>

<link:linkbase xmlns:xsi="http://www.w3.org/2001/XMLSchema-instance" xsi:schemaLocation="http://www.xbrl.org/2003/linkbase http://www.xbrl.org/2003/xbrl-linkbase-2003-12-31.xsd" xmlns:link="http://www.xbrl.org/2003/linkbase" xmlns:xbrli="http://www.xbrl.org/2003/instance" xmlns:xlink="http://www.w3.org/1999/xlink">
  <link:labelLink xlink:type="extended" xlink:role="http://www.xbrl.org/2003/role/link">
    <link:loc xlink:type="locator" xlink:href="../sob-cor-2014-12-20.xsd#sob_ApprovalOfAnnualReportAbstract" xlink:label="ApprovalOfAnnualReportAbstract"/>
    <link:label xlink:type="resource" xlink:label="label_ApprovalOfAnnualReportAbstract" xlink:role="http://www.xbrl.org/2003/role/label" xml:lang="en" id="label_ApprovalOfAnnualReportAbstract">Approval of annual report [abstract]</link:label>
    <link:labelArc xlink:type="arc" xlink:arcrole="http://www.xbrl.org/2003/arcrole/concept-label" xlink:from="ApprovalOfAnnualReportAbstract" xlink:to="label_ApprovalOfAnnualReportAbstract" order="10.0"/>
    <link:loc xlink:type="locator" xlink:href="../sob-cor-2014-12-20.xsd#sob_ConfirmationThatFinancialStatementGivesTrueAndFairViewOfAssetsLiabilitiesEquityFinancialPositionAndResults" xlink:label="ConfirmationThatFinancialStatementGivesTrueAndFairViewOfAssetsLiabilitiesEquityFinancialPositionAndResults"/>
    <link:label xlink:type="resource" xlink:label="label_ConfirmationThatFinancialStatementGivesTrueAndFairViewOfAssetsLiabilitiesEquityFinancialPositionAndResults" xlink:role="http://www.xbrl.org/2003/role/label" xml:lang="en" id="label_ConfirmationThatFinancialStatementGivesTrueAndFairViewOfAssetsLiabilitiesEquityFinancialPositionAndResults">Confirmation that financial statement gives true and fair view of assets, liabilities, equity, financial position and results</link:label>
    <link:labelArc xlink:type="arc" xlink:arcrole="http://www.xbrl.org/2003/arcrole/concept-label" xlink:from="ConfirmationThatFinancialStatementGivesTrueAndFairViewOfAssetsLiabilitiesEquityFinancialPositionAndResults" xlink:to="label_ConfirmationThatFinancialStatementGivesTrueAndFairViewOfAssetsLiabilitiesEquityFinancialPositionAndResults" order="10.0"/>
    <link:loc xlink:type="locator" xlink:href="../sob-cor-2014-12-20.xsd#sob_ConfirmationThatAnnualReportIsPresentedInAccordanceWithRequirementsProvidedForByLegislationAnyStandardsAndRequirementsProvidedByArticlesOfAssociationOrByAgreement" xlink:label="ConfirmationThatAnnualReportIsPresentedInAccordanceWithRequirementsProvidedForByLegislationAnyStandardsAndRequirementsProvidedByArticlesOfAssociationOrByAgreement"/>
    <link:label xlink:type="resource" xlink:label="label_ConfirmationThatAnnualReportIsPresentedInAccordanceWithRequirementsProvidedForByLegislationAnyStandardsAndRequirementsProvidedByArticlesOfAssociationOrByAgreement" xlink:role="http://www.xbrl.org/2003/role/label" xml:lang="en" id="label_ConfirmationThatAnnualReportIsPresentedInAccordanceWithRequirementsProvidedForByLegislationAnyStandardsAndRequirementsProvidedByArticlesOfAssociationOrByAgreement">Confirmation that annual report is presented in accordance with requirements provided for by legislation, any standards and requirements provided by articles of association or by agreement</link:label>
    <link:labelArc xlink:type="arc" xlink:arcrole="http://www.xbrl.org/2003/arcrole/concept-label" xlink:from="ConfirmationThatAnnualReportIsPresentedInAccordanceWithRequirementsProvidedForByLegislationAnyStandardsAndRequirementsProvidedByArticlesOfAssociationOrByAgreement" xlink:to="label_ConfirmationThatAnnualReportIsPresentedInAccordanceWithRequirementsProvidedForByLegislationAnyStandardsAndRequirementsProvidedByArticlesOfAssociationOrByAgreement" order="10.0"/>
    <link:loc xlink:type="locator" xlink:href="../sob-cor-2014-12-20.xsd#sob_ConfirmationThatFinancialStatementsAreExemptedFromAuditing" xlink:label="ConfirmationThatFinancialStatementsAreExemptedFromAuditing"/>
    <link:label xlink:type="resource" xlink:label="label_ConfirmationThatFinancialStatementsAreExemptedFromAuditing" xlink:role="http://www.xbrl.org/2003/role/label" xml:lang="en" id="label_ConfirmationThatFinancialStatementsAreExemptedFromAuditing">Confirmation that financial statements are exempted from auditing</link:label>
    <link:labelArc xlink:type="arc" xlink:arcrole="http://www.xbrl.org/2003/arcrole/concept-label" xlink:from="ConfirmationThatFinancialStatementsAreExemptedFromAuditing" xlink:to="label_ConfirmationThatFinancialStatementsAreExemptedFromAuditing" order="10.0"/>
    <link:loc xlink:type="locator" xlink:href="../sob-cor-2014-12-20.xsd#sob_ConfirmationThatSupplementaryReportsGiveTrueAndFairViewInAccordanceWithGenerallyAcceptedGuidelinesForSuchReports" xlink:label="ConfirmationThatSupplementaryReportsGiveTrueAndFairViewInAccordanceWithGenerallyAcceptedGuidelinesForSuchReports"/>
    <link:label xlink:type="resource" xlink:label="label_ConfirmationThatSupplementaryReportsGiveTrueAndFairViewInAccordanceWithGenerallyAcceptedGuidelinesForSuchReports" xlink:role="http://www.xbrl.org/2003/role/label" xml:lang="en" id="label_ConfirmationThatSupplementaryReportsGiveTrueAndFairViewInAccordanceWithGenerallyAcceptedGuidelinesForSuchReports">Confirmation that supplementary reports give true and fair view in accordance with generally accepted guidelines for such reports</link:label>
    <link:labelArc xlink:type="arc" xlink:arcrole="http://www.xbrl.org/2003/arcrole/concept-label" xlink:from="ConfirmationThatSupplementaryReportsGiveTrueAndFairViewInAccordanceWithGenerallyAcceptedGuidelinesForSuchReports" xlink:to="label_ConfirmationThatSupplementaryReportsGiveTrueAndFairViewInAccordanceWithGenerallyAcceptedGuidelinesForSuchReports" order="10.0"/>
    <link:loc xlink:type="locator" xlink:href="../sob-cor-2014-12-20.xsd#sob_DateOfApprovalOfAnnualReport" xlink:label="DateOfApprovalOfAnnualReport"/>
    <link:label xlink:type="resource" xlink:label="label_DateOfApprovalOfAnnualReport" xlink:role="http://www.xbrl.org/2003/role/label" xml:lang="en" id="label_DateOfApprovalOfAnnualReport">Date of approval of annual report</link:label>
    <link:labelArc xlink:type="arc" xlink:arcrole="http://www.xbrl.org/2003/arcrole/concept-label" xlink:from="DateOfApprovalOfAnnualReport" xlink:to="label_DateOfApprovalOfAnnualReport" order="10.0"/>
    <link:loc xlink:type="locator" xlink:href="../sob-cor-2014-12-20.xsd#sob_DescriptionOfSpecificAndAdequateGroundsForObjectionsOfMemberOfExecutiveBoardOnAnnualReport" xlink:label="DescriptionOfSpecificAndAdequateGroundsForObjectionsOfMemberOfExecutiveBoardOnAnnualReport"/>
    <link:label xlink:type="resource" xlink:label="label_DescriptionOfSpecificAndAdequateGroundsForObjectionsOfMemberOfExecutiveBoardOnAnnualReport" xlink:role="http://www.xbrl.org/2003/role/label" xml:lang="en" id="label_DescriptionOfSpecificAndAdequateGroundsForObjectionsOfMemberOfExecutiveBoardOnAnnualReport">Description of specific and adequate grounds for objections of member of executive board on annual report</link:label>
    <link:labelArc xlink:type="arc" xlink:arcrole="http://www.xbrl.org/2003/arcrole/concept-label" xlink:from="DescriptionOfSpecificAndAdequateGroundsForObjectionsOfMemberOfExecutiveBoardOnAnnualReport" xlink:to="label_DescriptionOfSpecificAndAdequateGroundsForObjectionsOfMemberOfExecutiveBoardOnAnnualReport" order="10.0"/>
    <link:loc xlink:type="locator" xlink:href="../sob-cor-2014-12-20.xsd#sob_DescriptionOfObjectionsOfMemberOfExecutiveBoardOnAnnualReport" xlink:label="DescriptionOfObjectionsOfMemberOfExecutiveBoardOnAnnualReport"/>
    <link:label xlink:type="resource" xlink:label="label_DescriptionOfObjectionsOfMemberOfExecutiveBoardOnAnnualReport" xlink:role="http://www.xbrl.org/2003/role/label" xml:lang="en" id="label_DescriptionOfObjectionsOfMemberOfExecutiveBoardOnAnnualReport">Description of objections of member of executive board on annual report</link:label>
    <link:labelArc xlink:type="arc" xlink:arcrole="http://www.xbrl.org/2003/arcrole/concept-label" xlink:from="DescriptionOfObjectionsOfMemberOfExecutiveBoardOnAnnualReport" xlink:to="label_DescriptionOfObjectionsOfMemberOfExecutiveBoardOnAnnualReport" order="10.0"/>
    <link:loc xlink:type="locator" xlink:href="../sob-cor-2014-12-20.xsd#sob_StatementOnOptingOutOfAuditingFinancialStatementsInNextReportingPeriodDueToExemption" xlink:label="StatementOnOptingOutOfAuditingFinancialStatementsInNextReportingPeriodDueToExemption"/>
    <link:label xlink:type="resource" xlink:label="label_StatementOnOptingOutOfAuditingFinancialStatementsInNextReportingPeriodDueToExemption" xlink:role="http://www.xbrl.org/2003/role/label" xml:lang="en" id="label_StatementOnOptingOutOfAuditingFinancialStatementsInNextReportingPeriodDueToExemption">Statement on opting out of auditing financial statements in next reporting period due to exemption</link:label>
    <link:labelArc xlink:type="arc" xlink:arcrole="http://www.xbrl.org/2003/arcrole/concept-label" xlink:from="StatementOnOptingOutOfAuditingFinancialStatementsInNextReportingPeriodDueToExemption" xlink:to="label_StatementOnOptingOutOfAuditingFinancialStatementsInNextReportingPeriodDueToExemption" order="10.0"/>
    <link:loc xlink:type="locator" xlink:href="../sob-cor-2014-12-20.xsd#sob_PlaceOfSignatureOfStatement" xlink:label="PlaceOfSignatureOfStatement"/>
    <link:label xlink:type="resource" xlink:label="label_PlaceOfSignatureOfStatement" xlink:role="http://www.xbrl.org/2003/role/label" xml:lang="en" id="label_PlaceOfSignatureOfStatement">Place of signature of statement</link:label>
    <link:labelArc xlink:type="arc" xlink:arcrole="http://www.xbrl.org/2003/arcrole/concept-label" xlink:from="PlaceOfSignatureOfStatement" xlink:to="label_PlaceOfSignatureOfStatement" order="10.0"/>
    <link:loc xlink:type="locator" xlink:href="../sob-cor-2014-12-20.xsd#sob_StatementByExecutiveAndSupervisoryBoards" xlink:label="StatementByExecutiveAndSupervisoryBoards"/>
    <link:label xlink:type="resource" xlink:label="label_StatementByExecutiveAndSupervisoryBoards" xlink:role="http://www.xbrl.org/2003/role/label" xml:lang="en" id="label_StatementByExecutiveAndSupervisoryBoards">Statement by executive and supervisory boards</link:label>
    <link:labelArc xlink:type="arc" xlink:arcrole="http://www.xbrl.org/2003/arcrole/concept-label" xlink:from="StatementByExecutiveAndSupervisoryBoards" xlink:to="label_StatementByExecutiveAndSupervisoryBoards" order="10.0"/>
    <link:loc xlink:type="locator" xlink:href="../sob-cor-2014-12-20.xsd#sob_DetailsOnMemberOfExecutiveBoardApprovingAnnualReportHypercube" xlink:label="DetailsOnMemberOfExecutiveBoardApprovingAnnualReportHypercube"/>
    <link:label xlink:type="resource" xlink:label="label_DetailsOnMemberOfExecutiveBoardApprovingAnnualReportHypercube" xlink:role="http://www.xbrl.org/2003/role/label" xml:lang="en" id="label_DetailsOnMemberOfExecutiveBoardApprovingAnnualReportHypercube">Details on member of executive board approving annual report [table]</link:label>
    <link:labelArc xlink:type="arc" xlink:arcrole="http://www.xbrl.org/2003/arcrole/concept-label" xlink:from="DetailsOnMemberOfExecutiveBoardApprovingAnnualReportHypercube" xlink:to="label_DetailsOnMemberOfExecutiveBoardApprovingAnnualReportHypercube" order="10.0"/>
    <link:loc xlink:type="locator" xlink:href="../sob-cor-2014-12-20.xsd#sob_IdentificationOfApprovedAnnualReport" xlink:label="IdentificationOfApprovedAnnualReport"/>
    <link:label xlink:type="resource" xlink:label="label_IdentificationOfApprovedAnnualReport" xlink:role="http://www.xbrl.org/2003/role/label" xml:lang="en" id="label_IdentificationOfApprovedAnnualReport">Identification of approved annual report</link:label>
    <link:labelArc xlink:type="arc" xlink:arcrole="http://www.xbrl.org/2003/arcrole/concept-label" xlink:from="IdentificationOfApprovedAnnualReport" xlink:to="label_IdentificationOfApprovedAnnualReport" order="10.0"/>
    <link:loc xlink:type="locator" xlink:href="../sob-cor-2014-12-20.xsd#sob_RecommendationForApprovalOfAnnualReportByGeneralMeeting" xlink:label="RecommendationForApprovalOfAnnualReportByGeneralMeeting"/>
    <link:label xlink:type="resource" xlink:label="label_RecommendationForApprovalOfAnnualReportByGeneralMeeting" xlink:role="http://www.xbrl.org/2003/role/label" xml:lang="en" id="label_RecommendationForApprovalOfAnnualReportByGeneralMeeting">Recommendation for approval of annual report by general meeting</link:label>
    <link:labelArc xlink:type="arc" xlink:arcrole="http://www.xbrl.org/2003/arcrole/concept-label" xlink:from="RecommendationForApprovalOfAnnualReportByGeneralMeeting" xlink:to="label_RecommendationForApprovalOfAnnualReportByGeneralMeeting" order="10.0"/>
    <link:loc xlink:type="locator" xlink:href="../sob-cor-2014-12-20.xsd#sob_ManagementsStatementAboutManagementsReview" xlink:label="ManagementsStatementAboutManagementsReview"/>
    <link:label xlink:type="resource" xlink:label="label_ManagementsStatementAboutManagementsReview" xlink:role="http://www.xbrl.org/2003/role/label" xml:lang="en" id="label_ManagementsStatementAboutManagementsReview">Management's statement about management's review</link:label>
    <link:labelArc xlink:type="arc" xlink:arcrole="http://www.xbrl.org/2003/arcrole/concept-label" xlink:from="ManagementsStatementAboutManagementsReview" xlink:to="label_ManagementsStatementAboutManagementsReview" order="10.0"/>
    <link:loc xlink:type="locator" xlink:href="../sob-cor-2014-12-20.xsd#sob_DetailsOnMemberOfExecutiveBoardApprovingAnnualReportAbstract" xlink:label="DetailsOnMemberOfExecutiveBoardApprovingAnnualReportAbstract"/>
    <link:label xlink:type="resource" xlink:label="label_DetailsOnMemberOfExecutiveBoardApprovingAnnualReportAbstract" xlink:role="http://www.xbrl.org/2003/role/label" xml:lang="en" id="label_DetailsOnMemberOfExecutiveBoardApprovingAnnualReportAbstract">Details on member of executive board approving annual report [abstract]</link:label>
    <link:labelArc xlink:type="arc" xlink:arcrole="http://www.xbrl.org/2003/arcrole/concept-label" xlink:from="DetailsOnMemberOfExecutiveBoardApprovingAnnualReportAbstract" xlink:to="label_DetailsOnMemberOfExecutiveBoardApprovingAnnualReportAbstract" order="10.0"/>
    <link:loc xlink:type="locator" xlink:href="../sob-cor-2014-12-20.xsd#sob_DetailsOnMemberOfSupervisoryBoardApprovingAnnualReportAbstract" xlink:label="DetailsOnMemberOfSupervisoryBoardApprovingAnnualReportAbstract"/>
    <link:label xlink:type="resource" xlink:label="label_DetailsOnMemberOfSupervisoryBoardApprovingAnnualReportAbstract" xlink:role="http://www.xbrl.org/2003/role/label" xml:lang="en" id="label_DetailsOnMemberOfSupervisoryBoardApprovingAnnualReportAbstract">Details on member of supervisory board approving annual report [abstract]</link:label>
    <link:labelArc xlink:type="arc" xlink:arcrole="http://www.xbrl.org/2003/arcrole/concept-label" xlink:from="DetailsOnMemberOfSupervisoryBoardApprovingAnnualReportAbstract" xlink:to="label_DetailsOnMemberOfSupervisoryBoardApprovingAnnualReportAbstract" order="10.0"/>
    <link:loc xlink:type="locator" xlink:href="../sob-cor-2014-12-20.xsd#sob_DetailsOnMemberOfSupervisoryBoardApprovingAnnualReportHypercube" xlink:label="DetailsOnMemberOfSupervisoryBoardApprovingAnnualReportHypercube"/>
    <link:label xlink:type="resource" xlink:label="label_DetailsOnMemberOfSupervisoryBoardApprovingAnnualReportHypercube" xlink:role="http://www.xbrl.org/2003/role/label" xml:lang="en" id="label_DetailsOnMemberOfSupervisoryBoardApprovingAnnualReportHypercube">Details on member of supervisory board approving annual report [table]</link:label>
    <link:labelArc xlink:type="arc" xlink:arcrole="http://www.xbrl.org/2003/arcrole/concept-label" xlink:from="DetailsOnMemberOfSupervisoryBoardApprovingAnnualReportHypercube" xlink:to="label_DetailsOnMemberOfSupervisoryBoardApprovingAnnualReportHypercube" order="10.0"/>
    <link:loc xlink:type="locator" xlink:href="../sob-cor-2014-12-20.xsd#sob_DescriptionOfObjectionsOfMemberOfSupervisoryBoardOnAnnualReport" xlink:label="DescriptionOfObjectionsOfMemberOfSupervisoryBoardOnAnnualReport"/>
    <link:label xlink:type="resource" xlink:label="label_DescriptionOfObjectionsOfMemberOfSupervisoryBoardOnAnnualReport" xlink:role="http://www.xbrl.org/2003/role/label" xml:lang="en" id="label_DescriptionOfObjectionsOfMemberOfSupervisoryBoardOnAnnualReport">Description of objections of member of supervisory board on annual report</link:label>
    <link:labelArc xlink:type="arc" xlink:arcrole="http://www.xbrl.org/2003/arcrole/concept-label" xlink:from="DescriptionOfObjectionsOfMemberOfSupervisoryBoardOnAnnualReport" xlink:to="label_DescriptionOfObjectionsOfMemberOfSupervisoryBoardOnAnnualReport" order="10.0"/>
    <link:loc xlink:type="locator" xlink:href="../sob-cor-2014-12-20.xsd#sob_DescriptionOfSpecificAndAdequateGroundsForObjectionsOfMemberOfSupervisoryBoardOnAnnualReport" xlink:label="DescriptionOfSpecificAndAdequateGroundsForObjectionsOfMemberOfSupervisoryBoardOnAnnualReport"/>
    <link:label xlink:type="resource" xlink:label="label_DescriptionOfSpecificAndAdequateGroundsForObjectionsOfMemberOfSupervisoryBoardOnAnnualReport" xlink:role="http://www.xbrl.org/2003/role/label" xml:lang="en" id="label_DescriptionOfSpecificAndAdequateGroundsForObjectionsOfMemberOfSupervisoryBoardOnAnnualReport">Description of specific and adequate grounds for objections of member of supervisory board on annual report</link:label>
    <link:labelArc xlink:type="arc" xlink:arcrole="http://www.xbrl.org/2003/arcrole/concept-label" xlink:from="DescriptionOfSpecificAndAdequateGroundsForObjectionsOfMemberOfSupervisoryBoardOnAnnualReport" xlink:to="label_DescriptionOfSpecificAndAdequateGroundsForObjectionsOfMemberOfSupervisoryBoardOnAnnualReport" order="10.0"/>
  </link:labelLink>
</link:linkbase>
