<?xml version="1.0" encoding="UTF-8"?>
<?officialURI http://archprod.service.eogs.dk/taxonomy/20141220/mrv/labels/lab-mrv-da_2014-12-20.xml?>
<?taxonomy-version 0.2.0?>

<link:linkbase xmlns:xsi="http://www.w3.org/2001/XMLSchema-instance" xsi:schemaLocation="http://www.xbrl.org/2003/linkbase http://www.xbrl.org/2003/xbrl-linkbase-2003-12-31.xsd" xmlns:link="http://www.xbrl.org/2003/linkbase" xmlns:xbrli="http://www.xbrl.org/2003/instance" xmlns:xlink="http://www.w3.org/1999/xlink">
  <link:labelLink xlink:type="extended" xlink:role="http://www.xbrl.org/2003/role/link">
    <link:loc xlink:type="locator" xlink:href="../mrv-core_2014-12-20.xsd#mrv_DescriptionOfAnyUncertaintyConnectedWithRecognitionOrMeasurement" xlink:label="DescriptionOfAnyUncertaintyConnectedWithRecognitionOrMeasurement"/>
    <link:label xlink:type="resource" xlink:label="label_DescriptionOfAnyUncertaintyConnectedWithRecognitionOrMeasurement" xlink:role="http://www.xbrl.org/2003/role/label" xml:lang="da" id="label_DescriptionOfAnyUncertaintyConnectedWithRecognitionOrMeasurement">Beskrivelse af usikkerhed ved indregning eller måling</link:label>
    <link:labelArc xlink:type="arc" xlink:arcrole="http://www.xbrl.org/2003/arcrole/concept-label" xlink:from="DescriptionOfAnyUncertaintyConnectedWithRecognitionOrMeasurement" xlink:to="label_DescriptionOfAnyUncertaintyConnectedWithRecognitionOrMeasurement" order="10.0"/>
    <link:loc xlink:type="locator" xlink:href="../mrv-core_2014-12-20.xsd#mrv_DescriptionOfAnyUnusualMattersAffectingRecognitionOrMeasurement" xlink:label="DescriptionOfAnyUnusualMattersAffectingRecognitionOrMeasurement"/>
    <link:label xlink:type="resource" xlink:label="label_DescriptionOfAnyUnusualMattersAffectingRecognitionOrMeasurement" xlink:role="http://www.xbrl.org/2003/role/label" xml:lang="da" id="label_DescriptionOfAnyUnusualMattersAffectingRecognitionOrMeasurement">Beskrivelse af usædvanlige forhold, der kan have påvirket indregningen eller målingen</link:label>
    <link:labelArc xlink:type="arc" xlink:arcrole="http://www.xbrl.org/2003/arcrole/concept-label" xlink:from="DescriptionOfAnyUnusualMattersAffectingRecognitionOrMeasurement" xlink:to="label_DescriptionOfAnyUnusualMattersAffectingRecognitionOrMeasurement" order="10.0"/>
    <link:loc xlink:type="locator" xlink:href="../mrv-core_2014-12-20.xsd#mrv_DescriptionOfAssessmentOfAchievedResultsOfWorkWithCommunity" xlink:label="DescriptionOfAssessmentOfAchievedResultsOfWorkWithCommunity"/>
    <link:label xlink:type="resource" xlink:label="label_DescriptionOfAssessmentOfAchievedResultsOfWorkWithCommunity" xlink:role="http://www.xbrl.org/2003/role/label" xml:lang="da" id="label_DescriptionOfAssessmentOfAchievedResultsOfWorkWithCommunity">Beskrivelse af virksomhedens vurdering af, hvad der er opnået som følge af arbejdet med samfundsansvar</link:label>
    <link:labelArc xlink:type="arc" xlink:arcrole="http://www.xbrl.org/2003/arcrole/concept-label" xlink:from="DescriptionOfAssessmentOfAchievedResultsOfWorkWithCommunity" xlink:to="label_DescriptionOfAssessmentOfAchievedResultsOfWorkWithCommunity" order="10.0"/>
    <link:loc xlink:type="locator" xlink:href="../mrv-core_2014-12-20.xsd#mrv_DescriptionOfAssumedSpecificPrerequisitesAndUncertainFactorsForAssessmentOfExpectedDevelopment" xlink:label="DescriptionOfAssumedSpecificPrerequisitesAndUncertainFactorsForAssessmentOfExpectedDevelopment"/>
    <link:label xlink:type="resource" xlink:label="label_DescriptionOfAssumedSpecificPrerequisitesAndUncertainFactorsForAssessmentOfExpectedDevelopment" xlink:role="http://www.xbrl.org/2003/role/label" xml:lang="da" id="label_DescriptionOfAssumedSpecificPrerequisitesAndUncertainFactorsForAssessmentOfExpectedDevelopment">Beskrivelse af virksomhedens forventede udvikling, herunder særlige forudsætninger og usikre faktorer, som ledelsen har lagt til grund for beskrivelsen</link:label>
    <link:labelArc xlink:type="arc" xlink:arcrole="http://www.xbrl.org/2003/arcrole/concept-label" xlink:from="DescriptionOfAssumedSpecificPrerequisitesAndUncertainFactorsForAssessmentOfExpectedDevelopment" xlink:to="label_DescriptionOfAssumedSpecificPrerequisitesAndUncertainFactorsForAssessmentOfExpectedDevelopment" order="10.0"/>
    <link:loc xlink:type="locator" xlink:href="../mrv-core_2014-12-20.xsd#mrv_DescriptionOfBranchesAbroad" xlink:label="DescriptionOfBranchesAbroad"/>
    <link:label xlink:type="resource" xlink:label="label_DescriptionOfBranchesAbroad" xlink:role="http://www.xbrl.org/2003/role/label" xml:lang="da" id="label_DescriptionOfBranchesAbroad">Omtale af filialer i udlandet</link:label>
    <link:labelArc xlink:type="arc" xlink:arcrole="http://www.xbrl.org/2003/arcrole/concept-label" xlink:from="DescriptionOfBranchesAbroad" xlink:to="label_DescriptionOfBranchesAbroad" order="10.0"/>
    <link:loc xlink:type="locator" xlink:href="../mrv-core_2014-12-20.xsd#mrv_DescriptionOfDevelopmentInActivitiesAndFinancialAffairs" xlink:label="DescriptionOfDevelopmentInActivitiesAndFinancialAffairs"/>
    <link:label xlink:type="resource" xlink:label="label_DescriptionOfDevelopmentInActivitiesAndFinancialAffairs" xlink:role="http://www.xbrl.org/2003/role/label" xml:lang="da" id="label_DescriptionOfDevelopmentInActivitiesAndFinancialAffairs">Beskrivelse af udviklingen i virksomhedens aktiviteter og økonomiske forhold</link:label>
    <link:labelArc xlink:type="arc" xlink:arcrole="http://www.xbrl.org/2003/arcrole/concept-label" xlink:from="DescriptionOfDevelopmentInActivitiesAndFinancialAffairs" xlink:to="label_DescriptionOfDevelopmentInActivitiesAndFinancialAffairs" order="10.0"/>
    <link:loc xlink:type="locator" xlink:href="../mrv-core_2014-12-20.xsd#mrv_DescriptionOfEmployeeMatters" xlink:label="DescriptionOfEmployeeMatters"/>
    <link:label xlink:type="resource" xlink:label="label_DescriptionOfEmployeeMatters" xlink:role="http://www.xbrl.org/2003/role/label" xml:lang="da" id="label_DescriptionOfEmployeeMatters">Beskrivelse af personaleforhold</link:label>
    <link:labelArc xlink:type="arc" xlink:arcrole="http://www.xbrl.org/2003/arcrole/concept-label" xlink:from="DescriptionOfEmployeeMatters" xlink:to="label_DescriptionOfEmployeeMatters" order="10.0"/>
    <link:loc xlink:type="locator" xlink:href="../mrv-core_2014-12-20.xsd#mrv_DescriptionOfEnvironmentalMatters" xlink:label="DescriptionOfEnvironmentalMatters"/>
    <link:label xlink:type="resource" xlink:label="label_DescriptionOfEnvironmentalMatters" xlink:role="http://www.xbrl.org/2003/role/label" xml:lang="da" id="label_DescriptionOfEnvironmentalMatters">Beskrivelse af miljøforhold</link:label>
    <link:labelArc xlink:type="arc" xlink:arcrole="http://www.xbrl.org/2003/arcrole/concept-label" xlink:from="DescriptionOfEnvironmentalMatters" xlink:to="label_DescriptionOfEnvironmentalMatters" order="10.0"/>
    <link:loc xlink:type="locator" xlink:href="../mrv-core_2014-12-20.xsd#mrv_DescriptionOfExpectationsForFutureWorkWithCommunity" xlink:label="DescriptionOfExpectationsForFutureWorkWithCommunity"/>
    <link:label xlink:type="resource" xlink:label="label_DescriptionOfExpectationsForFutureWorkWithCommunity" xlink:role="http://www.xbrl.org/2003/role/label" xml:lang="da" id="label_DescriptionOfExpectationsForFutureWorkWithCommunity">Beskrivelse af fremtidige forventninger til virksomhedens arbejde med samfundsansvar</link:label>
    <link:labelArc xlink:type="arc" xlink:arcrole="http://www.xbrl.org/2003/arcrole/concept-label" xlink:from="DescriptionOfExpectationsForFutureWorkWithCommunity" xlink:to="label_DescriptionOfExpectationsForFutureWorkWithCommunity" order="10.0"/>
    <link:loc xlink:type="locator" xlink:href="../mrv-core_2014-12-20.xsd#mrv_DescriptionOfExpectedDevelopment" xlink:label="DescriptionOfExpectedDevelopment"/>
    <link:label xlink:type="resource" xlink:label="label_DescriptionOfExpectedDevelopment" xlink:role="http://www.xbrl.org/2003/role/label" xml:lang="da" id="label_DescriptionOfExpectedDevelopment">Beskrivelse af virksomhedens forventede udvikling</link:label>
    <link:labelArc xlink:type="arc" xlink:arcrole="http://www.xbrl.org/2003/arcrole/concept-label" xlink:from="DescriptionOfExpectedDevelopment" xlink:to="label_DescriptionOfExpectedDevelopment" order="10.0"/>
    <link:loc xlink:type="locator" xlink:href="../mrv-core_2014-12-20.xsd#mrv_DescriptionOfImpactOnExternalEnvironmentAndMeasuresOfPreventingReducingOrMitigatingDamage" xlink:label="DescriptionOfImpactOnExternalEnvironmentAndMeasuresOfPreventingReducingOrMitigatingDamage"/>
    <link:label xlink:type="resource" xlink:label="label_DescriptionOfImpactOnExternalEnvironmentAndMeasuresOfPreventingReducingOrMitigatingDamage" xlink:role="http://www.xbrl.org/2003/role/label" xml:lang="da" id="label_DescriptionOfImpactOnExternalEnvironmentAndMeasuresOfPreventingReducingOrMitigatingDamage">Beskrivelse af virksomhedens påvirkning af det eksterne miljø og foranstlatninger til forebyggelse, reduktion eller afhjælpning af skader</link:label>
    <link:labelArc xlink:type="arc" xlink:arcrole="http://www.xbrl.org/2003/arcrole/concept-label" xlink:from="DescriptionOfImpactOnExternalEnvironmentAndMeasuresOfPreventingReducingOrMitigatingDamage" xlink:to="label_DescriptionOfImpactOnExternalEnvironmentAndMeasuresOfPreventingReducingOrMitigatingDamage" order="10.0"/>
    <link:loc xlink:type="locator" xlink:href="../mrv-core_2014-12-20.xsd#mrv_DescriptionOfKeyFiguresAndFinancialRatios" xlink:label="DescriptionOfKeyFiguresAndFinancialRatios"/>
    <link:label xlink:type="resource" xlink:label="label_DescriptionOfKeyFiguresAndFinancialRatios" xlink:role="http://www.xbrl.org/2003/role/label" xml:lang="da" id="label_DescriptionOfKeyFiguresAndFinancialRatios">Beskrivelse af hoved- og nøgletal</link:label>
    <link:labelArc xlink:type="arc" xlink:arcrole="http://www.xbrl.org/2003/arcrole/concept-label" xlink:from="DescriptionOfKeyFiguresAndFinancialRatios" xlink:to="label_DescriptionOfKeyFiguresAndFinancialRatios" order="10.0"/>
    <link:loc xlink:type="locator" xlink:href="../mrv-core_2014-12-20.xsd#mrv_DescriptionOfKnowledgeResources" xlink:label="DescriptionOfKnowledgeResources"/>
    <link:label xlink:type="resource" xlink:label="label_DescriptionOfKnowledgeResources" xlink:role="http://www.xbrl.org/2003/role/label" xml:lang="da" id="label_DescriptionOfKnowledgeResources">Beskrivelse af virksomhedens videnssressourcer</link:label>
    <link:labelArc xlink:type="arc" xlink:arcrole="http://www.xbrl.org/2003/arcrole/concept-label" xlink:from="DescriptionOfKnowledgeResources" xlink:to="label_DescriptionOfKnowledgeResources" order="10.0"/>
    <link:loc xlink:type="locator" xlink:href="../mrv-core_2014-12-20.xsd#mrv_DescriptionOfMethodsAndMeasurementBasisUsedForPreparationOfSupplementaryReports" xlink:label="DescriptionOfMethodsAndMeasurementBasisUsedForPreparationOfSupplementaryReports"/>
    <link:label xlink:type="resource" xlink:label="label_DescriptionOfMethodsAndMeasurementBasisUsedForPreparationOfSupplementaryReports" xlink:role="http://www.xbrl.org/2003/role/label" xml:lang="da" id="label_DescriptionOfMethodsAndMeasurementBasisUsedForPreparationOfSupplementaryReports">Beskrivelse af metoder og målegrundlag efter hvilke supplerende beretninger er udarbejdet</link:label>
    <link:labelArc xlink:type="arc" xlink:arcrole="http://www.xbrl.org/2003/arcrole/concept-label" xlink:from="DescriptionOfMethodsAndMeasurementBasisUsedForPreparationOfSupplementaryReports" xlink:to="label_DescriptionOfMethodsAndMeasurementBasisUsedForPreparationOfSupplementaryReports" order="10.0"/>
    <link:loc xlink:type="locator" xlink:href="../mrv-core_2014-12-20.xsd#mrv_DescriptionOfNetProfitRelationToExpectedDevelopmentAssumedInPreviousReport" xlink:label="DescriptionOfNetProfitRelationToExpectedDevelopmentAssumedInPreviousReport"/>
    <link:label xlink:type="resource" xlink:label="label_DescriptionOfNetProfitRelationToExpectedDevelopmentAssumedInPreviousReport" xlink:role="http://www.xbrl.org/2003/role/label" xml:lang="da" id="label_DescriptionOfNetProfitRelationToExpectedDevelopmentAssumedInPreviousReport">Beskrivelse af årets resultat sammenholdt med den forventede udvikling i den senest offentliggjorte årsrapport</link:label>
    <link:labelArc xlink:type="arc" xlink:arcrole="http://www.xbrl.org/2003/arcrole/concept-label" xlink:from="DescriptionOfNetProfitRelationToExpectedDevelopmentAssumedInPreviousReport" xlink:to="label_DescriptionOfNetProfitRelationToExpectedDevelopmentAssumedInPreviousReport" order="10.0"/>
    <link:loc xlink:type="locator" xlink:href="../mrv-core_2014-12-20.xsd#mrv_DescriptionOfNon-FinancialFactorsRelevantToSpecificActivities" xlink:label="DescriptionOfNon-FinancialFactorsRelevantToSpecificActivities"/>
    <link:label xlink:type="resource" xlink:label="label_DescriptionOfNon-FinancialFactorsRelevantToSpecificActivities" xlink:role="http://www.xbrl.org/2003/role/label" xml:lang="da" id="label_DescriptionOfNon-FinancialFactorsRelevantToSpecificActivities">Beskrivelse af ikke-finansielle forhold, som er relevante for specifikke aktiviteter</link:label>
    <link:labelArc xlink:type="arc" xlink:arcrole="http://www.xbrl.org/2003/arcrole/concept-label" xlink:from="DescriptionOfNon-FinancialFactorsRelevantToSpecificActivities" xlink:to="label_DescriptionOfNon-FinancialFactorsRelevantToSpecificActivities" order="10.0"/>
    <link:loc xlink:type="locator" xlink:href="../mrv-core_2014-12-20.xsd#mrv_DescriptionOfOtherKeyFiguresAndFinancialRatios" xlink:label="DescriptionOfOtherKeyFiguresAndFinancialRatios"/>
    <link:label xlink:type="resource" xlink:label="label_DescriptionOfOtherKeyFiguresAndFinancialRatios" xlink:role="http://www.xbrl.org/2003/role/label" xml:lang="da" id="label_DescriptionOfOtherKeyFiguresAndFinancialRatios">Beskrivelse af andre hoved- og nøgletal</link:label>
    <link:labelArc xlink:type="arc" xlink:arcrole="http://www.xbrl.org/2003/arcrole/concept-label" xlink:from="DescriptionOfOtherKeyFiguresAndFinancialRatios" xlink:to="label_DescriptionOfOtherKeyFiguresAndFinancialRatios" order="10.0"/>
    <link:loc xlink:type="locator" xlink:href="../mrv-core_2014-12-20.xsd#mrv_DescriptionOfPoliciesOnSocialResponsibility" xlink:label="DescriptionOfPoliciesOnSocialResponsibility"/>
    <link:label xlink:type="resource" xlink:label="label_DescriptionOfPoliciesOnSocialResponsibility" xlink:role="http://www.xbrl.org/2003/role/label" xml:lang="da" id="label_DescriptionOfPoliciesOnSocialResponsibility">Beskrivelse af virksomhedens politikker for samfundsansvar</link:label>
    <link:labelArc xlink:type="arc" xlink:arcrole="http://www.xbrl.org/2003/arcrole/concept-label" xlink:from="DescriptionOfPoliciesOnSocialResponsibility" xlink:to="label_DescriptionOfPoliciesOnSocialResponsibility" order="10.0"/>
    <link:loc xlink:type="locator" xlink:href="../mrv-core_2014-12-20.xsd#mrv_DescriptionOfPrimaryActivitiesOfEntity" xlink:label="DescriptionOfPrimaryActivitiesOfEntity"/>
    <link:label xlink:type="resource" xlink:label="label_DescriptionOfPrimaryActivitiesOfEntity" xlink:role="http://www.xbrl.org/2003/role/label" xml:lang="da" id="label_DescriptionOfPrimaryActivitiesOfEntity">Beskrivelse af virksomhedens hovedaktivitet</link:label>
    <link:labelArc xlink:type="arc" xlink:arcrole="http://www.xbrl.org/2003/arcrole/concept-label" xlink:from="DescriptionOfPrimaryActivitiesOfEntity" xlink:to="label_DescriptionOfPrimaryActivitiesOfEntity" order="10.0"/>
    <link:loc xlink:type="locator" xlink:href="../mrv-core_2014-12-20.xsd#mrv_DescriptionOfResearchAndDevelopmentActivitiesInAndForReportingEntity" xlink:label="DescriptionOfResearchAndDevelopmentActivitiesInAndForReportingEntity"/>
    <link:label xlink:type="resource" xlink:label="label_DescriptionOfResearchAndDevelopmentActivitiesInAndForReportingEntity" xlink:role="http://www.xbrl.org/2003/role/label" xml:lang="da" id="label_DescriptionOfResearchAndDevelopmentActivitiesInAndForReportingEntity">Beskrivelse af forsknings- og udviklingsaktiviteter i eller for virksomheden</link:label>
    <link:labelArc xlink:type="arc" xlink:arcrole="http://www.xbrl.org/2003/arcrole/concept-label" xlink:from="DescriptionOfResearchAndDevelopmentActivitiesInAndForReportingEntity" xlink:to="label_DescriptionOfResearchAndDevelopmentActivitiesInAndForReportingEntity" order="10.0"/>
    <link:loc xlink:type="locator" xlink:href="../mrv-core_2014-12-20.xsd#mrv_DescriptionOfSignificantChangesInBusinessAndEconomicConditions" xlink:label="DescriptionOfSignificantChangesInBusinessAndEconomicConditions"/>
    <link:label xlink:type="resource" xlink:label="label_DescriptionOfSignificantChangesInBusinessAndEconomicConditions" xlink:role="http://www.xbrl.org/2003/role/label" xml:lang="da" id="label_DescriptionOfSignificantChangesInBusinessAndEconomicConditions">Beskrivelse af væsentlige ændringer i virksomhedens aktiviteter og økonomiske forhold</link:label>
    <link:labelArc xlink:type="arc" xlink:arcrole="http://www.xbrl.org/2003/arcrole/concept-label" xlink:from="DescriptionOfSignificantChangesInBusinessAndEconomicConditions" xlink:to="label_DescriptionOfSignificantChangesInBusinessAndEconomicConditions" order="10.0"/>
    <link:loc xlink:type="locator" xlink:href="../mrv-core_2014-12-20.xsd#mrv_DescriptionOfSignificantEventsOccurringAfterEndOfReportingPeriod" xlink:label="DescriptionOfSignificantEventsOccurringAfterEndOfReportingPeriod"/>
    <link:label xlink:type="resource" xlink:label="label_DescriptionOfSignificantEventsOccurringAfterEndOfReportingPeriod" xlink:role="http://www.xbrl.org/2003/role/label" xml:lang="da" id="label_DescriptionOfSignificantEventsOccurringAfterEndOfReportingPeriod">Omtale af betydningsfulde hændelser, som er indtruffet efter regnskabsårets afslutning</link:label>
    <link:labelArc xlink:type="arc" xlink:arcrole="http://www.xbrl.org/2003/arcrole/concept-label" xlink:from="DescriptionOfSignificantEventsOccurringAfterEndOfReportingPeriod" xlink:to="label_DescriptionOfSignificantEventsOccurringAfterEndOfReportingPeriod" order="10.0"/>
    <link:loc xlink:type="locator" xlink:href="../mrv-core_2014-12-20.xsd#mrv_DescriptionOfSpecificRisksInAdditionToCommonlyOccurringHazardsInIndustry" xlink:label="DescriptionOfSpecificRisksInAdditionToCommonlyOccurringHazardsInIndustry"/>
    <link:label xlink:type="resource" xlink:label="label_DescriptionOfSpecificRisksInAdditionToCommonlyOccurringHazardsInIndustry" xlink:role="http://www.xbrl.org/2003/role/label" xml:lang="da" id="label_DescriptionOfSpecificRisksInAdditionToCommonlyOccurringHazardsInIndustry">Beskrivelse af særlige risici, udover almindeligt forekommende risici indenfor virksomhedens branche</link:label>
    <link:labelArc xlink:type="arc" xlink:arcrole="http://www.xbrl.org/2003/arcrole/concept-label" xlink:from="DescriptionOfSpecificRisksInAdditionToCommonlyOccurringHazardsInIndustry" xlink:to="label_DescriptionOfSpecificRisksInAdditionToCommonlyOccurringHazardsInIndustry" order="10.0"/>
    <link:loc xlink:type="locator" xlink:href="../mrv-core_2014-12-20.xsd#mrv_DescriptionOfStandardsGuidelinesAndPrinciplesOfCorporateSocialResponsibility" xlink:label="DescriptionOfStandardsGuidelinesAndPrinciplesOfCorporateSocialResponsibility"/>
    <link:label xlink:type="resource" xlink:label="label_DescriptionOfStandardsGuidelinesAndPrinciplesOfCorporateSocialResponsibility" xlink:role="http://www.xbrl.org/2003/role/label" xml:lang="da" id="label_DescriptionOfStandardsGuidelinesAndPrinciplesOfCorporateSocialResponsibility">Beskrivelse af standarder, retningslinjer og principper for samfundsansvar</link:label>
    <link:labelArc xlink:type="arc" xlink:arcrole="http://www.xbrl.org/2003/arcrole/concept-label" xlink:from="DescriptionOfStandardsGuidelinesAndPrinciplesOfCorporateSocialResponsibility" xlink:to="label_DescriptionOfStandardsGuidelinesAndPrinciplesOfCorporateSocialResponsibility" order="10.0"/>
    <link:loc xlink:type="locator" xlink:href="../mrv-core_2014-12-20.xsd#mrv_DescriptionOfSystemsAndProceduresOfTranslatingCorporateSocialResponsibilityPoliciesIntoAction" xlink:label="DescriptionOfSystemsAndProceduresOfTranslatingCorporateSocialResponsibilityPoliciesIntoAction"/>
    <link:label xlink:type="resource" xlink:label="label_DescriptionOfSystemsAndProceduresOfTranslatingCorporateSocialResponsibilityPoliciesIntoAction" xlink:role="http://www.xbrl.org/2003/role/label" xml:lang="da" id="label_DescriptionOfSystemsAndProceduresOfTranslatingCorporateSocialResponsibilityPoliciesIntoAction">Beskrivelse af systemer og procedurer for, hvordan virksomheden omsætter sine politikker vedrørende samfundsansvar til handling</link:label>
    <link:labelArc xlink:type="arc" xlink:arcrole="http://www.xbrl.org/2003/arcrole/concept-label" xlink:from="DescriptionOfSystemsAndProceduresOfTranslatingCorporateSocialResponsibilityPoliciesIntoAction" xlink:to="label_DescriptionOfSystemsAndProceduresOfTranslatingCorporateSocialResponsibilityPoliciesIntoAction" order="10.0"/>
    <link:loc xlink:type="locator" xlink:href="../mrv-core_2014-12-20.xsd#mrv_DescriptionOfTranslatingCorporateSocialResponsibilityPoliciesIntoAction" xlink:label="DescriptionOfTranslatingCorporateSocialResponsibilityPoliciesIntoAction"/>
    <link:label xlink:type="resource" xlink:label="label_DescriptionOfTranslatingCorporateSocialResponsibilityPoliciesIntoAction" xlink:role="http://www.xbrl.org/2003/role/label" xml:lang="da" id="label_DescriptionOfTranslatingCorporateSocialResponsibilityPoliciesIntoAction">Beskrivelse af hvordan virksomheden omsætter sine politikker for samfundsansvar til handling</link:label>
    <link:labelArc xlink:type="arc" xlink:arcrole="http://www.xbrl.org/2003/arcrole/concept-label" xlink:from="DescriptionOfTranslatingCorporateSocialResponsibilityPoliciesIntoAction" xlink:to="label_DescriptionOfTranslatingCorporateSocialResponsibilityPoliciesIntoAction" order="10.0"/>
    <link:loc xlink:type="locator" xlink:href="../mrv-core_2014-12-20.xsd#mrv_DetailsOnKeyFiguresAndFinancialRatiosAbstract" xlink:label="DetailsOnKeyFiguresAndFinancialRatiosAbstract"/>
    <link:label xlink:type="resource" xlink:label="label_DetailsOnKeyFiguresAndFinancialRatiosAbstract" xlink:role="http://www.xbrl.org/2003/role/label" xml:lang="da" id="label_DetailsOnKeyFiguresAndFinancialRatiosAbstract">Detaljer om hoved- og nøgletal</link:label>
    <link:labelArc xlink:type="arc" xlink:arcrole="http://www.xbrl.org/2003/arcrole/concept-label" xlink:from="DetailsOnKeyFiguresAndFinancialRatiosAbstract" xlink:to="label_DetailsOnKeyFiguresAndFinancialRatiosAbstract" order="10.0"/>
    <link:loc xlink:type="locator" xlink:href="../mrv-core_2014-12-20.xsd#mrv_DetailsOnKeyFiguresAndFinancialRatiosHypercube" xlink:label="DetailsOnKeyFiguresAndFinancialRatiosHypercube"/>
    <link:label xlink:type="resource" xlink:label="label_DetailsOnKeyFiguresAndFinancialRatiosHypercube" xlink:role="http://www.xbrl.org/2003/role/label" xml:lang="da" id="label_DetailsOnKeyFiguresAndFinancialRatiosHypercube">Detaljer om hoved- og nøgletal</link:label>
    <link:labelArc xlink:type="arc" xlink:arcrole="http://www.xbrl.org/2003/arcrole/concept-label" xlink:from="DetailsOnKeyFiguresAndFinancialRatiosHypercube" xlink:to="label_DetailsOnKeyFiguresAndFinancialRatiosHypercube" order="10.0"/>
    <link:loc xlink:type="locator" xlink:href="../mrv-core_2014-12-20.xsd#mrv_DetailsOnOtherKeyFiguresAndFinancialRatiosAbstract" xlink:label="DetailsOnOtherKeyFiguresAndFinancialRatiosAbstract"/>
    <link:label xlink:type="resource" xlink:label="label_DetailsOnOtherKeyFiguresAndFinancialRatiosAbstract" xlink:role="http://www.xbrl.org/2003/role/label" xml:lang="da" id="label_DetailsOnOtherKeyFiguresAndFinancialRatiosAbstract">Detaljer om andre hoved- og nøgletal</link:label>
    <link:labelArc xlink:type="arc" xlink:arcrole="http://www.xbrl.org/2003/arcrole/concept-label" xlink:from="DetailsOnOtherKeyFiguresAndFinancialRatiosAbstract" xlink:to="label_DetailsOnOtherKeyFiguresAndFinancialRatiosAbstract" order="10.0"/>
    <link:loc xlink:type="locator" xlink:href="../mrv-core_2014-12-20.xsd#mrv_DetailsOnOtherKeyFiguresAndFinancialRatiosHypercube" xlink:label="DetailsOnOtherKeyFiguresAndFinancialRatiosHypercube"/>
    <link:label xlink:type="resource" xlink:label="label_DetailsOnOtherKeyFiguresAndFinancialRatiosHypercube" xlink:role="http://www.xbrl.org/2003/role/label" xml:lang="da" id="label_DetailsOnOtherKeyFiguresAndFinancialRatiosHypercube">Detaljer om andre hoved- og nøgletal</link:label>
    <link:labelArc xlink:type="arc" xlink:arcrole="http://www.xbrl.org/2003/arcrole/concept-label" xlink:from="DetailsOnOtherKeyFiguresAndFinancialRatiosHypercube" xlink:to="label_DetailsOnOtherKeyFiguresAndFinancialRatiosHypercube" order="10.0"/>
    <link:loc xlink:type="locator" xlink:href="../mrv-core_2014-12-20.xsd#mrv_EmployeeTurnover" xlink:label="EmployeeTurnover"/>
    <link:label xlink:type="resource" xlink:label="label_EmployeeTurnover" xlink:role="http://www.xbrl.org/2003/role/label" xml:lang="da" id="label_EmployeeTurnover">Nettoomsætning pr. medarbejder</link:label>
    <link:labelArc xlink:type="arc" xlink:arcrole="http://www.xbrl.org/2003/arcrole/concept-label" xlink:from="EmployeeTurnover" xlink:to="label_EmployeeTurnover" order="10.0"/>
    <link:loc xlink:type="locator" xlink:href="../mrv-core_2014-12-20.xsd#mrv_ExplanationThatEntityHasNoPoliciesOnSocialResponsibility" xlink:label="ExplanationThatEntityHasNoPoliciesOnSocialResponsibility"/>
    <link:label xlink:type="resource" xlink:label="label_ExplanationThatEntityHasNoPoliciesOnSocialResponsibility" xlink:role="http://www.xbrl.org/2003/role/label" xml:lang="da" id="label_ExplanationThatEntityHasNoPoliciesOnSocialResponsibility">Oplysning om at virksomheden ikke har politikker for samfundsansvar</link:label>
    <link:labelArc xlink:type="arc" xlink:arcrole="http://www.xbrl.org/2003/arcrole/concept-label" xlink:from="ExplanationThatEntityHasNoPoliciesOnSocialResponsibility" xlink:to="label_ExplanationThatEntityHasNoPoliciesOnSocialResponsibility" order="10.0"/>
    <link:loc xlink:type="locator" xlink:href="../mrv-core_2014-12-20.xsd#mrv_FinancialGearing" xlink:label="FinancialGearing"/>
    <link:label xlink:type="resource" xlink:label="label_FinancialGearing" xlink:role="http://www.xbrl.org/2003/role/label" xml:lang="da" id="label_FinancialGearing">Finansiel gearing</link:label>
    <link:labelArc xlink:type="arc" xlink:arcrole="http://www.xbrl.org/2003/arcrole/concept-label" xlink:from="FinancialGearing" xlink:to="label_FinancialGearing" order="10.0"/>
    <link:loc xlink:type="locator" xlink:href="../mrv-core_2014-12-20.xsd#mrv_GrossMargin" xlink:label="GrossMargin"/>
    <link:label xlink:type="resource" xlink:label="label_GrossMargin" xlink:role="http://www.xbrl.org/2003/role/label" xml:lang="da" id="label_GrossMargin">Bruttomargin</link:label>
    <link:labelArc xlink:type="arc" xlink:arcrole="http://www.xbrl.org/2003/arcrole/concept-label" xlink:from="GrossMargin" xlink:to="label_GrossMargin" order="10.0"/>
    <link:loc xlink:type="locator" xlink:href="../mrv-core_2014-12-20.xsd#mrv_IdentificationOfKeyFigureOrFinancialRatioDimension" xlink:label="IdentificationOfKeyFigureOrFinancialRatioDimension"/>
    <link:label xlink:type="resource" xlink:label="label_IdentificationOfKeyFigureOrFinancialRatioDimension" xlink:role="http://www.xbrl.org/2003/role/label" xml:lang="da" id="label_IdentificationOfKeyFigureOrFinancialRatioDimension">Identifikation af hoved- eller nøgletal</link:label>
    <link:labelArc xlink:type="arc" xlink:arcrole="http://www.xbrl.org/2003/arcrole/concept-label" xlink:from="IdentificationOfKeyFigureOrFinancialRatioDimension" xlink:to="label_IdentificationOfKeyFigureOrFinancialRatioDimension" order="10.0"/>
    <link:loc xlink:type="locator" xlink:href="../mrv-core_2014-12-20.xsd#mrv_InformationOnCalculationOfKeyFiguresAndFinancialRatios" xlink:label="InformationOnCalculationOfKeyFiguresAndFinancialRatios"/>
    <link:label xlink:type="resource" xlink:label="label_InformationOnCalculationOfKeyFiguresAndFinancialRatios" xlink:role="http://www.xbrl.org/2003/role/label" xml:lang="da" id="label_InformationOnCalculationOfKeyFiguresAndFinancialRatios">Information om hoved- og nøgletal</link:label>
    <link:labelArc xlink:type="arc" xlink:arcrole="http://www.xbrl.org/2003/arcrole/concept-label" xlink:from="InformationOnCalculationOfKeyFiguresAndFinancialRatios" xlink:to="label_InformationOnCalculationOfKeyFiguresAndFinancialRatios" order="10.0"/>
    <link:loc xlink:type="locator" xlink:href="../mrv-core_2014-12-20.xsd#mrv_ManagementsReview" xlink:label="ManagementsReview"/>
    <link:label xlink:type="resource" xlink:label="label_ManagementsReview" xlink:role="http://www.xbrl.org/2003/role/label" xml:lang="da" id="label_ManagementsReview">Ledelsesberetning</link:label>
    <link:labelArc xlink:type="arc" xlink:arcrole="http://www.xbrl.org/2003/arcrole/concept-label" xlink:from="ManagementsReview" xlink:to="label_ManagementsReview" order="10.0"/>
    <link:loc xlink:type="locator" xlink:href="../mrv-core_2014-12-20.xsd#mrv_NameOfKeyFigureOrFinancialRatio" xlink:label="NameOfKeyFigureOrFinancialRatio"/>
    <link:label xlink:type="resource" xlink:label="label_NameOfKeyFigureOrFinancialRatio" xlink:role="http://www.xbrl.org/2003/role/label" xml:lang="da" id="label_NameOfKeyFigureOrFinancialRatio">Navn på hoved- eller nøgletal</link:label>
    <link:labelArc xlink:type="arc" xlink:arcrole="http://www.xbrl.org/2003/arcrole/concept-label" xlink:from="NameOfKeyFigureOrFinancialRatio" xlink:to="label_NameOfKeyFigureOrFinancialRatio" order="10.0"/>
    <link:loc xlink:type="locator" xlink:href="../mrv-core_2014-12-20.xsd#mrv_OperatingMargin" xlink:label="OperatingMargin"/>
    <link:label xlink:type="resource" xlink:label="label_OperatingMargin" xlink:role="http://www.xbrl.org/2003/role/label" xml:lang="da" id="label_OperatingMargin">Overskudsgrad</link:label>
    <link:labelArc xlink:type="arc" xlink:arcrole="http://www.xbrl.org/2003/arcrole/concept-label" xlink:from="OperatingMargin" xlink:to="label_OperatingMargin" order="10.0"/>
    <link:loc xlink:type="locator" xlink:href="../mrv-core_2014-12-20.xsd#mrv_RetrospectiveInformationFromLastFiveYearsAbstract" xlink:label="RetrospectiveInformationFromLastFiveYearsAbstract"/>
    <link:label xlink:type="resource" xlink:label="label_RetrospectiveInformationFromLastFiveYearsAbstract" xlink:role="http://www.xbrl.org/2003/role/label" xml:lang="da" id="label_RetrospectiveInformationFromLastFiveYearsAbstract">5-års oversigt</link:label>
    <link:labelArc xlink:type="arc" xlink:arcrole="http://www.xbrl.org/2003/arcrole/concept-label" xlink:from="RetrospectiveInformationFromLastFiveYearsAbstract" xlink:to="label_RetrospectiveInformationFromLastFiveYearsAbstract" order="10.0"/>
    <link:loc xlink:type="locator" xlink:href="../mrv-core_2014-12-20.xsd#mrv_ReturnOnCapitalEmployed" xlink:label="ReturnOnCapitalEmployed"/>
    <link:label xlink:type="resource" xlink:label="label_ReturnOnCapitalEmployed" xlink:role="http://www.xbrl.org/2003/role/label" xml:lang="da" id="label_ReturnOnCapitalEmployed">Afkastningsgrad</link:label>
    <link:labelArc xlink:type="arc" xlink:arcrole="http://www.xbrl.org/2003/arcrole/concept-label" xlink:from="ReturnOnCapitalEmployed" xlink:to="label_ReturnOnCapitalEmployed" order="10.0"/>
    <link:loc xlink:type="locator" xlink:href="../mrv-core_2014-12-20.xsd#mrv_ReturnOnEquity" xlink:label="ReturnOnEquity"/>
    <link:label xlink:type="resource" xlink:label="label_ReturnOnEquity" xlink:role="http://www.xbrl.org/2003/role/label" xml:lang="da" id="label_ReturnOnEquity">Forrentning af egenkapitalen</link:label>
    <link:labelArc xlink:type="arc" xlink:arcrole="http://www.xbrl.org/2003/arcrole/concept-label" xlink:from="ReturnOnEquity" xlink:to="label_ReturnOnEquity" order="10.0"/>
    <link:loc xlink:type="locator" xlink:href="../mrv-core_2014-12-20.xsd#mrv_ReturnOnInvestedCapital" xlink:label="ReturnOnInvestedCapital"/>
    <link:label xlink:type="resource" xlink:label="label_ReturnOnInvestedCapital" xlink:role="http://www.xbrl.org/2003/role/label" xml:lang="da" id="label_ReturnOnInvestedCapital">Afkast af investeret kapital</link:label>
    <link:labelArc xlink:type="arc" xlink:arcrole="http://www.xbrl.org/2003/arcrole/concept-label" xlink:from="ReturnOnInvestedCapital" xlink:to="label_ReturnOnInvestedCapital" order="10.0"/>
    <link:loc xlink:type="locator" xlink:href="../mrv-core_2014-12-20.xsd#mrv_SolvencyRatio" xlink:label="SolvencyRatio"/>
    <link:label xlink:type="resource" xlink:label="label_SolvencyRatio" xlink:role="http://www.xbrl.org/2003/role/label" xml:lang="da" id="label_SolvencyRatio">Solvensgrad</link:label>
    <link:labelArc xlink:type="arc" xlink:arcrole="http://www.xbrl.org/2003/arcrole/concept-label" xlink:from="SolvencyRatio" xlink:to="label_SolvencyRatio" order="10.0"/>
    <link:loc xlink:type="locator" xlink:href="../mrv-core_2014-12-20.xsd#mrv_StatementOfCorporateSocialResponsibility" xlink:label="StatementOfCorporateSocialResponsibility"/>
    <link:label xlink:type="resource" xlink:label="label_StatementOfCorporateSocialResponsibility" xlink:role="http://www.xbrl.org/2003/role/label" xml:lang="da" id="label_StatementOfCorporateSocialResponsibility">Redegørelse for samfundsansvar</link:label>
    <link:labelArc xlink:type="arc" xlink:arcrole="http://www.xbrl.org/2003/arcrole/concept-label" xlink:from="StatementOfCorporateSocialResponsibility" xlink:to="label_StatementOfCorporateSocialResponsibility" order="10.0"/>
    <link:loc xlink:type="locator" xlink:href="../mrv-core_2014-12-20.xsd#mrv_SupplementaryReports" xlink:label="SupplementaryReports"/>
    <link:label xlink:type="resource" xlink:label="label_SupplementaryReports" xlink:role="http://www.xbrl.org/2003/role/label" xml:lang="da" id="label_SupplementaryReports">Supplerende beretninger</link:label>
    <link:labelArc xlink:type="arc" xlink:arcrole="http://www.xbrl.org/2003/arcrole/concept-label" xlink:from="SupplementaryReports" xlink:to="label_SupplementaryReports" order="10.0"/>
    <link:loc xlink:type="locator" xlink:href="../mrv-core_2014-12-20.xsd#mrv_ValueOfKeyFigureOrFinancialRatio" xlink:label="ValueOfKeyFigureOrFinancialRatio"/>
    <link:label xlink:type="resource" xlink:label="label_ValueOfKeyFigureOrFinancialRatio" xlink:role="http://www.xbrl.org/2003/role/label" xml:lang="da" id="label_ValueOfKeyFigureOrFinancialRatio">Værdi af hoved- eller nøgletal</link:label>
    <link:labelArc xlink:type="arc" xlink:arcrole="http://www.xbrl.org/2003/arcrole/concept-label" xlink:from="ValueOfKeyFigureOrFinancialRatio" xlink:to="label_ValueOfKeyFigureOrFinancialRatio" order="10.0"/>
    <link:loc xlink:type="locator" xlink:href="../mrv-core_2014-12-20.xsd#mrv_DescriptionOfGroupRelations" xlink:label="DescriptionOfGroupRelations"/>
    <link:label xlink:type="resource" xlink:label="label_DescriptionOfGroupRelations" xlink:role="http://www.xbrl.org/2003/role/label" xml:lang="da" id="label_DescriptionOfGroupRelations">Beskrivelse af virksomhedens koncernforhold</link:label>
    <link:labelArc xlink:type="arc" xlink:arcrole="http://www.xbrl.org/2003/arcrole/concept-label" xlink:from="DescriptionOfGroupRelations" xlink:to="label_DescriptionOfGroupRelations" order="10.0"/>
    <link:loc xlink:type="locator" xlink:href="../mrv-core_2014-12-20.xsd#mrv_EquityRatio" xlink:label="EquityRatio"/>
    <link:label xlink:type="resource" xlink:label="label_EquityRatio" xlink:role="http://www.xbrl.org/2003/role/label" xml:lang="da" id="label_EquityRatio">Soliditetsgrad</link:label>
    <link:labelArc xlink:type="arc" xlink:arcrole="http://www.xbrl.org/2003/arcrole/concept-label" xlink:from="EquityRatio" xlink:to="label_EquityRatio" order="10.0"/>
  </link:labelLink>
</link:linkbase>
