<?xml version="1.0" encoding="UTF-8"?>
<!-- Generated by Fujitsu Interstage XWand B0209 -->
<?officialURI http://archprod.service.eogs.dk/taxonomy/20141220/ifrs/full_ifrs_dk/ifrs-dk_710.00_2014-12-20/def_ifrs-dk_2014-12-20_rle-710.00.xml?>

<?taxonomy-version 0.2.0?>

<link:linkbase xmlns:xsi="http://www.w3.org/2001/XMLSchema-instance" xsi:schemaLocation="http://www.xbrl.org/2003/linkbase http://www.xbrl.org/2003/xbrl-linkbase-2003-12-31.xsd" xmlns:rol_ifrs-dk_710.00_2014-12-20="http://xbrl.dcca.dk/role/ifrs-dk/rol_ifrs-dk_710.00_2014-12-20" xmlns:link="http://www.xbrl.org/2003/linkbase" xmlns:xlink="http://www.w3.org/1999/xlink" xmlns:xbrli="http://www.xbrl.org/2003/instance" xmlns:xbrldt="http://xbrl.org/2005/xbrldt">
  <link:roleRef roleURI="http://xbrl.dcca.dk/role/710.00/StatementOfChangesInNetAssetsAvailableForBenefits" xlink:type="simple" xlink:href="rol_ifrs-dk_710.00_2014-12-20.xsd#ifrs-dk_71000_StatementOfChangesInNetAssetsAvailableForBenefits"/>
  <link:roleRef roleURI="http://xbrl.ifrs.org/role/ifrs/ifrs-dim_role-913000" xlink:type="simple" xlink:href="../../../../full_ifrs/dimensions_full_ifrs/rol_full_ifrs-dim_2014-03-05.xsd#ifrs-dim_role-913000"/>
  <link:arcroleRef arcroleURI="http://xbrl.org/int/dim/arcrole/all" xlink:type="simple" xlink:href="http://www.xbrl.org/2005/xbrldt-2005.xsd#all"/>
  <link:arcroleRef arcroleURI="http://xbrl.org/int/dim/arcrole/dimension-domain" xlink:type="simple" xlink:href="http://www.xbrl.org/2005/xbrldt-2005.xsd#dimension-domain"/>
  <link:arcroleRef arcroleURI="http://xbrl.org/int/dim/arcrole/domain-member" xlink:type="simple" xlink:href="http://www.xbrl.org/2005/xbrldt-2005.xsd#domain-member"/>
  <link:arcroleRef arcroleURI="http://xbrl.org/int/dim/arcrole/hypercube-dimension" xlink:type="simple" xlink:href="http://www.xbrl.org/2005/xbrldt-2005.xsd#hypercube-dimension"/>
  <link:definitionLink xlink:type="extended" xlink:role="http://xbrl.dcca.dk/role/710.00/StatementOfChangesInNetAssetsAvailableForBenefits">
    <link:loc xlink:type="locator" xlink:href="../../../cmn.xsd#cmn_CommonTable" xlink:label="CommonTable" xlink:title="CommonTable"/>
    <link:loc xlink:type="locator" xlink:href="../../../../full_ifrs-cor_2014-03-05.xsd#ifrs-full_ConsolidatedAndSeparateFinancialStatementsAxis" xlink:label="ConsolidatedAndSeparateFinancialStatementsAxis" xlink:title="ConsolidatedAndSeparateFinancialStatementsAxis"/>
    <link:definitionArc xlink:type="arc" xlink:arcrole="http://xbrl.org/int/dim/arcrole/hypercube-dimension" xlink:from="CommonTable" xlink:to="ConsolidatedAndSeparateFinancialStatementsAxis" xlink:title="definition: CommonTable to ConsolidatedAndSeparateFinancialStatementsAxis" order="1.0" xbrldt:targetRole="http://xbrl.ifrs.org/role/ifrs/ifrs-dim_role-913000"/>
    <link:loc xlink:type="locator" xlink:href="../../../../full_ifrs-cor_2014-03-05.xsd#ifrs-full_StatementOfChangesInNetAssetsAvailableForBenefitsAbstract" xlink:label="StatementOfChangesInNetAssetsAvailableForBenefitsAbstract"/>
    <link:loc xlink:type="locator" xlink:href="../../../../full_ifrs-cor_2014-03-05.xsd#ifrs-full_AssetsOfBenefitPlan" xlink:label="AssetsOfBenefitPlan"/>
    <link:definitionArc xlink:type="arc" xlink:arcrole="http://xbrl.org/int/dim/arcrole/domain-member" xlink:from="StatementOfChangesInNetAssetsAvailableForBenefitsAbstract" xlink:to="AssetsOfBenefitPlan" order="1.0"/>
    <link:loc xlink:type="locator" xlink:href="../../../../full_ifrs-cor_2014-03-05.xsd#ifrs-full_DescriptionOfBasisOfValuationOfAssetsAvailableForBenefits" xlink:label="DescriptionOfBasisOfValuationOfAssetsAvailableForBenefits"/>
    <link:definitionArc xlink:type="arc" xlink:arcrole="http://xbrl.org/int/dim/arcrole/domain-member" xlink:from="StatementOfChangesInNetAssetsAvailableForBenefitsAbstract" xlink:to="DescriptionOfBasisOfValuationOfAssetsAvailableForBenefits" order="2.0"/>
    <link:loc xlink:type="locator" xlink:href="../../../../full_ifrs-cor_2014-03-05.xsd#ifrs-full_ExplanationOfDetailsOfInvestmentExceedingEitherFivePerCentOfNetAssetsAvailableForBenefitsOrFivePerCentOfAnyClassOrTypeOfSecurity" xlink:label="ExplanationOfDetailsOfInvestmentExceedingEitherFivePerCentOfNetAssetsAvailableForBenefitsOrFivePerCentOfAnyClassOrTypeOfSecurity"/>
    <link:definitionArc xlink:type="arc" xlink:arcrole="http://xbrl.org/int/dim/arcrole/domain-member" xlink:from="StatementOfChangesInNetAssetsAvailableForBenefitsAbstract" xlink:to="ExplanationOfDetailsOfInvestmentExceedingEitherFivePerCentOfNetAssetsAvailableForBenefitsOrFivePerCentOfAnyClassOrTypeOfSecurity" order="3.0"/>
    <link:loc xlink:type="locator" xlink:href="../../../../full_ifrs-cor_2014-03-05.xsd#ifrs-full_ExplanationOfDetailsOfAnyInvestmentInEmployer" xlink:label="ExplanationOfDetailsOfAnyInvestmentInEmployer"/>
    <link:definitionArc xlink:type="arc" xlink:arcrole="http://xbrl.org/int/dim/arcrole/domain-member" xlink:from="StatementOfChangesInNetAssetsAvailableForBenefitsAbstract" xlink:to="ExplanationOfDetailsOfAnyInvestmentInEmployer" order="4.0"/>
    <link:loc xlink:type="locator" xlink:href="../../../../full_ifrs-cor_2014-03-05.xsd#ifrs-full_LiabilitiesOtherThanActuarialPresentValueOfPromisedRetirementBenefits" xlink:label="LiabilitiesOtherThanActuarialPresentValueOfPromisedRetirementBenefits"/>
    <link:definitionArc xlink:type="arc" xlink:arcrole="http://xbrl.org/int/dim/arcrole/domain-member" xlink:from="StatementOfChangesInNetAssetsAvailableForBenefitsAbstract" xlink:to="LiabilitiesOtherThanActuarialPresentValueOfPromisedRetirementBenefits" order="5.0"/>
    <link:loc xlink:type="locator" xlink:href="../../../../full_ifrs-cor_2014-03-05.xsd#ifrs-full_ReconciliationOfChangesInNetAssetsAvailableForBenefitsAbstract" xlink:label="ReconciliationOfChangesInNetAssetsAvailableForBenefitsAbstract"/>
    <link:definitionArc xlink:type="arc" xlink:arcrole="http://xbrl.org/int/dim/arcrole/domain-member" xlink:from="StatementOfChangesInNetAssetsAvailableForBenefitsAbstract" xlink:to="ReconciliationOfChangesInNetAssetsAvailableForBenefitsAbstract" order="6.0"/>
    <link:loc xlink:type="locator" xlink:href="../../../../full_ifrs-cor_2014-03-05.xsd#ifrs-full_AssetsLiabilitiesOfBenefitPlan" xlink:label="AssetsLiabilitiesOfBenefitPlan"/>
    <link:definitionArc xlink:type="arc" xlink:arcrole="http://xbrl.org/int/dim/arcrole/domain-member" xlink:from="ReconciliationOfChangesInNetAssetsAvailableForBenefitsAbstract" xlink:to="AssetsLiabilitiesOfBenefitPlan" order="1.0"/>
    <link:loc xlink:type="locator" xlink:href="../../../../full_ifrs-cor_2014-03-05.xsd#ifrs-full_ChangesInNetAssetsAvailableForBenefitsAbstract" xlink:label="ChangesInNetAssetsAvailableForBenefitsAbstract"/>
    <link:definitionArc xlink:type="arc" xlink:arcrole="http://xbrl.org/int/dim/arcrole/domain-member" xlink:from="ReconciliationOfChangesInNetAssetsAvailableForBenefitsAbstract" xlink:to="ChangesInNetAssetsAvailableForBenefitsAbstract" order="2.0"/>
    <link:loc xlink:type="locator" xlink:href="../../../../full_ifrs-cor_2014-03-05.xsd#ifrs-full_EmployerContributions" xlink:label="EmployerContributions"/>
    <link:definitionArc xlink:type="arc" xlink:arcrole="http://xbrl.org/int/dim/arcrole/domain-member" xlink:from="ChangesInNetAssetsAvailableForBenefitsAbstract" xlink:to="EmployerContributions" order="1.0"/>
    <link:loc xlink:type="locator" xlink:href="../../../../full_ifrs-cor_2014-03-05.xsd#ifrs-full_EmployeeContributions" xlink:label="EmployeeContributions"/>
    <link:definitionArc xlink:type="arc" xlink:arcrole="http://xbrl.org/int/dim/arcrole/domain-member" xlink:from="ChangesInNetAssetsAvailableForBenefitsAbstract" xlink:to="EmployeeContributions" order="2.0"/>
    <link:loc xlink:type="locator" xlink:href="../../../../full_ifrs-cor_2014-03-05.xsd#ifrs-full_InvestmentIncome" xlink:label="InvestmentIncome"/>
    <link:definitionArc xlink:type="arc" xlink:arcrole="http://xbrl.org/int/dim/arcrole/domain-member" xlink:from="ChangesInNetAssetsAvailableForBenefitsAbstract" xlink:to="InvestmentIncome" order="3.0"/>
    <link:loc xlink:type="locator" xlink:href="../../../../full_ifrs-cor_2014-03-05.xsd#ifrs-full_OtherIncome" xlink:label="OtherIncome"/>
    <link:definitionArc xlink:type="arc" xlink:arcrole="http://xbrl.org/int/dim/arcrole/domain-member" xlink:from="ChangesInNetAssetsAvailableForBenefitsAbstract" xlink:to="OtherIncome" order="4.0"/>
    <link:loc xlink:type="locator" xlink:href="../../../../full_ifrs-cor_2014-03-05.xsd#ifrs-full_BenefitsPaidOrPayable" xlink:label="BenefitsPaidOrPayable"/>
    <link:definitionArc xlink:type="arc" xlink:arcrole="http://xbrl.org/int/dim/arcrole/domain-member" xlink:from="ChangesInNetAssetsAvailableForBenefitsAbstract" xlink:to="BenefitsPaidOrPayable" order="5.0"/>
    <link:loc xlink:type="locator" xlink:href="../../../../full_ifrs-cor_2014-03-05.xsd#ifrs-full_AdministrativeExpense" xlink:label="AdministrativeExpense"/>
    <link:definitionArc xlink:type="arc" xlink:arcrole="http://xbrl.org/int/dim/arcrole/domain-member" xlink:from="ChangesInNetAssetsAvailableForBenefitsAbstract" xlink:to="AdministrativeExpense" order="6.0"/>
    <link:loc xlink:type="locator" xlink:href="../../../../full_ifrs-cor_2014-03-05.xsd#ifrs-full_OtherExpenseByFunction" xlink:label="OtherExpenseByFunction"/>
    <link:definitionArc xlink:type="arc" xlink:arcrole="http://xbrl.org/int/dim/arcrole/domain-member" xlink:from="ChangesInNetAssetsAvailableForBenefitsAbstract" xlink:to="OtherExpenseByFunction" order="7.0"/>
    <link:loc xlink:type="locator" xlink:href="../../../../full_ifrs-cor_2014-03-05.xsd#ifrs-full_IncomeTaxExpenseContinuingOperations" xlink:label="IncomeTaxExpenseContinuingOperations"/>
    <link:definitionArc xlink:type="arc" xlink:arcrole="http://xbrl.org/int/dim/arcrole/domain-member" xlink:from="ChangesInNetAssetsAvailableForBenefitsAbstract" xlink:to="IncomeTaxExpenseContinuingOperations" order="8.0"/>
    <link:loc xlink:type="locator" xlink:href="../../../../full_ifrs-cor_2014-03-05.xsd#ifrs-full_ProfitsLossesOnDisposalOfInvestmentsAndChangesInValueOfInvestments" xlink:label="ProfitsLossesOnDisposalOfInvestmentsAndChangesInValueOfInvestments"/>
    <link:definitionArc xlink:type="arc" xlink:arcrole="http://xbrl.org/int/dim/arcrole/domain-member" xlink:from="ChangesInNetAssetsAvailableForBenefitsAbstract" xlink:to="ProfitsLossesOnDisposalOfInvestmentsAndChangesInValueOfInvestments" order="9.0"/>
    <link:loc xlink:type="locator" xlink:href="../../../../full_ifrs-cor_2014-03-05.xsd#ifrs-full_TransfersFromToOtherRetirementBenefitPlans" xlink:label="TransfersFromToOtherRetirementBenefitPlans"/>
    <link:definitionArc xlink:type="arc" xlink:arcrole="http://xbrl.org/int/dim/arcrole/domain-member" xlink:from="ChangesInNetAssetsAvailableForBenefitsAbstract" xlink:to="TransfersFromToOtherRetirementBenefitPlans" order="10.0"/>
    <link:loc xlink:type="locator" xlink:href="../../../../full_ifrs-cor_2014-03-05.xsd#ifrs-full_IncreaseDecreaseInNetAssetsAvailableForBenefits" xlink:label="IncreaseDecreaseInNetAssetsAvailableForBenefits"/>
    <link:definitionArc xlink:type="arc" xlink:arcrole="http://xbrl.org/int/dim/arcrole/domain-member" xlink:from="ChangesInNetAssetsAvailableForBenefitsAbstract" xlink:to="IncreaseDecreaseInNetAssetsAvailableForBenefits" order="11.0"/>
    <link:loc xlink:type="locator" xlink:href="../../../../full_ifrs-cor_2014-03-05.xsd#ifrs-full_DescriptionOfFundingPolicy" xlink:label="DescriptionOfFundingPolicy"/>
    <link:definitionArc xlink:type="arc" xlink:arcrole="http://xbrl.org/int/dim/arcrole/domain-member" xlink:from="StatementOfChangesInNetAssetsAvailableForBenefitsAbstract" xlink:to="DescriptionOfFundingPolicy" order="7.0"/>
    <link:loc xlink:type="locator" xlink:href="../../../../full_ifrs-cor_2014-03-05.xsd#ifrs-full_ActuarialPresentValueOfPromisedRetirementBenefits" xlink:label="ActuarialPresentValueOfPromisedRetirementBenefits"/>
    <link:definitionArc xlink:type="arc" xlink:arcrole="http://xbrl.org/int/dim/arcrole/domain-member" xlink:from="StatementOfChangesInNetAssetsAvailableForBenefitsAbstract" xlink:to="ActuarialPresentValueOfPromisedRetirementBenefits" order="8.0"/>
    <link:loc xlink:type="locator" xlink:href="../../../../full_ifrs-cor_2014-03-05.xsd#ifrs-full_DescriptionOfSignificantActuarialAssumptionsMadeAndMethodUsedToCalculateActuarialPresentValueOfPromisedRetirementBenefits" xlink:label="DescriptionOfSignificantActuarialAssumptionsMadeAndMethodUsedToCalculateActuarialPresentValueOfPromisedRetirementBenefits"/>
    <link:definitionArc xlink:type="arc" xlink:arcrole="http://xbrl.org/int/dim/arcrole/domain-member" xlink:from="StatementOfChangesInNetAssetsAvailableForBenefitsAbstract" xlink:to="DescriptionOfSignificantActuarialAssumptionsMadeAndMethodUsedToCalculateActuarialPresentValueOfPromisedRetirementBenefits" order="9.0"/>
    <link:loc xlink:type="locator" xlink:href="../../../../full_ifrs-cor_2014-03-05.xsd#ifrs-full_DescriptionOfRetirementBenefitPlan" xlink:label="DescriptionOfRetirementBenefitPlan"/>
    <link:definitionArc xlink:type="arc" xlink:arcrole="http://xbrl.org/int/dim/arcrole/domain-member" xlink:from="StatementOfChangesInNetAssetsAvailableForBenefitsAbstract" xlink:to="DescriptionOfRetirementBenefitPlan" order="10.0"/>
    <link:loc xlink:type="locator" xlink:href="../../../../full_ifrs-cor_2014-03-05.xsd#ifrs-full_NamesOfEmployersAndEmployeeGroupsCovered" xlink:label="NamesOfEmployersAndEmployeeGroupsCovered"/>
    <link:definitionArc xlink:type="arc" xlink:arcrole="http://xbrl.org/int/dim/arcrole/domain-member" xlink:from="DescriptionOfRetirementBenefitPlan" xlink:to="NamesOfEmployersAndEmployeeGroupsCovered" order="1.0"/>
    <link:loc xlink:type="locator" xlink:href="../../../../full_ifrs-cor_2014-03-05.xsd#ifrs-full_NumberOfParticipantsOfRetirementBenefitPlanReceivingBenefits" xlink:label="NumberOfParticipantsOfRetirementBenefitPlanReceivingBenefits"/>
    <link:definitionArc xlink:type="arc" xlink:arcrole="http://xbrl.org/int/dim/arcrole/domain-member" xlink:from="DescriptionOfRetirementBenefitPlan" xlink:to="NumberOfParticipantsOfRetirementBenefitPlanReceivingBenefits" order="2.0"/>
    <link:loc xlink:type="locator" xlink:href="../../../../full_ifrs-cor_2014-03-05.xsd#ifrs-full_NumberOfOtherParticipantsOfRetirementBenefitPlan" xlink:label="NumberOfOtherParticipantsOfRetirementBenefitPlan"/>
    <link:definitionArc xlink:type="arc" xlink:arcrole="http://xbrl.org/int/dim/arcrole/domain-member" xlink:from="DescriptionOfRetirementBenefitPlan" xlink:to="NumberOfOtherParticipantsOfRetirementBenefitPlan" order="3.0"/>
    <link:loc xlink:type="locator" xlink:href="../../../../full_ifrs-cor_2014-03-05.xsd#ifrs-full_DescriptionOfTypeOfRetirementBenefitPlan" xlink:label="DescriptionOfTypeOfRetirementBenefitPlan"/>
    <link:definitionArc xlink:type="arc" xlink:arcrole="http://xbrl.org/int/dim/arcrole/domain-member" xlink:from="DescriptionOfRetirementBenefitPlan" xlink:to="DescriptionOfTypeOfRetirementBenefitPlan" order="4.0"/>
    <link:loc xlink:type="locator" xlink:href="../../../../full_ifrs-cor_2014-03-05.xsd#ifrs-full_ExplanationOfWhetherParticipantsContributeToRetirementBenefitPlan" xlink:label="ExplanationOfWhetherParticipantsContributeToRetirementBenefitPlan"/>
    <link:definitionArc xlink:type="arc" xlink:arcrole="http://xbrl.org/int/dim/arcrole/domain-member" xlink:from="DescriptionOfRetirementBenefitPlan" xlink:to="ExplanationOfWhetherParticipantsContributeToRetirementBenefitPlan" order="5.0"/>
    <link:loc xlink:type="locator" xlink:href="../../../../full_ifrs-cor_2014-03-05.xsd#ifrs-full_DescriptionOfRetirementBenefitsPromisedToParticipants" xlink:label="DescriptionOfRetirementBenefitsPromisedToParticipants"/>
    <link:definitionArc xlink:type="arc" xlink:arcrole="http://xbrl.org/int/dim/arcrole/domain-member" xlink:from="DescriptionOfRetirementBenefitPlan" xlink:to="DescriptionOfRetirementBenefitsPromisedToParticipants" order="6.0"/>
    <link:loc xlink:type="locator" xlink:href="../../../../full_ifrs-cor_2014-03-05.xsd#ifrs-full_DescriptionOfAnyRetirementBenefitPlanTerminationTerms" xlink:label="DescriptionOfAnyRetirementBenefitPlanTerminationTerms"/>
    <link:definitionArc xlink:type="arc" xlink:arcrole="http://xbrl.org/int/dim/arcrole/domain-member" xlink:from="DescriptionOfRetirementBenefitPlan" xlink:to="DescriptionOfAnyRetirementBenefitPlanTerminationTerms" order="7.0"/>
    <link:loc xlink:type="locator" xlink:href="../../../../full_ifrs-cor_2014-03-05.xsd#ifrs-full_ExplanationOfChangesInDescriptionOfRetirementBenefitPlan" xlink:label="ExplanationOfChangesInDescriptionOfRetirementBenefitPlan"/>
    <link:definitionArc xlink:type="arc" xlink:arcrole="http://xbrl.org/int/dim/arcrole/domain-member" xlink:from="DescriptionOfRetirementBenefitPlan" xlink:to="ExplanationOfChangesInDescriptionOfRetirementBenefitPlan" order="8.0"/>
    <link:definitionArc xlink:type="arc" xlink:arcrole="http://xbrl.org/int/dim/arcrole/all" xlink:from="StatementOfChangesInNetAssetsAvailableForBenefitsAbstract" xlink:to="CommonTable" xlink:title="definition: StatementOfChangesInNetAssetsAvailableForBenefitsAbstract to CommonTable" order="11.0" xbrldt:contextElement="scenario"/>
  </link:definitionLink>
</link:linkbase>
