<?xml version="1.0" encoding="UTF-8"?>

<!--Taxonomy: 2014-03-05 (Final release)
        ********************** 
        Copyright © 2014 International Financial Reporting Standards (IFRS) Foundation
        All rights reserved.  No part of this publication may be translated, reprinted or reproduced 
        or utilised in any form either in whole or in part without prior permission in writing from the IFRS Foundation.
        For more information on the IFRS Foundation's copyright, please refer to http://www.ifrs.org/XBRL/Legal/
        **********************
-->
<link:linkbase xmlns:xsi="http://www.w3.org/2001/XMLSchema-instance" xsi:schemaLocation="http://www.xbrl.org/2003/linkbase http://www.xbrl.org/2003/xbrl-linkbase-2003-12-31.xsd http://xbrl.org/2008/label http://www.xbrl.org/2008/generic-label.xsd http://xbrl.org/2008/generic http://www.xbrl.org/2008/generic-link.xsd http://www.w3.org/1999/xlink http://www.xbrl.org/2003/xlink-2003-12-31.xsd" xmlns:gen="http://xbrl.org/2008/generic" xmlns:link="http://www.xbrl.org/2003/linkbase" xmlns:xlink="http://www.w3.org/1999/xlink" xmlns:label="http://xbrl.org/2008/label">
  <link:roleRef roleURI="http://www.xbrl.org/2008/role/link" xlink:type="simple" xlink:href="http://www.xbrl.org/2008/generic-link.xsd#standard-link-role"/>
  <link:roleRef roleURI="http://www.xbrl.org/2008/role/label" xlink:type="simple" xlink:href="http://www.xbrl.org/2008/generic-label.xsd#standard-label"/>
  <link:arcroleRef arcroleURI="http://xbrl.org/arcrole/2008/element-label" xlink:type="simple" xlink:href="http://www.xbrl.org/2008/generic-label.xsd#element-label"/>
  <gen:link xlink:type="extended" xlink:role="http://www.xbrl.org/2008/role/link">
    <link:loc xlink:type="locator" xlink:href="rol_full_ifrs-dim_2014-03-05.xsd#ifrs-dim_role-913000" xlink:label="loc_1"/>
    <label:label xlink:type="resource" xlink:label="res_1" xlink:role="http://www.xbrl.org/2008/role/label" xml:lang="en">[913000] Axis - Consolidated and separate financial statements</label:label>
    <gen:arc xlink:type="arc" xlink:arcrole="http://xbrl.org/arcrole/2008/element-label" xlink:from="loc_1" xlink:to="res_1"/>
    <link:loc xlink:type="locator" xlink:href="rol_full_ifrs-dim_2014-03-05.xsd#ifrs-dim_role-901000" xlink:label="loc_2"/>
    <label:label xlink:type="resource" xlink:label="res_2" xlink:role="http://www.xbrl.org/2008/role/label" xml:lang="en">[901000] Axis - Retrospective application and retrospective restatement</label:label>
    <gen:arc xlink:type="arc" xlink:arcrole="http://xbrl.org/arcrole/2008/element-label" xlink:from="loc_2" xlink:to="res_2"/>
    <link:loc xlink:type="locator" xlink:href="rol_full_ifrs-dim_2014-03-05.xsd#ifrs-dim_role-901500" xlink:label="loc_3"/>
    <label:label xlink:type="resource" xlink:label="res_3" xlink:role="http://www.xbrl.org/2008/role/label" xml:lang="en">[901500] Axis - Creation date</label:label>
    <gen:arc xlink:type="arc" xlink:arcrole="http://xbrl.org/arcrole/2008/element-label" xlink:from="loc_3" xlink:to="res_3"/>
    <link:loc xlink:type="locator" xlink:href="rol_full_ifrs-dim_2014-03-05.xsd#ifrs-dim_role-903000" xlink:label="loc_4"/>
    <label:label xlink:type="resource" xlink:label="res_4" xlink:role="http://www.xbrl.org/2008/role/label" xml:lang="en">[903000] Axis - Continuing and discontinued operations</label:label>
    <gen:arc xlink:type="arc" xlink:arcrole="http://xbrl.org/arcrole/2008/element-label" xlink:from="loc_4" xlink:to="res_4"/>
    <link:loc xlink:type="locator" xlink:href="rol_full_ifrs-dim_2014-03-05.xsd#ifrs-dim_role-990000" xlink:label="loc_5"/>
    <label:label xlink:type="resource" xlink:label="res_5" xlink:role="http://www.xbrl.org/2008/role/label" xml:lang="en">[990000] Axis - Defaults</label:label>
    <gen:arc xlink:type="arc" xlink:arcrole="http://xbrl.org/arcrole/2008/element-label" xlink:from="loc_5" xlink:to="res_5"/>
    <link:loc xlink:type="locator" xlink:href="rol_full_ifrs-dim_2014-03-05.xsd#ifrs-dim_role-901100" xlink:label="loc_6"/>
    <label:label xlink:type="resource" xlink:label="res_6" xlink:role="http://www.xbrl.org/2008/role/label" xml:lang="en">[901100] Axis - Departure from requirement of IFRS</label:label>
    <gen:arc xlink:type="arc" xlink:arcrole="http://xbrl.org/arcrole/2008/element-label" xlink:from="loc_6" xlink:to="res_6"/>
    <link:loc xlink:type="locator" xlink:href="rol_full_ifrs-dim_2014-03-05.xsd#ifrs-dim_role-904000" xlink:label="loc_7"/>
    <label:label xlink:type="resource" xlink:label="res_7" xlink:role="http://www.xbrl.org/2008/role/label" xml:lang="en">[904000] Axis - Assets and liabilities classified as held for sale</label:label>
    <gen:arc xlink:type="arc" xlink:arcrole="http://xbrl.org/arcrole/2008/element-label" xlink:from="loc_7" xlink:to="res_7"/>
  </gen:link>
</link:linkbase>
