<?xml version="1.0" encoding="UTF-8"?>

<?officialURI http://archprod.service.eogs.dk/taxonomy/20130401/dst/dst-lab-en.xml?>

<?taxonomy-version 1.5.0?>

<link:linkbase xmlns:xsi="http://www.w3.org/2001/XMLSchema-instance" xsi:schemaLocation="http://www.xbrl.org/2003/linkbase http://www.xbrl.org/2003/xbrl-linkbase-2003-12-31.xsd" xmlns:dst="http://xbrl.dcca.dk/dst" xmlns:tax="http://xbrl.dcca.dk/tax" xmlns:tch="http://xbrl.dcca.dk/tch" xmlns:gen="http://xbrl.org/2008/generic" xmlns:ref="http://www.xbrl.org/2006/ref" xmlns:xbrldt="http://xbrl.org/2005/xbrldt" xmlns:nonnum="http://www.xbrl.org/dtr/type/non-numeric" xmlns:variable="http://xbrl.org/2008/variable" xmlns:eogs="http://xbrl.dcca.dk/eogs" xmlns:xl="http://www.xbrl.org/2003/XLink" xmlns:gsd="http://xbrl.dcca.dk/gsd" xmlns:arr="http://xbrl.dcca.dk/arr" xmlns:xsd="http://www.w3.org/2001/XMLSchema" xmlns:valm="http://xbrl.org/2010/message/validation" xmlns:link="http://www.xbrl.org/2003/linkbase" xmlns:num="http://www.xbrl.org/dtr/type/numeric" xmlns:xlink="http://www.w3.org/1999/xlink" xmlns:msg="http://xbrl.org/2010/message" xmlns:fsa="http://xbrl.dcca.dk/fsa" xmlns:cmn="http://xbrl.dcca.dk/cmn" xmlns:label="http://xbrl.org/2008/label" xmlns:mrv="http://xbrl.dcca.dk/mrv" xmlns:xbrli="http://www.xbrl.org/2003/instance">
  <link:labelLink xlink:type="extended" xlink:role="http://www.xbrl.org/2003/role/link">
    <link:loc xlink:type="locator" xlink:href="../fsa/fsa.xsd#fsa_Inventories" xlink:label="Inventories"/>
    <link:label xlink:type="resource" xlink:label="label_Inventories" xlink:role="http://www.xbrl.org/2003/role/periodStartLabel" xml:lang="en" id="label_Inventories">Inventories, beginning balance</link:label>
    <link:labelArc xlink:type="arc" xlink:arcrole="http://www.xbrl.org/2003/arcrole/concept-label" xlink:from="Inventories" xlink:to="label_Inventories" order="10.0"/>
    <link:label xlink:type="resource" xlink:label="label_Inventories_2" xlink:role="http://www.xbrl.org/2003/role/periodEndLabel" xml:lang="en" id="label_Inventories_2">Inventories, ending balance</link:label>
    <link:labelArc xlink:type="arc" xlink:arcrole="http://www.xbrl.org/2003/arcrole/concept-label" xlink:from="Inventories" xlink:to="label_Inventories_2" order="10.0"/>
    <link:loc xlink:type="locator" xlink:href="../fsa/fsa.xsd#fsa_PrepaymentsForGoods" xlink:label="PrepaymentsForGoods"/>
    <link:label xlink:type="resource" xlink:label="label_PrepaymentsForGoods" xlink:role="http://www.xbrl.org/2003/role/periodStartLabel" xml:lang="en" id="label_PrepaymentsForGoods">Prepayments for goods, beginning balance</link:label>
    <link:labelArc xlink:type="arc" xlink:arcrole="http://www.xbrl.org/2003/arcrole/concept-label" xlink:from="PrepaymentsForGoods" xlink:to="label_PrepaymentsForGoods" order="10.0"/>
    <link:label xlink:type="resource" xlink:label="label_PrepaymentsForGoods_2" xlink:role="http://www.xbrl.org/2003/role/periodEndLabel" xml:lang="en" id="label_PrepaymentsForGoods_2">Prepayments for goods, ending balance</link:label>
    <link:labelArc xlink:type="arc" xlink:arcrole="http://www.xbrl.org/2003/arcrole/concept-label" xlink:from="PrepaymentsForGoods" xlink:to="label_PrepaymentsForGoods_2" order="10.0"/>
    <link:loc xlink:type="locator" xlink:href="../fsa/fsa.xsd#fsa_RawMaterialsAndConsumables" xlink:label="RawMaterialsAndConsumables"/>
    <link:label xlink:type="resource" xlink:label="label_RawMaterialsAndConsumables" xlink:role="http://www.xbrl.org/2003/role/periodStartLabel" xml:lang="en" id="label_RawMaterialsAndConsumables">Raw materials and consumables, beginning balance</link:label>
    <link:labelArc xlink:type="arc" xlink:arcrole="http://www.xbrl.org/2003/arcrole/concept-label" xlink:from="RawMaterialsAndConsumables" xlink:to="label_RawMaterialsAndConsumables" order="10.0"/>
    <link:label xlink:type="resource" xlink:label="label_RawMaterialsAndConsumables_2" xlink:role="http://www.xbrl.org/2003/role/periodEndLabel" xml:lang="en" id="label_RawMaterialsAndConsumables_2">Raw materials and consumables, ending balance</link:label>
    <link:labelArc xlink:type="arc" xlink:arcrole="http://www.xbrl.org/2003/arcrole/concept-label" xlink:from="RawMaterialsAndConsumables" xlink:to="label_RawMaterialsAndConsumables_2" order="10.0"/>
    <link:loc xlink:type="locator" xlink:href="../fsa/fsa.xsd#fsa_WorkInProgress" xlink:label="WorkInProgress"/>
    <link:label xlink:type="resource" xlink:label="label_WorkInProgress" xlink:role="http://www.xbrl.org/2003/role/periodStartLabel" xml:lang="en" id="label_WorkInProgress">Work in progress, beginning balance</link:label>
    <link:labelArc xlink:type="arc" xlink:arcrole="http://www.xbrl.org/2003/arcrole/concept-label" xlink:from="WorkInProgress" xlink:to="label_WorkInProgress" order="10.0"/>
    <link:label xlink:type="resource" xlink:label="label_WorkInProgress_2" xlink:role="http://www.xbrl.org/2003/role/periodEndLabel" xml:lang="en" id="label_WorkInProgress_2">Work in progress, ending balance</link:label>
    <link:labelArc xlink:type="arc" xlink:arcrole="http://www.xbrl.org/2003/arcrole/concept-label" xlink:from="WorkInProgress" xlink:to="label_WorkInProgress_2" order="10.0"/>
    <link:loc xlink:type="locator" xlink:href="dst.xsd#dst_AdditionsToNoncurrentAssets" xlink:label="AdditionsToNoncurrentAssets"/>
    <link:label xlink:type="resource" xlink:label="label_AdditionsToNoncurrentAssets" xlink:role="http://www.xbrl.org/2003/role/label" xml:lang="en" id="label_AdditionsToNoncurrentAssets">Additions to non-current assets</link:label>
    <link:labelArc xlink:type="arc" xlink:arcrole="http://www.xbrl.org/2003/arcrole/concept-label" xlink:from="AdditionsToNoncurrentAssets" xlink:to="label_AdditionsToNoncurrentAssets" order="10.0"/>
    <link:loc xlink:type="locator" xlink:href="dst.xsd#dst_AdditionsToOtherPlantOperatingAssetsFixturesAndFurniture" xlink:label="AdditionsToOtherPlantOperatingAssetsFixturesAndFurniture"/>
    <link:label xlink:type="resource" xlink:label="label_AdditionsToOtherPlantOperatingAssetsFixturesAndFurniture" xlink:role="http://www.xbrl.org/2003/role/label" xml:lang="en" id="label_AdditionsToOtherPlantOperatingAssetsFixturesAndFurniture">Additions to other plant, operating assets, fixtures and furniture</link:label>
    <link:labelArc xlink:type="arc" xlink:arcrole="http://www.xbrl.org/2003/arcrole/concept-label" xlink:from="AdditionsToOtherPlantOperatingAssetsFixturesAndFurniture" xlink:to="label_AdditionsToOtherPlantOperatingAssetsFixturesAndFurniture" order="10.0"/>
    <link:loc xlink:type="locator" xlink:href="dst.xsd#dst_AdditionsToProductionMachineryAndEquipment" xlink:label="AdditionsToProductionMachineryAndEquipment"/>
    <link:label xlink:type="resource" xlink:label="label_AdditionsToProductionMachineryAndEquipment" xlink:role="http://www.xbrl.org/2003/role/label" xml:lang="en" id="label_AdditionsToProductionMachineryAndEquipment">Additions to production machinery and equipment</link:label>
    <link:labelArc xlink:type="arc" xlink:arcrole="http://www.xbrl.org/2003/arcrole/concept-label" xlink:from="AdditionsToProductionMachineryAndEquipment" xlink:to="label_AdditionsToProductionMachineryAndEquipment" order="10.0"/>
    <link:loc xlink:type="locator" xlink:href="dst.xsd#dst_AdditionsToPropertyPlantAndEquipmentInProgressAndPrepaymentsForPropertyPlantAndEquipment" xlink:label="AdditionsToPropertyPlantAndEquipmentInProgressAndPrepaymentsForPropertyPlantAndEquipment"/>
    <link:label xlink:type="resource" xlink:label="label_AdditionsToPropertyPlantAndEquipmentInProgressAndPrepaymentsForPropertyPlantAndEquipment" xlink:role="http://www.xbrl.org/2003/role/label" xml:lang="en" id="label_AdditionsToPropertyPlantAndEquipmentInProgressAndPrepaymentsForPropertyPlantAndEquipment">Additions to property, plant and equipment in progress and prepayments for property, plant and equipment</link:label>
    <link:labelArc xlink:type="arc" xlink:arcrole="http://www.xbrl.org/2003/arcrole/concept-label" xlink:from="AdditionsToPropertyPlantAndEquipmentInProgressAndPrepaymentsForPropertyPlantAndEquipment" xlink:to="label_AdditionsToPropertyPlantAndEquipmentInProgressAndPrepaymentsForPropertyPlantAndEquipment" order="10.0"/>
    <link:loc xlink:type="locator" xlink:href="dst.xsd#dst_AlterationsAndImprovementsOfBuildingsAndInstallations" xlink:label="AlterationsAndImprovementsOfBuildingsAndInstallations"/>
    <link:label xlink:type="resource" xlink:label="label_AlterationsAndImprovementsOfBuildingsAndInstallations" xlink:role="http://www.xbrl.org/2003/role/label" xml:lang="en" id="label_AlterationsAndImprovementsOfBuildingsAndInstallations">Alterations and improvements of buildings and installations</link:label>
    <link:labelArc xlink:type="arc" xlink:arcrole="http://www.xbrl.org/2003/arcrole/concept-label" xlink:from="AlterationsAndImprovementsOfBuildingsAndInstallations" xlink:to="label_AlterationsAndImprovementsOfBuildingsAndInstallations" order="10.0"/>
    <link:loc xlink:type="locator" xlink:href="dst.xsd#dst_BondsAndSimilarDocumentsCurrentAssets" xlink:label="BondsAndSimilarDocumentsCurrentAssets"/>
    <link:label xlink:type="resource" xlink:label="label_BondsAndSimilarDocumentsCurrentAssets" xlink:role="http://www.xbrl.org/2003/role/label" xml:lang="en" id="label_BondsAndSimilarDocumentsCurrentAssets">Bonds and similar documents, current assets</link:label>
    <link:labelArc xlink:type="arc" xlink:arcrole="http://www.xbrl.org/2003/arcrole/concept-label" xlink:from="BondsAndSimilarDocumentsCurrentAssets" xlink:to="label_BondsAndSimilarDocumentsCurrentAssets" order="10.0"/>
    <link:loc xlink:type="locator" xlink:href="dst.xsd#dst_BondsAndSimilarDocumentsFinancialAssets" xlink:label="BondsAndSimilarDocumentsFinancialAssets"/>
    <link:label xlink:type="resource" xlink:label="label_BondsAndSimilarDocumentsFinancialAssets" xlink:role="http://www.xbrl.org/2003/role/label" xml:lang="en" id="label_BondsAndSimilarDocumentsFinancialAssets">Bonds and similar documents, financial assets</link:label>
    <link:labelArc xlink:type="arc" xlink:arcrole="http://www.xbrl.org/2003/arcrole/concept-label" xlink:from="BondsAndSimilarDocumentsFinancialAssets" xlink:to="label_BondsAndSimilarDocumentsFinancialAssets" order="10.0"/>
    <link:loc xlink:type="locator" xlink:href="dst.xsd#dst_ClaimsFinancialAssets" xlink:label="ClaimsFinancialAssets"/>
    <link:label xlink:type="resource" xlink:label="label_ClaimsFinancialAssets" xlink:role="http://www.xbrl.org/2003/role/label" xml:lang="en" id="label_ClaimsFinancialAssets">Claims, financial assets</link:label>
    <link:labelArc xlink:type="arc" xlink:arcrole="http://www.xbrl.org/2003/arcrole/concept-label" xlink:from="ClaimsFinancialAssets" xlink:to="label_ClaimsFinancialAssets" order="10.0"/>
    <link:loc xlink:type="locator" xlink:href="dst.xsd#dst_ConstructionAlterationAndImprovementOfRoadsHarboursSquaresAndSimilarAndDevelopmentAndImprovementOfLand" xlink:label="ConstructionAlterationAndImprovementOfRoadsHarboursSquaresAndSimilarAndDevelopmentAndImprovementOfLand"/>
    <link:label xlink:type="resource" xlink:label="label_ConstructionAlterationAndImprovementOfRoadsHarboursSquaresAndSimilarAndDevelopmentAndImprovementOfLand" xlink:role="http://www.xbrl.org/2003/role/label" xml:lang="en" id="label_ConstructionAlterationAndImprovementOfRoadsHarboursSquaresAndSimilarAndDevelopmentAndImprovementOfLand">Construction, alteration and improvement of roads, harbours, squares and similar and development and improvement of land</link:label>
    <link:labelArc xlink:type="arc" xlink:arcrole="http://www.xbrl.org/2003/arcrole/concept-label" xlink:from="ConstructionAlterationAndImprovementOfRoadsHarboursSquaresAndSimilarAndDevelopmentAndImprovementOfLand" xlink:to="label_ConstructionAlterationAndImprovementOfRoadsHarboursSquaresAndSimilarAndDevelopmentAndImprovementOfLand" order="10.0"/>
    <link:loc xlink:type="locator" xlink:href="dst.xsd#dst_ConstructionOfBuildingsExcludingLand" xlink:label="ConstructionOfBuildingsExcludingLand"/>
    <link:label xlink:type="resource" xlink:label="label_ConstructionOfBuildingsExcludingLand" xlink:role="http://www.xbrl.org/2003/role/label" xml:lang="en" id="label_ConstructionOfBuildingsExcludingLand">Construction of buildings excluding land</link:label>
    <link:labelArc xlink:type="arc" xlink:arcrole="http://www.xbrl.org/2003/arcrole/concept-label" xlink:from="ConstructionOfBuildingsExcludingLand" xlink:to="label_ConstructionOfBuildingsExcludingLand" order="10.0"/>
    <link:loc xlink:type="locator" xlink:href="dst.xsd#dst_ContactEmailAddress" xlink:label="ContactEmailAddress"/>
    <link:label xlink:type="resource" xlink:label="label_ContactEmailAddress" xlink:role="http://www.xbrl.org/2003/role/label" xml:lang="en" id="label_ContactEmailAddress">Contact e-mail address</link:label>
    <link:labelArc xlink:type="arc" xlink:arcrole="http://www.xbrl.org/2003/arcrole/concept-label" xlink:from="ContactEmailAddress" xlink:to="label_ContactEmailAddress" order="10.0"/>
    <link:loc xlink:type="locator" xlink:href="dst.xsd#dst_ContactTelephoneNumber" xlink:label="ContactTelephoneNumber"/>
    <link:label xlink:type="resource" xlink:label="label_ContactTelephoneNumber" xlink:role="http://www.xbrl.org/2003/role/label" xml:lang="en" id="label_ContactTelephoneNumber">Contact telephone number</link:label>
    <link:labelArc xlink:type="arc" xlink:arcrole="http://www.xbrl.org/2003/arcrole/concept-label" xlink:from="ContactTelephoneNumber" xlink:to="label_ContactTelephoneNumber" order="10.0"/>
    <link:loc xlink:type="locator" xlink:href="dst.xsd#dst_ContactTelephoneNumberExtension" xlink:label="ContactTelephoneNumberExtension"/>
    <link:label xlink:type="resource" xlink:label="label_ContactTelephoneNumberExtension" xlink:role="http://www.xbrl.org/2003/role/label" xml:lang="en" id="label_ContactTelephoneNumberExtension">Contact telephone number, extension</link:label>
    <link:labelArc xlink:type="arc" xlink:arcrole="http://www.xbrl.org/2003/arcrole/concept-label" xlink:from="ContactTelephoneNumberExtension" xlink:to="label_ContactTelephoneNumberExtension" order="10.0"/>
    <link:loc xlink:type="locator" xlink:href="dst.xsd#dst_CostOfMinorEquipmentAndFixturesNotCapitalised" xlink:label="CostOfMinorEquipmentAndFixturesNotCapitalised"/>
    <link:label xlink:type="resource" xlink:label="label_CostOfMinorEquipmentAndFixturesNotCapitalised" xlink:role="http://www.xbrl.org/2003/role/label" xml:lang="en" id="label_CostOfMinorEquipmentAndFixturesNotCapitalised">Cost of minor equipment and fixtures not capitalised</link:label>
    <link:labelArc xlink:type="arc" xlink:arcrole="http://www.xbrl.org/2003/arcrole/concept-label" xlink:from="CostOfMinorEquipmentAndFixturesNotCapitalised" xlink:to="label_CostOfMinorEquipmentAndFixturesNotCapitalised" order="10.0"/>
    <link:loc xlink:type="locator" xlink:href="dst.xsd#dst_CostOfSubcontractorsAndOtherWorkDoneByOthersNonemployeesOnEntityMaterials" xlink:label="CostOfSubcontractorsAndOtherWorkDoneByOthersNonemployeesOnEntityMaterials"/>
    <link:label xlink:type="resource" xlink:label="label_CostOfSubcontractorsAndOtherWorkDoneByOthersNonemployeesOnEntityMaterials" xlink:role="http://www.xbrl.org/2003/role/label" xml:lang="en" id="label_CostOfSubcontractorsAndOtherWorkDoneByOthersNonemployeesOnEntityMaterials">Cost of subcontractors and other work done by others (non-employees) on entity materials</link:label>
    <link:labelArc xlink:type="arc" xlink:arcrole="http://www.xbrl.org/2003/arcrole/concept-label" xlink:from="CostOfSubcontractorsAndOtherWorkDoneByOthersNonemployeesOnEntityMaterials" xlink:to="label_CostOfSubcontractorsAndOtherWorkDoneByOthersNonemployeesOnEntityMaterials" order="10.0"/>
    <link:loc xlink:type="locator" xlink:href="dst.xsd#dst_DisposalsOfBuildingsIncludingLand" xlink:label="DisposalsOfBuildingsIncludingLand"/>
    <link:label xlink:type="resource" xlink:label="label_DisposalsOfBuildingsIncludingLand" xlink:role="http://www.xbrl.org/2003/role/label" xml:lang="en" id="label_DisposalsOfBuildingsIncludingLand">Disposals of buildings including land</link:label>
    <link:labelArc xlink:type="arc" xlink:arcrole="http://www.xbrl.org/2003/arcrole/concept-label" xlink:from="DisposalsOfBuildingsIncludingLand" xlink:to="label_DisposalsOfBuildingsIncludingLand" order="10.0"/>
    <link:loc xlink:type="locator" xlink:href="dst.xsd#dst_DisposalsOfLandNotBuiltUpon" xlink:label="DisposalsOfLandNotBuiltUpon"/>
    <link:label xlink:type="resource" xlink:label="label_DisposalsOfLandNotBuiltUpon" xlink:role="http://www.xbrl.org/2003/role/label" xml:lang="en" id="label_DisposalsOfLandNotBuiltUpon">Disposals of land not built upon</link:label>
    <link:labelArc xlink:type="arc" xlink:arcrole="http://www.xbrl.org/2003/arcrole/concept-label" xlink:from="DisposalsOfLandNotBuiltUpon" xlink:to="label_DisposalsOfLandNotBuiltUpon" order="10.0"/>
    <link:loc xlink:type="locator" xlink:href="dst.xsd#dst_DisposalsOfNoncurrentAssets" xlink:label="DisposalsOfNoncurrentAssets"/>
    <link:label xlink:type="resource" xlink:label="label_DisposalsOfNoncurrentAssets" xlink:role="http://www.xbrl.org/2003/role/label" xml:lang="en" id="label_DisposalsOfNoncurrentAssets">Disposals of non-current assets</link:label>
    <link:labelArc xlink:type="arc" xlink:arcrole="http://www.xbrl.org/2003/arcrole/concept-label" xlink:from="DisposalsOfNoncurrentAssets" xlink:to="label_DisposalsOfNoncurrentAssets" order="10.0"/>
    <link:loc xlink:type="locator" xlink:href="dst.xsd#dst_DisposalsOfOtherPlantOperatingAssetsFixturesAndFurniture" xlink:label="DisposalsOfOtherPlantOperatingAssetsFixturesAndFurniture"/>
    <link:label xlink:type="resource" xlink:label="label_DisposalsOfOtherPlantOperatingAssetsFixturesAndFurniture" xlink:role="http://www.xbrl.org/2003/role/label" xml:lang="en" id="label_DisposalsOfOtherPlantOperatingAssetsFixturesAndFurniture">Disposals of other plant, operating assets, fixtures and furniture</link:label>
    <link:labelArc xlink:type="arc" xlink:arcrole="http://www.xbrl.org/2003/arcrole/concept-label" xlink:from="DisposalsOfOtherPlantOperatingAssetsFixturesAndFurniture" xlink:to="label_DisposalsOfOtherPlantOperatingAssetsFixturesAndFurniture" order="10.0"/>
    <link:loc xlink:type="locator" xlink:href="dst.xsd#dst_DisposalsOfProductionMachineryAndEquipment" xlink:label="DisposalsOfProductionMachineryAndEquipment"/>
    <link:label xlink:type="resource" xlink:label="label_DisposalsOfProductionMachineryAndEquipment" xlink:role="http://www.xbrl.org/2003/role/label" xml:lang="en" id="label_DisposalsOfProductionMachineryAndEquipment">Disposals of production machinery and equipment</link:label>
    <link:labelArc xlink:type="arc" xlink:arcrole="http://www.xbrl.org/2003/arcrole/concept-label" xlink:from="DisposalsOfProductionMachineryAndEquipment" xlink:to="label_DisposalsOfProductionMachineryAndEquipment" order="10.0"/>
    <link:loc xlink:type="locator" xlink:href="dst.xsd#dst_DisposalsOfRoadsHarboursSquaresAndSimilar" xlink:label="DisposalsOfRoadsHarboursSquaresAndSimilar"/>
    <link:label xlink:type="resource" xlink:label="label_DisposalsOfRoadsHarboursSquaresAndSimilar" xlink:role="http://www.xbrl.org/2003/role/label" xml:lang="en" id="label_DisposalsOfRoadsHarboursSquaresAndSimilar">Disposals of roads, harbours, squares and similar</link:label>
    <link:labelArc xlink:type="arc" xlink:arcrole="http://www.xbrl.org/2003/arcrole/concept-label" xlink:from="DisposalsOfRoadsHarboursSquaresAndSimilar" xlink:to="label_DisposalsOfRoadsHarboursSquaresAndSimilar" order="10.0"/>
    <link:loc xlink:type="locator" xlink:href="dst.xsd#dst_DividendsReceivedOnOtherNoncurrentFinancialAssets" xlink:label="DividendsReceivedOnOtherNoncurrentFinancialAssets"/>
    <link:label xlink:type="resource" xlink:label="label_DividendsReceivedOnOtherNoncurrentFinancialAssets" xlink:role="http://www.xbrl.org/2003/role/label" xml:lang="en" id="label_DividendsReceivedOnOtherNoncurrentFinancialAssets">Dividends received on other non-current financial assets</link:label>
    <link:labelArc xlink:type="arc" xlink:arcrole="http://www.xbrl.org/2003/arcrole/concept-label" xlink:from="DividendsReceivedOnOtherNoncurrentFinancialAssets" xlink:to="label_DividendsReceivedOnOtherNoncurrentFinancialAssets" order="10.0"/>
    <link:loc xlink:type="locator" xlink:href="dst.xsd#dst_DividendsToShareholdersAndSimilarPaymentsToOwners" xlink:label="DividendsToShareholdersAndSimilarPaymentsToOwners"/>
    <link:label xlink:type="resource" xlink:label="label_DividendsToShareholdersAndSimilarPaymentsToOwners" xlink:role="http://www.xbrl.org/2003/role/label" xml:lang="en" id="label_DividendsToShareholdersAndSimilarPaymentsToOwners">Dividends to shareholders and similar payments to owners</link:label>
    <link:labelArc xlink:type="arc" xlink:arcrole="http://www.xbrl.org/2003/arcrole/concept-label" xlink:from="DividendsToShareholdersAndSimilarPaymentsToOwners" xlink:to="label_DividendsToShareholdersAndSimilarPaymentsToOwners" order="10.0"/>
    <link:loc xlink:type="locator" xlink:href="dst.xsd#dst_PurchasedGoodsForResale" xlink:label="PurchasedGoodsForResale"/>
    <link:label xlink:type="resource" xlink:label="label_PurchasedGoodsForResale_3" xlink:role="http://www.xbrl.org/2003/role/periodEndLabel" xml:lang="en" id="label_PurchasedGoodsForResale_3">Purchased goods for resale, ending balance</link:label>
    <link:labelArc xlink:type="arc" xlink:arcrole="http://www.xbrl.org/2003/arcrole/concept-label" xlink:from="PurchasedGoodsForResale" xlink:to="label_PurchasedGoodsForResale_3" order="10.0"/>
    <link:label xlink:type="resource" xlink:label="label_PurchasedGoodsForResale_2" xlink:role="http://www.xbrl.org/2003/role/periodStartLabel" xml:lang="en" id="label_PurchasedGoodsForResale_4">Purchased goods for resale, beginning balance</link:label>
    <link:labelArc xlink:type="arc" xlink:arcrole="http://www.xbrl.org/2003/arcrole/concept-label" xlink:from="PurchasedGoodsForResale" xlink:to="label_PurchasedGoodsForResale_2" order="10.0"/>
    <link:label xlink:type="resource" xlink:label="label_PurchasedGoodsForResale" xlink:role="http://www.xbrl.org/2003/role/label" xml:lang="en" id="label_PurchasedGoodsForResale_5">Purchased goods for resale</link:label>
    <link:labelArc xlink:type="arc" xlink:arcrole="http://www.xbrl.org/2003/arcrole/concept-label" xlink:from="PurchasedGoodsForResale" xlink:to="label_PurchasedGoodsForResale" order="10.0"/>
    <link:loc xlink:type="locator" xlink:href="dst.xsd#dst_IncomeFromParticipatingInterests" xlink:label="IncomeFromParticipatingInterests"/>
    <link:label xlink:type="resource" xlink:label="label_IncomeFromParticipatingInterests" xlink:role="http://www.xbrl.org/2003/role/label" xml:lang="en" id="label_IncomeFromParticipatingInterests">Income from participating interests</link:label>
    <link:labelArc xlink:type="arc" xlink:arcrole="http://www.xbrl.org/2003/arcrole/concept-label" xlink:from="IncomeFromParticipatingInterests" xlink:to="label_IncomeFromParticipatingInterests" order="10.0"/>
    <link:loc xlink:type="locator" xlink:href="dst.xsd#dst_IncreaseDecreaseOfInventories" xlink:label="IncreaseDecreaseOfInventories"/>
    <link:label xlink:type="resource" xlink:label="label_IncreaseDecreaseOfInventories" xlink:role="http://www.xbrl.org/2003/role/label" xml:lang="en" id="label_IncreaseDecreaseOfInventories">Increase (decrease) of inventories</link:label>
    <link:labelArc xlink:type="arc" xlink:arcrole="http://www.xbrl.org/2003/arcrole/concept-label" xlink:from="IncreaseDecreaseOfInventories" xlink:to="label_IncreaseDecreaseOfInventories" order="10.0"/>
    <link:loc xlink:type="locator" xlink:href="dst.xsd#dst_InformationForStatisticsDenmarkAbstract" xlink:label="InformationForStatisticsDenmarkAbstract"/>
    <link:label xlink:type="resource" xlink:label="label_InformationForStatisticsDenmarkAbstract" xlink:role="http://www.xbrl.org/2003/role/label" xml:lang="en" id="label_InformationForStatisticsDenmarkAbstract">Information for Statistics Denmark</link:label>
    <link:labelArc xlink:type="arc" xlink:arcrole="http://www.xbrl.org/2003/arcrole/concept-label" xlink:from="InformationForStatisticsDenmarkAbstract" xlink:to="label_InformationForStatisticsDenmarkAbstract" order="10.0"/>
    <link:loc xlink:type="locator" xlink:href="dst.xsd#dst_InterestPayableAndSimilarCharges" xlink:label="InterestPayableAndSimilarCharges"/>
    <link:label xlink:type="resource" xlink:label="label_InterestPayableAndSimilarCharges" xlink:role="http://www.xbrl.org/2003/role/label" xml:lang="en" id="label_InterestPayableAndSimilarCharges">Interest payable and similar charges</link:label>
    <link:labelArc xlink:type="arc" xlink:arcrole="http://www.xbrl.org/2003/arcrole/concept-label" xlink:from="InterestPayableAndSimilarCharges" xlink:to="label_InterestPayableAndSimilarCharges" order="10.0"/>
    <link:loc xlink:type="locator" xlink:href="dst.xsd#dst_InterestReceivedOnCurrentAssets" xlink:label="InterestReceivedOnCurrentAssets"/>
    <link:label xlink:type="resource" xlink:label="label_InterestReceivedOnCurrentAssets" xlink:role="http://www.xbrl.org/2003/role/label" xml:lang="en" id="label_InterestReceivedOnCurrentAssets">Interest received on current assets</link:label>
    <link:labelArc xlink:type="arc" xlink:arcrole="http://www.xbrl.org/2003/arcrole/concept-label" xlink:from="InterestReceivedOnCurrentAssets" xlink:to="label_InterestReceivedOnCurrentAssets" order="10.0"/>
    <link:loc xlink:type="locator" xlink:href="dst.xsd#dst_InterestReceivedOnNoncurrentFinancialAssets" xlink:label="InterestReceivedOnNoncurrentFinancialAssets"/>
    <link:label xlink:type="resource" xlink:label="label_InterestReceivedOnNoncurrentFinancialAssets" xlink:role="http://www.xbrl.org/2003/role/label" xml:lang="en" id="label_InterestReceivedOnNoncurrentFinancialAssets">Interest received on non-current financial assets</link:label>
    <link:labelArc xlink:type="arc" xlink:arcrole="http://www.xbrl.org/2003/arcrole/concept-label" xlink:from="InterestReceivedOnNoncurrentFinancialAssets" xlink:to="label_InterestReceivedOnNoncurrentFinancialAssets" order="10.0"/>
    <link:loc xlink:type="locator" xlink:href="dst.xsd#dst_ManufacturedGoods" xlink:label="ManufacturedGoods"/>
    <link:label xlink:type="resource" xlink:label="label_ManufacturedGoods" xlink:role="http://www.xbrl.org/2003/role/label" xml:lang="en" id="label_ManufacturedGoods">Manufactured goods</link:label>
    <link:labelArc xlink:type="arc" xlink:arcrole="http://www.xbrl.org/2003/arcrole/concept-label" xlink:from="ManufacturedGoods" xlink:to="label_ManufacturedGoods" order="10.0"/>
    <link:label xlink:type="resource" xlink:label="label_ManufacturedGoods_2" xlink:role="http://www.xbrl.org/2003/role/periodStartLabel" xml:lang="en" id="label_ManufacturedGoods_2">Manufactured goods, beginning balance</link:label>
    <link:labelArc xlink:type="arc" xlink:arcrole="http://www.xbrl.org/2003/arcrole/concept-label" xlink:from="ManufacturedGoods" xlink:to="label_ManufacturedGoods_2" order="10.0"/>
    <link:label xlink:type="resource" xlink:label="label_ManufacturedGoods_3" xlink:role="http://www.xbrl.org/2003/role/periodEndLabel" xml:lang="en" id="label_ManufacturedGoods_3">Manufactured goods, ending balance</link:label>
    <link:labelArc xlink:type="arc" xlink:arcrole="http://www.xbrl.org/2003/arcrole/concept-label" xlink:from="ManufacturedGoods" xlink:to="label_ManufacturedGoods_3" order="10.0"/>
    <link:loc xlink:type="locator" xlink:href="dst.xsd#dst_NameAndSurnameOfContactPerson" xlink:label="NameAndSurnameOfContactPerson"/>
    <link:label xlink:type="resource" xlink:label="label_NameAndSurnameOfContactPerson" xlink:role="http://www.xbrl.org/2003/role/label" xml:lang="en" id="label_NameAndSurnameOfContactPerson">Name and surname of contact person</link:label>
    <link:labelArc xlink:type="arc" xlink:arcrole="http://www.xbrl.org/2003/arcrole/concept-label" xlink:from="NameAndSurnameOfContactPerson" xlink:to="label_NameAndSurnameOfContactPerson" order="10.0"/>
    <link:loc xlink:type="locator" xlink:href="dst.xsd#dst_OtherExternalChargesExcludingSecondary" xlink:label="OtherExternalChargesExcludingSecondary"/>
    <link:label xlink:type="resource" xlink:label="label_OtherExternalChargesExcludingSecondary" xlink:role="http://www.xbrl.org/2003/role/label" xml:lang="en" id="label_OtherExternalChargesExcludingSecondary">Other external charges excluding secondary</link:label>
    <link:labelArc xlink:type="arc" xlink:arcrole="http://www.xbrl.org/2003/arcrole/concept-label" xlink:from="OtherExternalChargesExcludingSecondary" xlink:to="label_OtherExternalChargesExcludingSecondary" order="10.0"/>
    <link:loc xlink:type="locator" xlink:href="dst.xsd#dst_OtherOperatingChargesOfNontradingType" xlink:label="OtherOperatingChargesOfNontradingType"/>
    <link:label xlink:type="resource" xlink:label="label_OtherOperatingChargesOfNontradingType" xlink:role="http://www.xbrl.org/2003/role/label" xml:lang="en" id="label_OtherOperatingChargesOfNontradingType">Other operating charges of non-trading type</link:label>
    <link:labelArc xlink:type="arc" xlink:arcrole="http://www.xbrl.org/2003/arcrole/concept-label" xlink:from="OtherOperatingChargesOfNontradingType" xlink:to="label_OtherOperatingChargesOfNontradingType" order="10.0"/>
    <link:loc xlink:type="locator" xlink:href="dst.xsd#dst_PaymentsForLongtermRentalAndOperationalLeasingOfGoods" xlink:label="PaymentsForLongtermRentalAndOperationalLeasingOfGoods"/>
    <link:label xlink:type="resource" xlink:label="label_PaymentsForLongtermRentalAndOperationalLeasingOfGoods" xlink:role="http://www.xbrl.org/2003/role/label" xml:lang="en" id="label_PaymentsForLongtermRentalAndOperationalLeasingOfGoods">Payments for long-term rental and operational leasing of goods</link:label>
    <link:labelArc xlink:type="arc" xlink:arcrole="http://www.xbrl.org/2003/arcrole/concept-label" xlink:from="PaymentsForLongtermRentalAndOperationalLeasingOfGoods" xlink:to="label_PaymentsForLongtermRentalAndOperationalLeasingOfGoods" order="10.0"/>
    <link:loc xlink:type="locator" xlink:href="dst.xsd#dst_PaymentsForTemporaryWorkersProvidedFromAnotherEnterprise" xlink:label="PaymentsForTemporaryWorkersProvidedFromAnotherEnterprise"/>
    <link:label xlink:type="resource" xlink:label="label_PaymentsForTemporaryWorkersProvidedFromAnotherEnterprise" xlink:role="http://www.xbrl.org/2003/role/label" xml:lang="en" id="label_PaymentsForTemporaryWorkersProvidedFromAnotherEnterprise">Payments for temporary workers provided from another enterprise</link:label>
    <link:labelArc xlink:type="arc" xlink:arcrole="http://www.xbrl.org/2003/arcrole/concept-label" xlink:from="PaymentsForTemporaryWorkersProvidedFromAnotherEnterprise" xlink:to="label_PaymentsForTemporaryWorkersProvidedFromAnotherEnterprise" order="10.0"/>
    <link:loc xlink:type="locator" xlink:href="dst.xsd#dst_ProfitRetainedLossSustained" xlink:label="ProfitRetainedLossSustained"/>
    <link:label xlink:type="resource" xlink:label="label_ProfitRetainedLossSustained" xlink:role="http://www.xbrl.org/2003/role/label" xml:lang="en" id="label_ProfitRetainedLossSustained">Profit retained (loss sustained)</link:label>
    <link:labelArc xlink:type="arc" xlink:arcrole="http://www.xbrl.org/2003/arcrole/concept-label" xlink:from="ProfitRetainedLossSustained" xlink:to="label_ProfitRetainedLossSustained" order="10.0"/>
    <link:loc xlink:type="locator" xlink:href="dst.xsd#dst_PurchaseOfBuildingsIncludingLand" xlink:label="PurchaseOfBuildingsIncludingLand"/>
    <link:label xlink:type="resource" xlink:label="label_PurchaseOfBuildingsIncludingLand" xlink:role="http://www.xbrl.org/2003/role/label" xml:lang="en" id="label_PurchaseOfBuildingsIncludingLand">Purchase of buildings including land</link:label>
    <link:labelArc xlink:type="arc" xlink:arcrole="http://www.xbrl.org/2003/arcrole/concept-label" xlink:from="PurchaseOfBuildingsIncludingLand" xlink:to="label_PurchaseOfBuildingsIncludingLand" order="10.0"/>
    <link:loc xlink:type="locator" xlink:href="dst.xsd#dst_PurchaseOfEnergyProductsElectricityAndFuelsExcludingEnergyProductsForRegisteredMotorVehicles" xlink:label="PurchaseOfEnergyProductsElectricityAndFuelsExcludingEnergyProductsForRegisteredMotorVehicles"/>
    <link:label xlink:type="resource" xlink:label="label_PurchaseOfEnergyProductsElectricityAndFuelsExcludingEnergyProductsForRegisteredMotorVehicles" xlink:role="http://www.xbrl.org/2003/role/label" xml:lang="en" id="label_PurchaseOfEnergyProductsElectricityAndFuelsExcludingEnergyProductsForRegisteredMotorVehicles">Purchase of energy products [electricity and fuels] excluding energy products for registered motor vehicles</link:label>
    <link:labelArc xlink:type="arc" xlink:arcrole="http://www.xbrl.org/2003/arcrole/concept-label" xlink:from="PurchaseOfEnergyProductsElectricityAndFuelsExcludingEnergyProductsForRegisteredMotorVehicles" xlink:to="label_PurchaseOfEnergyProductsElectricityAndFuelsExcludingEnergyProductsForRegisteredMotorVehicles" order="10.0"/>
    <link:loc xlink:type="locator" xlink:href="dst.xsd#dst_PurchaseOfLandNotBuiltUpon" xlink:label="PurchaseOfLandNotBuiltUpon"/>
    <link:label xlink:type="resource" xlink:label="label_PurchaseOfLandNotBuiltUpon" xlink:role="http://www.xbrl.org/2003/role/label" xml:lang="en" id="label_PurchaseOfLandNotBuiltUpon">Purchase of land not built upon</link:label>
    <link:labelArc xlink:type="arc" xlink:arcrole="http://www.xbrl.org/2003/arcrole/concept-label" xlink:from="PurchaseOfLandNotBuiltUpon" xlink:to="label_PurchaseOfLandNotBuiltUpon" order="10.0"/>
    <link:loc xlink:type="locator" xlink:href="dst.xsd#dst_PurchaseOfRawMaterialsConsumablesAndPackagingMaterials" xlink:label="PurchaseOfRawMaterialsConsumablesAndPackagingMaterials"/>
    <link:label xlink:type="resource" xlink:label="label_PurchaseOfRawMaterialsConsumablesAndPackagingMaterials" xlink:role="http://www.xbrl.org/2003/role/label" xml:lang="en" id="label_PurchaseOfRawMaterialsConsumablesAndPackagingMaterials">Purchase of raw materials, consumables and packaging materials</link:label>
    <link:labelArc xlink:type="arc" xlink:arcrole="http://www.xbrl.org/2003/arcrole/concept-label" xlink:from="PurchaseOfRawMaterialsConsumablesAndPackagingMaterials" xlink:to="label_PurchaseOfRawMaterialsConsumablesAndPackagingMaterials" order="10.0"/>
    <link:loc xlink:type="locator" xlink:href="dst.xsd#dst_RentPaidExcludingHeatingBill" xlink:label="RentPaidExcludingHeatingBill"/>
    <link:label xlink:type="resource" xlink:label="label_RentPaidExcludingHeatingBill" xlink:role="http://www.xbrl.org/2003/role/label" xml:lang="en" id="label_RentPaidExcludingHeatingBill">Rent paid excluding heating bill</link:label>
    <link:labelArc xlink:type="arc" xlink:arcrole="http://www.xbrl.org/2003/arcrole/concept-label" xlink:from="RentPaidExcludingHeatingBill" xlink:to="label_RentPaidExcludingHeatingBill" order="10.0"/>
    <link:loc xlink:type="locator" xlink:href="dst.xsd#dst_RequestForFreeCopyOfStatisticsInReturnForHelp" xlink:label="RequestForFreeCopyOfStatisticsInReturnForHelp"/>
    <link:label xlink:type="resource" xlink:label="label_RequestForFreeCopyOfStatisticsInReturnForHelp" xlink:role="http://www.xbrl.org/2003/role/label" xml:lang="en" id="label_RequestForFreeCopyOfStatisticsInReturnForHelp">Request for free copy of statistics in return for help</link:label>
    <link:labelArc xlink:type="arc" xlink:arcrole="http://www.xbrl.org/2003/arcrole/concept-label" xlink:from="RequestForFreeCopyOfStatisticsInReturnForHelp" xlink:to="label_RequestForFreeCopyOfStatisticsInReturnForHelp" order="10.0"/>
    <link:loc xlink:type="locator" xlink:href="dst.xsd#dst_SharesAndOtherOwnershipCertificatesFinancialAssets" xlink:label="SharesAndOtherOwnershipCertificatesFinancialAssets"/>
    <link:label xlink:type="resource" xlink:label="label_SharesAndOtherOwnershipCertificatesFinancialAssets" xlink:role="http://www.xbrl.org/2003/role/label" xml:lang="en" id="label_SharesAndOtherOwnershipCertificatesFinancialAssets">Shares and other ownership certificates, financial assets</link:label>
    <link:labelArc xlink:type="arc" xlink:arcrole="http://www.xbrl.org/2003/arcrole/concept-label" xlink:from="SharesAndOtherOwnershipCertificatesFinancialAssets" xlink:to="label_SharesAndOtherOwnershipCertificatesFinancialAssets" order="10.0"/>
    <link:loc xlink:type="locator" xlink:href="dst.xsd#dst_SharesAndOwnershipCertificatesCurrentAssets" xlink:label="SharesAndOwnershipCertificatesCurrentAssets"/>
    <link:label xlink:type="resource" xlink:label="label_SharesAndOwnershipCertificatesCurrentAssets" xlink:role="http://www.xbrl.org/2003/role/label" xml:lang="en" id="label_SharesAndOwnershipCertificatesCurrentAssets">Shares and ownership certificates, current assets</link:label>
    <link:labelArc xlink:type="arc" xlink:arcrole="http://www.xbrl.org/2003/arcrole/concept-label" xlink:from="SharesAndOwnershipCertificatesCurrentAssets" xlink:to="label_SharesAndOwnershipCertificatesCurrentAssets" order="10.0"/>
    <link:loc xlink:type="locator" xlink:href="dst.xsd#dst_TurnoverFormPurchasedGoodsForResale" xlink:label="TurnoverFormPurchasedGoodsForResale"/>
    <link:label xlink:type="resource" xlink:label="label_TurnoverFormPurchasedGoodsForResale" xlink:role="http://www.xbrl.org/2003/role/label" xml:lang="en" id="label_TurnoverFormPurchasedGoodsForResale">Turnover form purchased goods for resale</link:label>
    <link:labelArc xlink:type="arc" xlink:arcrole="http://www.xbrl.org/2003/arcrole/concept-label" xlink:from="TurnoverFormPurchasedGoodsForResale" xlink:to="label_TurnoverFormPurchasedGoodsForResale" order="10.0"/>
    <link:loc xlink:type="locator" xlink:href="dst.xsd#dst_TurnoverFromEntityProduction" xlink:label="TurnoverFromEntityProduction"/>
    <link:label xlink:type="resource" xlink:label="label_TurnoverFromEntityProduction" xlink:role="http://www.xbrl.org/2003/role/label" xml:lang="en" id="label_TurnoverFromEntityProduction">Turnover from entity production</link:label>
    <link:labelArc xlink:type="arc" xlink:arcrole="http://www.xbrl.org/2003/arcrole/concept-label" xlink:from="TurnoverFromEntityProduction" xlink:to="label_TurnoverFromEntityProduction" order="10.0"/>
    <link:loc xlink:type="locator" xlink:href="dst.xsd#dst_IncomeStatementAbstract" xlink:label="IncomeStatementAbstract"/>
    <link:label xlink:type="resource" xlink:label="label_IncomeStatementAbstract_2" xlink:role="http://www.xbrl.org/2003/role/label" xml:lang="en" id="label_IncomeStatementAbstract_2">Income statement</link:label>
    <link:labelArc xlink:type="arc" xlink:arcrole="http://www.xbrl.org/2003/arcrole/concept-label" xlink:from="IncomeStatementAbstract" xlink:to="label_IncomeStatementAbstract_2" order="10.0"/>
    <link:loc xlink:type="locator" xlink:href="dst.xsd#dst_OrdinaryProfilLossBeforeFinancialAndExtraordinaryItemsAbstract" xlink:label="OrdinaryProfilLossBeforeFinancialAndExtraordinaryItemsAbstract"/>
    <link:label xlink:type="resource" xlink:label="label_OrdinaryProfilLossBeforeFinancialAndExtraordinaryItemsAbstract_2" xlink:role="http://www.xbrl.org/2003/role/label" xml:lang="en" id="label_OrdinaryProfilLossBeforeFinancialAndExtraordinaryItemsAbstract_2">Ordinary non-financial items</link:label>
    <link:labelArc xlink:type="arc" xlink:arcrole="http://www.xbrl.org/2003/arcrole/concept-label" xlink:from="OrdinaryProfilLossBeforeFinancialAndExtraordinaryItemsAbstract" xlink:to="label_OrdinaryProfilLossBeforeFinancialAndExtraordinaryItemsAbstract_2" order="10.0"/>
    <link:loc xlink:type="locator" xlink:href="dst.xsd#dst_FeedbackAbstract" xlink:label="FeedbackAbstract"/>
    <link:label xlink:type="resource" xlink:label="label_FeedbackAbstract_2" xlink:role="http://www.xbrl.org/2003/role/label" xml:lang="en" id="label_FeedbackAbstract_2">Feedback</link:label>
    <link:labelArc xlink:type="arc" xlink:arcrole="http://www.xbrl.org/2003/arcrole/concept-label" xlink:from="FeedbackAbstract" xlink:to="label_FeedbackAbstract_2" order="10.0"/>
    <link:loc xlink:type="locator" xlink:href="dst.xsd#dst_ProfitLossBeforeFinancialAndExtraordinaryItems" xlink:label="ProfitLossBeforeFinancialAndExtraordinaryItems"/>
    <link:label xlink:type="resource" xlink:label="label_ProfitLossBeforeFinancialAndExtraordinaryItems_2" xlink:role="http://www.xbrl.org/2003/role/label" xml:lang="en" id="label_ProfitLossBeforeFinancialAndExtraordinaryItems_2">Profit (loss) before financial and extraordinary items</link:label>
    <link:labelArc xlink:type="arc" xlink:arcrole="http://www.xbrl.org/2003/arcrole/concept-label" xlink:from="ProfitLossBeforeFinancialAndExtraordinaryItems" xlink:to="label_ProfitLossBeforeFinancialAndExtraordinaryItems_2" order="10.0"/>
    <link:loc xlink:type="locator" xlink:href="dst.xsd#dst_FinancialItemsAbstract" xlink:label="FinancialItemsAbstract"/>
    <link:label xlink:type="resource" xlink:label="label_FinancialItemsAbstract_2" xlink:role="http://www.xbrl.org/2003/role/label" xml:lang="en" id="label_FinancialItemsAbstract_2">Financial items</link:label>
    <link:labelArc xlink:type="arc" xlink:arcrole="http://www.xbrl.org/2003/arcrole/concept-label" xlink:from="FinancialItemsAbstract" xlink:to="label_FinancialItemsAbstract_2" order="10.0"/>
    <link:loc xlink:type="locator" xlink:href="dst.xsd#dst_ExtraordinaryItemsAbstract" xlink:label="ExtraordinaryItemsAbstract"/>
    <link:label xlink:type="resource" xlink:label="label_ExtraordinaryItemsAbstract_2" xlink:role="http://www.xbrl.org/2003/role/label" xml:lang="en" id="label_ExtraordinaryItemsAbstract_2">Extraordinary items</link:label>
    <link:labelArc xlink:type="arc" xlink:arcrole="http://www.xbrl.org/2003/arcrole/concept-label" xlink:from="ExtraordinaryItemsAbstract" xlink:to="label_ExtraordinaryItemsAbstract_2" order="10.0"/>
    <link:loc xlink:type="locator" xlink:href="dst.xsd#dst_TaxesAbstract" xlink:label="TaxesAbstract"/>
    <link:label xlink:type="resource" xlink:label="label_TaxesAbstract_2" xlink:role="http://www.xbrl.org/2003/role/label" xml:lang="en" id="label_TaxesAbstract_2">Taxes</link:label>
    <link:labelArc xlink:type="arc" xlink:arcrole="http://www.xbrl.org/2003/arcrole/concept-label" xlink:from="TaxesAbstract" xlink:to="label_TaxesAbstract_2" order="10.0"/>
    <link:loc xlink:type="locator" xlink:href="dst.xsd#dst_AppropriationOfProfitOrTreatmentOfLossAbstract" xlink:label="AppropriationOfProfitOrTreatmentOfLossAbstract"/>
    <link:label xlink:type="resource" xlink:label="label_AppropriationOfProfitOrTreatmentOfLossAbstract_2" xlink:role="http://www.xbrl.org/2003/role/label" xml:lang="en" id="label_AppropriationOfProfitOrTreatmentOfLossAbstract_2">Appropriation of profit or treatment of loss</link:label>
    <link:labelArc xlink:type="arc" xlink:arcrole="http://www.xbrl.org/2003/arcrole/concept-label" xlink:from="AppropriationOfProfitOrTreatmentOfLossAbstract" xlink:to="label_AppropriationOfProfitOrTreatmentOfLossAbstract_2" order="10.0"/>
    <link:loc xlink:type="locator" xlink:href="dst.xsd#dst_PurchaseOfGoodsForResale" xlink:label="PurchaseOfGoodsForResale"/>
    <link:label xlink:type="resource" xlink:label="label_PurchaseOfGoodsForResale_2" xlink:role="http://www.xbrl.org/2003/role/label" xml:lang="en" id="label_PurchaseOfGoodsForResale_2">Purchase of goods for resale</link:label>
    <link:labelArc xlink:type="arc" xlink:arcrole="http://www.xbrl.org/2003/arcrole/concept-label" xlink:from="PurchaseOfGoodsForResale" xlink:to="label_PurchaseOfGoodsForResale_2" order="10.0"/>
    <link:loc xlink:type="locator" xlink:href="dst.xsd#dst_SharesBondsAndCash" xlink:label="SharesBondsAndCash"/>
    <link:label xlink:type="resource" xlink:label="label_SharesBondsAndCash_2" xlink:role="http://www.xbrl.org/2003/role/totalLabel" xml:lang="en" id="label_SharesBondsAndCash_2">Total shares, bonds and cash</link:label>
    <link:labelArc xlink:type="arc" xlink:arcrole="http://www.xbrl.org/2003/arcrole/concept-label" xlink:from="SharesBondsAndCash" xlink:to="label_SharesBondsAndCash_2" order="10.0"/>
    <link:label xlink:type="resource" xlink:label="label_SharesBondsAndCash_4" xlink:role="http://www.xbrl.org/2003/role/label" xml:lang="en" id="label_SharesBondsAndCash_4">Shares, bonds and cash</link:label>
    <link:labelArc xlink:type="arc" xlink:arcrole="http://www.xbrl.org/2003/arcrole/concept-label" xlink:from="SharesBondsAndCash" xlink:to="label_SharesBondsAndCash_4" order="10.0"/>
    <link:loc xlink:type="locator" xlink:href="dst.xsd#dst_OtherLongtermDebts" xlink:label="OtherLongtermDebts"/>
    <link:label xlink:type="resource" xlink:label="label_OtherLongtermDebts_2" xlink:role="http://www.xbrl.org/2003/role/label" xml:lang="en" id="label_OtherLongtermDebts_2">Other long-term debts</link:label>
    <link:labelArc xlink:type="arc" xlink:arcrole="http://www.xbrl.org/2003/arcrole/concept-label" xlink:from="OtherLongtermDebts" xlink:to="label_OtherLongtermDebts_2" order="10.0"/>
    <link:loc xlink:type="locator" xlink:href="dst.xsd#dst_OtherShorttermDebts" xlink:label="OtherShorttermDebts"/>
    <link:label xlink:type="resource" xlink:label="label_OtherShorttermDebts_2" xlink:role="http://www.xbrl.org/2003/role/label" xml:lang="en" id="label_OtherShorttermDebts_2">Other short-term debts</link:label>
    <link:labelArc xlink:type="arc" xlink:arcrole="http://www.xbrl.org/2003/arcrole/concept-label" xlink:from="OtherShorttermDebts" xlink:to="label_OtherShorttermDebts_2" order="10.0"/>
    <link:loc xlink:type="locator" xlink:href="dst.xsd#dst_BalanceSheetAbstract" xlink:label="BalanceSheetAbstract"/>
    <link:label xlink:type="resource" xlink:label="label_BalanceSheetAbstract" xlink:role="http://www.xbrl.org/2003/role/label" xml:lang="en" id="label_BalanceSheetAbstract">Balance sheet</link:label>
    <link:labelArc xlink:type="arc" xlink:arcrole="http://www.xbrl.org/2003/arcrole/concept-label" xlink:from="BalanceSheetAbstract" xlink:to="label_BalanceSheetAbstract" order="10.0"/>
    <link:loc xlink:type="locator" xlink:href="dst.xsd#dst_AssetsAbstract" xlink:label="AssetsAbstract"/>
    <link:label xlink:type="resource" xlink:label="label_AssetsAbstract" xlink:role="http://www.xbrl.org/2003/role/label" xml:lang="en" id="label_AssetsAbstract">Assets</link:label>
    <link:labelArc xlink:type="arc" xlink:arcrole="http://www.xbrl.org/2003/arcrole/concept-label" xlink:from="AssetsAbstract" xlink:to="label_AssetsAbstract" order="10.0"/>
    <link:loc xlink:type="locator" xlink:href="dst.xsd#dst_FixedAssetsAbstract" xlink:label="FixedAssetsAbstract"/>
    <link:label xlink:type="resource" xlink:label="label_FixedAssetsAbstract" xlink:role="http://www.xbrl.org/2003/role/label" xml:lang="en" id="label_FixedAssetsAbstract">Fixed assets</link:label>
    <link:labelArc xlink:type="arc" xlink:arcrole="http://www.xbrl.org/2003/arcrole/concept-label" xlink:from="FixedAssetsAbstract" xlink:to="label_FixedAssetsAbstract" order="10.0"/>
    <link:loc xlink:type="locator" xlink:href="dst.xsd#dst_TangibleFixedAssetsAbstract" xlink:label="TangibleFixedAssetsAbstract"/>
    <link:label xlink:type="resource" xlink:label="label_TangibleFixedAssetsAbstract" xlink:role="http://www.xbrl.org/2003/role/label" xml:lang="en" id="label_TangibleFixedAssetsAbstract">Tangible fixed assets</link:label>
    <link:labelArc xlink:type="arc" xlink:arcrole="http://www.xbrl.org/2003/arcrole/concept-label" xlink:from="TangibleFixedAssetsAbstract" xlink:to="label_TangibleFixedAssetsAbstract" order="10.0"/>
    <link:loc xlink:type="locator" xlink:href="dst.xsd#dst_FinancialFixedAssetsAbstract" xlink:label="FinancialFixedAssetsAbstract"/>
    <link:label xlink:type="resource" xlink:label="label_FinancialFixedAssetsAbstract" xlink:role="http://www.xbrl.org/2003/role/label" xml:lang="en" id="label_FinancialFixedAssetsAbstract">Financial fixed assets</link:label>
    <link:labelArc xlink:type="arc" xlink:arcrole="http://www.xbrl.org/2003/arcrole/concept-label" xlink:from="FinancialFixedAssetsAbstract" xlink:to="label_FinancialFixedAssetsAbstract" order="10.0"/>
    <link:loc xlink:type="locator" xlink:href="dst.xsd#dst_CurrentAssetsAbstract" xlink:label="CurrentAssetsAbstract"/>
    <link:label xlink:type="resource" xlink:label="label_CurrentAssetsAbstract" xlink:role="http://www.xbrl.org/2003/role/label" xml:lang="en" id="label_CurrentAssetsAbstract">Current assets</link:label>
    <link:labelArc xlink:type="arc" xlink:arcrole="http://www.xbrl.org/2003/arcrole/concept-label" xlink:from="CurrentAssetsAbstract" xlink:to="label_CurrentAssetsAbstract" order="10.0"/>
    <link:loc xlink:type="locator" xlink:href="dst.xsd#dst_StocksAbstract" xlink:label="StocksAbstract"/>
    <link:label xlink:type="resource" xlink:label="label_StocksAbstract" xlink:role="http://www.xbrl.org/2003/role/label" xml:lang="en" id="label_StocksAbstract">Stocks</link:label>
    <link:labelArc xlink:type="arc" xlink:arcrole="http://www.xbrl.org/2003/arcrole/concept-label" xlink:from="StocksAbstract" xlink:to="label_StocksAbstract" order="10.0"/>
    <link:loc xlink:type="locator" xlink:href="dst.xsd#dst_DebtsReceivableAbstract" xlink:label="DebtsReceivableAbstract"/>
    <link:label xlink:type="resource" xlink:label="label_DebtsReceivableAbstract" xlink:role="http://www.xbrl.org/2003/role/label" xml:lang="en" id="label_DebtsReceivableAbstract">Debts receivable</link:label>
    <link:labelArc xlink:type="arc" xlink:arcrole="http://www.xbrl.org/2003/arcrole/concept-label" xlink:from="DebtsReceivableAbstract" xlink:to="label_DebtsReceivableAbstract" order="10.0"/>
    <link:loc xlink:type="locator" xlink:href="dst.xsd#dst_SharesBondsAndCashAbstract" xlink:label="SharesBondsAndCashAbstract"/>
    <link:label xlink:type="resource" xlink:label="label_SharesBondsAndCashAbstract" xlink:role="http://www.xbrl.org/2003/role/label" xml:lang="en" id="label_SharesBondsAndCashAbstract">Shares, bonds and cash</link:label>
    <link:labelArc xlink:type="arc" xlink:arcrole="http://www.xbrl.org/2003/arcrole/concept-label" xlink:from="SharesBondsAndCashAbstract" xlink:to="label_SharesBondsAndCashAbstract" order="10.0"/>
    <link:loc xlink:type="locator" xlink:href="dst.xsd#dst_LiabilitiesAbstract" xlink:label="LiabilitiesAbstract"/>
    <link:label xlink:type="resource" xlink:label="label_LiabilitiesAbstract" xlink:role="http://www.xbrl.org/2003/role/label" xml:lang="en" id="label_LiabilitiesAbstract">Liabilities and equity</link:label>
    <link:labelArc xlink:type="arc" xlink:arcrole="http://www.xbrl.org/2003/arcrole/concept-label" xlink:from="LiabilitiesAbstract" xlink:to="label_LiabilitiesAbstract" order="10.0"/>
    <link:loc xlink:type="locator" xlink:href="dst.xsd#dst_InvestmentDuringTheYearAbstract" xlink:label="InvestmentDuringTheYearAbstract"/>
    <link:label xlink:type="resource" xlink:label="label_InvestmentDuringTheYearAbstract" xlink:role="http://www.xbrl.org/2003/role/label" xml:lang="en" id="label_InvestmentDuringTheYearAbstract">Investment during the year</link:label>
    <link:labelArc xlink:type="arc" xlink:arcrole="http://www.xbrl.org/2003/arcrole/concept-label" xlink:from="InvestmentDuringTheYearAbstract" xlink:to="label_InvestmentDuringTheYearAbstract" order="10.0"/>
    <link:loc xlink:type="locator" xlink:href="dst.xsd#dst_IncreaseAbstract" xlink:label="IncreaseAbstract"/>
    <link:label xlink:type="resource" xlink:label="label_IncreaseAbstract" xlink:role="http://www.xbrl.org/2003/role/label" xml:lang="en" id="label_IncreaseAbstract">Increase</link:label>
    <link:labelArc xlink:type="arc" xlink:arcrole="http://www.xbrl.org/2003/arcrole/concept-label" xlink:from="IncreaseAbstract" xlink:to="label_IncreaseAbstract" order="10.0"/>
    <link:loc xlink:type="locator" xlink:href="dst.xsd#dst_IncreaseOfRealEstateAbstract" xlink:label="IncreaseOfRealEstateAbstract"/>
    <link:label xlink:type="resource" xlink:label="label_IncreaseOfRealEstateAbstract_2" xlink:role="http://www.xbrl.org/2003/role/label" xml:lang="en" id="label_IncreaseOfRealEstateAbstract_2">Increase of real estate</link:label>
    <link:labelArc xlink:type="arc" xlink:arcrole="http://www.xbrl.org/2003/arcrole/concept-label" xlink:from="IncreaseOfRealEstateAbstract" xlink:to="label_IncreaseOfRealEstateAbstract_2" order="10.0"/>
    <link:loc xlink:type="locator" xlink:href="dst.xsd#dst_IncreaseOfMachineryPlantAndEquipmentAbstract" xlink:label="IncreaseOfMachineryPlantAndEquipmentAbstract"/>
    <link:label xlink:type="resource" xlink:label="label_IncreaseOfMachineryPlantAndEquipmentAbstract_2" xlink:role="http://www.xbrl.org/2003/role/label" xml:lang="en" id="label_IncreaseOfMachineryPlantAndEquipmentAbstract_2">Increase of machinery, plant and equipment</link:label>
    <link:labelArc xlink:type="arc" xlink:arcrole="http://www.xbrl.org/2003/arcrole/concept-label" xlink:from="IncreaseOfMachineryPlantAndEquipmentAbstract" xlink:to="label_IncreaseOfMachineryPlantAndEquipmentAbstract_2" order="10.0"/>
    <link:loc xlink:type="locator" xlink:href="dst.xsd#dst_DecreaseAbstract" xlink:label="DecreaseAbstract"/>
    <link:label xlink:type="resource" xlink:label="label_DecreaseAbstract" xlink:role="http://www.xbrl.org/2003/role/label" xml:lang="en" id="label_DecreaseAbstract">Decrease</link:label>
    <link:labelArc xlink:type="arc" xlink:arcrole="http://www.xbrl.org/2003/arcrole/concept-label" xlink:from="DecreaseAbstract" xlink:to="label_DecreaseAbstract" order="10.0"/>
    <link:loc xlink:type="locator" xlink:href="dst.xsd#dst_DecreaseOfRealEstateAbstract" xlink:label="DecreaseOfRealEstateAbstract"/>
    <link:label xlink:type="resource" xlink:label="label_DecreaseOfRealEstateAbstract_2" xlink:role="http://www.xbrl.org/2003/role/label" xml:lang="en" id="label_DecreaseOfRealEstateAbstract_2">Decrease of real estate</link:label>
    <link:labelArc xlink:type="arc" xlink:arcrole="http://www.xbrl.org/2003/arcrole/concept-label" xlink:from="DecreaseOfRealEstateAbstract" xlink:to="label_DecreaseOfRealEstateAbstract_2" order="10.0"/>
    <link:loc xlink:type="locator" xlink:href="dst.xsd#dst_DecreaseOfMachineryPlantAndEquipmentAbstract" xlink:label="DecreaseOfMachineryPlantAndEquipmentAbstract"/>
    <link:label xlink:type="resource" xlink:label="label_DecreaseOfMachineryPlantAndEquipmentAbstract_2" xlink:role="http://www.xbrl.org/2003/role/label" xml:lang="en" id="label_DecreaseOfMachineryPlantAndEquipmentAbstract_2">Decrease of machinery, plant and equipment</link:label>
    <link:labelArc xlink:type="arc" xlink:arcrole="http://www.xbrl.org/2003/arcrole/concept-label" xlink:from="DecreaseOfMachineryPlantAndEquipmentAbstract" xlink:to="label_DecreaseOfMachineryPlantAndEquipmentAbstract_2" order="10.0"/>
    <link:loc xlink:type="locator" xlink:href="dst.xsd#dst_IncreaseOfRealEstate" xlink:label="IncreaseOfRealEstate"/>
    <link:label xlink:type="resource" xlink:label="label_IncreaseOfRealEstate_2" xlink:role="http://www.xbrl.org/2003/role/label" xml:lang="en" id="label_IncreaseOfRealEstate_2">Increase of real estate</link:label>
    <link:labelArc xlink:type="arc" xlink:arcrole="http://www.xbrl.org/2003/arcrole/concept-label" xlink:from="IncreaseOfRealEstate" xlink:to="label_IncreaseOfRealEstate_2" order="10.0"/>
    <link:label xlink:type="resource" xlink:label="label_IncreaseOfRealEstate_3" xlink:role="http://www.xbrl.org/2003/role/totalLabel" xml:lang="en" id="label_IncreaseOfRealEstate_3">Total increase of real estate</link:label>
    <link:labelArc xlink:type="arc" xlink:arcrole="http://www.xbrl.org/2003/arcrole/concept-label" xlink:from="IncreaseOfRealEstate" xlink:to="label_IncreaseOfRealEstate_3" order="10.0"/>
    <link:loc xlink:type="locator" xlink:href="dst.xsd#dst_IncreaseOfMachineryPlantAndEquipment" xlink:label="IncreaseOfMachineryPlantAndEquipment"/>
    <link:label xlink:type="resource" xlink:label="label_IncreaseOfMachineryPlantAndEquipment_2" xlink:role="http://www.xbrl.org/2003/role/totalLabel" xml:lang="en" id="label_IncreaseOfMachineryPlantAndEquipment_2">Total increase of machinery, plant and equipment</link:label>
    <link:labelArc xlink:type="arc" xlink:arcrole="http://www.xbrl.org/2003/arcrole/concept-label" xlink:from="IncreaseOfMachineryPlantAndEquipment" xlink:to="label_IncreaseOfMachineryPlantAndEquipment_2" order="10.0"/>
    <link:label xlink:type="resource" xlink:label="label_IncreaseOfMachineryPlantAndEquipment_4" xlink:role="http://www.xbrl.org/2003/role/label" xml:lang="en" id="label_IncreaseOfMachineryPlantAndEquipment_4">Increase of machinery, plant and equipment</link:label>
    <link:labelArc xlink:type="arc" xlink:arcrole="http://www.xbrl.org/2003/arcrole/concept-label" xlink:from="IncreaseOfMachineryPlantAndEquipment" xlink:to="label_IncreaseOfMachineryPlantAndEquipment_4" order="10.0"/>
    <link:loc xlink:type="locator" xlink:href="dst.xsd#dst_DecreaseOfIntangibleAssets" xlink:label="DecreaseOfIntangibleAssets"/>
    <link:label xlink:type="resource" xlink:label="label_DecreaseOfIntangibleAssets_2" xlink:role="http://www.xbrl.org/2003/role/label" xml:lang="en" id="label_DecreaseOfIntangibleAssets_2">Decrease of intangible assets</link:label>
    <link:labelArc xlink:type="arc" xlink:arcrole="http://www.xbrl.org/2003/arcrole/concept-label" xlink:from="DecreaseOfIntangibleAssets" xlink:to="label_DecreaseOfIntangibleAssets_2" order="10.0"/>
    <link:loc xlink:type="locator" xlink:href="dst.xsd#dst_DecreaseOfRealEstate" xlink:label="DecreaseOfRealEstate"/>
    <link:label xlink:type="resource" xlink:label="label_DecreaseOfRealEstate_2" xlink:role="http://www.xbrl.org/2003/role/label" xml:lang="en" id="label_DecreaseOfRealEstate_2">Decrease of real estate</link:label>
    <link:labelArc xlink:type="arc" xlink:arcrole="http://www.xbrl.org/2003/arcrole/concept-label" xlink:from="DecreaseOfRealEstate" xlink:to="label_DecreaseOfRealEstate_2" order="10.0"/>
    <link:label xlink:type="resource" xlink:label="label_DecreaseOfRealEstate_4" xlink:role="http://www.xbrl.org/2003/role/totalLabel" xml:lang="en" id="label_DecreaseOfRealEstate_4">Total decrease of real estate</link:label>
    <link:labelArc xlink:type="arc" xlink:arcrole="http://www.xbrl.org/2003/arcrole/concept-label" xlink:from="DecreaseOfRealEstate" xlink:to="label_DecreaseOfRealEstate_4" order="10.0"/>
    <link:loc xlink:type="locator" xlink:href="dst.xsd#dst_DecreaseOfMachineryPlantAndEquipment" xlink:label="DecreaseOfMachineryPlantAndEquipment"/>
    <link:label xlink:type="resource" xlink:label="label_DecreaseOfMachineryPlantAndEquipment_2" xlink:role="http://www.xbrl.org/2003/role/label" xml:lang="en" id="label_DecreaseOfMachineryPlantAndEquipment_2">Decrease of machinery, plant and equipment</link:label>
    <link:labelArc xlink:type="arc" xlink:arcrole="http://www.xbrl.org/2003/arcrole/concept-label" xlink:from="DecreaseOfMachineryPlantAndEquipment" xlink:to="label_DecreaseOfMachineryPlantAndEquipment_2" order="10.0"/>
    <link:label xlink:type="resource" xlink:label="label_DecreaseOfMachineryPlantAndEquipment_3" xlink:role="http://www.xbrl.org/2003/role/totalLabel" xml:lang="en" id="label_DecreaseOfMachineryPlantAndEquipment_3">Total decrease of machinery, plant and equipment</link:label>
    <link:labelArc xlink:type="arc" xlink:arcrole="http://www.xbrl.org/2003/arcrole/concept-label" xlink:from="DecreaseOfMachineryPlantAndEquipment" xlink:to="label_DecreaseOfMachineryPlantAndEquipment_3" order="10.0"/>
    <link:loc xlink:type="locator" xlink:href="dst.xsd#dst_IncludesPurchasedGoodsAndEntityProduction" xlink:label="IncludesPurchasedGoodsAndEntityProduction"/>
    <link:label xlink:type="resource" xlink:label="label_IncludesPurchasedGoodsAndEntityProduction_2" xlink:role="http://www.xbrl.org/2003/role/label" xml:lang="en" id="label_IncludesPurchasedGoodsAndEntityProduction_2">Includes purchased goods and entity production</link:label>
    <link:labelArc xlink:type="arc" xlink:arcrole="http://www.xbrl.org/2003/arcrole/concept-label" xlink:from="IncludesPurchasedGoodsAndEntityProduction" xlink:to="label_IncludesPurchasedGoodsAndEntityProduction_2" order="10.0"/>
  </link:labelLink>
</link:linkbase>
