<?xml version="1.0" encoding="UTF-8"?>

<?officialURI http://archprod.service.eogs.dk/taxonomy/20130401/dst/dst-lab-da.xml?>

<?taxonomy-version 1.5.0?>

<link:linkbase xmlns:xsi="http://www.w3.org/2001/XMLSchema-instance" xsi:schemaLocation="http://www.xbrl.org/2003/linkbase http://www.xbrl.org/2003/xbrl-linkbase-2003-12-31.xsd" xmlns:dst="http://xbrl.dcca.dk/dst" xmlns:tax="http://xbrl.dcca.dk/tax" xmlns:tch="http://xbrl.dcca.dk/tch" xmlns:gen="http://xbrl.org/2008/generic" xmlns:ref="http://www.xbrl.org/2006/ref" xmlns:xbrldt="http://xbrl.org/2005/xbrldt" xmlns:nonnum="http://www.xbrl.org/dtr/type/non-numeric" xmlns:variable="http://xbrl.org/2008/variable" xmlns:eogs="http://xbrl.dcca.dk/eogs" xmlns:xl="http://www.xbrl.org/2003/XLink" xmlns:gsd="http://xbrl.dcca.dk/gsd" xmlns:arr="http://xbrl.dcca.dk/arr" xmlns:xsd="http://www.w3.org/2001/XMLSchema" xmlns:valm="http://xbrl.org/2010/message/validation" xmlns:link="http://www.xbrl.org/2003/linkbase" xmlns:num="http://www.xbrl.org/dtr/type/numeric" xmlns:xlink="http://www.w3.org/1999/xlink" xmlns:msg="http://xbrl.org/2010/message" xmlns:fsa="http://xbrl.dcca.dk/fsa" xmlns:cmn="http://xbrl.dcca.dk/cmn" xmlns:label="http://xbrl.org/2008/label" xmlns:mrv="http://xbrl.dcca.dk/mrv" xmlns:xbrli="http://www.xbrl.org/2003/instance">
  <link:labelLink xlink:type="extended" xlink:role="http://www.xbrl.org/2003/role/link">
    <link:loc xlink:type="locator" xlink:href="../fsa/fsa.xsd#fsa_Inventories" xlink:label="Inventories"/>
    <link:label xlink:type="resource" xlink:label="label_Inventories_3" xlink:role="http://www.xbrl.org/2003/role/periodStartLabel" xml:lang="da" id="label_Inventories_5">Varebeholdning, primo</link:label>
    <link:labelArc xlink:type="arc" xlink:arcrole="http://www.xbrl.org/2003/arcrole/concept-label" xlink:from="Inventories" xlink:to="label_Inventories_3" order="10.0"/>
    <link:label xlink:type="resource" xlink:label="label_Inventories_4" xlink:role="http://www.xbrl.org/2003/role/periodEndLabel" xml:lang="da" id="label_Inventories_6">Varebeholdning, ultimo</link:label>
    <link:labelArc xlink:type="arc" xlink:arcrole="http://www.xbrl.org/2003/arcrole/concept-label" xlink:from="Inventories" xlink:to="label_Inventories_4" order="10.0"/>
    <link:loc xlink:type="locator" xlink:href="../fsa/fsa.xsd#fsa_PrepaymentsForGoods" xlink:label="PrepaymentsForGoods"/>
    <link:label xlink:type="resource" xlink:label="label_PrepaymentsForGoods_3" xlink:role="http://www.xbrl.org/2003/role/periodStartLabel" xml:lang="da" id="label_PrepaymentsForGoods_3">Forudbetalinger for varer, primo</link:label>
    <link:labelArc xlink:type="arc" xlink:arcrole="http://www.xbrl.org/2003/arcrole/concept-label" xlink:from="PrepaymentsForGoods" xlink:to="label_PrepaymentsForGoods_3" order="10.0"/>
    <link:label xlink:type="resource" xlink:label="label_PrepaymentsForGoods_4" xlink:role="http://www.xbrl.org/2003/role/periodEndLabel" xml:lang="da" id="label_PrepaymentsForGoods_4">Forudbetalinger for varer, ultimo</link:label>
    <link:labelArc xlink:type="arc" xlink:arcrole="http://www.xbrl.org/2003/arcrole/concept-label" xlink:from="PrepaymentsForGoods" xlink:to="label_PrepaymentsForGoods_4" order="10.0"/>
    <link:loc xlink:type="locator" xlink:href="../fsa/fsa.xsd#fsa_RawMaterialsAndConsumables" xlink:label="RawMaterialsAndConsumables"/>
    <link:label xlink:type="resource" xlink:label="label_RawMaterialsAndConsumables_3" xlink:role="http://www.xbrl.org/2003/role/periodStartLabel" xml:lang="da" id="label_RawMaterialsAndConsumables_3">Råvarer og hjælpematerialer, primo</link:label>
    <link:labelArc xlink:type="arc" xlink:arcrole="http://www.xbrl.org/2003/arcrole/concept-label" xlink:from="RawMaterialsAndConsumables" xlink:to="label_RawMaterialsAndConsumables_3" order="10.0"/>
    <link:label xlink:type="resource" xlink:label="label_RawMaterialsAndConsumables_4" xlink:role="http://www.xbrl.org/2003/role/periodEndLabel" xml:lang="da" id="label_RawMaterialsAndConsumables_4">Råvarer og hjælpematerialer, ultimo</link:label>
    <link:labelArc xlink:type="arc" xlink:arcrole="http://www.xbrl.org/2003/arcrole/concept-label" xlink:from="RawMaterialsAndConsumables" xlink:to="label_RawMaterialsAndConsumables_4" order="10.0"/>
    <link:loc xlink:type="locator" xlink:href="../fsa/fsa.xsd#fsa_WorkInProgress" xlink:label="WorkInProgress"/>
    <link:label xlink:type="resource" xlink:label="label_WorkInProgress_3" xlink:role="http://www.xbrl.org/2003/role/periodStartLabel" xml:lang="da" id="label_WorkInProgress_3">Igangværende arbejde, primo</link:label>
    <link:labelArc xlink:type="arc" xlink:arcrole="http://www.xbrl.org/2003/arcrole/concept-label" xlink:from="WorkInProgress" xlink:to="label_WorkInProgress_3" order="10.0"/>
    <link:label xlink:type="resource" xlink:label="label_WorkInProgress_4" xlink:role="http://www.xbrl.org/2003/role/periodEndLabel" xml:lang="da" id="label_WorkInProgress_4">Igangværende arbejde, ultimo</link:label>
    <link:labelArc xlink:type="arc" xlink:arcrole="http://www.xbrl.org/2003/arcrole/concept-label" xlink:from="WorkInProgress" xlink:to="label_WorkInProgress_4" order="10.0"/>
    <link:loc xlink:type="locator" xlink:href="dst.xsd#dst_AdditionsToNoncurrentAssets" xlink:label="AdditionsToNoncurrentAssets"/>
    <link:label xlink:type="resource" xlink:label="label_AdditionsToNoncurrentAssets_2" xlink:role="http://www.xbrl.org/2003/role/label" xml:lang="da" id="label_AdditionsToNoncurrentAssets_2">Tilgang af anlægsaktiver i alt (67+73+76+77)</link:label>
    <link:labelArc xlink:type="arc" xlink:arcrole="http://www.xbrl.org/2003/arcrole/concept-label" xlink:from="AdditionsToNoncurrentAssets" xlink:to="label_AdditionsToNoncurrentAssets_2" order="10.0"/>
    <link:loc xlink:type="locator" xlink:href="dst.xsd#dst_AdditionsToOtherPlantOperatingAssetsFixturesAndFurniture" xlink:label="AdditionsToOtherPlantOperatingAssetsFixturesAndFurniture"/>
    <link:label xlink:type="resource" xlink:label="label_AdditionsToOtherPlantOperatingAssetsFixturesAndFurniture_2" xlink:role="http://www.xbrl.org/2003/role/label" xml:lang="da" id="label_AdditionsToOtherPlantOperatingAssetsFixturesAndFurniture_2">Tilgang af andre anlæg, driftsmateriel og inventar</link:label>
    <link:labelArc xlink:type="arc" xlink:arcrole="http://www.xbrl.org/2003/arcrole/concept-label" xlink:from="AdditionsToOtherPlantOperatingAssetsFixturesAndFurniture" xlink:to="label_AdditionsToOtherPlantOperatingAssetsFixturesAndFurniture_2" order="10.0"/>
    <link:loc xlink:type="locator" xlink:href="dst.xsd#dst_AdditionsToProductionMachineryAndEquipment" xlink:label="AdditionsToProductionMachineryAndEquipment"/>
    <link:label xlink:type="resource" xlink:label="label_AdditionsToProductionMachineryAndEquipment_2" xlink:role="http://www.xbrl.org/2003/role/label" xml:lang="da" id="label_AdditionsToProductionMachineryAndEquipment_2">Tilgang af produktionsanlæg og maskiner</link:label>
    <link:labelArc xlink:type="arc" xlink:arcrole="http://www.xbrl.org/2003/arcrole/concept-label" xlink:from="AdditionsToProductionMachineryAndEquipment" xlink:to="label_AdditionsToProductionMachineryAndEquipment_2" order="10.0"/>
    <link:loc xlink:type="locator" xlink:href="dst.xsd#dst_AdditionsToPropertyPlantAndEquipmentInProgressAndPrepaymentsForPropertyPlantAndEquipment" xlink:label="AdditionsToPropertyPlantAndEquipmentInProgressAndPrepaymentsForPropertyPlantAndEquipment"/>
    <link:label xlink:type="resource" xlink:label="label_AdditionsToPropertyPlantAndEquipmentInProgressAndPrepaymentsForPropertyPlantAndEquipment_2" xlink:role="http://www.xbrl.org/2003/role/label" xml:lang="da" id="label_AdditionsToPropertyPlantAndEquipmentInProgressAndPrepaymentsForPropertyPlantAndEquipment_2">Tilgang af materielle anlægsaktiver under udførelse og forudbetalinger for materielle anlægsaktiver</link:label>
    <link:labelArc xlink:type="arc" xlink:arcrole="http://www.xbrl.org/2003/arcrole/concept-label" xlink:from="AdditionsToPropertyPlantAndEquipmentInProgressAndPrepaymentsForPropertyPlantAndEquipment" xlink:to="label_AdditionsToPropertyPlantAndEquipmentInProgressAndPrepaymentsForPropertyPlantAndEquipment_2" order="10.0"/>
    <link:loc xlink:type="locator" xlink:href="dst.xsd#dst_AlterationsAndImprovementsOfBuildingsAndInstallations" xlink:label="AlterationsAndImprovementsOfBuildingsAndInstallations"/>
    <link:label xlink:type="resource" xlink:label="label_AlterationsAndImprovementsOfBuildingsAndInstallations_2" xlink:role="http://www.xbrl.org/2003/role/label" xml:lang="da" id="label_AlterationsAndImprovementsOfBuildingsAndInstallations_2">Ombygning og forbedring af bygninger og bygningsinstallationer, herunder opvarmnings- og ventilationsanlæg</link:label>
    <link:labelArc xlink:type="arc" xlink:arcrole="http://www.xbrl.org/2003/arcrole/concept-label" xlink:from="AlterationsAndImprovementsOfBuildingsAndInstallations" xlink:to="label_AlterationsAndImprovementsOfBuildingsAndInstallations_2" order="10.0"/>
    <link:loc xlink:type="locator" xlink:href="dst.xsd#dst_BondsAndSimilarDocumentsCurrentAssets" xlink:label="BondsAndSimilarDocumentsCurrentAssets"/>
    <link:label xlink:type="resource" xlink:label="label_BondsAndSimilarDocumentsCurrentAssets_2" xlink:role="http://www.xbrl.org/2003/role/label" xml:lang="da" id="label_BondsAndSimilarDocumentsCurrentAssets_2">Beholdning af obligationer og andre værdipapirer. Omsætningsaktiver</link:label>
    <link:labelArc xlink:type="arc" xlink:arcrole="http://www.xbrl.org/2003/arcrole/concept-label" xlink:from="BondsAndSimilarDocumentsCurrentAssets" xlink:to="label_BondsAndSimilarDocumentsCurrentAssets_2" order="10.0"/>
    <link:loc xlink:type="locator" xlink:href="dst.xsd#dst_BondsAndSimilarDocumentsFinancialAssets" xlink:label="BondsAndSimilarDocumentsFinancialAssets"/>
    <link:label xlink:type="resource" xlink:label="label_BondsAndSimilarDocumentsFinancialAssets_2" xlink:role="http://www.xbrl.org/2003/role/label" xml:lang="da" id="label_BondsAndSimilarDocumentsFinancialAssets_2">Beholdning af obligationer og andre værdipapirer. Finansielle anlægsaktiver</link:label>
    <link:labelArc xlink:type="arc" xlink:arcrole="http://www.xbrl.org/2003/arcrole/concept-label" xlink:from="BondsAndSimilarDocumentsFinancialAssets" xlink:to="label_BondsAndSimilarDocumentsFinancialAssets_2" order="10.0"/>
    <link:loc xlink:type="locator" xlink:href="dst.xsd#dst_ClaimsFinancialAssets" xlink:label="ClaimsFinancialAssets"/>
    <link:label xlink:type="resource" xlink:label="label_ClaimsFinancialAssets_2" xlink:role="http://www.xbrl.org/2003/role/label" xml:lang="da" id="label_ClaimsFinancialAssets_2">Tilgodehavender. Finansielle anlægsaktiver</link:label>
    <link:labelArc xlink:type="arc" xlink:arcrole="http://www.xbrl.org/2003/arcrole/concept-label" xlink:from="ClaimsFinancialAssets" xlink:to="label_ClaimsFinancialAssets_2" order="10.0"/>
    <link:loc xlink:type="locator" xlink:href="dst.xsd#dst_ConstructionAlterationAndImprovementOfRoadsHarboursSquaresAndSimilarAndDevelopmentAndImprovementOfLand" xlink:label="ConstructionAlterationAndImprovementOfRoadsHarboursSquaresAndSimilarAndDevelopmentAndImprovementOfLand"/>
    <link:label xlink:type="resource" xlink:label="label_ConstructionAlterationAndImprovementOfRoadsHarboursSquaresAndSimilarAndDevelopmentAndImprovementOfLand_2" xlink:role="http://www.xbrl.org/2003/role/label" xml:lang="da" id="label_ConstructionAlterationAndImprovementOfRoadsHarboursSquaresAndSimilarAndDevelopmentAndImprovementOfLand_2">Veje, havne, pladser o.l. Køb af eksisterende anlæg, nyanlæg samt ombygninger, herunder grundforbedring, byggemodning mv</link:label>
    <link:labelArc xlink:type="arc" xlink:arcrole="http://www.xbrl.org/2003/arcrole/concept-label" xlink:from="ConstructionAlterationAndImprovementOfRoadsHarboursSquaresAndSimilarAndDevelopmentAndImprovementOfLand" xlink:to="label_ConstructionAlterationAndImprovementOfRoadsHarboursSquaresAndSimilarAndDevelopmentAndImprovementOfLand_2" order="10.0"/>
    <link:loc xlink:type="locator" xlink:href="dst.xsd#dst_ConstructionOfBuildingsExcludingLand" xlink:label="ConstructionOfBuildingsExcludingLand"/>
    <link:label xlink:type="resource" xlink:label="label_ConstructionOfBuildingsExcludingLand_2" xlink:role="http://www.xbrl.org/2003/role/label" xml:lang="da" id="label_ConstructionOfBuildingsExcludingLand_2">Opførelsesudgifter for nybygninger (ekskl. grunde)</link:label>
    <link:labelArc xlink:type="arc" xlink:arcrole="http://www.xbrl.org/2003/arcrole/concept-label" xlink:from="ConstructionOfBuildingsExcludingLand" xlink:to="label_ConstructionOfBuildingsExcludingLand_2" order="10.0"/>
    <link:loc xlink:type="locator" xlink:href="dst.xsd#dst_ContactEmailAddress" xlink:label="ContactEmailAddress"/>
    <link:label xlink:type="resource" xlink:label="label_ContactEmailAddress_2" xlink:role="http://www.xbrl.org/2003/role/label" xml:lang="da" id="label_ContactEmailAddress_2">Kontaktpersons e-mail adresse</link:label>
    <link:labelArc xlink:type="arc" xlink:arcrole="http://www.xbrl.org/2003/arcrole/concept-label" xlink:from="ContactEmailAddress" xlink:to="label_ContactEmailAddress_2" order="10.0"/>
    <link:loc xlink:type="locator" xlink:href="dst.xsd#dst_ContactTelephoneNumber" xlink:label="ContactTelephoneNumber"/>
    <link:label xlink:type="resource" xlink:label="label_ContactTelephoneNumber_2" xlink:role="http://www.xbrl.org/2003/role/label" xml:lang="da" id="label_ContactTelephoneNumber_2">Kontaktpersons telefonnummer</link:label>
    <link:labelArc xlink:type="arc" xlink:arcrole="http://www.xbrl.org/2003/arcrole/concept-label" xlink:from="ContactTelephoneNumber" xlink:to="label_ContactTelephoneNumber_2" order="10.0"/>
    <link:loc xlink:type="locator" xlink:href="dst.xsd#dst_ContactTelephoneNumberExtension" xlink:label="ContactTelephoneNumberExtension"/>
    <link:label xlink:type="resource" xlink:label="label_ContactTelephoneNumberExtension_2" xlink:role="http://www.xbrl.org/2003/role/label" xml:lang="da" id="label_ContactTelephoneNumberExtension_2">Kontaktpersons lokalnummer</link:label>
    <link:labelArc xlink:type="arc" xlink:arcrole="http://www.xbrl.org/2003/arcrole/concept-label" xlink:from="ContactTelephoneNumberExtension" xlink:to="label_ContactTelephoneNumberExtension_2" order="10.0"/>
    <link:loc xlink:type="locator" xlink:href="dst.xsd#dst_CostOfMinorEquipmentAndFixturesNotCapitalised" xlink:label="CostOfMinorEquipmentAndFixturesNotCapitalised"/>
    <link:label xlink:type="resource" xlink:label="label_CostOfMinorEquipmentAndFixturesNotCapitalised_2" xlink:role="http://www.xbrl.org/2003/role/label" xml:lang="da" id="label_CostOfMinorEquipmentAndFixturesNotCapitalised_2">Omkostninger til anskaffelse af småinventar/driftsmidler med kort levetid</link:label>
    <link:labelArc xlink:type="arc" xlink:arcrole="http://www.xbrl.org/2003/arcrole/concept-label" xlink:from="CostOfMinorEquipmentAndFixturesNotCapitalised" xlink:to="label_CostOfMinorEquipmentAndFixturesNotCapitalised_2" order="10.0"/>
    <link:loc xlink:type="locator" xlink:href="dst.xsd#dst_CostOfSubcontractorsAndOtherWorkDoneByOthersNonemployeesOnEntityMaterials" xlink:label="CostOfSubcontractorsAndOtherWorkDoneByOthersNonemployeesOnEntityMaterials"/>
    <link:label xlink:type="resource" xlink:label="label_CostOfSubcontractorsAndOtherWorkDoneByOthersNonemployeesOnEntityMaterials_2" xlink:role="http://www.xbrl.org/2003/role/label" xml:lang="da" id="label_CostOfSubcontractorsAndOtherWorkDoneByOthersNonemployeesOnEntityMaterials_2">Køb af underentrepriser og lønarbejde (kun ikke-ansatte)</link:label>
    <link:labelArc xlink:type="arc" xlink:arcrole="http://www.xbrl.org/2003/arcrole/concept-label" xlink:from="CostOfSubcontractorsAndOtherWorkDoneByOthersNonemployeesOnEntityMaterials" xlink:to="label_CostOfSubcontractorsAndOtherWorkDoneByOthersNonemployeesOnEntityMaterials_2" order="10.0"/>
    <link:loc xlink:type="locator" xlink:href="dst.xsd#dst_DisposalsOfBuildingsIncludingLand" xlink:label="DisposalsOfBuildingsIncludingLand"/>
    <link:label xlink:type="resource" xlink:label="label_DisposalsOfBuildingsIncludingLand_2" xlink:role="http://www.xbrl.org/2003/role/label" xml:lang="da" id="label_DisposalsOfBuildingsIncludingLand_2">Salg af bygninger (inkl. grundværdi)</link:label>
    <link:labelArc xlink:type="arc" xlink:arcrole="http://www.xbrl.org/2003/arcrole/concept-label" xlink:from="DisposalsOfBuildingsIncludingLand" xlink:to="label_DisposalsOfBuildingsIncludingLand_2" order="10.0"/>
    <link:loc xlink:type="locator" xlink:href="dst.xsd#dst_DisposalsOfLandNotBuiltUpon" xlink:label="DisposalsOfLandNotBuiltUpon"/>
    <link:label xlink:type="resource" xlink:label="label_DisposalsOfLandNotBuiltUpon_2" xlink:role="http://www.xbrl.org/2003/role/label" xml:lang="da" id="label_DisposalsOfLandNotBuiltUpon_2">Salg af ubebyggede grunde</link:label>
    <link:labelArc xlink:type="arc" xlink:arcrole="http://www.xbrl.org/2003/arcrole/concept-label" xlink:from="DisposalsOfLandNotBuiltUpon" xlink:to="label_DisposalsOfLandNotBuiltUpon_2" order="10.0"/>
    <link:loc xlink:type="locator" xlink:href="dst.xsd#dst_DisposalsOfNoncurrentAssets" xlink:label="DisposalsOfNoncurrentAssets"/>
    <link:label xlink:type="resource" xlink:label="label_DisposalsOfNoncurrentAssets_2" xlink:role="http://www.xbrl.org/2003/role/label" xml:lang="da" id="label_DisposalsOfNoncurrentAssets_2">Afgang af anlægsaktiver i alt (79+83+86)</link:label>
    <link:labelArc xlink:type="arc" xlink:arcrole="http://www.xbrl.org/2003/arcrole/concept-label" xlink:from="DisposalsOfNoncurrentAssets" xlink:to="label_DisposalsOfNoncurrentAssets_2" order="10.0"/>
    <link:loc xlink:type="locator" xlink:href="dst.xsd#dst_DisposalsOfOtherPlantOperatingAssetsFixturesAndFurniture" xlink:label="DisposalsOfOtherPlantOperatingAssetsFixturesAndFurniture"/>
    <link:label xlink:type="resource" xlink:label="label_DisposalsOfOtherPlantOperatingAssetsFixturesAndFurniture_2" xlink:role="http://www.xbrl.org/2003/role/label" xml:lang="da" id="label_DisposalsOfOtherPlantOperatingAssetsFixturesAndFurniture_2">Salg af andre anlæg, driftsmateriel og inventar</link:label>
    <link:labelArc xlink:type="arc" xlink:arcrole="http://www.xbrl.org/2003/arcrole/concept-label" xlink:from="DisposalsOfOtherPlantOperatingAssetsFixturesAndFurniture" xlink:to="label_DisposalsOfOtherPlantOperatingAssetsFixturesAndFurniture_2" order="10.0"/>
    <link:loc xlink:type="locator" xlink:href="dst.xsd#dst_DisposalsOfProductionMachineryAndEquipment" xlink:label="DisposalsOfProductionMachineryAndEquipment"/>
    <link:label xlink:type="resource" xlink:label="label_DisposalsOfProductionMachineryAndEquipment_2" xlink:role="http://www.xbrl.org/2003/role/label" xml:lang="da" id="label_DisposalsOfProductionMachineryAndEquipment_2">Salg af produktionsanlæg og maskiner</link:label>
    <link:labelArc xlink:type="arc" xlink:arcrole="http://www.xbrl.org/2003/arcrole/concept-label" xlink:from="DisposalsOfProductionMachineryAndEquipment" xlink:to="label_DisposalsOfProductionMachineryAndEquipment_2" order="10.0"/>
    <link:loc xlink:type="locator" xlink:href="dst.xsd#dst_DisposalsOfRoadsHarboursSquaresAndSimilar" xlink:label="DisposalsOfRoadsHarboursSquaresAndSimilar"/>
    <link:label xlink:type="resource" xlink:label="label_DisposalsOfRoadsHarboursSquaresAndSimilar_2" xlink:role="http://www.xbrl.org/2003/role/label" xml:lang="da" id="label_DisposalsOfRoadsHarboursSquaresAndSimilar_2">Salg af veje, havne, pladser o.l.</link:label>
    <link:labelArc xlink:type="arc" xlink:arcrole="http://www.xbrl.org/2003/arcrole/concept-label" xlink:from="DisposalsOfRoadsHarboursSquaresAndSimilar" xlink:to="label_DisposalsOfRoadsHarboursSquaresAndSimilar_2" order="10.0"/>
    <link:loc xlink:type="locator" xlink:href="dst.xsd#dst_DividendsReceivedOnOtherNoncurrentFinancialAssets" xlink:label="DividendsReceivedOnOtherNoncurrentFinancialAssets"/>
    <link:label xlink:type="resource" xlink:label="label_DividendsReceivedOnOtherNoncurrentFinancialAssets_2" xlink:role="http://www.xbrl.org/2003/role/label" xml:lang="da" id="label_DividendsReceivedOnOtherNoncurrentFinancialAssets_2">Udbytte i øvrigt af finansielle anlægsaktiver</link:label>
    <link:labelArc xlink:type="arc" xlink:arcrole="http://www.xbrl.org/2003/arcrole/concept-label" xlink:from="DividendsReceivedOnOtherNoncurrentFinancialAssets" xlink:to="label_DividendsReceivedOnOtherNoncurrentFinancialAssets_2" order="10.0"/>
    <link:loc xlink:type="locator" xlink:href="dst.xsd#dst_DividendsToShareholdersAndSimilarPaymentsToOwners" xlink:label="DividendsToShareholdersAndSimilarPaymentsToOwners"/>
    <link:label xlink:type="resource" xlink:label="label_DividendsToShareholdersAndSimilarPaymentsToOwners_2" xlink:role="http://www.xbrl.org/2003/role/label" xml:lang="da" id="label_DividendsToShareholdersAndSimilarPaymentsToOwners_2">Udbytte (udbetalt el deklareret), udbetaling til indehavere, efterbetaling til andelshavere o.l</link:label>
    <link:labelArc xlink:type="arc" xlink:arcrole="http://www.xbrl.org/2003/arcrole/concept-label" xlink:from="DividendsToShareholdersAndSimilarPaymentsToOwners" xlink:to="label_DividendsToShareholdersAndSimilarPaymentsToOwners_2" order="10.0"/>
    <link:loc xlink:type="locator" xlink:href="dst.xsd#dst_PurchasedGoodsForResale" xlink:label="PurchasedGoodsForResale"/>
    <link:label xlink:type="resource" xlink:label="label_PurchasedGoodsForResale_6" xlink:role="http://www.xbrl.org/2003/role/periodEndLabel" xml:lang="da" id="label_PurchasedGoodsForResale">Købte af varer til videresalg, ultimo</link:label>
    <link:labelArc xlink:type="arc" xlink:arcrole="http://www.xbrl.org/2003/arcrole/concept-label" xlink:from="PurchasedGoodsForResale" xlink:to="label_PurchasedGoodsForResale_6" order="10.0"/>
    <link:label xlink:type="resource" xlink:label="label_PurchasedGoodsForResale_5" xlink:role="http://www.xbrl.org/2003/role/periodStartLabel" xml:lang="da" id="label_PurchasedGoodsForResale_2">Købte af varer til videresalg, primo</link:label>
    <link:labelArc xlink:type="arc" xlink:arcrole="http://www.xbrl.org/2003/arcrole/concept-label" xlink:from="PurchasedGoodsForResale" xlink:to="label_PurchasedGoodsForResale_5" order="10.0"/>
    <link:label xlink:type="resource" xlink:label="label_PurchasedGoodsForResale_4" xlink:role="http://www.xbrl.org/2003/role/label" xml:lang="da" id="label_PurchasedGoodsForResale_6">Købte varer til videresalg</link:label>
    <link:labelArc xlink:type="arc" xlink:arcrole="http://www.xbrl.org/2003/arcrole/concept-label" xlink:from="PurchasedGoodsForResale" xlink:to="label_PurchasedGoodsForResale_4" order="10.0"/>
    <link:loc xlink:type="locator" xlink:href="dst.xsd#dst_IncomeFromParticipatingInterests" xlink:label="IncomeFromParticipatingInterests"/>
    <link:label xlink:type="resource" xlink:label="label_IncomeFromParticipatingInterests_2" xlink:role="http://www.xbrl.org/2003/role/label" xml:lang="da" id="label_IncomeFromParticipatingInterests_2">Indtægter af kapitalandele</link:label>
    <link:labelArc xlink:type="arc" xlink:arcrole="http://www.xbrl.org/2003/arcrole/concept-label" xlink:from="IncomeFromParticipatingInterests" xlink:to="label_IncomeFromParticipatingInterests_2" order="10.0"/>
    <link:loc xlink:type="locator" xlink:href="dst.xsd#dst_IncreaseDecreaseOfInventories" xlink:label="IncreaseDecreaseOfInventories"/>
    <link:label xlink:type="resource" xlink:label="label_IncreaseDecreaseOfInventories_2" xlink:role="http://www.xbrl.org/2003/role/label" xml:lang="da" id="label_IncreaseDecreaseOfInventories_2">Forøgelse (+)/formindskelse (-) af lagre (råvarer, færdigvarer)</link:label>
    <link:labelArc xlink:type="arc" xlink:arcrole="http://www.xbrl.org/2003/arcrole/concept-label" xlink:from="IncreaseDecreaseOfInventories" xlink:to="label_IncreaseDecreaseOfInventories_2" order="10.0"/>
    <link:loc xlink:type="locator" xlink:href="dst.xsd#dst_InformationForStatisticsDenmarkAbstract" xlink:label="InformationForStatisticsDenmarkAbstract"/>
    <link:label xlink:type="resource" xlink:label="label_InformationForStatisticsDenmarkAbstract_2" xlink:role="http://www.xbrl.org/2003/role/label" xml:lang="da" id="label_InformationForStatisticsDenmarkAbstract_2">DST</link:label>
    <link:labelArc xlink:type="arc" xlink:arcrole="http://www.xbrl.org/2003/arcrole/concept-label" xlink:from="InformationForStatisticsDenmarkAbstract" xlink:to="label_InformationForStatisticsDenmarkAbstract_2" order="10.0"/>
    <link:loc xlink:type="locator" xlink:href="dst.xsd#dst_InterestPayableAndSimilarCharges" xlink:label="InterestPayableAndSimilarCharges"/>
    <link:label xlink:type="resource" xlink:label="label_InterestPayableAndSimilarCharges_2" xlink:role="http://www.xbrl.org/2003/role/label" xml:lang="da" id="label_InterestPayableAndSimilarCharges_2">Renteomkostninger o.l.</link:label>
    <link:labelArc xlink:type="arc" xlink:arcrole="http://www.xbrl.org/2003/arcrole/concept-label" xlink:from="InterestPayableAndSimilarCharges" xlink:to="label_InterestPayableAndSimilarCharges_2" order="10.0"/>
    <link:loc xlink:type="locator" xlink:href="dst.xsd#dst_InterestReceivedOnCurrentAssets" xlink:label="InterestReceivedOnCurrentAssets"/>
    <link:label xlink:type="resource" xlink:label="label_InterestReceivedOnCurrentAssets_2" xlink:role="http://www.xbrl.org/2003/role/label" xml:lang="da" id="label_InterestReceivedOnCurrentAssets_2">Renteindtægter ol. Af omsætningsaktiver</link:label>
    <link:labelArc xlink:type="arc" xlink:arcrole="http://www.xbrl.org/2003/arcrole/concept-label" xlink:from="InterestReceivedOnCurrentAssets" xlink:to="label_InterestReceivedOnCurrentAssets_2" order="10.0"/>
    <link:loc xlink:type="locator" xlink:href="dst.xsd#dst_InterestReceivedOnNoncurrentFinancialAssets" xlink:label="InterestReceivedOnNoncurrentFinancialAssets"/>
    <link:label xlink:type="resource" xlink:label="label_InterestReceivedOnNoncurrentFinancialAssets_2" xlink:role="http://www.xbrl.org/2003/role/label" xml:lang="da" id="label_InterestReceivedOnNoncurrentFinancialAssets_2">Renteindtægter ol. Af finansielle anlægsaktiver</link:label>
    <link:labelArc xlink:type="arc" xlink:arcrole="http://www.xbrl.org/2003/arcrole/concept-label" xlink:from="InterestReceivedOnNoncurrentFinancialAssets" xlink:to="label_InterestReceivedOnNoncurrentFinancialAssets_2" order="10.0"/>
    <link:loc xlink:type="locator" xlink:href="dst.xsd#dst_ManufacturedGoods" xlink:label="ManufacturedGoods"/>
    <link:label xlink:type="resource" xlink:label="label_ManufacturedGoods_4" xlink:role="http://www.xbrl.org/2003/role/label" xml:lang="da" id="label_ManufacturedGoods_4">Egenfremstillede varer til videresalg</link:label>
    <link:labelArc xlink:type="arc" xlink:arcrole="http://www.xbrl.org/2003/arcrole/concept-label" xlink:from="ManufacturedGoods" xlink:to="label_ManufacturedGoods_4" order="10.0"/>
    <link:label xlink:type="resource" xlink:label="label_ManufacturedGoods_5" xlink:role="http://www.xbrl.org/2003/role/periodStartLabel" xml:lang="da" id="label_ManufacturedGoods_5">Egenfremstillede varer til videresalg , primo</link:label>
    <link:labelArc xlink:type="arc" xlink:arcrole="http://www.xbrl.org/2003/arcrole/concept-label" xlink:from="ManufacturedGoods" xlink:to="label_ManufacturedGoods_5" order="10.0"/>
    <link:label xlink:type="resource" xlink:label="label_ManufacturedGoods_6" xlink:role="http://www.xbrl.org/2003/role/periodEndLabel" xml:lang="da" id="label_ManufacturedGoods_6">Egenfremstillede varer til videresalg, ultimo</link:label>
    <link:labelArc xlink:type="arc" xlink:arcrole="http://www.xbrl.org/2003/arcrole/concept-label" xlink:from="ManufacturedGoods" xlink:to="label_ManufacturedGoods_6" order="10.0"/>
    <link:loc xlink:type="locator" xlink:href="dst.xsd#dst_NameAndSurnameOfContactPerson" xlink:label="NameAndSurnameOfContactPerson"/>
    <link:label xlink:type="resource" xlink:label="label_NameAndSurnameOfContactPerson_2" xlink:role="http://www.xbrl.org/2003/role/label" xml:lang="da" id="label_NameAndSurnameOfContactPerson_2">Navn på kontaktperson</link:label>
    <link:labelArc xlink:type="arc" xlink:arcrole="http://www.xbrl.org/2003/arcrole/concept-label" xlink:from="NameAndSurnameOfContactPerson" xlink:to="label_NameAndSurnameOfContactPerson_2" order="10.0"/>
    <link:loc xlink:type="locator" xlink:href="dst.xsd#dst_OtherExternalChargesExcludingSecondary" xlink:label="OtherExternalChargesExcludingSecondary"/>
    <link:label xlink:type="resource" xlink:label="label_OtherExternalChargesExcludingSecondary_2" xlink:role="http://www.xbrl.org/2003/role/label" xml:lang="da" id="label_OtherExternalChargesExcludingSecondary_2">Eksterne omkostninger i øvrigt (bortset fra poster af sekundær karakter)</link:label>
    <link:labelArc xlink:type="arc" xlink:arcrole="http://www.xbrl.org/2003/arcrole/concept-label" xlink:from="OtherExternalChargesExcludingSecondary" xlink:to="label_OtherExternalChargesExcludingSecondary_2" order="10.0"/>
    <link:loc xlink:type="locator" xlink:href="dst.xsd#dst_OtherOperatingChargesOfNontradingType" xlink:label="OtherOperatingChargesOfNontradingType"/>
    <link:label xlink:type="resource" xlink:label="label_OtherOperatingChargesOfNontradingType_2" xlink:role="http://www.xbrl.org/2003/role/label" xml:lang="da" id="label_OtherOperatingChargesOfNontradingType_2">Sekundære omkostninger</link:label>
    <link:labelArc xlink:type="arc" xlink:arcrole="http://www.xbrl.org/2003/arcrole/concept-label" xlink:from="OtherOperatingChargesOfNontradingType" xlink:to="label_OtherOperatingChargesOfNontradingType_2" order="10.0"/>
    <link:loc xlink:type="locator" xlink:href="dst.xsd#dst_PaymentsForLongtermRentalAndOperationalLeasingOfGoods" xlink:label="PaymentsForLongtermRentalAndOperationalLeasingOfGoods"/>
    <link:label xlink:type="resource" xlink:label="label_PaymentsForLongtermRentalAndOperationalLeasingOfGoods_2" xlink:role="http://www.xbrl.org/2003/role/label" xml:lang="da" id="label_PaymentsForLongtermRentalAndOperationalLeasingOfGoods_2">Omkostninger til langtidsleje og operationel leasing</link:label>
    <link:labelArc xlink:type="arc" xlink:arcrole="http://www.xbrl.org/2003/arcrole/concept-label" xlink:from="PaymentsForLongtermRentalAndOperationalLeasingOfGoods" xlink:to="label_PaymentsForLongtermRentalAndOperationalLeasingOfGoods_2" order="10.0"/>
    <link:loc xlink:type="locator" xlink:href="dst.xsd#dst_PaymentsForTemporaryWorkersProvidedFromAnotherEnterprise" xlink:label="PaymentsForTemporaryWorkersProvidedFromAnotherEnterprise"/>
    <link:label xlink:type="resource" xlink:label="label_PaymentsForTemporaryWorkersProvidedFromAnotherEnterprise_2" xlink:role="http://www.xbrl.org/2003/role/label" xml:lang="da" id="label_PaymentsForTemporaryWorkersProvidedFromAnotherEnterprise_2">Omkostninger til leje af arbejdskraft fra andet firma (fx vikarbureau)</link:label>
    <link:labelArc xlink:type="arc" xlink:arcrole="http://www.xbrl.org/2003/arcrole/concept-label" xlink:from="PaymentsForTemporaryWorkersProvidedFromAnotherEnterprise" xlink:to="label_PaymentsForTemporaryWorkersProvidedFromAnotherEnterprise_2" order="10.0"/>
    <link:loc xlink:type="locator" xlink:href="dst.xsd#dst_ProfitRetainedLossSustained" xlink:label="ProfitRetainedLossSustained"/>
    <link:label xlink:type="resource" xlink:label="label_ProfitRetainedLossSustained_2" xlink:role="http://www.xbrl.org/2003/role/label" xml:lang="da" id="label_ProfitRetainedLossSustained_2">Konsolidering, dvs. overførsel til (+) eller fra (-) egenkapitalen</link:label>
    <link:labelArc xlink:type="arc" xlink:arcrole="http://www.xbrl.org/2003/arcrole/concept-label" xlink:from="ProfitRetainedLossSustained" xlink:to="label_ProfitRetainedLossSustained_2" order="10.0"/>
    <link:loc xlink:type="locator" xlink:href="dst.xsd#dst_PurchaseOfBuildingsIncludingLand" xlink:label="PurchaseOfBuildingsIncludingLand"/>
    <link:label xlink:type="resource" xlink:label="label_PurchaseOfBuildingsIncludingLand_2" xlink:role="http://www.xbrl.org/2003/role/label" xml:lang="da" id="label_PurchaseOfBuildingsIncludingLand_2">Køb af eksisterende bygninger (inkl. grundværdi)</link:label>
    <link:labelArc xlink:type="arc" xlink:arcrole="http://www.xbrl.org/2003/arcrole/concept-label" xlink:from="PurchaseOfBuildingsIncludingLand" xlink:to="label_PurchaseOfBuildingsIncludingLand_2" order="10.0"/>
    <link:loc xlink:type="locator" xlink:href="dst.xsd#dst_PurchaseOfEnergyProductsElectricityAndFuelsExcludingEnergyProductsForRegisteredMotorVehicles" xlink:label="PurchaseOfEnergyProductsElectricityAndFuelsExcludingEnergyProductsForRegisteredMotorVehicles"/>
    <link:label xlink:type="resource" xlink:label="label_PurchaseOfEnergyProductsElectricityAndFuelsExcludingEnergyProductsForRegisteredMotorVehicles_2" xlink:role="http://www.xbrl.org/2003/role/label" xml:lang="da" id="label_PurchaseOfEnergyProductsElectricityAndFuelsExcludingEnergyProductsForRegisteredMotorVehicles_2">Køb af energi (el, varme og produktion, undtagen brændstof til registrerede motorkøretøjer)</link:label>
    <link:labelArc xlink:type="arc" xlink:arcrole="http://www.xbrl.org/2003/arcrole/concept-label" xlink:from="PurchaseOfEnergyProductsElectricityAndFuelsExcludingEnergyProductsForRegisteredMotorVehicles" xlink:to="label_PurchaseOfEnergyProductsElectricityAndFuelsExcludingEnergyProductsForRegisteredMotorVehicles_2" order="10.0"/>
    <link:loc xlink:type="locator" xlink:href="dst.xsd#dst_PurchaseOfLandNotBuiltUpon" xlink:label="PurchaseOfLandNotBuiltUpon"/>
    <link:label xlink:type="resource" xlink:label="label_PurchaseOfLandNotBuiltUpon_2" xlink:role="http://www.xbrl.org/2003/role/label" xml:lang="da" id="label_PurchaseOfLandNotBuiltUpon_2">Køb af ubebyggede grunde</link:label>
    <link:labelArc xlink:type="arc" xlink:arcrole="http://www.xbrl.org/2003/arcrole/concept-label" xlink:from="PurchaseOfLandNotBuiltUpon" xlink:to="label_PurchaseOfLandNotBuiltUpon_2" order="10.0"/>
    <link:loc xlink:type="locator" xlink:href="dst.xsd#dst_PurchaseOfRawMaterialsConsumablesAndPackagingMaterials" xlink:label="PurchaseOfRawMaterialsConsumablesAndPackagingMaterials"/>
    <link:label xlink:type="resource" xlink:label="label_PurchaseOfRawMaterialsConsumablesAndPackagingMaterials_2" xlink:role="http://www.xbrl.org/2003/role/label" xml:lang="da" id="label_PurchaseOfRawMaterialsConsumablesAndPackagingMaterials_2">Køb af råvarer, hjælpematerialer og emballage (ekskl. køb af energi)</link:label>
    <link:labelArc xlink:type="arc" xlink:arcrole="http://www.xbrl.org/2003/arcrole/concept-label" xlink:from="PurchaseOfRawMaterialsConsumablesAndPackagingMaterials" xlink:to="label_PurchaseOfRawMaterialsConsumablesAndPackagingMaterials_2" order="10.0"/>
    <link:loc xlink:type="locator" xlink:href="dst.xsd#dst_RentPaidExcludingHeatingBill" xlink:label="RentPaidExcludingHeatingBill"/>
    <link:label xlink:type="resource" xlink:label="label_RentPaidExcludingHeatingBill_2" xlink:role="http://www.xbrl.org/2003/role/label" xml:lang="da" id="label_RentPaidExcludingHeatingBill_2">Omkostninger til husleje (ekskl. varme. Omfatter kun udgifter i lejeforhold)</link:label>
    <link:labelArc xlink:type="arc" xlink:arcrole="http://www.xbrl.org/2003/arcrole/concept-label" xlink:from="RentPaidExcludingHeatingBill" xlink:to="label_RentPaidExcludingHeatingBill_2" order="10.0"/>
    <link:loc xlink:type="locator" xlink:href="dst.xsd#dst_RequestForFreeCopyOfStatisticsInReturnForHelp" xlink:label="RequestForFreeCopyOfStatisticsInReturnForHelp"/>
    <link:label xlink:type="resource" xlink:label="label_RequestForFreeCopyOfStatisticsInReturnForHelp_2" xlink:role="http://www.xbrl.org/2003/role/label" xml:lang="da" id="label_RequestForFreeCopyOfStatisticsInReturnForHelp_2">Ønsker gratis statistik</link:label>
    <link:labelArc xlink:type="arc" xlink:arcrole="http://www.xbrl.org/2003/arcrole/concept-label" xlink:from="RequestForFreeCopyOfStatisticsInReturnForHelp" xlink:to="label_RequestForFreeCopyOfStatisticsInReturnForHelp_2" order="10.0"/>
    <link:loc xlink:type="locator" xlink:href="dst.xsd#dst_SharesAndOtherOwnershipCertificatesFinancialAssets" xlink:label="SharesAndOtherOwnershipCertificatesFinancialAssets"/>
    <link:label xlink:type="resource" xlink:label="label_SharesAndOtherOwnershipCertificatesFinancialAssets_2" xlink:role="http://www.xbrl.org/2003/role/label" xml:lang="da" id="label_SharesAndOtherOwnershipCertificatesFinancialAssets_2">Beholdning af aktier og ejerandelsbeviser</link:label>
    <link:labelArc xlink:type="arc" xlink:arcrole="http://www.xbrl.org/2003/arcrole/concept-label" xlink:from="SharesAndOtherOwnershipCertificatesFinancialAssets" xlink:to="label_SharesAndOtherOwnershipCertificatesFinancialAssets_2" order="10.0"/>
    <link:loc xlink:type="locator" xlink:href="dst.xsd#dst_SharesAndOwnershipCertificatesCurrentAssets" xlink:label="SharesAndOwnershipCertificatesCurrentAssets"/>
    <link:label xlink:type="resource" xlink:label="label_SharesAndOwnershipCertificatesCurrentAssets_2" xlink:role="http://www.xbrl.org/2003/role/label" xml:lang="da" id="label_SharesAndOwnershipCertificatesCurrentAssets_2">Beholdning af aktier og ejerandelsbeviser. Finansielle anlægsaktiver</link:label>
    <link:labelArc xlink:type="arc" xlink:arcrole="http://www.xbrl.org/2003/arcrole/concept-label" xlink:from="SharesAndOwnershipCertificatesCurrentAssets" xlink:to="label_SharesAndOwnershipCertificatesCurrentAssets_2" order="10.0"/>
    <link:loc xlink:type="locator" xlink:href="dst.xsd#dst_TurnoverFormPurchasedGoodsForResale" xlink:label="TurnoverFormPurchasedGoodsForResale"/>
    <link:label xlink:type="resource" xlink:label="label_TurnoverFormPurchasedGoodsForResale_2" xlink:role="http://www.xbrl.org/2003/role/label" xml:lang="da" id="label_TurnoverFormPurchasedGoodsForResale_2">Omsætning handelsvarer</link:label>
    <link:labelArc xlink:type="arc" xlink:arcrole="http://www.xbrl.org/2003/arcrole/concept-label" xlink:from="TurnoverFormPurchasedGoodsForResale" xlink:to="label_TurnoverFormPurchasedGoodsForResale_2" order="10.0"/>
    <link:loc xlink:type="locator" xlink:href="dst.xsd#dst_TurnoverFromEntityProduction" xlink:label="TurnoverFromEntityProduction"/>
    <link:label xlink:type="resource" xlink:label="label_TurnoverFromEntityProduction_2" xlink:role="http://www.xbrl.org/2003/role/label" xml:lang="da" id="label_TurnoverFromEntityProduction_2">Omsætning egenfremstillede varer og tjenester</link:label>
    <link:labelArc xlink:type="arc" xlink:arcrole="http://www.xbrl.org/2003/arcrole/concept-label" xlink:from="TurnoverFromEntityProduction" xlink:to="label_TurnoverFromEntityProduction_2" order="10.0"/>
    <link:loc xlink:type="locator" xlink:href="dst.xsd#dst_IncomeStatementAbstract" xlink:label="IncomeStatementAbstract"/>
    <link:label xlink:type="resource" xlink:label="label_IncomeStatementAbstract" xlink:role="http://www.xbrl.org/2003/role/label" xml:lang="da" id="label_IncomeStatementAbstract">Resultatopgørelse</link:label>
    <link:labelArc xlink:type="arc" xlink:arcrole="http://www.xbrl.org/2003/arcrole/concept-label" xlink:from="IncomeStatementAbstract" xlink:to="label_IncomeStatementAbstract" order="10.0"/>
    <link:loc xlink:type="locator" xlink:href="dst.xsd#dst_OrdinaryProfilLossBeforeFinancialAndExtraordinaryItemsAbstract" xlink:label="OrdinaryProfilLossBeforeFinancialAndExtraordinaryItemsAbstract"/>
    <link:label xlink:type="resource" xlink:label="label_OrdinaryProfilLossBeforeFinancialAndExtraordinaryItemsAbstract" xlink:role="http://www.xbrl.org/2003/role/label" xml:lang="da" id="label_OrdinaryProfilLossBeforeFinancialAndExtraordinaryItemsAbstract">Ordinær drift før finansielle og ekstraordinære poster</link:label>
    <link:labelArc xlink:type="arc" xlink:arcrole="http://www.xbrl.org/2003/arcrole/concept-label" xlink:from="OrdinaryProfilLossBeforeFinancialAndExtraordinaryItemsAbstract" xlink:to="label_OrdinaryProfilLossBeforeFinancialAndExtraordinaryItemsAbstract" order="10.0"/>
    <link:loc xlink:type="locator" xlink:href="dst.xsd#dst_FeedbackAbstract" xlink:label="FeedbackAbstract"/>
    <link:label xlink:type="resource" xlink:label="label_FeedbackAbstract" xlink:role="http://www.xbrl.org/2003/role/label" xml:lang="da" id="label_FeedbackAbstract">Tilbagemelding</link:label>
    <link:labelArc xlink:type="arc" xlink:arcrole="http://www.xbrl.org/2003/arcrole/concept-label" xlink:from="FeedbackAbstract" xlink:to="label_FeedbackAbstract" order="10.0"/>
    <link:loc xlink:type="locator" xlink:href="dst.xsd#dst_ProfitLossBeforeFinancialAndExtraordinaryItems" xlink:label="ProfitLossBeforeFinancialAndExtraordinaryItems"/>
    <link:label xlink:type="resource" xlink:label="label_ProfitLossBeforeFinancialAndExtraordinaryItems" xlink:role="http://www.xbrl.org/2003/role/label" xml:lang="da" id="label_ProfitLossBeforeFinancialAndExtraordinaryItems">Resultat før finansielle og ekstraordinære poster</link:label>
    <link:labelArc xlink:type="arc" xlink:arcrole="http://www.xbrl.org/2003/arcrole/concept-label" xlink:from="ProfitLossBeforeFinancialAndExtraordinaryItems" xlink:to="label_ProfitLossBeforeFinancialAndExtraordinaryItems" order="10.0"/>
    <link:loc xlink:type="locator" xlink:href="dst.xsd#dst_FinancialItemsAbstract" xlink:label="FinancialItemsAbstract"/>
    <link:label xlink:type="resource" xlink:label="label_FinancialItemsAbstract" xlink:role="http://www.xbrl.org/2003/role/label" xml:lang="da" id="label_FinancialItemsAbstract">Finansielle poster</link:label>
    <link:labelArc xlink:type="arc" xlink:arcrole="http://www.xbrl.org/2003/arcrole/concept-label" xlink:from="FinancialItemsAbstract" xlink:to="label_FinancialItemsAbstract" order="10.0"/>
    <link:loc xlink:type="locator" xlink:href="dst.xsd#dst_ExtraordinaryItemsAbstract" xlink:label="ExtraordinaryItemsAbstract"/>
    <link:label xlink:type="resource" xlink:label="label_ExtraordinaryItemsAbstract" xlink:role="http://www.xbrl.org/2003/role/label" xml:lang="da" id="label_ExtraordinaryItemsAbstract">Ekstraordinære poster</link:label>
    <link:labelArc xlink:type="arc" xlink:arcrole="http://www.xbrl.org/2003/arcrole/concept-label" xlink:from="ExtraordinaryItemsAbstract" xlink:to="label_ExtraordinaryItemsAbstract" order="10.0"/>
    <link:loc xlink:type="locator" xlink:href="dst.xsd#dst_TaxesAbstract" xlink:label="TaxesAbstract"/>
    <link:label xlink:type="resource" xlink:label="label_TaxesAbstract" xlink:role="http://www.xbrl.org/2003/role/label" xml:lang="da" id="label_TaxesAbstract">Skatter</link:label>
    <link:labelArc xlink:type="arc" xlink:arcrole="http://www.xbrl.org/2003/arcrole/concept-label" xlink:from="TaxesAbstract" xlink:to="label_TaxesAbstract" order="10.0"/>
    <link:loc xlink:type="locator" xlink:href="dst.xsd#dst_AppropriationOfProfitOrTreatmentOfLossAbstract" xlink:label="AppropriationOfProfitOrTreatmentOfLossAbstract"/>
    <link:label xlink:type="resource" xlink:label="label_AppropriationOfProfitOrTreatmentOfLossAbstract" xlink:role="http://www.xbrl.org/2003/role/label" xml:lang="da" id="label_AppropriationOfProfitOrTreatmentOfLossAbstract">Resultatanvendelse</link:label>
    <link:labelArc xlink:type="arc" xlink:arcrole="http://www.xbrl.org/2003/arcrole/concept-label" xlink:from="AppropriationOfProfitOrTreatmentOfLossAbstract" xlink:to="label_AppropriationOfProfitOrTreatmentOfLossAbstract" order="10.0"/>
    <link:loc xlink:type="locator" xlink:href="dst.xsd#dst_PurchaseOfGoodsForResale" xlink:label="PurchaseOfGoodsForResale"/>
    <link:label xlink:type="resource" xlink:label="label_PurchaseOfGoodsForResale" xlink:role="http://www.xbrl.org/2003/role/label" xml:lang="da" id="label_PurchaseOfGoodsForResale">Køb af varer til videreslag (handelsvarer)</link:label>
    <link:labelArc xlink:type="arc" xlink:arcrole="http://www.xbrl.org/2003/arcrole/concept-label" xlink:from="PurchaseOfGoodsForResale" xlink:to="label_PurchaseOfGoodsForResale" order="10.0"/>
    <link:loc xlink:type="locator" xlink:href="dst.xsd#dst_SharesBondsAndCash" xlink:label="SharesBondsAndCash"/>
    <link:label xlink:type="resource" xlink:label="label_SharesBondsAndCash" xlink:role="http://www.xbrl.org/2003/role/totalLabel" xml:lang="da" id="label_SharesBondsAndCash">Værdipapirer, kapitalandele og likvide beholdninger i alt</link:label>
    <link:labelArc xlink:type="arc" xlink:arcrole="http://www.xbrl.org/2003/arcrole/concept-label" xlink:from="SharesBondsAndCash" xlink:to="label_SharesBondsAndCash" order="10.0"/>
    <link:label xlink:type="resource" xlink:label="label_SharesBondsAndCash_3" xlink:role="http://www.xbrl.org/2003/role/label" xml:lang="da" id="label_SharesBondsAndCash_3">Værdipapirer, kapitalandele og likvide beholdninger</link:label>
    <link:labelArc xlink:type="arc" xlink:arcrole="http://www.xbrl.org/2003/arcrole/concept-label" xlink:from="SharesBondsAndCash" xlink:to="label_SharesBondsAndCash_3" order="10.0"/>
    <link:loc xlink:type="locator" xlink:href="dst.xsd#dst_OtherLongtermDebts" xlink:label="OtherLongtermDebts"/>
    <link:label xlink:type="resource" xlink:label="label_OtherLongtermDebts" xlink:role="http://www.xbrl.org/2003/role/label" xml:lang="da" id="label_OtherLongtermDebts">Anden langfristet gæld</link:label>
    <link:labelArc xlink:type="arc" xlink:arcrole="http://www.xbrl.org/2003/arcrole/concept-label" xlink:from="OtherLongtermDebts" xlink:to="label_OtherLongtermDebts" order="10.0"/>
    <link:loc xlink:type="locator" xlink:href="dst.xsd#dst_OtherShorttermDebts" xlink:label="OtherShorttermDebts"/>
    <link:label xlink:type="resource" xlink:label="label_OtherShorttermDebts" xlink:role="http://www.xbrl.org/2003/role/label" xml:lang="da" id="label_OtherShorttermDebts">Anden kortfristet gæld</link:label>
    <link:labelArc xlink:type="arc" xlink:arcrole="http://www.xbrl.org/2003/arcrole/concept-label" xlink:from="OtherShorttermDebts" xlink:to="label_OtherShorttermDebts" order="10.0"/>
    <link:loc xlink:type="locator" xlink:href="dst.xsd#dst_BalanceSheetAbstract" xlink:label="BalanceSheetAbstract"/>
    <link:label xlink:type="resource" xlink:label="label_BalanceSheetAbstract_2" xlink:role="http://www.xbrl.org/2003/role/label" xml:lang="da" id="label_BalanceSheetAbstract_2">Balance</link:label>
    <link:labelArc xlink:type="arc" xlink:arcrole="http://www.xbrl.org/2003/arcrole/concept-label" xlink:from="BalanceSheetAbstract" xlink:to="label_BalanceSheetAbstract_2" order="10.0"/>
    <link:loc xlink:type="locator" xlink:href="dst.xsd#dst_AssetsAbstract" xlink:label="AssetsAbstract"/>
    <link:label xlink:type="resource" xlink:label="label_AssetsAbstract_2" xlink:role="http://www.xbrl.org/2003/role/label" xml:lang="da" id="label_AssetsAbstract_2">Aktiver</link:label>
    <link:labelArc xlink:type="arc" xlink:arcrole="http://www.xbrl.org/2003/arcrole/concept-label" xlink:from="AssetsAbstract" xlink:to="label_AssetsAbstract_2" order="10.0"/>
    <link:loc xlink:type="locator" xlink:href="dst.xsd#dst_FixedAssetsAbstract" xlink:label="FixedAssetsAbstract"/>
    <link:label xlink:type="resource" xlink:label="label_FixedAssetsAbstract_2" xlink:role="http://www.xbrl.org/2003/role/label" xml:lang="da" id="label_FixedAssetsAbstract_2">Anlægsaktiver</link:label>
    <link:labelArc xlink:type="arc" xlink:arcrole="http://www.xbrl.org/2003/arcrole/concept-label" xlink:from="FixedAssetsAbstract" xlink:to="label_FixedAssetsAbstract_2" order="10.0"/>
    <link:loc xlink:type="locator" xlink:href="dst.xsd#dst_TangibleFixedAssetsAbstract" xlink:label="TangibleFixedAssetsAbstract"/>
    <link:label xlink:type="resource" xlink:label="label_TangibleFixedAssetsAbstract_2" xlink:role="http://www.xbrl.org/2003/role/label" xml:lang="da" id="label_TangibleFixedAssetsAbstract_2">Materielle anlægsaktiver</link:label>
    <link:labelArc xlink:type="arc" xlink:arcrole="http://www.xbrl.org/2003/arcrole/concept-label" xlink:from="TangibleFixedAssetsAbstract" xlink:to="label_TangibleFixedAssetsAbstract_2" order="10.0"/>
    <link:loc xlink:type="locator" xlink:href="dst.xsd#dst_FinancialFixedAssetsAbstract" xlink:label="FinancialFixedAssetsAbstract"/>
    <link:label xlink:type="resource" xlink:label="label_FinancialFixedAssetsAbstract_2" xlink:role="http://www.xbrl.org/2003/role/label" xml:lang="da" id="label_FinancialFixedAssetsAbstract_2">Finansielle anlægsaktiver</link:label>
    <link:labelArc xlink:type="arc" xlink:arcrole="http://www.xbrl.org/2003/arcrole/concept-label" xlink:from="FinancialFixedAssetsAbstract" xlink:to="label_FinancialFixedAssetsAbstract_2" order="10.0"/>
    <link:loc xlink:type="locator" xlink:href="dst.xsd#dst_CurrentAssetsAbstract" xlink:label="CurrentAssetsAbstract"/>
    <link:label xlink:type="resource" xlink:label="label_CurrentAssetsAbstract_2" xlink:role="http://www.xbrl.org/2003/role/label" xml:lang="da" id="label_CurrentAssetsAbstract_2">Omsætningsaktiver</link:label>
    <link:labelArc xlink:type="arc" xlink:arcrole="http://www.xbrl.org/2003/arcrole/concept-label" xlink:from="CurrentAssetsAbstract" xlink:to="label_CurrentAssetsAbstract_2" order="10.0"/>
    <link:loc xlink:type="locator" xlink:href="dst.xsd#dst_StocksAbstract" xlink:label="StocksAbstract"/>
    <link:label xlink:type="resource" xlink:label="label_StocksAbstract_2" xlink:role="http://www.xbrl.org/2003/role/label" xml:lang="da" id="label_StocksAbstract_2">Varebeholdninger</link:label>
    <link:labelArc xlink:type="arc" xlink:arcrole="http://www.xbrl.org/2003/arcrole/concept-label" xlink:from="StocksAbstract" xlink:to="label_StocksAbstract_2" order="10.0"/>
    <link:loc xlink:type="locator" xlink:href="dst.xsd#dst_DebtsReceivableAbstract" xlink:label="DebtsReceivableAbstract"/>
    <link:label xlink:type="resource" xlink:label="label_DebtsReceivableAbstract_2" xlink:role="http://www.xbrl.org/2003/role/label" xml:lang="da" id="label_DebtsReceivableAbstract_2">Tilgodehavender</link:label>
    <link:labelArc xlink:type="arc" xlink:arcrole="http://www.xbrl.org/2003/arcrole/concept-label" xlink:from="DebtsReceivableAbstract" xlink:to="label_DebtsReceivableAbstract_2" order="10.0"/>
    <link:loc xlink:type="locator" xlink:href="dst.xsd#dst_SharesBondsAndCashAbstract" xlink:label="SharesBondsAndCashAbstract"/>
    <link:label xlink:type="resource" xlink:label="label_SharesBondsAndCashAbstract_2" xlink:role="http://www.xbrl.org/2003/role/label" xml:lang="da" id="label_SharesBondsAndCashAbstract_2">Værdipapirer, kapitalandele og likvide beholdninger</link:label>
    <link:labelArc xlink:type="arc" xlink:arcrole="http://www.xbrl.org/2003/arcrole/concept-label" xlink:from="SharesBondsAndCashAbstract" xlink:to="label_SharesBondsAndCashAbstract_2" order="10.0"/>
    <link:loc xlink:type="locator" xlink:href="dst.xsd#dst_LiabilitiesAbstract" xlink:label="LiabilitiesAbstract"/>
    <link:label xlink:type="resource" xlink:label="label_LiabilitiesAbstract_2" xlink:role="http://www.xbrl.org/2003/role/label" xml:lang="da" id="label_LiabilitiesAbstract_2">Passiver</link:label>
    <link:labelArc xlink:type="arc" xlink:arcrole="http://www.xbrl.org/2003/arcrole/concept-label" xlink:from="LiabilitiesAbstract" xlink:to="label_LiabilitiesAbstract_2" order="10.0"/>
    <link:loc xlink:type="locator" xlink:href="dst.xsd#dst_InvestmentDuringTheYearAbstract" xlink:label="InvestmentDuringTheYearAbstract"/>
    <link:label xlink:type="resource" xlink:label="label_InvestmentDuringTheYearAbstract_2" xlink:role="http://www.xbrl.org/2003/role/label" xml:lang="da" id="label_InvestmentDuringTheYearAbstract_2">Regnskabsårets investeringer</link:label>
    <link:labelArc xlink:type="arc" xlink:arcrole="http://www.xbrl.org/2003/arcrole/concept-label" xlink:from="InvestmentDuringTheYearAbstract" xlink:to="label_InvestmentDuringTheYearAbstract_2" order="10.0"/>
    <link:loc xlink:type="locator" xlink:href="dst.xsd#dst_IncreaseAbstract" xlink:label="IncreaseAbstract"/>
    <link:label xlink:type="resource" xlink:label="label_IncreaseAbstract_2" xlink:role="http://www.xbrl.org/2003/role/label" xml:lang="da" id="label_IncreaseAbstract_2">Tilgang</link:label>
    <link:labelArc xlink:type="arc" xlink:arcrole="http://www.xbrl.org/2003/arcrole/concept-label" xlink:from="IncreaseAbstract" xlink:to="label_IncreaseAbstract_2" order="10.0"/>
    <link:loc xlink:type="locator" xlink:href="dst.xsd#dst_IncreaseOfRealEstateAbstract" xlink:label="IncreaseOfRealEstateAbstract"/>
    <link:label xlink:type="resource" xlink:label="label_IncreaseOfRealEstateAbstract" xlink:role="http://www.xbrl.org/2003/role/label" xml:lang="da" id="label_IncreaseOfRealEstateAbstract">Fast ejendom (tilgang)</link:label>
    <link:labelArc xlink:type="arc" xlink:arcrole="http://www.xbrl.org/2003/arcrole/concept-label" xlink:from="IncreaseOfRealEstateAbstract" xlink:to="label_IncreaseOfRealEstateAbstract" order="10.0"/>
    <link:loc xlink:type="locator" xlink:href="dst.xsd#dst_IncreaseOfMachineryPlantAndEquipmentAbstract" xlink:label="IncreaseOfMachineryPlantAndEquipmentAbstract"/>
    <link:label xlink:type="resource" xlink:label="label_IncreaseOfMachineryPlantAndEquipmentAbstract" xlink:role="http://www.xbrl.org/2003/role/label" xml:lang="da" id="label_IncreaseOfMachineryPlantAndEquipmentAbstract">Driftsmidler (tilgang)</link:label>
    <link:labelArc xlink:type="arc" xlink:arcrole="http://www.xbrl.org/2003/arcrole/concept-label" xlink:from="IncreaseOfMachineryPlantAndEquipmentAbstract" xlink:to="label_IncreaseOfMachineryPlantAndEquipmentAbstract" order="10.0"/>
    <link:loc xlink:type="locator" xlink:href="dst.xsd#dst_DecreaseAbstract" xlink:label="DecreaseAbstract"/>
    <link:label xlink:type="resource" xlink:label="label_DecreaseAbstract_2" xlink:role="http://www.xbrl.org/2003/role/label" xml:lang="da" id="label_DecreaseAbstract_2">Afgang (til salgpris)</link:label>
    <link:labelArc xlink:type="arc" xlink:arcrole="http://www.xbrl.org/2003/arcrole/concept-label" xlink:from="DecreaseAbstract" xlink:to="label_DecreaseAbstract_2" order="10.0"/>
    <link:loc xlink:type="locator" xlink:href="dst.xsd#dst_DecreaseOfRealEstateAbstract" xlink:label="DecreaseOfRealEstateAbstract"/>
    <link:label xlink:type="resource" xlink:label="label_DecreaseOfRealEstateAbstract" xlink:role="http://www.xbrl.org/2003/role/label" xml:lang="da" id="label_DecreaseOfRealEstateAbstract">Fast ejendom (afgang)</link:label>
    <link:labelArc xlink:type="arc" xlink:arcrole="http://www.xbrl.org/2003/arcrole/concept-label" xlink:from="DecreaseOfRealEstateAbstract" xlink:to="label_DecreaseOfRealEstateAbstract" order="10.0"/>
    <link:loc xlink:type="locator" xlink:href="dst.xsd#dst_DecreaseOfMachineryPlantAndEquipmentAbstract" xlink:label="DecreaseOfMachineryPlantAndEquipmentAbstract"/>
    <link:label xlink:type="resource" xlink:label="label_DecreaseOfMachineryPlantAndEquipmentAbstract" xlink:role="http://www.xbrl.org/2003/role/label" xml:lang="da" id="label_DecreaseOfMachineryPlantAndEquipmentAbstract">Driftsmidler (afgang)</link:label>
    <link:labelArc xlink:type="arc" xlink:arcrole="http://www.xbrl.org/2003/arcrole/concept-label" xlink:from="DecreaseOfMachineryPlantAndEquipmentAbstract" xlink:to="label_DecreaseOfMachineryPlantAndEquipmentAbstract" order="10.0"/>
    <link:loc xlink:type="locator" xlink:href="dst.xsd#dst_IncreaseOfRealEstate" xlink:label="IncreaseOfRealEstate"/>
    <link:label xlink:type="resource" xlink:label="label_IncreaseOfRealEstate" xlink:role="http://www.xbrl.org/2003/role/label" xml:lang="da" id="label_IncreaseOfRealEstate">Fast ejendom</link:label>
    <link:labelArc xlink:type="arc" xlink:arcrole="http://www.xbrl.org/2003/arcrole/concept-label" xlink:from="IncreaseOfRealEstate" xlink:to="label_IncreaseOfRealEstate" order="10.0"/>
    <link:label xlink:type="resource" xlink:label="label_IncreaseOfRealEstate_4" xlink:role="http://www.xbrl.org/2003/role/totalLabel" xml:lang="da" id="label_IncreaseOfRealEstate_4">Fast ejendom i alt</link:label>
    <link:labelArc xlink:type="arc" xlink:arcrole="http://www.xbrl.org/2003/arcrole/concept-label" xlink:from="IncreaseOfRealEstate" xlink:to="label_IncreaseOfRealEstate_4" order="10.0"/>
    <link:loc xlink:type="locator" xlink:href="dst.xsd#dst_IncreaseOfMachineryPlantAndEquipment" xlink:label="IncreaseOfMachineryPlantAndEquipment"/>
    <link:label xlink:type="resource" xlink:label="label_IncreaseOfMachineryPlantAndEquipment" xlink:role="http://www.xbrl.org/2003/role/totalLabel" xml:lang="da" id="label_IncreaseOfMachineryPlantAndEquipment">Tilgang driftsmidler i alt</link:label>
    <link:labelArc xlink:type="arc" xlink:arcrole="http://www.xbrl.org/2003/arcrole/concept-label" xlink:from="IncreaseOfMachineryPlantAndEquipment" xlink:to="label_IncreaseOfMachineryPlantAndEquipment" order="10.0"/>
    <link:label xlink:type="resource" xlink:label="label_IncreaseOfMachineryPlantAndEquipment_3" xlink:role="http://www.xbrl.org/2003/role/label" xml:lang="da" id="label_IncreaseOfMachineryPlantAndEquipment_3">Tilgang driftsmidle</link:label>
    <link:labelArc xlink:type="arc" xlink:arcrole="http://www.xbrl.org/2003/arcrole/concept-label" xlink:from="IncreaseOfMachineryPlantAndEquipment" xlink:to="label_IncreaseOfMachineryPlantAndEquipment_3" order="10.0"/>
    <link:loc xlink:type="locator" xlink:href="dst.xsd#dst_DecreaseOfIntangibleAssets" xlink:label="DecreaseOfIntangibleAssets"/>
    <link:label xlink:type="resource" xlink:label="label_DecreaseOfIntangibleAssets" xlink:role="http://www.xbrl.org/2003/role/label" xml:lang="da" id="label_DecreaseOfIntangibleAssets">Afgang af immaterielle anlægsaktiver</link:label>
    <link:labelArc xlink:type="arc" xlink:arcrole="http://www.xbrl.org/2003/arcrole/concept-label" xlink:from="DecreaseOfIntangibleAssets" xlink:to="label_DecreaseOfIntangibleAssets" order="10.0"/>
    <link:loc xlink:type="locator" xlink:href="dst.xsd#dst_DecreaseOfRealEstate" xlink:label="DecreaseOfRealEstate"/>
    <link:label xlink:type="resource" xlink:label="label_DecreaseOfRealEstate" xlink:role="http://www.xbrl.org/2003/role/label" xml:lang="da" id="label_DecreaseOfRealEstate">Fast ejendom (afgang)</link:label>
    <link:labelArc xlink:type="arc" xlink:arcrole="http://www.xbrl.org/2003/arcrole/concept-label" xlink:from="DecreaseOfRealEstate" xlink:to="label_DecreaseOfRealEstate" order="10.0"/>
    <link:label xlink:type="resource" xlink:label="label_DecreaseOfRealEstate_3" xlink:role="http://www.xbrl.org/2003/role/totalLabel" xml:lang="da" id="label_DecreaseOfRealEstate_3">Fast ejendom i alt (afgang)</link:label>
    <link:labelArc xlink:type="arc" xlink:arcrole="http://www.xbrl.org/2003/arcrole/concept-label" xlink:from="DecreaseOfRealEstate" xlink:to="label_DecreaseOfRealEstate_3" order="10.0"/>
    <link:loc xlink:type="locator" xlink:href="dst.xsd#dst_DecreaseOfMachineryPlantAndEquipment" xlink:label="DecreaseOfMachineryPlantAndEquipment"/>
    <link:label xlink:type="resource" xlink:label="label_DecreaseOfMachineryPlantAndEquipment" xlink:role="http://www.xbrl.org/2003/role/totalLabel" xml:lang="da" id="label_DecreaseOfMachineryPlantAndEquipment">Driftsmidler i alt, afgang</link:label>
    <link:labelArc xlink:type="arc" xlink:arcrole="http://www.xbrl.org/2003/arcrole/concept-label" xlink:from="DecreaseOfMachineryPlantAndEquipment" xlink:to="label_DecreaseOfMachineryPlantAndEquipment" order="10.0"/>
    <link:label xlink:type="resource" xlink:label="label_DecreaseOfMachineryPlantAndEquipment_4" xlink:role="http://www.xbrl.org/2003/role/label" xml:lang="da" id="label_DecreaseOfMachineryPlantAndEquipment_4">Driftsmidler, afgang</link:label>
    <link:labelArc xlink:type="arc" xlink:arcrole="http://www.xbrl.org/2003/arcrole/concept-label" xlink:from="DecreaseOfMachineryPlantAndEquipment" xlink:to="label_DecreaseOfMachineryPlantAndEquipment_4" order="10.0"/>
    <link:loc xlink:type="locator" xlink:href="dst.xsd#dst_IncludesPurchasedGoodsAndEntityProduction" xlink:label="IncludesPurchasedGoodsAndEntityProduction"/>
    <link:label xlink:type="resource" xlink:label="label_IncludesPurchasedGoodsAndEntityProduction" xlink:role="http://www.xbrl.org/2003/role/label" xml:lang="da" id="label_IncludesPurchasedGoodsAndEntityProduction">Indgår der i den angivne omsætning både egenfremstillede varer eller tjenester, samt handelsvarer</link:label>
    <link:labelArc xlink:type="arc" xlink:arcrole="http://www.xbrl.org/2003/arcrole/concept-label" xlink:from="IncludesPurchasedGoodsAndEntityProduction" xlink:to="label_IncludesPurchasedGoodsAndEntityProduction" order="10.0"/>
  </link:labelLink>
</link:linkbase>
