<?xml version="1.0" encoding="UTF-8"?>
<!-- Generated by Fujitsu Interstage XWand B0166 -->
<?officialURI http://archprod.service.eogs.dk/taxonomy/20131220/ifrs/full_ifrs_dk/ifrs-dk_220.00_2013-12-20/cal_ifrs-dk_2013-12-20_role-220.00.xml?>

<?taxonomy-version 0.1.0?>

<link:linkbase xmlns:xsi="http://www.w3.org/2001/XMLSchema-instance" xsi:schemaLocation="http://www.xbrl.org/2003/linkbase http://www.xbrl.org/2003/xbrl-linkbase-2003-12-31.xsd" xmlns:link="http://www.xbrl.org/2003/linkbase" xmlns:rol_ifrs-dk_220.00_2013-12-20="http://xbrl.dcca.dk/role/ifrs-dk/rol_ifrs-dk_220.00_2013-12-20" xmlns:xbrli="http://www.xbrl.org/2003/instance" xmlns:xlink="http://www.w3.org/1999/xlink">
  <link:roleRef roleURI="http://xbrl.dcca.dk/role/220.00/StatementOfFinancialPositionOrderOfLiquidity" xlink:type="simple" xlink:href="rol_ifrs-dk_220.00_2013-12-20.xsd#ifrs-dk_22000_StatementOfFinancialPositionOrderOfLiquidity"/>
  <link:calculationLink xlink:type="extended" xlink:role="http://xbrl.dcca.dk/role/220.00/StatementOfFinancialPositionOrderOfLiquidity">
    <link:loc xlink:type="locator" xlink:href="../../../../ifrs-cor_2011-03-25.xsd#ifrs_IntangibleAssetsAndGoodwill" xlink:label="IntangibleAssetsAndGoodwill"/>
    <link:loc xlink:type="locator" xlink:href="../../../../ifrs-cor_2011-03-25.xsd#ifrs_IntangibleAssetsOtherThanGoodwill" xlink:label="IntangibleAssetsOtherThanGoodwill"/>
    <link:calculationArc xlink:type="arc" xlink:arcrole="http://www.xbrl.org/2003/arcrole/summation-item" xlink:from="IntangibleAssetsAndGoodwill" xlink:to="IntangibleAssetsOtherThanGoodwill" use="optional" order="2.0" weight="1.0"/>
    <link:loc xlink:type="locator" xlink:href="../../../../ifrs-cor_2011-03-25.xsd#ifrs_MastheadsAndPublishingTitles" xlink:label="MastheadsAndPublishingTitles"/>
    <link:calculationArc xlink:type="arc" xlink:arcrole="http://www.xbrl.org/2003/arcrole/summation-item" xlink:from="IntangibleAssetsOtherThanGoodwill" xlink:to="MastheadsAndPublishingTitles" use="optional" order="9.0" weight="1.0"/>
    <link:loc xlink:type="locator" xlink:href="../../../../ifrs-cor_2011-03-25.xsd#ifrs_LicencesAndFranchises" xlink:label="LicencesAndFranchises"/>
    <link:calculationArc xlink:type="arc" xlink:arcrole="http://www.xbrl.org/2003/arcrole/summation-item" xlink:from="IntangibleAssetsOtherThanGoodwill" xlink:to="LicencesAndFranchises" use="optional" order="10.0" weight="1.0"/>
    <link:loc xlink:type="locator" xlink:href="../../ifrs-dk-cor_2013-12-20.xsd#ifrs-dk_Licenses" xlink:label="Licenses"/>
    <link:calculationArc xlink:type="arc" xlink:arcrole="http://www.xbrl.org/2003/arcrole/summation-item" xlink:from="LicencesAndFranchises" xlink:to="Licenses" use="optional" order="1.0" weight="1.0"/>
    <link:loc xlink:type="locator" xlink:href="../../ifrs-dk-cor_2013-12-20.xsd#ifrs-dk_Franchises" xlink:label="Franchises"/>
    <link:calculationArc xlink:type="arc" xlink:arcrole="http://www.xbrl.org/2003/arcrole/summation-item" xlink:from="LicencesAndFranchises" xlink:to="Franchises" use="optional" order="2.0" weight="1.0"/>
    <link:loc xlink:type="locator" xlink:href="../../../../ifrs-cor_2011-03-25.xsd#ifrs_RecipesFormulaeModelsDesignsAndPrototypes" xlink:label="RecipesFormulaeModelsDesignsAndPrototypes"/>
    <link:calculationArc xlink:type="arc" xlink:arcrole="http://www.xbrl.org/2003/arcrole/summation-item" xlink:from="IntangibleAssetsOtherThanGoodwill" xlink:to="RecipesFormulaeModelsDesignsAndPrototypes" use="optional" order="6.0" weight="1.0"/>
    <link:loc xlink:type="locator" xlink:href="../../../../ifrs-cor_2011-03-25.xsd#ifrs_IntangibleAssetsUnderDevelopment" xlink:label="IntangibleAssetsUnderDevelopment"/>
    <link:calculationArc xlink:type="arc" xlink:arcrole="http://www.xbrl.org/2003/arcrole/summation-item" xlink:from="IntangibleAssetsOtherThanGoodwill" xlink:to="IntangibleAssetsUnderDevelopment" use="optional" order="7.0" weight="1.0"/>
    <link:loc xlink:type="locator" xlink:href="../../../../ifrs-cor_2011-03-25.xsd#ifrs_OtherIntangibleAssets" xlink:label="OtherIntangibleAssets"/>
    <link:calculationArc xlink:type="arc" xlink:arcrole="http://www.xbrl.org/2003/arcrole/summation-item" xlink:from="IntangibleAssetsOtherThanGoodwill" xlink:to="OtherIntangibleAssets" use="optional" order="11.0" weight="1.0"/>
    <link:loc xlink:type="locator" xlink:href="../../ifrs-dk-cor_2013-12-20.xsd#ifrs-dk_DistributionNetwork" xlink:label="DistributionNetwork"/>
    <link:calculationArc xlink:type="arc" xlink:arcrole="http://www.xbrl.org/2003/arcrole/summation-item" xlink:from="OtherIntangibleAssets" xlink:to="DistributionNetwork" use="optional" order="1.0" weight="1.0"/>
    <link:loc xlink:type="locator" xlink:href="../../ifrs-dk-cor_2013-12-20.xsd#ifrs-dk_IntangibleAssetsFromAcquisitions" xlink:label="IntangibleAssetsFromAcquisitions"/>
    <link:calculationArc xlink:type="arc" xlink:arcrole="http://www.xbrl.org/2003/arcrole/summation-item" xlink:from="OtherIntangibleAssets" xlink:to="IntangibleAssetsFromAcquisitions" use="optional" order="2.0" weight="1.0"/>
    <link:loc xlink:type="locator" xlink:href="../../ifrs-dk-cor_2013-12-20.xsd#ifrs-dk_CustomerrelatedAssets" xlink:label="CustomerrelatedAssets"/>
    <link:calculationArc xlink:type="arc" xlink:arcrole="http://www.xbrl.org/2003/arcrole/summation-item" xlink:from="OtherIntangibleAssets" xlink:to="CustomerrelatedAssets" use="optional" order="3.0" weight="1.0"/>
    <link:loc xlink:type="locator" xlink:href="../../ifrs-dk-cor_2013-12-20.xsd#ifrs-dk_CustomerRelationships" xlink:label="CustomerRelationships"/>
    <link:calculationArc xlink:type="arc" xlink:arcrole="http://www.xbrl.org/2003/arcrole/summation-item" xlink:from="OtherIntangibleAssets" xlink:to="CustomerRelationships" use="optional" order="4.0" weight="1.0"/>
    <link:loc xlink:type="locator" xlink:href="../../ifrs-dk-cor_2013-12-20.xsd#ifrs-dk_Knowhow" xlink:label="Knowhow"/>
    <link:calculationArc xlink:type="arc" xlink:arcrole="http://www.xbrl.org/2003/arcrole/summation-item" xlink:from="OtherIntangibleAssets" xlink:to="Knowhow" use="optional" order="5.0" weight="1.0"/>
    <link:loc xlink:type="locator" xlink:href="../../../../ifrs-cor_2011-03-25.xsd#ifrs_BrandNames" xlink:label="BrandNames"/>
    <link:calculationArc xlink:type="arc" xlink:arcrole="http://www.xbrl.org/2003/arcrole/summation-item" xlink:from="IntangibleAssetsOtherThanGoodwill" xlink:to="BrandNames" use="optional" order="1.0" weight="1.0"/>
    <link:loc xlink:type="locator" xlink:href="../../ifrs-dk-cor_2013-12-20.xsd#ifrs-dk_IntangibleRights" xlink:label="IntangibleRights"/>
    <link:calculationArc xlink:type="arc" xlink:arcrole="http://www.xbrl.org/2003/arcrole/summation-item" xlink:from="IntangibleAssetsOtherThanGoodwill" xlink:to="IntangibleRights" use="optional" order="2.0" weight="1.0"/>
    <link:loc xlink:type="locator" xlink:href="../../../../ifrs-cor_2011-03-25.xsd#ifrs_IntangibleExplorationAndEvaluationAssets" xlink:label="IntangibleExplorationAndEvaluationAssets"/>
    <link:calculationArc xlink:type="arc" xlink:arcrole="http://www.xbrl.org/2003/arcrole/summation-item" xlink:from="IntangibleAssetsOtherThanGoodwill" xlink:to="IntangibleExplorationAndEvaluationAssets" use="optional" order="3.0" weight="1.0"/>
    <link:loc xlink:type="locator" xlink:href="../../../../ifrs-cor_2011-03-25.xsd#ifrs_CopyrightsPatentsAndOtherIndustrialPropertyRightsServiceAndOperatingRights" xlink:label="CopyrightsPatentsAndOtherIndustrialPropertyRightsServiceAndOperatingRights"/>
    <link:calculationArc xlink:type="arc" xlink:arcrole="http://www.xbrl.org/2003/arcrole/summation-item" xlink:from="IntangibleAssetsOtherThanGoodwill" xlink:to="CopyrightsPatentsAndOtherIndustrialPropertyRightsServiceAndOperatingRights" use="optional" order="4.0" weight="1.0"/>
    <link:loc xlink:type="locator" xlink:href="../../../../ifrs-cor_2011-03-25.xsd#ifrs_ComputerSoftware" xlink:label="ComputerSoftware"/>
    <link:calculationArc xlink:type="arc" xlink:arcrole="http://www.xbrl.org/2003/arcrole/summation-item" xlink:from="IntangibleAssetsOtherThanGoodwill" xlink:to="ComputerSoftware" use="optional" order="5.0" weight="1.0"/>
    <link:loc xlink:type="locator" xlink:href="../../ifrs-dk-cor_2013-12-20.xsd#ifrs-dk_Concessions" xlink:label="Concessions"/>
    <link:calculationArc xlink:type="arc" xlink:arcrole="http://www.xbrl.org/2003/arcrole/summation-item" xlink:from="IntangibleAssetsOtherThanGoodwill" xlink:to="Concessions" use="optional" order="8.0" weight="1.0"/>
    <link:loc xlink:type="locator" xlink:href="../../../../ifrs-cor_2011-03-25.xsd#ifrs_Goodwill" xlink:label="Goodwill"/>
    <link:calculationArc xlink:type="arc" xlink:arcrole="http://www.xbrl.org/2003/arcrole/summation-item" xlink:from="IntangibleAssetsAndGoodwill" xlink:to="Goodwill" use="optional" order="1.0" weight="1.0"/>
    <link:loc xlink:type="locator" xlink:href="../../../../ifrs-cor_2011-03-25.xsd#ifrs_InvestmentsInSubsidiariesJointVenturesAndAssociates" xlink:label="InvestmentsInSubsidiariesJointVenturesAndAssociates"/>
    <link:loc xlink:type="locator" xlink:href="../../../../ifrs-cor_2011-03-25.xsd#ifrs_InvestmentsInSubsidiaries" xlink:label="InvestmentsInSubsidiaries"/>
    <link:calculationArc xlink:type="arc" xlink:arcrole="http://www.xbrl.org/2003/arcrole/summation-item" xlink:from="InvestmentsInSubsidiariesJointVenturesAndAssociates" xlink:to="InvestmentsInSubsidiaries" use="optional" order="1.0" weight="1.0"/>
    <link:loc xlink:type="locator" xlink:href="../../../../ifrs-cor_2011-03-25.xsd#ifrs_InvestmentsInJointVentures" xlink:label="InvestmentsInJointVentures"/>
    <link:calculationArc xlink:type="arc" xlink:arcrole="http://www.xbrl.org/2003/arcrole/summation-item" xlink:from="InvestmentsInSubsidiariesJointVenturesAndAssociates" xlink:to="InvestmentsInJointVentures" use="optional" order="2.0" weight="1.0"/>
    <link:loc xlink:type="locator" xlink:href="../../../../ifrs-cor_2011-03-25.xsd#ifrs_InvestmentsInAssociates" xlink:label="InvestmentsInAssociates"/>
    <link:calculationArc xlink:type="arc" xlink:arcrole="http://www.xbrl.org/2003/arcrole/summation-item" xlink:from="InvestmentsInSubsidiariesJointVenturesAndAssociates" xlink:to="InvestmentsInAssociates" use="optional" order="3.0" weight="1.0"/>
    <link:loc xlink:type="locator" xlink:href="../../ifrs-dk-cor_2013-12-20.xsd#ifrs-dk_InvestmentsInPortfolioCompanies" xlink:label="InvestmentsInPortfolioCompanies"/>
    <link:calculationArc xlink:type="arc" xlink:arcrole="http://www.xbrl.org/2003/arcrole/summation-item" xlink:from="InvestmentsInSubsidiariesJointVenturesAndAssociates" xlink:to="InvestmentsInPortfolioCompanies" use="optional" order="4.0" weight="1.0"/>
    <link:loc xlink:type="locator" xlink:href="../../ifrs-dk-cor_2013-12-20.xsd#ifrs-dk_OtherInvestmentsInSubsidiariesJointVenturesAndAssociates" xlink:label="OtherInvestmentsInSubsidiariesJointVenturesAndAssociates"/>
    <link:calculationArc xlink:type="arc" xlink:arcrole="http://www.xbrl.org/2003/arcrole/summation-item" xlink:from="InvestmentsInSubsidiariesJointVenturesAndAssociates" xlink:to="OtherInvestmentsInSubsidiariesJointVenturesAndAssociates" use="optional" order="5.0" weight="1.0"/>
    <link:loc xlink:type="locator" xlink:href="../../../../ifrs-cor_2011-03-25.xsd#ifrs_PropertyPlantAndEquipment" xlink:label="PropertyPlantAndEquipment"/>
    <link:loc xlink:type="locator" xlink:href="../../../../ifrs-cor_2011-03-25.xsd#ifrs_LandAndBuildings" xlink:label="LandAndBuildings"/>
    <link:calculationArc xlink:type="arc" xlink:arcrole="http://www.xbrl.org/2003/arcrole/summation-item" xlink:from="PropertyPlantAndEquipment" xlink:to="LandAndBuildings" use="optional" order="1.0" weight="1.0"/>
    <link:loc xlink:type="locator" xlink:href="../../../../ifrs-cor_2011-03-25.xsd#ifrs_Land" xlink:label="Land"/>
    <link:calculationArc xlink:type="arc" xlink:arcrole="http://www.xbrl.org/2003/arcrole/summation-item" xlink:from="LandAndBuildings" xlink:to="Land" use="optional" order="1.0" weight="1.0"/>
    <link:loc xlink:type="locator" xlink:href="../../../../ifrs-cor_2011-03-25.xsd#ifrs_Buildings" xlink:label="Buildings"/>
    <link:calculationArc xlink:type="arc" xlink:arcrole="http://www.xbrl.org/2003/arcrole/summation-item" xlink:from="LandAndBuildings" xlink:to="Buildings" use="optional" order="2.0" weight="1.0"/>
    <link:loc xlink:type="locator" xlink:href="../../../../ifrs-cor_2011-03-25.xsd#ifrs_Vehicles" xlink:label="Vehicles"/>
    <link:calculationArc xlink:type="arc" xlink:arcrole="http://www.xbrl.org/2003/arcrole/summation-item" xlink:from="PropertyPlantAndEquipment" xlink:to="Vehicles" use="optional" order="2.0" weight="1.0"/>
    <link:loc xlink:type="locator" xlink:href="../../../../ifrs-cor_2011-03-25.xsd#ifrs_TangibleExplorationAndEvaluationAssets" xlink:label="TangibleExplorationAndEvaluationAssets"/>
    <link:calculationArc xlink:type="arc" xlink:arcrole="http://www.xbrl.org/2003/arcrole/summation-item" xlink:from="PropertyPlantAndEquipment" xlink:to="TangibleExplorationAndEvaluationAssets" use="optional" order="7.0" weight="1.0"/>
    <link:loc xlink:type="locator" xlink:href="../../../../ifrs-cor_2011-03-25.xsd#ifrs_FixturesAndFittings" xlink:label="FixturesAndFittings"/>
    <link:calculationArc xlink:type="arc" xlink:arcrole="http://www.xbrl.org/2003/arcrole/summation-item" xlink:from="PropertyPlantAndEquipment" xlink:to="FixturesAndFittings" use="optional" order="5.0" weight="1.0"/>
    <link:loc xlink:type="locator" xlink:href="../../ifrs-dk-cor_2013-12-20.xsd#ifrs-dk_Fixtures" xlink:label="Fixtures"/>
    <link:calculationArc xlink:type="arc" xlink:arcrole="http://www.xbrl.org/2003/arcrole/summation-item" xlink:from="FixturesAndFittings" xlink:to="Fixtures" use="optional" order="1.0" weight="1.0"/>
    <link:loc xlink:type="locator" xlink:href="../../ifrs-dk-cor_2013-12-20.xsd#ifrs-dk_Fittings" xlink:label="Fittings"/>
    <link:calculationArc xlink:type="arc" xlink:arcrole="http://www.xbrl.org/2003/arcrole/summation-item" xlink:from="FixturesAndFittings" xlink:to="Fittings" use="optional" order="2.0" weight="1.0"/>
    <link:loc xlink:type="locator" xlink:href="../../ifrs-dk-cor_2013-12-20.xsd#ifrs-dk_ComputerHardware" xlink:label="ComputerHardware"/>
    <link:calculationArc xlink:type="arc" xlink:arcrole="http://www.xbrl.org/2003/arcrole/summation-item" xlink:from="FixturesAndFittings" xlink:to="ComputerHardware" use="optional" order="3.0" weight="1.0"/>
    <link:loc xlink:type="locator" xlink:href="../../ifrs-dk-cor_2013-12-20.xsd#ifrs-dk_LeaseholdImprovements" xlink:label="LeaseholdImprovements"/>
    <link:calculationArc xlink:type="arc" xlink:arcrole="http://www.xbrl.org/2003/arcrole/summation-item" xlink:from="FixturesAndFittings" xlink:to="LeaseholdImprovements" use="optional" order="4.0" weight="1.0"/>
    <link:loc xlink:type="locator" xlink:href="../../../../ifrs-cor_2011-03-25.xsd#ifrs_ConstructionInProgress" xlink:label="ConstructionInProgress"/>
    <link:calculationArc xlink:type="arc" xlink:arcrole="http://www.xbrl.org/2003/arcrole/summation-item" xlink:from="PropertyPlantAndEquipment" xlink:to="ConstructionInProgress" use="optional" order="8.0" weight="1.0"/>
    <link:loc xlink:type="locator" xlink:href="../../../../ifrs-cor_2011-03-25.xsd#ifrs_OfficeEquipment" xlink:label="OfficeEquipment"/>
    <link:calculationArc xlink:type="arc" xlink:arcrole="http://www.xbrl.org/2003/arcrole/summation-item" xlink:from="PropertyPlantAndEquipment" xlink:to="OfficeEquipment" use="optional" order="6.0" weight="1.0"/>
    <link:loc xlink:type="locator" xlink:href="../../../../ifrs-cor_2011-03-25.xsd#ifrs_OtherPropertyPlantAndEquipment" xlink:label="OtherPropertyPlantAndEquipment"/>
    <link:calculationArc xlink:type="arc" xlink:arcrole="http://www.xbrl.org/2003/arcrole/summation-item" xlink:from="PropertyPlantAndEquipment" xlink:to="OtherPropertyPlantAndEquipment" use="optional" order="9.0" weight="1.0"/>
    <link:loc xlink:type="locator" xlink:href="../../ifrs-dk-cor_2013-12-20.xsd#ifrs-dk_InfrastructureAndPlant" xlink:label="InfrastructureAndPlant"/>
    <link:calculationArc xlink:type="arc" xlink:arcrole="http://www.xbrl.org/2003/arcrole/summation-item" xlink:from="PropertyPlantAndEquipment" xlink:to="InfrastructureAndPlant" use="optional" order="4.0" weight="1.0"/>
    <link:loc xlink:type="locator" xlink:href="../../ifrs-dk-cor_2013-12-20.xsd#ifrs-dk_Equipment" xlink:label="Equipment"/>
    <link:calculationArc xlink:type="arc" xlink:arcrole="http://www.xbrl.org/2003/arcrole/summation-item" xlink:from="PropertyPlantAndEquipment" xlink:to="Equipment" use="optional" order="3.0" weight="1.0"/>
    <link:loc xlink:type="locator" xlink:href="../../../../ifrs-cor_2011-03-25.xsd#ifrs_Machinery" xlink:label="Machinery"/>
    <link:calculationArc xlink:type="arc" xlink:arcrole="http://www.xbrl.org/2003/arcrole/summation-item" xlink:from="Equipment" xlink:to="Machinery" use="optional" order="1.0" weight="1.0"/>
    <link:loc xlink:type="locator" xlink:href="../../ifrs-dk-cor_2013-12-20.xsd#ifrs-dk_ProductionFacility" xlink:label="ProductionFacility"/>
    <link:calculationArc xlink:type="arc" xlink:arcrole="http://www.xbrl.org/2003/arcrole/summation-item" xlink:from="Equipment" xlink:to="ProductionFacility" use="optional" order="2.0" weight="1.0"/>
    <link:loc xlink:type="locator" xlink:href="../../ifrs-dk-cor_2013-12-20.xsd#ifrs-dk_Containers" xlink:label="Containers"/>
    <link:calculationArc xlink:type="arc" xlink:arcrole="http://www.xbrl.org/2003/arcrole/summation-item" xlink:from="Equipment" xlink:to="Containers" use="optional" order="3.0" weight="1.0"/>
    <link:loc xlink:type="locator" xlink:href="../../ifrs-dk-cor_2013-12-20.xsd#ifrs-dk_OperationalMaterial" xlink:label="OperationalMaterial"/>
    <link:calculationArc xlink:type="arc" xlink:arcrole="http://www.xbrl.org/2003/arcrole/summation-item" xlink:from="Equipment" xlink:to="OperationalMaterial" use="optional" order="4.0" weight="1.0"/>
    <link:loc xlink:type="locator" xlink:href="../../../../ifrs-cor_2011-03-25.xsd#ifrs_CashAndCashEquivalents" xlink:label="CashAndCashEquivalents"/>
    <link:loc xlink:type="locator" xlink:href="../../../../ifrs-cor_2011-03-25.xsd#ifrs_OtherCashAndCashEquivalents" xlink:label="OtherCashAndCashEquivalents"/>
    <link:calculationArc xlink:type="arc" xlink:arcrole="http://www.xbrl.org/2003/arcrole/summation-item" xlink:from="CashAndCashEquivalents" xlink:to="OtherCashAndCashEquivalents" use="optional" order="3.0" weight="1.0"/>
    <link:loc xlink:type="locator" xlink:href="../../../../ifrs-cor_2011-03-25.xsd#ifrs_Cash" xlink:label="Cash"/>
    <link:calculationArc xlink:type="arc" xlink:arcrole="http://www.xbrl.org/2003/arcrole/summation-item" xlink:from="CashAndCashEquivalents" xlink:to="Cash" use="optional" order="1.0" weight="1.0"/>
    <link:loc xlink:type="locator" xlink:href="../../../../ifrs-cor_2011-03-25.xsd#ifrs_CashOnHand" xlink:label="CashOnHand"/>
    <link:calculationArc xlink:type="arc" xlink:arcrole="http://www.xbrl.org/2003/arcrole/summation-item" xlink:from="Cash" xlink:to="CashOnHand" use="optional" order="1.0" weight="1.0"/>
    <link:loc xlink:type="locator" xlink:href="../../../../ifrs-cor_2011-03-25.xsd#ifrs_BalancesWithBanks" xlink:label="BalancesWithBanks"/>
    <link:calculationArc xlink:type="arc" xlink:arcrole="http://www.xbrl.org/2003/arcrole/summation-item" xlink:from="Cash" xlink:to="BalancesWithBanks" use="optional" order="2.0" weight="1.0"/>
    <link:loc xlink:type="locator" xlink:href="../../../../ifrs-cor_2011-03-25.xsd#ifrs_OtherDemandDeposits" xlink:label="OtherDemandDeposits"/>
    <link:calculationArc xlink:type="arc" xlink:arcrole="http://www.xbrl.org/2003/arcrole/summation-item" xlink:from="Cash" xlink:to="OtherDemandDeposits" use="optional" order="3.0" weight="1.0"/>
    <link:loc xlink:type="locator" xlink:href="../../ifrs-dk-cor_2013-12-20.xsd#ifrs-dk_CurrentDepositsAssets" xlink:label="CurrentDepositsAssets"/>
    <link:calculationArc xlink:type="arc" xlink:arcrole="http://www.xbrl.org/2003/arcrole/summation-item" xlink:from="Cash" xlink:to="CurrentDepositsAssets" use="optional" order="4.0" weight="1.0"/>
    <link:loc xlink:type="locator" xlink:href="../../ifrs-dk-cor_2013-12-20.xsd#ifrs-dk_CurrentDepositsInEscrowAccounts" xlink:label="CurrentDepositsInEscrowAccounts"/>
    <link:calculationArc xlink:type="arc" xlink:arcrole="http://www.xbrl.org/2003/arcrole/summation-item" xlink:from="Cash" xlink:to="CurrentDepositsInEscrowAccounts" use="optional" order="5.0" weight="1.0"/>
    <link:loc xlink:type="locator" xlink:href="../../../../ifrs-cor_2011-03-25.xsd#ifrs_CashEquivalents" xlink:label="CashEquivalents"/>
    <link:calculationArc xlink:type="arc" xlink:arcrole="http://www.xbrl.org/2003/arcrole/summation-item" xlink:from="CashAndCashEquivalents" xlink:to="CashEquivalents" use="optional" order="2.0" weight="1.0"/>
    <link:loc xlink:type="locator" xlink:href="../../../../ifrs-cor_2011-03-25.xsd#ifrs_BankingArrangementsClassifiedAsCashEquivalents" xlink:label="BankingArrangementsClassifiedAsCashEquivalents"/>
    <link:calculationArc xlink:type="arc" xlink:arcrole="http://www.xbrl.org/2003/arcrole/summation-item" xlink:from="CashEquivalents" xlink:to="BankingArrangementsClassifiedAsCashEquivalents" use="optional" order="3.0" weight="1.0"/>
    <link:loc xlink:type="locator" xlink:href="../../../../ifrs-cor_2011-03-25.xsd#ifrs_ShorttermInvestmentsClassifiedAsCashEquivalents" xlink:label="ShorttermInvestmentsClassifiedAsCashEquivalents"/>
    <link:calculationArc xlink:type="arc" xlink:arcrole="http://www.xbrl.org/2003/arcrole/summation-item" xlink:from="CashEquivalents" xlink:to="ShorttermInvestmentsClassifiedAsCashEquivalents" use="optional" order="2.0" weight="1.0"/>
    <link:loc xlink:type="locator" xlink:href="../../../../ifrs-cor_2011-03-25.xsd#ifrs_ShorttermDepositsClassifiedAsCashEquivalents" xlink:label="ShorttermDepositsClassifiedAsCashEquivalents"/>
    <link:calculationArc xlink:type="arc" xlink:arcrole="http://www.xbrl.org/2003/arcrole/summation-item" xlink:from="CashEquivalents" xlink:to="ShorttermDepositsClassifiedAsCashEquivalents" use="optional" order="1.0" weight="1.0"/>
    <link:loc xlink:type="locator" xlink:href="../../../../ifrs-cor_2011-03-25.xsd#ifrs_Assets" xlink:label="Assets"/>
    <link:calculationArc xlink:type="arc" xlink:arcrole="http://www.xbrl.org/2003/arcrole/summation-item" xlink:from="Assets" xlink:to="PropertyPlantAndEquipment" use="optional" order="1.0" weight="1.0"/>
    <link:loc xlink:type="locator" xlink:href="../../../../ifrs-cor_2011-03-25.xsd#ifrs_InvestmentProperty" xlink:label="InvestmentProperty"/>
    <link:calculationArc xlink:type="arc" xlink:arcrole="http://www.xbrl.org/2003/arcrole/summation-item" xlink:from="Assets" xlink:to="InvestmentProperty" order="2.0" weight="1.0"/>
    <link:calculationArc xlink:type="arc" xlink:arcrole="http://www.xbrl.org/2003/arcrole/summation-item" xlink:from="Assets" xlink:to="IntangibleAssetsAndGoodwill" order="3.0" weight="1.0"/>
    <link:loc xlink:type="locator" xlink:href="../../../../ifrs-cor_2011-03-25.xsd#ifrs_FinancialAssets" xlink:label="FinancialAssets"/>
    <link:calculationArc xlink:type="arc" xlink:arcrole="http://www.xbrl.org/2003/arcrole/summation-item" xlink:from="Assets" xlink:to="FinancialAssets" use="optional" order="4.0" weight="1.0"/>
    <link:loc xlink:type="locator" xlink:href="../../../../ifrs-cor_2011-03-25.xsd#ifrs_FinancialAssetsAtFairValueThroughProfitOrLoss" xlink:label="FinancialAssetsAtFairValueThroughProfitOrLoss"/>
    <link:calculationArc xlink:type="arc" xlink:arcrole="http://www.xbrl.org/2003/arcrole/summation-item" xlink:from="FinancialAssets" xlink:to="FinancialAssetsAtFairValueThroughProfitOrLoss" use="optional" order="1.0" weight="1.0"/>
    <link:loc xlink:type="locator" xlink:href="../../../../ifrs-cor_2011-03-25.xsd#ifrs_FinancialAssetsAtFairValueThroughProfitOrLossDesignatedAsUponInitialRecognition" xlink:label="FinancialAssetsAtFairValueThroughProfitOrLossDesignatedAsUponInitialRecognition"/>
    <link:calculationArc xlink:type="arc" xlink:arcrole="http://www.xbrl.org/2003/arcrole/summation-item" xlink:from="FinancialAssetsAtFairValueThroughProfitOrLoss" xlink:to="FinancialAssetsAtFairValueThroughProfitOrLossDesignatedAsUponInitialRecognition" use="optional" order="1.0" weight="1.0"/>
    <link:loc xlink:type="locator" xlink:href="../../../../ifrs-cor_2011-03-25.xsd#ifrs_FinancialAssetsAtFairValueThroughProfitOrLossClassifiedAsHeldForTrading" xlink:label="FinancialAssetsAtFairValueThroughProfitOrLossClassifiedAsHeldForTrading"/>
    <link:calculationArc xlink:type="arc" xlink:arcrole="http://www.xbrl.org/2003/arcrole/summation-item" xlink:from="FinancialAssetsAtFairValueThroughProfitOrLoss" xlink:to="FinancialAssetsAtFairValueThroughProfitOrLossClassifiedAsHeldForTrading" use="optional" order="2.0" weight="1.0"/>
    <link:loc xlink:type="locator" xlink:href="../../../../ifrs-cor_2011-03-25.xsd#ifrs_FinancialAssetsAtFairValueThroughProfitOrLossMandatorilyMeasuredAtFairValue" xlink:label="FinancialAssetsAtFairValueThroughProfitOrLossMandatorilyMeasuredAtFairValue"/>
    <link:calculationArc xlink:type="arc" xlink:arcrole="http://www.xbrl.org/2003/arcrole/summation-item" xlink:from="FinancialAssetsAtFairValueThroughProfitOrLoss" xlink:to="FinancialAssetsAtFairValueThroughProfitOrLossMandatorilyMeasuredAtFairValue" use="optional" order="3.0" weight="1.0"/>
    <link:loc xlink:type="locator" xlink:href="../../../../ifrs-cor_2011-03-25.xsd#ifrs_FinancialAssetsAvailableforsale" xlink:label="FinancialAssetsAvailableforsale"/>
    <link:calculationArc xlink:type="arc" xlink:arcrole="http://www.xbrl.org/2003/arcrole/summation-item" xlink:from="FinancialAssets" xlink:to="FinancialAssetsAvailableforsale" use="optional" order="2.0" weight="1.0"/>
    <link:loc xlink:type="locator" xlink:href="../../../../ifrs-cor_2011-03-25.xsd#ifrs_HeldtomaturityInvestments" xlink:label="HeldtomaturityInvestments"/>
    <link:calculationArc xlink:type="arc" xlink:arcrole="http://www.xbrl.org/2003/arcrole/summation-item" xlink:from="FinancialAssets" xlink:to="HeldtomaturityInvestments" use="optional" order="3.0" weight="1.0"/>
    <link:loc xlink:type="locator" xlink:href="../../../../ifrs-cor_2011-03-25.xsd#ifrs_LoansAndReceivables" xlink:label="LoansAndReceivables"/>
    <link:calculationArc xlink:type="arc" xlink:arcrole="http://www.xbrl.org/2003/arcrole/summation-item" xlink:from="FinancialAssets" xlink:to="LoansAndReceivables" use="optional" order="4.0" weight="1.0"/>
    <link:loc xlink:type="locator" xlink:href="../../../../ifrs-cor_2011-03-25.xsd#ifrs_FinancialAssetsAtAmortisedCost" xlink:label="FinancialAssetsAtAmortisedCost"/>
    <link:calculationArc xlink:type="arc" xlink:arcrole="http://www.xbrl.org/2003/arcrole/summation-item" xlink:from="FinancialAssets" xlink:to="FinancialAssetsAtAmortisedCost" use="optional" order="6.0" weight="1.0"/>
    <link:loc xlink:type="locator" xlink:href="../../../../ifrs-cor_2011-03-25.xsd#ifrs_FinancialAssetsAtFairValueThroughOtherComprehensiveIncome" xlink:label="FinancialAssetsAtFairValueThroughOtherComprehensiveIncome"/>
    <link:calculationArc xlink:type="arc" xlink:arcrole="http://www.xbrl.org/2003/arcrole/summation-item" xlink:from="FinancialAssets" xlink:to="FinancialAssetsAtFairValueThroughOtherComprehensiveIncome" use="optional" order="5.0" weight="1.0"/>
    <link:loc xlink:type="locator" xlink:href="../../../../ifrs-cor_2011-03-25.xsd#ifrs_OtherFinancialAssets" xlink:label="OtherFinancialAssets"/>
    <link:calculationArc xlink:type="arc" xlink:arcrole="http://www.xbrl.org/2003/arcrole/summation-item" xlink:from="Assets" xlink:to="OtherFinancialAssets" order="5.0" weight="1.0"/>
    <link:loc xlink:type="locator" xlink:href="../../../../ifrs-cor_2011-03-25.xsd#ifrs_OtherNonfinancialAssets" xlink:label="OtherNonfinancialAssets"/>
    <link:calculationArc xlink:type="arc" xlink:arcrole="http://www.xbrl.org/2003/arcrole/summation-item" xlink:from="Assets" xlink:to="OtherNonfinancialAssets" order="6.0" weight="1.0"/>
    <link:loc xlink:type="locator" xlink:href="../../../../ifrs-cor_2011-03-25.xsd#ifrs_InvestmentAccountedForUsingEquityMethod" xlink:label="InvestmentAccountedForUsingEquityMethod"/>
    <link:calculationArc xlink:type="arc" xlink:arcrole="http://www.xbrl.org/2003/arcrole/summation-item" xlink:from="Assets" xlink:to="InvestmentAccountedForUsingEquityMethod" order="7.0" weight="1.0"/>
    <link:calculationArc xlink:type="arc" xlink:arcrole="http://www.xbrl.org/2003/arcrole/summation-item" xlink:from="Assets" xlink:to="InvestmentsInSubsidiariesJointVenturesAndAssociates" use="optional" order="8.0" weight="1.0"/>
    <link:loc xlink:type="locator" xlink:href="../../../../ifrs-cor_2011-03-25.xsd#ifrs_BiologicalAssets" xlink:label="BiologicalAssets"/>
    <link:calculationArc xlink:type="arc" xlink:arcrole="http://www.xbrl.org/2003/arcrole/summation-item" xlink:from="Assets" xlink:to="BiologicalAssets" use="optional" order="9.0" weight="1.0"/>
    <link:loc xlink:type="locator" xlink:href="../../../../ifrs-cor_2011-03-25.xsd#ifrs_NoncurrentAssetsOrDisposalGroupsClassifiedAsHeldForSaleOrAsHeldForDistributionToOwners" xlink:label="NoncurrentAssetsOrDisposalGroupsClassifiedAsHeldForSaleOrAsHeldForDistributionToOwners"/>
    <link:calculationArc xlink:type="arc" xlink:arcrole="http://www.xbrl.org/2003/arcrole/summation-item" xlink:from="Assets" xlink:to="NoncurrentAssetsOrDisposalGroupsClassifiedAsHeldForSaleOrAsHeldForDistributionToOwners" order="10.0" weight="1.0"/>
    <link:loc xlink:type="locator" xlink:href="../../../../ifrs-cor_2011-03-25.xsd#ifrs_InventoriesTotal" xlink:label="InventoriesTotal"/>
    <link:calculationArc xlink:type="arc" xlink:arcrole="http://www.xbrl.org/2003/arcrole/summation-item" xlink:from="Assets" xlink:to="InventoriesTotal" order="11.0" weight="1.0"/>
    <link:loc xlink:type="locator" xlink:href="../../../../ifrs-cor_2011-03-25.xsd#ifrs_CurrentTaxAssets" xlink:label="CurrentTaxAssets"/>
    <link:calculationArc xlink:type="arc" xlink:arcrole="http://www.xbrl.org/2003/arcrole/summation-item" xlink:from="Assets" xlink:to="CurrentTaxAssets" order="12.0" weight="1.0"/>
    <link:loc xlink:type="locator" xlink:href="../../../../ifrs-cor_2011-03-25.xsd#ifrs_DeferredTaxAssets" xlink:label="DeferredTaxAssets"/>
    <link:calculationArc xlink:type="arc" xlink:arcrole="http://www.xbrl.org/2003/arcrole/summation-item" xlink:from="Assets" xlink:to="DeferredTaxAssets" order="13.0" weight="1.0"/>
    <link:loc xlink:type="locator" xlink:href="../../../../ifrs-cor_2011-03-25.xsd#ifrs_TradeAndOtherReceivables" xlink:label="TradeAndOtherReceivables"/>
    <link:calculationArc xlink:type="arc" xlink:arcrole="http://www.xbrl.org/2003/arcrole/summation-item" xlink:from="Assets" xlink:to="TradeAndOtherReceivables" use="optional" order="14.0" weight="1.0"/>
    <link:loc xlink:type="locator" xlink:href="../../../../ifrs-cor_2011-03-25.xsd#ifrs_TradeAndOtherReceivablesDueFromRelatedParties" xlink:label="TradeAndOtherReceivablesDueFromRelatedParties"/>
    <link:calculationArc xlink:type="arc" xlink:arcrole="http://www.xbrl.org/2003/arcrole/summation-item" xlink:from="TradeAndOtherReceivables" xlink:to="TradeAndOtherReceivablesDueFromRelatedParties" use="optional" order="2.0" weight="1.0"/>
    <link:loc xlink:type="locator" xlink:href="../../ifrs-dk-cor_2013-12-20.xsd#ifrs-dk_ReceivablesFromJointVentures" xlink:label="ReceivablesFromJointVentures"/>
    <link:calculationArc xlink:type="arc" xlink:arcrole="http://www.xbrl.org/2003/arcrole/summation-item" xlink:from="TradeAndOtherReceivablesDueFromRelatedParties" xlink:to="ReceivablesFromJointVentures" order="1.0" weight="1.0"/>
    <link:loc xlink:type="locator" xlink:href="../../ifrs-dk-cor_2013-12-20.xsd#ifrs-dk_ReceivablesFromSubsidaries" xlink:label="ReceivablesFromSubsidaries"/>
    <link:calculationArc xlink:type="arc" xlink:arcrole="http://www.xbrl.org/2003/arcrole/summation-item" xlink:from="TradeAndOtherReceivablesDueFromRelatedParties" xlink:to="ReceivablesFromSubsidaries" order="2.0" weight="1.0"/>
    <link:loc xlink:type="locator" xlink:href="../../ifrs-dk-cor_2013-12-20.xsd#ifrs-dk_ReceivablesFromAssociates" xlink:label="ReceivablesFromAssociates"/>
    <link:calculationArc xlink:type="arc" xlink:arcrole="http://www.xbrl.org/2003/arcrole/summation-item" xlink:from="TradeAndOtherReceivablesDueFromRelatedParties" xlink:to="ReceivablesFromAssociates" order="3.0" weight="1.0"/>
    <link:loc xlink:type="locator" xlink:href="../../ifrs-dk-cor_2013-12-20.xsd#ifrs-dk_SubordinatedLoans" xlink:label="SubordinatedLoans"/>
    <link:calculationArc xlink:type="arc" xlink:arcrole="http://www.xbrl.org/2003/arcrole/summation-item" xlink:from="TradeAndOtherReceivablesDueFromRelatedParties" xlink:to="SubordinatedLoans" order="4.0" weight="1.0"/>
    <link:loc xlink:type="locator" xlink:href="../../../../ifrs-cor_2011-03-25.xsd#ifrs_TradeReceivables" xlink:label="TradeReceivables"/>
    <link:calculationArc xlink:type="arc" xlink:arcrole="http://www.xbrl.org/2003/arcrole/summation-item" xlink:from="TradeAndOtherReceivables" xlink:to="TradeReceivables" use="optional" order="1.0" weight="1.0"/>
    <link:loc xlink:type="locator" xlink:href="../../../../ifrs-cor_2011-03-25.xsd#ifrs_Prepayments" xlink:label="Prepayments"/>
    <link:calculationArc xlink:type="arc" xlink:arcrole="http://www.xbrl.org/2003/arcrole/summation-item" xlink:from="TradeAndOtherReceivables" xlink:to="Prepayments" use="optional" order="3.0" weight="1.0"/>
    <link:loc xlink:type="locator" xlink:href="../../../../ifrs-cor_2011-03-25.xsd#ifrs_OtherReceivables" xlink:label="OtherReceivables"/>
    <link:calculationArc xlink:type="arc" xlink:arcrole="http://www.xbrl.org/2003/arcrole/summation-item" xlink:from="TradeAndOtherReceivables" xlink:to="OtherReceivables" use="optional" order="4.0" weight="1.0"/>
    <link:calculationArc xlink:type="arc" xlink:arcrole="http://www.xbrl.org/2003/arcrole/summation-item" xlink:from="Assets" xlink:to="CashAndCashEquivalents" use="optional" order="15.0" weight="1.0"/>
    <link:loc xlink:type="locator" xlink:href="../../../../ifrs-cor_2011-03-25.xsd#ifrs_NoncashAssetsPledgedAsCollateralForWhichTransfereeHasRightByContractOrCustomToSellOrRepledgeCollateral" xlink:label="NoncashAssetsPledgedAsCollateralForWhichTransfereeHasRightByContractOrCustomToSellOrRepledgeCollateral"/>
    <link:calculationArc xlink:type="arc" xlink:arcrole="http://www.xbrl.org/2003/arcrole/summation-item" xlink:from="Assets" xlink:to="NoncashAssetsPledgedAsCollateralForWhichTransfereeHasRightByContractOrCustomToSellOrRepledgeCollateral" order="16.0" weight="1.0"/>
    <link:loc xlink:type="locator" xlink:href="../../../../ifrs-cor_2011-03-25.xsd#ifrs_Liabilities" xlink:label="Liabilities"/>
    <link:loc xlink:type="locator" xlink:href="../../../../ifrs-cor_2011-03-25.xsd#ifrs_TradeAndOtherPayables" xlink:label="TradeAndOtherPayables"/>
    <link:calculationArc xlink:type="arc" xlink:arcrole="http://www.xbrl.org/2003/arcrole/summation-item" xlink:from="Liabilities" xlink:to="TradeAndOtherPayables" use="optional" order="1.0" weight="1.0"/>
    <link:loc xlink:type="locator" xlink:href="../../../../ifrs-cor_2011-03-25.xsd#ifrs_TradeAndOtherPayablesToTradeSuppliers" xlink:label="TradeAndOtherPayablesToTradeSuppliers"/>
    <link:calculationArc xlink:type="arc" xlink:arcrole="http://www.xbrl.org/2003/arcrole/summation-item" xlink:from="TradeAndOtherPayables" xlink:to="TradeAndOtherPayablesToTradeSuppliers" use="optional" order="1.0" weight="1.0"/>
    <link:loc xlink:type="locator" xlink:href="../../../../ifrs-cor_2011-03-25.xsd#ifrs_TradeAndOtherPayablesToRelatedParties" xlink:label="TradeAndOtherPayablesToRelatedParties"/>
    <link:calculationArc xlink:type="arc" xlink:arcrole="http://www.xbrl.org/2003/arcrole/summation-item" xlink:from="TradeAndOtherPayables" xlink:to="TradeAndOtherPayablesToRelatedParties" use="optional" order="2.0" weight="1.0"/>
    <link:loc xlink:type="locator" xlink:href="../../ifrs-dk-cor_2013-12-20.xsd#ifrs-dk_TradeAndOtherPayablesToParentCompany" xlink:label="TradeAndOtherPayablesToParentCompany"/>
    <link:calculationArc xlink:type="arc" xlink:arcrole="http://www.xbrl.org/2003/arcrole/summation-item" xlink:from="TradeAndOtherPayablesToRelatedParties" xlink:to="TradeAndOtherPayablesToParentCompany" use="optional" order="1.0" weight="1.0"/>
    <link:loc xlink:type="locator" xlink:href="../../ifrs-dk-cor_2013-12-20.xsd#ifrs-dk_TradeAndOtherPayablesToSubsidiaries" xlink:label="TradeAndOtherPayablesToSubsidiaries"/>
    <link:calculationArc xlink:type="arc" xlink:arcrole="http://www.xbrl.org/2003/arcrole/summation-item" xlink:from="TradeAndOtherPayablesToRelatedParties" xlink:to="TradeAndOtherPayablesToSubsidiaries" use="optional" order="2.0" weight="1.0"/>
    <link:loc xlink:type="locator" xlink:href="../../ifrs-dk-cor_2013-12-20.xsd#ifrs-dk_TradeAndOtherPayablesToAssociates" xlink:label="TradeAndOtherPayablesToAssociates"/>
    <link:calculationArc xlink:type="arc" xlink:arcrole="http://www.xbrl.org/2003/arcrole/summation-item" xlink:from="TradeAndOtherPayablesToRelatedParties" xlink:to="TradeAndOtherPayablesToAssociates" use="optional" order="3.0" weight="1.0"/>
    <link:loc xlink:type="locator" xlink:href="../../ifrs-dk-cor_2013-12-20.xsd#ifrs-dk_TradeAndOtherPayablesToJointVentures" xlink:label="TradeAndOtherPayablesToJointVentures"/>
    <link:calculationArc xlink:type="arc" xlink:arcrole="http://www.xbrl.org/2003/arcrole/summation-item" xlink:from="TradeAndOtherPayablesToRelatedParties" xlink:to="TradeAndOtherPayablesToJointVentures" use="optional" order="4.0" weight="1.0"/>
    <link:loc xlink:type="locator" xlink:href="../../../../ifrs-cor_2011-03-25.xsd#ifrs_DeferredIncome" xlink:label="DeferredIncome"/>
    <link:calculationArc xlink:type="arc" xlink:arcrole="http://www.xbrl.org/2003/arcrole/summation-item" xlink:from="TradeAndOtherPayables" xlink:to="DeferredIncome" use="optional" order="4.0" weight="1.0"/>
    <link:loc xlink:type="locator" xlink:href="../../../../ifrs-cor_2011-03-25.xsd#ifrs_Accruals" xlink:label="Accruals"/>
    <link:calculationArc xlink:type="arc" xlink:arcrole="http://www.xbrl.org/2003/arcrole/summation-item" xlink:from="TradeAndOtherPayables" xlink:to="Accruals" use="optional" order="5.0" weight="1.0"/>
    <link:loc xlink:type="locator" xlink:href="../../../../ifrs-cp_2011-06-01.xsd#ifrs-cp_1_OtherPayables" xlink:label="OtherPayables"/>
    <link:calculationArc xlink:type="arc" xlink:arcrole="http://www.xbrl.org/2003/arcrole/summation-item" xlink:from="TradeAndOtherPayables" xlink:to="OtherPayables" use="optional" order="6.0" weight="1.0"/>
    <link:loc xlink:type="locator" xlink:href="../../ifrs-dk-cor_2013-12-20.xsd#ifrs-dk_PayabelsToCreditInstitutions" xlink:label="PayabelsToCreditInstitutions"/>
    <link:calculationArc xlink:type="arc" xlink:arcrole="http://www.xbrl.org/2003/arcrole/summation-item" xlink:from="TradeAndOtherPayables" xlink:to="PayabelsToCreditInstitutions" use="optional" order="3.0" weight="1.0"/>
    <link:loc xlink:type="locator" xlink:href="../../ifrs-dk-cor_2013-12-20.xsd#ifrs-dk_PayablesToMortgageCreditInstitutions" xlink:label="PayablesToMortgageCreditInstitutions"/>
    <link:calculationArc xlink:type="arc" xlink:arcrole="http://www.xbrl.org/2003/arcrole/summation-item" xlink:from="PayabelsToCreditInstitutions" xlink:to="PayablesToMortgageCreditInstitutions" use="optional" order="1.0" weight="1.0"/>
    <link:loc xlink:type="locator" xlink:href="../../ifrs-dk-cor_2013-12-20.xsd#ifrs-dk_PayablesToOtherCreditInstitutions" xlink:label="PayablesToOtherCreditInstitutions"/>
    <link:calculationArc xlink:type="arc" xlink:arcrole="http://www.xbrl.org/2003/arcrole/summation-item" xlink:from="PayabelsToCreditInstitutions" xlink:to="PayablesToOtherCreditInstitutions" use="optional" order="2.0" weight="1.0"/>
    <link:loc xlink:type="locator" xlink:href="../../ifrs-dk-cor_2013-12-20.xsd#ifrs-dk_BankLoans" xlink:label="BankLoans"/>
    <link:calculationArc xlink:type="arc" xlink:arcrole="http://www.xbrl.org/2003/arcrole/summation-item" xlink:from="PayabelsToCreditInstitutions" xlink:to="BankLoans" use="optional" order="3.0" weight="1.0"/>
    <link:loc xlink:type="locator" xlink:href="../../ifrs-dk-cor_2013-12-20.xsd#ifrs-dk_MortgageDebt" xlink:label="MortgageDebt"/>
    <link:calculationArc xlink:type="arc" xlink:arcrole="http://www.xbrl.org/2003/arcrole/summation-item" xlink:from="PayabelsToCreditInstitutions" xlink:to="MortgageDebt" use="optional" order="4.0" weight="1.0"/>
    <link:loc xlink:type="locator" xlink:href="../../ifrs-dk-cor_2013-12-20.xsd#ifrs-dk_BondLoans" xlink:label="BondLoans"/>
    <link:calculationArc xlink:type="arc" xlink:arcrole="http://www.xbrl.org/2003/arcrole/summation-item" xlink:from="PayabelsToCreditInstitutions" xlink:to="BondLoans" use="optional" order="5.0" weight="1.0"/>
    <link:loc xlink:type="locator" xlink:href="../../../../ifrs-cor_2011-03-25.xsd#ifrs_Provisions" xlink:label="Provisions"/>
    <link:calculationArc xlink:type="arc" xlink:arcrole="http://www.xbrl.org/2003/arcrole/summation-item" xlink:from="Liabilities" xlink:to="Provisions" order="2.0" weight="1.0"/>
    <link:loc xlink:type="locator" xlink:href="../../../../ifrs-cor_2011-03-25.xsd#ifrs_ProvisionsForEmployeeBenefits" xlink:label="ProvisionsForEmployeeBenefits"/>
    <link:calculationArc xlink:type="arc" xlink:arcrole="http://www.xbrl.org/2003/arcrole/summation-item" xlink:from="Provisions" xlink:to="ProvisionsForEmployeeBenefits" order="1.0" weight="1.0"/>
    <link:loc xlink:type="locator" xlink:href="../../../../ifrs-cor_2011-03-25.xsd#ifrs_OtherProvisions" xlink:label="OtherProvisions"/>
    <link:calculationArc xlink:type="arc" xlink:arcrole="http://www.xbrl.org/2003/arcrole/summation-item" xlink:from="Provisions" xlink:to="OtherProvisions" order="2.0" weight="1.0"/>
    <link:loc xlink:type="locator" xlink:href="../../../../ifrs-cor_2011-03-25.xsd#ifrs_OtherFinancialLiabilities" xlink:label="OtherFinancialLiabilities"/>
    <link:calculationArc xlink:type="arc" xlink:arcrole="http://www.xbrl.org/2003/arcrole/summation-item" xlink:from="Liabilities" xlink:to="OtherFinancialLiabilities" order="3.0" weight="1.0"/>
    <link:loc xlink:type="locator" xlink:href="../../../../ifrs-cor_2011-03-25.xsd#ifrs_OtherNonfinancialLiabilities" xlink:label="OtherNonfinancialLiabilities"/>
    <link:calculationArc xlink:type="arc" xlink:arcrole="http://www.xbrl.org/2003/arcrole/summation-item" xlink:from="Liabilities" xlink:to="OtherNonfinancialLiabilities" order="4.0" weight="1.0"/>
    <link:loc xlink:type="locator" xlink:href="../../../../ifrs-cor_2011-03-25.xsd#ifrs_CurrentTaxLiabilities" xlink:label="CurrentTaxLiabilities"/>
    <link:calculationArc xlink:type="arc" xlink:arcrole="http://www.xbrl.org/2003/arcrole/summation-item" xlink:from="Liabilities" xlink:to="CurrentTaxLiabilities" order="5.0" weight="1.0"/>
    <link:loc xlink:type="locator" xlink:href="../../../../ifrs-cor_2011-03-25.xsd#ifrs_DeferredTaxLiabilities" xlink:label="DeferredTaxLiabilities"/>
    <link:calculationArc xlink:type="arc" xlink:arcrole="http://www.xbrl.org/2003/arcrole/summation-item" xlink:from="Liabilities" xlink:to="DeferredTaxLiabilities" order="6.0" weight="1.0"/>
    <link:loc xlink:type="locator" xlink:href="../../../../ifrs-cp_2011-06-01.xsd#ifrs-cp_1_DerivativeFinancialLiabilities" xlink:label="DerivativeFinancialLiabilities"/>
    <link:calculationArc xlink:type="arc" xlink:arcrole="http://www.xbrl.org/2003/arcrole/summation-item" xlink:from="Liabilities" xlink:to="DerivativeFinancialLiabilities" use="optional" order="9.0" weight="1.0"/>
    <link:loc xlink:type="locator" xlink:href="../../../../ifrs-cp_2011-06-01.xsd#ifrs-cp_1_FinanceLeaseLiabilities" xlink:label="FinanceLeaseLiabilities"/>
    <link:calculationArc xlink:type="arc" xlink:arcrole="http://www.xbrl.org/2003/arcrole/summation-item" xlink:from="Liabilities" xlink:to="FinanceLeaseLiabilities" use="optional" order="10.0" weight="1.0"/>
    <link:loc xlink:type="locator" xlink:href="../../../../ifrs-cp_2011-06-01.xsd#ifrs-cp_1_Advances" xlink:label="Advances"/>
    <link:calculationArc xlink:type="arc" xlink:arcrole="http://www.xbrl.org/2003/arcrole/summation-item" xlink:from="Liabilities" xlink:to="Advances" use="optional" order="11.0" weight="1.0"/>
    <link:loc xlink:type="locator" xlink:href="../../../../ifrs-cp_2011-06-01.xsd#ifrs-cp_1_DividendPayables" xlink:label="DividendPayables"/>
    <link:calculationArc xlink:type="arc" xlink:arcrole="http://www.xbrl.org/2003/arcrole/summation-item" xlink:from="Liabilities" xlink:to="DividendPayables" use="optional" order="12.0" weight="1.0"/>
    <link:loc xlink:type="locator" xlink:href="../../../../ifrs-cp_2011-06-01.xsd#ifrs-cp_1_DepositsFromBanks" xlink:label="DepositsFromBanks"/>
    <link:calculationArc xlink:type="arc" xlink:arcrole="http://www.xbrl.org/2003/arcrole/summation-item" xlink:from="Liabilities" xlink:to="DepositsFromBanks" use="optional" order="13.0" weight="1.0"/>
    <link:loc xlink:type="locator" xlink:href="../../../../ifrs-cp_2011-06-01.xsd#ifrs-cp_1_DepositsFromCustomers" xlink:label="DepositsFromCustomers"/>
    <link:calculationArc xlink:type="arc" xlink:arcrole="http://www.xbrl.org/2003/arcrole/summation-item" xlink:from="Liabilities" xlink:to="DepositsFromCustomers" use="optional" order="14.0" weight="1.0"/>
    <link:loc xlink:type="locator" xlink:href="../../../../ifrs-cp_2011-06-01.xsd#ifrs-cp_1_SubordinatedLiabilities" xlink:label="SubordinatedLiabilities"/>
    <link:calculationArc xlink:type="arc" xlink:arcrole="http://www.xbrl.org/2003/arcrole/summation-item" xlink:from="Liabilities" xlink:to="SubordinatedLiabilities" use="optional" order="15.0" weight="1.0"/>
    <link:loc xlink:type="locator" xlink:href="../../../../ifrs-cp_2011-06-01.xsd#ifrs-cp_1_DebtSecurities" xlink:label="DebtSecurities"/>
    <link:calculationArc xlink:type="arc" xlink:arcrole="http://www.xbrl.org/2003/arcrole/summation-item" xlink:from="Liabilities" xlink:to="DebtSecurities" use="optional" order="16.0" weight="1.0"/>
    <link:loc xlink:type="locator" xlink:href="../../../../ifrs-cp_2011-06-01.xsd#ifrs-cp_1_RepurchaseAgreementsAndCashCollateralOnSecuritiesLent" xlink:label="RepurchaseAgreementsAndCashCollateralOnSecuritiesLent"/>
    <link:calculationArc xlink:type="arc" xlink:arcrole="http://www.xbrl.org/2003/arcrole/summation-item" xlink:from="Liabilities" xlink:to="RepurchaseAgreementsAndCashCollateralOnSecuritiesLent" use="optional" order="17.0" weight="1.0"/>
    <link:loc xlink:type="locator" xlink:href="../../../../ifrs-cp_2011-06-01.xsd#ifrs-cp_1_InvestmentContractsLiabilities" xlink:label="InvestmentContractsLiabilities"/>
    <link:calculationArc xlink:type="arc" xlink:arcrole="http://www.xbrl.org/2003/arcrole/summation-item" xlink:from="Liabilities" xlink:to="InvestmentContractsLiabilities" use="optional" order="18.0" weight="1.0"/>
    <link:loc xlink:type="locator" xlink:href="../../../../ifrs-cp_2011-06-01.xsd#ifrs-cp_1_OtherLiabilities" xlink:label="OtherLiabilities"/>
    <link:calculationArc xlink:type="arc" xlink:arcrole="http://www.xbrl.org/2003/arcrole/summation-item" xlink:from="Liabilities" xlink:to="OtherLiabilities" use="optional" order="19.0" weight="1.0"/>
    <link:loc xlink:type="locator" xlink:href="../../../../ifrs-cor_2011-03-25.xsd#ifrs_LiabilitiesIncludedInDisposalGroupsClassifiedAsHeldForSale" xlink:label="LiabilitiesIncludedInDisposalGroupsClassifiedAsHeldForSale"/>
    <link:calculationArc xlink:type="arc" xlink:arcrole="http://www.xbrl.org/2003/arcrole/summation-item" xlink:from="Liabilities" xlink:to="LiabilitiesIncludedInDisposalGroupsClassifiedAsHeldForSale" order="8.0" weight="1.0"/>
    <link:loc xlink:type="locator" xlink:href="../../../../ifrs-cor_2011-03-25.xsd#ifrs_FinancialLiabilities" xlink:label="FinancialLiabilities"/>
    <link:calculationArc xlink:type="arc" xlink:arcrole="http://www.xbrl.org/2003/arcrole/summation-item" xlink:from="Liabilities" xlink:to="FinancialLiabilities" use="optional" order="7.0" weight="1.0"/>
    <link:loc xlink:type="locator" xlink:href="../../../../ifrs-cor_2011-03-25.xsd#ifrs_FinancialLiabilitiesAtFairValueThroughProfitOrLoss" xlink:label="FinancialLiabilitiesAtFairValueThroughProfitOrLoss"/>
    <link:calculationArc xlink:type="arc" xlink:arcrole="http://www.xbrl.org/2003/arcrole/summation-item" xlink:from="FinancialLiabilities" xlink:to="FinancialLiabilitiesAtFairValueThroughProfitOrLoss" use="optional" order="1.0" weight="1.0"/>
    <link:loc xlink:type="locator" xlink:href="../../../../ifrs-cor_2011-03-25.xsd#ifrs_FinancialLiabilitiesAtFairValueThroughProfitOrLossClassifiedAsHeldForTrading" xlink:label="FinancialLiabilitiesAtFairValueThroughProfitOrLossClassifiedAsHeldForTrading"/>
    <link:calculationArc xlink:type="arc" xlink:arcrole="http://www.xbrl.org/2003/arcrole/summation-item" xlink:from="FinancialLiabilitiesAtFairValueThroughProfitOrLoss" xlink:to="FinancialLiabilitiesAtFairValueThroughProfitOrLossClassifiedAsHeldForTrading" use="optional" order="1.0" weight="1.0"/>
    <link:loc xlink:type="locator" xlink:href="../../../../ifrs-cor_2011-03-25.xsd#ifrs_FinancialLiabilitiesAtFairValueThroughProfitOrLossDesignatedAsUponInitialRecognition" xlink:label="FinancialLiabilitiesAtFairValueThroughProfitOrLossDesignatedAsUponInitialRecognition"/>
    <link:calculationArc xlink:type="arc" xlink:arcrole="http://www.xbrl.org/2003/arcrole/summation-item" xlink:from="FinancialLiabilitiesAtFairValueThroughProfitOrLoss" xlink:to="FinancialLiabilitiesAtFairValueThroughProfitOrLossDesignatedAsUponInitialRecognition" use="optional" order="2.0" weight="1.0"/>
    <link:loc xlink:type="locator" xlink:href="../../../../ifrs-cor_2011-03-25.xsd#ifrs_FinancialLiabilitiesAtAmortisedCost" xlink:label="FinancialLiabilitiesAtAmortisedCost"/>
    <link:calculationArc xlink:type="arc" xlink:arcrole="http://www.xbrl.org/2003/arcrole/summation-item" xlink:from="FinancialLiabilities" xlink:to="FinancialLiabilitiesAtAmortisedCost" use="optional" order="2.0" weight="1.0"/>
    <link:loc xlink:type="locator" xlink:href="../../ifrs-dk-cor_2013-12-20.xsd#ifrs-dk_FinancialLeaseLiabilities" xlink:label="FinancialLeaseLiabilities"/>
    <link:calculationArc xlink:type="arc" xlink:arcrole="http://www.xbrl.org/2003/arcrole/summation-item" xlink:from="FinancialLiabilities" xlink:to="FinancialLeaseLiabilities" use="optional" order="3.0" weight="1.0"/>
    <link:loc xlink:type="locator" xlink:href="../../../../ifrs-cor_2011-03-25.xsd#ifrs_OtherReserves" xlink:label="OtherReserves"/>
    <link:calculationArc xlink:type="arc" xlink:arcrole="http://www.xbrl.org/2003/arcrole/summation-item" xlink:from="Liabilities" xlink:to="OtherReserves" use="optional" order="20.0" weight="1.0"/>
    <link:loc xlink:type="locator" xlink:href="../../../../ifrs-cor_2011-03-25.xsd#ifrs_EquityAndLiabilities" xlink:label="EquityAndLiabilities"/>
    <link:loc xlink:type="locator" xlink:href="../../../../ifrs-cor_2011-03-25.xsd#ifrs_Equity" xlink:label="Equity"/>
    <link:calculationArc xlink:type="arc" xlink:arcrole="http://www.xbrl.org/2003/arcrole/summation-item" xlink:from="EquityAndLiabilities" xlink:to="Equity" order="1.0" weight="1.0"/>
    <link:loc xlink:type="locator" xlink:href="../../../../ifrs-cor_2011-03-25.xsd#ifrs_EquityAttributableToOwnersOfParent" xlink:label="EquityAttributableToOwnersOfParent"/>
    <link:calculationArc xlink:type="arc" xlink:arcrole="http://www.xbrl.org/2003/arcrole/summation-item" xlink:from="Equity" xlink:to="EquityAttributableToOwnersOfParent" order="7.0" weight="1.0"/>
    <link:loc xlink:type="locator" xlink:href="../../../../ifrs-cor_2011-03-25.xsd#ifrs_NoncontrollingInterests" xlink:label="NoncontrollingInterests"/>
    <link:calculationArc xlink:type="arc" xlink:arcrole="http://www.xbrl.org/2003/arcrole/summation-item" xlink:from="Equity" xlink:to="NoncontrollingInterests" order="8.0" weight="1.0"/>
    <link:loc xlink:type="locator" xlink:href="../../../../ifrs-cor_2011-03-25.xsd#ifrs_IssuedCapital" xlink:label="IssuedCapital"/>
    <link:calculationArc xlink:type="arc" xlink:arcrole="http://www.xbrl.org/2003/arcrole/summation-item" xlink:from="Equity" xlink:to="IssuedCapital" use="optional" order="1.0" weight="1.0"/>
    <link:loc xlink:type="locator" xlink:href="../../../../ifrs-cor_2011-03-25.xsd#ifrs_RetainedEarnings" xlink:label="RetainedEarnings"/>
    <link:calculationArc xlink:type="arc" xlink:arcrole="http://www.xbrl.org/2003/arcrole/summation-item" xlink:from="Equity" xlink:to="RetainedEarnings" use="optional" order="2.0" weight="1.0"/>
    <link:loc xlink:type="locator" xlink:href="../../../../ifrs-cor_2011-03-25.xsd#ifrs_SharePremium" xlink:label="SharePremium"/>
    <link:calculationArc xlink:type="arc" xlink:arcrole="http://www.xbrl.org/2003/arcrole/summation-item" xlink:from="Equity" xlink:to="SharePremium" order="3.0" weight="1.0"/>
    <link:loc xlink:type="locator" xlink:href="../../../../ifrs-cor_2011-03-25.xsd#ifrs_TreasuryShares" xlink:label="TreasuryShares"/>
    <link:calculationArc xlink:type="arc" xlink:arcrole="http://www.xbrl.org/2003/arcrole/summation-item" xlink:from="Equity" xlink:to="TreasuryShares" use="optional" order="4.0" weight="-1.0"/>
    <link:loc xlink:type="locator" xlink:href="../../ifrs-dk-cor_2013-12-20.xsd#ifrs-dk_ReserveForTreasuryShares" xlink:label="ReserveForTreasuryShares"/>
    <link:calculationArc xlink:type="arc" xlink:arcrole="http://www.xbrl.org/2003/arcrole/summation-item" xlink:from="TreasuryShares" xlink:to="ReserveForTreasuryShares" use="optional" order="1.0" weight="1.0"/>
    <link:loc xlink:type="locator" xlink:href="../../ifrs-dk-cor_2013-12-20.xsd#ifrs-dk_StockShares" xlink:label="StockShares"/>
    <link:calculationArc xlink:type="arc" xlink:arcrole="http://www.xbrl.org/2003/arcrole/summation-item" xlink:from="TreasuryShares" xlink:to="StockShares" order="2.0" weight="1.0"/>
    <link:loc xlink:type="locator" xlink:href="../../../../ifrs-cor_2011-03-25.xsd#ifrs_OtherEquityInterest" xlink:label="OtherEquityInterest"/>
    <link:calculationArc xlink:type="arc" xlink:arcrole="http://www.xbrl.org/2003/arcrole/summation-item" xlink:from="Equity" xlink:to="OtherEquityInterest" order="5.0" weight="1.0"/>
    <link:calculationArc xlink:type="arc" xlink:arcrole="http://www.xbrl.org/2003/arcrole/summation-item" xlink:from="Equity" xlink:to="OtherReserves" use="optional" order="6.0" weight="1.0"/>
    <link:loc xlink:type="locator" xlink:href="../../ifrs-dk-cor_2013-12-20.xsd#ifrs-dk_OtherIssuedCapital" xlink:label="OtherIssuedCapital"/>
    <link:calculationArc xlink:type="arc" xlink:arcrole="http://www.xbrl.org/2003/arcrole/summation-item" xlink:from="Equity" xlink:to="OtherIssuedCapital" use="optional" order="12.0" weight="1.0"/>
    <link:loc xlink:type="locator" xlink:href="../../../../ifrs-cp_2011-06-01.xsd#ifrs-cp_1_CapitalReserve" xlink:label="CapitalReserve"/>
    <link:calculationArc xlink:type="arc" xlink:arcrole="http://www.xbrl.org/2003/arcrole/summation-item" xlink:from="Equity" xlink:to="CapitalReserve" use="optional" order="9.0" weight="1.0"/>
    <link:loc xlink:type="locator" xlink:href="../../../../ifrs-cp_2011-06-01.xsd#ifrs-cp_1_AdditionalPaidinCapital" xlink:label="AdditionalPaidinCapital"/>
    <link:calculationArc xlink:type="arc" xlink:arcrole="http://www.xbrl.org/2003/arcrole/summation-item" xlink:from="Equity" xlink:to="AdditionalPaidinCapital" use="optional" order="10.0" weight="1.0"/>
    <link:loc xlink:type="locator" xlink:href="../../../../ifrs-cp_2011-06-01.xsd#ifrs-cp_1_AccumulatedOtherComprehensiveIncome" xlink:label="AccumulatedOtherComprehensiveIncome"/>
    <link:calculationArc xlink:type="arc" xlink:arcrole="http://www.xbrl.org/2003/arcrole/summation-item" xlink:from="Equity" xlink:to="AccumulatedOtherComprehensiveIncome" use="optional" order="11.0" weight="1.0"/>
    <link:calculationArc xlink:type="arc" xlink:arcrole="http://www.xbrl.org/2003/arcrole/summation-item" xlink:from="EquityAndLiabilities" xlink:to="Liabilities" order="2.0" weight="1.0"/>
  </link:calculationLink>
</link:linkbase>
