<?xml version="1.0" encoding="UTF-8"?>
<!-- Generated by Fujitsu Interstage XWand B0209 -->
<?officialURI http://archprod.service.eogs.dk/taxonomy/20141220/ifrs/full_ifrs_dk/ifrs-dk_510.00_2014-12-20/def_ifrs-dk_2014-12-20_role-510.00.xml?>

<?taxonomy-version 0.2.0?>

<link:linkbase xmlns:xsi="http://www.w3.org/2001/XMLSchema-instance" xsi:schemaLocation="http://www.xbrl.org/2003/linkbase http://www.xbrl.org/2003/xbrl-linkbase-2003-12-31.xsd" xmlns:link="http://www.xbrl.org/2003/linkbase" xmlns:rol_ifrs-dk_510.00_2014-12-20="http://xbrl.dcca.dk/role/ifrs-dk/rol_ifrs-dk_510.00_2014-12-20" xmlns:xlink="http://www.w3.org/1999/xlink" xmlns:xbrli="http://www.xbrl.org/2003/instance" xmlns:xbrldt="http://xbrl.org/2005/xbrldt">
  <link:roleRef roleURI="http://xbrl.dcca.dk/role/510.00/StatementOfCashFlowsDirectMethod" xlink:type="simple" xlink:href="rol_ifrs-dk_510.00_2014-12-20.xsd#ifrs-dk_51000_StatementOfCashFlowsDirectMethod"/>
  <link:roleRef roleURI="http://xbrl.ifrs.org/role/ifrs/ifrs-dim_role-913000" xlink:type="simple" xlink:href="../../../../full_ifrs/dimensions_full_ifrs/rol_full_ifrs-dim_2014-03-05.xsd#ifrs-dim_role-913000"/>
  <link:roleRef roleURI="http://xbrl.dcca.dk/role/510.00/StatementOfCashFlowsDirectMethod/Details" xlink:type="simple" xlink:href="rol_ifrs-dk_510.00_2014-12-20.xsd#ifrs-dk_51000_RoleStatementOfCashFlowsDirectMethodDetails"/>
  <link:arcroleRef arcroleURI="http://xbrl.org/int/dim/arcrole/domain-member" xlink:type="simple" xlink:href="http://www.xbrl.org/2005/xbrldt-2005.xsd#domain-member"/>
  <link:arcroleRef arcroleURI="http://xbrl.org/int/dim/arcrole/all" xlink:type="simple" xlink:href="http://www.xbrl.org/2005/xbrldt-2005.xsd#all"/>
  <link:arcroleRef arcroleURI="http://xbrl.org/int/dim/arcrole/hypercube-dimension" xlink:type="simple" xlink:href="http://www.xbrl.org/2005/xbrldt-2005.xsd#hypercube-dimension"/>
  <link:definitionLink xlink:type="extended" xlink:role="http://xbrl.dcca.dk/role/510.00/StatementOfCashFlowsDirectMethod">
    <link:loc xlink:type="locator" xlink:href="../../../cmn.xsd#cmn_CommonTable" xlink:label="CommonTable" xlink:title="CommonTable"/>
    <link:loc xlink:type="locator" xlink:href="../../../../full_ifrs-cor_2014-03-05.xsd#ifrs-full_ConsolidatedAndSeparateFinancialStatementsAxis" xlink:label="ConsolidatedAndSeparateFinancialStatementsAxis" xlink:title="ConsolidatedAndSeparateFinancialStatementsAxis"/>
    <link:definitionArc xlink:type="arc" xlink:arcrole="http://xbrl.org/int/dim/arcrole/hypercube-dimension" xlink:from="CommonTable" xlink:to="ConsolidatedAndSeparateFinancialStatementsAxis" xlink:title="definition: CommonTable to ConsolidatedAndSeparateFinancialStatementsAxis" order="1.0" xbrldt:targetRole="http://xbrl.ifrs.org/role/ifrs/ifrs-dim_role-913000"/>
    <link:loc xlink:type="locator" xlink:href="../../../../full_ifrs-cor_2014-03-05.xsd#ifrs-full_StatementOfCashFlowsAbstract" xlink:label="StatementOfCashFlowsAbstract"/>
    <link:loc xlink:type="locator" xlink:href="../../../../full_ifrs-cor_2014-03-05.xsd#ifrs-full_CashFlowsFromUsedInOperatingActivitiesAbstract" xlink:label="CashFlowsFromUsedInOperatingActivitiesAbstract"/>
    <link:definitionArc xlink:type="arc" xlink:arcrole="http://xbrl.org/int/dim/arcrole/domain-member" xlink:from="StatementOfCashFlowsAbstract" xlink:to="CashFlowsFromUsedInOperatingActivitiesAbstract" order="1.0"/>
    <link:loc xlink:type="locator" xlink:href="../../../../full_ifrs-cor_2014-03-05.xsd#ifrs-full_ClassesOfCashPaymentsAbstract" xlink:label="ClassesOfCashPaymentsAbstract"/>
    <link:definitionArc xlink:type="arc" xlink:arcrole="http://xbrl.org/int/dim/arcrole/domain-member" xlink:from="CashFlowsFromUsedInOperatingActivitiesAbstract" xlink:to="ClassesOfCashPaymentsAbstract" order="2.0"/>
    <link:loc xlink:type="locator" xlink:href="../../../../full_ifrs-cor_2014-03-05.xsd#ifrs-full_PaymentsToSuppliersForGoodsAndServices" xlink:label="PaymentsToSuppliersForGoodsAndServices"/>
    <link:definitionArc xlink:type="arc" xlink:arcrole="http://xbrl.org/int/dim/arcrole/domain-member" xlink:from="ClassesOfCashPaymentsAbstract" xlink:to="PaymentsToSuppliersForGoodsAndServices" order="1.0"/>
    <link:loc xlink:type="locator" xlink:href="../../../../full_ifrs-cor_2014-03-05.xsd#ifrs-full_PaymentsFromContractsHeldForDealingOrTradingPurpose" xlink:label="PaymentsFromContractsHeldForDealingOrTradingPurpose"/>
    <link:definitionArc xlink:type="arc" xlink:arcrole="http://xbrl.org/int/dim/arcrole/domain-member" xlink:from="ClassesOfCashPaymentsAbstract" xlink:to="PaymentsFromContractsHeldForDealingOrTradingPurpose" order="2.0"/>
    <link:loc xlink:type="locator" xlink:href="../../../../full_ifrs-cor_2014-03-05.xsd#ifrs-full_PaymentsToAndOnBehalfOfEmployees" xlink:label="PaymentsToAndOnBehalfOfEmployees"/>
    <link:definitionArc xlink:type="arc" xlink:arcrole="http://xbrl.org/int/dim/arcrole/domain-member" xlink:from="ClassesOfCashPaymentsAbstract" xlink:to="PaymentsToAndOnBehalfOfEmployees" order="3.0"/>
    <link:loc xlink:type="locator" xlink:href="../../../../full_ifrs-cor_2014-03-05.xsd#ifrs-full_PaymentsForPremiumsAndClaimsAnnuitiesAndOtherPolicyBenefits" xlink:label="PaymentsForPremiumsAndClaimsAnnuitiesAndOtherPolicyBenefits"/>
    <link:definitionArc xlink:type="arc" xlink:arcrole="http://xbrl.org/int/dim/arcrole/domain-member" xlink:from="ClassesOfCashPaymentsAbstract" xlink:to="PaymentsForPremiumsAndClaimsAnnuitiesAndOtherPolicyBenefits" order="4.0"/>
    <link:loc xlink:type="locator" xlink:href="../../../../full_ifrs-cor_2014-03-05.xsd#ifrs-full_PaymentsToManufactureOrAcquireAssetsHeldForRentalToOthersAndSubsequentlyHeldForSale" xlink:label="PaymentsToManufactureOrAcquireAssetsHeldForRentalToOthersAndSubsequentlyHeldForSale"/>
    <link:definitionArc xlink:type="arc" xlink:arcrole="http://xbrl.org/int/dim/arcrole/domain-member" xlink:from="ClassesOfCashPaymentsAbstract" xlink:to="PaymentsToManufactureOrAcquireAssetsHeldForRentalToOthersAndSubsequentlyHeldForSale" order="5.0"/>
    <link:loc xlink:type="locator" xlink:href="../../../../full_ifrs-cor_2014-03-05.xsd#ifrs-full_OtherCashPaymentsFromOperatingActivities" xlink:label="OtherCashPaymentsFromOperatingActivities"/>
    <link:definitionArc xlink:type="arc" xlink:arcrole="http://xbrl.org/int/dim/arcrole/domain-member" xlink:from="ClassesOfCashPaymentsAbstract" xlink:to="OtherCashPaymentsFromOperatingActivities" order="6.0"/>
    <link:loc xlink:type="locator" xlink:href="../../../../full_ifrs-cor_2014-03-05.xsd#ifrs-full_CashFlowsFromUsedInOperatingActivities" xlink:label="CashFlowsFromUsedInOperatingActivities"/>
    <link:definitionArc xlink:type="arc" xlink:arcrole="http://xbrl.org/int/dim/arcrole/domain-member" xlink:from="CashFlowsFromUsedInOperatingActivitiesAbstract" xlink:to="CashFlowsFromUsedInOperatingActivities" order="10.0"/>
    <link:loc xlink:type="locator" xlink:href="../../../../full_ifrs-cor_2014-03-05.xsd#ifrs-full_ClassesOfCashReceiptsFromOperatingActivitiesAbstract" xlink:label="ClassesOfCashReceiptsFromOperatingActivitiesAbstract"/>
    <link:definitionArc xlink:type="arc" xlink:arcrole="http://xbrl.org/int/dim/arcrole/domain-member" xlink:from="CashFlowsFromUsedInOperatingActivitiesAbstract" xlink:to="ClassesOfCashReceiptsFromOperatingActivitiesAbstract" order="1.0"/>
    <link:loc xlink:type="locator" xlink:href="../../../../full_ifrs-cor_2014-03-05.xsd#ifrs-full_ReceiptsFromSalesOfGoodsAndRenderingOfServices" xlink:label="ReceiptsFromSalesOfGoodsAndRenderingOfServices"/>
    <link:definitionArc xlink:type="arc" xlink:arcrole="http://xbrl.org/int/dim/arcrole/domain-member" xlink:from="ClassesOfCashReceiptsFromOperatingActivitiesAbstract" xlink:to="ReceiptsFromSalesOfGoodsAndRenderingOfServices" order="1.0"/>
    <link:loc xlink:type="locator" xlink:href="../../../../full_ifrs-cor_2014-03-05.xsd#ifrs-full_ReceiptsFromRoyaltiesFeesCommissionsAndOtherRevenue" xlink:label="ReceiptsFromRoyaltiesFeesCommissionsAndOtherRevenue"/>
    <link:definitionArc xlink:type="arc" xlink:arcrole="http://xbrl.org/int/dim/arcrole/domain-member" xlink:from="ClassesOfCashReceiptsFromOperatingActivitiesAbstract" xlink:to="ReceiptsFromRoyaltiesFeesCommissionsAndOtherRevenue" order="2.0"/>
    <link:loc xlink:type="locator" xlink:href="../../../../full_ifrs-cor_2014-03-05.xsd#ifrs-full_ReceiptsFromContractsHeldForDealingOrTradingPurpose" xlink:label="ReceiptsFromContractsHeldForDealingOrTradingPurpose"/>
    <link:definitionArc xlink:type="arc" xlink:arcrole="http://xbrl.org/int/dim/arcrole/domain-member" xlink:from="ClassesOfCashReceiptsFromOperatingActivitiesAbstract" xlink:to="ReceiptsFromContractsHeldForDealingOrTradingPurpose" order="3.0"/>
    <link:loc xlink:type="locator" xlink:href="../../../../full_ifrs-cor_2014-03-05.xsd#ifrs-full_ReceiptsFromPremiumsAndClaimsAnnuitiesAndOtherPolicyBenefits" xlink:label="ReceiptsFromPremiumsAndClaimsAnnuitiesAndOtherPolicyBenefits"/>
    <link:definitionArc xlink:type="arc" xlink:arcrole="http://xbrl.org/int/dim/arcrole/domain-member" xlink:from="ClassesOfCashReceiptsFromOperatingActivitiesAbstract" xlink:to="ReceiptsFromPremiumsAndClaimsAnnuitiesAndOtherPolicyBenefits" order="4.0"/>
    <link:loc xlink:type="locator" xlink:href="../../../../full_ifrs-cor_2014-03-05.xsd#ifrs-full_ReceiptsFromRentsAndSubsequentSalesOfSuchAssets" xlink:label="ReceiptsFromRentsAndSubsequentSalesOfSuchAssets"/>
    <link:definitionArc xlink:type="arc" xlink:arcrole="http://xbrl.org/int/dim/arcrole/domain-member" xlink:from="ClassesOfCashReceiptsFromOperatingActivitiesAbstract" xlink:to="ReceiptsFromRentsAndSubsequentSalesOfSuchAssets" order="5.0"/>
    <link:loc xlink:type="locator" xlink:href="../../../../full_ifrs-cor_2014-03-05.xsd#ifrs-full_OtherCashReceiptsFromOperatingActivities" xlink:label="OtherCashReceiptsFromOperatingActivities"/>
    <link:definitionArc xlink:type="arc" xlink:arcrole="http://xbrl.org/int/dim/arcrole/domain-member" xlink:from="ClassesOfCashReceiptsFromOperatingActivitiesAbstract" xlink:to="OtherCashReceiptsFromOperatingActivities" order="6.0"/>
    <link:loc xlink:type="locator" xlink:href="../../../../full_ifrs-cor_2014-03-05.xsd#ifrs-full_CashFlowsFromUsedInOperations" xlink:label="CashFlowsFromUsedInOperations"/>
    <link:definitionArc xlink:type="arc" xlink:arcrole="http://xbrl.org/int/dim/arcrole/domain-member" xlink:from="CashFlowsFromUsedInOperatingActivitiesAbstract" xlink:to="CashFlowsFromUsedInOperations" order="3.0"/>
    <link:loc xlink:type="locator" xlink:href="../../../../full_ifrs-cor_2014-03-05.xsd#ifrs-full_DividendsPaidClassifiedAsOperatingActivities" xlink:label="DividendsPaidClassifiedAsOperatingActivities"/>
    <link:definitionArc xlink:type="arc" xlink:arcrole="http://xbrl.org/int/dim/arcrole/domain-member" xlink:from="CashFlowsFromUsedInOperatingActivitiesAbstract" xlink:to="DividendsPaidClassifiedAsOperatingActivities" order="4.0"/>
    <link:loc xlink:type="locator" xlink:href="../../../../full_ifrs-cor_2014-03-05.xsd#ifrs-full_DividendsReceivedClassifiedAsOperatingActivities" xlink:label="DividendsReceivedClassifiedAsOperatingActivities"/>
    <link:definitionArc xlink:type="arc" xlink:arcrole="http://xbrl.org/int/dim/arcrole/domain-member" xlink:from="CashFlowsFromUsedInOperatingActivitiesAbstract" xlink:to="DividendsReceivedClassifiedAsOperatingActivities" order="5.0"/>
    <link:loc xlink:type="locator" xlink:href="../../../../full_ifrs-cor_2014-03-05.xsd#ifrs-full_InterestPaidClassifiedAsOperatingActivities" xlink:label="InterestPaidClassifiedAsOperatingActivities"/>
    <link:definitionArc xlink:type="arc" xlink:arcrole="http://xbrl.org/int/dim/arcrole/domain-member" xlink:from="CashFlowsFromUsedInOperatingActivitiesAbstract" xlink:to="InterestPaidClassifiedAsOperatingActivities" order="6.0"/>
    <link:loc xlink:type="locator" xlink:href="../../../../full_ifrs-cor_2014-03-05.xsd#ifrs-full_InterestReceivedClassifiedAsOperatingActivities" xlink:label="InterestReceivedClassifiedAsOperatingActivities"/>
    <link:definitionArc xlink:type="arc" xlink:arcrole="http://xbrl.org/int/dim/arcrole/domain-member" xlink:from="CashFlowsFromUsedInOperatingActivitiesAbstract" xlink:to="InterestReceivedClassifiedAsOperatingActivities" order="7.0"/>
    <link:loc xlink:type="locator" xlink:href="../../../../full_ifrs-cor_2014-03-05.xsd#ifrs-full_IncomeTaxesPaidRefundClassifiedAsOperatingActivities" xlink:label="IncomeTaxesPaidRefundClassifiedAsOperatingActivities"/>
    <link:definitionArc xlink:type="arc" xlink:arcrole="http://xbrl.org/int/dim/arcrole/domain-member" xlink:from="CashFlowsFromUsedInOperatingActivitiesAbstract" xlink:to="IncomeTaxesPaidRefundClassifiedAsOperatingActivities" order="8.0"/>
    <link:loc xlink:type="locator" xlink:href="../../../../full_ifrs-cor_2014-03-05.xsd#ifrs-full_OtherInflowsOutflowsOfCashClassifiedAsOperatingActivities" xlink:label="OtherInflowsOutflowsOfCashClassifiedAsOperatingActivities"/>
    <link:definitionArc xlink:type="arc" xlink:arcrole="http://xbrl.org/int/dim/arcrole/domain-member" xlink:from="CashFlowsFromUsedInOperatingActivitiesAbstract" xlink:to="OtherInflowsOutflowsOfCashClassifiedAsOperatingActivities" order="9.0"/>
    <link:loc xlink:type="locator" xlink:href="../../ifrs-dk-cor_2014-12-20.xsd#ifrs-dk_DetailsOnOtherComponentsOfCashFlowsFromUsedInOperatingActivitiesAbstract" xlink:label="DetailsOnOtherComponentsOfCashFlowsFromUsedInOperatingActivitiesAbstract" xlink:title="DetailsOnOtherComponentsOfCashFlowsFromUsedInOperatingActivitiesAbstract"/>
    <link:definitionArc xlink:type="arc" xlink:arcrole="http://xbrl.org/int/dim/arcrole/domain-member" xlink:from="OtherInflowsOutflowsOfCashClassifiedAsOperatingActivities" xlink:to="DetailsOnOtherComponentsOfCashFlowsFromUsedInOperatingActivitiesAbstract" xlink:title="definition: OtherInflowsOutflowsOfCashClassifiedAsOperatingActivities to DetailsOnOtherComponentsOfCashFlowsFromUsedInOperatingActivitiesAbstract" order="1.0" xbrldt:targetRole="http://xbrl.dcca.dk/role/510.00/StatementOfCashFlowsDirectMethod/Details"/>
    <link:loc xlink:type="locator" xlink:href="../../ifrs-dk-cor_2014-12-20.xsd#ifrs-dk_AdjustmentsForDecreaseIncreaseInWorkingCapitalAbstract" xlink:label="AdjustmentsForDecreaseIncreaseInWorkingCapitalAbstract" xlink:title="AdjustmentsForDecreaseIncreaseInWorkingCapitalAbstract"/>
    <link:definitionArc xlink:type="arc" xlink:arcrole="http://xbrl.org/int/dim/arcrole/domain-member" xlink:from="CashFlowsFromUsedInOperatingActivitiesAbstract" xlink:to="AdjustmentsForDecreaseIncreaseInWorkingCapitalAbstract" xlink:title="definition: CashFlowsFromUsedInOperatingActivitiesAbstract to AdjustmentsForDecreaseIncreaseInWorkingCapitalAbstract" order="2.5"/>
    <link:loc xlink:type="locator" xlink:href="../../ifrs-dk-cor_2014-12-20.xsd#ifrs-dk_AdjustmentsForDecreaseIncreaseInWorkingCapital" xlink:label="AdjustmentsForDecreaseIncreaseInWorkingCapital" xlink:title="AdjustmentsForDecreaseIncreaseInWorkingCapital"/>
    <link:definitionArc xlink:type="arc" xlink:arcrole="http://xbrl.org/int/dim/arcrole/domain-member" xlink:from="AdjustmentsForDecreaseIncreaseInWorkingCapitalAbstract" xlink:to="AdjustmentsForDecreaseIncreaseInWorkingCapital" xlink:title="definition: AdjustmentsForDecreaseIncreaseInWorkingCapitalAbstract to AdjustmentsForDecreaseIncreaseInWorkingCapital" order="5.0"/>
    <link:loc xlink:type="locator" xlink:href="../../ifrs-dk-cor_2014-12-20.xsd#ifrs-dk_DecreaseIncreaseInInventories" xlink:label="DecreaseIncreaseInInventories" xlink:title="DecreaseIncreaseInInventories"/>
    <link:definitionArc xlink:type="arc" xlink:arcrole="http://xbrl.org/int/dim/arcrole/domain-member" xlink:from="AdjustmentsForDecreaseIncreaseInWorkingCapitalAbstract" xlink:to="DecreaseIncreaseInInventories" xlink:title="definition: AdjustmentsForDecreaseIncreaseInWorkingCapitalAbstract to DecreaseIncreaseInInventories" order="1.0"/>
    <link:loc xlink:type="locator" xlink:href="../../ifrs-dk-cor_2014-12-20.xsd#ifrs-dk_DecreaseIncreaseInReceivables" xlink:label="DecreaseIncreaseInReceivables" xlink:title="DecreaseIncreaseInReceivables"/>
    <link:definitionArc xlink:type="arc" xlink:arcrole="http://xbrl.org/int/dim/arcrole/domain-member" xlink:from="AdjustmentsForDecreaseIncreaseInWorkingCapitalAbstract" xlink:to="DecreaseIncreaseInReceivables" xlink:title="definition: AdjustmentsForDecreaseIncreaseInWorkingCapitalAbstract to DecreaseIncreaseInReceivables" order="2.0"/>
    <link:loc xlink:type="locator" xlink:href="../../ifrs-dk-cor_2014-12-20.xsd#ifrs-dk_DecreaseIncreaseInTradePayables" xlink:label="DecreaseIncreaseInTradePayables" xlink:title="DecreaseIncreaseInTradePayables"/>
    <link:definitionArc xlink:type="arc" xlink:arcrole="http://xbrl.org/int/dim/arcrole/domain-member" xlink:from="AdjustmentsForDecreaseIncreaseInWorkingCapitalAbstract" xlink:to="DecreaseIncreaseInTradePayables" xlink:title="definition: AdjustmentsForDecreaseIncreaseInWorkingCapitalAbstract to DecreaseIncreaseInTradePayables" order="3.0"/>
    <link:loc xlink:type="locator" xlink:href="../../ifrs-dk-cor_2014-12-20.xsd#ifrs-dk_OtherAdjustmentsForDecreaseIncreaseInWorkingCapital" xlink:label="OtherAdjustmentsForDecreaseIncreaseInWorkingCapital" xlink:title="OtherAdjustmentsForDecreaseIncreaseInWorkingCapital"/>
    <link:definitionArc xlink:type="arc" xlink:arcrole="http://xbrl.org/int/dim/arcrole/domain-member" xlink:from="AdjustmentsForDecreaseIncreaseInWorkingCapitalAbstract" xlink:to="OtherAdjustmentsForDecreaseIncreaseInWorkingCapital" xlink:title="definition: AdjustmentsForDecreaseIncreaseInWorkingCapitalAbstract to OtherAdjustmentsForDecreaseIncreaseInWorkingCapital" order="4.0"/>
    <link:loc xlink:type="locator" xlink:href="../../../../full_ifrs-cor_2014-03-05.xsd#ifrs-full_CashFlowsFromUsedInInvestingActivitiesAbstract" xlink:label="CashFlowsFromUsedInInvestingActivitiesAbstract"/>
    <link:definitionArc xlink:type="arc" xlink:arcrole="http://xbrl.org/int/dim/arcrole/domain-member" xlink:from="StatementOfCashFlowsAbstract" xlink:to="CashFlowsFromUsedInInvestingActivitiesAbstract" order="2.0"/>
    <link:loc xlink:type="locator" xlink:href="../../../../full_ifrs-cor_2014-03-05.xsd#ifrs-full_CashFlowsFromUsedInInvestingActivities" xlink:label="CashFlowsFromUsedInInvestingActivities"/>
    <link:definitionArc xlink:type="arc" xlink:arcrole="http://xbrl.org/int/dim/arcrole/domain-member" xlink:from="CashFlowsFromUsedInInvestingActivitiesAbstract" xlink:to="CashFlowsFromUsedInInvestingActivities" order="28.0"/>
    <link:loc xlink:type="locator" xlink:href="../../../../full_ifrs-cor_2014-03-05.xsd#ifrs-full_CashFlowsFromLosingControlOfSubsidiariesOrOtherBusinessesClassifiedAsInvestingActivities" xlink:label="CashFlowsFromLosingControlOfSubsidiariesOrOtherBusinessesClassifiedAsInvestingActivities"/>
    <link:definitionArc xlink:type="arc" xlink:arcrole="http://xbrl.org/int/dim/arcrole/domain-member" xlink:from="CashFlowsFromUsedInInvestingActivitiesAbstract" xlink:to="CashFlowsFromLosingControlOfSubsidiariesOrOtherBusinessesClassifiedAsInvestingActivities" order="1.0"/>
    <link:loc xlink:type="locator" xlink:href="../../../../full_ifrs-cor_2014-03-05.xsd#ifrs-full_CashFlowsUsedInObtainingControlOfSubsidiariesOrOtherBusinessesClassifiedAsInvestingActivities" xlink:label="CashFlowsUsedInObtainingControlOfSubsidiariesOrOtherBusinessesClassifiedAsInvestingActivities"/>
    <link:definitionArc xlink:type="arc" xlink:arcrole="http://xbrl.org/int/dim/arcrole/domain-member" xlink:from="CashFlowsFromUsedInInvestingActivitiesAbstract" xlink:to="CashFlowsUsedInObtainingControlOfSubsidiariesOrOtherBusinessesClassifiedAsInvestingActivities" order="2.0"/>
    <link:loc xlink:type="locator" xlink:href="../../../../full_ifrs-cor_2014-03-05.xsd#ifrs-full_OtherCashReceiptsFromSalesOfEquityOrDebtInstrumentsOfOtherEntitiesClassifiedAsInvestingActivities" xlink:label="OtherCashReceiptsFromSalesOfEquityOrDebtInstrumentsOfOtherEntitiesClassifiedAsInvestingActivities"/>
    <link:definitionArc xlink:type="arc" xlink:arcrole="http://xbrl.org/int/dim/arcrole/domain-member" xlink:from="CashFlowsFromUsedInInvestingActivitiesAbstract" xlink:to="OtherCashReceiptsFromSalesOfEquityOrDebtInstrumentsOfOtherEntitiesClassifiedAsInvestingActivities" order="3.0"/>
    <link:loc xlink:type="locator" xlink:href="../../../../full_ifrs-cor_2014-03-05.xsd#ifrs-full_OtherCashPaymentsToAcquireEquityOrDebtInstrumentsOfOtherEntitiesClassifiedAsInvestingActivities" xlink:label="OtherCashPaymentsToAcquireEquityOrDebtInstrumentsOfOtherEntitiesClassifiedAsInvestingActivities"/>
    <link:definitionArc xlink:type="arc" xlink:arcrole="http://xbrl.org/int/dim/arcrole/domain-member" xlink:from="CashFlowsFromUsedInInvestingActivitiesAbstract" xlink:to="OtherCashPaymentsToAcquireEquityOrDebtInstrumentsOfOtherEntitiesClassifiedAsInvestingActivities" order="4.0"/>
    <link:loc xlink:type="locator" xlink:href="../../../../full_ifrs-cor_2014-03-05.xsd#ifrs-full_OtherCashReceiptsFromSalesOfInterestsInJointVenturesClassifiedAsInvestingActivities" xlink:label="OtherCashReceiptsFromSalesOfInterestsInJointVenturesClassifiedAsInvestingActivities"/>
    <link:definitionArc xlink:type="arc" xlink:arcrole="http://xbrl.org/int/dim/arcrole/domain-member" xlink:from="CashFlowsFromUsedInInvestingActivitiesAbstract" xlink:to="OtherCashReceiptsFromSalesOfInterestsInJointVenturesClassifiedAsInvestingActivities" order="5.0"/>
    <link:loc xlink:type="locator" xlink:href="../../../../full_ifrs-cor_2014-03-05.xsd#ifrs-full_OtherCashPaymentsToAcquireInterestsInJointVenturesClassifiedAsInvestingActivities" xlink:label="OtherCashPaymentsToAcquireInterestsInJointVenturesClassifiedAsInvestingActivities"/>
    <link:definitionArc xlink:type="arc" xlink:arcrole="http://xbrl.org/int/dim/arcrole/domain-member" xlink:from="CashFlowsFromUsedInInvestingActivitiesAbstract" xlink:to="OtherCashPaymentsToAcquireInterestsInJointVenturesClassifiedAsInvestingActivities" order="6.0"/>
    <link:loc xlink:type="locator" xlink:href="../../../../full_ifrs-cor_2014-03-05.xsd#ifrs-full_ProceedsFromSalesOfPropertyPlantAndEquipmentClassifiedAsInvestingActivities" xlink:label="ProceedsFromSalesOfPropertyPlantAndEquipmentClassifiedAsInvestingActivities"/>
    <link:definitionArc xlink:type="arc" xlink:arcrole="http://xbrl.org/int/dim/arcrole/domain-member" xlink:from="CashFlowsFromUsedInInvestingActivitiesAbstract" xlink:to="ProceedsFromSalesOfPropertyPlantAndEquipmentClassifiedAsInvestingActivities" order="7.0"/>
    <link:loc xlink:type="locator" xlink:href="../../../../full_ifrs-cor_2014-03-05.xsd#ifrs-full_PurchaseOfPropertyPlantAndEquipmentClassifiedAsInvestingActivities" xlink:label="PurchaseOfPropertyPlantAndEquipmentClassifiedAsInvestingActivities"/>
    <link:definitionArc xlink:type="arc" xlink:arcrole="http://xbrl.org/int/dim/arcrole/domain-member" xlink:from="CashFlowsFromUsedInInvestingActivitiesAbstract" xlink:to="PurchaseOfPropertyPlantAndEquipmentClassifiedAsInvestingActivities" order="8.0"/>
    <link:loc xlink:type="locator" xlink:href="../../../../full_ifrs-cor_2014-03-05.xsd#ifrs-full_ProceedsFromSalesOfIntangibleAssetsClassifiedAsInvestingActivities" xlink:label="ProceedsFromSalesOfIntangibleAssetsClassifiedAsInvestingActivities"/>
    <link:definitionArc xlink:type="arc" xlink:arcrole="http://xbrl.org/int/dim/arcrole/domain-member" xlink:from="CashFlowsFromUsedInInvestingActivitiesAbstract" xlink:to="ProceedsFromSalesOfIntangibleAssetsClassifiedAsInvestingActivities" order="9.0"/>
    <link:loc xlink:type="locator" xlink:href="../../../../full_ifrs-cor_2014-03-05.xsd#ifrs-full_PurchaseOfIntangibleAssetsClassifiedAsInvestingActivities" xlink:label="PurchaseOfIntangibleAssetsClassifiedAsInvestingActivities"/>
    <link:definitionArc xlink:type="arc" xlink:arcrole="http://xbrl.org/int/dim/arcrole/domain-member" xlink:from="CashFlowsFromUsedInInvestingActivitiesAbstract" xlink:to="PurchaseOfIntangibleAssetsClassifiedAsInvestingActivities" order="10.0"/>
    <link:loc xlink:type="locator" xlink:href="../../../../full_ifrs-cor_2014-03-05.xsd#ifrs-full_ProceedsFromOtherLongtermAssetsClassifiedAsInvestingActivities" xlink:label="ProceedsFromOtherLongtermAssetsClassifiedAsInvestingActivities"/>
    <link:definitionArc xlink:type="arc" xlink:arcrole="http://xbrl.org/int/dim/arcrole/domain-member" xlink:from="CashFlowsFromUsedInInvestingActivitiesAbstract" xlink:to="ProceedsFromOtherLongtermAssetsClassifiedAsInvestingActivities" order="11.0"/>
    <link:loc xlink:type="locator" xlink:href="../../../../full_ifrs-cor_2014-03-05.xsd#ifrs-full_PurchaseOfOtherLongtermAssetsClassifiedAsInvestingActivities" xlink:label="PurchaseOfOtherLongtermAssetsClassifiedAsInvestingActivities"/>
    <link:definitionArc xlink:type="arc" xlink:arcrole="http://xbrl.org/int/dim/arcrole/domain-member" xlink:from="CashFlowsFromUsedInInvestingActivitiesAbstract" xlink:to="PurchaseOfOtherLongtermAssetsClassifiedAsInvestingActivities" order="12.0"/>
    <link:loc xlink:type="locator" xlink:href="../../ifrs-dk-cor_2014-12-20.xsd#ifrs-dk_ProceedsFromSalesOfFinancialAssetsClassifiedAsInvestingActivities" xlink:label="ProceedsFromSalesOfFinancialAssetsClassifiedAsInvestingActivities"/>
    <link:definitionArc xlink:type="arc" xlink:arcrole="http://xbrl.org/int/dim/arcrole/domain-member" xlink:from="CashFlowsFromUsedInInvestingActivitiesAbstract" xlink:to="ProceedsFromSalesOfFinancialAssetsClassifiedAsInvestingActivities" order="13.0"/>
    <link:loc xlink:type="locator" xlink:href="../../../../full_ifrs-cor_2014-03-05.xsd#ifrs-full_ProceedsFromGovernmentGrantsClassifiedAsInvestingActivities" xlink:label="ProceedsFromGovernmentGrantsClassifiedAsInvestingActivities"/>
    <link:definitionArc xlink:type="arc" xlink:arcrole="http://xbrl.org/int/dim/arcrole/domain-member" xlink:from="CashFlowsFromUsedInInvestingActivitiesAbstract" xlink:to="ProceedsFromGovernmentGrantsClassifiedAsInvestingActivities" order="17.0"/>
    <link:loc xlink:type="locator" xlink:href="../../ifrs-dk-cor_2014-12-20.xsd#ifrs-dk_AdjustmentsForDecreaseIncreaseInFinancialReceivables" xlink:label="AdjustmentsForDecreaseIncreaseInFinancialReceivables"/>
    <link:definitionArc xlink:type="arc" xlink:arcrole="http://xbrl.org/int/dim/arcrole/domain-member" xlink:from="CashFlowsFromUsedInInvestingActivitiesAbstract" xlink:to="AdjustmentsForDecreaseIncreaseInFinancialReceivables" order="18.0"/>
    <link:loc xlink:type="locator" xlink:href="../../../../full_ifrs-cor_2014-03-05.xsd#ifrs-full_CashAdvancesAndLoansMadeToOtherPartiesClassifiedAsInvestingActivities" xlink:label="CashAdvancesAndLoansMadeToOtherPartiesClassifiedAsInvestingActivities"/>
    <link:definitionArc xlink:type="arc" xlink:arcrole="http://xbrl.org/int/dim/arcrole/domain-member" xlink:from="CashFlowsFromUsedInInvestingActivitiesAbstract" xlink:to="CashAdvancesAndLoansMadeToOtherPartiesClassifiedAsInvestingActivities" order="19.0"/>
    <link:loc xlink:type="locator" xlink:href="../../../../full_ifrs-cor_2014-03-05.xsd#ifrs-full_CashReceiptsFromRepaymentOfAdvancesAndLoansMadeToOtherPartiesClassifiedAsInvestingActivities" xlink:label="CashReceiptsFromRepaymentOfAdvancesAndLoansMadeToOtherPartiesClassifiedAsInvestingActivities"/>
    <link:definitionArc xlink:type="arc" xlink:arcrole="http://xbrl.org/int/dim/arcrole/domain-member" xlink:from="CashFlowsFromUsedInInvestingActivitiesAbstract" xlink:to="CashReceiptsFromRepaymentOfAdvancesAndLoansMadeToOtherPartiesClassifiedAsInvestingActivities" order="20.0"/>
    <link:loc xlink:type="locator" xlink:href="../../../../full_ifrs-cor_2014-03-05.xsd#ifrs-full_CashPaymentsForFutureContractsForwardContractsOptionContractsAndSwapContractsClassifiedAsInvestingActivities" xlink:label="CashPaymentsForFutureContractsForwardContractsOptionContractsAndSwapContractsClassifiedAsInvestingActivities"/>
    <link:definitionArc xlink:type="arc" xlink:arcrole="http://xbrl.org/int/dim/arcrole/domain-member" xlink:from="CashFlowsFromUsedInInvestingActivitiesAbstract" xlink:to="CashPaymentsForFutureContractsForwardContractsOptionContractsAndSwapContractsClassifiedAsInvestingActivities" order="21.0"/>
    <link:loc xlink:type="locator" xlink:href="../../../../full_ifrs-cor_2014-03-05.xsd#ifrs-full_CashReceiptsFromFutureContractsForwardContractsOptionContractsAndSwapContractsClassifiedAsInvestingActivities" xlink:label="CashReceiptsFromFutureContractsForwardContractsOptionContractsAndSwapContractsClassifiedAsInvestingActivities"/>
    <link:definitionArc xlink:type="arc" xlink:arcrole="http://xbrl.org/int/dim/arcrole/domain-member" xlink:from="CashFlowsFromUsedInInvestingActivitiesAbstract" xlink:to="CashReceiptsFromFutureContractsForwardContractsOptionContractsAndSwapContractsClassifiedAsInvestingActivities" order="22.0"/>
    <link:loc xlink:type="locator" xlink:href="../../../../full_ifrs-cor_2014-03-05.xsd#ifrs-full_DividendsReceivedClassifiedAsInvestingActivities" xlink:label="DividendsReceivedClassifiedAsInvestingActivities"/>
    <link:definitionArc xlink:type="arc" xlink:arcrole="http://xbrl.org/int/dim/arcrole/domain-member" xlink:from="CashFlowsFromUsedInInvestingActivitiesAbstract" xlink:to="DividendsReceivedClassifiedAsInvestingActivities" order="23.0"/>
    <link:loc xlink:type="locator" xlink:href="../../../../full_ifrs-cor_2014-03-05.xsd#ifrs-full_InterestPaidClassifiedAsInvestingActivities" xlink:label="InterestPaidClassifiedAsInvestingActivities"/>
    <link:definitionArc xlink:type="arc" xlink:arcrole="http://xbrl.org/int/dim/arcrole/domain-member" xlink:from="CashFlowsFromUsedInInvestingActivitiesAbstract" xlink:to="InterestPaidClassifiedAsInvestingActivities" order="24.0"/>
    <link:loc xlink:type="locator" xlink:href="../../../../full_ifrs-cor_2014-03-05.xsd#ifrs-full_InterestReceivedClassifiedAsInvestingActivities" xlink:label="InterestReceivedClassifiedAsInvestingActivities"/>
    <link:definitionArc xlink:type="arc" xlink:arcrole="http://xbrl.org/int/dim/arcrole/domain-member" xlink:from="CashFlowsFromUsedInInvestingActivitiesAbstract" xlink:to="InterestReceivedClassifiedAsInvestingActivities" order="25.0"/>
    <link:loc xlink:type="locator" xlink:href="../../../../full_ifrs-cor_2014-03-05.xsd#ifrs-full_IncomeTaxesPaidRefundClassifiedAsInvestingActivities" xlink:label="IncomeTaxesPaidRefundClassifiedAsInvestingActivities"/>
    <link:definitionArc xlink:type="arc" xlink:arcrole="http://xbrl.org/int/dim/arcrole/domain-member" xlink:from="CashFlowsFromUsedInInvestingActivitiesAbstract" xlink:to="IncomeTaxesPaidRefundClassifiedAsInvestingActivities" order="26.0"/>
    <link:loc xlink:type="locator" xlink:href="../../../../full_ifrs-cor_2014-03-05.xsd#ifrs-full_OtherInflowsOutflowsOfCashClassifiedAsInvestingActivities" xlink:label="OtherInflowsOutflowsOfCashClassifiedAsInvestingActivities"/>
    <link:definitionArc xlink:type="arc" xlink:arcrole="http://xbrl.org/int/dim/arcrole/domain-member" xlink:from="CashFlowsFromUsedInInvestingActivitiesAbstract" xlink:to="OtherInflowsOutflowsOfCashClassifiedAsInvestingActivities" order="27.0"/>
    <link:loc xlink:type="locator" xlink:href="../../ifrs-dk-cor_2014-12-20.xsd#ifrs-dk_DetailsOnOtherComponentsOfCashFlowsFromUsedInInvestingActivitiesAbstract" xlink:label="DetailsOnOtherComponentsOfCashFlowsFromUsedInInvestingActivitiesAbstract" xlink:title="DetailsOnOtherComponentsOfCashFlowsFromUsedInInvestingActivitiesAbstract"/>
    <link:definitionArc xlink:type="arc" xlink:arcrole="http://xbrl.org/int/dim/arcrole/domain-member" xlink:from="OtherInflowsOutflowsOfCashClassifiedAsInvestingActivities" xlink:to="DetailsOnOtherComponentsOfCashFlowsFromUsedInInvestingActivitiesAbstract" xlink:title="definition: OtherInflowsOutflowsOfCashClassifiedAsInvestingActivities to DetailsOnOtherComponentsOfCashFlowsFromUsedInInvestingActivitiesAbstract" order="1.0" xbrldt:targetRole="http://xbrl.dcca.dk/role/510.00/StatementOfCashFlowsDirectMethod/Details"/>
    <link:loc xlink:type="locator" xlink:href="../../../../full_ifrs-cor_2014-03-05.xsd#ifrs-full_PurchaseOfFinancialInstrumentsClassifiedAsInvestingActivities" xlink:label="PurchaseOfFinancialInstrumentsClassifiedAsInvestingActivities" xlink:title="PurchaseOfFinancialInstrumentsClassifiedAsInvestingActivities"/>
    <link:definitionArc xlink:type="arc" xlink:arcrole="http://xbrl.org/int/dim/arcrole/domain-member" xlink:from="CashFlowsFromUsedInInvestingActivitiesAbstract" xlink:to="PurchaseOfFinancialInstrumentsClassifiedAsInvestingActivities" xlink:title="definition: CashFlowsFromUsedInInvestingActivitiesAbstract to PurchaseOfFinancialInstrumentsClassifiedAsInvestingActivities" order="14.0"/>
    <link:loc xlink:type="locator" xlink:href="../../../../full_ifrs-cor_2014-03-05.xsd#ifrs-full_PurchaseOfExplorationAndEvaluationAssets" xlink:label="PurchaseOfExplorationAndEvaluationAssets" xlink:title="PurchaseOfExplorationAndEvaluationAssets"/>
    <link:definitionArc xlink:type="arc" xlink:arcrole="http://xbrl.org/int/dim/arcrole/domain-member" xlink:from="CashFlowsFromUsedInInvestingActivitiesAbstract" xlink:to="PurchaseOfExplorationAndEvaluationAssets" xlink:title="definition: CashFlowsFromUsedInInvestingActivitiesAbstract to PurchaseOfExplorationAndEvaluationAssets" order="16.0"/>
    <link:loc xlink:type="locator" xlink:href="../../../../full_ifrs-cor_2014-03-05.xsd#ifrs-full_ProceedsFromDisposalOfExplorationAndEvaluationAssets" xlink:label="ProceedsFromDisposalOfExplorationAndEvaluationAssets" xlink:title="ProceedsFromDisposalOfExplorationAndEvaluationAssets"/>
    <link:definitionArc xlink:type="arc" xlink:arcrole="http://xbrl.org/int/dim/arcrole/domain-member" xlink:from="CashFlowsFromUsedInInvestingActivitiesAbstract" xlink:to="ProceedsFromDisposalOfExplorationAndEvaluationAssets" xlink:title="definition: CashFlowsFromUsedInInvestingActivitiesAbstract to ProceedsFromDisposalOfExplorationAndEvaluationAssets" order="15.0"/>
    <link:loc xlink:type="locator" xlink:href="../../ifrs-dk-cor_2014-12-20.xsd#ifrs-dk_IncreaseOfShareCapital" xlink:label="IncreaseOfShareCapital" xlink:title="IncreaseOfShareCapital"/>
    <link:definitionArc xlink:type="arc" xlink:arcrole="http://xbrl.org/int/dim/arcrole/domain-member" xlink:from="CashFlowsFromUsedInInvestingActivitiesAbstract" xlink:to="IncreaseOfShareCapital" xlink:title="definition: CashFlowsFromUsedInInvestingActivitiesAbstract to IncreaseOfShareCapital" order="6.5"/>
    <link:loc xlink:type="locator" xlink:href="../../ifrs-dk-cor_2014-12-20.xsd#ifrs-dk_LoansToSubsidiaries" xlink:label="LoansToSubsidiaries" xlink:title="LoansToSubsidiaries"/>
    <link:definitionArc xlink:type="arc" xlink:arcrole="http://xbrl.org/int/dim/arcrole/domain-member" xlink:from="CashFlowsFromUsedInInvestingActivitiesAbstract" xlink:to="LoansToSubsidiaries" xlink:title="definition: CashFlowsFromUsedInInvestingActivitiesAbstract to LoansToSubsidiaries" order="19.5"/>
    <link:loc xlink:type="locator" xlink:href="../../../../full_ifrs-cor_2014-03-05.xsd#ifrs-full_CashFlowsFromUsedInFinancingActivitiesAbstract" xlink:label="CashFlowsFromUsedInFinancingActivitiesAbstract"/>
    <link:definitionArc xlink:type="arc" xlink:arcrole="http://xbrl.org/int/dim/arcrole/domain-member" xlink:from="StatementOfCashFlowsAbstract" xlink:to="CashFlowsFromUsedInFinancingActivitiesAbstract" order="3.0"/>
    <link:loc xlink:type="locator" xlink:href="../../../../full_ifrs-cor_2014-03-05.xsd#ifrs-full_CashFlowsFromUsedInFinancingActivities" xlink:label="CashFlowsFromUsedInFinancingActivities"/>
    <link:definitionArc xlink:type="arc" xlink:arcrole="http://xbrl.org/int/dim/arcrole/domain-member" xlink:from="CashFlowsFromUsedInFinancingActivitiesAbstract" xlink:to="CashFlowsFromUsedInFinancingActivities" order="22.0"/>
    <link:loc xlink:type="locator" xlink:href="../../../../full_ifrs-cor_2014-03-05.xsd#ifrs-full_ProceedsFromChangesInOwnershipInterestsInSubsidiaries" xlink:label="ProceedsFromChangesInOwnershipInterestsInSubsidiaries"/>
    <link:definitionArc xlink:type="arc" xlink:arcrole="http://xbrl.org/int/dim/arcrole/domain-member" xlink:from="CashFlowsFromUsedInFinancingActivitiesAbstract" xlink:to="ProceedsFromChangesInOwnershipInterestsInSubsidiaries" order="1.0"/>
    <link:loc xlink:type="locator" xlink:href="../../../../full_ifrs-cor_2014-03-05.xsd#ifrs-full_PaymentsFromChangesInOwnershipInterestsInSubsidiaries" xlink:label="PaymentsFromChangesInOwnershipInterestsInSubsidiaries"/>
    <link:definitionArc xlink:type="arc" xlink:arcrole="http://xbrl.org/int/dim/arcrole/domain-member" xlink:from="CashFlowsFromUsedInFinancingActivitiesAbstract" xlink:to="PaymentsFromChangesInOwnershipInterestsInSubsidiaries" order="2.0"/>
    <link:loc xlink:type="locator" xlink:href="../../../../full_ifrs-cor_2014-03-05.xsd#ifrs-full_ProceedsFromIssuingShares" xlink:label="ProceedsFromIssuingShares"/>
    <link:definitionArc xlink:type="arc" xlink:arcrole="http://xbrl.org/int/dim/arcrole/domain-member" xlink:from="CashFlowsFromUsedInFinancingActivitiesAbstract" xlink:to="ProceedsFromIssuingShares" order="3.0"/>
    <link:loc xlink:type="locator" xlink:href="../../../../full_ifrs-cor_2014-03-05.xsd#ifrs-full_ProceedsFromIssuingOtherEquityInstruments" xlink:label="ProceedsFromIssuingOtherEquityInstruments"/>
    <link:definitionArc xlink:type="arc" xlink:arcrole="http://xbrl.org/int/dim/arcrole/domain-member" xlink:from="CashFlowsFromUsedInFinancingActivitiesAbstract" xlink:to="ProceedsFromIssuingOtherEquityInstruments" order="4.0"/>
    <link:loc xlink:type="locator" xlink:href="../../../../full_ifrs-cor_2014-03-05.xsd#ifrs-full_PaymentsToAcquireOrRedeemEntitysShares" xlink:label="PaymentsToAcquireOrRedeemEntitysShares"/>
    <link:definitionArc xlink:type="arc" xlink:arcrole="http://xbrl.org/int/dim/arcrole/domain-member" xlink:from="CashFlowsFromUsedInFinancingActivitiesAbstract" xlink:to="PaymentsToAcquireOrRedeemEntitysShares" order="5.0"/>
    <link:loc xlink:type="locator" xlink:href="../../../../full_ifrs-cor_2014-03-05.xsd#ifrs-full_PaymentsOfOtherEquityInstruments" xlink:label="PaymentsOfOtherEquityInstruments"/>
    <link:definitionArc xlink:type="arc" xlink:arcrole="http://xbrl.org/int/dim/arcrole/domain-member" xlink:from="CashFlowsFromUsedInFinancingActivitiesAbstract" xlink:to="PaymentsOfOtherEquityInstruments" order="6.0"/>
    <link:loc xlink:type="locator" xlink:href="../../ifrs-dk-cor_2014-12-20.xsd#ifrs-dk_ProceedsFromSalesOfCompanyAssets" xlink:label="ProceedsFromSalesOfCompanyAssets"/>
    <link:definitionArc xlink:type="arc" xlink:arcrole="http://xbrl.org/int/dim/arcrole/domain-member" xlink:from="CashFlowsFromUsedInFinancingActivitiesAbstract" xlink:to="ProceedsFromSalesOfCompanyAssets" order="7.0"/>
    <link:loc xlink:type="locator" xlink:href="../../ifrs-dk-cor_2014-12-20.xsd#ifrs-dk_PurchaseSaleOfTreasuryAssets" xlink:label="PurchaseSaleOfTreasuryAssets"/>
    <link:definitionArc xlink:type="arc" xlink:arcrole="http://xbrl.org/int/dim/arcrole/domain-member" xlink:from="CashFlowsFromUsedInFinancingActivitiesAbstract" xlink:to="PurchaseSaleOfTreasuryAssets" order="8.0"/>
    <link:loc xlink:type="locator" xlink:href="../../ifrs-dk-cor_2014-12-20.xsd#ifrs-dk_ProceedsFromSaleOfWarrants" xlink:label="ProceedsFromSaleOfWarrants"/>
    <link:definitionArc xlink:type="arc" xlink:arcrole="http://xbrl.org/int/dim/arcrole/domain-member" xlink:from="CashFlowsFromUsedInFinancingActivitiesAbstract" xlink:to="ProceedsFromSaleOfWarrants" order="9.0"/>
    <link:loc xlink:type="locator" xlink:href="../../ifrs-dk-cor_2014-12-20.xsd#ifrs-dk_IssuanceCost" xlink:label="IssuanceCost"/>
    <link:definitionArc xlink:type="arc" xlink:arcrole="http://xbrl.org/int/dim/arcrole/domain-member" xlink:from="CashFlowsFromUsedInFinancingActivitiesAbstract" xlink:to="IssuanceCost" order="10.0"/>
    <link:loc xlink:type="locator" xlink:href="../../ifrs-dk-cor_2014-12-20.xsd#ifrs-dk_EmployeeBonds" xlink:label="EmployeeBonds"/>
    <link:definitionArc xlink:type="arc" xlink:arcrole="http://xbrl.org/int/dim/arcrole/domain-member" xlink:from="CashFlowsFromUsedInFinancingActivitiesAbstract" xlink:to="EmployeeBonds" order="11.0"/>
    <link:loc xlink:type="locator" xlink:href="../../../../full_ifrs-cor_2014-03-05.xsd#ifrs-full_ProceedsFromBorrowingsClassifiedAsFinancingActivities" xlink:label="ProceedsFromBorrowingsClassifiedAsFinancingActivities"/>
    <link:definitionArc xlink:type="arc" xlink:arcrole="http://xbrl.org/int/dim/arcrole/domain-member" xlink:from="CashFlowsFromUsedInFinancingActivitiesAbstract" xlink:to="ProceedsFromBorrowingsClassifiedAsFinancingActivities" order="12.0"/>
    <link:loc xlink:type="locator" xlink:href="../../../../full_ifrs-cor_2014-03-05.xsd#ifrs-full_RepaymentsOfBorrowingsClassifiedAsFinancingActivities" xlink:label="RepaymentsOfBorrowingsClassifiedAsFinancingActivities"/>
    <link:definitionArc xlink:type="arc" xlink:arcrole="http://xbrl.org/int/dim/arcrole/domain-member" xlink:from="CashFlowsFromUsedInFinancingActivitiesAbstract" xlink:to="RepaymentsOfBorrowingsClassifiedAsFinancingActivities" order="13.0"/>
    <link:loc xlink:type="locator" xlink:href="../../../../full_ifrs-cor_2014-03-05.xsd#ifrs-full_PaymentsOfFinanceLeaseLiabilitiesClassifiedAsFinancingActivities" xlink:label="PaymentsOfFinanceLeaseLiabilitiesClassifiedAsFinancingActivities"/>
    <link:definitionArc xlink:type="arc" xlink:arcrole="http://xbrl.org/int/dim/arcrole/domain-member" xlink:from="CashFlowsFromUsedInFinancingActivitiesAbstract" xlink:to="PaymentsOfFinanceLeaseLiabilitiesClassifiedAsFinancingActivities" order="14.0"/>
    <link:loc xlink:type="locator" xlink:href="../../../../full_ifrs-cor_2014-03-05.xsd#ifrs-full_ProceedsFromGovernmentGrantsClassifiedAsFinancingActivities" xlink:label="ProceedsFromGovernmentGrantsClassifiedAsFinancingActivities"/>
    <link:definitionArc xlink:type="arc" xlink:arcrole="http://xbrl.org/int/dim/arcrole/domain-member" xlink:from="CashFlowsFromUsedInFinancingActivitiesAbstract" xlink:to="ProceedsFromGovernmentGrantsClassifiedAsFinancingActivities" order="15.0"/>
    <link:loc xlink:type="locator" xlink:href="../../../../full_ifrs-cor_2014-03-05.xsd#ifrs-full_DividendsPaidClassifiedAsFinancingActivities" xlink:label="DividendsPaidClassifiedAsFinancingActivities"/>
    <link:definitionArc xlink:type="arc" xlink:arcrole="http://xbrl.org/int/dim/arcrole/domain-member" xlink:from="CashFlowsFromUsedInFinancingActivitiesAbstract" xlink:to="DividendsPaidClassifiedAsFinancingActivities" order="16.0"/>
    <link:loc xlink:type="locator" xlink:href="../../../../full_ifrs-cor_2014-03-05.xsd#ifrs-full_InterestPaidClassifiedAsFinancingActivities" xlink:label="InterestPaidClassifiedAsFinancingActivities"/>
    <link:definitionArc xlink:type="arc" xlink:arcrole="http://xbrl.org/int/dim/arcrole/domain-member" xlink:from="CashFlowsFromUsedInFinancingActivitiesAbstract" xlink:to="InterestPaidClassifiedAsFinancingActivities" order="18.0"/>
    <link:loc xlink:type="locator" xlink:href="../../../../full_ifrs-cor_2014-03-05.xsd#ifrs-full_IncomeTaxesPaidRefundClassifiedAsFinancingActivities" xlink:label="IncomeTaxesPaidRefundClassifiedAsFinancingActivities"/>
    <link:definitionArc xlink:type="arc" xlink:arcrole="http://xbrl.org/int/dim/arcrole/domain-member" xlink:from="CashFlowsFromUsedInFinancingActivitiesAbstract" xlink:to="IncomeTaxesPaidRefundClassifiedAsFinancingActivities" order="20.0"/>
    <link:loc xlink:type="locator" xlink:href="../../../../full_ifrs-cor_2014-03-05.xsd#ifrs-full_OtherInflowsOutflowsOfCashClassifiedAsFinancingActivities" xlink:label="OtherInflowsOutflowsOfCashClassifiedAsFinancingActivities"/>
    <link:definitionArc xlink:type="arc" xlink:arcrole="http://xbrl.org/int/dim/arcrole/domain-member" xlink:from="CashFlowsFromUsedInFinancingActivitiesAbstract" xlink:to="OtherInflowsOutflowsOfCashClassifiedAsFinancingActivities" order="21.0"/>
    <link:loc xlink:type="locator" xlink:href="../../ifrs-dk-cor_2014-12-20.xsd#ifrs-dk_DetailsOnOtherComponentsOfCashFlowsFromUsedInFinancingActivitiesAbstract" xlink:label="DetailsOnOtherComponentsOfCashFlowsFromUsedInFinancingActivitiesAbstract" xlink:title="DetailsOnOtherComponentsOfCashFlowsFromUsedInFinancingActivitiesAbstract"/>
    <link:definitionArc xlink:type="arc" xlink:arcrole="http://xbrl.org/int/dim/arcrole/domain-member" xlink:from="OtherInflowsOutflowsOfCashClassifiedAsFinancingActivities" xlink:to="DetailsOnOtherComponentsOfCashFlowsFromUsedInFinancingActivitiesAbstract" xlink:title="definition: OtherInflowsOutflowsOfCashClassifiedAsFinancingActivities to DetailsOnOtherComponentsOfCashFlowsFromUsedInFinancingActivitiesAbstract" order="1.0" xbrldt:targetRole="http://xbrl.dcca.dk/role/510.00/StatementOfCashFlowsDirectMethod/Details"/>
    <link:loc xlink:type="locator" xlink:href="../../ifrs-dk-cor_2014-12-20.xsd#ifrs-dk_InterestReceivedClassifiedAsFinancingActivities" xlink:label="InterestReceivedClassifiedAsFinancingActivities" xlink:title="InterestReceivedClassifiedAsFinancingActivities"/>
    <link:definitionArc xlink:type="arc" xlink:arcrole="http://xbrl.org/int/dim/arcrole/domain-member" xlink:from="CashFlowsFromUsedInFinancingActivitiesAbstract" xlink:to="InterestReceivedClassifiedAsFinancingActivities" xlink:title="definition: CashFlowsFromUsedInFinancingActivitiesAbstract to InterestReceivedClassifiedAsFinancingActivities" order="19.0"/>
    <link:loc xlink:type="locator" xlink:href="../../ifrs-dk-cor_2014-12-20.xsd#ifrs-dk_DividendsReceivedClassifiedAsFinancingActivities" xlink:label="DividendsReceivedClassifiedAsFinancingActivities" xlink:title="DividendsReceivedClassifiedAsFinancingActivities"/>
    <link:definitionArc xlink:type="arc" xlink:arcrole="http://xbrl.org/int/dim/arcrole/domain-member" xlink:from="CashFlowsFromUsedInFinancingActivitiesAbstract" xlink:to="DividendsReceivedClassifiedAsFinancingActivities" xlink:title="definition: CashFlowsFromUsedInFinancingActivitiesAbstract to DividendsReceivedClassifiedAsFinancingActivities" order="17.0"/>
    <link:loc xlink:type="locator" xlink:href="../../ifrs-dk-cor_2014-12-20.xsd#ifrs-dk_CashReceiptsFromCurrentBorrowings" xlink:label="CashReceiptsFromCurrentBorrowings" xlink:title="CashReceiptsFromCurrentBorrowings"/>
    <link:definitionArc xlink:type="arc" xlink:arcrole="http://xbrl.org/int/dim/arcrole/domain-member" xlink:from="CashFlowsFromUsedInFinancingActivitiesAbstract" xlink:to="CashReceiptsFromCurrentBorrowings" xlink:title="definition: CashFlowsFromUsedInFinancingActivitiesAbstract to CashReceiptsFromCurrentBorrowings" order="12.0"/>
    <link:loc xlink:type="locator" xlink:href="../../ifrs-dk-cor_2014-12-20.xsd#ifrs-dk_CashReceiptsFromNoncurrentBorrowings" xlink:label="CashReceiptsFromNoncurrentBorrowings" xlink:title="CashReceiptsFromNoncurrentBorrowings"/>
    <link:definitionArc xlink:type="arc" xlink:arcrole="http://xbrl.org/int/dim/arcrole/domain-member" xlink:from="CashFlowsFromUsedInFinancingActivitiesAbstract" xlink:to="CashReceiptsFromNoncurrentBorrowings" xlink:title="definition: CashFlowsFromUsedInFinancingActivitiesAbstract to CashReceiptsFromNoncurrentBorrowings" order="12.0"/>
    <link:loc xlink:type="locator" xlink:href="../../ifrs-dk-cor_2014-12-20.xsd#ifrs-dk_DividensDistributedToNonControllingInterests" xlink:label="DividensDistributedToNonControllingInterests" xlink:title="DividensDistributedToNonControllingInterests"/>
    <link:definitionArc xlink:type="arc" xlink:arcrole="http://xbrl.org/int/dim/arcrole/domain-member" xlink:from="CashFlowsFromUsedInFinancingActivitiesAbstract" xlink:to="DividensDistributedToNonControllingInterests" xlink:title="definition: CashFlowsFromUsedInFinancingActivitiesAbstract to DividensDistributedToNonControllingInterests" order="16.5"/>
    <link:definitionArc xlink:type="arc" xlink:arcrole="http://xbrl.org/int/dim/arcrole/all" xlink:from="StatementOfCashFlowsAbstract" xlink:to="CommonTable" xlink:title="definition: StatementOfCashFlowsAbstract to CommonTable" order="9.0" xbrldt:contextElement="scenario"/>
    <link:loc xlink:type="locator" xlink:href="../../ifrs-dk-cor_2014-12-20.xsd#ifrs-dk_CashFlowsFromDiscontinuedOperations" xlink:label="CashFlowsFromDiscontinuedOperations"/>
    <link:definitionArc xlink:type="arc" xlink:arcrole="http://xbrl.org/int/dim/arcrole/domain-member" xlink:from="StatementOfCashFlowsAbstract" xlink:to="CashFlowsFromDiscontinuedOperations" order="4.0"/>
    <link:loc xlink:type="locator" xlink:href="../../../../full_ifrs-cor_2014-03-05.xsd#ifrs-full_IncreaseDecreaseInCashAndCashEquivalentsBeforeEffectOfExchangeRateChanges" xlink:label="IncreaseDecreaseInCashAndCashEquivalentsBeforeEffectOfExchangeRateChanges"/>
    <link:definitionArc xlink:type="arc" xlink:arcrole="http://xbrl.org/int/dim/arcrole/domain-member" xlink:from="StatementOfCashFlowsAbstract" xlink:to="IncreaseDecreaseInCashAndCashEquivalentsBeforeEffectOfExchangeRateChanges" order="5.0"/>
    <link:loc xlink:type="locator" xlink:href="../../../../full_ifrs-cor_2014-03-05.xsd#ifrs-full_EffectOfExchangeRateChangesOnCashAndCashEquivalentsAbstract" xlink:label="EffectOfExchangeRateChangesOnCashAndCashEquivalentsAbstract"/>
    <link:definitionArc xlink:type="arc" xlink:arcrole="http://xbrl.org/int/dim/arcrole/domain-member" xlink:from="StatementOfCashFlowsAbstract" xlink:to="EffectOfExchangeRateChangesOnCashAndCashEquivalentsAbstract" order="6.0"/>
    <link:loc xlink:type="locator" xlink:href="../../../../full_ifrs-cor_2014-03-05.xsd#ifrs-full_EffectOfExchangeRateChangesOnCashAndCashEquivalents" xlink:label="EffectOfExchangeRateChangesOnCashAndCashEquivalents"/>
    <link:definitionArc xlink:type="arc" xlink:arcrole="http://xbrl.org/int/dim/arcrole/domain-member" xlink:from="EffectOfExchangeRateChangesOnCashAndCashEquivalentsAbstract" xlink:to="EffectOfExchangeRateChangesOnCashAndCashEquivalents" order="1.0"/>
    <link:loc xlink:type="locator" xlink:href="../../../../full_ifrs-cor_2014-03-05.xsd#ifrs-full_IncreaseDecreaseInCashAndCashEquivalents" xlink:label="IncreaseDecreaseInCashAndCashEquivalents"/>
    <link:definitionArc xlink:type="arc" xlink:arcrole="http://xbrl.org/int/dim/arcrole/domain-member" xlink:from="StatementOfCashFlowsAbstract" xlink:to="IncreaseDecreaseInCashAndCashEquivalents" order="7.0"/>
    <link:loc xlink:type="locator" xlink:href="../../../../full_ifrs-cor_2014-03-05.xsd#ifrs-full_CashAndCashEquivalents" xlink:label="CashAndCashEquivalents"/>
    <link:definitionArc xlink:type="arc" xlink:arcrole="http://xbrl.org/int/dim/arcrole/domain-member" xlink:from="StatementOfCashFlowsAbstract" xlink:to="CashAndCashEquivalents" order="8.0"/>
  </link:definitionLink>
</link:linkbase>
