<?xml version="1.0" encoding="UTF-8"?>
<!-- Generated by Fujitsu Interstage XWand B0217 -->
<?officialURI http://archprod.service.eogs.dk/taxonomy/20161001/mrv/200mrv_pre.xml?>

<?taxonomy-version 1.7.0?>

<link:linkbase xmlns:xsi="http://www.w3.org/2001/XMLSchema-instance" xsi:schemaLocation="http://www.xbrl.org/2003/linkbase http://www.xbrl.org/2003/xbrl-linkbase-2003-12-31.xsd" xmlns:link="http://www.xbrl.org/2003/linkbase" xmlns:entry="http://xbrl.dcca.dk/entryBalanceSheetAccountByCurrentAndLongTermFormIncomeStatementByNature" xmlns:xbrli="http://www.xbrl.org/2003/instance" xmlns:xlink="http://www.w3.org/1999/xlink">
  <link:roleRef roleURI="http://xbrl.dcca.dk/role/200.00/ManagementsReview" xlink:type="simple" xlink:href="mrv.xsd#mrv_RoleManagementsReview"/>
  <link:presentationLink xlink:type="extended" xlink:role="http://xbrl.dcca.dk/role/200.00/ManagementsReview">
    <link:loc xlink:type="locator" xlink:href="../cmn.xsd#cmn_CommonHypercube" xlink:label="CommonHypercube"/>
    <link:loc xlink:type="locator" xlink:href="../cmn.xsd#cmn_ConsolidatedSoloDimension" xlink:label="ConsolidatedSoloDimension"/>
    <link:presentationArc xlink:type="arc" xlink:arcrole="http://www.xbrl.org/2003/arcrole/parent-child" xlink:from="CommonHypercube" xlink:to="ConsolidatedSoloDimension" order="10.0"/>
    <link:loc xlink:type="locator" xlink:href="../cmn.xsd#cmn_ConsolidatedMember" xlink:label="ConsolidatedMember"/>
    <link:presentationArc xlink:type="arc" xlink:arcrole="http://www.xbrl.org/2003/arcrole/parent-child" xlink:from="ConsolidatedSoloDimension" xlink:to="ConsolidatedMember" order="10.0"/>
    <link:loc xlink:type="locator" xlink:href="../cmn.xsd#cmn_SoloMember" xlink:label="SoloMember"/>
    <link:presentationArc xlink:type="arc" xlink:arcrole="http://www.xbrl.org/2003/arcrole/parent-child" xlink:from="ConsolidatedSoloDimension" xlink:to="SoloMember" order="20.0"/>
    <link:loc xlink:type="locator" xlink:href="mrv.xsd#mrv_ManagementsReviewEtcAbstract" xlink:label="ManagementsReviewEtcAbstract" xlink:title="ManagementsReviewEtcAbstract"/>
    <link:loc xlink:type="locator" xlink:href="mrv.xsd#mrv_ManagementsReview" xlink:label="ManagementsReview"/>
    <link:presentationArc xlink:type="arc" xlink:arcrole="http://www.xbrl.org/2003/arcrole/parent-child" xlink:from="ManagementsReviewEtcAbstract" xlink:to="ManagementsReview" xlink:title="presentation: ManagementsReviewEtcAbstract to ManagementsReview" order="10.0"/>
    <link:loc xlink:type="locator" xlink:href="mrv.xsd#mrv_DescriptionOfPrimaryActivitiesOfEntity" xlink:label="DescriptionOfPrimaryActivitiesOfEntity"/>
    <link:presentationArc xlink:type="arc" xlink:arcrole="http://www.xbrl.org/2003/arcrole/parent-child" xlink:from="ManagementsReview" xlink:to="DescriptionOfPrimaryActivitiesOfEntity" order="10.0"/>
    <link:loc xlink:type="locator" xlink:href="mrv.xsd#mrv_DescriptionOfAnyUncertaintyConnectedWithRecognitionOrMeasurement" xlink:label="DescriptionOfAnyUncertaintyConnectedWithRecognitionOrMeasurement"/>
    <link:presentationArc xlink:type="arc" xlink:arcrole="http://www.xbrl.org/2003/arcrole/parent-child" xlink:from="ManagementsReview" xlink:to="DescriptionOfAnyUncertaintyConnectedWithRecognitionOrMeasurement" order="20.0"/>
    <link:loc xlink:type="locator" xlink:href="mrv.xsd#mrv_DescriptionOfAnyUnusualMattersAffectingRecognitionOrMeasurement" xlink:label="DescriptionOfAnyUnusualMattersAffectingRecognitionOrMeasurement"/>
    <link:presentationArc xlink:type="arc" xlink:arcrole="http://www.xbrl.org/2003/arcrole/parent-child" xlink:from="ManagementsReview" xlink:to="DescriptionOfAnyUnusualMattersAffectingRecognitionOrMeasurement" order="30.0"/>
    <link:loc xlink:type="locator" xlink:href="mrv.xsd#mrv_DescriptionOfDevelopmentInActivitiesAndFinancialAffairs" xlink:label="DescriptionOfDevelopmentInActivitiesAndFinancialAffairs"/>
    <link:presentationArc xlink:type="arc" xlink:arcrole="http://www.xbrl.org/2003/arcrole/parent-child" xlink:from="ManagementsReview" xlink:to="DescriptionOfDevelopmentInActivitiesAndFinancialAffairs" order="40.0"/>
    <link:loc xlink:type="locator" xlink:href="mrv.xsd#mrv_DescriptionOfNon-FinancialFactorsRelevantToSpecificActivities" xlink:label="DescriptionOfNon-FinancialFactorsRelevantToSpecificActivities"/>
    <link:presentationArc xlink:type="arc" xlink:arcrole="http://www.xbrl.org/2003/arcrole/parent-child" xlink:from="DescriptionOfDevelopmentInActivitiesAndFinancialAffairs" xlink:to="DescriptionOfNon-FinancialFactorsRelevantToSpecificActivities" order="10.0"/>
    <link:loc xlink:type="locator" xlink:href="mrv.xsd#mrv_DescriptionOfEnvironmentalMatters" xlink:label="DescriptionOfEnvironmentalMatters"/>
    <link:presentationArc xlink:type="arc" xlink:arcrole="http://www.xbrl.org/2003/arcrole/parent-child" xlink:from="DescriptionOfNon-FinancialFactorsRelevantToSpecificActivities" xlink:to="DescriptionOfEnvironmentalMatters" order="10.0"/>
    <link:loc xlink:type="locator" xlink:href="mrv.xsd#mrv_DescriptionOfSignificantEventsOccurringAfterEndOfReportingPeriod" xlink:label="DescriptionOfSignificantEventsOccurringAfterEndOfReportingPeriod"/>
    <link:presentationArc xlink:type="arc" xlink:arcrole="http://www.xbrl.org/2003/arcrole/parent-child" xlink:from="ManagementsReview" xlink:to="DescriptionOfSignificantEventsOccurringAfterEndOfReportingPeriod" order="50.0"/>
    <link:loc xlink:type="locator" xlink:href="mrv.xsd#mrv_DescriptionOfExpectedDevelopment" xlink:label="DescriptionOfExpectedDevelopment"/>
    <link:presentationArc xlink:type="arc" xlink:arcrole="http://www.xbrl.org/2003/arcrole/parent-child" xlink:from="ManagementsReview" xlink:to="DescriptionOfExpectedDevelopment" order="60.0"/>
    <link:loc xlink:type="locator" xlink:href="mrv.xsd#mrv_DescriptionOfAssumedSpecificPrerequisitesAndUncertainFactorsForAssessmentOfExpectedDevelopment" xlink:label="DescriptionOfAssumedSpecificPrerequisitesAndUncertainFactorsForAssessmentOfExpectedDevelopment"/>
    <link:presentationArc xlink:type="arc" xlink:arcrole="http://www.xbrl.org/2003/arcrole/parent-child" xlink:from="DescriptionOfExpectedDevelopment" xlink:to="DescriptionOfAssumedSpecificPrerequisitesAndUncertainFactorsForAssessmentOfExpectedDevelopment" order="10.0"/>
    <link:loc xlink:type="locator" xlink:href="mrv.xsd#mrv_DescriptionOfKnowledgeResources" xlink:label="DescriptionOfKnowledgeResources"/>
    <link:presentationArc xlink:type="arc" xlink:arcrole="http://www.xbrl.org/2003/arcrole/parent-child" xlink:from="ManagementsReview" xlink:to="DescriptionOfKnowledgeResources" order="70.0"/>
    <link:loc xlink:type="locator" xlink:href="mrv.xsd#mrv_DescriptionOfSpecificRisksInAdditionToCommonlyOccurringHazardsInIndustry" xlink:label="DescriptionOfSpecificRisksInAdditionToCommonlyOccurringHazardsInIndustry"/>
    <link:presentationArc xlink:type="arc" xlink:arcrole="http://www.xbrl.org/2003/arcrole/parent-child" xlink:from="ManagementsReview" xlink:to="DescriptionOfSpecificRisksInAdditionToCommonlyOccurringHazardsInIndustry" order="80.0"/>
    <link:loc xlink:type="locator" xlink:href="mrv.xsd#mrv_DescriptionOfImpactOnExternalEnvironmentAndMeasuresOfPreventingReducingOrMitigatingDamage" xlink:label="DescriptionOfImpactOnExternalEnvironmentAndMeasuresOfPreventingReducingOrMitigatingDamage"/>
    <link:presentationArc xlink:type="arc" xlink:arcrole="http://www.xbrl.org/2003/arcrole/parent-child" xlink:from="ManagementsReview" xlink:to="DescriptionOfImpactOnExternalEnvironmentAndMeasuresOfPreventingReducingOrMitigatingDamage" order="90.0"/>
    <link:loc xlink:type="locator" xlink:href="mrv.xsd#mrv_DescriptionOfResearchAndDevelopmentActivitiesInAndForReportingEntity" xlink:label="DescriptionOfResearchAndDevelopmentActivitiesInAndForReportingEntity"/>
    <link:presentationArc xlink:type="arc" xlink:arcrole="http://www.xbrl.org/2003/arcrole/parent-child" xlink:from="ManagementsReview" xlink:to="DescriptionOfResearchAndDevelopmentActivitiesInAndForReportingEntity" order="100.0"/>
    <link:loc xlink:type="locator" xlink:href="mrv.xsd#mrv_DescriptionOfGroupRelations" xlink:label="DescriptionOfGroupRelations"/>
    <link:presentationArc xlink:type="arc" xlink:arcrole="http://www.xbrl.org/2003/arcrole/parent-child" xlink:from="ManagementsReview" xlink:to="DescriptionOfGroupRelations" order="110.0"/>
    <link:loc xlink:type="locator" xlink:href="mrv.xsd#mrv_DescriptionOfBranchesAbroad" xlink:label="DescriptionOfBranchesAbroad"/>
    <link:presentationArc xlink:type="arc" xlink:arcrole="http://www.xbrl.org/2003/arcrole/parent-child" xlink:from="ManagementsReview" xlink:to="DescriptionOfBranchesAbroad" order="120.0"/>
    <link:loc xlink:type="locator" xlink:href="mrv.xsd#mrv_DescriptionOfEmployeeMatters" xlink:label="DescriptionOfEmployeeMatters"/>
    <link:presentationArc xlink:type="arc" xlink:arcrole="http://www.xbrl.org/2003/arcrole/parent-child" xlink:from="ManagementsReview" xlink:to="DescriptionOfEmployeeMatters" order="130.0"/>
    <link:loc xlink:type="locator" xlink:href="mrv.xsd#mrv_DescriptionOfNetProfitRelationToExpectedDevelopmentAssumedInPreviousReport" xlink:label="DescriptionOfNetProfitRelationToExpectedDevelopmentAssumedInPreviousReport"/>
    <link:presentationArc xlink:type="arc" xlink:arcrole="http://www.xbrl.org/2003/arcrole/parent-child" xlink:from="ManagementsReview" xlink:to="DescriptionOfNetProfitRelationToExpectedDevelopmentAssumedInPreviousReport" order="140.0"/>
    <link:loc xlink:type="locator" xlink:href="mrv.xsd#mrv_RetrospectiveInformationFromLastFiveYearsAbstract" xlink:label="RetrospectiveInformationFromLastFiveYearsAbstract"/>
    <link:presentationArc xlink:type="arc" xlink:arcrole="http://www.xbrl.org/2003/arcrole/parent-child" xlink:from="ManagementsReview" xlink:to="RetrospectiveInformationFromLastFiveYearsAbstract" order="150.0"/>
    <link:loc xlink:type="locator" xlink:href="mrv.xsd#mrv_InformationOnCalculationOfKeyFiguresAndFinancialRatios" xlink:label="InformationOnCalculationOfKeyFiguresAndFinancialRatios"/>
    <link:presentationArc xlink:type="arc" xlink:arcrole="http://www.xbrl.org/2003/arcrole/parent-child" xlink:from="RetrospectiveInformationFromLastFiveYearsAbstract" xlink:to="InformationOnCalculationOfKeyFiguresAndFinancialRatios" order="10.0"/>
    <link:loc xlink:type="locator" xlink:href="mrv.xsd#mrv_DescriptionOfKeyFiguresAndFinancialRatios" xlink:label="DescriptionOfKeyFiguresAndFinancialRatios"/>
    <link:presentationArc xlink:type="arc" xlink:arcrole="http://www.xbrl.org/2003/arcrole/parent-child" xlink:from="RetrospectiveInformationFromLastFiveYearsAbstract" xlink:to="DescriptionOfKeyFiguresAndFinancialRatios" order="20.0"/>
    <link:loc xlink:type="locator" xlink:href="mrv.xsd#mrv_DetailsOnKeyFiguresAndFinancialRatiosAbstract" xlink:label="DetailsOnKeyFiguresAndFinancialRatiosAbstract"/>
    <link:presentationArc xlink:type="arc" xlink:arcrole="http://www.xbrl.org/2003/arcrole/parent-child" xlink:from="DescriptionOfKeyFiguresAndFinancialRatios" xlink:to="DetailsOnKeyFiguresAndFinancialRatiosAbstract" order="10.0"/>
    <link:loc xlink:type="locator" xlink:href="mrv.xsd#mrv_DetailsOnKeyFiguresAndFinancialRatiosHypercube" xlink:label="DetailsOnKeyFiguresAndFinancialRatiosHypercube"/>
    <link:presentationArc xlink:type="arc" xlink:arcrole="http://www.xbrl.org/2003/arcrole/parent-child" xlink:from="DetailsOnKeyFiguresAndFinancialRatiosAbstract" xlink:to="DetailsOnKeyFiguresAndFinancialRatiosHypercube" order="10.0"/>
    <link:loc xlink:type="locator" xlink:href="../cmn.xsd#cmn_RetrospectiveInformationDimension" xlink:label="RetrospectiveInformationDimension"/>
    <link:presentationArc xlink:type="arc" xlink:arcrole="http://www.xbrl.org/2003/arcrole/parent-child" xlink:from="DetailsOnKeyFiguresAndFinancialRatiosHypercube" xlink:to="RetrospectiveInformationDimension" order="10.0"/>
    <link:loc xlink:type="locator" xlink:href="../cmn.xsd#cmn_CurrentYearMember" xlink:label="CurrentYearMember"/>
    <link:presentationArc xlink:type="arc" xlink:arcrole="http://www.xbrl.org/2003/arcrole/parent-child" xlink:from="RetrospectiveInformationDimension" xlink:to="CurrentYearMember" order="10.0"/>
    <link:loc xlink:type="locator" xlink:href="../cmn.xsd#cmn_PreviousYearMember" xlink:label="PreviousYearMember"/>
    <link:presentationArc xlink:type="arc" xlink:arcrole="http://www.xbrl.org/2003/arcrole/parent-child" xlink:from="RetrospectiveInformationDimension" xlink:to="PreviousYearMember" order="20.0"/>
    <link:loc xlink:type="locator" xlink:href="../cmn.xsd#cmn_TwoYearsAgoMember" xlink:label="TwoYearsAgoMember"/>
    <link:presentationArc xlink:type="arc" xlink:arcrole="http://www.xbrl.org/2003/arcrole/parent-child" xlink:from="RetrospectiveInformationDimension" xlink:to="TwoYearsAgoMember" order="30.0"/>
    <link:loc xlink:type="locator" xlink:href="../cmn.xsd#cmn_ThreeYearsAgoMember" xlink:label="ThreeYearsAgoMember"/>
    <link:presentationArc xlink:type="arc" xlink:arcrole="http://www.xbrl.org/2003/arcrole/parent-child" xlink:from="RetrospectiveInformationDimension" xlink:to="ThreeYearsAgoMember" order="40.0"/>
    <link:loc xlink:type="locator" xlink:href="../cmn.xsd#cmn_FourYearsAgoMember" xlink:label="FourYearsAgoMember"/>
    <link:presentationArc xlink:type="arc" xlink:arcrole="http://www.xbrl.org/2003/arcrole/parent-child" xlink:from="RetrospectiveInformationDimension" xlink:to="FourYearsAgoMember" order="50.0"/>
    <link:loc xlink:type="locator" xlink:href="mrv.xsd#mrv_GrossMargin" xlink:label="GrossMargin"/>
    <link:presentationArc xlink:type="arc" xlink:arcrole="http://www.xbrl.org/2003/arcrole/parent-child" xlink:from="DetailsOnKeyFiguresAndFinancialRatiosAbstract" xlink:to="GrossMargin" order="20.0"/>
    <link:loc xlink:type="locator" xlink:href="mrv.xsd#mrv_OperatingMargin" xlink:label="OperatingMargin"/>
    <link:presentationArc xlink:type="arc" xlink:arcrole="http://www.xbrl.org/2003/arcrole/parent-child" xlink:from="DetailsOnKeyFiguresAndFinancialRatiosAbstract" xlink:to="OperatingMargin" order="30.0"/>
    <link:loc xlink:type="locator" xlink:href="mrv.xsd#mrv_ReturnOnCapitalEmployed" xlink:label="ReturnOnCapitalEmployed"/>
    <link:presentationArc xlink:type="arc" xlink:arcrole="http://www.xbrl.org/2003/arcrole/parent-child" xlink:from="DetailsOnKeyFiguresAndFinancialRatiosAbstract" xlink:to="ReturnOnCapitalEmployed" order="40.0"/>
    <link:loc xlink:type="locator" xlink:href="mrv.xsd#mrv_EquityRatio" xlink:label="EquityRatio"/>
    <link:presentationArc xlink:type="arc" xlink:arcrole="http://www.xbrl.org/2003/arcrole/parent-child" xlink:from="DetailsOnKeyFiguresAndFinancialRatiosAbstract" xlink:to="EquityRatio" order="50.0"/>
    <link:loc xlink:type="locator" xlink:href="mrv.xsd#mrv_SolvencyRatio" xlink:label="SolvencyRatio"/>
    <link:presentationArc xlink:type="arc" xlink:arcrole="http://www.xbrl.org/2003/arcrole/parent-child" xlink:from="DetailsOnKeyFiguresAndFinancialRatiosAbstract" xlink:to="SolvencyRatio" order="60.0"/>
    <link:loc xlink:type="locator" xlink:href="mrv.xsd#mrv_ReturnOnEquity" xlink:label="ReturnOnEquity"/>
    <link:presentationArc xlink:type="arc" xlink:arcrole="http://www.xbrl.org/2003/arcrole/parent-child" xlink:from="DetailsOnKeyFiguresAndFinancialRatiosAbstract" xlink:to="ReturnOnEquity" order="70.0"/>
    <link:loc xlink:type="locator" xlink:href="mrv.xsd#mrv_ReturnOnInvestedCapital" xlink:label="ReturnOnInvestedCapital"/>
    <link:presentationArc xlink:type="arc" xlink:arcrole="http://www.xbrl.org/2003/arcrole/parent-child" xlink:from="DetailsOnKeyFiguresAndFinancialRatiosAbstract" xlink:to="ReturnOnInvestedCapital" order="80.0"/>
    <link:loc xlink:type="locator" xlink:href="mrv.xsd#mrv_FinancialGearing" xlink:label="FinancialGearing"/>
    <link:presentationArc xlink:type="arc" xlink:arcrole="http://www.xbrl.org/2003/arcrole/parent-child" xlink:from="DetailsOnKeyFiguresAndFinancialRatiosAbstract" xlink:to="FinancialGearing" order="90.0"/>
    <link:loc xlink:type="locator" xlink:href="mrv.xsd#mrv_EmployeeTurnover" xlink:label="EmployeeTurnover"/>
    <link:presentationArc xlink:type="arc" xlink:arcrole="http://www.xbrl.org/2003/arcrole/parent-child" xlink:from="DetailsOnKeyFiguresAndFinancialRatiosAbstract" xlink:to="EmployeeTurnover" order="100.0"/>
    <link:loc xlink:type="locator" xlink:href="../fsa/fsa.xsd#fsa_GrossResult" xlink:label="GrossResult"/>
    <link:presentationArc xlink:type="arc" xlink:arcrole="http://www.xbrl.org/2003/arcrole/parent-child" xlink:from="DetailsOnKeyFiguresAndFinancialRatiosAbstract" xlink:to="GrossResult" order="190.0"/>
    <link:loc xlink:type="locator" xlink:href="../fsa/fsa.xsd#fsa_GrossProfitLoss" xlink:label="GrossProfitLoss"/>
    <link:presentationArc xlink:type="arc" xlink:arcrole="http://www.xbrl.org/2003/arcrole/parent-child" xlink:from="DetailsOnKeyFiguresAndFinancialRatiosAbstract" xlink:to="GrossProfitLoss" order="200.0"/>
    <link:loc xlink:type="locator" xlink:href="../fsa/fsa.xsd#fsa_AverageNumberOfEmployees" xlink:label="AverageNumberOfEmployees"/>
    <link:presentationArc xlink:type="arc" xlink:arcrole="http://www.xbrl.org/2003/arcrole/parent-child" xlink:from="DetailsOnKeyFiguresAndFinancialRatiosAbstract" xlink:to="AverageNumberOfEmployees" order="240.0"/>
    <link:loc xlink:type="locator" xlink:href="../fsa/fsa.xsd#fsa_CashFlowsFromUsedInOperatingActivities" xlink:label="CashFlowsFromUsedInOperatingActivities"/>
    <link:presentationArc xlink:type="arc" xlink:arcrole="http://www.xbrl.org/2003/arcrole/parent-child" xlink:from="DetailsOnKeyFiguresAndFinancialRatiosAbstract" xlink:to="CashFlowsFromUsedInOperatingActivities" use="optional" order="210.0"/>
    <link:loc xlink:type="locator" xlink:href="../fsa/fsa.xsd#fsa_CashFlowsFromUsedInInvestingActivities" xlink:label="CashFlowsFromUsedInInvestingActivities"/>
    <link:presentationArc xlink:type="arc" xlink:arcrole="http://www.xbrl.org/2003/arcrole/parent-child" xlink:from="DetailsOnKeyFiguresAndFinancialRatiosAbstract" xlink:to="CashFlowsFromUsedInInvestingActivities" order="220.0"/>
    <link:loc xlink:type="locator" xlink:href="../fsa/fsa.xsd#fsa_CashFlowsFromUsedInFinancingActivities" xlink:label="CashFlowsFromUsedInFinancingActivities"/>
    <link:presentationArc xlink:type="arc" xlink:arcrole="http://www.xbrl.org/2003/arcrole/parent-child" xlink:from="DetailsOnKeyFiguresAndFinancialRatiosAbstract" xlink:to="CashFlowsFromUsedInFinancingActivities" order="230.0"/>
    <link:loc xlink:type="locator" xlink:href="../fsa/fsa.xsd#fsa_Revenue" xlink:label="Revenue"/>
    <link:presentationArc xlink:type="arc" xlink:arcrole="http://www.xbrl.org/2003/arcrole/parent-child" xlink:from="DetailsOnKeyFiguresAndFinancialRatiosAbstract" xlink:to="Revenue" order="110.0"/>
    <link:loc xlink:type="locator" xlink:href="../fsa/fsa.xsd#fsa_ProfitLossFromOrdinaryOperatingActivities" xlink:label="ProfitLossFromOrdinaryOperatingActivities"/>
    <link:presentationArc xlink:type="arc" xlink:arcrole="http://www.xbrl.org/2003/arcrole/parent-child" xlink:from="DetailsOnKeyFiguresAndFinancialRatiosAbstract" xlink:to="ProfitLossFromOrdinaryOperatingActivities" order="120.0"/>
    <link:loc xlink:type="locator" xlink:href="../fsa/fsa.xsd#fsa_ResultsFromNetFinancials" xlink:label="ResultsFromNetFinancials"/>
    <link:presentationArc xlink:type="arc" xlink:arcrole="http://www.xbrl.org/2003/arcrole/parent-child" xlink:from="DetailsOnKeyFiguresAndFinancialRatiosAbstract" xlink:to="ResultsFromNetFinancials" order="130.0"/>
    <link:loc xlink:type="locator" xlink:href="../fsa/fsa.xsd#fsa_ResultsFromExtraordinaryItems" xlink:label="ResultsFromExtraordinaryItems"/>
    <link:presentationArc xlink:type="arc" xlink:arcrole="http://www.xbrl.org/2003/arcrole/parent-child" xlink:from="DetailsOnKeyFiguresAndFinancialRatiosAbstract" xlink:to="ResultsFromExtraordinaryItems" order="140.0"/>
    <link:loc xlink:type="locator" xlink:href="../fsa/fsa.xsd#fsa_ProfitLoss" xlink:label="ProfitLoss"/>
    <link:presentationArc xlink:type="arc" xlink:arcrole="http://www.xbrl.org/2003/arcrole/parent-child" xlink:from="DetailsOnKeyFiguresAndFinancialRatiosAbstract" xlink:to="ProfitLoss" order="150.0"/>
    <link:loc xlink:type="locator" xlink:href="../fsa/fsa.xsd#fsa_Assets" xlink:label="Assets"/>
    <link:presentationArc xlink:type="arc" xlink:arcrole="http://www.xbrl.org/2003/arcrole/parent-child" xlink:from="DetailsOnKeyFiguresAndFinancialRatiosAbstract" xlink:to="Assets" order="160.0"/>
    <link:loc xlink:type="locator" xlink:href="../fsa/fsa.xsd#fsa_InvestmentInPropertyPlantAndEquipment" xlink:label="InvestmentInPropertyPlantAndEquipment"/>
    <link:presentationArc xlink:type="arc" xlink:arcrole="http://www.xbrl.org/2003/arcrole/parent-child" xlink:from="DetailsOnKeyFiguresAndFinancialRatiosAbstract" xlink:to="InvestmentInPropertyPlantAndEquipment" order="170.0"/>
    <link:loc xlink:type="locator" xlink:href="../fsa/fsa.xsd#fsa_Equity" xlink:label="Equity"/>
    <link:presentationArc xlink:type="arc" xlink:arcrole="http://www.xbrl.org/2003/arcrole/parent-child" xlink:from="DetailsOnKeyFiguresAndFinancialRatiosAbstract" xlink:to="Equity" order="180.0"/>
    <link:loc xlink:type="locator" xlink:href="mrv.xsd#mrv_DescriptionOfOtherKeyFiguresAndFinancialRatios" xlink:label="DescriptionOfOtherKeyFiguresAndFinancialRatios"/>
    <link:presentationArc xlink:type="arc" xlink:arcrole="http://www.xbrl.org/2003/arcrole/parent-child" xlink:from="RetrospectiveInformationFromLastFiveYearsAbstract" xlink:to="DescriptionOfOtherKeyFiguresAndFinancialRatios" order="30.0"/>
    <link:loc xlink:type="locator" xlink:href="mrv.xsd#mrv_DetailsOnOtherKeyFiguresAndFinancialRatiosAbstract" xlink:label="DetailsOnOtherKeyFiguresAndFinancialRatiosAbstract"/>
    <link:presentationArc xlink:type="arc" xlink:arcrole="http://www.xbrl.org/2003/arcrole/parent-child" xlink:from="DescriptionOfOtherKeyFiguresAndFinancialRatios" xlink:to="DetailsOnOtherKeyFiguresAndFinancialRatiosAbstract" order="10.0"/>
    <link:loc xlink:type="locator" xlink:href="mrv.xsd#mrv_DetailsOnOtherKeyFiguresAndFinancialRatiosHypercube" xlink:label="DetailsOnOtherKeyFiguresAndFinancialRatiosHypercube"/>
    <link:presentationArc xlink:type="arc" xlink:arcrole="http://www.xbrl.org/2003/arcrole/parent-child" xlink:from="DetailsOnOtherKeyFiguresAndFinancialRatiosAbstract" xlink:to="DetailsOnOtherKeyFiguresAndFinancialRatiosHypercube" order="10.0"/>
    <link:loc xlink:type="locator" xlink:href="mrv.xsd#mrv_IdentificationOfKeyFigureOrFinancialRatioDimension" xlink:label="IdentificationOfKeyFigureOrFinancialRatioDimension"/>
    <link:presentationArc xlink:type="arc" xlink:arcrole="http://www.xbrl.org/2003/arcrole/parent-child" xlink:from="DetailsOnOtherKeyFiguresAndFinancialRatiosHypercube" xlink:to="IdentificationOfKeyFigureOrFinancialRatioDimension" order="10.0"/>
    <link:presentationArc xlink:type="arc" xlink:arcrole="http://www.xbrl.org/2003/arcrole/parent-child" xlink:from="DetailsOnOtherKeyFiguresAndFinancialRatiosHypercube" xlink:to="RetrospectiveInformationDimension" order="20.0"/>
    <link:loc xlink:type="locator" xlink:href="mrv.xsd#mrv_NameOfKeyFigureOrFinancialRatio" xlink:label="NameOfKeyFigureOrFinancialRatio"/>
    <link:presentationArc xlink:type="arc" xlink:arcrole="http://www.xbrl.org/2003/arcrole/parent-child" xlink:from="DetailsOnOtherKeyFiguresAndFinancialRatiosAbstract" xlink:to="NameOfKeyFigureOrFinancialRatio" order="20.0"/>
    <link:loc xlink:type="locator" xlink:href="mrv.xsd#mrv_ValueOfKeyFigureOrFinancialRatio" xlink:label="ValueOfKeyFigureOrFinancialRatio"/>
    <link:presentationArc xlink:type="arc" xlink:arcrole="http://www.xbrl.org/2003/arcrole/parent-child" xlink:from="DetailsOnOtherKeyFiguresAndFinancialRatiosAbstract" xlink:to="ValueOfKeyFigureOrFinancialRatio" order="30.0"/>
    <link:loc xlink:type="locator" xlink:href="mrv.xsd#mrv_ValueOfKeyFigureOrFinancialRatioMonetary" xlink:label="ValueOfKeyFigureOrFinancialRatioMonetary" xlink:title="ValueOfKeyFigureOrFinancialRatioMonetary"/>
    <link:presentationArc xlink:type="arc" xlink:arcrole="http://www.xbrl.org/2003/arcrole/parent-child" xlink:from="DetailsOnOtherKeyFiguresAndFinancialRatiosAbstract" xlink:to="ValueOfKeyFigureOrFinancialRatioMonetary" xlink:title="presentation: DetailsOnOtherKeyFiguresAndFinancialRatiosAbstract to ValueOfKeyFigureOrFinancialRatioMonetary" order="40.0"/>
    <link:loc xlink:type="locator" xlink:href="mrv.xsd#mrv_DescriptionOfSignificantChangesInBusinessAndEconomicConditions" xlink:label="DescriptionOfSignificantChangesInBusinessAndEconomicConditions"/>
    <link:presentationArc xlink:type="arc" xlink:arcrole="http://www.xbrl.org/2003/arcrole/parent-child" xlink:from="ManagementsReview" xlink:to="DescriptionOfSignificantChangesInBusinessAndEconomicConditions" order="160.0"/>
    <link:loc xlink:type="locator" xlink:href="mrv.xsd#mrv_CorporateGovernanceReport" xlink:label="CorporateGovernanceReport" xlink:title="CorporateGovernanceReport"/>
    <link:presentationArc xlink:type="arc" xlink:arcrole="http://www.xbrl.org/2003/arcrole/parent-child" xlink:from="ManagementsReview" xlink:to="CorporateGovernanceReport" xlink:title="presentation: ManagementsReview to CorporateGovernanceReport" order="170.0"/>
    <link:loc xlink:type="locator" xlink:href="mrv.xsd#mrv_LinkToCorporateGovernanceReport" xlink:label="LinkToCorporateGovernanceReport" xlink:title="LinkToCorporateGovernanceReport"/>
    <link:presentationArc xlink:type="arc" xlink:arcrole="http://www.xbrl.org/2003/arcrole/parent-child" xlink:from="CorporateGovernanceReport" xlink:to="LinkToCorporateGovernanceReport" xlink:title="presentation: CorporateGovernanceReport to LinkToCorporateGovernanceReport" order="10.0"/>
    <link:loc xlink:type="locator" xlink:href="../cmn.xsd#cmn_StatementOfGoodManagementConcerningFoundation" xlink:label="StatementOfGoodManagementConcerningFoundation" xlink:title="StatementOfGoodManagementConcerningFoundation"/>
    <link:presentationArc xlink:type="arc" xlink:arcrole="http://www.xbrl.org/2003/arcrole/parent-child" xlink:from="ManagementsReview" xlink:to="StatementOfGoodManagementConcerningFoundation" xlink:title="presentation: ManagementsReview to StatementOfGoodManagementConcerningFoundation" order="180.0"/>
    <link:loc xlink:type="locator" xlink:href="../cmn.xsd#cmn_LinkToStatementOfGoodManagementConcerningFoundation" xlink:label="LinkToStatementOfGoodManagementConcerningFoundation" xlink:title="LinkToStatementOfGoodManagementConcerningFoundation"/>
    <link:presentationArc xlink:type="arc" xlink:arcrole="http://www.xbrl.org/2003/arcrole/parent-child" xlink:from="StatementOfGoodManagementConcerningFoundation" xlink:to="LinkToStatementOfGoodManagementConcerningFoundation" xlink:title="presentation: StatementOfGoodManagementConcerningFoundation to LinkToStatementOfGoodManagementConcerningFoundation" order="10.0"/>
    <link:loc xlink:type="locator" xlink:href="../cmn.xsd#cmn_StatementOfTheFoundationsDistributionPolicy" xlink:label="StatementOfTheFoundationsDistributionPolicy" xlink:title="StatementOfTheFoundationsDistributionPolicy"/>
    <link:presentationArc xlink:type="arc" xlink:arcrole="http://www.xbrl.org/2003/arcrole/parent-child" xlink:from="ManagementsReview" xlink:to="StatementOfTheFoundationsDistributionPolicy" xlink:title="presentation: ManagementsReview to StatementOfTheFoundationsDistributionPolicy" order="190.0"/>
    <link:loc xlink:type="locator" xlink:href="../cmn.xsd#cmn_LinkToStatementOfTheFoundationsDistributionPolicy" xlink:label="LinkToStatementOfTheFoundationsDistributionPolicy" xlink:title="LinkToStatementOfTheFoundationsDistributionPolicy"/>
    <link:presentationArc xlink:type="arc" xlink:arcrole="http://www.xbrl.org/2003/arcrole/parent-child" xlink:from="StatementOfTheFoundationsDistributionPolicy" xlink:to="LinkToStatementOfTheFoundationsDistributionPolicy" xlink:title="presentation: StatementOfTheFoundationsDistributionPolicy to LinkToStatementOfTheFoundationsDistributionPolicy" order="10.0"/>
    <link:loc xlink:type="locator" xlink:href="mrv.xsd#mrv_InformationFromStatementByManagementGivenInManagementsReviewDueToOptingOutOfStatementByManagementAbstract" xlink:label="InformationFromStatementByManagementGivenInManagementsReviewDueToOptingOutOfStatementByManagementAbstract" xlink:title="InformationFromStatementByManagementGivenInManagementsReviewDueToOptingOutOfStatementByManagementAbstract"/>
    <link:presentationArc xlink:type="arc" xlink:arcrole="http://www.xbrl.org/2003/arcrole/parent-child" xlink:from="ManagementsReview" xlink:to="InformationFromStatementByManagementGivenInManagementsReviewDueToOptingOutOfStatementByManagementAbstract" xlink:title="presentation: ManagementsReview to InformationFromStatementByManagementGivenInManagementsReviewDueToOptingOutOfStatementByManagementAbstract" order="200.0"/>
    <link:loc xlink:type="locator" xlink:href="../sob/sob.xsd#sob_ConfirmationThatFinancialStatementsAreExemptedFromAuditing" xlink:label="ConfirmationThatFinancialStatementsAreExemptedFromAuditing"/>
    <link:presentationArc xlink:type="arc" xlink:arcrole="http://www.xbrl.org/2003/arcrole/parent-child" xlink:from="InformationFromStatementByManagementGivenInManagementsReviewDueToOptingOutOfStatementByManagementAbstract" xlink:to="ConfirmationThatFinancialStatementsAreExemptedFromAuditing" xlink:title="presentation: InformationFromStatementByManagementGivenInManagementsReviewDueToOptingOutOfStatementByManagementAbstract to ConfirmationThatFinancialStatementsAreExemptedFromAuditing" order="10.0"/>
    <link:loc xlink:type="locator" xlink:href="../sob/sob.xsd#sob_ConfirmationThatSupplementaryReportsGiveTrueAndFairViewInAccordanceWithGenerallyAcceptedGuidelinesForSuchReports" xlink:label="ConfirmationThatSupplementaryReportsGiveTrueAndFairViewInAccordanceWithGenerallyAcceptedGuidelinesForSuchReports"/>
    <link:presentationArc xlink:type="arc" xlink:arcrole="http://www.xbrl.org/2003/arcrole/parent-child" xlink:from="InformationFromStatementByManagementGivenInManagementsReviewDueToOptingOutOfStatementByManagementAbstract" xlink:to="ConfirmationThatSupplementaryReportsGiveTrueAndFairViewInAccordanceWithGenerallyAcceptedGuidelinesForSuchReports" xlink:title="presentation: InformationFromStatementByManagementGivenInManagementsReviewDueToOptingOutOfStatementByManagementAbstract to ConfirmationThatSupplementaryReportsGiveTrueAndFairViewInAccordanceWithGenerallyAcceptedGuidelinesForSuchReports" order="20.0"/>
    <link:loc xlink:type="locator" xlink:href="../sob/sob.xsd#sob_StatementOnOptingOutOfAuditingFinancialStatementsInNextReportingPeriodDueToExemption" xlink:label="StatementOnOptingOutOfAuditingFinancialStatementsInNextReportingPeriodDueToExemption" xlink:title="StatementOnOptingOutOfAuditingFinancialStatementsInNextReportingPeriodDueToExemption"/>
    <link:presentationArc xlink:type="arc" xlink:arcrole="http://www.xbrl.org/2003/arcrole/parent-child" xlink:from="InformationFromStatementByManagementGivenInManagementsReviewDueToOptingOutOfStatementByManagementAbstract" xlink:to="StatementOnOptingOutOfAuditingFinancialStatementsInNextReportingPeriodDueToExemption" xlink:title="presentation: InformationFromStatementByManagementGivenInManagementsReviewDueToOptingOutOfStatementByManagementAbstract to StatementOnOptingOutOfAuditingFinancialStatementsInNextReportingPeriodDueToExemption" order="30.0"/>
    <link:loc xlink:type="locator" xlink:href="../fsa/fsa.xsd#fsa_DisclosureOfTreasuryShares" xlink:label="DisclosureOfTreasuryShares"/>
    <link:presentationArc xlink:type="arc" xlink:arcrole="http://www.xbrl.org/2003/arcrole/parent-child" xlink:from="ManagementsReview" xlink:to="DisclosureOfTreasuryShares" xlink:title="presentation: ManagementsReview to DisclosureOfTreasuryShares" order="210.0"/>
    <link:loc xlink:type="locator" xlink:href="../fsa/fsa.xsd#fsa_InformationOnTreasurySharesHold" xlink:label="InformationOnTreasurySharesHold"/>
    <link:presentationArc xlink:type="arc" xlink:arcrole="http://www.xbrl.org/2003/arcrole/parent-child" xlink:from="DisclosureOfTreasuryShares" xlink:to="InformationOnTreasurySharesHold" xlink:title="presentation: DisclosureOfTreasuryShares to InformationOnTreasurySharesHold" order="10.0"/>
    <link:loc xlink:type="locator" xlink:href="../fsa/fsa.xsd#fsa_DetailsOnTreasurySharesHoldAbstract" xlink:label="DetailsOnTreasurySharesHoldAbstract"/>
    <link:presentationArc xlink:type="arc" xlink:arcrole="http://www.xbrl.org/2003/arcrole/parent-child" xlink:from="InformationOnTreasurySharesHold" xlink:to="DetailsOnTreasurySharesHoldAbstract" xlink:title="presentation: InformationOnTreasurySharesHold to DetailsOnTreasurySharesHoldAbstract" order="10.0"/>
    <link:loc xlink:type="locator" xlink:href="../fsa/fsa.xsd#fsa_DetailsOnTreasurySharesHoldHypercube" xlink:label="DetailsOnTreasurySharesHoldHypercube"/>
    <link:presentationArc xlink:type="arc" xlink:arcrole="http://www.xbrl.org/2003/arcrole/parent-child" xlink:from="DetailsOnTreasurySharesHoldAbstract" xlink:to="DetailsOnTreasurySharesHoldHypercube" xlink:title="presentation: DetailsOnTreasurySharesHoldAbstract to DetailsOnTreasurySharesHoldHypercube" order="10.0"/>
    <link:loc xlink:type="locator" xlink:href="../fsa/fsa.xsd#fsa_IdentificationOfClassOfSharesDimension" xlink:label="IdentificationOfClassOfSharesDimension"/>
    <link:presentationArc xlink:type="arc" xlink:arcrole="http://www.xbrl.org/2003/arcrole/parent-child" xlink:from="DetailsOnTreasurySharesHoldHypercube" xlink:to="IdentificationOfClassOfSharesDimension" xlink:title="presentation: DetailsOnTreasurySharesHoldHypercube to IdentificationOfClassOfSharesDimension" order="10.0"/>
    <link:loc xlink:type="locator" xlink:href="../fsa/fsa.xsd#fsa_DescriptionOfTreasurySharesHold" xlink:label="DescriptionOfTreasurySharesHold"/>
    <link:presentationArc xlink:type="arc" xlink:arcrole="http://www.xbrl.org/2003/arcrole/parent-child" xlink:from="DetailsOnTreasurySharesHoldAbstract" xlink:to="DescriptionOfTreasurySharesHold" xlink:title="presentation: DetailsOnTreasurySharesHoldAbstract to DescriptionOfTreasurySharesHold" order="20.0"/>
    <link:loc xlink:type="locator" xlink:href="../fsa/fsa.xsd#fsa_NumberOfTreasurySharesHold" xlink:label="NumberOfTreasurySharesHold"/>
    <link:presentationArc xlink:type="arc" xlink:arcrole="http://www.xbrl.org/2003/arcrole/parent-child" xlink:from="DetailsOnTreasurySharesHoldAbstract" xlink:to="NumberOfTreasurySharesHold" xlink:title="presentation: DetailsOnTreasurySharesHoldAbstract to NumberOfTreasurySharesHold" order="30.0"/>
    <link:loc xlink:type="locator" xlink:href="../fsa/fsa.xsd#fsa_NominalValueOfTreasurySharesHold" xlink:label="NominalValueOfTreasurySharesHold"/>
    <link:presentationArc xlink:type="arc" xlink:arcrole="http://www.xbrl.org/2003/arcrole/parent-child" xlink:from="DetailsOnTreasurySharesHoldAbstract" xlink:to="NominalValueOfTreasurySharesHold" xlink:title="presentation: DetailsOnTreasurySharesHoldAbstract to NominalValueOfTreasurySharesHold" order="40.0"/>
    <link:loc xlink:type="locator" xlink:href="../fsa/fsa.xsd#fsa_PercentageOfContributedCapitalOfTreasurySharesHold" xlink:label="PercentageOfContributedCapitalOfTreasurySharesHold"/>
    <link:presentationArc xlink:type="arc" xlink:arcrole="http://www.xbrl.org/2003/arcrole/parent-child" xlink:from="DetailsOnTreasurySharesHoldAbstract" xlink:to="PercentageOfContributedCapitalOfTreasurySharesHold" xlink:title="presentation: DetailsOnTreasurySharesHoldAbstract to PercentageOfContributedCapitalOfTreasurySharesHold" order="60.0"/>
    <link:loc xlink:type="locator" xlink:href="../fsa/fsa.xsd#fsa_AccountingParValueOfTreasurySharesHold" xlink:label="AccountingParValueOfTreasurySharesHold" xlink:title="AccountingParValueOfTreasurySharesHold"/>
    <link:presentationArc xlink:type="arc" xlink:arcrole="http://www.xbrl.org/2003/arcrole/parent-child" xlink:from="DetailsOnTreasurySharesHoldAbstract" xlink:to="AccountingParValueOfTreasurySharesHold" xlink:title="presentation: DetailsOnTreasurySharesHoldAbstract to AccountingParValueOfTreasurySharesHold" order="50.0"/>
    <link:loc xlink:type="locator" xlink:href="../fsa/fsa.xsd#fsa_InformationOnTreasurySharesAcquired" xlink:label="InformationOnTreasurySharesAcquired"/>
    <link:presentationArc xlink:type="arc" xlink:arcrole="http://www.xbrl.org/2003/arcrole/parent-child" xlink:from="DisclosureOfTreasuryShares" xlink:to="InformationOnTreasurySharesAcquired" xlink:title="presentation: DisclosureOfTreasuryShares to InformationOnTreasurySharesAcquired" order="20.0"/>
    <link:loc xlink:type="locator" xlink:href="../fsa/fsa.xsd#fsa_DetailsOnTreasurySharesAcquiredAbstract" xlink:label="DetailsOnTreasurySharesAcquiredAbstract"/>
    <link:presentationArc xlink:type="arc" xlink:arcrole="http://www.xbrl.org/2003/arcrole/parent-child" xlink:from="InformationOnTreasurySharesAcquired" xlink:to="DetailsOnTreasurySharesAcquiredAbstract" xlink:title="presentation: InformationOnTreasurySharesAcquired to DetailsOnTreasurySharesAcquiredAbstract" order="10.0"/>
    <link:loc xlink:type="locator" xlink:href="../fsa/fsa.xsd#fsa_DetailsOnTreasurySharesAcquiredHypercube" xlink:label="DetailsOnTreasurySharesAcquiredHypercube"/>
    <link:presentationArc xlink:type="arc" xlink:arcrole="http://www.xbrl.org/2003/arcrole/parent-child" xlink:from="DetailsOnTreasurySharesAcquiredAbstract" xlink:to="DetailsOnTreasurySharesAcquiredHypercube" xlink:title="presentation: DetailsOnTreasurySharesAcquiredAbstract to DetailsOnTreasurySharesAcquiredHypercube" order="10.0"/>
    <link:presentationArc xlink:type="arc" xlink:arcrole="http://www.xbrl.org/2003/arcrole/parent-child" xlink:from="DetailsOnTreasurySharesAcquiredHypercube" xlink:to="IdentificationOfClassOfSharesDimension" xlink:title="presentation: DetailsOnTreasurySharesAcquiredHypercube to IdentificationOfClassOfSharesDimension" order="10.0"/>
    <link:loc xlink:type="locator" xlink:href="../fsa/fsa.xsd#fsa_DescriptionOfTreasurySharesAcquired" xlink:label="DescriptionOfTreasurySharesAcquired"/>
    <link:presentationArc xlink:type="arc" xlink:arcrole="http://www.xbrl.org/2003/arcrole/parent-child" xlink:from="DetailsOnTreasurySharesAcquiredAbstract" xlink:to="DescriptionOfTreasurySharesAcquired" xlink:title="presentation: DetailsOnTreasurySharesAcquiredAbstract to DescriptionOfTreasurySharesAcquired" order="20.0"/>
    <link:loc xlink:type="locator" xlink:href="../fsa/fsa.xsd#fsa_NumberOfTreasurySharesAcquired" xlink:label="NumberOfTreasurySharesAcquired"/>
    <link:presentationArc xlink:type="arc" xlink:arcrole="http://www.xbrl.org/2003/arcrole/parent-child" xlink:from="DetailsOnTreasurySharesAcquiredAbstract" xlink:to="NumberOfTreasurySharesAcquired" xlink:title="presentation: DetailsOnTreasurySharesAcquiredAbstract to NumberOfTreasurySharesAcquired" order="30.0"/>
    <link:loc xlink:type="locator" xlink:href="../fsa/fsa.xsd#fsa_NominalValueOfTreasurySharesAcquired" xlink:label="NominalValueOfTreasurySharesAcquired"/>
    <link:presentationArc xlink:type="arc" xlink:arcrole="http://www.xbrl.org/2003/arcrole/parent-child" xlink:from="DetailsOnTreasurySharesAcquiredAbstract" xlink:to="NominalValueOfTreasurySharesAcquired" xlink:title="presentation: DetailsOnTreasurySharesAcquiredAbstract to NominalValueOfTreasurySharesAcquired" order="40.0"/>
    <link:loc xlink:type="locator" xlink:href="../fsa/fsa.xsd#fsa_PercentageOfContributedCapitalOfTreasurySharesAcquired" xlink:label="PercentageOfContributedCapitalOfTreasurySharesAcquired"/>
    <link:presentationArc xlink:type="arc" xlink:arcrole="http://www.xbrl.org/2003/arcrole/parent-child" xlink:from="DetailsOnTreasurySharesAcquiredAbstract" xlink:to="PercentageOfContributedCapitalOfTreasurySharesAcquired" xlink:title="presentation: DetailsOnTreasurySharesAcquiredAbstract to PercentageOfContributedCapitalOfTreasurySharesAcquired" order="60.0"/>
    <link:loc xlink:type="locator" xlink:href="../fsa/fsa.xsd#fsa_PurchasePriceOfTreasurySharesAcquired" xlink:label="PurchasePriceOfTreasurySharesAcquired"/>
    <link:presentationArc xlink:type="arc" xlink:arcrole="http://www.xbrl.org/2003/arcrole/parent-child" xlink:from="DetailsOnTreasurySharesAcquiredAbstract" xlink:to="PurchasePriceOfTreasurySharesAcquired" xlink:title="presentation: DetailsOnTreasurySharesAcquiredAbstract to PurchasePriceOfTreasurySharesAcquired" order="70.0"/>
    <link:loc xlink:type="locator" xlink:href="../fsa/fsa.xsd#fsa_ExplanationOfReasonForAcquisitionOfTreasuryShares" xlink:label="ExplanationOfReasonForAcquisitionOfTreasuryShares"/>
    <link:presentationArc xlink:type="arc" xlink:arcrole="http://www.xbrl.org/2003/arcrole/parent-child" xlink:from="DetailsOnTreasurySharesAcquiredAbstract" xlink:to="ExplanationOfReasonForAcquisitionOfTreasuryShares" xlink:title="presentation: DetailsOnTreasurySharesAcquiredAbstract to ExplanationOfReasonForAcquisitionOfTreasuryShares" order="80.0"/>
    <link:loc xlink:type="locator" xlink:href="../fsa/fsa.xsd#fsa_AccountingParValueOfTreasurySharesAcquired" xlink:label="AccountingParValueOfTreasurySharesAcquired" xlink:title="AccountingParValueOfTreasurySharesAcquired"/>
    <link:presentationArc xlink:type="arc" xlink:arcrole="http://www.xbrl.org/2003/arcrole/parent-child" xlink:from="DetailsOnTreasurySharesAcquiredAbstract" xlink:to="AccountingParValueOfTreasurySharesAcquired" xlink:title="presentation: DetailsOnTreasurySharesAcquiredAbstract to AccountingParValueOfTreasurySharesAcquired" order="50.0"/>
    <link:loc xlink:type="locator" xlink:href="../fsa/fsa.xsd#fsa_InformationOnTreasurySharesSold" xlink:label="InformationOnTreasurySharesSold"/>
    <link:presentationArc xlink:type="arc" xlink:arcrole="http://www.xbrl.org/2003/arcrole/parent-child" xlink:from="DisclosureOfTreasuryShares" xlink:to="InformationOnTreasurySharesSold" xlink:title="presentation: DisclosureOfTreasuryShares to InformationOnTreasurySharesSold" order="30.0"/>
    <link:loc xlink:type="locator" xlink:href="../fsa/fsa.xsd#fsa_DetailsOnTreasurySharesSoldAbstract" xlink:label="DetailsOnTreasurySharesSoldAbstract"/>
    <link:presentationArc xlink:type="arc" xlink:arcrole="http://www.xbrl.org/2003/arcrole/parent-child" xlink:from="InformationOnTreasurySharesSold" xlink:to="DetailsOnTreasurySharesSoldAbstract" xlink:title="presentation: InformationOnTreasurySharesSold to DetailsOnTreasurySharesSoldAbstract" order="10.0"/>
    <link:loc xlink:type="locator" xlink:href="../fsa/fsa.xsd#fsa_DetailsOnTreasurySharesSoldHypercube" xlink:label="DetailsOnTreasurySharesSoldHypercube"/>
    <link:presentationArc xlink:type="arc" xlink:arcrole="http://www.xbrl.org/2003/arcrole/parent-child" xlink:from="DetailsOnTreasurySharesSoldAbstract" xlink:to="DetailsOnTreasurySharesSoldHypercube" xlink:title="presentation: DetailsOnTreasurySharesSoldAbstract to DetailsOnTreasurySharesSoldHypercube" order="10.0"/>
    <link:presentationArc xlink:type="arc" xlink:arcrole="http://www.xbrl.org/2003/arcrole/parent-child" xlink:from="DetailsOnTreasurySharesSoldHypercube" xlink:to="IdentificationOfClassOfSharesDimension" xlink:title="presentation: DetailsOnTreasurySharesSoldHypercube to IdentificationOfClassOfSharesDimension" order="10.0"/>
    <link:loc xlink:type="locator" xlink:href="../fsa/fsa.xsd#fsa_DescriptionOfTreasurySharesSold" xlink:label="DescriptionOfTreasurySharesSold"/>
    <link:presentationArc xlink:type="arc" xlink:arcrole="http://www.xbrl.org/2003/arcrole/parent-child" xlink:from="DetailsOnTreasurySharesSoldAbstract" xlink:to="DescriptionOfTreasurySharesSold" xlink:title="presentation: DetailsOnTreasurySharesSoldAbstract to DescriptionOfTreasurySharesSold" order="20.0"/>
    <link:loc xlink:type="locator" xlink:href="../fsa/fsa.xsd#fsa_NumberOfTreasurySharesSold" xlink:label="NumberOfTreasurySharesSold"/>
    <link:presentationArc xlink:type="arc" xlink:arcrole="http://www.xbrl.org/2003/arcrole/parent-child" xlink:from="DetailsOnTreasurySharesSoldAbstract" xlink:to="NumberOfTreasurySharesSold" xlink:title="presentation: DetailsOnTreasurySharesSoldAbstract to NumberOfTreasurySharesSold" order="30.0"/>
    <link:loc xlink:type="locator" xlink:href="../fsa/fsa.xsd#fsa_NominalValueOfTreasurySharesSold" xlink:label="NominalValueOfTreasurySharesSold"/>
    <link:presentationArc xlink:type="arc" xlink:arcrole="http://www.xbrl.org/2003/arcrole/parent-child" xlink:from="DetailsOnTreasurySharesSoldAbstract" xlink:to="NominalValueOfTreasurySharesSold" xlink:title="presentation: DetailsOnTreasurySharesSoldAbstract to NominalValueOfTreasurySharesSold" order="40.0"/>
    <link:loc xlink:type="locator" xlink:href="../fsa/fsa.xsd#fsa_PercentageOfContributedCapitalOfTreasurySharesSold" xlink:label="PercentageOfContributedCapitalOfTreasurySharesSold"/>
    <link:presentationArc xlink:type="arc" xlink:arcrole="http://www.xbrl.org/2003/arcrole/parent-child" xlink:from="DetailsOnTreasurySharesSoldAbstract" xlink:to="PercentageOfContributedCapitalOfTreasurySharesSold" xlink:title="presentation: DetailsOnTreasurySharesSoldAbstract to PercentageOfContributedCapitalOfTreasurySharesSold" order="50.0"/>
    <link:loc xlink:type="locator" xlink:href="../fsa/fsa.xsd#fsa_SalesPriceOfTreasurySharesSold" xlink:label="SalesPriceOfTreasurySharesSold"/>
    <link:presentationArc xlink:type="arc" xlink:arcrole="http://www.xbrl.org/2003/arcrole/parent-child" xlink:from="DetailsOnTreasurySharesSoldAbstract" xlink:to="SalesPriceOfTreasurySharesSold" xlink:title="presentation: DetailsOnTreasurySharesSoldAbstract to SalesPriceOfTreasurySharesSold" order="60.0"/>
    <link:loc xlink:type="locator" xlink:href="../fsa/fsa.xsd#fsa_InformationOnTreasurySharesAcquiredAsSecurity" xlink:label="InformationOnTreasurySharesAcquiredAsSecurity"/>
    <link:presentationArc xlink:type="arc" xlink:arcrole="http://www.xbrl.org/2003/arcrole/parent-child" xlink:from="DisclosureOfTreasuryShares" xlink:to="InformationOnTreasurySharesAcquiredAsSecurity" xlink:title="presentation: DisclosureOfTreasuryShares to InformationOnTreasurySharesAcquiredAsSecurity" order="40.0"/>
    <link:loc xlink:type="locator" xlink:href="../fsa/fsa.xsd#fsa_DetailsOnTreasurySharesAcquiredAsSecurityAbstract" xlink:label="DetailsOnTreasurySharesAcquiredAsSecurityAbstract"/>
    <link:presentationArc xlink:type="arc" xlink:arcrole="http://www.xbrl.org/2003/arcrole/parent-child" xlink:from="InformationOnTreasurySharesAcquiredAsSecurity" xlink:to="DetailsOnTreasurySharesAcquiredAsSecurityAbstract" xlink:title="presentation: InformationOnTreasurySharesAcquiredAsSecurity to DetailsOnTreasurySharesAcquiredAsSecurityAbstract" order="10.0"/>
    <link:loc xlink:type="locator" xlink:href="../fsa/fsa.xsd#fsa_DetailsOnTreasurySharesAcquiredAsSecurityHypercube" xlink:label="DetailsOnTreasurySharesAcquiredAsSecurityHypercube"/>
    <link:presentationArc xlink:type="arc" xlink:arcrole="http://www.xbrl.org/2003/arcrole/parent-child" xlink:from="DetailsOnTreasurySharesAcquiredAsSecurityAbstract" xlink:to="DetailsOnTreasurySharesAcquiredAsSecurityHypercube" xlink:title="presentation: DetailsOnTreasurySharesAcquiredAsSecurityAbstract to DetailsOnTreasurySharesAcquiredAsSecurityHypercube" order="10.0"/>
    <link:presentationArc xlink:type="arc" xlink:arcrole="http://www.xbrl.org/2003/arcrole/parent-child" xlink:from="DetailsOnTreasurySharesAcquiredAsSecurityHypercube" xlink:to="IdentificationOfClassOfSharesDimension" xlink:title="presentation: DetailsOnTreasurySharesAcquiredAsSecurityHypercube to IdentificationOfClassOfSharesDimension" order="10.0"/>
    <link:loc xlink:type="locator" xlink:href="../fsa/fsa.xsd#fsa_DescriptionOfTreasurySharesAcquiredAsSecurity" xlink:label="DescriptionOfTreasurySharesAcquiredAsSecurity"/>
    <link:presentationArc xlink:type="arc" xlink:arcrole="http://www.xbrl.org/2003/arcrole/parent-child" xlink:from="DetailsOnTreasurySharesAcquiredAsSecurityAbstract" xlink:to="DescriptionOfTreasurySharesAcquiredAsSecurity" xlink:title="presentation: DetailsOnTreasurySharesAcquiredAsSecurityAbstract to DescriptionOfTreasurySharesAcquiredAsSecurity" order="20.0"/>
    <link:loc xlink:type="locator" xlink:href="../fsa/fsa.xsd#fsa_NumberOfTreasurySharesAcquiredAsSecurity" xlink:label="NumberOfTreasurySharesAcquiredAsSecurity"/>
    <link:presentationArc xlink:type="arc" xlink:arcrole="http://www.xbrl.org/2003/arcrole/parent-child" xlink:from="DetailsOnTreasurySharesAcquiredAsSecurityAbstract" xlink:to="NumberOfTreasurySharesAcquiredAsSecurity" xlink:title="presentation: DetailsOnTreasurySharesAcquiredAsSecurityAbstract to NumberOfTreasurySharesAcquiredAsSecurity" order="30.0"/>
    <link:loc xlink:type="locator" xlink:href="../fsa/fsa.xsd#fsa_NominalValueOfTreasurySharesAcquiredAsSecurity" xlink:label="NominalValueOfTreasurySharesAcquiredAsSecurity"/>
    <link:presentationArc xlink:type="arc" xlink:arcrole="http://www.xbrl.org/2003/arcrole/parent-child" xlink:from="DetailsOnTreasurySharesAcquiredAsSecurityAbstract" xlink:to="NominalValueOfTreasurySharesAcquiredAsSecurity" xlink:title="presentation: DetailsOnTreasurySharesAcquiredAsSecurityAbstract to NominalValueOfTreasurySharesAcquiredAsSecurity" order="40.0"/>
    <link:loc xlink:type="locator" xlink:href="../fsa/fsa.xsd#fsa_PercentageOfContributedCapitalOfTreasurySharesAcquiredAsSecurity" xlink:label="PercentageOfContributedCapitalOfTreasurySharesAcquiredAsSecurity"/>
    <link:presentationArc xlink:type="arc" xlink:arcrole="http://www.xbrl.org/2003/arcrole/parent-child" xlink:from="DetailsOnTreasurySharesAcquiredAsSecurityAbstract" xlink:to="PercentageOfContributedCapitalOfTreasurySharesAcquiredAsSecurity" xlink:title="presentation: DetailsOnTreasurySharesAcquiredAsSecurityAbstract to PercentageOfContributedCapitalOfTreasurySharesAcquiredAsSecurity" order="60.0"/>
    <link:loc xlink:type="locator" xlink:href="../fsa/fsa.xsd#fsa_PurchasePriceOfTreasurySharesAcquiredAsSecurity" xlink:label="PurchasePriceOfTreasurySharesAcquiredAsSecurity"/>
    <link:presentationArc xlink:type="arc" xlink:arcrole="http://www.xbrl.org/2003/arcrole/parent-child" xlink:from="DetailsOnTreasurySharesAcquiredAsSecurityAbstract" xlink:to="PurchasePriceOfTreasurySharesAcquiredAsSecurity" xlink:title="presentation: DetailsOnTreasurySharesAcquiredAsSecurityAbstract to PurchasePriceOfTreasurySharesAcquiredAsSecurity" order="70.0"/>
    <link:loc xlink:type="locator" xlink:href="../fsa/fsa.xsd#fsa_ExplanationOfReasonForAcquisitionOfTreasurySharesAsSecurity" xlink:label="ExplanationOfReasonForAcquisitionOfTreasurySharesAsSecurity"/>
    <link:presentationArc xlink:type="arc" xlink:arcrole="http://www.xbrl.org/2003/arcrole/parent-child" xlink:from="DetailsOnTreasurySharesAcquiredAsSecurityAbstract" xlink:to="ExplanationOfReasonForAcquisitionOfTreasurySharesAsSecurity" xlink:title="presentation: DetailsOnTreasurySharesAcquiredAsSecurityAbstract to ExplanationOfReasonForAcquisitionOfTreasurySharesAsSecurity" order="80.0"/>
    <link:loc xlink:type="locator" xlink:href="../fsa/fsa.xsd#fsa_AccountingParValueOfTreasurySharesAcquiredAsSecurity" xlink:label="AccountingParValueOfTreasurySharesAcquiredAsSecurity" xlink:title="AccountingParValueOfTreasurySharesAcquiredAsSecurity"/>
    <link:presentationArc xlink:type="arc" xlink:arcrole="http://www.xbrl.org/2003/arcrole/parent-child" xlink:from="DetailsOnTreasurySharesAcquiredAsSecurityAbstract" xlink:to="AccountingParValueOfTreasurySharesAcquiredAsSecurity" xlink:title="presentation: DetailsOnTreasurySharesAcquiredAsSecurityAbstract to AccountingParValueOfTreasurySharesAcquiredAsSecurity" order="50.0"/>
    <link:loc xlink:type="locator" xlink:href="mrv.xsd#mrv_RelatedToManagementsReviewAbstract" xlink:label="RelatedToManagementsReviewAbstract" xlink:title="RelatedToManagementsReviewAbstract"/>
    <link:presentationArc xlink:type="arc" xlink:arcrole="http://www.xbrl.org/2003/arcrole/parent-child" xlink:from="ManagementsReviewEtcAbstract" xlink:to="RelatedToManagementsReviewAbstract" xlink:title="presentation: ManagementsReviewEtcAbstract to RelatedToManagementsReviewAbstract" order="20.0"/>
    <link:loc xlink:type="locator" xlink:href="mrv.xsd#mrv_ReportOnPaymentsToAuthorities" xlink:label="ReportOnPaymentsToAuthorities" xlink:title="ReportOnPaymentsToAuthorities"/>
    <link:presentationArc xlink:type="arc" xlink:arcrole="http://www.xbrl.org/2003/arcrole/parent-child" xlink:from="RelatedToManagementsReviewAbstract" xlink:to="ReportOnPaymentsToAuthorities" xlink:title="presentation: RelatedToManagementsReviewAbstract to ReportOnPaymentsToAuthorities" order="30.0"/>
    <link:loc xlink:type="locator" xlink:href="mrv.xsd#mrv_StatementOfCorporateSocialResponsibility" xlink:label="StatementOfCorporateSocialResponsibility"/>
    <link:presentationArc xlink:type="arc" xlink:arcrole="http://www.xbrl.org/2003/arcrole/parent-child" xlink:from="RelatedToManagementsReviewAbstract" xlink:to="StatementOfCorporateSocialResponsibility" xlink:title="presentation: RelatedToManagementsReviewAbstract to StatementOfCorporateSocialResponsibility" order="10.0"/>
    <link:loc xlink:type="locator" xlink:href="mrv.xsd#mrv_DescriptionOfPoliciesOnSocialResponsibility" xlink:label="DescriptionOfPoliciesOnSocialResponsibility"/>
    <link:presentationArc xlink:type="arc" xlink:arcrole="http://www.xbrl.org/2003/arcrole/parent-child" xlink:from="StatementOfCorporateSocialResponsibility" xlink:to="DescriptionOfPoliciesOnSocialResponsibility" order="10.0"/>
    <link:loc xlink:type="locator" xlink:href="mrv.xsd#mrv_DetailsOnPoliciesOnCorporateSocialResponsibilityAbstract" xlink:label="DetailsOnPoliciesOnCorporateSocialResponsibilityAbstract" xlink:title="DetailsOnPoliciesOnCorporateSocialResponsibilityAbstract"/>
    <link:presentationArc xlink:type="arc" xlink:arcrole="http://www.xbrl.org/2003/arcrole/parent-child" xlink:from="DescriptionOfPoliciesOnSocialResponsibility" xlink:to="DetailsOnPoliciesOnCorporateSocialResponsibilityAbstract" xlink:title="presentation: DescriptionOfPoliciesOnSocialResponsibility to DetailsOnPoliciesOnCorporateSocialResponsibilityAbstract" order="10.0"/>
    <link:loc xlink:type="locator" xlink:href="mrv.xsd#mrv_DetailsOnPoliciesOnCorporateSocialResponsibilityHypercube" xlink:label="DetailsOnPoliciesOnCorporateSocialResponsibilityHypercube" xlink:title="DetailsOnPoliciesOnCorporateSocialResponsibilityHypercube"/>
    <link:presentationArc xlink:type="arc" xlink:arcrole="http://www.xbrl.org/2003/arcrole/parent-child" xlink:from="DetailsOnPoliciesOnCorporateSocialResponsibilityAbstract" xlink:to="DetailsOnPoliciesOnCorporateSocialResponsibilityHypercube" xlink:title="presentation: DetailsOnPoliciesOnCorporateSocialResponsibilityAbstract to DetailsOnPoliciesOnCorporateSocialResponsibilityHypercube" order="10.0"/>
    <link:loc xlink:type="locator" xlink:href="mrv.xsd#mrv_TypeOfPoliciesDimension" xlink:label="TypeOfPoliciesDimension" xlink:title="TypeOfPoliciesDimension"/>
    <link:presentationArc xlink:type="arc" xlink:arcrole="http://www.xbrl.org/2003/arcrole/parent-child" xlink:from="DetailsOnPoliciesOnCorporateSocialResponsibilityHypercube" xlink:to="TypeOfPoliciesDimension" xlink:title="presentation: DetailsOnPoliciesOnCorporateSocialResponsibilityHypercube to TypeOfPoliciesDimension" order="10.0"/>
    <link:loc xlink:type="locator" xlink:href="mrv.xsd#mrv_AllPoliciesMember" xlink:label="AllPoliciesMember" xlink:title="AllPoliciesMember"/>
    <link:presentationArc xlink:type="arc" xlink:arcrole="http://www.xbrl.org/2003/arcrole/parent-child" xlink:from="TypeOfPoliciesDimension" xlink:to="AllPoliciesMember" xlink:title="presentation: TypeOfPoliciesDimension to AllPoliciesMember" order="10.0"/>
    <link:loc xlink:type="locator" xlink:href="mrv.xsd#mrv_PoliciesOnEnvironmentMember" xlink:label="PoliciesOnEnvironmentMember" xlink:title="PoliciesOnEnvironmentMember"/>
    <link:presentationArc xlink:type="arc" xlink:arcrole="http://www.xbrl.org/2003/arcrole/parent-child" xlink:from="AllPoliciesMember" xlink:to="PoliciesOnEnvironmentMember" xlink:title="presentation: AllPoliciesMember to PoliciesOnEnvironmentMember" order="10.0"/>
    <link:loc xlink:type="locator" xlink:href="mrv.xsd#mrv_PoliciesOnSocialConditionsAndLaborPracticesMember" xlink:label="PoliciesOnSocialConditionsAndLaborPracticesMember" xlink:title="PoliciesOnSocialConditionsAndLaborPracticesMember"/>
    <link:presentationArc xlink:type="arc" xlink:arcrole="http://www.xbrl.org/2003/arcrole/parent-child" xlink:from="AllPoliciesMember" xlink:to="PoliciesOnSocialConditionsAndLaborPracticesMember" xlink:title="presentation: AllPoliciesMember to PoliciesOnSocialConditionsAndLaborPracticesMember" order="20.0"/>
    <link:loc xlink:type="locator" xlink:href="mrv.xsd#mrv_PoliciesOnHumanRights" xlink:label="PoliciesOnHumanRights" xlink:title="PoliciesOnHumanRights"/>
    <link:presentationArc xlink:type="arc" xlink:arcrole="http://www.xbrl.org/2003/arcrole/parent-child" xlink:from="AllPoliciesMember" xlink:to="PoliciesOnHumanRights" xlink:title="presentation: AllPoliciesMember to PoliciesOnHumanRights" order="30.0"/>
    <link:loc xlink:type="locator" xlink:href="mrv.xsd#mrv_PoliciesOnAntiCorruptionAndBriberyMember" xlink:label="PoliciesOnAntiCorruptionAndBriberyMember" xlink:title="PoliciesOnAntiCorruptionAndBriberyMember"/>
    <link:presentationArc xlink:type="arc" xlink:arcrole="http://www.xbrl.org/2003/arcrole/parent-child" xlink:from="AllPoliciesMember" xlink:to="PoliciesOnAntiCorruptionAndBriberyMember" xlink:title="presentation: AllPoliciesMember to PoliciesOnAntiCorruptionAndBriberyMember" order="40.0"/>
    <link:loc xlink:type="locator" xlink:href="mrv.xsd#mrv_DescriptionOfStandardsGuidelinesAndPrinciplesOfCorporateSocialResponsibility" xlink:label="DescriptionOfStandardsGuidelinesAndPrinciplesOfCorporateSocialResponsibility"/>
    <link:presentationArc xlink:type="arc" xlink:arcrole="http://www.xbrl.org/2003/arcrole/parent-child" xlink:from="DetailsOnPoliciesOnCorporateSocialResponsibilityAbstract" xlink:to="DescriptionOfStandardsGuidelinesAndPrinciplesOfCorporateSocialResponsibility" xlink:title="presentation: DetailsOnPoliciesOnCorporateSocialResponsibilityAbstract to DescriptionOfStandardsGuidelinesAndPrinciplesOfCorporateSocialResponsibility" order="20.0"/>
    <link:loc xlink:type="locator" xlink:href="mrv.xsd#mrv_DescriptionOfTranslatingCorporateSocialResponsibilityPoliciesIntoAction" xlink:label="DescriptionOfTranslatingCorporateSocialResponsibilityPoliciesIntoAction"/>
    <link:presentationArc xlink:type="arc" xlink:arcrole="http://www.xbrl.org/2003/arcrole/parent-child" xlink:from="DetailsOnPoliciesOnCorporateSocialResponsibilityAbstract" xlink:to="DescriptionOfTranslatingCorporateSocialResponsibilityPoliciesIntoAction" xlink:title="presentation: DetailsOnPoliciesOnCorporateSocialResponsibilityAbstract to DescriptionOfTranslatingCorporateSocialResponsibilityPoliciesIntoAction" order="30.0"/>
    <link:loc xlink:type="locator" xlink:href="mrv.xsd#mrv_DescriptionOfAssessmentOfAchievedResultsOfWorkWithCommunity" xlink:label="DescriptionOfAssessmentOfAchievedResultsOfWorkWithCommunity"/>
    <link:presentationArc xlink:type="arc" xlink:arcrole="http://www.xbrl.org/2003/arcrole/parent-child" xlink:from="DetailsOnPoliciesOnCorporateSocialResponsibilityAbstract" xlink:to="DescriptionOfAssessmentOfAchievedResultsOfWorkWithCommunity" xlink:title="presentation: DetailsOnPoliciesOnCorporateSocialResponsibilityAbstract to DescriptionOfAssessmentOfAchievedResultsOfWorkWithCommunity" order="40.0"/>
    <link:loc xlink:type="locator" xlink:href="mrv.xsd#mrv_DescriptionOfExpectationsForFutureWorkWithCommunity" xlink:label="DescriptionOfExpectationsForFutureWorkWithCommunity"/>
    <link:presentationArc xlink:type="arc" xlink:arcrole="http://www.xbrl.org/2003/arcrole/parent-child" xlink:from="DetailsOnPoliciesOnCorporateSocialResponsibilityAbstract" xlink:to="DescriptionOfExpectationsForFutureWorkWithCommunity" xlink:title="presentation: DetailsOnPoliciesOnCorporateSocialResponsibilityAbstract to DescriptionOfExpectationsForFutureWorkWithCommunity" order="50.0"/>
    <link:loc xlink:type="locator" xlink:href="mrv.xsd#mrv_DescriptionOfPrincipalRiskInRelationToTheSignificantActivitiesOfEntityCorporateSocialResponsibility" xlink:label="DescriptionOfPrincipalRiskInRelationToTheSignificantActivitiesOfEntityCorporateSocialResponsibility" xlink:title="DescriptionOfPrincipalRiskInRelationToTheSignificantActivitiesOfEntityCorporateSocialResponsibility"/>
    <link:presentationArc xlink:type="arc" xlink:arcrole="http://www.xbrl.org/2003/arcrole/parent-child" xlink:from="DetailsOnPoliciesOnCorporateSocialResponsibilityAbstract" xlink:to="DescriptionOfPrincipalRiskInRelationToTheSignificantActivitiesOfEntityCorporateSocialResponsibility" xlink:title="presentation: DetailsOnPoliciesOnCorporateSocialResponsibilityAbstract to DescriptionOfPrincipalRiskInRelationToTheSignificantActivitiesOfEntityCorporateSocialResponsibility" order="60.0"/>
    <link:loc xlink:type="locator" xlink:href="mrv.xsd#mrv_ExplanationThatEntityHasNoPoliciesOnSocialResponsibility" xlink:label="ExplanationThatEntityHasNoPoliciesOnSocialResponsibility"/>
    <link:presentationArc xlink:type="arc" xlink:arcrole="http://www.xbrl.org/2003/arcrole/parent-child" xlink:from="DetailsOnPoliciesOnCorporateSocialResponsibilityAbstract" xlink:to="ExplanationThatEntityHasNoPoliciesOnSocialResponsibility" xlink:title="presentation: DetailsOnPoliciesOnCorporateSocialResponsibilityAbstract to ExplanationThatEntityHasNoPoliciesOnSocialResponsibility" order="70.0"/>
    <link:loc xlink:type="locator" xlink:href="mrv.xsd#mrv_DescriptionOfTheBusinessModelOfTheEntityCorporateSocialResponsibility" xlink:label="DescriptionOfTheBusinessModelOfTheEntityCorporateSocialResponsibility" xlink:title="DescriptionOfTheBusinessModelOfTheEntityCorporateSocialResponsibility"/>
    <link:presentationArc xlink:type="arc" xlink:arcrole="http://www.xbrl.org/2003/arcrole/parent-child" xlink:from="DetailsOnPoliciesOnCorporateSocialResponsibilityAbstract" xlink:to="DescriptionOfTheBusinessModelOfTheEntityCorporateSocialResponsibility" xlink:title="presentation: DetailsOnPoliciesOnCorporateSocialResponsibilityAbstract to DescriptionOfTheBusinessModelOfTheEntityCorporateSocialResponsibility" order="15.0"/>
    <link:loc xlink:type="locator" xlink:href="mrv.xsd#mrv_DescriptionOfTheEntitysUseOfAnyNonFinancialKeyPerformanceIndicatorsCorporateSocialResponsibility" xlink:label="DescriptionOfTheEntitysUseOfAnyNonFinancialKeyPerformanceIndicatorsCorporateSocialResponsibility" xlink:title="DescriptionOfTheEntitysUseOfAnyNonFinancialKeyPerformanceIndicatorsCorporateSocialResponsibility"/>
    <link:presentationArc xlink:type="arc" xlink:arcrole="http://www.xbrl.org/2003/arcrole/parent-child" xlink:from="DetailsOnPoliciesOnCorporateSocialResponsibilityAbstract" xlink:to="DescriptionOfTheEntitysUseOfAnyNonFinancialKeyPerformanceIndicatorsCorporateSocialResponsibility" xlink:title="presentation: DetailsOnPoliciesOnCorporateSocialResponsibilityAbstract to DescriptionOfTheEntitysUseOfAnyNonFinancialKeyPerformanceIndicatorsCorporateSocialResponsibility" order="65.0"/>
    <link:loc xlink:type="locator" xlink:href="mrv.xsd#mrv_DetailsOnPoliciesOnOtherCorporateSocialResponsibilityAbstract" xlink:label="DetailsOnPoliciesOnOtherCorporateSocialResponsibilityAbstract" xlink:title="DetailsOnPoliciesOnOtherCorporateSocialResponsibilityAbstract"/>
    <link:presentationArc xlink:type="arc" xlink:arcrole="http://www.xbrl.org/2003/arcrole/parent-child" xlink:from="DescriptionOfPoliciesOnSocialResponsibility" xlink:to="DetailsOnPoliciesOnOtherCorporateSocialResponsibilityAbstract" xlink:title="presentation: DescriptionOfPoliciesOnSocialResponsibility to DetailsOnPoliciesOnOtherCorporateSocialResponsibilityAbstract" order="20.0"/>
    <link:loc xlink:type="locator" xlink:href="mrv.xsd#mrv_DetailsOnPoliciesOnOtherCorporateSocialResponsibilityHypercube" xlink:label="DetailsOnPoliciesOnOtherCorporateSocialResponsibilityHypercube" xlink:title="DetailsOnPoliciesOnOtherCorporateSocialResponsibilityHypercube"/>
    <link:presentationArc xlink:type="arc" xlink:arcrole="http://www.xbrl.org/2003/arcrole/parent-child" xlink:from="DetailsOnPoliciesOnOtherCorporateSocialResponsibilityAbstract" xlink:to="DetailsOnPoliciesOnOtherCorporateSocialResponsibilityHypercube" xlink:title="presentation: DetailsOnPoliciesOnOtherCorporateSocialResponsibilityAbstract to DetailsOnPoliciesOnOtherCorporateSocialResponsibilityHypercube" order="10.0"/>
    <link:loc xlink:type="locator" xlink:href="mrv.xsd#mrv_IdentificationOfPolicyDimension" xlink:label="IdentificationOfPolicyDimension" xlink:title="IdentificationOfPolicyDimension"/>
    <link:presentationArc xlink:type="arc" xlink:arcrole="http://www.xbrl.org/2003/arcrole/parent-child" xlink:from="DetailsOnPoliciesOnOtherCorporateSocialResponsibilityHypercube" xlink:to="IdentificationOfPolicyDimension" xlink:title="presentation: DetailsOnPoliciesOnOtherCorporateSocialResponsibilityHypercube to IdentificationOfPolicyDimension" order="10.0"/>
    <link:presentationArc xlink:type="arc" xlink:arcrole="http://www.xbrl.org/2003/arcrole/parent-child" xlink:from="DetailsOnPoliciesOnOtherCorporateSocialResponsibilityAbstract" xlink:to="DescriptionOfStandardsGuidelinesAndPrinciplesOfCorporateSocialResponsibility" xlink:title="presentation: DetailsOnPoliciesOnOtherCorporateSocialResponsibilityAbstract to DescriptionOfStandardsGuidelinesAndPrinciplesOfCorporateSocialResponsibility" order="30.0"/>
    <link:presentationArc xlink:type="arc" xlink:arcrole="http://www.xbrl.org/2003/arcrole/parent-child" xlink:from="DetailsOnPoliciesOnOtherCorporateSocialResponsibilityAbstract" xlink:to="DescriptionOfTranslatingCorporateSocialResponsibilityPoliciesIntoAction" xlink:title="presentation: DetailsOnPoliciesOnOtherCorporateSocialResponsibilityAbstract to DescriptionOfTranslatingCorporateSocialResponsibilityPoliciesIntoAction" order="40.0"/>
    <link:presentationArc xlink:type="arc" xlink:arcrole="http://www.xbrl.org/2003/arcrole/parent-child" xlink:from="DetailsOnPoliciesOnOtherCorporateSocialResponsibilityAbstract" xlink:to="DescriptionOfAssessmentOfAchievedResultsOfWorkWithCommunity" xlink:title="presentation: DetailsOnPoliciesOnOtherCorporateSocialResponsibilityAbstract to DescriptionOfAssessmentOfAchievedResultsOfWorkWithCommunity" order="50.0"/>
    <link:presentationArc xlink:type="arc" xlink:arcrole="http://www.xbrl.org/2003/arcrole/parent-child" xlink:from="DetailsOnPoliciesOnOtherCorporateSocialResponsibilityAbstract" xlink:to="DescriptionOfExpectationsForFutureWorkWithCommunity" xlink:title="presentation: DetailsOnPoliciesOnOtherCorporateSocialResponsibilityAbstract to DescriptionOfExpectationsForFutureWorkWithCommunity" order="60.0"/>
    <link:presentationArc xlink:type="arc" xlink:arcrole="http://www.xbrl.org/2003/arcrole/parent-child" xlink:from="DetailsOnPoliciesOnOtherCorporateSocialResponsibilityAbstract" xlink:to="DescriptionOfPrincipalRiskInRelationToTheSignificantActivitiesOfEntityCorporateSocialResponsibility" xlink:title="presentation: DetailsOnPoliciesOnOtherCorporateSocialResponsibilityAbstract to DescriptionOfPrincipalRiskInRelationToTheSignificantActivitiesOfEntityCorporateSocialResponsibility" order="70.0"/>
    <link:presentationArc xlink:type="arc" xlink:arcrole="http://www.xbrl.org/2003/arcrole/parent-child" xlink:from="DetailsOnPoliciesOnOtherCorporateSocialResponsibilityAbstract" xlink:to="ExplanationThatEntityHasNoPoliciesOnSocialResponsibility" xlink:title="presentation: DetailsOnPoliciesOnOtherCorporateSocialResponsibilityAbstract to ExplanationThatEntityHasNoPoliciesOnSocialResponsibility" order="80.0"/>
    <link:loc xlink:type="locator" xlink:href="mrv.xsd#mrv_NameOfPolicyCorporateSocialResponsibility" xlink:label="NameOfPolicyCorporateSocialResponsibility" xlink:title="NameOfPolicyCorporateSocialResponsibility"/>
    <link:presentationArc xlink:type="arc" xlink:arcrole="http://www.xbrl.org/2003/arcrole/parent-child" xlink:from="DetailsOnPoliciesOnOtherCorporateSocialResponsibilityAbstract" xlink:to="NameOfPolicyCorporateSocialResponsibility" xlink:title="presentation: DetailsOnPoliciesOnOtherCorporateSocialResponsibilityAbstract to NameOfPolicyCorporateSocialResponsibility" order="20.0"/>
    <link:presentationArc xlink:type="arc" xlink:arcrole="http://www.xbrl.org/2003/arcrole/parent-child" xlink:from="DetailsOnPoliciesOnOtherCorporateSocialResponsibilityAbstract" xlink:to="DescriptionOfTheBusinessModelOfTheEntityCorporateSocialResponsibility" xlink:title="presentation: DetailsOnPoliciesOnOtherCorporateSocialResponsibilityAbstract to DescriptionOfTheBusinessModelOfTheEntityCorporateSocialResponsibility" order="25.0"/>
    <link:presentationArc xlink:type="arc" xlink:arcrole="http://www.xbrl.org/2003/arcrole/parent-child" xlink:from="DetailsOnPoliciesOnOtherCorporateSocialResponsibilityAbstract" xlink:to="DescriptionOfTheEntitysUseOfAnyNonFinancialKeyPerformanceIndicatorsCorporateSocialResponsibility" xlink:title="presentation: DetailsOnPoliciesOnOtherCorporateSocialResponsibilityAbstract to DescriptionOfTheEntitysUseOfAnyNonFinancialKeyPerformanceIndicatorsCorporateSocialResponsibility" order="75.0"/>
    <link:loc xlink:type="locator" xlink:href="mrv.xsd#mrv_LinkToStatementOfCorporateSocialResponsibility" xlink:label="LinkToStatementOfCorporateSocialResponsibility" xlink:title="LinkToStatementOfCorporateSocialResponsibility"/>
    <link:presentationArc xlink:type="arc" xlink:arcrole="http://www.xbrl.org/2003/arcrole/parent-child" xlink:from="StatementOfCorporateSocialResponsibility" xlink:to="LinkToStatementOfCorporateSocialResponsibility" xlink:title="presentation: StatementOfCorporateSocialResponsibility to LinkToStatementOfCorporateSocialResponsibility" order="40.0"/>
    <link:loc xlink:type="locator" xlink:href="mrv.xsd#mrv_StatementOfTargetFiguresAndPoliciesForTheUnderrepresentedGender" xlink:label="StatementOfTargetFiguresAndPoliciesForTheUnderrepresentedGender" xlink:title="StatementOfTargetFiguresAndPoliciesForTheUnderrepresentedGender"/>
    <link:presentationArc xlink:type="arc" xlink:arcrole="http://www.xbrl.org/2003/arcrole/parent-child" xlink:from="RelatedToManagementsReviewAbstract" xlink:to="StatementOfTargetFiguresAndPoliciesForTheUnderrepresentedGender" xlink:title="presentation: RelatedToManagementsReviewAbstract to StatementOfTargetFiguresAndPoliciesForTheUnderrepresentedGender" order="20.0"/>
    <link:loc xlink:type="locator" xlink:href="mrv.xsd#mrv_LinkToStatementOfTargetFiguresAndPoliciesForTheUnderrepresentedGender" xlink:label="LinkToStatementOfTargetFiguresAndPoliciesForTheUnderrepresentedGender" xlink:title="LinkToStatementOfTargetFiguresAndPoliciesForTheUnderrepresentedGender"/>
    <link:presentationArc xlink:type="arc" xlink:arcrole="http://www.xbrl.org/2003/arcrole/parent-child" xlink:from="StatementOfTargetFiguresAndPoliciesForTheUnderrepresentedGender" xlink:to="LinkToStatementOfTargetFiguresAndPoliciesForTheUnderrepresentedGender" xlink:title="presentation: StatementOfTargetFiguresAndPoliciesForTheUnderrepresentedGender to LinkToStatementOfTargetFiguresAndPoliciesForTheUnderrepresentedGender" order="10.0"/>
    <link:loc xlink:type="locator" xlink:href="mrv.xsd#mrv_SupplementaryReports" xlink:label="SupplementaryReports"/>
    <link:presentationArc xlink:type="arc" xlink:arcrole="http://www.xbrl.org/2003/arcrole/parent-child" xlink:from="RelatedToManagementsReviewAbstract" xlink:to="SupplementaryReports" xlink:title="presentation: RelatedToManagementsReviewAbstract to SupplementaryReports" order="40.0"/>
    <link:loc xlink:type="locator" xlink:href="mrv.xsd#mrv_DescriptionOfMethodsAndMeasurementBasisUsedForPreparationOfSupplementaryReports" xlink:label="DescriptionOfMethodsAndMeasurementBasisUsedForPreparationOfSupplementaryReports"/>
    <link:presentationArc xlink:type="arc" xlink:arcrole="http://www.xbrl.org/2003/arcrole/parent-child" xlink:from="SupplementaryReports" xlink:to="DescriptionOfMethodsAndMeasurementBasisUsedForPreparationOfSupplementaryReports" order="10.0"/>
    <link:presentationArc xlink:type="arc" xlink:arcrole="http://www.xbrl.org/2003/arcrole/parent-child" xlink:from="ManagementsReviewEtcAbstract" xlink:to="CommonHypercube" xlink:title="presentation: ManagementsReviewEtcAbstract to CommonHypercube" order="30.0"/>
  </link:presentationLink>
</link:linkbase>
