<?xml version="1.0" encoding="UTF-8"?>
<!-- Generated by Fujitsu Interstage XWand B0217 -->
<?officialURI http://archprod.service.eogs.dk/taxonomy/20161001/mrv/mav-lab-da.xml?>

<?taxonomy-version 1.7.0?>

<link:linkbase xmlns:xsi="http://www.w3.org/2001/XMLSchema-instance" xsi:schemaLocation="http://www.xbrl.org/2003/linkbase http://www.xbrl.org/2003/xbrl-linkbase-2003-12-31.xsd" xmlns:mrv="http://xbrl.dcca.dk/mrv" xmlns:tax="http://xbrl.dcca.dk/tax" xmlns:tch="http://xbrl.dcca.dk/tch" xmlns:gen="http://xbrl.org/2008/generic" xmlns:ref="http://www.xbrl.org/2006/ref" xmlns:xbrldt="http://xbrl.org/2005/xbrldt" xmlns:nonnum="http://www.xbrl.org/dtr/type/non-numeric" xmlns:xl="http://www.xbrl.org/2003/XLink" xmlns:gsd="http://xbrl.dcca.dk/gsd" xmlns:dst="http://xbrl.dcca.dk/dst" xmlns:xsd="http://www.w3.org/2001/XMLSchema" xmlns:link="http://www.xbrl.org/2003/linkbase" xmlns:num="http://www.xbrl.org/dtr/type/numeric" xmlns:xlink="http://www.w3.org/1999/xlink" xmlns:fsa="http://xbrl.dcca.dk/fsa" xmlns:cmn="http://xbrl.dcca.dk/cmn" xmlns:label="http://xbrl.org/2008/label" xmlns:xbrli="http://www.xbrl.org/2003/instance">
  <link:labelLink xlink:type="extended" xlink:role="http://www.xbrl.org/2003/role/link">
    <link:loc xlink:type="locator" xlink:href="mrv.xsd#mrv_DescriptionOfAnyUncertaintyConnectedWithRecognitionOrMeasurement" xlink:label="DescriptionOfAnyUncertaintyConnectedWithRecognitionOrMeasurement"/>
    <link:label xlink:type="resource" xlink:label="label_DescriptionOfAnyUncertaintyConnectedWithRecognitionOrMeasurement_2" xlink:role="http://www.xbrl.org/2003/role/label" xml:lang="da" id="label_DescriptionOfAnyUncertaintyConnectedWithRecognitionOrMeasurement_2">Beskrivelse af usikkerhed ved indregning eller måling</link:label>
    <link:labelArc xlink:type="arc" xlink:arcrole="http://www.xbrl.org/2003/arcrole/concept-label" xlink:from="DescriptionOfAnyUncertaintyConnectedWithRecognitionOrMeasurement" xlink:to="label_DescriptionOfAnyUncertaintyConnectedWithRecognitionOrMeasurement_2" order="10.0"/>
    <link:loc xlink:type="locator" xlink:href="mrv.xsd#mrv_DescriptionOfAnyUnusualMattersAffectingRecognitionOrMeasurement" xlink:label="DescriptionOfAnyUnusualMattersAffectingRecognitionOrMeasurement"/>
    <link:label xlink:type="resource" xlink:label="label_DescriptionOfAnyUnusualMattersAffectingRecognitionOrMeasurement_2" xlink:role="http://www.xbrl.org/2003/role/label" xml:lang="da" id="label_DescriptionOfAnyUnusualMattersAffectingRecognitionOrMeasurement_2">Beskrivelse af usædvanlige forhold, der kan have påvirket indregningen eller målingen</link:label>
    <link:labelArc xlink:type="arc" xlink:arcrole="http://www.xbrl.org/2003/arcrole/concept-label" xlink:from="DescriptionOfAnyUnusualMattersAffectingRecognitionOrMeasurement" xlink:to="label_DescriptionOfAnyUnusualMattersAffectingRecognitionOrMeasurement_2" order="10.0"/>
    <link:loc xlink:type="locator" xlink:href="mrv.xsd#mrv_DescriptionOfAssessmentOfAchievedResultsOfWorkWithCommunity" xlink:label="DescriptionOfAssessmentOfAchievedResultsOfWorkWithCommunity"/>
    <link:label xlink:type="resource" xlink:label="label_DescriptionOfAssessmentOfAchievedResultsOfWorkWithCommunity_2" xlink:role="http://www.xbrl.org/2003/role/label" xml:lang="da" id="label_DescriptionOfAssessmentOfAchievedResultsOfWorkWithCommunity_2">Beskrivelse af virksomhedens vurdering af, hvad der er opnået som følge af arbejdet med samfundsansvar</link:label>
    <link:labelArc xlink:type="arc" xlink:arcrole="http://www.xbrl.org/2003/arcrole/concept-label" xlink:from="DescriptionOfAssessmentOfAchievedResultsOfWorkWithCommunity" xlink:to="label_DescriptionOfAssessmentOfAchievedResultsOfWorkWithCommunity_2" order="10.0"/>
    <link:loc xlink:type="locator" xlink:href="mrv.xsd#mrv_DescriptionOfAssumedSpecificPrerequisitesAndUncertainFactorsForAssessmentOfExpectedDevelopment" xlink:label="DescriptionOfAssumedSpecificPrerequisitesAndUncertainFactorsForAssessmentOfExpectedDevelopment"/>
    <link:label xlink:type="resource" xlink:label="label_DescriptionOfAssumedSpecificPrerequisitesAndUncertainFactorsForAssessmentOfExpectedDevelopment_2" xlink:role="http://www.xbrl.org/2003/role/label" xml:lang="da" id="label_DescriptionOfAssumedSpecificPrerequisitesAndUncertainFactorsForAssessmentOfExpectedDevelopment_2">Beskrivelse af virksomhedens forventede udvikling, herunder særlige forudsætninger og usikre faktorer, som ledelsen har lagt til grund for beskrivelsen</link:label>
    <link:labelArc xlink:type="arc" xlink:arcrole="http://www.xbrl.org/2003/arcrole/concept-label" xlink:from="DescriptionOfAssumedSpecificPrerequisitesAndUncertainFactorsForAssessmentOfExpectedDevelopment" xlink:to="label_DescriptionOfAssumedSpecificPrerequisitesAndUncertainFactorsForAssessmentOfExpectedDevelopment_2" order="10.0"/>
    <link:loc xlink:type="locator" xlink:href="mrv.xsd#mrv_DescriptionOfBranchesAbroad" xlink:label="DescriptionOfBranchesAbroad"/>
    <link:label xlink:type="resource" xlink:label="label_DescriptionOfBranchesAbroad_2" xlink:role="http://www.xbrl.org/2003/role/label" xml:lang="da" id="label_DescriptionOfBranchesAbroad_2">Omtale af filialer i udlandet</link:label>
    <link:labelArc xlink:type="arc" xlink:arcrole="http://www.xbrl.org/2003/arcrole/concept-label" xlink:from="DescriptionOfBranchesAbroad" xlink:to="label_DescriptionOfBranchesAbroad_2" order="10.0"/>
    <link:loc xlink:type="locator" xlink:href="mrv.xsd#mrv_DescriptionOfDevelopmentInActivitiesAndFinancialAffairs" xlink:label="DescriptionOfDevelopmentInActivitiesAndFinancialAffairs"/>
    <link:label xlink:type="resource" xlink:label="label_DescriptionOfDevelopmentInActivitiesAndFinancialAffairs_2" xlink:role="http://www.xbrl.org/2003/role/label" xml:lang="da" id="label_DescriptionOfDevelopmentInActivitiesAndFinancialAffairs_2">Beskrivelse af udviklingen i virksomhedens aktiviteter og økonomiske forhold</link:label>
    <link:labelArc xlink:type="arc" xlink:arcrole="http://www.xbrl.org/2003/arcrole/concept-label" xlink:from="DescriptionOfDevelopmentInActivitiesAndFinancialAffairs" xlink:to="label_DescriptionOfDevelopmentInActivitiesAndFinancialAffairs_2" order="10.0"/>
    <link:loc xlink:type="locator" xlink:href="mrv.xsd#mrv_DescriptionOfEmployeeMatters" xlink:label="DescriptionOfEmployeeMatters"/>
    <link:label xlink:type="resource" xlink:label="label_DescriptionOfEmployeeMatters_2" xlink:role="http://www.xbrl.org/2003/role/label" xml:lang="da" id="label_DescriptionOfEmployeeMatters_2">Beskrivelse af personaleforhold</link:label>
    <link:labelArc xlink:type="arc" xlink:arcrole="http://www.xbrl.org/2003/arcrole/concept-label" xlink:from="DescriptionOfEmployeeMatters" xlink:to="label_DescriptionOfEmployeeMatters_2" order="10.0"/>
    <link:loc xlink:type="locator" xlink:href="mrv.xsd#mrv_DescriptionOfEnvironmentalMatters" xlink:label="DescriptionOfEnvironmentalMatters"/>
    <link:label xlink:type="resource" xlink:label="label_DescriptionOfEnvironmentalMatters_2" xlink:role="http://www.xbrl.org/2003/role/label" xml:lang="da" id="label_DescriptionOfEnvironmentalMatters_2">Beskrivelse af miljøforhold</link:label>
    <link:labelArc xlink:type="arc" xlink:arcrole="http://www.xbrl.org/2003/arcrole/concept-label" xlink:from="DescriptionOfEnvironmentalMatters" xlink:to="label_DescriptionOfEnvironmentalMatters_2" order="10.0"/>
    <link:loc xlink:type="locator" xlink:href="mrv.xsd#mrv_DescriptionOfExpectationsForFutureWorkWithCommunity" xlink:label="DescriptionOfExpectationsForFutureWorkWithCommunity"/>
    <link:label xlink:type="resource" xlink:label="label_DescriptionOfExpectationsForFutureWorkWithCommunity_2" xlink:role="http://www.xbrl.org/2003/role/label" xml:lang="da" id="label_DescriptionOfExpectationsForFutureWorkWithCommunity_2">Beskrivelse af fremtidige forventninger til virksomhedens arbejde med samfundsansvar</link:label>
    <link:labelArc xlink:type="arc" xlink:arcrole="http://www.xbrl.org/2003/arcrole/concept-label" xlink:from="DescriptionOfExpectationsForFutureWorkWithCommunity" xlink:to="label_DescriptionOfExpectationsForFutureWorkWithCommunity_2" order="10.0"/>
    <link:loc xlink:type="locator" xlink:href="mrv.xsd#mrv_DescriptionOfExpectedDevelopment" xlink:label="DescriptionOfExpectedDevelopment"/>
    <link:label xlink:type="resource" xlink:label="label_DescriptionOfExpectedDevelopment_2" xlink:role="http://www.xbrl.org/2003/role/label" xml:lang="da" id="label_DescriptionOfExpectedDevelopment_2">Beskrivelse af virksomhedens forventede udvikling</link:label>
    <link:labelArc xlink:type="arc" xlink:arcrole="http://www.xbrl.org/2003/arcrole/concept-label" xlink:from="DescriptionOfExpectedDevelopment" xlink:to="label_DescriptionOfExpectedDevelopment_2" order="10.0"/>
    <link:loc xlink:type="locator" xlink:href="mrv.xsd#mrv_DescriptionOfImpactOnExternalEnvironmentAndMeasuresOfPreventingReducingOrMitigatingDamage" xlink:label="DescriptionOfImpactOnExternalEnvironmentAndMeasuresOfPreventingReducingOrMitigatingDamage"/>
    <link:label xlink:type="resource" xlink:label="label_DescriptionOfImpactOnExternalEnvironmentAndMeasuresOfPreventingReducingOrMitigatingDamage_2" xlink:role="http://www.xbrl.org/2003/role/label" xml:lang="da" id="label_DescriptionOfImpactOnExternalEnvironmentAndMeasuresOfPreventingReducingOrMitigatingDamage_2">Beskrivelse af virksomhedens påvirkning af det eksterne miljø og foranstlatninger til forebyggelse, reduktion eller afhjælpning af skader</link:label>
    <link:labelArc xlink:type="arc" xlink:arcrole="http://www.xbrl.org/2003/arcrole/concept-label" xlink:from="DescriptionOfImpactOnExternalEnvironmentAndMeasuresOfPreventingReducingOrMitigatingDamage" xlink:to="label_DescriptionOfImpactOnExternalEnvironmentAndMeasuresOfPreventingReducingOrMitigatingDamage_2" order="10.0"/>
    <link:loc xlink:type="locator" xlink:href="mrv.xsd#mrv_DescriptionOfKeyFiguresAndFinancialRatios" xlink:label="DescriptionOfKeyFiguresAndFinancialRatios"/>
    <link:label xlink:type="resource" xlink:label="label_DescriptionOfKeyFiguresAndFinancialRatios_2" xlink:role="http://www.xbrl.org/2003/role/label" xml:lang="da" id="label_DescriptionOfKeyFiguresAndFinancialRatios_2">Beskrivelse af hoved- og nøgletal</link:label>
    <link:labelArc xlink:type="arc" xlink:arcrole="http://www.xbrl.org/2003/arcrole/concept-label" xlink:from="DescriptionOfKeyFiguresAndFinancialRatios" xlink:to="label_DescriptionOfKeyFiguresAndFinancialRatios_2" order="10.0"/>
    <link:loc xlink:type="locator" xlink:href="mrv.xsd#mrv_DescriptionOfKnowledgeResources" xlink:label="DescriptionOfKnowledgeResources"/>
    <link:label xlink:type="resource" xlink:label="label_DescriptionOfKnowledgeResources_2" xlink:role="http://www.xbrl.org/2003/role/label" xml:lang="da" id="label_DescriptionOfKnowledgeResources_2">Beskrivelse af virksomhedens videnssressourcer</link:label>
    <link:labelArc xlink:type="arc" xlink:arcrole="http://www.xbrl.org/2003/arcrole/concept-label" xlink:from="DescriptionOfKnowledgeResources" xlink:to="label_DescriptionOfKnowledgeResources_2" order="10.0"/>
    <link:loc xlink:type="locator" xlink:href="mrv.xsd#mrv_DescriptionOfMethodsAndMeasurementBasisUsedForPreparationOfSupplementaryReports" xlink:label="DescriptionOfMethodsAndMeasurementBasisUsedForPreparationOfSupplementaryReports"/>
    <link:label xlink:type="resource" xlink:label="label_DescriptionOfMethodsAndMeasurementBasisUsedForPreparationOfSupplementaryReports_2" xlink:role="http://www.xbrl.org/2003/role/label" xml:lang="da" id="label_DescriptionOfMethodsAndMeasurementBasisUsedForPreparationOfSupplementaryReports_2">Beskrivelse af metoder og målegrundlag efter hvilke supplerende beretninger er udarbejdet</link:label>
    <link:labelArc xlink:type="arc" xlink:arcrole="http://www.xbrl.org/2003/arcrole/concept-label" xlink:from="DescriptionOfMethodsAndMeasurementBasisUsedForPreparationOfSupplementaryReports" xlink:to="label_DescriptionOfMethodsAndMeasurementBasisUsedForPreparationOfSupplementaryReports_2" order="10.0"/>
    <link:loc xlink:type="locator" xlink:href="mrv.xsd#mrv_DescriptionOfNetProfitRelationToExpectedDevelopmentAssumedInPreviousReport" xlink:label="DescriptionOfNetProfitRelationToExpectedDevelopmentAssumedInPreviousReport"/>
    <link:label xlink:type="resource" xlink:label="label_DescriptionOfNetProfitRelationToExpectedDevelopmentAssumedInPreviousReport_2" xlink:role="http://www.xbrl.org/2003/role/label" xml:lang="da" id="label_DescriptionOfNetProfitRelationToExpectedDevelopmentAssumedInPreviousReport_2">Beskrivelse af årets resultat sammenholdt med den forventede udvikling i den senest offentliggjorte årsrapport</link:label>
    <link:labelArc xlink:type="arc" xlink:arcrole="http://www.xbrl.org/2003/arcrole/concept-label" xlink:from="DescriptionOfNetProfitRelationToExpectedDevelopmentAssumedInPreviousReport" xlink:to="label_DescriptionOfNetProfitRelationToExpectedDevelopmentAssumedInPreviousReport_2" order="10.0"/>
    <link:loc xlink:type="locator" xlink:href="mrv.xsd#mrv_DescriptionOfNon-FinancialFactorsRelevantToSpecificActivities" xlink:label="DescriptionOfNon-FinancialFactorsRelevantToSpecificActivities"/>
    <link:label xlink:type="resource" xlink:label="label_DescriptionOfNon-FinancialFactorsRelevantToSpecificActivities_2" xlink:role="http://www.xbrl.org/2003/role/label" xml:lang="da" id="label_DescriptionOfNon-FinancialFactorsRelevantToSpecificActivities_2">Beskrivelse af ikke-finansielle forhold, som er relevante for specifikke aktiviteter</link:label>
    <link:labelArc xlink:type="arc" xlink:arcrole="http://www.xbrl.org/2003/arcrole/concept-label" xlink:from="DescriptionOfNon-FinancialFactorsRelevantToSpecificActivities" xlink:to="label_DescriptionOfNon-FinancialFactorsRelevantToSpecificActivities_2" order="10.0"/>
    <link:loc xlink:type="locator" xlink:href="mrv.xsd#mrv_DescriptionOfOtherKeyFiguresAndFinancialRatios" xlink:label="DescriptionOfOtherKeyFiguresAndFinancialRatios"/>
    <link:label xlink:type="resource" xlink:label="label_DescriptionOfOtherKeyFiguresAndFinancialRatios_2" xlink:role="http://www.xbrl.org/2003/role/label" xml:lang="da" id="label_DescriptionOfOtherKeyFiguresAndFinancialRatios_2">Beskrivelse af andre hoved- og nøgletal</link:label>
    <link:labelArc xlink:type="arc" xlink:arcrole="http://www.xbrl.org/2003/arcrole/concept-label" xlink:from="DescriptionOfOtherKeyFiguresAndFinancialRatios" xlink:to="label_DescriptionOfOtherKeyFiguresAndFinancialRatios_2" order="10.0"/>
    <link:loc xlink:type="locator" xlink:href="mrv.xsd#mrv_DescriptionOfPoliciesOnSocialResponsibility" xlink:label="DescriptionOfPoliciesOnSocialResponsibility"/>
    <link:label xlink:type="resource" xlink:label="label_DescriptionOfPoliciesOnSocialResponsibility_2" xlink:role="http://www.xbrl.org/2003/role/label" xml:lang="da" id="label_DescriptionOfPoliciesOnSocialResponsibility_2">Beskrivelse af virksomhedens politikker for samfundsansvar</link:label>
    <link:labelArc xlink:type="arc" xlink:arcrole="http://www.xbrl.org/2003/arcrole/concept-label" xlink:from="DescriptionOfPoliciesOnSocialResponsibility" xlink:to="label_DescriptionOfPoliciesOnSocialResponsibility_2" order="10.0"/>
    <link:loc xlink:type="locator" xlink:href="mrv.xsd#mrv_DescriptionOfPrimaryActivitiesOfEntity" xlink:label="DescriptionOfPrimaryActivitiesOfEntity"/>
    <link:label xlink:type="resource" xlink:label="label_DescriptionOfPrimaryActivitiesOfEntity_2" xlink:role="http://www.xbrl.org/2003/role/label" xml:lang="da" id="label_DescriptionOfPrimaryActivitiesOfEntity_2">Beskrivelse af virksomhedens væsentligste aktiviteter</link:label>
    <link:labelArc xlink:type="arc" xlink:arcrole="http://www.xbrl.org/2003/arcrole/concept-label" xlink:from="DescriptionOfPrimaryActivitiesOfEntity" xlink:to="label_DescriptionOfPrimaryActivitiesOfEntity_2" order="10.0"/>
    <link:loc xlink:type="locator" xlink:href="mrv.xsd#mrv_DescriptionOfResearchAndDevelopmentActivitiesInAndForReportingEntity" xlink:label="DescriptionOfResearchAndDevelopmentActivitiesInAndForReportingEntity"/>
    <link:label xlink:type="resource" xlink:label="label_DescriptionOfResearchAndDevelopmentActivitiesInAndForReportingEntity_2" xlink:role="http://www.xbrl.org/2003/role/label" xml:lang="da" id="label_DescriptionOfResearchAndDevelopmentActivitiesInAndForReportingEntity_2">Beskrivelse af forsknings- og udviklingsaktiviteter i eller for virksomheden</link:label>
    <link:labelArc xlink:type="arc" xlink:arcrole="http://www.xbrl.org/2003/arcrole/concept-label" xlink:from="DescriptionOfResearchAndDevelopmentActivitiesInAndForReportingEntity" xlink:to="label_DescriptionOfResearchAndDevelopmentActivitiesInAndForReportingEntity_2" order="10.0"/>
    <link:loc xlink:type="locator" xlink:href="mrv.xsd#mrv_DescriptionOfSignificantChangesInBusinessAndEconomicConditions" xlink:label="DescriptionOfSignificantChangesInBusinessAndEconomicConditions"/>
    <link:label xlink:type="resource" xlink:label="label_DescriptionOfSignificantChangesInBusinessAndEconomicConditions_2" xlink:role="http://www.xbrl.org/2003/role/label" xml:lang="da" id="label_DescriptionOfSignificantChangesInBusinessAndEconomicConditions_2">Beskrivelse af væsentlige ændringer i virksomhedens aktiviteter og økonomiske forhold</link:label>
    <link:labelArc xlink:type="arc" xlink:arcrole="http://www.xbrl.org/2003/arcrole/concept-label" xlink:from="DescriptionOfSignificantChangesInBusinessAndEconomicConditions" xlink:to="label_DescriptionOfSignificantChangesInBusinessAndEconomicConditions_2" order="10.0"/>
    <link:loc xlink:type="locator" xlink:href="mrv.xsd#mrv_DescriptionOfSignificantEventsOccurringAfterEndOfReportingPeriod" xlink:label="DescriptionOfSignificantEventsOccurringAfterEndOfReportingPeriod"/>
    <link:label xlink:type="resource" xlink:label="label_DescriptionOfSignificantEventsOccurringAfterEndOfReportingPeriod_2" xlink:role="http://www.xbrl.org/2003/role/label" xml:lang="da" id="label_DescriptionOfSignificantEventsOccurringAfterEndOfReportingPeriod_2">Omtale af betydningsfulde hændelser, som er indtruffet efter regnskabsårets afslutning</link:label>
    <link:labelArc xlink:type="arc" xlink:arcrole="http://www.xbrl.org/2003/arcrole/concept-label" xlink:from="DescriptionOfSignificantEventsOccurringAfterEndOfReportingPeriod" xlink:to="label_DescriptionOfSignificantEventsOccurringAfterEndOfReportingPeriod_2" order="10.0"/>
    <link:loc xlink:type="locator" xlink:href="mrv.xsd#mrv_DescriptionOfSpecificRisksInAdditionToCommonlyOccurringHazardsInIndustry" xlink:label="DescriptionOfSpecificRisksInAdditionToCommonlyOccurringHazardsInIndustry"/>
    <link:label xlink:type="resource" xlink:label="label_DescriptionOfSpecificRisksInAdditionToCommonlyOccurringHazardsInIndustry_2" xlink:role="http://www.xbrl.org/2003/role/label" xml:lang="da" id="label_DescriptionOfSpecificRisksInAdditionToCommonlyOccurringHazardsInIndustry_2">Beskrivelse af særlige risici, udover almindeligt forekommende risici indenfor virksomhedens branche</link:label>
    <link:labelArc xlink:type="arc" xlink:arcrole="http://www.xbrl.org/2003/arcrole/concept-label" xlink:from="DescriptionOfSpecificRisksInAdditionToCommonlyOccurringHazardsInIndustry" xlink:to="label_DescriptionOfSpecificRisksInAdditionToCommonlyOccurringHazardsInIndustry_2" order="10.0"/>
    <link:loc xlink:type="locator" xlink:href="mrv.xsd#mrv_DescriptionOfStandardsGuidelinesAndPrinciplesOfCorporateSocialResponsibility" xlink:label="DescriptionOfStandardsGuidelinesAndPrinciplesOfCorporateSocialResponsibility"/>
    <link:label xlink:type="resource" xlink:label="label_DescriptionOfStandardsGuidelinesAndPrinciplesOfCorporateSocialResponsibility_2" xlink:role="http://www.xbrl.org/2003/role/label" xml:lang="da" id="label_DescriptionOfStandardsGuidelinesAndPrinciplesOfCorporateSocialResponsibility_2">Beskrivelse af standarder, retningslinjer og principper for samfundsansvar</link:label>
    <link:labelArc xlink:type="arc" xlink:arcrole="http://www.xbrl.org/2003/arcrole/concept-label" xlink:from="DescriptionOfStandardsGuidelinesAndPrinciplesOfCorporateSocialResponsibility" xlink:to="label_DescriptionOfStandardsGuidelinesAndPrinciplesOfCorporateSocialResponsibility_2" order="10.0"/>
    <link:loc xlink:type="locator" xlink:href="mrv.xsd#mrv_DescriptionOfSystemsAndProceduresOfTranslatingCorporateSocialResponsibilityPoliciesIntoAction" xlink:label="DescriptionOfSystemsAndProceduresOfTranslatingCorporateSocialResponsibilityPoliciesIntoAction"/>
    <link:label xlink:type="resource" xlink:label="label_DescriptionOfSystemsAndProceduresOfTranslatingCorporateSocialResponsibilityPoliciesIntoAction_2" xlink:role="http://www.xbrl.org/2003/role/label" xml:lang="da" id="label_DescriptionOfSystemsAndProceduresOfTranslatingCorporateSocialResponsibilityPoliciesIntoAction_2">Beskrivelse af systemer og procedurer for, hvordan virksomheden omsætter sine politikker vedrørende samfundsansvar til handling</link:label>
    <link:labelArc xlink:type="arc" xlink:arcrole="http://www.xbrl.org/2003/arcrole/concept-label" xlink:from="DescriptionOfSystemsAndProceduresOfTranslatingCorporateSocialResponsibilityPoliciesIntoAction" xlink:to="label_DescriptionOfSystemsAndProceduresOfTranslatingCorporateSocialResponsibilityPoliciesIntoAction_2" order="10.0"/>
    <link:loc xlink:type="locator" xlink:href="mrv.xsd#mrv_DescriptionOfTranslatingCorporateSocialResponsibilityPoliciesIntoAction" xlink:label="DescriptionOfTranslatingCorporateSocialResponsibilityPoliciesIntoAction"/>
    <link:label xlink:type="resource" xlink:label="label_DescriptionOfTranslatingCorporateSocialResponsibilityPoliciesIntoAction_2" xlink:role="http://www.xbrl.org/2003/role/label" xml:lang="da" id="label_DescriptionOfTranslatingCorporateSocialResponsibilityPoliciesIntoAction_2">Beskrivelse af hvordan virksomheden omsætter sine politikker for samfundsansvar til handling</link:label>
    <link:labelArc xlink:type="arc" xlink:arcrole="http://www.xbrl.org/2003/arcrole/concept-label" xlink:from="DescriptionOfTranslatingCorporateSocialResponsibilityPoliciesIntoAction" xlink:to="label_DescriptionOfTranslatingCorporateSocialResponsibilityPoliciesIntoAction_2" order="10.0"/>
    <link:loc xlink:type="locator" xlink:href="mrv.xsd#mrv_DetailsOnKeyFiguresAndFinancialRatiosAbstract" xlink:label="DetailsOnKeyFiguresAndFinancialRatiosAbstract"/>
    <link:label xlink:type="resource" xlink:label="label_DetailsOnKeyFiguresAndFinancialRatiosAbstract_2" xlink:role="http://www.xbrl.org/2003/role/label" xml:lang="da" id="label_DetailsOnKeyFiguresAndFinancialRatiosAbstract_2">Detaljer om hoved- og nøgletal</link:label>
    <link:labelArc xlink:type="arc" xlink:arcrole="http://www.xbrl.org/2003/arcrole/concept-label" xlink:from="DetailsOnKeyFiguresAndFinancialRatiosAbstract" xlink:to="label_DetailsOnKeyFiguresAndFinancialRatiosAbstract_2" order="10.0"/>
    <link:loc xlink:type="locator" xlink:href="mrv.xsd#mrv_DetailsOnKeyFiguresAndFinancialRatiosHypercube" xlink:label="DetailsOnKeyFiguresAndFinancialRatiosHypercube"/>
    <link:label xlink:type="resource" xlink:label="label_DetailsOnKeyFiguresAndFinancialRatiosHypercube_2" xlink:role="http://www.xbrl.org/2003/role/label" xml:lang="da" id="label_DetailsOnKeyFiguresAndFinancialRatiosHypercube_2">Detaljer om hoved- og nøgletal</link:label>
    <link:labelArc xlink:type="arc" xlink:arcrole="http://www.xbrl.org/2003/arcrole/concept-label" xlink:from="DetailsOnKeyFiguresAndFinancialRatiosHypercube" xlink:to="label_DetailsOnKeyFiguresAndFinancialRatiosHypercube_2" order="10.0"/>
    <link:loc xlink:type="locator" xlink:href="mrv.xsd#mrv_DetailsOnOtherKeyFiguresAndFinancialRatiosAbstract" xlink:label="DetailsOnOtherKeyFiguresAndFinancialRatiosAbstract"/>
    <link:label xlink:type="resource" xlink:label="label_DetailsOnOtherKeyFiguresAndFinancialRatiosAbstract_2" xlink:role="http://www.xbrl.org/2003/role/label" xml:lang="da" id="label_DetailsOnOtherKeyFiguresAndFinancialRatiosAbstract_2">Detaljer om andre hoved- og nøgletal</link:label>
    <link:labelArc xlink:type="arc" xlink:arcrole="http://www.xbrl.org/2003/arcrole/concept-label" xlink:from="DetailsOnOtherKeyFiguresAndFinancialRatiosAbstract" xlink:to="label_DetailsOnOtherKeyFiguresAndFinancialRatiosAbstract_2" order="10.0"/>
    <link:loc xlink:type="locator" xlink:href="mrv.xsd#mrv_DetailsOnOtherKeyFiguresAndFinancialRatiosHypercube" xlink:label="DetailsOnOtherKeyFiguresAndFinancialRatiosHypercube"/>
    <link:label xlink:type="resource" xlink:label="label_DetailsOnOtherKeyFiguresAndFinancialRatiosHypercube_2" xlink:role="http://www.xbrl.org/2003/role/label" xml:lang="da" id="label_DetailsOnOtherKeyFiguresAndFinancialRatiosHypercube_2">Detaljer om andre hoved- og nøgletal</link:label>
    <link:labelArc xlink:type="arc" xlink:arcrole="http://www.xbrl.org/2003/arcrole/concept-label" xlink:from="DetailsOnOtherKeyFiguresAndFinancialRatiosHypercube" xlink:to="label_DetailsOnOtherKeyFiguresAndFinancialRatiosHypercube_2" order="10.0"/>
    <link:loc xlink:type="locator" xlink:href="mrv.xsd#mrv_EmployeeTurnover" xlink:label="EmployeeTurnover"/>
    <link:label xlink:type="resource" xlink:label="label_EmployeeTurnover_2" xlink:role="http://www.xbrl.org/2003/role/label" xml:lang="da" id="label_EmployeeTurnover_2">Nettoomsætning pr. medarbejder</link:label>
    <link:labelArc xlink:type="arc" xlink:arcrole="http://www.xbrl.org/2003/arcrole/concept-label" xlink:from="EmployeeTurnover" xlink:to="label_EmployeeTurnover_2" order="10.0"/>
    <link:loc xlink:type="locator" xlink:href="mrv.xsd#mrv_ExplanationThatEntityHasNoPoliciesOnSocialResponsibility" xlink:label="ExplanationThatEntityHasNoPoliciesOnSocialResponsibility"/>
    <link:label xlink:type="resource" xlink:label="label_ExplanationThatEntityHasNoPoliciesOnSocialResponsibility_2" xlink:role="http://www.xbrl.org/2003/role/label" xml:lang="da" id="label_ExplanationThatEntityHasNoPoliciesOnSocialResponsibility_2">Oplysning om at virksomheden ikke har politikker for samfundsansvar</link:label>
    <link:labelArc xlink:type="arc" xlink:arcrole="http://www.xbrl.org/2003/arcrole/concept-label" xlink:from="ExplanationThatEntityHasNoPoliciesOnSocialResponsibility" xlink:to="label_ExplanationThatEntityHasNoPoliciesOnSocialResponsibility_2" order="10.0"/>
    <link:loc xlink:type="locator" xlink:href="mrv.xsd#mrv_FinancialGearing" xlink:label="FinancialGearing"/>
    <link:label xlink:type="resource" xlink:label="label_FinancialGearing_2" xlink:role="http://www.xbrl.org/2003/role/label" xml:lang="da" id="label_FinancialGearing_2">Finansiel gearing</link:label>
    <link:labelArc xlink:type="arc" xlink:arcrole="http://www.xbrl.org/2003/arcrole/concept-label" xlink:from="FinancialGearing" xlink:to="label_FinancialGearing_2" order="10.0"/>
    <link:loc xlink:type="locator" xlink:href="mrv.xsd#mrv_GrossMargin" xlink:label="GrossMargin"/>
    <link:label xlink:type="resource" xlink:label="label_GrossMargin_2" xlink:role="http://www.xbrl.org/2003/role/label" xml:lang="da" id="label_GrossMargin_2">Bruttomargin</link:label>
    <link:labelArc xlink:type="arc" xlink:arcrole="http://www.xbrl.org/2003/arcrole/concept-label" xlink:from="GrossMargin" xlink:to="label_GrossMargin_2" order="10.0"/>
    <link:loc xlink:type="locator" xlink:href="mrv.xsd#mrv_IdentificationOfKeyFigureOrFinancialRatioDimension" xlink:label="IdentificationOfKeyFigureOrFinancialRatioDimension"/>
    <link:label xlink:type="resource" xlink:label="label_IdentificationOfKeyFigureOrFinancialRatioDimension_2" xlink:role="http://www.xbrl.org/2003/role/label" xml:lang="da" id="label_IdentificationOfKeyFigureOrFinancialRatioDimension_2">Identifikation af hoved- eller nøgletal</link:label>
    <link:labelArc xlink:type="arc" xlink:arcrole="http://www.xbrl.org/2003/arcrole/concept-label" xlink:from="IdentificationOfKeyFigureOrFinancialRatioDimension" xlink:to="label_IdentificationOfKeyFigureOrFinancialRatioDimension_2" order="10.0"/>
    <link:loc xlink:type="locator" xlink:href="mrv.xsd#mrv_InformationOnCalculationOfKeyFiguresAndFinancialRatios" xlink:label="InformationOnCalculationOfKeyFiguresAndFinancialRatios"/>
    <link:label xlink:type="resource" xlink:label="label_InformationOnCalculationOfKeyFiguresAndFinancialRatios_2" xlink:role="http://www.xbrl.org/2003/role/label" xml:lang="da" id="label_InformationOnCalculationOfKeyFiguresAndFinancialRatios_2">Information om hoved- og nøgletal</link:label>
    <link:labelArc xlink:type="arc" xlink:arcrole="http://www.xbrl.org/2003/arcrole/concept-label" xlink:from="InformationOnCalculationOfKeyFiguresAndFinancialRatios" xlink:to="label_InformationOnCalculationOfKeyFiguresAndFinancialRatios_2" order="10.0"/>
    <link:loc xlink:type="locator" xlink:href="mrv.xsd#mrv_ManagementsReview" xlink:label="ManagementsReview"/>
    <link:label xlink:type="resource" xlink:label="label_ManagementsReview_2" xlink:role="http://www.xbrl.org/2003/role/label" xml:lang="da" id="label_ManagementsReview_2">Ledelsesberetning</link:label>
    <link:labelArc xlink:type="arc" xlink:arcrole="http://www.xbrl.org/2003/arcrole/concept-label" xlink:from="ManagementsReview" xlink:to="label_ManagementsReview_2" order="10.0"/>
    <link:loc xlink:type="locator" xlink:href="mrv.xsd#mrv_NameOfKeyFigureOrFinancialRatio" xlink:label="NameOfKeyFigureOrFinancialRatio"/>
    <link:label xlink:type="resource" xlink:label="label_NameOfKeyFigureOrFinancialRatio_2" xlink:role="http://www.xbrl.org/2003/role/label" xml:lang="da" id="label_NameOfKeyFigureOrFinancialRatio_2">Navn på hoved- eller nøgletal</link:label>
    <link:labelArc xlink:type="arc" xlink:arcrole="http://www.xbrl.org/2003/arcrole/concept-label" xlink:from="NameOfKeyFigureOrFinancialRatio" xlink:to="label_NameOfKeyFigureOrFinancialRatio_2" order="10.0"/>
    <link:loc xlink:type="locator" xlink:href="mrv.xsd#mrv_OperatingMargin" xlink:label="OperatingMargin"/>
    <link:label xlink:type="resource" xlink:label="label_OperatingMargin_2" xlink:role="http://www.xbrl.org/2003/role/label" xml:lang="da" id="label_OperatingMargin_2">Overskudsgrad</link:label>
    <link:labelArc xlink:type="arc" xlink:arcrole="http://www.xbrl.org/2003/arcrole/concept-label" xlink:from="OperatingMargin" xlink:to="label_OperatingMargin_2" order="10.0"/>
    <link:loc xlink:type="locator" xlink:href="mrv.xsd#mrv_RetrospectiveInformationFromLastFiveYearsAbstract" xlink:label="RetrospectiveInformationFromLastFiveYearsAbstract"/>
    <link:label xlink:type="resource" xlink:label="label_RetrospectiveInformationFromLastFiveYearsAbstract_2" xlink:role="http://www.xbrl.org/2003/role/label" xml:lang="da" id="label_RetrospectiveInformationFromLastFiveYearsAbstract_2">5-års oversigt</link:label>
    <link:labelArc xlink:type="arc" xlink:arcrole="http://www.xbrl.org/2003/arcrole/concept-label" xlink:from="RetrospectiveInformationFromLastFiveYearsAbstract" xlink:to="label_RetrospectiveInformationFromLastFiveYearsAbstract_2" order="10.0"/>
    <link:loc xlink:type="locator" xlink:href="mrv.xsd#mrv_ReturnOnCapitalEmployed" xlink:label="ReturnOnCapitalEmployed"/>
    <link:label xlink:type="resource" xlink:label="label_ReturnOnCapitalEmployed_2" xlink:role="http://www.xbrl.org/2003/role/label" xml:lang="da" id="label_ReturnOnCapitalEmployed_2">Afkastningsgrad</link:label>
    <link:labelArc xlink:type="arc" xlink:arcrole="http://www.xbrl.org/2003/arcrole/concept-label" xlink:from="ReturnOnCapitalEmployed" xlink:to="label_ReturnOnCapitalEmployed_2" order="10.0"/>
    <link:loc xlink:type="locator" xlink:href="mrv.xsd#mrv_ReturnOnEquity" xlink:label="ReturnOnEquity"/>
    <link:label xlink:type="resource" xlink:label="label_ReturnOnEquity_2" xlink:role="http://www.xbrl.org/2003/role/label" xml:lang="da" id="label_ReturnOnEquity_2">Forrentning af egenkapitalen</link:label>
    <link:labelArc xlink:type="arc" xlink:arcrole="http://www.xbrl.org/2003/arcrole/concept-label" xlink:from="ReturnOnEquity" xlink:to="label_ReturnOnEquity_2" order="10.0"/>
    <link:loc xlink:type="locator" xlink:href="mrv.xsd#mrv_ReturnOnInvestedCapital" xlink:label="ReturnOnInvestedCapital"/>
    <link:label xlink:type="resource" xlink:label="label_ReturnOnInvestedCapital_2" xlink:role="http://www.xbrl.org/2003/role/label" xml:lang="da" id="label_ReturnOnInvestedCapital_2">Afkast af investeret kapital</link:label>
    <link:labelArc xlink:type="arc" xlink:arcrole="http://www.xbrl.org/2003/arcrole/concept-label" xlink:from="ReturnOnInvestedCapital" xlink:to="label_ReturnOnInvestedCapital_2" order="10.0"/>
    <link:loc xlink:type="locator" xlink:href="mrv.xsd#mrv_SolvencyRatio" xlink:label="SolvencyRatio"/>
    <link:label xlink:type="resource" xlink:label="label_SolvencyRatio_2" xlink:role="http://www.xbrl.org/2003/role/label" xml:lang="da" id="label_SolvencyRatio_2">Solvensgrad</link:label>
    <link:labelArc xlink:type="arc" xlink:arcrole="http://www.xbrl.org/2003/arcrole/concept-label" xlink:from="SolvencyRatio" xlink:to="label_SolvencyRatio_2" order="10.0"/>
    <link:loc xlink:type="locator" xlink:href="mrv.xsd#mrv_StatementOfCorporateSocialResponsibility" xlink:label="StatementOfCorporateSocialResponsibility"/>
    <link:label xlink:type="resource" xlink:label="label_StatementOfCorporateSocialResponsibility_2" xlink:role="http://www.xbrl.org/2003/role/label" xml:lang="da" id="label_StatementOfCorporateSocialResponsibility_2">Redegørelse for samfundsansvar</link:label>
    <link:labelArc xlink:type="arc" xlink:arcrole="http://www.xbrl.org/2003/arcrole/concept-label" xlink:from="StatementOfCorporateSocialResponsibility" xlink:to="label_StatementOfCorporateSocialResponsibility_2" order="10.0"/>
    <link:loc xlink:type="locator" xlink:href="mrv.xsd#mrv_SupplementaryReports" xlink:label="SupplementaryReports"/>
    <link:label xlink:type="resource" xlink:label="label_SupplementaryReports_2" xlink:role="http://www.xbrl.org/2003/role/label" xml:lang="da" id="label_SupplementaryReports_2">Supplerende beretninger</link:label>
    <link:labelArc xlink:type="arc" xlink:arcrole="http://www.xbrl.org/2003/arcrole/concept-label" xlink:from="SupplementaryReports" xlink:to="label_SupplementaryReports_2" order="10.0"/>
    <link:loc xlink:type="locator" xlink:href="mrv.xsd#mrv_ValueOfKeyFigureOrFinancialRatio" xlink:label="ValueOfKeyFigureOrFinancialRatio"/>
    <link:label xlink:type="resource" xlink:label="label_ValueOfKeyFigureOrFinancialRatio_2" xlink:role="http://www.xbrl.org/2003/role/label" xml:lang="da" id="label_ValueOfKeyFigureOrFinancialRatio_2">Værdi af hoved- eller nøgletal</link:label>
    <link:labelArc xlink:type="arc" xlink:arcrole="http://www.xbrl.org/2003/arcrole/concept-label" xlink:from="ValueOfKeyFigureOrFinancialRatio" xlink:to="label_ValueOfKeyFigureOrFinancialRatio_2" order="10.0"/>
    <link:loc xlink:type="locator" xlink:href="mrv.xsd#mrv_DescriptionOfGroupRelations" xlink:label="DescriptionOfGroupRelations"/>
    <link:label xlink:type="resource" xlink:label="label_DescriptionOfGroupRelations_2" xlink:role="http://www.xbrl.org/2003/role/label" xml:lang="da" id="label_DescriptionOfGroupRelations_2">Beskrivelse af virksomhedens koncernforhold</link:label>
    <link:labelArc xlink:type="arc" xlink:arcrole="http://www.xbrl.org/2003/arcrole/concept-label" xlink:from="DescriptionOfGroupRelations" xlink:to="label_DescriptionOfGroupRelations_2" order="10.0"/>
    <link:loc xlink:type="locator" xlink:href="mrv.xsd#mrv_EquityRatio" xlink:label="EquityRatio"/>
    <link:label xlink:type="resource" xlink:label="label_EquityRatio" xlink:role="http://www.xbrl.org/2003/role/label" xml:lang="da" id="label_EquityRatio">Soliditetsgrad</link:label>
    <link:labelArc xlink:type="arc" xlink:arcrole="http://www.xbrl.org/2003/arcrole/concept-label" xlink:from="EquityRatio" xlink:to="label_EquityRatio" order="10.0"/>
    <link:loc xlink:type="locator" xlink:href="mrv.xsd#mrv_LinkToStatementOfCorporateSocialResponsibility" xlink:label="newItem" xlink:title="newItem"/>
    <link:label xlink:type="resource" xlink:label="label_newItem" xlink:role="http://www.xbrl.org/2003/role/label" xlink:title="label_newItem" xml:lang="da" id="label_newItem">Link til redegørelse for samfundsansvar</link:label>
    <link:labelArc xlink:type="arc" xlink:arcrole="http://www.xbrl.org/2003/arcrole/concept-label" xlink:from="newItem" xlink:to="label_newItem" xlink:title="label: newItem to label_newItem"/>
    <link:loc xlink:type="locator" xlink:href="mrv.xsd#mrv_CorporateGovernanceReport" xlink:label="newItem_2" xlink:title="newItem"/>
    <link:label xlink:type="resource" xlink:label="label_newItem_3" xlink:role="http://www.xbrl.org/2003/role/label" xlink:title="label_newItem" xml:lang="da" id="label_newItem_3">Redegørelse for virksomhedsledelse</link:label>
    <link:labelArc xlink:type="arc" xlink:arcrole="http://www.xbrl.org/2003/arcrole/concept-label" xlink:from="newItem_2" xlink:to="label_newItem_3" xlink:title="label: newItem to label_newItem"/>
    <link:loc xlink:type="locator" xlink:href="mrv.xsd#mrv_LinkToCorporateGovernanceReport" xlink:label="newItem2" xlink:title="newItem2"/>
    <link:label xlink:type="resource" xlink:label="label_newItem2" xlink:role="http://www.xbrl.org/2003/role/label" xlink:title="label_newItem2" xml:lang="da" id="label_newItem2">Link til redegørelse for virksomhedsledelse</link:label>
    <link:labelArc xlink:type="arc" xlink:arcrole="http://www.xbrl.org/2003/arcrole/concept-label" xlink:from="newItem2" xlink:to="label_newItem2" xlink:title="label: newItem2 to label_newItem2"/>
    <link:loc xlink:type="locator" xlink:href="mrv.xsd#mrv_StatementOfTargetFiguresAndPoliciesForTheUnderrepresentedGender" xlink:label="newItem3" xlink:title="newItem3"/>
    <link:label xlink:type="resource" xlink:label="label_newItem3" xlink:role="http://www.xbrl.org/2003/role/label" xlink:title="label_newItem3" xml:lang="da" id="label_newItem3">Redegørelse for måltal og politikker vedrørende det underrepræsenterede køn</link:label>
    <link:labelArc xlink:type="arc" xlink:arcrole="http://www.xbrl.org/2003/arcrole/concept-label" xlink:from="newItem3" xlink:to="label_newItem3" xlink:title="label: newItem3 to label_newItem3"/>
    <link:loc xlink:type="locator" xlink:href="mrv.xsd#mrv_LinkToStatementOfTargetFiguresAndPoliciesForTheUnderrepresentedGender" xlink:label="newItem4" xlink:title="newItem4"/>
    <link:label xlink:type="resource" xlink:label="label_newItem4" xlink:role="http://www.xbrl.org/2003/role/label" xlink:title="label_newItem4" xml:lang="da" id="label_newItem4">Link til redegørelse for måltal og politikker vedrørende det underrepræsenterede køn</link:label>
    <link:labelArc xlink:type="arc" xlink:arcrole="http://www.xbrl.org/2003/arcrole/concept-label" xlink:from="newItem4" xlink:to="label_newItem4" xlink:title="label: newItem4 to label_newItem4"/>
    <link:loc xlink:type="locator" xlink:href="mrv.xsd#mrv_InformationFromStatementByManagementGivenInManagementsReviewDueToOptingOutOfStatementByManagementAbstract" xlink:label="newItem_3" xlink:title="newItem"/>
    <link:label xlink:type="resource" xlink:label="label_newItem_5" xlink:role="http://www.xbrl.org/2003/role/label" xlink:title="label_newItem" xml:lang="da" id="label_newItem_5">Oplysning fra ledelsespåtegningen mv. der anføres under ledelsesberetningen pga. fravalg af ledelsespåtegningen mv.</link:label>
    <link:labelArc xlink:type="arc" xlink:arcrole="http://www.xbrl.org/2003/arcrole/concept-label" xlink:from="newItem_3" xlink:to="label_newItem_5" xlink:title="label: newItem to label_newItem"/>
    <link:loc xlink:type="locator" xlink:href="mrv.xsd#mrv_DescriptionOfTheBusinessModelOfTheEntityCorporateSocialResponsibility" xlink:label="copyOfDescriptionOfPoliciesOnSocialResponsibility" xlink:title="copyOfDescriptionOfPoliciesOnSocialResponsibility"/>
    <link:label xlink:type="resource" xlink:label="label_copyOfDescriptionOfPoliciesOnSocialResponsibility" xlink:role="http://www.xbrl.org/2003/role/label" xlink:title="label_copyOfDescriptionOfPoliciesOnSocialResponsibility" xml:lang="da" id="label_copyOfDescriptionOfPoliciesOnSocialResponsibility">Beskrivelse af virksomhedens forretningsmodel, samfundsansvar</link:label>
    <link:labelArc xlink:type="arc" xlink:arcrole="http://www.xbrl.org/2003/arcrole/concept-label" xlink:from="copyOfDescriptionOfPoliciesOnSocialResponsibility" xlink:to="label_copyOfDescriptionOfPoliciesOnSocialResponsibility" xlink:title="label: copyOfDescriptionOfPoliciesOnSocialResponsibility to label_copyOfDescriptionOfPoliciesOnSocialResponsibility"/>
    <link:loc xlink:type="locator" xlink:href="mrv.xsd#mrv_DetailsOnPoliciesOnCorporateSocialResponsibilityAbstract" xlink:label="copyOfDetailsOnOtherKeyFiguresAndFinancialRatiosAbstract" xlink:title="copyOfDetailsOnOtherKeyFiguresAndFinancialRatiosAbstract"/>
    <link:label xlink:type="resource" xlink:label="label_copyOfDetailsOnOtherKeyFiguresAndFinancialRatiosAbstract" xlink:role="http://www.xbrl.org/2003/role/label" xlink:title="label_copyOfDetailsOnOtherKeyFiguresAndFinancialRatiosAbstract" xml:lang="da" id="label_copyOfDetailsOnOtherKeyFiguresAndFinancialRatiosAbstract">Detaljer om politikker for samfundsansvar</link:label>
    <link:labelArc xlink:type="arc" xlink:arcrole="http://www.xbrl.org/2003/arcrole/concept-label" xlink:from="copyOfDetailsOnOtherKeyFiguresAndFinancialRatiosAbstract" xlink:to="label_copyOfDetailsOnOtherKeyFiguresAndFinancialRatiosAbstract" xlink:title="label: copyOfDetailsOnOtherKeyFiguresAndFinancialRatiosAbstract to label_copyOfDetailsOnOtherKeyFiguresAndFinancialRatiosAbstract"/>
    <link:loc xlink:type="locator" xlink:href="mrv.xsd#mrv_DetailsOnPoliciesOnCorporateSocialResponsibilityHypercube" xlink:label="copyOfDetailsOnOtherKeyFiguresAndFinancialRatiosHypercube" xlink:title="copyOfDetailsOnOtherKeyFiguresAndFinancialRatiosHypercube"/>
    <link:label xlink:type="resource" xlink:label="label_copyOfDetailsOnOtherKeyFiguresAndFinancialRatiosHypercube" xlink:role="http://www.xbrl.org/2003/role/label" xlink:title="label_copyOfDetailsOnOtherKeyFiguresAndFinancialRatiosHypercube" xml:lang="da" id="label_copyOfDetailsOnOtherKeyFiguresAndFinancialRatiosHypercube">Detaljer om politikker for samfundsansvar</link:label>
    <link:labelArc xlink:type="arc" xlink:arcrole="http://www.xbrl.org/2003/arcrole/concept-label" xlink:from="copyOfDetailsOnOtherKeyFiguresAndFinancialRatiosHypercube" xlink:to="label_copyOfDetailsOnOtherKeyFiguresAndFinancialRatiosHypercube" xlink:title="label: copyOfDetailsOnOtherKeyFiguresAndFinancialRatiosHypercube to label_copyOfDetailsOnOtherKeyFiguresAndFinancialRatiosHypercube"/>
    <link:loc xlink:type="locator" xlink:href="mrv.xsd#mrv_DetailsOnPoliciesOnOtherCorporateSocialResponsibilityAbstract" xlink:label="copyOfDetailsOnPoliciesOnCorporateSocialResponsibilityAbstract" xlink:title="copyOfDetailsOnPoliciesOnCorporateSocialResponsibilityAbstract"/>
    <link:label xlink:type="resource" xlink:label="label_copyOfDetailsOnPoliciesOnCorporateSocialResponsibilityAbstract" xlink:role="http://www.xbrl.org/2003/role/label" xlink:title="label_copyOfDetailsOnPoliciesOnCorporateSocialResponsibilityAbstract" xml:lang="da" id="label_copyOfDetailsOnPoliciesOnCorporateSocialResponsibilityAbstract">Detaljer om andre politikker for samfundsansvar</link:label>
    <link:labelArc xlink:type="arc" xlink:arcrole="http://www.xbrl.org/2003/arcrole/concept-label" xlink:from="copyOfDetailsOnPoliciesOnCorporateSocialResponsibilityAbstract" xlink:to="label_copyOfDetailsOnPoliciesOnCorporateSocialResponsibilityAbstract" xlink:title="label: copyOfDetailsOnPoliciesOnCorporateSocialResponsibilityAbstract to label_copyOfDetailsOnPoliciesOnCorporateSocialResponsibilityAbstract"/>
    <link:loc xlink:type="locator" xlink:href="mrv.xsd#mrv_DetailsOnPoliciesOnOtherCorporateSocialResponsibilityHypercube" xlink:label="copyOfDetailsOnPoliciesOnCorporateSocialResponsibilityHypercube" xlink:title="copyOfDetailsOnPoliciesOnCorporateSocialResponsibilityHypercube"/>
    <link:label xlink:type="resource" xlink:label="label_copyOfDetailsOnPoliciesOnCorporateSocialResponsibilityHypercube" xlink:role="http://www.xbrl.org/2003/role/label" xlink:title="label_copyOfDetailsOnPoliciesOnCorporateSocialResponsibilityHypercube" xml:lang="da" id="label_copyOfDetailsOnPoliciesOnCorporateSocialResponsibilityHypercube">Detaljer om andre politikker for samfundsansvar</link:label>
    <link:labelArc xlink:type="arc" xlink:arcrole="http://www.xbrl.org/2003/arcrole/concept-label" xlink:from="copyOfDetailsOnPoliciesOnCorporateSocialResponsibilityHypercube" xlink:to="label_copyOfDetailsOnPoliciesOnCorporateSocialResponsibilityHypercube" xlink:title="label: copyOfDetailsOnPoliciesOnCorporateSocialResponsibilityHypercube to label_copyOfDetailsOnPoliciesOnCorporateSocialResponsibilityHypercube"/>
    <link:loc xlink:type="locator" xlink:href="mrv.xsd#mrv_TypeOfPoliciesDimension" xlink:label="TypeOfPoliciesDimension" xlink:title="TypeOfPoliciesDimension"/>
    <link:label xlink:type="resource" xlink:label="label_TypeOfPoliciesDimension" xlink:role="http://www.xbrl.org/2003/role/label" xlink:title="label_TypeOfPoliciesDimension" xml:lang="da" id="label_TypeOfPoliciesDimension">Typer af politikker</link:label>
    <link:labelArc xlink:type="arc" xlink:arcrole="http://www.xbrl.org/2003/arcrole/concept-label" xlink:from="TypeOfPoliciesDimension" xlink:to="label_TypeOfPoliciesDimension" xlink:title="label: TypeOfPoliciesDimension to label_TypeOfPoliciesDimension"/>
    <link:loc xlink:type="locator" xlink:href="mrv.xsd#mrv_AllPoliciesMember" xlink:label="ThreeYearsAgoMember" xlink:title="ThreeYearsAgoMember"/>
    <link:label xlink:type="resource" xlink:label="label_ThreeYearsAgoMember" xlink:role="http://www.xbrl.org/2003/role/label" xlink:title="label_ThreeYearsAgoMember" xml:lang="da" id="label_ThreeYearsAgoMember">Alle politikker</link:label>
    <link:labelArc xlink:type="arc" xlink:arcrole="http://www.xbrl.org/2003/arcrole/concept-label" xlink:from="ThreeYearsAgoMember" xlink:to="label_ThreeYearsAgoMember" xlink:title="label: ThreeYearsAgoMember to label_ThreeYearsAgoMember"/>
    <link:loc xlink:type="locator" xlink:href="mrv.xsd#mrv_IdentificationOfPolicyDimension" xlink:label="copyOfIdentificationOfKeyFigureOrFinancialRatioDimension" xlink:title="copyOfIdentificationOfKeyFigureOrFinancialRatioDimension"/>
    <link:label xlink:type="resource" xlink:label="label_copyOfIdentificationOfKeyFigureOrFinancialRatioDimension" xlink:role="http://www.xbrl.org/2003/role/label" xlink:title="label_copyOfIdentificationOfKeyFigureOrFinancialRatioDimension" xml:lang="da" id="label_copyOfIdentificationOfKeyFigureOrFinancialRatioDimension">Identifikation af politik</link:label>
    <link:labelArc xlink:type="arc" xlink:arcrole="http://www.xbrl.org/2003/arcrole/concept-label" xlink:from="copyOfIdentificationOfKeyFigureOrFinancialRatioDimension" xlink:to="label_copyOfIdentificationOfKeyFigureOrFinancialRatioDimension" xlink:title="label: copyOfIdentificationOfKeyFigureOrFinancialRatioDimension to label_copyOfIdentificationOfKeyFigureOrFinancialRatioDimension"/>
    <link:loc xlink:type="locator" xlink:href="mrv.xsd#mrv_PoliciesOnEnvironmentMember" xlink:label="copyOfAllPoliciesMember" xlink:title="copyOfAllPoliciesMember"/>
    <link:label xlink:type="resource" xlink:label="label_copyOfAllPoliciesMember" xlink:role="http://www.xbrl.org/2003/role/label" xlink:title="label_copyOfAllPoliciesMember" xml:lang="da" id="label_copyOfAllPoliciesMember">Politikker for miljø</link:label>
    <link:labelArc xlink:type="arc" xlink:arcrole="http://www.xbrl.org/2003/arcrole/concept-label" xlink:from="copyOfAllPoliciesMember" xlink:to="label_copyOfAllPoliciesMember" xlink:title="label: copyOfAllPoliciesMember to label_copyOfAllPoliciesMember"/>
    <link:loc xlink:type="locator" xlink:href="mrv.xsd#mrv_PoliciesOnSocialConditionsAndLaborPracticesMember" xlink:label="copyOfAllPoliciesMember2" xlink:title="copyOfAllPoliciesMember2"/>
    <link:label xlink:type="resource" xlink:label="label_copyOfAllPoliciesMember2" xlink:role="http://www.xbrl.org/2003/role/label" xlink:title="label_copyOfAllPoliciesMember2" xml:lang="da" id="label_copyOfAllPoliciesMember2">Politikker for sociale forhold og medarbejderforhold</link:label>
    <link:labelArc xlink:type="arc" xlink:arcrole="http://www.xbrl.org/2003/arcrole/concept-label" xlink:from="copyOfAllPoliciesMember2" xlink:to="label_copyOfAllPoliciesMember2" xlink:title="label: copyOfAllPoliciesMember2 to label_copyOfAllPoliciesMember2"/>
    <link:loc xlink:type="locator" xlink:href="mrv.xsd#mrv_PoliciesOnHumanRights" xlink:label="copyOfAllPoliciesMember3" xlink:title="copyOfAllPoliciesMember3"/>
    <link:label xlink:type="resource" xlink:label="label_copyOfAllPoliciesMember3" xlink:role="http://www.xbrl.org/2003/role/label" xlink:title="label_copyOfAllPoliciesMember3" xml:lang="da" id="label_copyOfAllPoliciesMember3">Politikker for menneskerettigheder</link:label>
    <link:labelArc xlink:type="arc" xlink:arcrole="http://www.xbrl.org/2003/arcrole/concept-label" xlink:from="copyOfAllPoliciesMember3" xlink:to="label_copyOfAllPoliciesMember3" xlink:title="label: copyOfAllPoliciesMember3 to label_copyOfAllPoliciesMember3"/>
    <link:loc xlink:type="locator" xlink:href="mrv.xsd#mrv_PoliciesOnAntiCorruptionAndBriberyMember" xlink:label="copyOfAllPoliciesMember4" xlink:title="copyOfAllPoliciesMember4"/>
    <link:label xlink:type="resource" xlink:label="label_copyOfAllPoliciesMember4" xlink:role="http://www.xbrl.org/2003/role/label" xlink:title="label_copyOfAllPoliciesMember4" xml:lang="da" id="label_copyOfAllPoliciesMember4">Politikker for anti-korruption og bestikkelse</link:label>
    <link:labelArc xlink:type="arc" xlink:arcrole="http://www.xbrl.org/2003/arcrole/concept-label" xlink:from="copyOfAllPoliciesMember4" xlink:to="label_copyOfAllPoliciesMember4" xlink:title="label: copyOfAllPoliciesMember4 to label_copyOfAllPoliciesMember4"/>
    <link:loc xlink:type="locator" xlink:href="mrv.xsd#mrv_DescriptionOfPrincipalRiskInRelationToTheSignificantActivitiesOfEntityCorporateSocialResponsibility" xlink:label="copyOfDescriptionOfStandardsGuidelinesAndPrinciplesOfCorporateSocialResponsibility" xlink:title="copyOfDescriptionOfStandardsGuidelinesAndPrinciplesOfCorporateSocialResponsibility"/>
    <link:label xlink:type="resource" xlink:label="label_copyOfDescriptionOfStandardsGuidelinesAndPrinciplesOfCorporateSocialResponsibility" xlink:role="http://www.xbrl.org/2003/role/label" xlink:title="label_copyOfDescriptionOfStandardsGuidelinesAndPrinciplesOfCorporateSocialResponsibility" xml:lang="da" id="label_copyOfDescriptionOfStandardsGuidelinesAndPrinciplesOfCorporateSocialResponsibility">Beskrivelse af de væsentligste risici i relation til virksomhedens forretningsaktiviteter, samfundsansvar</link:label>
    <link:labelArc xlink:type="arc" xlink:arcrole="http://www.xbrl.org/2003/arcrole/concept-label" xlink:from="copyOfDescriptionOfStandardsGuidelinesAndPrinciplesOfCorporateSocialResponsibility" xlink:to="label_copyOfDescriptionOfStandardsGuidelinesAndPrinciplesOfCorporateSocialResponsibility" xlink:title="label: copyOfDescriptionOfStandardsGuidelinesAndPrinciplesOfCorporateSocialResponsibility to label_copyOfDescriptionOfStandardsGuidelinesAndPrinciplesOfCorporateSocialResponsibility"/>
    <link:loc xlink:type="locator" xlink:href="mrv.xsd#mrv_DescriptionOfTheEntitysUseOfAnyNonFinancialKeyPerformanceIndicatorsCorporateSocialResponsibility" xlink:label="copyOfDescriptionOfPrincipalRiskInRelationToTheSignificantActivitiesOfEntityCorporateSocialResponsibility" xlink:title="copyOfDescriptionOfPrincipalRiskInRelationToTheSignificantActivitiesOfEntityCorporateSocialResponsibility"/>
    <link:label xlink:type="resource" xlink:label="label_copyOfDescriptionOfPrincipalRiskInRelationToTheSignificantActivitiesOfEntityCorporateSocialResponsibility" xlink:role="http://www.xbrl.org/2003/role/label" xlink:title="label_copyOfDescriptionOfPrincipalRiskInRelationToTheSignificantActivitiesOfEntityCorporateSocialResponsibility" xml:lang="da" id="label_copyOfDescriptionOfPrincipalRiskInRelationToTheSignificantActivitiesOfEntityCorporateSocialResponsibility">Beskrivelse af virksomhedens anvendelse af eventuelle ikke-finansielle nøglepræstationsindikatorer, samfundsansvar</link:label>
    <link:labelArc xlink:type="arc" xlink:arcrole="http://www.xbrl.org/2003/arcrole/concept-label" xlink:from="copyOfDescriptionOfPrincipalRiskInRelationToTheSignificantActivitiesOfEntityCorporateSocialResponsibility" xlink:to="label_copyOfDescriptionOfPrincipalRiskInRelationToTheSignificantActivitiesOfEntityCorporateSocialResponsibility" xlink:title="label: copyOfDescriptionOfPrincipalRiskInRelationToTheSignificantActivitiesOfEntityCorporateSocialResponsibility to label_copyOfDescriptionOfPrincipalRiskInRelationToTheSignificantActivitiesOfEntityCorporateSocialResponsibility"/>
    <link:loc xlink:type="locator" xlink:href="mrv.xsd#mrv_NameOfPolicyCorporateSocialResponsibility" xlink:label="copyOfDescriptionOfPrimaryActivitiesOfEntity" xlink:title="copyOfDescriptionOfPrimaryActivitiesOfEntity"/>
    <link:label xlink:type="resource" xlink:label="label_copyOfDescriptionOfPrimaryActivitiesOfEntity" xlink:role="http://www.xbrl.org/2003/role/label" xlink:title="label_copyOfDescriptionOfPrimaryActivitiesOfEntity" xml:lang="da" id="label_copyOfDescriptionOfPrimaryActivitiesOfEntity">Navn på politik, samfundsansvar</link:label>
    <link:labelArc xlink:type="arc" xlink:arcrole="http://www.xbrl.org/2003/arcrole/concept-label" xlink:from="copyOfDescriptionOfPrimaryActivitiesOfEntity" xlink:to="label_copyOfDescriptionOfPrimaryActivitiesOfEntity" xlink:title="label: copyOfDescriptionOfPrimaryActivitiesOfEntity to label_copyOfDescriptionOfPrimaryActivitiesOfEntity"/>
    <link:loc xlink:type="locator" xlink:href="mrv.xsd#mrv_RelatedToManagementsReviewAbstract" xlink:label="newItem_4" xlink:title="newItem"/>
    <link:label xlink:type="resource" xlink:label="label_RelatedToManagementsReviewAbstract" xlink:role="http://www.xbrl.org/2003/role/label" xlink:title="label_RelatedToManagementsReviewAbstract" xml:lang="da" id="label_RelatedToManagementsReviewAbstract">I tilknytning til ledelsesberetningen</link:label>
    <link:labelArc xlink:type="arc" xlink:arcrole="http://www.xbrl.org/2003/arcrole/concept-label" xlink:from="newItem_4" xlink:to="label_RelatedToManagementsReviewAbstract" xlink:title="label: RelatedToManagementsReviewAbstract to label_RelatedToManagementsReviewAbstract"/>
    <link:loc xlink:type="locator" xlink:href="mrv.xsd#mrv_ReportOnPaymentsToAuthorities" xlink:label="copyOfRelatedToManagementsReviewAbstract" xlink:title="copyOfRelatedToManagementsReviewAbstract"/>
    <link:label xlink:type="resource" xlink:label="label_copyOfRelatedToManagementsReviewAbstract" xlink:role="http://www.xbrl.org/2003/role/label" xlink:title="label_copyOfRelatedToManagementsReviewAbstract" xml:lang="da" id="label_copyOfRelatedToManagementsReviewAbstract">Beretning om betalinger til myndigheder</link:label>
    <link:labelArc xlink:type="arc" xlink:arcrole="http://www.xbrl.org/2003/arcrole/concept-label" xlink:from="copyOfRelatedToManagementsReviewAbstract" xlink:to="label_copyOfRelatedToManagementsReviewAbstract" xlink:title="label: copyOfRelatedToManagementsReviewAbstract to label_copyOfRelatedToManagementsReviewAbstract"/>
    <link:loc xlink:type="locator" xlink:href="mrv.xsd#mrv_ManagementsReviewEtcAbstract" xlink:label="copyOfRelatedToManagementsReviewAbstract_2" xlink:title="copyOfRelatedToManagementsReviewAbstract"/>
    <link:label xlink:type="resource" xlink:label="label_copyOfRelatedToManagementsReviewAbstract_4" xlink:role="http://www.xbrl.org/2003/role/label" xlink:title="label_copyOfRelatedToManagementsReviewAbstract" xml:lang="da" id="label_copyOfRelatedToManagementsReviewAbstract_4">Ledelsesberetningen mv.</link:label>
    <link:labelArc xlink:type="arc" xlink:arcrole="http://www.xbrl.org/2003/arcrole/concept-label" xlink:from="copyOfRelatedToManagementsReviewAbstract_2" xlink:to="label_copyOfRelatedToManagementsReviewAbstract_4" xlink:title="label: copyOfRelatedToManagementsReviewAbstract to label_copyOfRelatedToManagementsReviewAbstract"/>
    <link:loc xlink:type="locator" xlink:href="mrv.xsd#mrv_ValueOfKeyFigureOrFinancialRatioMonetary" xlink:label="copyOfValueOfKeyFigureOrFinancialRatio" xlink:title="copyOfValueOfKeyFigureOrFinancialRatio"/>
    <link:label xlink:type="resource" xlink:label="label_copyOfValueOfKeyFigureOrFinancialRatio" xlink:role="http://www.xbrl.org/2003/role/label" xlink:title="label_copyOfValueOfKeyFigureOrFinancialRatio" xml:lang="da" id="label_copyOfValueOfKeyFigureOrFinancialRatio">Værdi af hoved- eller nøgletal, monetær</link:label>
    <link:labelArc xlink:type="arc" xlink:arcrole="http://www.xbrl.org/2003/arcrole/concept-label" xlink:from="copyOfValueOfKeyFigureOrFinancialRatio" xlink:to="label_copyOfValueOfKeyFigureOrFinancialRatio" xlink:title="label: copyOfValueOfKeyFigureOrFinancialRatio to label_copyOfValueOfKeyFigureOrFinancialRatio"/>
  </link:labelLink>
</link:linkbase>
