<?xml version="1.0" encoding="UTF-8"?>
<!-- Generated by Fujitsu Interstage XWand B0217 -->
<?officialURI http://archprod.service.eogs.dk/taxonomy/20161001/mrv/mrv-lab-pt.xml?>

<?taxonomy-version 1.7.0?>

<link:linkbase xmlns:xsi="http://www.w3.org/2001/XMLSchema-instance" xsi:schemaLocation="http://www.xbrl.org/2003/linkbase http://www.xbrl.org/2003/xbrl-linkbase-2003-12-31.xsd" xmlns:mrv="http://xbrl.dcca.dk/mrv" xmlns:tax="http://xbrl.dcca.dk/tax" xmlns:tch="http://xbrl.dcca.dk/tch" xmlns:gen="http://xbrl.org/2008/generic" xmlns:ref="http://www.xbrl.org/2006/ref" xmlns:xbrldt="http://xbrl.org/2005/xbrldt" xmlns:nonnum="http://www.xbrl.org/dtr/type/non-numeric" xmlns:xl="http://www.xbrl.org/2003/XLink" xmlns:gsd="http://xbrl.dcca.dk/gsd" xmlns:dst="http://xbrl.dcca.dk/dst" xmlns:xsd="http://www.w3.org/2001/XMLSchema" xmlns:link="http://www.xbrl.org/2003/linkbase" xmlns:num="http://www.xbrl.org/dtr/type/numeric" xmlns:xlink="http://www.w3.org/1999/xlink" xmlns:fsa="http://xbrl.dcca.dk/fsa" xmlns:cmn="http://xbrl.dcca.dk/cmn" xmlns:label="http://xbrl.org/2008/label" xmlns:xbrli="http://www.xbrl.org/2003/instance">
  <link:labelLink xlink:type="extended" xlink:role="http://www.xbrl.org/2003/role/link">
    <link:loc xlink:type="locator" xlink:href="mrv.xsd#mrv_DescriptionOfAnyUncertaintyConnectedWithRecognitionOrMeasurement" xlink:label="DescriptionOfAnyUncertaintyConnectedWithRecognitionOrMeasurement"/>
    <link:label xlink:type="resource" xlink:label="label_DescriptionOfAnyUncertaintyConnectedWithRecognitionOrMeasurement" xlink:role="http://www.xbrl.org/2003/role/label" xml:lang="pt" id="label_DescriptionOfAnyUncertaintyConnectedWithRecognitionOrMeasurement">Descrição de qualquer incerteza ligada com registro ou avaliação</link:label>
    <link:labelArc xlink:type="arc" xlink:arcrole="http://www.xbrl.org/2003/arcrole/concept-label" xlink:from="DescriptionOfAnyUncertaintyConnectedWithRecognitionOrMeasurement" xlink:to="label_DescriptionOfAnyUncertaintyConnectedWithRecognitionOrMeasurement" order="10.0"/>
    <link:loc xlink:type="locator" xlink:href="mrv.xsd#mrv_DescriptionOfAnyUnusualMattersAffectingRecognitionOrMeasurement" xlink:label="DescriptionOfAnyUnusualMattersAffectingRecognitionOrMeasurement"/>
    <link:label xlink:type="resource" xlink:label="label_DescriptionOfAnyUnusualMattersAffectingRecognitionOrMeasurement" xlink:role="http://www.xbrl.org/2003/role/label" xml:lang="pt" id="label_DescriptionOfAnyUnusualMattersAffectingRecognitionOrMeasurement">Descrição de qualquer circunstância inabitual que afeta o registro ou avaliação</link:label>
    <link:labelArc xlink:type="arc" xlink:arcrole="http://www.xbrl.org/2003/arcrole/concept-label" xlink:from="DescriptionOfAnyUnusualMattersAffectingRecognitionOrMeasurement" xlink:to="label_DescriptionOfAnyUnusualMattersAffectingRecognitionOrMeasurement" order="10.0"/>
    <link:loc xlink:type="locator" xlink:href="mrv.xsd#mrv_DescriptionOfAssessmentOfAchievedResultsOfWorkWithCommunity" xlink:label="DescriptionOfAssessmentOfAchievedResultsOfWorkWithCommunity"/>
    <link:label xlink:type="resource" xlink:label="label_DescriptionOfAssessmentOfAchievedResultsOfWorkWithCommunity" xlink:role="http://www.xbrl.org/2003/role/label" xml:lang="pt" id="label_DescriptionOfAssessmentOfAchievedResultsOfWorkWithCommunity">Descrição da avaliação dos resultados atingidos no envolvimento na responsabilidade social empresarial</link:label>
    <link:labelArc xlink:type="arc" xlink:arcrole="http://www.xbrl.org/2003/arcrole/concept-label" xlink:from="DescriptionOfAssessmentOfAchievedResultsOfWorkWithCommunity" xlink:to="label_DescriptionOfAssessmentOfAchievedResultsOfWorkWithCommunity" order="10.0"/>
    <link:loc xlink:type="locator" xlink:href="mrv.xsd#mrv_DescriptionOfAssumedSpecificPrerequisitesAndUncertainFactorsForAssessmentOfExpectedDevelopment" xlink:label="DescriptionOfAssumedSpecificPrerequisitesAndUncertainFactorsForAssessmentOfExpectedDevelopment"/>
    <link:label xlink:type="resource" xlink:label="label_DescriptionOfAssumedSpecificPrerequisitesAndUncertainFactorsForAssessmentOfExpectedDevelopment" xlink:role="http://www.xbrl.org/2003/role/label" xml:lang="pt" id="label_DescriptionOfAssumedSpecificPrerequisitesAndUncertainFactorsForAssessmentOfExpectedDevelopment">Descrição de pré-requisitos específicos admitidos e fatores incertos para a avaliação das expectativas de desenvolvimento</link:label>
    <link:labelArc xlink:type="arc" xlink:arcrole="http://www.xbrl.org/2003/arcrole/concept-label" xlink:from="DescriptionOfAssumedSpecificPrerequisitesAndUncertainFactorsForAssessmentOfExpectedDevelopment" xlink:to="label_DescriptionOfAssumedSpecificPrerequisitesAndUncertainFactorsForAssessmentOfExpectedDevelopment" order="10.0"/>
    <link:loc xlink:type="locator" xlink:href="mrv.xsd#mrv_DescriptionOfBranchesAbroad" xlink:label="DescriptionOfBranchesAbroad"/>
    <link:label xlink:type="resource" xlink:label="label_DescriptionOfBranchesAbroad" xlink:role="http://www.xbrl.org/2003/role/label" xml:lang="pt" id="label_DescriptionOfBranchesAbroad">Descrição dos ramos no estrangeiro</link:label>
    <link:labelArc xlink:type="arc" xlink:arcrole="http://www.xbrl.org/2003/arcrole/concept-label" xlink:from="DescriptionOfBranchesAbroad" xlink:to="label_DescriptionOfBranchesAbroad" order="10.0"/>
    <link:loc xlink:type="locator" xlink:href="mrv.xsd#mrv_DescriptionOfDevelopmentInActivitiesAndFinancialAffairs" xlink:label="DescriptionOfDevelopmentInActivitiesAndFinancialAffairs"/>
    <link:label xlink:type="resource" xlink:label="label_DescriptionOfDevelopmentInActivitiesAndFinancialAffairs" xlink:role="http://www.xbrl.org/2003/role/label" xml:lang="pt" id="label_DescriptionOfDevelopmentInActivitiesAndFinancialAffairs">Descrição do desenvolvimento em atividades e negócios financeiros</link:label>
    <link:labelArc xlink:type="arc" xlink:arcrole="http://www.xbrl.org/2003/arcrole/concept-label" xlink:from="DescriptionOfDevelopmentInActivitiesAndFinancialAffairs" xlink:to="label_DescriptionOfDevelopmentInActivitiesAndFinancialAffairs" order="10.0"/>
    <link:loc xlink:type="locator" xlink:href="mrv.xsd#mrv_DescriptionOfEmployeeMatters" xlink:label="DescriptionOfEmployeeMatters"/>
    <link:label xlink:type="resource" xlink:label="label_DescriptionOfEmployeeMatters" xlink:role="http://www.xbrl.org/2003/role/label" xml:lang="pt" id="label_DescriptionOfEmployeeMatters">Descrição de assuntos relativos ao pessoal</link:label>
    <link:labelArc xlink:type="arc" xlink:arcrole="http://www.xbrl.org/2003/arcrole/concept-label" xlink:from="DescriptionOfEmployeeMatters" xlink:to="label_DescriptionOfEmployeeMatters" order="10.0"/>
    <link:loc xlink:type="locator" xlink:href="mrv.xsd#mrv_DescriptionOfEnvironmentalMatters" xlink:label="DescriptionOfEnvironmentalMatters"/>
    <link:label xlink:type="resource" xlink:label="label_DescriptionOfEnvironmentalMatters" xlink:role="http://www.xbrl.org/2003/role/label" xml:lang="pt" id="label_DescriptionOfEnvironmentalMatters">Descrição de assuntos ambientais</link:label>
    <link:labelArc xlink:type="arc" xlink:arcrole="http://www.xbrl.org/2003/arcrole/concept-label" xlink:from="DescriptionOfEnvironmentalMatters" xlink:to="label_DescriptionOfEnvironmentalMatters" order="10.0"/>
    <link:loc xlink:type="locator" xlink:href="mrv.xsd#mrv_DescriptionOfExpectationsForFutureWorkWithCommunity" xlink:label="DescriptionOfExpectationsForFutureWorkWithCommunity"/>
    <link:label xlink:type="resource" xlink:label="label_DescriptionOfExpectationsForFutureWorkWithCommunity" xlink:role="http://www.xbrl.org/2003/role/label" xml:lang="pt" id="label_DescriptionOfExpectationsForFutureWorkWithCommunity">Descrição das expectativas para o futuro envolvimento na responsabilidade social empresarial</link:label>
    <link:labelArc xlink:type="arc" xlink:arcrole="http://www.xbrl.org/2003/arcrole/concept-label" xlink:from="DescriptionOfExpectationsForFutureWorkWithCommunity" xlink:to="label_DescriptionOfExpectationsForFutureWorkWithCommunity" order="10.0"/>
    <link:loc xlink:type="locator" xlink:href="mrv.xsd#mrv_DescriptionOfExpectedDevelopment" xlink:label="DescriptionOfExpectedDevelopment"/>
    <link:label xlink:type="resource" xlink:label="label_DescriptionOfExpectedDevelopment" xlink:role="http://www.xbrl.org/2003/role/label" xml:lang="pt" id="label_DescriptionOfExpectedDevelopment">Descrição das espectativas de desenvolvimento</link:label>
    <link:labelArc xlink:type="arc" xlink:arcrole="http://www.xbrl.org/2003/arcrole/concept-label" xlink:from="DescriptionOfExpectedDevelopment" xlink:to="label_DescriptionOfExpectedDevelopment" order="10.0"/>
    <link:loc xlink:type="locator" xlink:href="mrv.xsd#mrv_DescriptionOfImpactOnExternalEnvironmentAndMeasuresOfPreventingReducingOrMitigatingDamage" xlink:label="DescriptionOfImpactOnExternalEnvironmentAndMeasuresOfPreventingReducingOrMitigatingDamage"/>
    <link:label xlink:type="resource" xlink:label="label_DescriptionOfImpactOnExternalEnvironmentAndMeasuresOfPreventingReducingOrMitigatingDamage" xlink:role="http://www.xbrl.org/2003/role/label" xml:lang="pt" id="label_DescriptionOfImpactOnExternalEnvironmentAndMeasuresOfPreventingReducingOrMitigatingDamage">Descrição do impacto sobre o ambiente externo e das medidas de prevenção, reduzindo ou atenuando o prejuízo</link:label>
    <link:labelArc xlink:type="arc" xlink:arcrole="http://www.xbrl.org/2003/arcrole/concept-label" xlink:from="DescriptionOfImpactOnExternalEnvironmentAndMeasuresOfPreventingReducingOrMitigatingDamage" xlink:to="label_DescriptionOfImpactOnExternalEnvironmentAndMeasuresOfPreventingReducingOrMitigatingDamage" order="10.0"/>
    <link:loc xlink:type="locator" xlink:href="mrv.xsd#mrv_DescriptionOfKeyFiguresAndFinancialRatios" xlink:label="DescriptionOfKeyFiguresAndFinancialRatios"/>
    <link:label xlink:type="resource" xlink:label="label_DescriptionOfKeyFiguresAndFinancialRatios" xlink:role="http://www.xbrl.org/2003/role/label" xml:lang="pt" id="label_DescriptionOfKeyFiguresAndFinancialRatios">Descrição dos dados-chave e índices financeiros </link:label>
    <link:labelArc xlink:type="arc" xlink:arcrole="http://www.xbrl.org/2003/arcrole/concept-label" xlink:from="DescriptionOfKeyFiguresAndFinancialRatios" xlink:to="label_DescriptionOfKeyFiguresAndFinancialRatios" order="10.0"/>
    <link:loc xlink:type="locator" xlink:href="mrv.xsd#mrv_DescriptionOfKnowledgeResources" xlink:label="DescriptionOfKnowledgeResources"/>
    <link:label xlink:type="resource" xlink:label="label_DescriptionOfKnowledgeResources" xlink:role="http://www.xbrl.org/2003/role/label" xml:lang="pt" id="label_DescriptionOfKnowledgeResources">Descrição dos recursos em conhecimentos</link:label>
    <link:labelArc xlink:type="arc" xlink:arcrole="http://www.xbrl.org/2003/arcrole/concept-label" xlink:from="DescriptionOfKnowledgeResources" xlink:to="label_DescriptionOfKnowledgeResources" order="10.0"/>
    <link:loc xlink:type="locator" xlink:href="mrv.xsd#mrv_DescriptionOfMethodsAndMeasurementBasisUsedForPreparationOfSupplementaryReports" xlink:label="DescriptionOfMethodsAndMeasurementBasisUsedForPreparationOfSupplementaryReports"/>
    <link:label xlink:type="resource" xlink:label="label_DescriptionOfMethodsAndMeasurementBasisUsedForPreparationOfSupplementaryReports" xlink:role="http://www.xbrl.org/2003/role/label" xml:lang="pt" id="label_DescriptionOfMethodsAndMeasurementBasisUsedForPreparationOfSupplementaryReports">Descrição dos métodos e da base de avaliação usada para preparação de relatórios complementares</link:label>
    <link:labelArc xlink:type="arc" xlink:arcrole="http://www.xbrl.org/2003/arcrole/concept-label" xlink:from="DescriptionOfMethodsAndMeasurementBasisUsedForPreparationOfSupplementaryReports" xlink:to="label_DescriptionOfMethodsAndMeasurementBasisUsedForPreparationOfSupplementaryReports" order="10.0"/>
    <link:loc xlink:type="locator" xlink:href="mrv.xsd#mrv_DescriptionOfNetProfitRelationToExpectedDevelopmentAssumedInPreviousReport" xlink:label="DescriptionOfNetProfitRelationToExpectedDevelopmentAssumedInPreviousReport"/>
    <link:label xlink:type="resource" xlink:label="label_DescriptionOfNetProfitRelationToExpectedDevelopmentAssumedInPreviousReport" xlink:role="http://www.xbrl.org/2003/role/label" xml:lang="pt" id="label_DescriptionOfNetProfitRelationToExpectedDevelopmentAssumedInPreviousReport">Descrição da relação entre o resultado líquido e as expectativas de desenvolvimento admitidas no relatório precedente</link:label>
    <link:labelArc xlink:type="arc" xlink:arcrole="http://www.xbrl.org/2003/arcrole/concept-label" xlink:from="DescriptionOfNetProfitRelationToExpectedDevelopmentAssumedInPreviousReport" xlink:to="label_DescriptionOfNetProfitRelationToExpectedDevelopmentAssumedInPreviousReport" order="10.0"/>
    <link:loc xlink:type="locator" xlink:href="mrv.xsd#mrv_DescriptionOfNon-FinancialFactorsRelevantToSpecificActivities" xlink:label="DescriptionOfNon-FinancialFactorsRelevantToSpecificActivities"/>
    <link:label xlink:type="resource" xlink:label="label_DescriptionOfNon-FinancialFactorsRelevantToSpecificActivities" xlink:role="http://www.xbrl.org/2003/role/label" xml:lang="pt" id="label_DescriptionOfNon-FinancialFactorsRelevantToSpecificActivities">Descrição dos fatores não financeiros relevantes para atividades específicas</link:label>
    <link:labelArc xlink:type="arc" xlink:arcrole="http://www.xbrl.org/2003/arcrole/concept-label" xlink:from="DescriptionOfNon-FinancialFactorsRelevantToSpecificActivities" xlink:to="label_DescriptionOfNon-FinancialFactorsRelevantToSpecificActivities" order="10.0"/>
    <link:loc xlink:type="locator" xlink:href="mrv.xsd#mrv_DescriptionOfOtherKeyFiguresAndFinancialRatios" xlink:label="DescriptionOfOtherKeyFiguresAndFinancialRatios"/>
    <link:label xlink:type="resource" xlink:label="label_DescriptionOfOtherKeyFiguresAndFinancialRatios" xlink:role="http://www.xbrl.org/2003/role/label" xml:lang="pt" id="label_DescriptionOfOtherKeyFiguresAndFinancialRatios">Descrição de outros dados-chave e índices financeiros</link:label>
    <link:labelArc xlink:type="arc" xlink:arcrole="http://www.xbrl.org/2003/arcrole/concept-label" xlink:from="DescriptionOfOtherKeyFiguresAndFinancialRatios" xlink:to="label_DescriptionOfOtherKeyFiguresAndFinancialRatios" order="10.0"/>
    <link:loc xlink:type="locator" xlink:href="mrv.xsd#mrv_DescriptionOfPoliciesOnSocialResponsibility" xlink:label="DescriptionOfPoliciesOnSocialResponsibility"/>
    <link:label xlink:type="resource" xlink:label="label_DescriptionOfPoliciesOnSocialResponsibility" xlink:role="http://www.xbrl.org/2003/role/label" xml:lang="pt" id="label_DescriptionOfPoliciesOnSocialResponsibility">Descrição das políticas sobre a responsabilidade social empresarial</link:label>
    <link:labelArc xlink:type="arc" xlink:arcrole="http://www.xbrl.org/2003/arcrole/concept-label" xlink:from="DescriptionOfPoliciesOnSocialResponsibility" xlink:to="label_DescriptionOfPoliciesOnSocialResponsibility" order="10.0"/>
    <link:loc xlink:type="locator" xlink:href="mrv.xsd#mrv_DescriptionOfPrimaryActivitiesOfEntity" xlink:label="DescriptionOfPrimaryActivitiesOfEntity"/>
    <link:label xlink:type="resource" xlink:label="label_DescriptionOfPrimaryActivitiesOfEntity" xlink:role="http://www.xbrl.org/2003/role/label" xml:lang="pt" id="label_DescriptionOfPrimaryActivitiesOfEntity">Descrição das atividades primárias da entidade</link:label>
    <link:labelArc xlink:type="arc" xlink:arcrole="http://www.xbrl.org/2003/arcrole/concept-label" xlink:from="DescriptionOfPrimaryActivitiesOfEntity" xlink:to="label_DescriptionOfPrimaryActivitiesOfEntity" order="10.0"/>
    <link:loc xlink:type="locator" xlink:href="mrv.xsd#mrv_DescriptionOfResearchAndDevelopmentActivitiesInAndForReportingEntity" xlink:label="DescriptionOfResearchAndDevelopmentActivitiesInAndForReportingEntity"/>
    <link:label xlink:type="resource" xlink:label="label_DescriptionOfResearchAndDevelopmentActivitiesInAndForReportingEntity" xlink:role="http://www.xbrl.org/2003/role/label" xml:lang="pt" id="label_DescriptionOfResearchAndDevelopmentActivitiesInAndForReportingEntity">Descrição das atividades de pesquisa e desenvolvimento na ou para a entidade contábil</link:label>
    <link:labelArc xlink:type="arc" xlink:arcrole="http://www.xbrl.org/2003/arcrole/concept-label" xlink:from="DescriptionOfResearchAndDevelopmentActivitiesInAndForReportingEntity" xlink:to="label_DescriptionOfResearchAndDevelopmentActivitiesInAndForReportingEntity" order="10.0"/>
    <link:loc xlink:type="locator" xlink:href="mrv.xsd#mrv_DescriptionOfSignificantChangesInBusinessAndEconomicConditions" xlink:label="DescriptionOfSignificantChangesInBusinessAndEconomicConditions"/>
    <link:label xlink:type="resource" xlink:label="label_DescriptionOfSignificantChangesInBusinessAndEconomicConditions" xlink:role="http://www.xbrl.org/2003/role/label" xml:lang="pt" id="label_DescriptionOfSignificantChangesInBusinessAndEconomicConditions">Descrição das mudanças significativas nas condições comerciais e econômicas</link:label>
    <link:labelArc xlink:type="arc" xlink:arcrole="http://www.xbrl.org/2003/arcrole/concept-label" xlink:from="DescriptionOfSignificantChangesInBusinessAndEconomicConditions" xlink:to="label_DescriptionOfSignificantChangesInBusinessAndEconomicConditions" order="10.0"/>
    <link:loc xlink:type="locator" xlink:href="mrv.xsd#mrv_DescriptionOfSignificantEventsOccurringAfterEndOfReportingPeriod" xlink:label="DescriptionOfSignificantEventsOccurringAfterEndOfReportingPeriod"/>
    <link:label xlink:type="resource" xlink:label="label_DescriptionOfSignificantEventsOccurringAfterEndOfReportingPeriod" xlink:role="http://www.xbrl.org/2003/role/label" xml:lang="pt" id="label_DescriptionOfSignificantEventsOccurringAfterEndOfReportingPeriod">Descrição de eventos significativos que ocorreram depois do final do período de relatório</link:label>
    <link:labelArc xlink:type="arc" xlink:arcrole="http://www.xbrl.org/2003/arcrole/concept-label" xlink:from="DescriptionOfSignificantEventsOccurringAfterEndOfReportingPeriod" xlink:to="label_DescriptionOfSignificantEventsOccurringAfterEndOfReportingPeriod" order="10.0"/>
    <link:loc xlink:type="locator" xlink:href="mrv.xsd#mrv_DescriptionOfSpecificRisksInAdditionToCommonlyOccurringHazardsInIndustry" xlink:label="DescriptionOfSpecificRisksInAdditionToCommonlyOccurringHazardsInIndustry"/>
    <link:label xlink:type="resource" xlink:label="label_DescriptionOfSpecificRisksInAdditionToCommonlyOccurringHazardsInIndustry" xlink:role="http://www.xbrl.org/2003/role/label" xml:lang="pt" id="label_DescriptionOfSpecificRisksInAdditionToCommonlyOccurringHazardsInIndustry">Descrição dos riscos especiais com exceção do riscos gerais do setor de atividade</link:label>
    <link:labelArc xlink:type="arc" xlink:arcrole="http://www.xbrl.org/2003/arcrole/concept-label" xlink:from="DescriptionOfSpecificRisksInAdditionToCommonlyOccurringHazardsInIndustry" xlink:to="label_DescriptionOfSpecificRisksInAdditionToCommonlyOccurringHazardsInIndustry" order="10.0"/>
    <link:loc xlink:type="locator" xlink:href="mrv.xsd#mrv_DescriptionOfStandardsGuidelinesAndPrinciplesOfCorporateSocialResponsibility" xlink:label="DescriptionOfStandardsGuidelinesAndPrinciplesOfCorporateSocialResponsibility"/>
    <link:label xlink:type="resource" xlink:label="label_DescriptionOfStandardsGuidelinesAndPrinciplesOfCorporateSocialResponsibility" xlink:role="http://www.xbrl.org/2003/role/label" xml:lang="pt" id="label_DescriptionOfStandardsGuidelinesAndPrinciplesOfCorporateSocialResponsibility">Descrição das normas, diretivas e princípios da responsabilidade social empresarial</link:label>
    <link:labelArc xlink:type="arc" xlink:arcrole="http://www.xbrl.org/2003/arcrole/concept-label" xlink:from="DescriptionOfStandardsGuidelinesAndPrinciplesOfCorporateSocialResponsibility" xlink:to="label_DescriptionOfStandardsGuidelinesAndPrinciplesOfCorporateSocialResponsibility" order="10.0"/>
    <link:loc xlink:type="locator" xlink:href="mrv.xsd#mrv_DescriptionOfSystemsAndProceduresOfTranslatingCorporateSocialResponsibilityPoliciesIntoAction" xlink:label="DescriptionOfSystemsAndProceduresOfTranslatingCorporateSocialResponsibilityPoliciesIntoAction"/>
    <link:label xlink:type="resource" xlink:label="label_DescriptionOfSystemsAndProceduresOfTranslatingCorporateSocialResponsibilityPoliciesIntoAction" xlink:role="http://www.xbrl.org/2003/role/label" xml:lang="pt" id="label_DescriptionOfSystemsAndProceduresOfTranslatingCorporateSocialResponsibilityPoliciesIntoAction">Descrição dos sistemas e procedimentos de tradução das políticas de responsabilidade social empresarial em ações</link:label>
    <link:labelArc xlink:type="arc" xlink:arcrole="http://www.xbrl.org/2003/arcrole/concept-label" xlink:from="DescriptionOfSystemsAndProceduresOfTranslatingCorporateSocialResponsibilityPoliciesIntoAction" xlink:to="label_DescriptionOfSystemsAndProceduresOfTranslatingCorporateSocialResponsibilityPoliciesIntoAction" order="10.0"/>
    <link:loc xlink:type="locator" xlink:href="mrv.xsd#mrv_DescriptionOfTranslatingCorporateSocialResponsibilityPoliciesIntoAction" xlink:label="DescriptionOfTranslatingCorporateSocialResponsibilityPoliciesIntoAction"/>
    <link:label xlink:type="resource" xlink:label="label_DescriptionOfTranslatingCorporateSocialResponsibilityPoliciesIntoAction" xlink:role="http://www.xbrl.org/2003/role/label" xml:lang="pt" id="label_DescriptionOfTranslatingCorporateSocialResponsibilityPoliciesIntoAction">Descrição da tradução das políticas de responsabilidade social empresarial em ações</link:label>
    <link:labelArc xlink:type="arc" xlink:arcrole="http://www.xbrl.org/2003/arcrole/concept-label" xlink:from="DescriptionOfTranslatingCorporateSocialResponsibilityPoliciesIntoAction" xlink:to="label_DescriptionOfTranslatingCorporateSocialResponsibilityPoliciesIntoAction" order="10.0"/>
    <link:loc xlink:type="locator" xlink:href="mrv.xsd#mrv_DetailsOnKeyFiguresAndFinancialRatiosAbstract" xlink:label="DetailsOnKeyFiguresAndFinancialRatiosAbstract"/>
    <link:label xlink:type="resource" xlink:label="label_DetailsOnKeyFiguresAndFinancialRatiosAbstract" xlink:role="http://www.xbrl.org/2003/role/label" xml:lang="pt" id="label_DetailsOnKeyFiguresAndFinancialRatiosAbstract">Detalhes sobre os dados-chave e índices financeiros</link:label>
    <link:labelArc xlink:type="arc" xlink:arcrole="http://www.xbrl.org/2003/arcrole/concept-label" xlink:from="DetailsOnKeyFiguresAndFinancialRatiosAbstract" xlink:to="label_DetailsOnKeyFiguresAndFinancialRatiosAbstract" order="10.0"/>
    <link:loc xlink:type="locator" xlink:href="mrv.xsd#mrv_DetailsOnKeyFiguresAndFinancialRatiosHypercube" xlink:label="DetailsOnKeyFiguresAndFinancialRatiosHypercube"/>
    <link:label xlink:type="resource" xlink:label="label_DetailsOnKeyFiguresAndFinancialRatiosHypercube" xlink:role="http://www.xbrl.org/2003/role/label" xml:lang="pt" id="label_DetailsOnKeyFiguresAndFinancialRatiosHypercube">Detalhes sobre os dados-chave e índices financeiros</link:label>
    <link:labelArc xlink:type="arc" xlink:arcrole="http://www.xbrl.org/2003/arcrole/concept-label" xlink:from="DetailsOnKeyFiguresAndFinancialRatiosHypercube" xlink:to="label_DetailsOnKeyFiguresAndFinancialRatiosHypercube" order="10.0"/>
    <link:loc xlink:type="locator" xlink:href="mrv.xsd#mrv_DetailsOnOtherKeyFiguresAndFinancialRatiosAbstract" xlink:label="DetailsOnOtherKeyFiguresAndFinancialRatiosAbstract"/>
    <link:label xlink:type="resource" xlink:label="label_DetailsOnOtherKeyFiguresAndFinancialRatiosAbstract" xlink:role="http://www.xbrl.org/2003/role/label" xml:lang="pt" id="label_DetailsOnOtherKeyFiguresAndFinancialRatiosAbstract">Detalhes sobre outros dados-chave e índices financeiros</link:label>
    <link:labelArc xlink:type="arc" xlink:arcrole="http://www.xbrl.org/2003/arcrole/concept-label" xlink:from="DetailsOnOtherKeyFiguresAndFinancialRatiosAbstract" xlink:to="label_DetailsOnOtherKeyFiguresAndFinancialRatiosAbstract" order="10.0"/>
    <link:loc xlink:type="locator" xlink:href="mrv.xsd#mrv_DetailsOnOtherKeyFiguresAndFinancialRatiosHypercube" xlink:label="DetailsOnOtherKeyFiguresAndFinancialRatiosHypercube"/>
    <link:label xlink:type="resource" xlink:label="label_DetailsOnOtherKeyFiguresAndFinancialRatiosHypercube" xlink:role="http://www.xbrl.org/2003/role/label" xml:lang="pt" id="label_DetailsOnOtherKeyFiguresAndFinancialRatiosHypercube">Detalhes sobre outros dados-chave e índices financeiros</link:label>
    <link:labelArc xlink:type="arc" xlink:arcrole="http://www.xbrl.org/2003/arcrole/concept-label" xlink:from="DetailsOnOtherKeyFiguresAndFinancialRatiosHypercube" xlink:to="label_DetailsOnOtherKeyFiguresAndFinancialRatiosHypercube" order="10.0"/>
    <link:loc xlink:type="locator" xlink:href="mrv.xsd#mrv_EmployeeTurnover" xlink:label="EmployeeTurnover"/>
    <link:label xlink:type="resource" xlink:label="label_EmployeeTurnover" xlink:role="http://www.xbrl.org/2003/role/label" xml:lang="pt" id="label_EmployeeTurnover">Receita por empregado</link:label>
    <link:labelArc xlink:type="arc" xlink:arcrole="http://www.xbrl.org/2003/arcrole/concept-label" xlink:from="EmployeeTurnover" xlink:to="label_EmployeeTurnover" order="10.0"/>
    <link:loc xlink:type="locator" xlink:href="mrv.xsd#mrv_ExplanationThatEntityHasNoPoliciesOnSocialResponsibility" xlink:label="ExplanationThatEntityHasNoPoliciesOnSocialResponsibility"/>
    <link:label xlink:type="resource" xlink:label="label_ExplanationThatEntityHasNoPoliciesOnSocialResponsibility" xlink:role="http://www.xbrl.org/2003/role/label" xml:lang="pt" id="label_ExplanationThatEntityHasNoPoliciesOnSocialResponsibility">Explicação de que a entidade não tem políticas sobre responsabilidade social empresarial</link:label>
    <link:labelArc xlink:type="arc" xlink:arcrole="http://www.xbrl.org/2003/arcrole/concept-label" xlink:from="ExplanationThatEntityHasNoPoliciesOnSocialResponsibility" xlink:to="label_ExplanationThatEntityHasNoPoliciesOnSocialResponsibility" order="10.0"/>
    <link:loc xlink:type="locator" xlink:href="mrv.xsd#mrv_FinancialGearing" xlink:label="FinancialGearing"/>
    <link:label xlink:type="resource" xlink:label="label_FinancialGearing" xlink:role="http://www.xbrl.org/2003/role/label" xml:lang="pt" id="label_FinancialGearing">Alavancagem financeira</link:label>
    <link:labelArc xlink:type="arc" xlink:arcrole="http://www.xbrl.org/2003/arcrole/concept-label" xlink:from="FinancialGearing" xlink:to="label_FinancialGearing" order="10.0"/>
    <link:loc xlink:type="locator" xlink:href="mrv.xsd#mrv_GrossMargin" xlink:label="GrossMargin"/>
    <link:label xlink:type="resource" xlink:label="label_GrossMargin" xlink:role="http://www.xbrl.org/2003/role/label" xml:lang="pt" id="label_GrossMargin">Margem Bruta</link:label>
    <link:labelArc xlink:type="arc" xlink:arcrole="http://www.xbrl.org/2003/arcrole/concept-label" xlink:from="GrossMargin" xlink:to="label_GrossMargin" order="10.0"/>
    <link:loc xlink:type="locator" xlink:href="mrv.xsd#mrv_IdentificationOfKeyFigureOrFinancialRatioDimension" xlink:label="IdentificationOfKeyFigureOrFinancialRatioDimension"/>
    <link:label xlink:type="resource" xlink:label="label_IdentificationOfKeyFigureOrFinancialRatioDimension" xlink:role="http://www.xbrl.org/2003/role/label" xml:lang="pt" id="label_IdentificationOfKeyFigureOrFinancialRatioDimension">Identificação dos dados-chave e índices financeiros</link:label>
    <link:labelArc xlink:type="arc" xlink:arcrole="http://www.xbrl.org/2003/arcrole/concept-label" xlink:from="IdentificationOfKeyFigureOrFinancialRatioDimension" xlink:to="label_IdentificationOfKeyFigureOrFinancialRatioDimension" order="10.0"/>
    <link:loc xlink:type="locator" xlink:href="mrv.xsd#mrv_InformationOnCalculationOfKeyFiguresAndFinancialRatios" xlink:label="InformationOnCalculationOfKeyFiguresAndFinancialRatios"/>
    <link:label xlink:type="resource" xlink:label="label_InformationOnCalculationOfKeyFiguresAndFinancialRatios" xlink:role="http://www.xbrl.org/2003/role/label" xml:lang="pt" id="label_InformationOnCalculationOfKeyFiguresAndFinancialRatios">Informações sobre o cálculo dos dados-chave e índices financeiros</link:label>
    <link:labelArc xlink:type="arc" xlink:arcrole="http://www.xbrl.org/2003/arcrole/concept-label" xlink:from="InformationOnCalculationOfKeyFiguresAndFinancialRatios" xlink:to="label_InformationOnCalculationOfKeyFiguresAndFinancialRatios" order="10.0"/>
    <link:loc xlink:type="locator" xlink:href="mrv.xsd#mrv_ManagementsReview" xlink:label="ManagementsReview"/>
    <link:label xlink:type="resource" xlink:label="label_ManagementsReview" xlink:role="http://www.xbrl.org/2003/role/label" xml:lang="pt" id="label_ManagementsReview">Revisão da administração</link:label>
    <link:labelArc xlink:type="arc" xlink:arcrole="http://www.xbrl.org/2003/arcrole/concept-label" xlink:from="ManagementsReview" xlink:to="label_ManagementsReview" order="10.0"/>
    <link:loc xlink:type="locator" xlink:href="mrv.xsd#mrv_NameOfKeyFigureOrFinancialRatio" xlink:label="NameOfKeyFigureOrFinancialRatio"/>
    <link:label xlink:type="resource" xlink:label="label_NameOfKeyFigureOrFinancialRatio" xlink:role="http://www.xbrl.org/2003/role/label" xml:lang="pt" id="label_NameOfKeyFigureOrFinancialRatio">Denominação do dado-chave e índice financeiro</link:label>
    <link:labelArc xlink:type="arc" xlink:arcrole="http://www.xbrl.org/2003/arcrole/concept-label" xlink:from="NameOfKeyFigureOrFinancialRatio" xlink:to="label_NameOfKeyFigureOrFinancialRatio" order="10.0"/>
    <link:loc xlink:type="locator" xlink:href="mrv.xsd#mrv_OperatingMargin" xlink:label="OperatingMargin"/>
    <link:label xlink:type="resource" xlink:label="label_OperatingMargin" xlink:role="http://www.xbrl.org/2003/role/label" xml:lang="pt" id="label_OperatingMargin">Margem operacional</link:label>
    <link:labelArc xlink:type="arc" xlink:arcrole="http://www.xbrl.org/2003/arcrole/concept-label" xlink:from="OperatingMargin" xlink:to="label_OperatingMargin" order="10.0"/>
    <link:loc xlink:type="locator" xlink:href="mrv.xsd#mrv_RetrospectiveInformationFromLastFiveYearsAbstract" xlink:label="RetrospectiveInformationFromLastFiveYearsAbstract"/>
    <link:label xlink:type="resource" xlink:label="label_RetrospectiveInformationFromLastFiveYearsAbstract" xlink:role="http://www.xbrl.org/2003/role/label" xml:lang="pt" id="label_RetrospectiveInformationFromLastFiveYearsAbstract">Informações retrospectivas dos últimos cinco anos</link:label>
    <link:labelArc xlink:type="arc" xlink:arcrole="http://www.xbrl.org/2003/arcrole/concept-label" xlink:from="RetrospectiveInformationFromLastFiveYearsAbstract" xlink:to="label_RetrospectiveInformationFromLastFiveYearsAbstract" order="10.0"/>
    <link:loc xlink:type="locator" xlink:href="mrv.xsd#mrv_ReturnOnCapitalEmployed" xlink:label="ReturnOnCapitalEmployed"/>
    <link:label xlink:type="resource" xlink:label="label_ReturnOnCapitalEmployed" xlink:role="http://www.xbrl.org/2003/role/label" xml:lang="pt" id="label_ReturnOnCapitalEmployed">Retorno sobre capital empregado</link:label>
    <link:labelArc xlink:type="arc" xlink:arcrole="http://www.xbrl.org/2003/arcrole/concept-label" xlink:from="ReturnOnCapitalEmployed" xlink:to="label_ReturnOnCapitalEmployed" order="10.0"/>
    <link:loc xlink:type="locator" xlink:href="mrv.xsd#mrv_ReturnOnEquity" xlink:label="ReturnOnEquity"/>
    <link:label xlink:type="resource" xlink:label="label_ReturnOnEquity" xlink:role="http://www.xbrl.org/2003/role/label" xml:lang="pt" id="label_ReturnOnEquity">Retorno sobre o patrimônio líquido</link:label>
    <link:labelArc xlink:type="arc" xlink:arcrole="http://www.xbrl.org/2003/arcrole/concept-label" xlink:from="ReturnOnEquity" xlink:to="label_ReturnOnEquity" order="10.0"/>
    <link:loc xlink:type="locator" xlink:href="mrv.xsd#mrv_ReturnOnInvestedCapital" xlink:label="ReturnOnInvestedCapital"/>
    <link:label xlink:type="resource" xlink:label="label_ReturnOnInvestedCapital" xlink:role="http://www.xbrl.org/2003/role/label" xml:lang="pt" id="label_ReturnOnInvestedCapital">Retorno sobre o capital investido</link:label>
    <link:labelArc xlink:type="arc" xlink:arcrole="http://www.xbrl.org/2003/arcrole/concept-label" xlink:from="ReturnOnInvestedCapital" xlink:to="label_ReturnOnInvestedCapital" order="10.0"/>
    <link:loc xlink:type="locator" xlink:href="mrv.xsd#mrv_SolvencyRatio" xlink:label="SolvencyRatio"/>
    <link:label xlink:type="resource" xlink:label="label_SolvencyRatio" xlink:role="http://www.xbrl.org/2003/role/label" xml:lang="pt" id="label_SolvencyRatio">Índice de solvabilidade</link:label>
    <link:labelArc xlink:type="arc" xlink:arcrole="http://www.xbrl.org/2003/arcrole/concept-label" xlink:from="SolvencyRatio" xlink:to="label_SolvencyRatio" order="10.0"/>
    <link:loc xlink:type="locator" xlink:href="mrv.xsd#mrv_StatementOfCorporateSocialResponsibility" xlink:label="StatementOfCorporateSocialResponsibility"/>
    <link:label xlink:type="resource" xlink:label="label_StatementOfCorporateSocialResponsibility" xlink:role="http://www.xbrl.org/2003/role/label" xml:lang="pt" id="label_StatementOfCorporateSocialResponsibility">Demonstração de responsabilidade social empresarial</link:label>
    <link:labelArc xlink:type="arc" xlink:arcrole="http://www.xbrl.org/2003/arcrole/concept-label" xlink:from="StatementOfCorporateSocialResponsibility" xlink:to="label_StatementOfCorporateSocialResponsibility" order="10.0"/>
    <link:loc xlink:type="locator" xlink:href="mrv.xsd#mrv_SupplementaryReports" xlink:label="SupplementaryReports"/>
    <link:label xlink:type="resource" xlink:label="label_SupplementaryReports" xlink:role="http://www.xbrl.org/2003/role/label" xml:lang="pt" id="label_SupplementaryReports">Relatórios complementares</link:label>
    <link:labelArc xlink:type="arc" xlink:arcrole="http://www.xbrl.org/2003/arcrole/concept-label" xlink:from="SupplementaryReports" xlink:to="label_SupplementaryReports" order="10.0"/>
    <link:loc xlink:type="locator" xlink:href="mrv.xsd#mrv_ValueOfKeyFigureOrFinancialRatio" xlink:label="ValueOfKeyFigureOrFinancialRatio"/>
    <link:label xlink:type="resource" xlink:label="label_ValueOfKeyFigureOrFinancialRatio" xlink:role="http://www.xbrl.org/2003/role/label" xml:lang="pt" id="label_ValueOfKeyFigureOrFinancialRatio">Valor do dado-chave ou índice financeiro</link:label>
    <link:labelArc xlink:type="arc" xlink:arcrole="http://www.xbrl.org/2003/arcrole/concept-label" xlink:from="ValueOfKeyFigureOrFinancialRatio" xlink:to="label_ValueOfKeyFigureOrFinancialRatio" order="10.0"/>
    <link:loc xlink:type="locator" xlink:href="mrv.xsd#mrv_DescriptionOfGroupRelations" xlink:label="DescriptionOfGroupRelations"/>
    <link:label xlink:type="resource" xlink:label="label_DescriptionOfGroupRelations" xlink:role="http://www.xbrl.org/2003/role/label" xml:lang="pt" id="label_DescriptionOfGroupRelations">Descrição das relações do grupo</link:label>
    <link:labelArc xlink:type="arc" xlink:arcrole="http://www.xbrl.org/2003/arcrole/concept-label" xlink:from="DescriptionOfGroupRelations" xlink:to="label_DescriptionOfGroupRelations" order="10.0"/>
    <link:loc xlink:type="locator" xlink:href="mrv.xsd#mrv_EquityRatio" xlink:label="EquityRatio"/>
    <link:label xlink:type="resource" xlink:label="label_EquityRatio_2" xlink:role="http://www.xbrl.org/2003/role/label" xml:lang="pt" id="label_EquityRatio_2">Índice de patrimônio líquido</link:label>
    <link:labelArc xlink:type="arc" xlink:arcrole="http://www.xbrl.org/2003/arcrole/concept-label" xlink:from="EquityRatio" xlink:to="label_EquityRatio_2" order="10.0"/>
    <link:loc xlink:type="locator" xlink:href="mrv.xsd#mrv_LinkToStatementOfCorporateSocialResponsibility" xlink:label="LinkToStatementOfCorporateSocialResponsibility" xlink:title="LinkToStatementOfCorporateSocialResponsibility"/>
    <link:label xlink:type="resource" xlink:label="label_LinkToStatementOfCorporateSocialResponsibility_6" xlink:role="http://www.xbrl.org/2003/role/label" xlink:title="label_LinkToStatementOfCorporateSocialResponsibility" xml:lang="pt" id="label_LinkToStatementOfCorporateSocialResponsibility_6">Link demonstração de responsabilidade social empresarial</link:label>
    <link:labelArc xlink:type="arc" xlink:arcrole="http://www.xbrl.org/2003/arcrole/concept-label" xlink:from="LinkToStatementOfCorporateSocialResponsibility" xlink:to="label_LinkToStatementOfCorporateSocialResponsibility_6" xlink:title="label: LinkToStatementOfCorporateSocialResponsibility to label_LinkToStatementOfCorporateSocialResponsibility"/>
    <link:loc xlink:type="locator" xlink:href="mrv.xsd#mrv_CorporateGovernanceReport" xlink:label="CorporateGovernanceReport" xlink:title="CorporateGovernanceReport"/>
    <link:label xlink:type="resource" xlink:label="label_CorporateGovernanceReport_6" xlink:role="http://www.xbrl.org/2003/role/label" xlink:title="label_CorporateGovernanceReport" xml:lang="pt" id="label_CorporateGovernanceReport_6">relatório de governança corporativa</link:label>
    <link:labelArc xlink:type="arc" xlink:arcrole="http://www.xbrl.org/2003/arcrole/concept-label" xlink:from="CorporateGovernanceReport" xlink:to="label_CorporateGovernanceReport_6" xlink:title="label: CorporateGovernanceReport to label_CorporateGovernanceReport"/>
    <link:loc xlink:type="locator" xlink:href="mrv.xsd#mrv_LinkToCorporateGovernanceReport" xlink:label="LinkToCorporateGovernanceReport" xlink:title="LinkToCorporateGovernanceReport"/>
    <link:label xlink:type="resource" xlink:label="label_LinkToCorporateGovernanceReport_6" xlink:role="http://www.xbrl.org/2003/role/label" xlink:title="label_LinkToCorporateGovernanceReport" xml:lang="pt" id="label_LinkToCorporateGovernanceReport_6">Link para o relatório de governança corporativa</link:label>
    <link:labelArc xlink:type="arc" xlink:arcrole="http://www.xbrl.org/2003/arcrole/concept-label" xlink:from="LinkToCorporateGovernanceReport" xlink:to="label_LinkToCorporateGovernanceReport_6" xlink:title="label: LinkToCorporateGovernanceReport to label_LinkToCorporateGovernanceReport"/>
    <link:loc xlink:type="locator" xlink:href="mrv.xsd#mrv_StatementOfTargetFiguresAndPoliciesForTheUnderrepresentedGender" xlink:label="StatementOfTargetFiguresAndPoliciesForTheUnderrepresentedGender" xlink:title="StatementOfTargetFiguresAndPoliciesForTheUnderrepresentedGender"/>
    <link:label xlink:type="resource" xlink:label="label_StatementOfTargetFiguresAndPoliciesForTheUnderrepresentedGender_6" xlink:role="http://www.xbrl.org/2003/role/label" xlink:title="label_StatementOfTargetFiguresAndPoliciesForTheUnderrepresentedGender" xml:lang="pt" id="label_StatementOfTargetFiguresAndPoliciesForTheUnderrepresentedGender_6">Demonstração de números e políticas visadas para o gênero subrepresentado</link:label>
    <link:labelArc xlink:type="arc" xlink:arcrole="http://www.xbrl.org/2003/arcrole/concept-label" xlink:from="StatementOfTargetFiguresAndPoliciesForTheUnderrepresentedGender" xlink:to="label_StatementOfTargetFiguresAndPoliciesForTheUnderrepresentedGender_6" xlink:title="label: StatementOfTargetFiguresAndPoliciesForTheUnderrepresentedGender to label_StatementOfTargetFiguresAndPoliciesForTheUnderrepresentedGender"/>
    <link:loc xlink:type="locator" xlink:href="mrv.xsd#mrv_LinkToStatementOfTargetFiguresAndPoliciesForTheUnderrepresentedGender" xlink:label="LinkToStatementOfTargetFiguresAndPoliciesForTheUnderrepresentedGender" xlink:title="LinkToStatementOfTargetFiguresAndPoliciesForTheUnderrepresentedGender"/>
    <link:label xlink:type="resource" xlink:label="label_LinkToStatementOfTargetFiguresAndPoliciesForTheUnderrepresentedGender_6" xlink:role="http://www.xbrl.org/2003/role/label" xlink:title="label_LinkToStatementOfTargetFiguresAndPoliciesForTheUnderrepresentedGender" xml:lang="pt" id="label_LinkToStatementOfTargetFiguresAndPoliciesForTheUnderrepresentedGender_6">Link para a demonstração de números e políticas visados para o gênero subrepresentado</link:label>
    <link:labelArc xlink:type="arc" xlink:arcrole="http://www.xbrl.org/2003/arcrole/concept-label" xlink:from="LinkToStatementOfTargetFiguresAndPoliciesForTheUnderrepresentedGender" xlink:to="label_LinkToStatementOfTargetFiguresAndPoliciesForTheUnderrepresentedGender_6" xlink:title="label: LinkToStatementOfTargetFiguresAndPoliciesForTheUnderrepresentedGender to label_LinkToStatementOfTargetFiguresAndPoliciesForTheUnderrepresentedGender"/>
    <link:loc xlink:type="locator" xlink:href="mrv.xsd#mrv_InformationFromStatementByManagementGivenInManagementsReviewDueToOptingOutOfStatementByManagementAbstract" xlink:label="InformationFromStatementByManagementGivenInManagementsReviewDueToOptingOutOfStatementByManagementAbstract" xlink:title="InformationFromStatementByManagementGivenInManagementsReviewDueToOptingOutOfStatementByManagementAbstract"/>
    <link:label xlink:type="resource" xlink:label="label_InformationFromStatementByManagementGivenInManagementsReviewDueToOptingOutOfStatementByManagementAbstract_6" xlink:role="http://www.xbrl.org/2003/role/label" xlink:title="label_InformationFromStatementByManagementGivenInManagementsReviewDueToOptingOutOfStatementByManagementAbstract" xml:lang="pt" id="label_InformationFromStatementByManagementGivenInManagementsReviewDueToOptingOutOfStatementByManagementAbstract_6">Informação a partir da declaração pela administração etc. da na revisão da administração devido à opção de retirada da declaração pela administração etc.</link:label>
    <link:labelArc xlink:type="arc" xlink:arcrole="http://www.xbrl.org/2003/arcrole/concept-label" xlink:from="InformationFromStatementByManagementGivenInManagementsReviewDueToOptingOutOfStatementByManagementAbstract" xlink:to="label_InformationFromStatementByManagementGivenInManagementsReviewDueToOptingOutOfStatementByManagementAbstract_6" xlink:title="label: InformationFromStatementByManagementGivenInManagementsReviewDueToOptingOutOfStatementByManagementAbstract to label_InformationFromStatementByManagementGivenInManagementsReviewDueToOptingOutOfStatementByManagementAbstract"/>
    <link:loc xlink:type="locator" xlink:href="mrv.xsd#mrv_DescriptionOfTheBusinessModelOfTheEntityCorporateSocialResponsibility" xlink:label="DescriptionOfTheBusinessModelOfTheEntityCorporateSocialResponsibility" xlink:title="DescriptionOfTheBusinessModelOfTheEntityCorporateSocialResponsibility"/>
    <link:label xlink:type="resource" xlink:label="label_DescriptionOfTheBusinessModelOfTheEntityCorporateSocialResponsibility_6" xlink:role="http://www.xbrl.org/2003/role/label" xlink:title="label_DescriptionOfTheBusinessModelOfTheEntityCorporateSocialResponsibility" xml:lang="pt" id="label_DescriptionOfTheBusinessModelOfTheEntityCorporateSocialResponsibility_6">Descrição do modelo empresarial da entidade, responsabilidade social empresarial</link:label>
    <link:labelArc xlink:type="arc" xlink:arcrole="http://www.xbrl.org/2003/arcrole/concept-label" xlink:from="DescriptionOfTheBusinessModelOfTheEntityCorporateSocialResponsibility" xlink:to="label_DescriptionOfTheBusinessModelOfTheEntityCorporateSocialResponsibility_6" xlink:title="label: DescriptionOfTheBusinessModelOfTheEntityCorporateSocialResponsibility to label_DescriptionOfTheBusinessModelOfTheEntityCorporateSocialResponsibility"/>
    <link:loc xlink:type="locator" xlink:href="mrv.xsd#mrv_DetailsOnPoliciesOnCorporateSocialResponsibilityAbstract" xlink:label="DetailsOnPoliciesOnCorporateSocialResponsibilityAbstract" xlink:title="DetailsOnPoliciesOnCorporateSocialResponsibilityAbstract"/>
    <link:label xlink:type="resource" xlink:label="label_DetailsOnPoliciesOnCorporateSocialResponsibilityAbstract_6" xlink:role="http://www.xbrl.org/2003/role/label" xlink:title="label_DetailsOnPoliciesOnCorporateSocialResponsibilityAbstract" xml:lang="pt" id="label_DetailsOnPoliciesOnCorporateSocialResponsibilityAbstract_6">Descrição sobre as políticas sobre responsabilidade social empresarial</link:label>
    <link:labelArc xlink:type="arc" xlink:arcrole="http://www.xbrl.org/2003/arcrole/concept-label" xlink:from="DetailsOnPoliciesOnCorporateSocialResponsibilityAbstract" xlink:to="label_DetailsOnPoliciesOnCorporateSocialResponsibilityAbstract_6" xlink:title="label: DetailsOnPoliciesOnCorporateSocialResponsibilityAbstract to label_DetailsOnPoliciesOnCorporateSocialResponsibilityAbstract"/>
    <link:loc xlink:type="locator" xlink:href="mrv.xsd#mrv_DetailsOnPoliciesOnCorporateSocialResponsibilityHypercube" xlink:label="DetailsOnPoliciesOnCorporateSocialResponsibilityHypercube" xlink:title="DetailsOnPoliciesOnCorporateSocialResponsibilityHypercube"/>
    <link:label xlink:type="resource" xlink:label="label_DetailsOnPoliciesOnCorporateSocialResponsibilityHypercube_6" xlink:role="http://www.xbrl.org/2003/role/label" xlink:title="label_DetailsOnPoliciesOnCorporateSocialResponsibilityHypercube" xml:lang="pt" id="label_DetailsOnPoliciesOnCorporateSocialResponsibilityHypercube_6">Descrição sobre as políticas sobre responsabilidade social empresarial</link:label>
    <link:labelArc xlink:type="arc" xlink:arcrole="http://www.xbrl.org/2003/arcrole/concept-label" xlink:from="DetailsOnPoliciesOnCorporateSocialResponsibilityHypercube" xlink:to="label_DetailsOnPoliciesOnCorporateSocialResponsibilityHypercube_6" xlink:title="label: DetailsOnPoliciesOnCorporateSocialResponsibilityHypercube to label_DetailsOnPoliciesOnCorporateSocialResponsibilityHypercube"/>
    <link:loc xlink:type="locator" xlink:href="mrv.xsd#mrv_DetailsOnPoliciesOnOtherCorporateSocialResponsibilityAbstract" xlink:label="DetailsOnPoliciesOnOtherCorporateSocialResponsibilityAbstract" xlink:title="DetailsOnPoliciesOnOtherCorporateSocialResponsibilityAbstract"/>
    <link:label xlink:type="resource" xlink:label="label_DetailsOnPoliciesOnOtherCorporateSocialResponsibilityAbstract_6" xlink:role="http://www.xbrl.org/2003/role/label" xlink:title="label_DetailsOnPoliciesOnOtherCorporateSocialResponsibilityAbstract" xml:lang="pt" id="label_DetailsOnPoliciesOnOtherCorporateSocialResponsibilityAbstract_6">Descrição sobre outras políticas sobre responsabilidade social empresarial</link:label>
    <link:labelArc xlink:type="arc" xlink:arcrole="http://www.xbrl.org/2003/arcrole/concept-label" xlink:from="DetailsOnPoliciesOnOtherCorporateSocialResponsibilityAbstract" xlink:to="label_DetailsOnPoliciesOnOtherCorporateSocialResponsibilityAbstract_6" xlink:title="label: DetailsOnPoliciesOnOtherCorporateSocialResponsibilityAbstract to label_DetailsOnPoliciesOnOtherCorporateSocialResponsibilityAbstract"/>
    <link:loc xlink:type="locator" xlink:href="mrv.xsd#mrv_DetailsOnPoliciesOnOtherCorporateSocialResponsibilityHypercube" xlink:label="DetailsOnPoliciesOnOtherCorporateSocialResponsibilityHypercube" xlink:title="DetailsOnPoliciesOnOtherCorporateSocialResponsibilityHypercube"/>
    <link:label xlink:type="resource" xlink:label="label_DetailsOnPoliciesOnOtherCorporateSocialResponsibilityHypercube_6" xlink:role="http://www.xbrl.org/2003/role/label" xlink:title="label_DetailsOnPoliciesOnOtherCorporateSocialResponsibilityHypercube" xml:lang="pt" id="label_DetailsOnPoliciesOnOtherCorporateSocialResponsibilityHypercube_6">Descrição sobre outras políticas sobre responsabilidade social empresarial</link:label>
    <link:labelArc xlink:type="arc" xlink:arcrole="http://www.xbrl.org/2003/arcrole/concept-label" xlink:from="DetailsOnPoliciesOnOtherCorporateSocialResponsibilityHypercube" xlink:to="label_DetailsOnPoliciesOnOtherCorporateSocialResponsibilityHypercube_6" xlink:title="label: DetailsOnPoliciesOnOtherCorporateSocialResponsibilityHypercube to label_DetailsOnPoliciesOnOtherCorporateSocialResponsibilityHypercube"/>
    <link:loc xlink:type="locator" xlink:href="mrv.xsd#mrv_TypeOfPoliciesDimension" xlink:label="TypeOfPoliciesDimension" xlink:title="TypeOfPoliciesDimension"/>
    <link:label xlink:type="resource" xlink:label="label_TypeOfPoliciesDimension_6" xlink:role="http://www.xbrl.org/2003/role/label" xlink:title="label_TypeOfPoliciesDimension" xml:lang="pt" id="label_TypeOfPoliciesDimension_6">Tipos de políticas</link:label>
    <link:labelArc xlink:type="arc" xlink:arcrole="http://www.xbrl.org/2003/arcrole/concept-label" xlink:from="TypeOfPoliciesDimension" xlink:to="label_TypeOfPoliciesDimension_6" xlink:title="label: TypeOfPoliciesDimension to label_TypeOfPoliciesDimension"/>
    <link:loc xlink:type="locator" xlink:href="mrv.xsd#mrv_AllPoliciesMember" xlink:label="AllPoliciesMember" xlink:title="AllPoliciesMember"/>
    <link:label xlink:type="resource" xlink:label="label_AllPoliciesMember_6" xlink:role="http://www.xbrl.org/2003/role/label" xlink:title="label_AllPoliciesMember" xml:lang="pt" id="label_AllPoliciesMember_6">Todas as políticas</link:label>
    <link:labelArc xlink:type="arc" xlink:arcrole="http://www.xbrl.org/2003/arcrole/concept-label" xlink:from="AllPoliciesMember" xlink:to="label_AllPoliciesMember_6" xlink:title="label: AllPoliciesMember to label_AllPoliciesMember"/>
    <link:loc xlink:type="locator" xlink:href="mrv.xsd#mrv_IdentificationOfPolicyDimension" xlink:label="IdentificationOfPolicyDimension" xlink:title="IdentificationOfPolicyDimension"/>
    <link:label xlink:type="resource" xlink:label="label_IdentificationOfPolicyDimension_6" xlink:role="http://www.xbrl.org/2003/role/label" xlink:title="label_IdentificationOfPolicyDimension" xml:lang="pt" id="label_IdentificationOfPolicyDimension_6">Identificação da política</link:label>
    <link:labelArc xlink:type="arc" xlink:arcrole="http://www.xbrl.org/2003/arcrole/concept-label" xlink:from="IdentificationOfPolicyDimension" xlink:to="label_IdentificationOfPolicyDimension_6" xlink:title="label: IdentificationOfPolicyDimension to label_IdentificationOfPolicyDimension"/>
    <link:loc xlink:type="locator" xlink:href="mrv.xsd#mrv_PoliciesOnEnvironmentMember" xlink:label="PoliciesOnEnvironmentMember" xlink:title="PoliciesOnEnvironmentMember"/>
    <link:label xlink:type="resource" xlink:label="label_PoliciesOnEnvironmentMember_6" xlink:role="http://www.xbrl.org/2003/role/label" xlink:title="label_PoliciesOnEnvironmentMember" xml:lang="pt" id="label_PoliciesOnEnvironmentMember_6">Políticas sobre o meio ambiente</link:label>
    <link:labelArc xlink:type="arc" xlink:arcrole="http://www.xbrl.org/2003/arcrole/concept-label" xlink:from="PoliciesOnEnvironmentMember" xlink:to="label_PoliciesOnEnvironmentMember_6" xlink:title="label: PoliciesOnEnvironmentMember to label_PoliciesOnEnvironmentMember"/>
    <link:loc xlink:type="locator" xlink:href="mrv.xsd#mrv_PoliciesOnSocialConditionsAndLaborPracticesMember" xlink:label="PoliciesOnSocialConditionsAndLaborPracticesMember" xlink:title="PoliciesOnSocialConditionsAndLaborPracticesMember"/>
    <link:label xlink:type="resource" xlink:label="label_PoliciesOnSocialConditionsAndLaborPracticesMember_6" xlink:role="http://www.xbrl.org/2003/role/label" xlink:title="label_PoliciesOnSocialConditionsAndLaborPracticesMember" xml:lang="pt" id="label_PoliciesOnSocialConditionsAndLaborPracticesMember_6">Políticas sobre as condições sociais e práticas trabalhistas</link:label>
    <link:labelArc xlink:type="arc" xlink:arcrole="http://www.xbrl.org/2003/arcrole/concept-label" xlink:from="PoliciesOnSocialConditionsAndLaborPracticesMember" xlink:to="label_PoliciesOnSocialConditionsAndLaborPracticesMember_6" xlink:title="label: PoliciesOnSocialConditionsAndLaborPracticesMember to label_PoliciesOnSocialConditionsAndLaborPracticesMember"/>
    <link:loc xlink:type="locator" xlink:href="mrv.xsd#mrv_PoliciesOnHumanRights" xlink:label="PoliciesOnHumanRights" xlink:title="PoliciesOnHumanRights"/>
    <link:label xlink:type="resource" xlink:label="label_PoliciesOnHumanRights_6" xlink:role="http://www.xbrl.org/2003/role/label" xlink:title="label_PoliciesOnHumanRights" xml:lang="pt" id="label_PoliciesOnHumanRights_6">Políticas sobre direitos humanos</link:label>
    <link:labelArc xlink:type="arc" xlink:arcrole="http://www.xbrl.org/2003/arcrole/concept-label" xlink:from="PoliciesOnHumanRights" xlink:to="label_PoliciesOnHumanRights_6" xlink:title="label: PoliciesOnHumanRights to label_PoliciesOnHumanRights"/>
    <link:loc xlink:type="locator" xlink:href="mrv.xsd#mrv_PoliciesOnAntiCorruptionAndBriberyMember" xlink:label="PoliciesOnAntiCorruptionAndBriberyMember" xlink:title="PoliciesOnAntiCorruptionAndBriberyMember"/>
    <link:label xlink:type="resource" xlink:label="label_PoliciesOnAntiCorruptionAndBriberyMember_6" xlink:role="http://www.xbrl.org/2003/role/label" xlink:title="label_PoliciesOnAntiCorruptionAndBriberyMember" xml:lang="pt" id="label_PoliciesOnAntiCorruptionAndBriberyMember_6">Políticas sobre anti-corrupção e suborno</link:label>
    <link:labelArc xlink:type="arc" xlink:arcrole="http://www.xbrl.org/2003/arcrole/concept-label" xlink:from="PoliciesOnAntiCorruptionAndBriberyMember" xlink:to="label_PoliciesOnAntiCorruptionAndBriberyMember_6" xlink:title="label: PoliciesOnAntiCorruptionAndBriberyMember to label_PoliciesOnAntiCorruptionAndBriberyMember"/>
    <link:loc xlink:type="locator" xlink:href="mrv.xsd#mrv_DescriptionOfPrincipalRiskInRelationToTheSignificantActivitiesOfEntityCorporateSocialResponsibility" xlink:label="DescriptionOfPrincipalRiskInRelationToTheSignificantActivitiesOfEntityCorporateSocialResponsibility" xlink:title="DescriptionOfPrincipalRiskInRelationToTheSignificantActivitiesOfEntityCorporateSocialResponsibility"/>
    <link:label xlink:type="resource" xlink:label="label_DescriptionOfPrincipalRiskInRelationToTheSignificantActivitiesOfEntityCorporateSocialResponsibility_6" xlink:role="http://www.xbrl.org/2003/role/label" xlink:title="label_DescriptionOfPrincipalRiskInRelationToTheSignificantActivitiesOfEntityCorporateSocialResponsibility" xml:lang="pt" id="label_DescriptionOfPrincipalRiskInRelationToTheSignificantActivitiesOfEntityCorporateSocialResponsibility_6">Descrição do principal risco em relação com as atividades significativas da entidade, responsabilidade social empresarial</link:label>
    <link:labelArc xlink:type="arc" xlink:arcrole="http://www.xbrl.org/2003/arcrole/concept-label" xlink:from="DescriptionOfPrincipalRiskInRelationToTheSignificantActivitiesOfEntityCorporateSocialResponsibility" xlink:to="label_DescriptionOfPrincipalRiskInRelationToTheSignificantActivitiesOfEntityCorporateSocialResponsibility_6" xlink:title="label: DescriptionOfPrincipalRiskInRelationToTheSignificantActivitiesOfEntityCorporateSocialResponsibility to label_DescriptionOfPrincipalRiskInRelationToTheSignificantActivitiesOfEntityCorporateSocialResponsibility"/>
    <link:loc xlink:type="locator" xlink:href="mrv.xsd#mrv_DescriptionOfTheEntitysUseOfAnyNonFinancialKeyPerformanceIndicatorsCorporateSocialResponsibility" xlink:label="DescriptionOfTheEntitysUseOfAnyNonFinancialKeyPerformanceIndicatorsCorporateSocialResponsibility" xlink:title="DescriptionOfTheEntitysUseOfAnyNonFinancialKeyPerformanceIndicatorsCorporateSocialResponsibility"/>
    <link:label xlink:type="resource" xlink:label="label_DescriptionOfTheEntitysUseOfAnyNonFinancialKeyPerformanceIndicatorsCorporateSocialResponsibility_6" xlink:role="http://www.xbrl.org/2003/role/label" xlink:title="label_DescriptionOfTheEntitysUseOfAnyNonFinancialKeyPerformanceIndicatorsCorporateSocialResponsibility" xml:lang="pt" id="label_DescriptionOfTheEntitysUseOfAnyNonFinancialKeyPerformanceIndicatorsCorporateSocialResponsibility_6">Descrição do uso pela entidade de qualquer um dos principais indicadores de desempenho não financeiros, responsabilidade social empresarial</link:label>
    <link:labelArc xlink:type="arc" xlink:arcrole="http://www.xbrl.org/2003/arcrole/concept-label" xlink:from="DescriptionOfTheEntitysUseOfAnyNonFinancialKeyPerformanceIndicatorsCorporateSocialResponsibility" xlink:to="label_DescriptionOfTheEntitysUseOfAnyNonFinancialKeyPerformanceIndicatorsCorporateSocialResponsibility_6" xlink:title="label: DescriptionOfTheEntitysUseOfAnyNonFinancialKeyPerformanceIndicatorsCorporateSocialResponsibility to label_DescriptionOfTheEntitysUseOfAnyNonFinancialKeyPerformanceIndicatorsCorporateSocialResponsibility"/>
    <link:loc xlink:type="locator" xlink:href="mrv.xsd#mrv_NameOfPolicyCorporateSocialResponsibility" xlink:label="NameOfPolicyCorporateSocialResponsibility" xlink:title="NameOfPolicyCorporateSocialResponsibility"/>
    <link:label xlink:type="resource" xlink:label="label_NameOfPolicyCorporateSocialResponsibility_6" xlink:role="http://www.xbrl.org/2003/role/label" xlink:title="label_NameOfPolicyCorporateSocialResponsibility" xml:lang="pt" id="label_NameOfPolicyCorporateSocialResponsibility_6">Nome da política, responsabilidade social empresarial</link:label>
    <link:labelArc xlink:type="arc" xlink:arcrole="http://www.xbrl.org/2003/arcrole/concept-label" xlink:from="NameOfPolicyCorporateSocialResponsibility" xlink:to="label_NameOfPolicyCorporateSocialResponsibility_6" xlink:title="label: NameOfPolicyCorporateSocialResponsibility to label_NameOfPolicyCorporateSocialResponsibility"/>
    <link:loc xlink:type="locator" xlink:href="mrv.xsd#mrv_RelatedToManagementsReviewAbstract" xlink:label="RelatedToManagementsReviewAbstract" xlink:title="RelatedToManagementsReviewAbstract"/>
    <link:label xlink:type="resource" xlink:label="label_RelatedToManagementsReviewAbstract_6" xlink:role="http://www.xbrl.org/2003/role/label" xlink:title="label_RelatedToManagementsReviewAbstract" xml:lang="pt" id="label_RelatedToManagementsReviewAbstract_6">Relacionado à revisão das administrações</link:label>
    <link:labelArc xlink:type="arc" xlink:arcrole="http://www.xbrl.org/2003/arcrole/concept-label" xlink:from="RelatedToManagementsReviewAbstract" xlink:to="label_RelatedToManagementsReviewAbstract_6" xlink:title="label: RelatedToManagementsReviewAbstract to label_RelatedToManagementsReviewAbstract"/>
    <link:loc xlink:type="locator" xlink:href="mrv.xsd#mrv_ReportOnPaymentsToAuthorities" xlink:label="ReportOnPaymentsToAuthorities" xlink:title="ReportOnPaymentsToAuthorities"/>
    <link:label xlink:type="resource" xlink:label="label_ReportOnPaymentsToAuthorities_6" xlink:role="http://www.xbrl.org/2003/role/label" xlink:title="label_ReportOnPaymentsToAuthorities" xml:lang="pt" id="label_ReportOnPaymentsToAuthorities_6">Relatório sobre pagamentos para autoridades</link:label>
    <link:labelArc xlink:type="arc" xlink:arcrole="http://www.xbrl.org/2003/arcrole/concept-label" xlink:from="ReportOnPaymentsToAuthorities" xlink:to="label_ReportOnPaymentsToAuthorities_6" xlink:title="label: ReportOnPaymentsToAuthorities to label_ReportOnPaymentsToAuthorities"/>
    <link:loc xlink:type="locator" xlink:href="mrv.xsd#mrv_ManagementsReviewEtcAbstract" xlink:label="ManagementsReviewEtcAbstract" xlink:title="ManagementsReviewEtcAbstract"/>
    <link:label xlink:type="resource" xlink:label="label_ManagementsReviewEtcAbstract_6" xlink:role="http://www.xbrl.org/2003/role/label" xlink:title="label_ManagementsReviewEtcAbstract" xml:lang="pt" id="label_ManagementsReviewEtcAbstract_6">Revisão das administrações etc.</link:label>
    <link:labelArc xlink:type="arc" xlink:arcrole="http://www.xbrl.org/2003/arcrole/concept-label" xlink:from="ManagementsReviewEtcAbstract" xlink:to="label_ManagementsReviewEtcAbstract_6" xlink:title="label: ManagementsReviewEtcAbstract to label_ManagementsReviewEtcAbstract"/>
    <link:loc xlink:type="locator" xlink:href="mrv.xsd#mrv_ValueOfKeyFigureOrFinancialRatioMonetary" xlink:label="ValueOfKeyFigureOrFinancialRatioMonetary" xlink:title="ValueOfKeyFigureOrFinancialRatioMonetary"/>
    <link:label xlink:type="resource" xlink:label="label_ValueOfKeyFigureOrFinancialRatioMonetary_6" xlink:role="http://www.xbrl.org/2003/role/label" xlink:title="label_ValueOfKeyFigureOrFinancialRatioMonetary" xml:lang="pt" id="label_ValueOfKeyFigureOrFinancialRatioMonetary_6">Valor do dado-chave ou índice financeiro, monetário</link:label>
    <link:labelArc xlink:type="arc" xlink:arcrole="http://www.xbrl.org/2003/arcrole/concept-label" xlink:from="ValueOfKeyFigureOrFinancialRatioMonetary" xlink:to="label_ValueOfKeyFigureOrFinancialRatioMonetary_6" xlink:title="label: ValueOfKeyFigureOrFinancialRatioMonetary to label_ValueOfKeyFigureOrFinancialRatioMonetary"/>
  </link:labelLink>
</link:linkbase>
