<?xml version="1.0" encoding="UTF-8"?>
<!-- Generated by Fujitsu Interstage XWand B0217 -->
<?officialURI http://archprod.service.eogs.dk/taxonomy/20161001/mrv/mrv-lab-es.xml?>

<?taxonomy-version 1.7.0?>

<link:linkbase xmlns:xsi="http://www.w3.org/2001/XMLSchema-instance" xsi:schemaLocation="http://www.xbrl.org/2003/linkbase http://www.xbrl.org/2003/xbrl-linkbase-2003-12-31.xsd" xmlns:mrv="http://xbrl.dcca.dk/mrv" xmlns:tax="http://xbrl.dcca.dk/tax" xmlns:tch="http://xbrl.dcca.dk/tch" xmlns:gen="http://xbrl.org/2008/generic" xmlns:ref="http://www.xbrl.org/2006/ref" xmlns:xbrldt="http://xbrl.org/2005/xbrldt" xmlns:nonnum="http://www.xbrl.org/dtr/type/non-numeric" xmlns:xl="http://www.xbrl.org/2003/XLink" xmlns:gsd="http://xbrl.dcca.dk/gsd" xmlns:dst="http://xbrl.dcca.dk/dst" xmlns:xsd="http://www.w3.org/2001/XMLSchema" xmlns:link="http://www.xbrl.org/2003/linkbase" xmlns:num="http://www.xbrl.org/dtr/type/numeric" xmlns:xlink="http://www.w3.org/1999/xlink" xmlns:fsa="http://xbrl.dcca.dk/fsa" xmlns:cmn="http://xbrl.dcca.dk/cmn" xmlns:label="http://xbrl.org/2008/label" xmlns:xbrli="http://www.xbrl.org/2003/instance">
  <link:labelLink xlink:type="extended" xlink:role="http://www.xbrl.org/2003/role/link">
    <link:loc xlink:type="locator" xlink:href="mrv.xsd#mrv_DescriptionOfAnyUncertaintyConnectedWithRecognitionOrMeasurement" xlink:label="DescriptionOfAnyUncertaintyConnectedWithRecognitionOrMeasurement"/>
    <link:label xlink:type="resource" xlink:label="label_DescriptionOfAnyUncertaintyConnectedWithRecognitionOrMeasurement" xlink:role="http://www.xbrl.org/2003/role/label" xml:lang="es" id="label_DescriptionOfAnyUncertaintyConnectedWithRecognitionOrMeasurement">Descripción de cualquier incertidumbre relativa al reconocimiento o la valoración</link:label>
    <link:labelArc xlink:type="arc" xlink:arcrole="http://www.xbrl.org/2003/arcrole/concept-label" xlink:from="DescriptionOfAnyUncertaintyConnectedWithRecognitionOrMeasurement" xlink:to="label_DescriptionOfAnyUncertaintyConnectedWithRecognitionOrMeasurement" order="10.0"/>
    <link:loc xlink:type="locator" xlink:href="mrv.xsd#mrv_DescriptionOfAnyUnusualMattersAffectingRecognitionOrMeasurement" xlink:label="DescriptionOfAnyUnusualMattersAffectingRecognitionOrMeasurement"/>
    <link:label xlink:type="resource" xlink:label="label_DescriptionOfAnyUnusualMattersAffectingRecognitionOrMeasurement" xlink:role="http://www.xbrl.org/2003/role/label" xml:lang="es" id="label_DescriptionOfAnyUnusualMattersAffectingRecognitionOrMeasurement">Descripción de cualquier circunstancia inusual que afecte al reconocimiento o la valoración</link:label>
    <link:labelArc xlink:type="arc" xlink:arcrole="http://www.xbrl.org/2003/arcrole/concept-label" xlink:from="DescriptionOfAnyUnusualMattersAffectingRecognitionOrMeasurement" xlink:to="label_DescriptionOfAnyUnusualMattersAffectingRecognitionOrMeasurement" order="10.0"/>
    <link:loc xlink:type="locator" xlink:href="mrv.xsd#mrv_DescriptionOfAssessmentOfAchievedResultsOfWorkWithCommunity" xlink:label="DescriptionOfAssessmentOfAchievedResultsOfWorkWithCommunity"/>
    <link:label xlink:type="resource" xlink:label="label_DescriptionOfAssessmentOfAchievedResultsOfWorkWithCommunity" xlink:role="http://www.xbrl.org/2003/role/label" xml:lang="es" id="label_DescriptionOfAssessmentOfAchievedResultsOfWorkWithCommunity">Descripción de la valoración de los resultados obtenidos por la participación en la responsabilidad social corporativa</link:label>
    <link:labelArc xlink:type="arc" xlink:arcrole="http://www.xbrl.org/2003/arcrole/concept-label" xlink:from="DescriptionOfAssessmentOfAchievedResultsOfWorkWithCommunity" xlink:to="label_DescriptionOfAssessmentOfAchievedResultsOfWorkWithCommunity" order="10.0"/>
    <link:loc xlink:type="locator" xlink:href="mrv.xsd#mrv_DescriptionOfAssumedSpecificPrerequisitesAndUncertainFactorsForAssessmentOfExpectedDevelopment" xlink:label="DescriptionOfAssumedSpecificPrerequisitesAndUncertainFactorsForAssessmentOfExpectedDevelopment"/>
    <link:label xlink:type="resource" xlink:label="label_DescriptionOfAssumedSpecificPrerequisitesAndUncertainFactorsForAssessmentOfExpectedDevelopment" xlink:role="http://www.xbrl.org/2003/role/label" xml:lang="es" id="label_DescriptionOfAssumedSpecificPrerequisitesAndUncertainFactorsForAssessmentOfExpectedDevelopment">Descripción de las premisas específicas asumidas y de los factores inciertos para la valoración del desarrollo esperado</link:label>
    <link:labelArc xlink:type="arc" xlink:arcrole="http://www.xbrl.org/2003/arcrole/concept-label" xlink:from="DescriptionOfAssumedSpecificPrerequisitesAndUncertainFactorsForAssessmentOfExpectedDevelopment" xlink:to="label_DescriptionOfAssumedSpecificPrerequisitesAndUncertainFactorsForAssessmentOfExpectedDevelopment" order="10.0"/>
    <link:loc xlink:type="locator" xlink:href="mrv.xsd#mrv_DescriptionOfBranchesAbroad" xlink:label="DescriptionOfBranchesAbroad"/>
    <link:label xlink:type="resource" xlink:label="label_DescriptionOfBranchesAbroad" xlink:role="http://www.xbrl.org/2003/role/label" xml:lang="es" id="label_DescriptionOfBranchesAbroad">Descripción de las sucursales en el extranjero</link:label>
    <link:labelArc xlink:type="arc" xlink:arcrole="http://www.xbrl.org/2003/arcrole/concept-label" xlink:from="DescriptionOfBranchesAbroad" xlink:to="label_DescriptionOfBranchesAbroad" order="10.0"/>
    <link:loc xlink:type="locator" xlink:href="mrv.xsd#mrv_DescriptionOfDevelopmentInActivitiesAndFinancialAffairs" xlink:label="DescriptionOfDevelopmentInActivitiesAndFinancialAffairs"/>
    <link:label xlink:type="resource" xlink:label="label_DescriptionOfDevelopmentInActivitiesAndFinancialAffairs" xlink:role="http://www.xbrl.org/2003/role/label" xml:lang="es" id="label_DescriptionOfDevelopmentInActivitiesAndFinancialAffairs">Descripción del desarrollo de las actividades y asuntos financieros</link:label>
    <link:labelArc xlink:type="arc" xlink:arcrole="http://www.xbrl.org/2003/arcrole/concept-label" xlink:from="DescriptionOfDevelopmentInActivitiesAndFinancialAffairs" xlink:to="label_DescriptionOfDevelopmentInActivitiesAndFinancialAffairs" order="10.0"/>
    <link:loc xlink:type="locator" xlink:href="mrv.xsd#mrv_DescriptionOfEmployeeMatters" xlink:label="DescriptionOfEmployeeMatters"/>
    <link:label xlink:type="resource" xlink:label="label_DescriptionOfEmployeeMatters" xlink:role="http://www.xbrl.org/2003/role/label" xml:lang="es" id="label_DescriptionOfEmployeeMatters">Descripción de los asuntos relativos al personal</link:label>
    <link:labelArc xlink:type="arc" xlink:arcrole="http://www.xbrl.org/2003/arcrole/concept-label" xlink:from="DescriptionOfEmployeeMatters" xlink:to="label_DescriptionOfEmployeeMatters" order="10.0"/>
    <link:loc xlink:type="locator" xlink:href="mrv.xsd#mrv_DescriptionOfEnvironmentalMatters" xlink:label="DescriptionOfEnvironmentalMatters"/>
    <link:label xlink:type="resource" xlink:label="label_DescriptionOfEnvironmentalMatters" xlink:role="http://www.xbrl.org/2003/role/label" xml:lang="es" id="label_DescriptionOfEnvironmentalMatters">Descripción de los asuntos medioambientales</link:label>
    <link:labelArc xlink:type="arc" xlink:arcrole="http://www.xbrl.org/2003/arcrole/concept-label" xlink:from="DescriptionOfEnvironmentalMatters" xlink:to="label_DescriptionOfEnvironmentalMatters" order="10.0"/>
    <link:loc xlink:type="locator" xlink:href="mrv.xsd#mrv_DescriptionOfExpectationsForFutureWorkWithCommunity" xlink:label="DescriptionOfExpectationsForFutureWorkWithCommunity"/>
    <link:label xlink:type="resource" xlink:label="label_DescriptionOfExpectationsForFutureWorkWithCommunity" xlink:role="http://www.xbrl.org/2003/role/label" xml:lang="es" id="label_DescriptionOfExpectationsForFutureWorkWithCommunity">Descripción de expectativas para el futuro sobre la participación en la responsabilidad social corporativa</link:label>
    <link:labelArc xlink:type="arc" xlink:arcrole="http://www.xbrl.org/2003/arcrole/concept-label" xlink:from="DescriptionOfExpectationsForFutureWorkWithCommunity" xlink:to="label_DescriptionOfExpectationsForFutureWorkWithCommunity" order="10.0"/>
    <link:loc xlink:type="locator" xlink:href="mrv.xsd#mrv_DescriptionOfExpectedDevelopment" xlink:label="DescriptionOfExpectedDevelopment"/>
    <link:label xlink:type="resource" xlink:label="label_DescriptionOfExpectedDevelopment" xlink:role="http://www.xbrl.org/2003/role/label" xml:lang="es" id="label_DescriptionOfExpectedDevelopment">Descripción del desarrollo esperado</link:label>
    <link:labelArc xlink:type="arc" xlink:arcrole="http://www.xbrl.org/2003/arcrole/concept-label" xlink:from="DescriptionOfExpectedDevelopment" xlink:to="label_DescriptionOfExpectedDevelopment" order="10.0"/>
    <link:loc xlink:type="locator" xlink:href="mrv.xsd#mrv_DescriptionOfImpactOnExternalEnvironmentAndMeasuresOfPreventingReducingOrMitigatingDamage" xlink:label="DescriptionOfImpactOnExternalEnvironmentAndMeasuresOfPreventingReducingOrMitigatingDamage"/>
    <link:label xlink:type="resource" xlink:label="label_DescriptionOfImpactOnExternalEnvironmentAndMeasuresOfPreventingReducingOrMitigatingDamage" xlink:role="http://www.xbrl.org/2003/role/label" xml:lang="es" id="label_DescriptionOfImpactOnExternalEnvironmentAndMeasuresOfPreventingReducingOrMitigatingDamage">Descripción del impacto en el medio ambiente y de las medidas para prevenir, reducir o mitigar los daños</link:label>
    <link:labelArc xlink:type="arc" xlink:arcrole="http://www.xbrl.org/2003/arcrole/concept-label" xlink:from="DescriptionOfImpactOnExternalEnvironmentAndMeasuresOfPreventingReducingOrMitigatingDamage" xlink:to="label_DescriptionOfImpactOnExternalEnvironmentAndMeasuresOfPreventingReducingOrMitigatingDamage" order="10.0"/>
    <link:loc xlink:type="locator" xlink:href="mrv.xsd#mrv_DescriptionOfKeyFiguresAndFinancialRatios" xlink:label="DescriptionOfKeyFiguresAndFinancialRatios"/>
    <link:label xlink:type="resource" xlink:label="label_DescriptionOfKeyFiguresAndFinancialRatios" xlink:role="http://www.xbrl.org/2003/role/label" xml:lang="es" id="label_DescriptionOfKeyFiguresAndFinancialRatios">Descripción de cifras clave y ratios financieros</link:label>
    <link:labelArc xlink:type="arc" xlink:arcrole="http://www.xbrl.org/2003/arcrole/concept-label" xlink:from="DescriptionOfKeyFiguresAndFinancialRatios" xlink:to="label_DescriptionOfKeyFiguresAndFinancialRatios" order="10.0"/>
    <link:loc xlink:type="locator" xlink:href="mrv.xsd#mrv_DescriptionOfKnowledgeResources" xlink:label="DescriptionOfKnowledgeResources"/>
    <link:label xlink:type="resource" xlink:label="label_DescriptionOfKnowledgeResources" xlink:role="http://www.xbrl.org/2003/role/label" xml:lang="es" id="label_DescriptionOfKnowledgeResources">Descripción de recursos de conocimientos</link:label>
    <link:labelArc xlink:type="arc" xlink:arcrole="http://www.xbrl.org/2003/arcrole/concept-label" xlink:from="DescriptionOfKnowledgeResources" xlink:to="label_DescriptionOfKnowledgeResources" order="10.0"/>
    <link:loc xlink:type="locator" xlink:href="mrv.xsd#mrv_DescriptionOfMethodsAndMeasurementBasisUsedForPreparationOfSupplementaryReports" xlink:label="DescriptionOfMethodsAndMeasurementBasisUsedForPreparationOfSupplementaryReports"/>
    <link:label xlink:type="resource" xlink:label="label_DescriptionOfMethodsAndMeasurementBasisUsedForPreparationOfSupplementaryReports" xlink:role="http://www.xbrl.org/2003/role/label" xml:lang="es" id="label_DescriptionOfMethodsAndMeasurementBasisUsedForPreparationOfSupplementaryReports">Descripción de los métodos y de los criterios de valoración utilizados en la preparación de los informes complementarios</link:label>
    <link:labelArc xlink:type="arc" xlink:arcrole="http://www.xbrl.org/2003/arcrole/concept-label" xlink:from="DescriptionOfMethodsAndMeasurementBasisUsedForPreparationOfSupplementaryReports" xlink:to="label_DescriptionOfMethodsAndMeasurementBasisUsedForPreparationOfSupplementaryReports" order="10.0"/>
    <link:loc xlink:type="locator" xlink:href="mrv.xsd#mrv_DescriptionOfNetProfitRelationToExpectedDevelopmentAssumedInPreviousReport" xlink:label="DescriptionOfNetProfitRelationToExpectedDevelopmentAssumedInPreviousReport"/>
    <link:label xlink:type="resource" xlink:label="label_DescriptionOfNetProfitRelationToExpectedDevelopmentAssumedInPreviousReport" xlink:role="http://www.xbrl.org/2003/role/label" xml:lang="es" id="label_DescriptionOfNetProfitRelationToExpectedDevelopmentAssumedInPreviousReport">Descripción de la relación de los beneficios (pérdidas) netos con el desarrollo esperado asumido en el informe anterior</link:label>
    <link:labelArc xlink:type="arc" xlink:arcrole="http://www.xbrl.org/2003/arcrole/concept-label" xlink:from="DescriptionOfNetProfitRelationToExpectedDevelopmentAssumedInPreviousReport" xlink:to="label_DescriptionOfNetProfitRelationToExpectedDevelopmentAssumedInPreviousReport" order="10.0"/>
    <link:loc xlink:type="locator" xlink:href="mrv.xsd#mrv_DescriptionOfNon-FinancialFactorsRelevantToSpecificActivities" xlink:label="DescriptionOfNon-FinancialFactorsRelevantToSpecificActivities"/>
    <link:label xlink:type="resource" xlink:label="label_DescriptionOfNon-FinancialFactorsRelevantToSpecificActivities" xlink:role="http://www.xbrl.org/2003/role/label" xml:lang="es" id="label_DescriptionOfNon-FinancialFactorsRelevantToSpecificActivities">Descripción de los factores no financieros relevantes con respecto a actividades específicas</link:label>
    <link:labelArc xlink:type="arc" xlink:arcrole="http://www.xbrl.org/2003/arcrole/concept-label" xlink:from="DescriptionOfNon-FinancialFactorsRelevantToSpecificActivities" xlink:to="label_DescriptionOfNon-FinancialFactorsRelevantToSpecificActivities" order="10.0"/>
    <link:loc xlink:type="locator" xlink:href="mrv.xsd#mrv_DescriptionOfOtherKeyFiguresAndFinancialRatios" xlink:label="DescriptionOfOtherKeyFiguresAndFinancialRatios"/>
    <link:label xlink:type="resource" xlink:label="label_DescriptionOfOtherKeyFiguresAndFinancialRatios" xlink:role="http://www.xbrl.org/2003/role/label" xml:lang="es" id="label_DescriptionOfOtherKeyFiguresAndFinancialRatios">Descripción de otras cifras clave y ratios financieros</link:label>
    <link:labelArc xlink:type="arc" xlink:arcrole="http://www.xbrl.org/2003/arcrole/concept-label" xlink:from="DescriptionOfOtherKeyFiguresAndFinancialRatios" xlink:to="label_DescriptionOfOtherKeyFiguresAndFinancialRatios" order="10.0"/>
    <link:loc xlink:type="locator" xlink:href="mrv.xsd#mrv_DescriptionOfPoliciesOnSocialResponsibility" xlink:label="DescriptionOfPoliciesOnSocialResponsibility"/>
    <link:label xlink:type="resource" xlink:label="label_DescriptionOfPoliciesOnSocialResponsibility" xlink:role="http://www.xbrl.org/2003/role/label" xml:lang="es" id="label_DescriptionOfPoliciesOnSocialResponsibility">Descripción de las políticas de responsabilidad social corporativa</link:label>
    <link:labelArc xlink:type="arc" xlink:arcrole="http://www.xbrl.org/2003/arcrole/concept-label" xlink:from="DescriptionOfPoliciesOnSocialResponsibility" xlink:to="label_DescriptionOfPoliciesOnSocialResponsibility" order="10.0"/>
    <link:loc xlink:type="locator" xlink:href="mrv.xsd#mrv_DescriptionOfPrimaryActivitiesOfEntity" xlink:label="DescriptionOfPrimaryActivitiesOfEntity"/>
    <link:label xlink:type="resource" xlink:label="label_DescriptionOfPrimaryActivitiesOfEntity" xlink:role="http://www.xbrl.org/2003/role/label" xml:lang="es" id="label_DescriptionOfPrimaryActivitiesOfEntity">Descripción de las principales actividades de la entidad</link:label>
    <link:labelArc xlink:type="arc" xlink:arcrole="http://www.xbrl.org/2003/arcrole/concept-label" xlink:from="DescriptionOfPrimaryActivitiesOfEntity" xlink:to="label_DescriptionOfPrimaryActivitiesOfEntity" order="10.0"/>
    <link:loc xlink:type="locator" xlink:href="mrv.xsd#mrv_DescriptionOfResearchAndDevelopmentActivitiesInAndForReportingEntity" xlink:label="DescriptionOfResearchAndDevelopmentActivitiesInAndForReportingEntity"/>
    <link:label xlink:type="resource" xlink:label="label_DescriptionOfResearchAndDevelopmentActivitiesInAndForReportingEntity" xlink:role="http://www.xbrl.org/2003/role/label" xml:lang="es" id="label_DescriptionOfResearchAndDevelopmentActivitiesInAndForReportingEntity">Descripción de las actividades de investigación y desarrollo en y para la entidad informante</link:label>
    <link:labelArc xlink:type="arc" xlink:arcrole="http://www.xbrl.org/2003/arcrole/concept-label" xlink:from="DescriptionOfResearchAndDevelopmentActivitiesInAndForReportingEntity" xlink:to="label_DescriptionOfResearchAndDevelopmentActivitiesInAndForReportingEntity" order="10.0"/>
    <link:loc xlink:type="locator" xlink:href="mrv.xsd#mrv_DescriptionOfSignificantChangesInBusinessAndEconomicConditions" xlink:label="DescriptionOfSignificantChangesInBusinessAndEconomicConditions"/>
    <link:label xlink:type="resource" xlink:label="label_DescriptionOfSignificantChangesInBusinessAndEconomicConditions" xlink:role="http://www.xbrl.org/2003/role/label" xml:lang="es" id="label_DescriptionOfSignificantChangesInBusinessAndEconomicConditions">Descripción de cambios significativos en la actividad y en las condiciones económicas</link:label>
    <link:labelArc xlink:type="arc" xlink:arcrole="http://www.xbrl.org/2003/arcrole/concept-label" xlink:from="DescriptionOfSignificantChangesInBusinessAndEconomicConditions" xlink:to="label_DescriptionOfSignificantChangesInBusinessAndEconomicConditions" order="10.0"/>
    <link:loc xlink:type="locator" xlink:href="mrv.xsd#mrv_DescriptionOfSignificantEventsOccurringAfterEndOfReportingPeriod" xlink:label="DescriptionOfSignificantEventsOccurringAfterEndOfReportingPeriod"/>
    <link:label xlink:type="resource" xlink:label="label_DescriptionOfSignificantEventsOccurringAfterEndOfReportingPeriod" xlink:role="http://www.xbrl.org/2003/role/label" xml:lang="es" id="label_DescriptionOfSignificantEventsOccurringAfterEndOfReportingPeriod">Descripción de hechos relevantes tras el cierre contable</link:label>
    <link:labelArc xlink:type="arc" xlink:arcrole="http://www.xbrl.org/2003/arcrole/concept-label" xlink:from="DescriptionOfSignificantEventsOccurringAfterEndOfReportingPeriod" xlink:to="label_DescriptionOfSignificantEventsOccurringAfterEndOfReportingPeriod" order="10.0"/>
    <link:loc xlink:type="locator" xlink:href="mrv.xsd#mrv_DescriptionOfSpecificRisksInAdditionToCommonlyOccurringHazardsInIndustry" xlink:label="DescriptionOfSpecificRisksInAdditionToCommonlyOccurringHazardsInIndustry"/>
    <link:label xlink:type="resource" xlink:label="label_DescriptionOfSpecificRisksInAdditionToCommonlyOccurringHazardsInIndustry" xlink:role="http://www.xbrl.org/2003/role/label" xml:lang="es" id="label_DescriptionOfSpecificRisksInAdditionToCommonlyOccurringHazardsInIndustry">Descripción de riesgos especiales aparte de los riesgos habituales en el sector</link:label>
    <link:labelArc xlink:type="arc" xlink:arcrole="http://www.xbrl.org/2003/arcrole/concept-label" xlink:from="DescriptionOfSpecificRisksInAdditionToCommonlyOccurringHazardsInIndustry" xlink:to="label_DescriptionOfSpecificRisksInAdditionToCommonlyOccurringHazardsInIndustry" order="10.0"/>
    <link:loc xlink:type="locator" xlink:href="mrv.xsd#mrv_DescriptionOfStandardsGuidelinesAndPrinciplesOfCorporateSocialResponsibility" xlink:label="DescriptionOfStandardsGuidelinesAndPrinciplesOfCorporateSocialResponsibility"/>
    <link:label xlink:type="resource" xlink:label="label_DescriptionOfStandardsGuidelinesAndPrinciplesOfCorporateSocialResponsibility" xlink:role="http://www.xbrl.org/2003/role/label" xml:lang="es" id="label_DescriptionOfStandardsGuidelinesAndPrinciplesOfCorporateSocialResponsibility">Descripción de normas, directrices y principios de responsabilidad social corporativa</link:label>
    <link:labelArc xlink:type="arc" xlink:arcrole="http://www.xbrl.org/2003/arcrole/concept-label" xlink:from="DescriptionOfStandardsGuidelinesAndPrinciplesOfCorporateSocialResponsibility" xlink:to="label_DescriptionOfStandardsGuidelinesAndPrinciplesOfCorporateSocialResponsibility" order="10.0"/>
    <link:loc xlink:type="locator" xlink:href="mrv.xsd#mrv_DescriptionOfSystemsAndProceduresOfTranslatingCorporateSocialResponsibilityPoliciesIntoAction" xlink:label="DescriptionOfSystemsAndProceduresOfTranslatingCorporateSocialResponsibilityPoliciesIntoAction"/>
    <link:label xlink:type="resource" xlink:label="label_DescriptionOfSystemsAndProceduresOfTranslatingCorporateSocialResponsibilityPoliciesIntoAction" xlink:role="http://www.xbrl.org/2003/role/label" xml:lang="es" id="label_DescriptionOfSystemsAndProceduresOfTranslatingCorporateSocialResponsibilityPoliciesIntoAction">Descripción de sistemas y procedimientos para llevar las políticas de responsabilidad social corporativa a la práctica</link:label>
    <link:labelArc xlink:type="arc" xlink:arcrole="http://www.xbrl.org/2003/arcrole/concept-label" xlink:from="DescriptionOfSystemsAndProceduresOfTranslatingCorporateSocialResponsibilityPoliciesIntoAction" xlink:to="label_DescriptionOfSystemsAndProceduresOfTranslatingCorporateSocialResponsibilityPoliciesIntoAction" order="10.0"/>
    <link:loc xlink:type="locator" xlink:href="mrv.xsd#mrv_DescriptionOfTranslatingCorporateSocialResponsibilityPoliciesIntoAction" xlink:label="DescriptionOfTranslatingCorporateSocialResponsibilityPoliciesIntoAction"/>
    <link:label xlink:type="resource" xlink:label="label_DescriptionOfTranslatingCorporateSocialResponsibilityPoliciesIntoAction" xlink:role="http://www.xbrl.org/2003/role/label" xml:lang="es" id="label_DescriptionOfTranslatingCorporateSocialResponsibilityPoliciesIntoAction">Descripción de cómo llevar las políticas de responsabilidad social corporativa a la práctica</link:label>
    <link:labelArc xlink:type="arc" xlink:arcrole="http://www.xbrl.org/2003/arcrole/concept-label" xlink:from="DescriptionOfTranslatingCorporateSocialResponsibilityPoliciesIntoAction" xlink:to="label_DescriptionOfTranslatingCorporateSocialResponsibilityPoliciesIntoAction" order="10.0"/>
    <link:loc xlink:type="locator" xlink:href="mrv.xsd#mrv_DetailsOnKeyFiguresAndFinancialRatiosAbstract" xlink:label="DetailsOnKeyFiguresAndFinancialRatiosAbstract"/>
    <link:label xlink:type="resource" xlink:label="label_DetailsOnKeyFiguresAndFinancialRatiosAbstract" xlink:role="http://www.xbrl.org/2003/role/label" xml:lang="es" id="label_DetailsOnKeyFiguresAndFinancialRatiosAbstract">Datos sobre cifras clave y ratios financieros</link:label>
    <link:labelArc xlink:type="arc" xlink:arcrole="http://www.xbrl.org/2003/arcrole/concept-label" xlink:from="DetailsOnKeyFiguresAndFinancialRatiosAbstract" xlink:to="label_DetailsOnKeyFiguresAndFinancialRatiosAbstract" order="10.0"/>
    <link:loc xlink:type="locator" xlink:href="mrv.xsd#mrv_DetailsOnKeyFiguresAndFinancialRatiosHypercube" xlink:label="DetailsOnKeyFiguresAndFinancialRatiosHypercube"/>
    <link:label xlink:type="resource" xlink:label="label_DetailsOnKeyFiguresAndFinancialRatiosHypercube" xlink:role="http://www.xbrl.org/2003/role/label" xml:lang="es" id="label_DetailsOnKeyFiguresAndFinancialRatiosHypercube">Datos sobre cifras clave y ratios financieros</link:label>
    <link:labelArc xlink:type="arc" xlink:arcrole="http://www.xbrl.org/2003/arcrole/concept-label" xlink:from="DetailsOnKeyFiguresAndFinancialRatiosHypercube" xlink:to="label_DetailsOnKeyFiguresAndFinancialRatiosHypercube" order="10.0"/>
    <link:loc xlink:type="locator" xlink:href="mrv.xsd#mrv_DetailsOnOtherKeyFiguresAndFinancialRatiosAbstract" xlink:label="DetailsOnOtherKeyFiguresAndFinancialRatiosAbstract"/>
    <link:label xlink:type="resource" xlink:label="label_DetailsOnOtherKeyFiguresAndFinancialRatiosAbstract" xlink:role="http://www.xbrl.org/2003/role/label" xml:lang="es" id="label_DetailsOnOtherKeyFiguresAndFinancialRatiosAbstract">Datos sobre otras cifras clave y ratios financieros</link:label>
    <link:labelArc xlink:type="arc" xlink:arcrole="http://www.xbrl.org/2003/arcrole/concept-label" xlink:from="DetailsOnOtherKeyFiguresAndFinancialRatiosAbstract" xlink:to="label_DetailsOnOtherKeyFiguresAndFinancialRatiosAbstract" order="10.0"/>
    <link:loc xlink:type="locator" xlink:href="mrv.xsd#mrv_DetailsOnOtherKeyFiguresAndFinancialRatiosHypercube" xlink:label="DetailsOnOtherKeyFiguresAndFinancialRatiosHypercube"/>
    <link:label xlink:type="resource" xlink:label="label_DetailsOnOtherKeyFiguresAndFinancialRatiosHypercube" xlink:role="http://www.xbrl.org/2003/role/label" xml:lang="es" id="label_DetailsOnOtherKeyFiguresAndFinancialRatiosHypercube">Datos sobre otras cifras clave y ratios financieros</link:label>
    <link:labelArc xlink:type="arc" xlink:arcrole="http://www.xbrl.org/2003/arcrole/concept-label" xlink:from="DetailsOnOtherKeyFiguresAndFinancialRatiosHypercube" xlink:to="label_DetailsOnOtherKeyFiguresAndFinancialRatiosHypercube" order="10.0"/>
    <link:loc xlink:type="locator" xlink:href="mrv.xsd#mrv_EmployeeTurnover" xlink:label="EmployeeTurnover"/>
    <link:label xlink:type="resource" xlink:label="label_EmployeeTurnover" xlink:role="http://www.xbrl.org/2003/role/label" xml:lang="es" id="label_EmployeeTurnover">Ingresos por empleado</link:label>
    <link:labelArc xlink:type="arc" xlink:arcrole="http://www.xbrl.org/2003/arcrole/concept-label" xlink:from="EmployeeTurnover" xlink:to="label_EmployeeTurnover" order="10.0"/>
    <link:loc xlink:type="locator" xlink:href="mrv.xsd#mrv_ExplanationThatEntityHasNoPoliciesOnSocialResponsibility" xlink:label="ExplanationThatEntityHasNoPoliciesOnSocialResponsibility"/>
    <link:label xlink:type="resource" xlink:label="label_ExplanationThatEntityHasNoPoliciesOnSocialResponsibility" xlink:role="http://www.xbrl.org/2003/role/label" xml:lang="es" id="label_ExplanationThatEntityHasNoPoliciesOnSocialResponsibility">Explicación sobre la inexistencia de políticas en la entidad en materia de responsabilidad social corporativa</link:label>
    <link:labelArc xlink:type="arc" xlink:arcrole="http://www.xbrl.org/2003/arcrole/concept-label" xlink:from="ExplanationThatEntityHasNoPoliciesOnSocialResponsibility" xlink:to="label_ExplanationThatEntityHasNoPoliciesOnSocialResponsibility" order="10.0"/>
    <link:loc xlink:type="locator" xlink:href="mrv.xsd#mrv_FinancialGearing" xlink:label="FinancialGearing"/>
    <link:label xlink:type="resource" xlink:label="label_FinancialGearing" xlink:role="http://www.xbrl.org/2003/role/label" xml:lang="es" id="label_FinancialGearing">Apalancamiento financiero</link:label>
    <link:labelArc xlink:type="arc" xlink:arcrole="http://www.xbrl.org/2003/arcrole/concept-label" xlink:from="FinancialGearing" xlink:to="label_FinancialGearing" order="10.0"/>
    <link:loc xlink:type="locator" xlink:href="mrv.xsd#mrv_GrossMargin" xlink:label="GrossMargin"/>
    <link:label xlink:type="resource" xlink:label="label_GrossMargin" xlink:role="http://www.xbrl.org/2003/role/label" xml:lang="es" id="label_GrossMargin">Margen bruto</link:label>
    <link:labelArc xlink:type="arc" xlink:arcrole="http://www.xbrl.org/2003/arcrole/concept-label" xlink:from="GrossMargin" xlink:to="label_GrossMargin" order="10.0"/>
    <link:loc xlink:type="locator" xlink:href="mrv.xsd#mrv_IdentificationOfKeyFigureOrFinancialRatioDimension" xlink:label="IdentificationOfKeyFigureOrFinancialRatioDimension"/>
    <link:label xlink:type="resource" xlink:label="label_IdentificationOfKeyFigureOrFinancialRatioDimension" xlink:role="http://www.xbrl.org/2003/role/label" xml:lang="es" id="label_IdentificationOfKeyFigureOrFinancialRatioDimension">Identificación de cifra clave o ratio financiero</link:label>
    <link:labelArc xlink:type="arc" xlink:arcrole="http://www.xbrl.org/2003/arcrole/concept-label" xlink:from="IdentificationOfKeyFigureOrFinancialRatioDimension" xlink:to="label_IdentificationOfKeyFigureOrFinancialRatioDimension" order="10.0"/>
    <link:loc xlink:type="locator" xlink:href="mrv.xsd#mrv_InformationOnCalculationOfKeyFiguresAndFinancialRatios" xlink:label="InformationOnCalculationOfKeyFiguresAndFinancialRatios"/>
    <link:label xlink:type="resource" xlink:label="label_InformationOnCalculationOfKeyFiguresAndFinancialRatios" xlink:role="http://www.xbrl.org/2003/role/label" xml:lang="es" id="label_InformationOnCalculationOfKeyFiguresAndFinancialRatios">Información sobre el cálculo de cifras clave y ratios financieros</link:label>
    <link:labelArc xlink:type="arc" xlink:arcrole="http://www.xbrl.org/2003/arcrole/concept-label" xlink:from="InformationOnCalculationOfKeyFiguresAndFinancialRatios" xlink:to="label_InformationOnCalculationOfKeyFiguresAndFinancialRatios" order="10.0"/>
    <link:loc xlink:type="locator" xlink:href="mrv.xsd#mrv_ManagementsReview" xlink:label="ManagementsReview"/>
    <link:label xlink:type="resource" xlink:label="label_ManagementsReview" xlink:role="http://www.xbrl.org/2003/role/label" xml:lang="es" id="label_ManagementsReview">Revisión de la Dirección</link:label>
    <link:labelArc xlink:type="arc" xlink:arcrole="http://www.xbrl.org/2003/arcrole/concept-label" xlink:from="ManagementsReview" xlink:to="label_ManagementsReview" order="10.0"/>
    <link:loc xlink:type="locator" xlink:href="mrv.xsd#mrv_NameOfKeyFigureOrFinancialRatio" xlink:label="NameOfKeyFigureOrFinancialRatio"/>
    <link:label xlink:type="resource" xlink:label="label_NameOfKeyFigureOrFinancialRatio" xlink:role="http://www.xbrl.org/2003/role/label" xml:lang="es" id="label_NameOfKeyFigureOrFinancialRatio">Denominación de cifra clave o ratio financiero</link:label>
    <link:labelArc xlink:type="arc" xlink:arcrole="http://www.xbrl.org/2003/arcrole/concept-label" xlink:from="NameOfKeyFigureOrFinancialRatio" xlink:to="label_NameOfKeyFigureOrFinancialRatio" order="10.0"/>
    <link:loc xlink:type="locator" xlink:href="mrv.xsd#mrv_OperatingMargin" xlink:label="OperatingMargin"/>
    <link:label xlink:type="resource" xlink:label="label_OperatingMargin" xlink:role="http://www.xbrl.org/2003/role/label" xml:lang="es" id="label_OperatingMargin">Margen de explotación</link:label>
    <link:labelArc xlink:type="arc" xlink:arcrole="http://www.xbrl.org/2003/arcrole/concept-label" xlink:from="OperatingMargin" xlink:to="label_OperatingMargin" order="10.0"/>
    <link:loc xlink:type="locator" xlink:href="mrv.xsd#mrv_RetrospectiveInformationFromLastFiveYearsAbstract" xlink:label="RetrospectiveInformationFromLastFiveYearsAbstract"/>
    <link:label xlink:type="resource" xlink:label="label_RetrospectiveInformationFromLastFiveYearsAbstract" xlink:role="http://www.xbrl.org/2003/role/label" xml:lang="es" id="label_RetrospectiveInformationFromLastFiveYearsAbstract">Información retrospectiva de los últimos cinco años</link:label>
    <link:labelArc xlink:type="arc" xlink:arcrole="http://www.xbrl.org/2003/arcrole/concept-label" xlink:from="RetrospectiveInformationFromLastFiveYearsAbstract" xlink:to="label_RetrospectiveInformationFromLastFiveYearsAbstract" order="10.0"/>
    <link:loc xlink:type="locator" xlink:href="mrv.xsd#mrv_ReturnOnCapitalEmployed" xlink:label="ReturnOnCapitalEmployed"/>
    <link:label xlink:type="resource" xlink:label="label_ReturnOnCapitalEmployed" xlink:role="http://www.xbrl.org/2003/role/label" xml:lang="es" id="label_ReturnOnCapitalEmployed">Rendimiento del capital empleado</link:label>
    <link:labelArc xlink:type="arc" xlink:arcrole="http://www.xbrl.org/2003/arcrole/concept-label" xlink:from="ReturnOnCapitalEmployed" xlink:to="label_ReturnOnCapitalEmployed" order="10.0"/>
    <link:loc xlink:type="locator" xlink:href="mrv.xsd#mrv_ReturnOnEquity" xlink:label="ReturnOnEquity"/>
    <link:label xlink:type="resource" xlink:label="label_ReturnOnEquity" xlink:role="http://www.xbrl.org/2003/role/label" xml:lang="es" id="label_ReturnOnEquity">Rentabilidad sobre fondos propios (ROE)</link:label>
    <link:labelArc xlink:type="arc" xlink:arcrole="http://www.xbrl.org/2003/arcrole/concept-label" xlink:from="ReturnOnEquity" xlink:to="label_ReturnOnEquity" order="10.0"/>
    <link:loc xlink:type="locator" xlink:href="mrv.xsd#mrv_ReturnOnInvestedCapital" xlink:label="ReturnOnInvestedCapital"/>
    <link:label xlink:type="resource" xlink:label="label_ReturnOnInvestedCapital" xlink:role="http://www.xbrl.org/2003/role/label" xml:lang="es" id="label_ReturnOnInvestedCapital">Rendimiento del capital invertido</link:label>
    <link:labelArc xlink:type="arc" xlink:arcrole="http://www.xbrl.org/2003/arcrole/concept-label" xlink:from="ReturnOnInvestedCapital" xlink:to="label_ReturnOnInvestedCapital" order="10.0"/>
    <link:loc xlink:type="locator" xlink:href="mrv.xsd#mrv_SolvencyRatio" xlink:label="SolvencyRatio"/>
    <link:label xlink:type="resource" xlink:label="label_SolvencyRatio" xlink:role="http://www.xbrl.org/2003/role/label" xml:lang="es" id="label_SolvencyRatio">Ratio de solvencia</link:label>
    <link:labelArc xlink:type="arc" xlink:arcrole="http://www.xbrl.org/2003/arcrole/concept-label" xlink:from="SolvencyRatio" xlink:to="label_SolvencyRatio" order="10.0"/>
    <link:loc xlink:type="locator" xlink:href="mrv.xsd#mrv_StatementOfCorporateSocialResponsibility" xlink:label="StatementOfCorporateSocialResponsibility"/>
    <link:label xlink:type="resource" xlink:label="label_StatementOfCorporateSocialResponsibility" xlink:role="http://www.xbrl.org/2003/role/label" xml:lang="es" id="label_StatementOfCorporateSocialResponsibility">Declaración de responsabilidad social corporativa</link:label>
    <link:labelArc xlink:type="arc" xlink:arcrole="http://www.xbrl.org/2003/arcrole/concept-label" xlink:from="StatementOfCorporateSocialResponsibility" xlink:to="label_StatementOfCorporateSocialResponsibility" order="10.0"/>
    <link:loc xlink:type="locator" xlink:href="mrv.xsd#mrv_SupplementaryReports" xlink:label="SupplementaryReports"/>
    <link:label xlink:type="resource" xlink:label="label_SupplementaryReports" xlink:role="http://www.xbrl.org/2003/role/label" xml:lang="es" id="label_SupplementaryReports">Informes complementarios</link:label>
    <link:labelArc xlink:type="arc" xlink:arcrole="http://www.xbrl.org/2003/arcrole/concept-label" xlink:from="SupplementaryReports" xlink:to="label_SupplementaryReports" order="10.0"/>
    <link:loc xlink:type="locator" xlink:href="mrv.xsd#mrv_ValueOfKeyFigureOrFinancialRatio" xlink:label="ValueOfKeyFigureOrFinancialRatio"/>
    <link:label xlink:type="resource" xlink:label="label_ValueOfKeyFigureOrFinancialRatio" xlink:role="http://www.xbrl.org/2003/role/label" xml:lang="es" id="label_ValueOfKeyFigureOrFinancialRatio">Valor de cifra clave o ratio financiero</link:label>
    <link:labelArc xlink:type="arc" xlink:arcrole="http://www.xbrl.org/2003/arcrole/concept-label" xlink:from="ValueOfKeyFigureOrFinancialRatio" xlink:to="label_ValueOfKeyFigureOrFinancialRatio" order="10.0"/>
    <link:loc xlink:type="locator" xlink:href="mrv.xsd#mrv_DescriptionOfGroupRelations" xlink:label="DescriptionOfGroupRelations"/>
    <link:label xlink:type="resource" xlink:label="label_DescriptionOfGroupRelations" xlink:role="http://www.xbrl.org/2003/role/label" xml:lang="es" id="label_DescriptionOfGroupRelations">Descripción de las relaciones en el grupo</link:label>
    <link:labelArc xlink:type="arc" xlink:arcrole="http://www.xbrl.org/2003/arcrole/concept-label" xlink:from="DescriptionOfGroupRelations" xlink:to="label_DescriptionOfGroupRelations" order="10.0"/>
    <link:loc xlink:type="locator" xlink:href="mrv.xsd#mrv_EquityRatio" xlink:label="EquityRatio"/>
    <link:label xlink:type="resource" xlink:label="label_EquityRatio_2" xlink:role="http://www.xbrl.org/2003/role/label" xml:lang="es" id="label_EquityRatio_2">Coeficiente de capital propio</link:label>
    <link:labelArc xlink:type="arc" xlink:arcrole="http://www.xbrl.org/2003/arcrole/concept-label" xlink:from="EquityRatio" xlink:to="label_EquityRatio_2" order="10.0"/>
    <link:loc xlink:type="locator" xlink:href="mrv.xsd#mrv_LinkToStatementOfCorporateSocialResponsibility" xlink:label="LinkToStatementOfCorporateSocialResponsibility" xlink:title="LinkToStatementOfCorporateSocialResponsibility"/>
    <link:label xlink:type="resource" xlink:label="label_LinkToStatementOfCorporateSocialResponsibility_3" xlink:role="http://www.xbrl.org/2003/role/label" xlink:title="label_LinkToStatementOfCorporateSocialResponsibility" xml:lang="es" id="label_LinkToStatementOfCorporateSocialResponsibility_3">Enlace a declaración de responsabilidad social corporativa</link:label>
    <link:labelArc xlink:type="arc" xlink:arcrole="http://www.xbrl.org/2003/arcrole/concept-label" xlink:from="LinkToStatementOfCorporateSocialResponsibility" xlink:to="label_LinkToStatementOfCorporateSocialResponsibility_3" xlink:title="label: LinkToStatementOfCorporateSocialResponsibility to label_LinkToStatementOfCorporateSocialResponsibility"/>
    <link:loc xlink:type="locator" xlink:href="mrv.xsd#mrv_CorporateGovernanceReport" xlink:label="CorporateGovernanceReport" xlink:title="CorporateGovernanceReport"/>
    <link:label xlink:type="resource" xlink:label="label_CorporateGovernanceReport_3" xlink:role="http://www.xbrl.org/2003/role/label" xlink:title="label_CorporateGovernanceReport" xml:lang="es" id="label_CorporateGovernanceReport_3">Informe de gobierno corporativo</link:label>
    <link:labelArc xlink:type="arc" xlink:arcrole="http://www.xbrl.org/2003/arcrole/concept-label" xlink:from="CorporateGovernanceReport" xlink:to="label_CorporateGovernanceReport_3" xlink:title="label: CorporateGovernanceReport to label_CorporateGovernanceReport"/>
    <link:loc xlink:type="locator" xlink:href="mrv.xsd#mrv_LinkToCorporateGovernanceReport" xlink:label="LinkToCorporateGovernanceReport" xlink:title="LinkToCorporateGovernanceReport"/>
    <link:label xlink:type="resource" xlink:label="label_LinkToCorporateGovernanceReport_3" xlink:role="http://www.xbrl.org/2003/role/label" xlink:title="label_LinkToCorporateGovernanceReport" xml:lang="es" id="label_LinkToCorporateGovernanceReport_3">Enlace a informe de gobierno corporativo</link:label>
    <link:labelArc xlink:type="arc" xlink:arcrole="http://www.xbrl.org/2003/arcrole/concept-label" xlink:from="LinkToCorporateGovernanceReport" xlink:to="label_LinkToCorporateGovernanceReport_3" xlink:title="label: LinkToCorporateGovernanceReport to label_LinkToCorporateGovernanceReport"/>
    <link:loc xlink:type="locator" xlink:href="mrv.xsd#mrv_StatementOfTargetFiguresAndPoliciesForTheUnderrepresentedGender" xlink:label="StatementOfTargetFiguresAndPoliciesForTheUnderrepresentedGender" xlink:title="StatementOfTargetFiguresAndPoliciesForTheUnderrepresentedGender"/>
    <link:label xlink:type="resource" xlink:label="label_StatementOfTargetFiguresAndPoliciesForTheUnderrepresentedGender_3" xlink:role="http://www.xbrl.org/2003/role/label" xlink:title="label_StatementOfTargetFiguresAndPoliciesForTheUnderrepresentedGender" xml:lang="es" id="label_StatementOfTargetFiguresAndPoliciesForTheUnderrepresentedGender_3">Declaración sobre objetivos y políticas en materia de igualdad de sexos</link:label>
    <link:labelArc xlink:type="arc" xlink:arcrole="http://www.xbrl.org/2003/arcrole/concept-label" xlink:from="StatementOfTargetFiguresAndPoliciesForTheUnderrepresentedGender" xlink:to="label_StatementOfTargetFiguresAndPoliciesForTheUnderrepresentedGender_3" xlink:title="label: StatementOfTargetFiguresAndPoliciesForTheUnderrepresentedGender to label_StatementOfTargetFiguresAndPoliciesForTheUnderrepresentedGender"/>
    <link:loc xlink:type="locator" xlink:href="mrv.xsd#mrv_LinkToStatementOfTargetFiguresAndPoliciesForTheUnderrepresentedGender" xlink:label="LinkToStatementOfTargetFiguresAndPoliciesForTheUnderrepresentedGender" xlink:title="LinkToStatementOfTargetFiguresAndPoliciesForTheUnderrepresentedGender"/>
    <link:label xlink:type="resource" xlink:label="label_LinkToStatementOfTargetFiguresAndPoliciesForTheUnderrepresentedGender_3" xlink:role="http://www.xbrl.org/2003/role/label" xlink:title="label_LinkToStatementOfTargetFiguresAndPoliciesForTheUnderrepresentedGender" xml:lang="es" id="label_LinkToStatementOfTargetFiguresAndPoliciesForTheUnderrepresentedGender_3">Enlace a declaración sobre objetivos y políticas en materia de igualdad de sexos </link:label>
    <link:labelArc xlink:type="arc" xlink:arcrole="http://www.xbrl.org/2003/arcrole/concept-label" xlink:from="LinkToStatementOfTargetFiguresAndPoliciesForTheUnderrepresentedGender" xlink:to="label_LinkToStatementOfTargetFiguresAndPoliciesForTheUnderrepresentedGender_3" xlink:title="label: LinkToStatementOfTargetFiguresAndPoliciesForTheUnderrepresentedGender to label_LinkToStatementOfTargetFiguresAndPoliciesForTheUnderrepresentedGender"/>
    <link:loc xlink:type="locator" xlink:href="mrv.xsd#mrv_InformationFromStatementByManagementGivenInManagementsReviewDueToOptingOutOfStatementByManagementAbstract" xlink:label="InformationFromStatementByManagementGivenInManagementsReviewDueToOptingOutOfStatementByManagementAbstract" xlink:title="InformationFromStatementByManagementGivenInManagementsReviewDueToOptingOutOfStatementByManagementAbstract"/>
    <link:label xlink:type="resource" xlink:label="label_InformationFromStatementByManagementGivenInManagementsReviewDueToOptingOutOfStatementByManagementAbstract_3" xlink:role="http://www.xbrl.org/2003/role/label" xlink:title="label_InformationFromStatementByManagementGivenInManagementsReviewDueToOptingOutOfStatementByManagementAbstract" xml:lang="es" id="label_InformationFromStatementByManagementGivenInManagementsReviewDueToOptingOutOfStatementByManagementAbstract_3">Información de la declaración de la Dirección, etc. contenida en la revisión de la Dirección debido a la renuncia a la declaración de la Dirección, etc.</link:label>
    <link:labelArc xlink:type="arc" xlink:arcrole="http://www.xbrl.org/2003/arcrole/concept-label" xlink:from="InformationFromStatementByManagementGivenInManagementsReviewDueToOptingOutOfStatementByManagementAbstract" xlink:to="label_InformationFromStatementByManagementGivenInManagementsReviewDueToOptingOutOfStatementByManagementAbstract_3" xlink:title="label: InformationFromStatementByManagementGivenInManagementsReviewDueToOptingOutOfStatementByManagementAbstract to label_InformationFromStatementByManagementGivenInManagementsReviewDueToOptingOutOfStatementByManagementAbstract"/>
    <link:loc xlink:type="locator" xlink:href="mrv.xsd#mrv_DescriptionOfTheBusinessModelOfTheEntityCorporateSocialResponsibility" xlink:label="DescriptionOfTheBusinessModelOfTheEntityCorporateSocialResponsibility" xlink:title="DescriptionOfTheBusinessModelOfTheEntityCorporateSocialResponsibility"/>
    <link:label xlink:type="resource" xlink:label="label_DescriptionOfTheBusinessModelOfTheEntityCorporateSocialResponsibility_3" xlink:role="http://www.xbrl.org/2003/role/label" xlink:title="label_DescriptionOfTheBusinessModelOfTheEntityCorporateSocialResponsibility" xml:lang="es" id="label_DescriptionOfTheBusinessModelOfTheEntityCorporateSocialResponsibility_3">Descripción del modelo de negocio de la entidad, responsabilidad social corporativa</link:label>
    <link:labelArc xlink:type="arc" xlink:arcrole="http://www.xbrl.org/2003/arcrole/concept-label" xlink:from="DescriptionOfTheBusinessModelOfTheEntityCorporateSocialResponsibility" xlink:to="label_DescriptionOfTheBusinessModelOfTheEntityCorporateSocialResponsibility_3" xlink:title="label: DescriptionOfTheBusinessModelOfTheEntityCorporateSocialResponsibility to label_DescriptionOfTheBusinessModelOfTheEntityCorporateSocialResponsibility"/>
    <link:loc xlink:type="locator" xlink:href="mrv.xsd#mrv_DetailsOnPoliciesOnCorporateSocialResponsibilityAbstract" xlink:label="DetailsOnPoliciesOnCorporateSocialResponsibilityAbstract" xlink:title="DetailsOnPoliciesOnCorporateSocialResponsibilityAbstract"/>
    <link:label xlink:type="resource" xlink:label="label_DetailsOnPoliciesOnCorporateSocialResponsibilityAbstract_3" xlink:role="http://www.xbrl.org/2003/role/label" xlink:title="label_DetailsOnPoliciesOnCorporateSocialResponsibilityAbstract" xml:lang="es" id="label_DetailsOnPoliciesOnCorporateSocialResponsibilityAbstract_3">Datos sobre las políticas de responsabilidad social corporativa</link:label>
    <link:labelArc xlink:type="arc" xlink:arcrole="http://www.xbrl.org/2003/arcrole/concept-label" xlink:from="DetailsOnPoliciesOnCorporateSocialResponsibilityAbstract" xlink:to="label_DetailsOnPoliciesOnCorporateSocialResponsibilityAbstract_3" xlink:title="label: DetailsOnPoliciesOnCorporateSocialResponsibilityAbstract to label_DetailsOnPoliciesOnCorporateSocialResponsibilityAbstract"/>
    <link:loc xlink:type="locator" xlink:href="mrv.xsd#mrv_DetailsOnPoliciesOnCorporateSocialResponsibilityHypercube" xlink:label="DetailsOnPoliciesOnCorporateSocialResponsibilityHypercube" xlink:title="DetailsOnPoliciesOnCorporateSocialResponsibilityHypercube"/>
    <link:label xlink:type="resource" xlink:label="label_DetailsOnPoliciesOnCorporateSocialResponsibilityHypercube_3" xlink:role="http://www.xbrl.org/2003/role/label" xlink:title="label_DetailsOnPoliciesOnCorporateSocialResponsibilityHypercube" xml:lang="es" id="label_DetailsOnPoliciesOnCorporateSocialResponsibilityHypercube_3">Datos sobre las políticas de responsabilidad social corporativa</link:label>
    <link:labelArc xlink:type="arc" xlink:arcrole="http://www.xbrl.org/2003/arcrole/concept-label" xlink:from="DetailsOnPoliciesOnCorporateSocialResponsibilityHypercube" xlink:to="label_DetailsOnPoliciesOnCorporateSocialResponsibilityHypercube_3" xlink:title="label: DetailsOnPoliciesOnCorporateSocialResponsibilityHypercube to label_DetailsOnPoliciesOnCorporateSocialResponsibilityHypercube"/>
    <link:loc xlink:type="locator" xlink:href="mrv.xsd#mrv_DetailsOnPoliciesOnOtherCorporateSocialResponsibilityAbstract" xlink:label="DetailsOnPoliciesOnOtherCorporateSocialResponsibilityAbstract" xlink:title="DetailsOnPoliciesOnOtherCorporateSocialResponsibilityAbstract"/>
    <link:label xlink:type="resource" xlink:label="label_DetailsOnPoliciesOnOtherCorporateSocialResponsibilityAbstract_3" xlink:role="http://www.xbrl.org/2003/role/label" xlink:title="label_DetailsOnPoliciesOnOtherCorporateSocialResponsibilityAbstract" xml:lang="es" id="label_DetailsOnPoliciesOnOtherCorporateSocialResponsibilityAbstract_3">Datos sobre otras políticas de responsabilidad social corporativa</link:label>
    <link:labelArc xlink:type="arc" xlink:arcrole="http://www.xbrl.org/2003/arcrole/concept-label" xlink:from="DetailsOnPoliciesOnOtherCorporateSocialResponsibilityAbstract" xlink:to="label_DetailsOnPoliciesOnOtherCorporateSocialResponsibilityAbstract_3" xlink:title="label: DetailsOnPoliciesOnOtherCorporateSocialResponsibilityAbstract to label_DetailsOnPoliciesOnOtherCorporateSocialResponsibilityAbstract"/>
    <link:loc xlink:type="locator" xlink:href="mrv.xsd#mrv_DetailsOnPoliciesOnOtherCorporateSocialResponsibilityHypercube" xlink:label="DetailsOnPoliciesOnOtherCorporateSocialResponsibilityHypercube" xlink:title="DetailsOnPoliciesOnOtherCorporateSocialResponsibilityHypercube"/>
    <link:label xlink:type="resource" xlink:label="label_DetailsOnPoliciesOnOtherCorporateSocialResponsibilityHypercube_3" xlink:role="http://www.xbrl.org/2003/role/label" xlink:title="label_DetailsOnPoliciesOnOtherCorporateSocialResponsibilityHypercube" xml:lang="es" id="label_DetailsOnPoliciesOnOtherCorporateSocialResponsibilityHypercube_3">Datos sobre otras políticas de responsabilidad social corporativa</link:label>
    <link:labelArc xlink:type="arc" xlink:arcrole="http://www.xbrl.org/2003/arcrole/concept-label" xlink:from="DetailsOnPoliciesOnOtherCorporateSocialResponsibilityHypercube" xlink:to="label_DetailsOnPoliciesOnOtherCorporateSocialResponsibilityHypercube_3" xlink:title="label: DetailsOnPoliciesOnOtherCorporateSocialResponsibilityHypercube to label_DetailsOnPoliciesOnOtherCorporateSocialResponsibilityHypercube"/>
    <link:loc xlink:type="locator" xlink:href="mrv.xsd#mrv_TypeOfPoliciesDimension" xlink:label="TypeOfPoliciesDimension" xlink:title="TypeOfPoliciesDimension"/>
    <link:label xlink:type="resource" xlink:label="label_TypeOfPoliciesDimension_3" xlink:role="http://www.xbrl.org/2003/role/label" xlink:title="label_TypeOfPoliciesDimension" xml:lang="es" id="label_TypeOfPoliciesDimension_3">Tipos de políticas</link:label>
    <link:labelArc xlink:type="arc" xlink:arcrole="http://www.xbrl.org/2003/arcrole/concept-label" xlink:from="TypeOfPoliciesDimension" xlink:to="label_TypeOfPoliciesDimension_3" xlink:title="label: TypeOfPoliciesDimension to label_TypeOfPoliciesDimension"/>
    <link:loc xlink:type="locator" xlink:href="mrv.xsd#mrv_AllPoliciesMember" xlink:label="AllPoliciesMember" xlink:title="AllPoliciesMember"/>
    <link:label xlink:type="resource" xlink:label="label_AllPoliciesMember_3" xlink:role="http://www.xbrl.org/2003/role/label" xlink:title="label_AllPoliciesMember" xml:lang="es" id="label_AllPoliciesMember_3">Todas las políticas</link:label>
    <link:labelArc xlink:type="arc" xlink:arcrole="http://www.xbrl.org/2003/arcrole/concept-label" xlink:from="AllPoliciesMember" xlink:to="label_AllPoliciesMember_3" xlink:title="label: AllPoliciesMember to label_AllPoliciesMember"/>
    <link:loc xlink:type="locator" xlink:href="mrv.xsd#mrv_IdentificationOfPolicyDimension" xlink:label="IdentificationOfPolicyDimension" xlink:title="IdentificationOfPolicyDimension"/>
    <link:label xlink:type="resource" xlink:label="label_IdentificationOfPolicyDimension_3" xlink:role="http://www.xbrl.org/2003/role/label" xlink:title="label_IdentificationOfPolicyDimension" xml:lang="es" id="label_IdentificationOfPolicyDimension_3">Identificación de la política</link:label>
    <link:labelArc xlink:type="arc" xlink:arcrole="http://www.xbrl.org/2003/arcrole/concept-label" xlink:from="IdentificationOfPolicyDimension" xlink:to="label_IdentificationOfPolicyDimension_3" xlink:title="label: IdentificationOfPolicyDimension to label_IdentificationOfPolicyDimension"/>
    <link:loc xlink:type="locator" xlink:href="mrv.xsd#mrv_PoliciesOnEnvironmentMember" xlink:label="PoliciesOnEnvironmentMember" xlink:title="PoliciesOnEnvironmentMember"/>
    <link:label xlink:type="resource" xlink:label="label_PoliciesOnEnvironmentMember_3" xlink:role="http://www.xbrl.org/2003/role/label" xlink:title="label_PoliciesOnEnvironmentMember" xml:lang="es" id="label_PoliciesOnEnvironmentMember_3">Políticas medioambientales</link:label>
    <link:labelArc xlink:type="arc" xlink:arcrole="http://www.xbrl.org/2003/arcrole/concept-label" xlink:from="PoliciesOnEnvironmentMember" xlink:to="label_PoliciesOnEnvironmentMember_3" xlink:title="label: PoliciesOnEnvironmentMember to label_PoliciesOnEnvironmentMember"/>
    <link:loc xlink:type="locator" xlink:href="mrv.xsd#mrv_PoliciesOnSocialConditionsAndLaborPracticesMember" xlink:label="PoliciesOnSocialConditionsAndLaborPracticesMember" xlink:title="PoliciesOnSocialConditionsAndLaborPracticesMember"/>
    <link:label xlink:type="resource" xlink:label="label_PoliciesOnSocialConditionsAndLaborPracticesMember_3" xlink:role="http://www.xbrl.org/2003/role/label" xlink:title="label_PoliciesOnSocialConditionsAndLaborPracticesMember" xml:lang="es" id="label_PoliciesOnSocialConditionsAndLaborPracticesMember_3">Políticas sobre condiciones sociales y prácticas laborales</link:label>
    <link:labelArc xlink:type="arc" xlink:arcrole="http://www.xbrl.org/2003/arcrole/concept-label" xlink:from="PoliciesOnSocialConditionsAndLaborPracticesMember" xlink:to="label_PoliciesOnSocialConditionsAndLaborPracticesMember_3" xlink:title="label: PoliciesOnSocialConditionsAndLaborPracticesMember to label_PoliciesOnSocialConditionsAndLaborPracticesMember"/>
    <link:loc xlink:type="locator" xlink:href="mrv.xsd#mrv_PoliciesOnHumanRights" xlink:label="PoliciesOnHumanRights" xlink:title="PoliciesOnHumanRights"/>
    <link:label xlink:type="resource" xlink:label="label_PoliciesOnHumanRights_3" xlink:role="http://www.xbrl.org/2003/role/label" xlink:title="label_PoliciesOnHumanRights" xml:lang="es" id="label_PoliciesOnHumanRights_3">Políticas sobre derechos humanos</link:label>
    <link:labelArc xlink:type="arc" xlink:arcrole="http://www.xbrl.org/2003/arcrole/concept-label" xlink:from="PoliciesOnHumanRights" xlink:to="label_PoliciesOnHumanRights_3" xlink:title="label: PoliciesOnHumanRights to label_PoliciesOnHumanRights"/>
    <link:loc xlink:type="locator" xlink:href="mrv.xsd#mrv_PoliciesOnAntiCorruptionAndBriberyMember" xlink:label="PoliciesOnAntiCorruptionAndBriberyMember" xlink:title="PoliciesOnAntiCorruptionAndBriberyMember"/>
    <link:label xlink:type="resource" xlink:label="label_PoliciesOnAntiCorruptionAndBriberyMember_3" xlink:role="http://www.xbrl.org/2003/role/label" xlink:title="label_PoliciesOnAntiCorruptionAndBriberyMember" xml:lang="es" id="label_PoliciesOnAntiCorruptionAndBriberyMember_3">Políticas de lucha contra la corrupción y el soborno</link:label>
    <link:labelArc xlink:type="arc" xlink:arcrole="http://www.xbrl.org/2003/arcrole/concept-label" xlink:from="PoliciesOnAntiCorruptionAndBriberyMember" xlink:to="label_PoliciesOnAntiCorruptionAndBriberyMember_3" xlink:title="label: PoliciesOnAntiCorruptionAndBriberyMember to label_PoliciesOnAntiCorruptionAndBriberyMember"/>
    <link:loc xlink:type="locator" xlink:href="mrv.xsd#mrv_DescriptionOfPrincipalRiskInRelationToTheSignificantActivitiesOfEntityCorporateSocialResponsibility" xlink:label="DescriptionOfPrincipalRiskInRelationToTheSignificantActivitiesOfEntityCorporateSocialResponsibility" xlink:title="DescriptionOfPrincipalRiskInRelationToTheSignificantActivitiesOfEntityCorporateSocialResponsibility"/>
    <link:label xlink:type="resource" xlink:label="label_DescriptionOfPrincipalRiskInRelationToTheSignificantActivitiesOfEntityCorporateSocialResponsibility_3" xlink:role="http://www.xbrl.org/2003/role/label" xlink:title="label_DescriptionOfPrincipalRiskInRelationToTheSignificantActivitiesOfEntityCorporateSocialResponsibility" xml:lang="es" id="label_DescriptionOfPrincipalRiskInRelationToTheSignificantActivitiesOfEntityCorporateSocialResponsibility_3">Descripción de los riesgos principales en relación con las actividades más destacadas de la entidad, responsabilidad social corporativa</link:label>
    <link:labelArc xlink:type="arc" xlink:arcrole="http://www.xbrl.org/2003/arcrole/concept-label" xlink:from="DescriptionOfPrincipalRiskInRelationToTheSignificantActivitiesOfEntityCorporateSocialResponsibility" xlink:to="label_DescriptionOfPrincipalRiskInRelationToTheSignificantActivitiesOfEntityCorporateSocialResponsibility_3" xlink:title="label: DescriptionOfPrincipalRiskInRelationToTheSignificantActivitiesOfEntityCorporateSocialResponsibility to label_DescriptionOfPrincipalRiskInRelationToTheSignificantActivitiesOfEntityCorporateSocialResponsibility"/>
    <link:loc xlink:type="locator" xlink:href="mrv.xsd#mrv_DescriptionOfTheEntitysUseOfAnyNonFinancialKeyPerformanceIndicatorsCorporateSocialResponsibility" xlink:label="DescriptionOfTheEntitysUseOfAnyNonFinancialKeyPerformanceIndicatorsCorporateSocialResponsibility" xlink:title="DescriptionOfTheEntitysUseOfAnyNonFinancialKeyPerformanceIndicatorsCorporateSocialResponsibility"/>
    <link:label xlink:type="resource" xlink:label="label_DescriptionOfTheEntitysUseOfAnyNonFinancialKeyPerformanceIndicatorsCorporateSocialResponsibility_3" xlink:role="http://www.xbrl.org/2003/role/label" xlink:title="label_DescriptionOfTheEntitysUseOfAnyNonFinancialKeyPerformanceIndicatorsCorporateSocialResponsibility" xml:lang="es" id="label_DescriptionOfTheEntitysUseOfAnyNonFinancialKeyPerformanceIndicatorsCorporateSocialResponsibility_3">Descripción del uso por parte de la entidad de indicadores clave de rendimiento no financieros, responsabilidad social corporativa</link:label>
    <link:labelArc xlink:type="arc" xlink:arcrole="http://www.xbrl.org/2003/arcrole/concept-label" xlink:from="DescriptionOfTheEntitysUseOfAnyNonFinancialKeyPerformanceIndicatorsCorporateSocialResponsibility" xlink:to="label_DescriptionOfTheEntitysUseOfAnyNonFinancialKeyPerformanceIndicatorsCorporateSocialResponsibility_3" xlink:title="label: DescriptionOfTheEntitysUseOfAnyNonFinancialKeyPerformanceIndicatorsCorporateSocialResponsibility to label_DescriptionOfTheEntitysUseOfAnyNonFinancialKeyPerformanceIndicatorsCorporateSocialResponsibility"/>
    <link:loc xlink:type="locator" xlink:href="mrv.xsd#mrv_NameOfPolicyCorporateSocialResponsibility" xlink:label="NameOfPolicyCorporateSocialResponsibility" xlink:title="NameOfPolicyCorporateSocialResponsibility"/>
    <link:label xlink:type="resource" xlink:label="label_NameOfPolicyCorporateSocialResponsibility_3" xlink:role="http://www.xbrl.org/2003/role/label" xlink:title="label_NameOfPolicyCorporateSocialResponsibility" xml:lang="es" id="label_NameOfPolicyCorporateSocialResponsibility_3">Nombre de la política, responsabilidad social corporativa</link:label>
    <link:labelArc xlink:type="arc" xlink:arcrole="http://www.xbrl.org/2003/arcrole/concept-label" xlink:from="NameOfPolicyCorporateSocialResponsibility" xlink:to="label_NameOfPolicyCorporateSocialResponsibility_3" xlink:title="label: NameOfPolicyCorporateSocialResponsibility to label_NameOfPolicyCorporateSocialResponsibility"/>
    <link:loc xlink:type="locator" xlink:href="mrv.xsd#mrv_RelatedToManagementsReviewAbstract" xlink:label="RelatedToManagementsReviewAbstract" xlink:title="RelatedToManagementsReviewAbstract"/>
    <link:label xlink:type="resource" xlink:label="label_RelatedToManagementsReviewAbstract_3" xlink:role="http://www.xbrl.org/2003/role/label" xlink:title="label_RelatedToManagementsReviewAbstract" xml:lang="es" id="label_RelatedToManagementsReviewAbstract_3">En relación con la revisión de la Dirección</link:label>
    <link:labelArc xlink:type="arc" xlink:arcrole="http://www.xbrl.org/2003/arcrole/concept-label" xlink:from="RelatedToManagementsReviewAbstract" xlink:to="label_RelatedToManagementsReviewAbstract_3" xlink:title="label: RelatedToManagementsReviewAbstract to label_RelatedToManagementsReviewAbstract"/>
    <link:loc xlink:type="locator" xlink:href="mrv.xsd#mrv_ReportOnPaymentsToAuthorities" xlink:label="ReportOnPaymentsToAuthorities" xlink:title="ReportOnPaymentsToAuthorities"/>
    <link:label xlink:type="resource" xlink:label="label_ReportOnPaymentsToAuthorities_3" xlink:role="http://www.xbrl.org/2003/role/label" xlink:title="label_ReportOnPaymentsToAuthorities" xml:lang="es" id="label_ReportOnPaymentsToAuthorities_3">Informe sobre pagos a organismos públicos</link:label>
    <link:labelArc xlink:type="arc" xlink:arcrole="http://www.xbrl.org/2003/arcrole/concept-label" xlink:from="ReportOnPaymentsToAuthorities" xlink:to="label_ReportOnPaymentsToAuthorities_3" xlink:title="label: ReportOnPaymentsToAuthorities to label_ReportOnPaymentsToAuthorities"/>
    <link:loc xlink:type="locator" xlink:href="mrv.xsd#mrv_ManagementsReviewEtcAbstract" xlink:label="ManagementsReviewEtcAbstract" xlink:title="ManagementsReviewEtcAbstract"/>
    <link:label xlink:type="resource" xlink:label="label_ManagementsReviewEtcAbstract_3" xlink:role="http://www.xbrl.org/2003/role/label" xlink:title="label_ManagementsReviewEtcAbstract" xml:lang="es" id="label_ManagementsReviewEtcAbstract_3">Revisión de la Dirección, etc.</link:label>
    <link:labelArc xlink:type="arc" xlink:arcrole="http://www.xbrl.org/2003/arcrole/concept-label" xlink:from="ManagementsReviewEtcAbstract" xlink:to="label_ManagementsReviewEtcAbstract_3" xlink:title="label: ManagementsReviewEtcAbstract to label_ManagementsReviewEtcAbstract"/>
    <link:loc xlink:type="locator" xlink:href="mrv.xsd#mrv_ValueOfKeyFigureOrFinancialRatioMonetary" xlink:label="ValueOfKeyFigureOrFinancialRatioMonetary" xlink:title="ValueOfKeyFigureOrFinancialRatioMonetary"/>
    <link:label xlink:type="resource" xlink:label="label_ValueOfKeyFigureOrFinancialRatioMonetary_3" xlink:role="http://www.xbrl.org/2003/role/label" xlink:title="label_ValueOfKeyFigureOrFinancialRatioMonetary" xml:lang="es" id="label_ValueOfKeyFigureOrFinancialRatioMonetary_3">Valor de cifra clave o ratio financiero, monetario</link:label>
    <link:labelArc xlink:type="arc" xlink:arcrole="http://www.xbrl.org/2003/arcrole/concept-label" xlink:from="ValueOfKeyFigureOrFinancialRatioMonetary" xlink:to="label_ValueOfKeyFigureOrFinancialRatioMonetary_3" xlink:title="label: ValueOfKeyFigureOrFinancialRatioMonetary to label_ValueOfKeyFigureOrFinancialRatioMonetary"/>
  </link:labelLink>
</link:linkbase>
