<?xml version="1.0" encoding="UTF-8"?>
<!-- Generated by Fujitsu Interstage XWand B0217 -->
<?officialURI http://archprod.service.eogs.dk/taxonomy/20161001/mrv/mrv-lab-zh.xml?>

<?taxonomy-version 1.7.0?>

<link:linkbase xmlns:xsi="http://www.w3.org/2001/XMLSchema-instance" xsi:schemaLocation="http://www.xbrl.org/2003/linkbase http://www.xbrl.org/2003/xbrl-linkbase-2003-12-31.xsd" xmlns:mrv="http://xbrl.dcca.dk/mrv" xmlns:tax="http://xbrl.dcca.dk/tax" xmlns:tch="http://xbrl.dcca.dk/tch" xmlns:gen="http://xbrl.org/2008/generic" xmlns:ref="http://www.xbrl.org/2006/ref" xmlns:xbrldt="http://xbrl.org/2005/xbrldt" xmlns:nonnum="http://www.xbrl.org/dtr/type/non-numeric" xmlns:xl="http://www.xbrl.org/2003/XLink" xmlns:gsd="http://xbrl.dcca.dk/gsd" xmlns:dst="http://xbrl.dcca.dk/dst" xmlns:xsd="http://www.w3.org/2001/XMLSchema" xmlns:link="http://www.xbrl.org/2003/linkbase" xmlns:num="http://www.xbrl.org/dtr/type/numeric" xmlns:xlink="http://www.w3.org/1999/xlink" xmlns:fsa="http://xbrl.dcca.dk/fsa" xmlns:cmn="http://xbrl.dcca.dk/cmn" xmlns:label="http://xbrl.org/2008/label" xmlns:xbrli="http://www.xbrl.org/2003/instance">
  <link:labelLink xlink:type="extended" xlink:role="http://www.xbrl.org/2003/role/link">
    <link:loc xlink:type="locator" xlink:href="mrv.xsd#mrv_DescriptionOfAnyUncertaintyConnectedWithRecognitionOrMeasurement" xlink:label="DescriptionOfAnyUncertaintyConnectedWithRecognitionOrMeasurement"/>
    <link:label xlink:type="resource" xlink:label="label_DescriptionOfAnyUncertaintyConnectedWithRecognitionOrMeasurement" xlink:role="http://www.xbrl.org/2003/role/label" xml:lang="zh" id="label_DescriptionOfAnyUncertaintyConnectedWithRecognitionOrMeasurement">与确认或计量有关的任何不确定因素介绍</link:label>
    <link:labelArc xlink:type="arc" xlink:arcrole="http://www.xbrl.org/2003/arcrole/concept-label" xlink:from="DescriptionOfAnyUncertaintyConnectedWithRecognitionOrMeasurement" xlink:to="label_DescriptionOfAnyUncertaintyConnectedWithRecognitionOrMeasurement" order="10.0"/>
    <link:loc xlink:type="locator" xlink:href="mrv.xsd#mrv_DescriptionOfAnyUnusualMattersAffectingRecognitionOrMeasurement" xlink:label="DescriptionOfAnyUnusualMattersAffectingRecognitionOrMeasurement"/>
    <link:label xlink:type="resource" xlink:label="label_DescriptionOfAnyUnusualMattersAffectingRecognitionOrMeasurement" xlink:role="http://www.xbrl.org/2003/role/label" xml:lang="zh" id="label_DescriptionOfAnyUnusualMattersAffectingRecognitionOrMeasurement">影响确认或计量的任何异常情况介绍</link:label>
    <link:labelArc xlink:type="arc" xlink:arcrole="http://www.xbrl.org/2003/arcrole/concept-label" xlink:from="DescriptionOfAnyUnusualMattersAffectingRecognitionOrMeasurement" xlink:to="label_DescriptionOfAnyUnusualMattersAffectingRecognitionOrMeasurement" order="10.0"/>
    <link:loc xlink:type="locator" xlink:href="mrv.xsd#mrv_DescriptionOfAssessmentOfAchievedResultsOfWorkWithCommunity" xlink:label="DescriptionOfAssessmentOfAchievedResultsOfWorkWithCommunity"/>
    <link:label xlink:type="resource" xlink:label="label_DescriptionOfAssessmentOfAchievedResultsOfWorkWithCommunity" xlink:role="http://www.xbrl.org/2003/role/label" xml:lang="zh" id="label_DescriptionOfAssessmentOfAchievedResultsOfWorkWithCommunity">企业已承担社会责任评估介绍</link:label>
    <link:labelArc xlink:type="arc" xlink:arcrole="http://www.xbrl.org/2003/arcrole/concept-label" xlink:from="DescriptionOfAssessmentOfAchievedResultsOfWorkWithCommunity" xlink:to="label_DescriptionOfAssessmentOfAchievedResultsOfWorkWithCommunity" order="10.0"/>
    <link:loc xlink:type="locator" xlink:href="mrv.xsd#mrv_DescriptionOfAssumedSpecificPrerequisitesAndUncertainFactorsForAssessmentOfExpectedDevelopment" xlink:label="DescriptionOfAssumedSpecificPrerequisitesAndUncertainFactorsForAssessmentOfExpectedDevelopment"/>
    <link:label xlink:type="resource" xlink:label="label_DescriptionOfAssumedSpecificPrerequisitesAndUncertainFactorsForAssessmentOfExpectedDevelopment" xlink:role="http://www.xbrl.org/2003/role/label" xml:lang="zh" id="label_DescriptionOfAssumedSpecificPrerequisitesAndUncertainFactorsForAssessmentOfExpectedDevelopment">与预期发展评估有关的特定前提条件及不确定因素介绍</link:label>
    <link:labelArc xlink:type="arc" xlink:arcrole="http://www.xbrl.org/2003/arcrole/concept-label" xlink:from="DescriptionOfAssumedSpecificPrerequisitesAndUncertainFactorsForAssessmentOfExpectedDevelopment" xlink:to="label_DescriptionOfAssumedSpecificPrerequisitesAndUncertainFactorsForAssessmentOfExpectedDevelopment" order="10.0"/>
    <link:loc xlink:type="locator" xlink:href="mrv.xsd#mrv_DescriptionOfBranchesAbroad" xlink:label="DescriptionOfBranchesAbroad"/>
    <link:label xlink:type="resource" xlink:label="label_DescriptionOfBranchesAbroad" xlink:role="http://www.xbrl.org/2003/role/label" xml:lang="zh" id="label_DescriptionOfBranchesAbroad">海外分支机构介绍</link:label>
    <link:labelArc xlink:type="arc" xlink:arcrole="http://www.xbrl.org/2003/arcrole/concept-label" xlink:from="DescriptionOfBranchesAbroad" xlink:to="label_DescriptionOfBranchesAbroad" order="10.0"/>
    <link:loc xlink:type="locator" xlink:href="mrv.xsd#mrv_DescriptionOfDevelopmentInActivitiesAndFinancialAffairs" xlink:label="DescriptionOfDevelopmentInActivitiesAndFinancialAffairs"/>
    <link:label xlink:type="resource" xlink:label="label_DescriptionOfDevelopmentInActivitiesAndFinancialAffairs" xlink:role="http://www.xbrl.org/2003/role/label" xml:lang="zh" id="label_DescriptionOfDevelopmentInActivitiesAndFinancialAffairs">业务及财务状况发展介绍</link:label>
    <link:labelArc xlink:type="arc" xlink:arcrole="http://www.xbrl.org/2003/arcrole/concept-label" xlink:from="DescriptionOfDevelopmentInActivitiesAndFinancialAffairs" xlink:to="label_DescriptionOfDevelopmentInActivitiesAndFinancialAffairs" order="10.0"/>
    <link:loc xlink:type="locator" xlink:href="mrv.xsd#mrv_DescriptionOfEmployeeMatters" xlink:label="DescriptionOfEmployeeMatters"/>
    <link:label xlink:type="resource" xlink:label="label_DescriptionOfEmployeeMatters" xlink:role="http://www.xbrl.org/2003/role/label" xml:lang="zh" id="label_DescriptionOfEmployeeMatters">员工情况介绍</link:label>
    <link:labelArc xlink:type="arc" xlink:arcrole="http://www.xbrl.org/2003/arcrole/concept-label" xlink:from="DescriptionOfEmployeeMatters" xlink:to="label_DescriptionOfEmployeeMatters" order="10.0"/>
    <link:loc xlink:type="locator" xlink:href="mrv.xsd#mrv_DescriptionOfEnvironmentalMatters" xlink:label="DescriptionOfEnvironmentalMatters"/>
    <link:label xlink:type="resource" xlink:label="label_DescriptionOfEnvironmentalMatters" xlink:role="http://www.xbrl.org/2003/role/label" xml:lang="zh" id="label_DescriptionOfEnvironmentalMatters">环保情况介绍</link:label>
    <link:labelArc xlink:type="arc" xlink:arcrole="http://www.xbrl.org/2003/arcrole/concept-label" xlink:from="DescriptionOfEnvironmentalMatters" xlink:to="label_DescriptionOfEnvironmentalMatters" order="10.0"/>
    <link:loc xlink:type="locator" xlink:href="mrv.xsd#mrv_DescriptionOfExpectationsForFutureWorkWithCommunity" xlink:label="DescriptionOfExpectationsForFutureWorkWithCommunity"/>
    <link:label xlink:type="resource" xlink:label="label_DescriptionOfExpectationsForFutureWorkWithCommunity" xlink:role="http://www.xbrl.org/2003/role/label" xml:lang="zh" id="label_DescriptionOfExpectationsForFutureWorkWithCommunity">未来对承担企业社会责任的预期情况</link:label>
    <link:labelArc xlink:type="arc" xlink:arcrole="http://www.xbrl.org/2003/arcrole/concept-label" xlink:from="DescriptionOfExpectationsForFutureWorkWithCommunity" xlink:to="label_DescriptionOfExpectationsForFutureWorkWithCommunity" order="10.0"/>
    <link:loc xlink:type="locator" xlink:href="mrv.xsd#mrv_DescriptionOfExpectedDevelopment" xlink:label="DescriptionOfExpectedDevelopment"/>
    <link:label xlink:type="resource" xlink:label="label_DescriptionOfExpectedDevelopment" xlink:role="http://www.xbrl.org/2003/role/label" xml:lang="zh" id="label_DescriptionOfExpectedDevelopment">预期发展介绍</link:label>
    <link:labelArc xlink:type="arc" xlink:arcrole="http://www.xbrl.org/2003/arcrole/concept-label" xlink:from="DescriptionOfExpectedDevelopment" xlink:to="label_DescriptionOfExpectedDevelopment" order="10.0"/>
    <link:loc xlink:type="locator" xlink:href="mrv.xsd#mrv_DescriptionOfImpactOnExternalEnvironmentAndMeasuresOfPreventingReducingOrMitigatingDamage" xlink:label="DescriptionOfImpactOnExternalEnvironmentAndMeasuresOfPreventingReducingOrMitigatingDamage"/>
    <link:label xlink:type="resource" xlink:label="label_DescriptionOfImpactOnExternalEnvironmentAndMeasuresOfPreventingReducingOrMitigatingDamage" xlink:role="http://www.xbrl.org/2003/role/label" xml:lang="zh" id="label_DescriptionOfImpactOnExternalEnvironmentAndMeasuresOfPreventingReducingOrMitigatingDamage">对外部环境的影响以及用于预防、减少或减轻影响的措施介绍</link:label>
    <link:labelArc xlink:type="arc" xlink:arcrole="http://www.xbrl.org/2003/arcrole/concept-label" xlink:from="DescriptionOfImpactOnExternalEnvironmentAndMeasuresOfPreventingReducingOrMitigatingDamage" xlink:to="label_DescriptionOfImpactOnExternalEnvironmentAndMeasuresOfPreventingReducingOrMitigatingDamage" order="10.0"/>
    <link:loc xlink:type="locator" xlink:href="mrv.xsd#mrv_DescriptionOfKeyFiguresAndFinancialRatios" xlink:label="DescriptionOfKeyFiguresAndFinancialRatios"/>
    <link:label xlink:type="resource" xlink:label="label_DescriptionOfKeyFiguresAndFinancialRatios" xlink:role="http://www.xbrl.org/2003/role/label" xml:lang="zh" id="label_DescriptionOfKeyFiguresAndFinancialRatios">关键数据及财务比率介绍</link:label>
    <link:labelArc xlink:type="arc" xlink:arcrole="http://www.xbrl.org/2003/arcrole/concept-label" xlink:from="DescriptionOfKeyFiguresAndFinancialRatios" xlink:to="label_DescriptionOfKeyFiguresAndFinancialRatios" order="10.0"/>
    <link:loc xlink:type="locator" xlink:href="mrv.xsd#mrv_DescriptionOfKnowledgeResources" xlink:label="DescriptionOfKnowledgeResources"/>
    <link:label xlink:type="resource" xlink:label="label_DescriptionOfKnowledgeResources" xlink:role="http://www.xbrl.org/2003/role/label" xml:lang="zh" id="label_DescriptionOfKnowledgeResources">知识来源介绍</link:label>
    <link:labelArc xlink:type="arc" xlink:arcrole="http://www.xbrl.org/2003/arcrole/concept-label" xlink:from="DescriptionOfKnowledgeResources" xlink:to="label_DescriptionOfKnowledgeResources" order="10.0"/>
    <link:loc xlink:type="locator" xlink:href="mrv.xsd#mrv_DescriptionOfMethodsAndMeasurementBasisUsedForPreparationOfSupplementaryReports" xlink:label="DescriptionOfMethodsAndMeasurementBasisUsedForPreparationOfSupplementaryReports"/>
    <link:label xlink:type="resource" xlink:label="label_DescriptionOfMethodsAndMeasurementBasisUsedForPreparationOfSupplementaryReports" xlink:role="http://www.xbrl.org/2003/role/label" xml:lang="zh" id="label_DescriptionOfMethodsAndMeasurementBasisUsedForPreparationOfSupplementaryReports">用于准备补充报告的方法和计量基础介绍</link:label>
    <link:labelArc xlink:type="arc" xlink:arcrole="http://www.xbrl.org/2003/arcrole/concept-label" xlink:from="DescriptionOfMethodsAndMeasurementBasisUsedForPreparationOfSupplementaryReports" xlink:to="label_DescriptionOfMethodsAndMeasurementBasisUsedForPreparationOfSupplementaryReports" order="10.0"/>
    <link:loc xlink:type="locator" xlink:href="mrv.xsd#mrv_DescriptionOfNetProfitRelationToExpectedDevelopmentAssumedInPreviousReport" xlink:label="DescriptionOfNetProfitRelationToExpectedDevelopmentAssumedInPreviousReport"/>
    <link:label xlink:type="resource" xlink:label="label_DescriptionOfNetProfitRelationToExpectedDevelopmentAssumedInPreviousReport" xlink:role="http://www.xbrl.org/2003/role/label" xml:lang="zh" id="label_DescriptionOfNetProfitRelationToExpectedDevelopmentAssumedInPreviousReport">与前期报告中设定的预期发展相比产生的净利润（亏损） 介绍</link:label>
    <link:labelArc xlink:type="arc" xlink:arcrole="http://www.xbrl.org/2003/arcrole/concept-label" xlink:from="DescriptionOfNetProfitRelationToExpectedDevelopmentAssumedInPreviousReport" xlink:to="label_DescriptionOfNetProfitRelationToExpectedDevelopmentAssumedInPreviousReport" order="10.0"/>
    <link:loc xlink:type="locator" xlink:href="mrv.xsd#mrv_DescriptionOfNon-FinancialFactorsRelevantToSpecificActivities" xlink:label="DescriptionOfNon-FinancialFactorsRelevantToSpecificActivities"/>
    <link:label xlink:type="resource" xlink:label="label_DescriptionOfNon-FinancialFactorsRelevantToSpecificActivities" xlink:role="http://www.xbrl.org/2003/role/label" xml:lang="zh" id="label_DescriptionOfNon-FinancialFactorsRelevantToSpecificActivities">与特别业务有关的非财务因素介绍</link:label>
    <link:labelArc xlink:type="arc" xlink:arcrole="http://www.xbrl.org/2003/arcrole/concept-label" xlink:from="DescriptionOfNon-FinancialFactorsRelevantToSpecificActivities" xlink:to="label_DescriptionOfNon-FinancialFactorsRelevantToSpecificActivities" order="10.0"/>
    <link:loc xlink:type="locator" xlink:href="mrv.xsd#mrv_DescriptionOfOtherKeyFiguresAndFinancialRatios" xlink:label="DescriptionOfOtherKeyFiguresAndFinancialRatios"/>
    <link:label xlink:type="resource" xlink:label="label_DescriptionOfOtherKeyFiguresAndFinancialRatios" xlink:role="http://www.xbrl.org/2003/role/label" xml:lang="zh" id="label_DescriptionOfOtherKeyFiguresAndFinancialRatios">其他关键数据及财务比率介绍</link:label>
    <link:labelArc xlink:type="arc" xlink:arcrole="http://www.xbrl.org/2003/arcrole/concept-label" xlink:from="DescriptionOfOtherKeyFiguresAndFinancialRatios" xlink:to="label_DescriptionOfOtherKeyFiguresAndFinancialRatios" order="10.0"/>
    <link:loc xlink:type="locator" xlink:href="mrv.xsd#mrv_DescriptionOfPoliciesOnSocialResponsibility" xlink:label="DescriptionOfPoliciesOnSocialResponsibility"/>
    <link:label xlink:type="resource" xlink:label="label_DescriptionOfPoliciesOnSocialResponsibility" xlink:role="http://www.xbrl.org/2003/role/label" xml:lang="zh" id="label_DescriptionOfPoliciesOnSocialResponsibility">企业社会责任政策介绍</link:label>
    <link:labelArc xlink:type="arc" xlink:arcrole="http://www.xbrl.org/2003/arcrole/concept-label" xlink:from="DescriptionOfPoliciesOnSocialResponsibility" xlink:to="label_DescriptionOfPoliciesOnSocialResponsibility" order="10.0"/>
    <link:loc xlink:type="locator" xlink:href="mrv.xsd#mrv_DescriptionOfPrimaryActivitiesOfEntity" xlink:label="DescriptionOfPrimaryActivitiesOfEntity"/>
    <link:label xlink:type="resource" xlink:label="label_DescriptionOfPrimaryActivitiesOfEntity" xlink:role="http://www.xbrl.org/2003/role/label" xml:lang="zh" id="label_DescriptionOfPrimaryActivitiesOfEntity">实体主要业务介绍</link:label>
    <link:labelArc xlink:type="arc" xlink:arcrole="http://www.xbrl.org/2003/arcrole/concept-label" xlink:from="DescriptionOfPrimaryActivitiesOfEntity" xlink:to="label_DescriptionOfPrimaryActivitiesOfEntity" order="10.0"/>
    <link:loc xlink:type="locator" xlink:href="mrv.xsd#mrv_DescriptionOfResearchAndDevelopmentActivitiesInAndForReportingEntity" xlink:label="DescriptionOfResearchAndDevelopmentActivitiesInAndForReportingEntity"/>
    <link:label xlink:type="resource" xlink:label="label_DescriptionOfResearchAndDevelopmentActivitiesInAndForReportingEntity" xlink:role="http://www.xbrl.org/2003/role/label" xml:lang="zh" id="label_DescriptionOfResearchAndDevelopmentActivitiesInAndForReportingEntity">报告实体内部或报告实体发起的研发介绍</link:label>
    <link:labelArc xlink:type="arc" xlink:arcrole="http://www.xbrl.org/2003/arcrole/concept-label" xlink:from="DescriptionOfResearchAndDevelopmentActivitiesInAndForReportingEntity" xlink:to="label_DescriptionOfResearchAndDevelopmentActivitiesInAndForReportingEntity" order="10.0"/>
    <link:loc xlink:type="locator" xlink:href="mrv.xsd#mrv_DescriptionOfSignificantChangesInBusinessAndEconomicConditions" xlink:label="DescriptionOfSignificantChangesInBusinessAndEconomicConditions"/>
    <link:label xlink:type="resource" xlink:label="label_DescriptionOfSignificantChangesInBusinessAndEconomicConditions" xlink:role="http://www.xbrl.org/2003/role/label" xml:lang="zh" id="label_DescriptionOfSignificantChangesInBusinessAndEconomicConditions">业务与经济条件上的重大变化介绍</link:label>
    <link:labelArc xlink:type="arc" xlink:arcrole="http://www.xbrl.org/2003/arcrole/concept-label" xlink:from="DescriptionOfSignificantChangesInBusinessAndEconomicConditions" xlink:to="label_DescriptionOfSignificantChangesInBusinessAndEconomicConditions" order="10.0"/>
    <link:loc xlink:type="locator" xlink:href="mrv.xsd#mrv_DescriptionOfSignificantEventsOccurringAfterEndOfReportingPeriod" xlink:label="DescriptionOfSignificantEventsOccurringAfterEndOfReportingPeriod"/>
    <link:label xlink:type="resource" xlink:label="label_DescriptionOfSignificantEventsOccurringAfterEndOfReportingPeriod" xlink:role="http://www.xbrl.org/2003/role/label" xml:lang="zh" id="label_DescriptionOfSignificantEventsOccurringAfterEndOfReportingPeriod">报表期结束后将发生的重大事件介绍</link:label>
    <link:labelArc xlink:type="arc" xlink:arcrole="http://www.xbrl.org/2003/arcrole/concept-label" xlink:from="DescriptionOfSignificantEventsOccurringAfterEndOfReportingPeriod" xlink:to="label_DescriptionOfSignificantEventsOccurringAfterEndOfReportingPeriod" order="10.0"/>
    <link:loc xlink:type="locator" xlink:href="mrv.xsd#mrv_DescriptionOfSpecificRisksInAdditionToCommonlyOccurringHazardsInIndustry" xlink:label="DescriptionOfSpecificRisksInAdditionToCommonlyOccurringHazardsInIndustry"/>
    <link:label xlink:type="resource" xlink:label="label_DescriptionOfSpecificRisksInAdditionToCommonlyOccurringHazardsInIndustry" xlink:role="http://www.xbrl.org/2003/role/label" xml:lang="zh" id="label_DescriptionOfSpecificRisksInAdditionToCommonlyOccurringHazardsInIndustry">企业常规风险以外的特殊风险介绍</link:label>
    <link:labelArc xlink:type="arc" xlink:arcrole="http://www.xbrl.org/2003/arcrole/concept-label" xlink:from="DescriptionOfSpecificRisksInAdditionToCommonlyOccurringHazardsInIndustry" xlink:to="label_DescriptionOfSpecificRisksInAdditionToCommonlyOccurringHazardsInIndustry" order="10.0"/>
    <link:loc xlink:type="locator" xlink:href="mrv.xsd#mrv_DescriptionOfStandardsGuidelinesAndPrinciplesOfCorporateSocialResponsibility" xlink:label="DescriptionOfStandardsGuidelinesAndPrinciplesOfCorporateSocialResponsibility"/>
    <link:label xlink:type="resource" xlink:label="label_DescriptionOfStandardsGuidelinesAndPrinciplesOfCorporateSocialResponsibility" xlink:role="http://www.xbrl.org/2003/role/label" xml:lang="zh" id="label_DescriptionOfStandardsGuidelinesAndPrinciplesOfCorporateSocialResponsibility">企业社会责任的标准、方针及原则介绍</link:label>
    <link:labelArc xlink:type="arc" xlink:arcrole="http://www.xbrl.org/2003/arcrole/concept-label" xlink:from="DescriptionOfStandardsGuidelinesAndPrinciplesOfCorporateSocialResponsibility" xlink:to="label_DescriptionOfStandardsGuidelinesAndPrinciplesOfCorporateSocialResponsibility" order="10.0"/>
    <link:loc xlink:type="locator" xlink:href="mrv.xsd#mrv_DescriptionOfSystemsAndProceduresOfTranslatingCorporateSocialResponsibilityPoliciesIntoAction" xlink:label="DescriptionOfSystemsAndProceduresOfTranslatingCorporateSocialResponsibilityPoliciesIntoAction"/>
    <link:label xlink:type="resource" xlink:label="label_DescriptionOfSystemsAndProceduresOfTranslatingCorporateSocialResponsibilityPoliciesIntoAction" xlink:role="http://www.xbrl.org/2003/role/label" xml:lang="zh" id="label_DescriptionOfSystemsAndProceduresOfTranslatingCorporateSocialResponsibilityPoliciesIntoAction">企业将社会责任政策转化成实际行动的机制与流程介绍</link:label>
    <link:labelArc xlink:type="arc" xlink:arcrole="http://www.xbrl.org/2003/arcrole/concept-label" xlink:from="DescriptionOfSystemsAndProceduresOfTranslatingCorporateSocialResponsibilityPoliciesIntoAction" xlink:to="label_DescriptionOfSystemsAndProceduresOfTranslatingCorporateSocialResponsibilityPoliciesIntoAction" order="10.0"/>
    <link:loc xlink:type="locator" xlink:href="mrv.xsd#mrv_DescriptionOfTranslatingCorporateSocialResponsibilityPoliciesIntoAction" xlink:label="DescriptionOfTranslatingCorporateSocialResponsibilityPoliciesIntoAction"/>
    <link:label xlink:type="resource" xlink:label="label_DescriptionOfTranslatingCorporateSocialResponsibilityPoliciesIntoAction" xlink:role="http://www.xbrl.org/2003/role/label" xml:lang="zh" id="label_DescriptionOfTranslatingCorporateSocialResponsibilityPoliciesIntoAction">企业将社会责任政策转化成实际行动介绍</link:label>
    <link:labelArc xlink:type="arc" xlink:arcrole="http://www.xbrl.org/2003/arcrole/concept-label" xlink:from="DescriptionOfTranslatingCorporateSocialResponsibilityPoliciesIntoAction" xlink:to="label_DescriptionOfTranslatingCorporateSocialResponsibilityPoliciesIntoAction" order="10.0"/>
    <link:loc xlink:type="locator" xlink:href="mrv.xsd#mrv_DetailsOnKeyFiguresAndFinancialRatiosAbstract" xlink:label="DetailsOnKeyFiguresAndFinancialRatiosAbstract"/>
    <link:label xlink:type="resource" xlink:label="label_DetailsOnKeyFiguresAndFinancialRatiosAbstract" xlink:role="http://www.xbrl.org/2003/role/label" xml:lang="zh" id="label_DetailsOnKeyFiguresAndFinancialRatiosAbstract">关键数据及财务比率详情</link:label>
    <link:labelArc xlink:type="arc" xlink:arcrole="http://www.xbrl.org/2003/arcrole/concept-label" xlink:from="DetailsOnKeyFiguresAndFinancialRatiosAbstract" xlink:to="label_DetailsOnKeyFiguresAndFinancialRatiosAbstract" order="10.0"/>
    <link:loc xlink:type="locator" xlink:href="mrv.xsd#mrv_DetailsOnKeyFiguresAndFinancialRatiosHypercube" xlink:label="DetailsOnKeyFiguresAndFinancialRatiosHypercube"/>
    <link:label xlink:type="resource" xlink:label="label_DetailsOnKeyFiguresAndFinancialRatiosHypercube" xlink:role="http://www.xbrl.org/2003/role/label" xml:lang="zh" id="label_DetailsOnKeyFiguresAndFinancialRatiosHypercube">关键数据及财务比率详情</link:label>
    <link:labelArc xlink:type="arc" xlink:arcrole="http://www.xbrl.org/2003/arcrole/concept-label" xlink:from="DetailsOnKeyFiguresAndFinancialRatiosHypercube" xlink:to="label_DetailsOnKeyFiguresAndFinancialRatiosHypercube" order="10.0"/>
    <link:loc xlink:type="locator" xlink:href="mrv.xsd#mrv_DetailsOnOtherKeyFiguresAndFinancialRatiosAbstract" xlink:label="DetailsOnOtherKeyFiguresAndFinancialRatiosAbstract"/>
    <link:label xlink:type="resource" xlink:label="label_DetailsOnOtherKeyFiguresAndFinancialRatiosAbstract" xlink:role="http://www.xbrl.org/2003/role/label" xml:lang="zh" id="label_DetailsOnOtherKeyFiguresAndFinancialRatiosAbstract">其他关键数据及财务比率详情</link:label>
    <link:labelArc xlink:type="arc" xlink:arcrole="http://www.xbrl.org/2003/arcrole/concept-label" xlink:from="DetailsOnOtherKeyFiguresAndFinancialRatiosAbstract" xlink:to="label_DetailsOnOtherKeyFiguresAndFinancialRatiosAbstract" order="10.0"/>
    <link:loc xlink:type="locator" xlink:href="mrv.xsd#mrv_DetailsOnOtherKeyFiguresAndFinancialRatiosHypercube" xlink:label="DetailsOnOtherKeyFiguresAndFinancialRatiosHypercube"/>
    <link:label xlink:type="resource" xlink:label="label_DetailsOnOtherKeyFiguresAndFinancialRatiosHypercube" xlink:role="http://www.xbrl.org/2003/role/label" xml:lang="zh" id="label_DetailsOnOtherKeyFiguresAndFinancialRatiosHypercube">其他关键数据及财务比率详情</link:label>
    <link:labelArc xlink:type="arc" xlink:arcrole="http://www.xbrl.org/2003/arcrole/concept-label" xlink:from="DetailsOnOtherKeyFiguresAndFinancialRatiosHypercube" xlink:to="label_DetailsOnOtherKeyFiguresAndFinancialRatiosHypercube" order="10.0"/>
    <link:loc xlink:type="locator" xlink:href="mrv.xsd#mrv_EmployeeTurnover" xlink:label="EmployeeTurnover"/>
    <link:label xlink:type="resource" xlink:label="label_EmployeeTurnover" xlink:role="http://www.xbrl.org/2003/role/label" xml:lang="zh" id="label_EmployeeTurnover">员工平均收入</link:label>
    <link:labelArc xlink:type="arc" xlink:arcrole="http://www.xbrl.org/2003/arcrole/concept-label" xlink:from="EmployeeTurnover" xlink:to="label_EmployeeTurnover" order="10.0"/>
    <link:loc xlink:type="locator" xlink:href="mrv.xsd#mrv_ExplanationThatEntityHasNoPoliciesOnSocialResponsibility" xlink:label="ExplanationThatEntityHasNoPoliciesOnSocialResponsibility"/>
    <link:label xlink:type="resource" xlink:label="label_ExplanationThatEntityHasNoPoliciesOnSocialResponsibility" xlink:role="http://www.xbrl.org/2003/role/label" xml:lang="zh" id="label_ExplanationThatEntityHasNoPoliciesOnSocialResponsibility">解释该实体未实施企业社会责任政策</link:label>
    <link:labelArc xlink:type="arc" xlink:arcrole="http://www.xbrl.org/2003/arcrole/concept-label" xlink:from="ExplanationThatEntityHasNoPoliciesOnSocialResponsibility" xlink:to="label_ExplanationThatEntityHasNoPoliciesOnSocialResponsibility" order="10.0"/>
    <link:loc xlink:type="locator" xlink:href="mrv.xsd#mrv_FinancialGearing" xlink:label="FinancialGearing"/>
    <link:label xlink:type="resource" xlink:label="label_FinancialGearing" xlink:role="http://www.xbrl.org/2003/role/label" xml:lang="zh" id="label_FinancialGearing">财务杠杆</link:label>
    <link:labelArc xlink:type="arc" xlink:arcrole="http://www.xbrl.org/2003/arcrole/concept-label" xlink:from="FinancialGearing" xlink:to="label_FinancialGearing" order="10.0"/>
    <link:loc xlink:type="locator" xlink:href="mrv.xsd#mrv_GrossMargin" xlink:label="GrossMargin"/>
    <link:label xlink:type="resource" xlink:label="label_GrossMargin" xlink:role="http://www.xbrl.org/2003/role/label" xml:lang="zh" id="label_GrossMargin">毛利率</link:label>
    <link:labelArc xlink:type="arc" xlink:arcrole="http://www.xbrl.org/2003/arcrole/concept-label" xlink:from="GrossMargin" xlink:to="label_GrossMargin" order="10.0"/>
    <link:loc xlink:type="locator" xlink:href="mrv.xsd#mrv_IdentificationOfKeyFigureOrFinancialRatioDimension" xlink:label="IdentificationOfKeyFigureOrFinancialRatioDimension"/>
    <link:label xlink:type="resource" xlink:label="label_IdentificationOfKeyFigureOrFinancialRatioDimension" xlink:role="http://www.xbrl.org/2003/role/label" xml:lang="zh" id="label_IdentificationOfKeyFigureOrFinancialRatioDimension">关键数据或财务比率鉴别</link:label>
    <link:labelArc xlink:type="arc" xlink:arcrole="http://www.xbrl.org/2003/arcrole/concept-label" xlink:from="IdentificationOfKeyFigureOrFinancialRatioDimension" xlink:to="label_IdentificationOfKeyFigureOrFinancialRatioDimension" order="10.0"/>
    <link:loc xlink:type="locator" xlink:href="mrv.xsd#mrv_InformationOnCalculationOfKeyFiguresAndFinancialRatios" xlink:label="InformationOnCalculationOfKeyFiguresAndFinancialRatios"/>
    <link:label xlink:type="resource" xlink:label="label_InformationOnCalculationOfKeyFiguresAndFinancialRatios" xlink:role="http://www.xbrl.org/2003/role/label" xml:lang="zh" id="label_InformationOnCalculationOfKeyFiguresAndFinancialRatios">关键数据及财务比率计算信息</link:label>
    <link:labelArc xlink:type="arc" xlink:arcrole="http://www.xbrl.org/2003/arcrole/concept-label" xlink:from="InformationOnCalculationOfKeyFiguresAndFinancialRatios" xlink:to="label_InformationOnCalculationOfKeyFiguresAndFinancialRatios" order="10.0"/>
    <link:loc xlink:type="locator" xlink:href="mrv.xsd#mrv_ManagementsReview" xlink:label="ManagementsReview"/>
    <link:label xlink:type="resource" xlink:label="label_ManagementsReview" xlink:role="http://www.xbrl.org/2003/role/label" xml:lang="zh" id="label_ManagementsReview">管理层复核</link:label>
    <link:labelArc xlink:type="arc" xlink:arcrole="http://www.xbrl.org/2003/arcrole/concept-label" xlink:from="ManagementsReview" xlink:to="label_ManagementsReview" order="10.0"/>
    <link:loc xlink:type="locator" xlink:href="mrv.xsd#mrv_NameOfKeyFigureOrFinancialRatio" xlink:label="NameOfKeyFigureOrFinancialRatio"/>
    <link:label xlink:type="resource" xlink:label="label_NameOfKeyFigureOrFinancialRatio" xlink:role="http://www.xbrl.org/2003/role/label" xml:lang="zh" id="label_NameOfKeyFigureOrFinancialRatio">关键数据或财务比率名称</link:label>
    <link:labelArc xlink:type="arc" xlink:arcrole="http://www.xbrl.org/2003/arcrole/concept-label" xlink:from="NameOfKeyFigureOrFinancialRatio" xlink:to="label_NameOfKeyFigureOrFinancialRatio" order="10.0"/>
    <link:loc xlink:type="locator" xlink:href="mrv.xsd#mrv_OperatingMargin" xlink:label="OperatingMargin"/>
    <link:label xlink:type="resource" xlink:label="label_OperatingMargin" xlink:role="http://www.xbrl.org/2003/role/label" xml:lang="zh" id="label_OperatingMargin">营业利润率</link:label>
    <link:labelArc xlink:type="arc" xlink:arcrole="http://www.xbrl.org/2003/arcrole/concept-label" xlink:from="OperatingMargin" xlink:to="label_OperatingMargin" order="10.0"/>
    <link:loc xlink:type="locator" xlink:href="mrv.xsd#mrv_RetrospectiveInformationFromLastFiveYearsAbstract" xlink:label="RetrospectiveInformationFromLastFiveYearsAbstract"/>
    <link:label xlink:type="resource" xlink:label="label_RetrospectiveInformationFromLastFiveYearsAbstract" xlink:role="http://www.xbrl.org/2003/role/label" xml:lang="zh" id="label_RetrospectiveInformationFromLastFiveYearsAbstract">过去五年来的追溯信息</link:label>
    <link:labelArc xlink:type="arc" xlink:arcrole="http://www.xbrl.org/2003/arcrole/concept-label" xlink:from="RetrospectiveInformationFromLastFiveYearsAbstract" xlink:to="label_RetrospectiveInformationFromLastFiveYearsAbstract" order="10.0"/>
    <link:loc xlink:type="locator" xlink:href="mrv.xsd#mrv_ReturnOnCapitalEmployed" xlink:label="ReturnOnCapitalEmployed"/>
    <link:label xlink:type="resource" xlink:label="label_ReturnOnCapitalEmployed" xlink:role="http://www.xbrl.org/2003/role/label" xml:lang="zh" id="label_ReturnOnCapitalEmployed">动用资本回报率</link:label>
    <link:labelArc xlink:type="arc" xlink:arcrole="http://www.xbrl.org/2003/arcrole/concept-label" xlink:from="ReturnOnCapitalEmployed" xlink:to="label_ReturnOnCapitalEmployed" order="10.0"/>
    <link:loc xlink:type="locator" xlink:href="mrv.xsd#mrv_ReturnOnEquity" xlink:label="ReturnOnEquity"/>
    <link:label xlink:type="resource" xlink:label="label_ReturnOnEquity" xlink:role="http://www.xbrl.org/2003/role/label" xml:lang="zh" id="label_ReturnOnEquity">股权回报率</link:label>
    <link:labelArc xlink:type="arc" xlink:arcrole="http://www.xbrl.org/2003/arcrole/concept-label" xlink:from="ReturnOnEquity" xlink:to="label_ReturnOnEquity" order="10.0"/>
    <link:loc xlink:type="locator" xlink:href="mrv.xsd#mrv_ReturnOnInvestedCapital" xlink:label="ReturnOnInvestedCapital"/>
    <link:label xlink:type="resource" xlink:label="label_ReturnOnInvestedCapital" xlink:role="http://www.xbrl.org/2003/role/label" xml:lang="zh" id="label_ReturnOnInvestedCapital">投资资本回报率</link:label>
    <link:labelArc xlink:type="arc" xlink:arcrole="http://www.xbrl.org/2003/arcrole/concept-label" xlink:from="ReturnOnInvestedCapital" xlink:to="label_ReturnOnInvestedCapital" order="10.0"/>
    <link:loc xlink:type="locator" xlink:href="mrv.xsd#mrv_SolvencyRatio" xlink:label="SolvencyRatio"/>
    <link:label xlink:type="resource" xlink:label="label_SolvencyRatio" xlink:role="http://www.xbrl.org/2003/role/label" xml:lang="zh" id="label_SolvencyRatio">偿债能力比率</link:label>
    <link:labelArc xlink:type="arc" xlink:arcrole="http://www.xbrl.org/2003/arcrole/concept-label" xlink:from="SolvencyRatio" xlink:to="label_SolvencyRatio" order="10.0"/>
    <link:loc xlink:type="locator" xlink:href="mrv.xsd#mrv_StatementOfCorporateSocialResponsibility" xlink:label="StatementOfCorporateSocialResponsibility"/>
    <link:label xlink:type="resource" xlink:label="label_StatementOfCorporateSocialResponsibility" xlink:role="http://www.xbrl.org/2003/role/label" xml:lang="zh" id="label_StatementOfCorporateSocialResponsibility">企业社会责任声明</link:label>
    <link:labelArc xlink:type="arc" xlink:arcrole="http://www.xbrl.org/2003/arcrole/concept-label" xlink:from="StatementOfCorporateSocialResponsibility" xlink:to="label_StatementOfCorporateSocialResponsibility" order="10.0"/>
    <link:loc xlink:type="locator" xlink:href="mrv.xsd#mrv_SupplementaryReports" xlink:label="SupplementaryReports"/>
    <link:label xlink:type="resource" xlink:label="label_SupplementaryReports" xlink:role="http://www.xbrl.org/2003/role/label" xml:lang="zh" id="label_SupplementaryReports">补充报告</link:label>
    <link:labelArc xlink:type="arc" xlink:arcrole="http://www.xbrl.org/2003/arcrole/concept-label" xlink:from="SupplementaryReports" xlink:to="label_SupplementaryReports" order="10.0"/>
    <link:loc xlink:type="locator" xlink:href="mrv.xsd#mrv_ValueOfKeyFigureOrFinancialRatio" xlink:label="ValueOfKeyFigureOrFinancialRatio"/>
    <link:label xlink:type="resource" xlink:label="label_ValueOfKeyFigureOrFinancialRatio" xlink:role="http://www.xbrl.org/2003/role/label" xml:lang="zh" id="label_ValueOfKeyFigureOrFinancialRatio">关键数据值或财务比率</link:label>
    <link:labelArc xlink:type="arc" xlink:arcrole="http://www.xbrl.org/2003/arcrole/concept-label" xlink:from="ValueOfKeyFigureOrFinancialRatio" xlink:to="label_ValueOfKeyFigureOrFinancialRatio" order="10.0"/>
    <link:loc xlink:type="locator" xlink:href="mrv.xsd#mrv_DescriptionOfGroupRelations" xlink:label="DescriptionOfGroupRelations"/>
    <link:label xlink:type="resource" xlink:label="label_DescriptionOfGroupRelations" xlink:role="http://www.xbrl.org/2003/role/label" xml:lang="zh" id="label_DescriptionOfGroupRelations">集团关系介绍</link:label>
    <link:labelArc xlink:type="arc" xlink:arcrole="http://www.xbrl.org/2003/arcrole/concept-label" xlink:from="DescriptionOfGroupRelations" xlink:to="label_DescriptionOfGroupRelations" order="10.0"/>
    <link:loc xlink:type="locator" xlink:href="mrv.xsd#mrv_EquityRatio" xlink:label="EquityRatio"/>
    <link:label xlink:type="resource" xlink:label="label_EquityRatio_2" xlink:role="http://www.xbrl.org/2003/role/label" xml:lang="zh" id="label_EquityRatio_2">股权比率</link:label>
    <link:labelArc xlink:type="arc" xlink:arcrole="http://www.xbrl.org/2003/arcrole/concept-label" xlink:from="EquityRatio" xlink:to="label_EquityRatio_2" order="10.0"/>
    <link:loc xlink:type="locator" xlink:href="mrv.xsd#mrv_LinkToStatementOfCorporateSocialResponsibility" xlink:label="LinkToStatementOfCorporateSocialResponsibility" xlink:title="LinkToStatementOfCorporateSocialResponsibility"/>
    <link:label xlink:type="resource" xlink:label="label_LinkToStatementOfCorporateSocialResponsibility_5" xlink:role="http://www.xbrl.org/2003/role/label" xlink:title="label_LinkToStatementOfCorporateSocialResponsibility" xml:lang="zh" id="label_LinkToStatementOfCorporateSocialResponsibility_5">链接企业社会责任声明</link:label>
    <link:labelArc xlink:type="arc" xlink:arcrole="http://www.xbrl.org/2003/arcrole/concept-label" xlink:from="LinkToStatementOfCorporateSocialResponsibility" xlink:to="label_LinkToStatementOfCorporateSocialResponsibility_5" xlink:title="label: LinkToStatementOfCorporateSocialResponsibility to label_LinkToStatementOfCorporateSocialResponsibility"/>
    <link:loc xlink:type="locator" xlink:href="mrv.xsd#mrv_CorporateGovernanceReport" xlink:label="CorporateGovernanceReport" xlink:title="CorporateGovernanceReport"/>
    <link:label xlink:type="resource" xlink:label="label_CorporateGovernanceReport_5" xlink:role="http://www.xbrl.org/2003/role/label" xlink:title="label_CorporateGovernanceReport" xml:lang="zh" id="label_CorporateGovernanceReport_5">公司治理报告</link:label>
    <link:labelArc xlink:type="arc" xlink:arcrole="http://www.xbrl.org/2003/arcrole/concept-label" xlink:from="CorporateGovernanceReport" xlink:to="label_CorporateGovernanceReport_5" xlink:title="label: CorporateGovernanceReport to label_CorporateGovernanceReport"/>
    <link:loc xlink:type="locator" xlink:href="mrv.xsd#mrv_LinkToCorporateGovernanceReport" xlink:label="LinkToCorporateGovernanceReport" xlink:title="LinkToCorporateGovernanceReport"/>
    <link:label xlink:type="resource" xlink:label="label_LinkToCorporateGovernanceReport_5" xlink:role="http://www.xbrl.org/2003/role/label" xlink:title="label_LinkToCorporateGovernanceReport" xml:lang="zh" id="label_LinkToCorporateGovernanceReport_5">链接到公司治理报告</link:label>
    <link:labelArc xlink:type="arc" xlink:arcrole="http://www.xbrl.org/2003/arcrole/concept-label" xlink:from="LinkToCorporateGovernanceReport" xlink:to="label_LinkToCorporateGovernanceReport_5" xlink:title="label: LinkToCorporateGovernanceReport to label_LinkToCorporateGovernanceReport"/>
    <link:loc xlink:type="locator" xlink:href="mrv.xsd#mrv_StatementOfTargetFiguresAndPoliciesForTheUnderrepresentedGender" xlink:label="StatementOfTargetFiguresAndPoliciesForTheUnderrepresentedGender" xlink:title="StatementOfTargetFiguresAndPoliciesForTheUnderrepresentedGender"/>
    <link:label xlink:type="resource" xlink:label="label_StatementOfTargetFiguresAndPoliciesForTheUnderrepresentedGender_5" xlink:role="http://www.xbrl.org/2003/role/label" xlink:title="label_StatementOfTargetFiguresAndPoliciesForTheUnderrepresentedGender" xml:lang="zh" id="label_StatementOfTargetFiguresAndPoliciesForTheUnderrepresentedGender_5">对未被充分代表的性别群体的政策和目标数字的声明</link:label>
    <link:labelArc xlink:type="arc" xlink:arcrole="http://www.xbrl.org/2003/arcrole/concept-label" xlink:from="StatementOfTargetFiguresAndPoliciesForTheUnderrepresentedGender" xlink:to="label_StatementOfTargetFiguresAndPoliciesForTheUnderrepresentedGender_5" xlink:title="label: StatementOfTargetFiguresAndPoliciesForTheUnderrepresentedGender to label_StatementOfTargetFiguresAndPoliciesForTheUnderrepresentedGender"/>
    <link:loc xlink:type="locator" xlink:href="mrv.xsd#mrv_LinkToStatementOfTargetFiguresAndPoliciesForTheUnderrepresentedGender" xlink:label="LinkToStatementOfTargetFiguresAndPoliciesForTheUnderrepresentedGender" xlink:title="LinkToStatementOfTargetFiguresAndPoliciesForTheUnderrepresentedGender"/>
    <link:label xlink:type="resource" xlink:label="label_LinkToStatementOfTargetFiguresAndPoliciesForTheUnderrepresentedGender_5" xlink:role="http://www.xbrl.org/2003/role/label" xlink:title="label_LinkToStatementOfTargetFiguresAndPoliciesForTheUnderrepresentedGender" xml:lang="zh" id="label_LinkToStatementOfTargetFiguresAndPoliciesForTheUnderrepresentedGender_5">链接到对未被充分代表的性别群体的政策和目标数字的声明</link:label>
    <link:labelArc xlink:type="arc" xlink:arcrole="http://www.xbrl.org/2003/arcrole/concept-label" xlink:from="LinkToStatementOfTargetFiguresAndPoliciesForTheUnderrepresentedGender" xlink:to="label_LinkToStatementOfTargetFiguresAndPoliciesForTheUnderrepresentedGender_5" xlink:title="label: LinkToStatementOfTargetFiguresAndPoliciesForTheUnderrepresentedGender to label_LinkToStatementOfTargetFiguresAndPoliciesForTheUnderrepresentedGender"/>
    <link:loc xlink:type="locator" xlink:href="mrv.xsd#mrv_InformationFromStatementByManagementGivenInManagementsReviewDueToOptingOutOfStatementByManagementAbstract" xlink:label="InformationFromStatementByManagementGivenInManagementsReviewDueToOptingOutOfStatementByManagementAbstract" xlink:title="InformationFromStatementByManagementGivenInManagementsReviewDueToOptingOutOfStatementByManagementAbstract"/>
    <link:label xlink:type="resource" xlink:label="label_InformationFromStatementByManagementGivenInManagementsReviewDueToOptingOutOfStatementByManagementAbstract_5" xlink:role="http://www.xbrl.org/2003/role/label" xlink:title="label_InformationFromStatementByManagementGivenInManagementsReviewDueToOptingOutOfStatementByManagementAbstract" xml:lang="zh" id="label_InformationFromStatementByManagementGivenInManagementsReviewDueToOptingOutOfStatementByManagementAbstract_5">在管理审查中管理层等选择不申报的情况下由管理层等提供的报表信息。</link:label>
    <link:labelArc xlink:type="arc" xlink:arcrole="http://www.xbrl.org/2003/arcrole/concept-label" xlink:from="InformationFromStatementByManagementGivenInManagementsReviewDueToOptingOutOfStatementByManagementAbstract" xlink:to="label_InformationFromStatementByManagementGivenInManagementsReviewDueToOptingOutOfStatementByManagementAbstract_5" xlink:title="label: InformationFromStatementByManagementGivenInManagementsReviewDueToOptingOutOfStatementByManagementAbstract to label_InformationFromStatementByManagementGivenInManagementsReviewDueToOptingOutOfStatementByManagementAbstract"/>
    <link:loc xlink:type="locator" xlink:href="mrv.xsd#mrv_DescriptionOfTheBusinessModelOfTheEntityCorporateSocialResponsibility" xlink:label="DescriptionOfTheBusinessModelOfTheEntityCorporateSocialResponsibility" xlink:title="DescriptionOfTheBusinessModelOfTheEntityCorporateSocialResponsibility"/>
    <link:label xlink:type="resource" xlink:label="label_DescriptionOfTheBusinessModelOfTheEntityCorporateSocialResponsibility_5" xlink:role="http://www.xbrl.org/2003/role/label" xlink:title="label_DescriptionOfTheBusinessModelOfTheEntityCorporateSocialResponsibility" xml:lang="zh" id="label_DescriptionOfTheBusinessModelOfTheEntityCorporateSocialResponsibility_5">企业社会责任，企业实体的经营模式说明</link:label>
    <link:labelArc xlink:type="arc" xlink:arcrole="http://www.xbrl.org/2003/arcrole/concept-label" xlink:from="DescriptionOfTheBusinessModelOfTheEntityCorporateSocialResponsibility" xlink:to="label_DescriptionOfTheBusinessModelOfTheEntityCorporateSocialResponsibility_5" xlink:title="label: DescriptionOfTheBusinessModelOfTheEntityCorporateSocialResponsibility to label_DescriptionOfTheBusinessModelOfTheEntityCorporateSocialResponsibility"/>
    <link:loc xlink:type="locator" xlink:href="mrv.xsd#mrv_DetailsOnPoliciesOnCorporateSocialResponsibilityAbstract" xlink:label="DetailsOnPoliciesOnCorporateSocialResponsibilityAbstract" xlink:title="DetailsOnPoliciesOnCorporateSocialResponsibilityAbstract"/>
    <link:label xlink:type="resource" xlink:label="label_DetailsOnPoliciesOnCorporateSocialResponsibilityAbstract_5" xlink:role="http://www.xbrl.org/2003/role/label" xlink:title="label_DetailsOnPoliciesOnCorporateSocialResponsibilityAbstract" xml:lang="zh" id="label_DetailsOnPoliciesOnCorporateSocialResponsibilityAbstract_5">企业社会责任政策的详细内容</link:label>
    <link:labelArc xlink:type="arc" xlink:arcrole="http://www.xbrl.org/2003/arcrole/concept-label" xlink:from="DetailsOnPoliciesOnCorporateSocialResponsibilityAbstract" xlink:to="label_DetailsOnPoliciesOnCorporateSocialResponsibilityAbstract_5" xlink:title="label: DetailsOnPoliciesOnCorporateSocialResponsibilityAbstract to label_DetailsOnPoliciesOnCorporateSocialResponsibilityAbstract"/>
    <link:loc xlink:type="locator" xlink:href="mrv.xsd#mrv_DetailsOnPoliciesOnCorporateSocialResponsibilityHypercube" xlink:label="DetailsOnPoliciesOnCorporateSocialResponsibilityHypercube" xlink:title="DetailsOnPoliciesOnCorporateSocialResponsibilityHypercube"/>
    <link:label xlink:type="resource" xlink:label="label_DetailsOnPoliciesOnCorporateSocialResponsibilityHypercube_5" xlink:role="http://www.xbrl.org/2003/role/label" xlink:title="label_DetailsOnPoliciesOnCorporateSocialResponsibilityHypercube" xml:lang="zh" id="label_DetailsOnPoliciesOnCorporateSocialResponsibilityHypercube_5">企业社会责任政策的详细内容</link:label>
    <link:labelArc xlink:type="arc" xlink:arcrole="http://www.xbrl.org/2003/arcrole/concept-label" xlink:from="DetailsOnPoliciesOnCorporateSocialResponsibilityHypercube" xlink:to="label_DetailsOnPoliciesOnCorporateSocialResponsibilityHypercube_5" xlink:title="label: DetailsOnPoliciesOnCorporateSocialResponsibilityHypercube to label_DetailsOnPoliciesOnCorporateSocialResponsibilityHypercube"/>
    <link:loc xlink:type="locator" xlink:href="mrv.xsd#mrv_DetailsOnPoliciesOnOtherCorporateSocialResponsibilityAbstract" xlink:label="DetailsOnPoliciesOnOtherCorporateSocialResponsibilityAbstract" xlink:title="DetailsOnPoliciesOnOtherCorporateSocialResponsibilityAbstract"/>
    <link:label xlink:type="resource" xlink:label="label_DetailsOnPoliciesOnOtherCorporateSocialResponsibilityAbstract_5" xlink:role="http://www.xbrl.org/2003/role/label" xlink:title="label_DetailsOnPoliciesOnOtherCorporateSocialResponsibilityAbstract" xml:lang="zh" id="label_DetailsOnPoliciesOnOtherCorporateSocialResponsibilityAbstract_5">企业社会责任的其他政策的详细内容</link:label>
    <link:labelArc xlink:type="arc" xlink:arcrole="http://www.xbrl.org/2003/arcrole/concept-label" xlink:from="DetailsOnPoliciesOnOtherCorporateSocialResponsibilityAbstract" xlink:to="label_DetailsOnPoliciesOnOtherCorporateSocialResponsibilityAbstract_5" xlink:title="label: DetailsOnPoliciesOnOtherCorporateSocialResponsibilityAbstract to label_DetailsOnPoliciesOnOtherCorporateSocialResponsibilityAbstract"/>
    <link:loc xlink:type="locator" xlink:href="mrv.xsd#mrv_DetailsOnPoliciesOnOtherCorporateSocialResponsibilityHypercube" xlink:label="DetailsOnPoliciesOnOtherCorporateSocialResponsibilityHypercube" xlink:title="DetailsOnPoliciesOnOtherCorporateSocialResponsibilityHypercube"/>
    <link:label xlink:type="resource" xlink:label="label_DetailsOnPoliciesOnOtherCorporateSocialResponsibilityHypercube_5" xlink:role="http://www.xbrl.org/2003/role/label" xlink:title="label_DetailsOnPoliciesOnOtherCorporateSocialResponsibilityHypercube" xml:lang="zh" id="label_DetailsOnPoliciesOnOtherCorporateSocialResponsibilityHypercube_5">企业社会责任的其他政策的详细内容</link:label>
    <link:labelArc xlink:type="arc" xlink:arcrole="http://www.xbrl.org/2003/arcrole/concept-label" xlink:from="DetailsOnPoliciesOnOtherCorporateSocialResponsibilityHypercube" xlink:to="label_DetailsOnPoliciesOnOtherCorporateSocialResponsibilityHypercube_5" xlink:title="label: DetailsOnPoliciesOnOtherCorporateSocialResponsibilityHypercube to label_DetailsOnPoliciesOnOtherCorporateSocialResponsibilityHypercube"/>
    <link:loc xlink:type="locator" xlink:href="mrv.xsd#mrv_TypeOfPoliciesDimension" xlink:label="TypeOfPoliciesDimension" xlink:title="TypeOfPoliciesDimension"/>
    <link:label xlink:type="resource" xlink:label="label_TypeOfPoliciesDimension_5" xlink:role="http://www.xbrl.org/2003/role/label" xlink:title="label_TypeOfPoliciesDimension" xml:lang="zh" id="label_TypeOfPoliciesDimension_5">政策类型</link:label>
    <link:labelArc xlink:type="arc" xlink:arcrole="http://www.xbrl.org/2003/arcrole/concept-label" xlink:from="TypeOfPoliciesDimension" xlink:to="label_TypeOfPoliciesDimension_5" xlink:title="label: TypeOfPoliciesDimension to label_TypeOfPoliciesDimension"/>
    <link:loc xlink:type="locator" xlink:href="mrv.xsd#mrv_AllPoliciesMember" xlink:label="AllPoliciesMember" xlink:title="AllPoliciesMember"/>
    <link:label xlink:type="resource" xlink:label="label_AllPoliciesMember_5" xlink:role="http://www.xbrl.org/2003/role/label" xlink:title="label_AllPoliciesMember" xml:lang="zh" id="label_AllPoliciesMember_5">所有政策</link:label>
    <link:labelArc xlink:type="arc" xlink:arcrole="http://www.xbrl.org/2003/arcrole/concept-label" xlink:from="AllPoliciesMember" xlink:to="label_AllPoliciesMember_5" xlink:title="label: AllPoliciesMember to label_AllPoliciesMember"/>
    <link:loc xlink:type="locator" xlink:href="mrv.xsd#mrv_IdentificationOfPolicyDimension" xlink:label="IdentificationOfPolicyDimension" xlink:title="IdentificationOfPolicyDimension"/>
    <link:label xlink:type="resource" xlink:label="label_IdentificationOfPolicyDimension_5" xlink:role="http://www.xbrl.org/2003/role/label" xlink:title="label_IdentificationOfPolicyDimension" xml:lang="zh" id="label_IdentificationOfPolicyDimension_5">政策的识别</link:label>
    <link:labelArc xlink:type="arc" xlink:arcrole="http://www.xbrl.org/2003/arcrole/concept-label" xlink:from="IdentificationOfPolicyDimension" xlink:to="label_IdentificationOfPolicyDimension_5" xlink:title="label: IdentificationOfPolicyDimension to label_IdentificationOfPolicyDimension"/>
    <link:loc xlink:type="locator" xlink:href="mrv.xsd#mrv_PoliciesOnEnvironmentMember" xlink:label="PoliciesOnEnvironmentMember" xlink:title="PoliciesOnEnvironmentMember"/>
    <link:label xlink:type="resource" xlink:label="label_PoliciesOnEnvironmentMember_5" xlink:role="http://www.xbrl.org/2003/role/label" xlink:title="label_PoliciesOnEnvironmentMember" xml:lang="zh" id="label_PoliciesOnEnvironmentMember_5">环境政策</link:label>
    <link:labelArc xlink:type="arc" xlink:arcrole="http://www.xbrl.org/2003/arcrole/concept-label" xlink:from="PoliciesOnEnvironmentMember" xlink:to="label_PoliciesOnEnvironmentMember_5" xlink:title="label: PoliciesOnEnvironmentMember to label_PoliciesOnEnvironmentMember"/>
    <link:loc xlink:type="locator" xlink:href="mrv.xsd#mrv_PoliciesOnSocialConditionsAndLaborPracticesMember" xlink:label="PoliciesOnSocialConditionsAndLaborPracticesMember" xlink:title="PoliciesOnSocialConditionsAndLaborPracticesMember"/>
    <link:label xlink:type="resource" xlink:label="label_PoliciesOnSocialConditionsAndLaborPracticesMember_5" xlink:role="http://www.xbrl.org/2003/role/label" xlink:title="label_PoliciesOnSocialConditionsAndLaborPracticesMember" xml:lang="zh" id="label_PoliciesOnSocialConditionsAndLaborPracticesMember_5">关于社会条件和实际劳动状况的政策</link:label>
    <link:labelArc xlink:type="arc" xlink:arcrole="http://www.xbrl.org/2003/arcrole/concept-label" xlink:from="PoliciesOnSocialConditionsAndLaborPracticesMember" xlink:to="label_PoliciesOnSocialConditionsAndLaborPracticesMember_5" xlink:title="label: PoliciesOnSocialConditionsAndLaborPracticesMember to label_PoliciesOnSocialConditionsAndLaborPracticesMember"/>
    <link:loc xlink:type="locator" xlink:href="mrv.xsd#mrv_PoliciesOnHumanRights" xlink:label="PoliciesOnHumanRights" xlink:title="PoliciesOnHumanRights"/>
    <link:label xlink:type="resource" xlink:label="label_PoliciesOnHumanRights_5" xlink:role="http://www.xbrl.org/2003/role/label" xlink:title="label_PoliciesOnHumanRights" xml:lang="zh" id="label_PoliciesOnHumanRights_5">人权政策</link:label>
    <link:labelArc xlink:type="arc" xlink:arcrole="http://www.xbrl.org/2003/arcrole/concept-label" xlink:from="PoliciesOnHumanRights" xlink:to="label_PoliciesOnHumanRights_5" xlink:title="label: PoliciesOnHumanRights to label_PoliciesOnHumanRights"/>
    <link:loc xlink:type="locator" xlink:href="mrv.xsd#mrv_PoliciesOnAntiCorruptionAndBriberyMember" xlink:label="PoliciesOnAntiCorruptionAndBriberyMember" xlink:title="PoliciesOnAntiCorruptionAndBriberyMember"/>
    <link:label xlink:type="resource" xlink:label="label_PoliciesOnAntiCorruptionAndBriberyMember_5" xlink:role="http://www.xbrl.org/2003/role/label" xlink:title="label_PoliciesOnAntiCorruptionAndBriberyMember" xml:lang="zh" id="label_PoliciesOnAntiCorruptionAndBriberyMember_5">反腐败和贿赂政策</link:label>
    <link:labelArc xlink:type="arc" xlink:arcrole="http://www.xbrl.org/2003/arcrole/concept-label" xlink:from="PoliciesOnAntiCorruptionAndBriberyMember" xlink:to="label_PoliciesOnAntiCorruptionAndBriberyMember_5" xlink:title="label: PoliciesOnAntiCorruptionAndBriberyMember to label_PoliciesOnAntiCorruptionAndBriberyMember"/>
    <link:loc xlink:type="locator" xlink:href="mrv.xsd#mrv_DescriptionOfPrincipalRiskInRelationToTheSignificantActivitiesOfEntityCorporateSocialResponsibility" xlink:label="DescriptionOfPrincipalRiskInRelationToTheSignificantActivitiesOfEntityCorporateSocialResponsibility" xlink:title="DescriptionOfPrincipalRiskInRelationToTheSignificantActivitiesOfEntityCorporateSocialResponsibility"/>
    <link:label xlink:type="resource" xlink:label="label_DescriptionOfPrincipalRiskInRelationToTheSignificantActivitiesOfEntityCorporateSocialResponsibility_5" xlink:role="http://www.xbrl.org/2003/role/label" xlink:title="label_DescriptionOfPrincipalRiskInRelationToTheSignificantActivitiesOfEntityCorporateSocialResponsibility" xml:lang="zh" id="label_DescriptionOfPrincipalRiskInRelationToTheSignificantActivitiesOfEntityCorporateSocialResponsibility_5">企业社会责任，涉及到实体的重要业务的主要风险说明</link:label>
    <link:labelArc xlink:type="arc" xlink:arcrole="http://www.xbrl.org/2003/arcrole/concept-label" xlink:from="DescriptionOfPrincipalRiskInRelationToTheSignificantActivitiesOfEntityCorporateSocialResponsibility" xlink:to="label_DescriptionOfPrincipalRiskInRelationToTheSignificantActivitiesOfEntityCorporateSocialResponsibility_5" xlink:title="label: DescriptionOfPrincipalRiskInRelationToTheSignificantActivitiesOfEntityCorporateSocialResponsibility to label_DescriptionOfPrincipalRiskInRelationToTheSignificantActivitiesOfEntityCorporateSocialResponsibility"/>
    <link:loc xlink:type="locator" xlink:href="mrv.xsd#mrv_DescriptionOfTheEntitysUseOfAnyNonFinancialKeyPerformanceIndicatorsCorporateSocialResponsibility" xlink:label="DescriptionOfTheEntitysUseOfAnyNonFinancialKeyPerformanceIndicatorsCorporateSocialResponsibility" xlink:title="DescriptionOfTheEntitysUseOfAnyNonFinancialKeyPerformanceIndicatorsCorporateSocialResponsibility"/>
    <link:label xlink:type="resource" xlink:label="label_DescriptionOfTheEntitysUseOfAnyNonFinancialKeyPerformanceIndicatorsCorporateSocialResponsibility_5" xlink:role="http://www.xbrl.org/2003/role/label" xlink:title="label_DescriptionOfTheEntitysUseOfAnyNonFinancialKeyPerformanceIndicatorsCorporateSocialResponsibility" xml:lang="zh" id="label_DescriptionOfTheEntitysUseOfAnyNonFinancialKeyPerformanceIndicatorsCorporateSocialResponsibility_5">企业社会责任，实体使用的任何非财务的关键绩效指标说明</link:label>
    <link:labelArc xlink:type="arc" xlink:arcrole="http://www.xbrl.org/2003/arcrole/concept-label" xlink:from="DescriptionOfTheEntitysUseOfAnyNonFinancialKeyPerformanceIndicatorsCorporateSocialResponsibility" xlink:to="label_DescriptionOfTheEntitysUseOfAnyNonFinancialKeyPerformanceIndicatorsCorporateSocialResponsibility_5" xlink:title="label: DescriptionOfTheEntitysUseOfAnyNonFinancialKeyPerformanceIndicatorsCorporateSocialResponsibility to label_DescriptionOfTheEntitysUseOfAnyNonFinancialKeyPerformanceIndicatorsCorporateSocialResponsibility"/>
    <link:loc xlink:type="locator" xlink:href="mrv.xsd#mrv_NameOfPolicyCorporateSocialResponsibility" xlink:label="NameOfPolicyCorporateSocialResponsibility" xlink:title="NameOfPolicyCorporateSocialResponsibility"/>
    <link:label xlink:type="resource" xlink:label="label_NameOfPolicyCorporateSocialResponsibility_5" xlink:role="http://www.xbrl.org/2003/role/label" xlink:title="label_NameOfPolicyCorporateSocialResponsibility" xml:lang="zh" id="label_NameOfPolicyCorporateSocialResponsibility_5">政策名称，企业社会责任</link:label>
    <link:labelArc xlink:type="arc" xlink:arcrole="http://www.xbrl.org/2003/arcrole/concept-label" xlink:from="NameOfPolicyCorporateSocialResponsibility" xlink:to="label_NameOfPolicyCorporateSocialResponsibility_5" xlink:title="label: NameOfPolicyCorporateSocialResponsibility to label_NameOfPolicyCorporateSocialResponsibility"/>
    <link:loc xlink:type="locator" xlink:href="mrv.xsd#mrv_RelatedToManagementsReviewAbstract" xlink:label="RelatedToManagementsReviewAbstract" xlink:title="RelatedToManagementsReviewAbstract"/>
    <link:label xlink:type="resource" xlink:label="label_RelatedToManagementsReviewAbstract_5" xlink:role="http://www.xbrl.org/2003/role/label" xlink:title="label_RelatedToManagementsReviewAbstract" xml:lang="zh" id="label_RelatedToManagementsReviewAbstract_5">与管理审查相关</link:label>
    <link:labelArc xlink:type="arc" xlink:arcrole="http://www.xbrl.org/2003/arcrole/concept-label" xlink:from="RelatedToManagementsReviewAbstract" xlink:to="label_RelatedToManagementsReviewAbstract_5" xlink:title="label: RelatedToManagementsReviewAbstract to label_RelatedToManagementsReviewAbstract"/>
    <link:loc xlink:type="locator" xlink:href="mrv.xsd#mrv_ReportOnPaymentsToAuthorities" xlink:label="ReportOnPaymentsToAuthorities" xlink:title="ReportOnPaymentsToAuthorities"/>
    <link:label xlink:type="resource" xlink:label="label_ReportOnPaymentsToAuthorities_5" xlink:role="http://www.xbrl.org/2003/role/label" xlink:title="label_ReportOnPaymentsToAuthorities" xml:lang="zh" id="label_ReportOnPaymentsToAuthorities_5">关于向行政管理机构付款的报告</link:label>
    <link:labelArc xlink:type="arc" xlink:arcrole="http://www.xbrl.org/2003/arcrole/concept-label" xlink:from="ReportOnPaymentsToAuthorities" xlink:to="label_ReportOnPaymentsToAuthorities_5" xlink:title="label: ReportOnPaymentsToAuthorities to label_ReportOnPaymentsToAuthorities"/>
    <link:loc xlink:type="locator" xlink:href="mrv.xsd#mrv_ManagementsReviewEtcAbstract" xlink:label="ManagementsReviewEtcAbstract" xlink:title="ManagementsReviewEtcAbstract"/>
    <link:label xlink:type="resource" xlink:label="label_ManagementsReviewEtcAbstract_5" xlink:role="http://www.xbrl.org/2003/role/label" xlink:title="label_ManagementsReviewEtcAbstract" xml:lang="zh" id="label_ManagementsReviewEtcAbstract_5">管理审查等</link:label>
    <link:labelArc xlink:type="arc" xlink:arcrole="http://www.xbrl.org/2003/arcrole/concept-label" xlink:from="ManagementsReviewEtcAbstract" xlink:to="label_ManagementsReviewEtcAbstract_5" xlink:title="label: ManagementsReviewEtcAbstract to label_ManagementsReviewEtcAbstract"/>
    <link:loc xlink:type="locator" xlink:href="mrv.xsd#mrv_ValueOfKeyFigureOrFinancialRatioMonetary" xlink:label="ValueOfKeyFigureOrFinancialRatioMonetary" xlink:title="ValueOfKeyFigureOrFinancialRatioMonetary"/>
    <link:label xlink:type="resource" xlink:label="label_ValueOfKeyFigureOrFinancialRatioMonetary_5" xlink:role="http://www.xbrl.org/2003/role/label" xlink:title="label_ValueOfKeyFigureOrFinancialRatioMonetary" xml:lang="zh" id="label_ValueOfKeyFigureOrFinancialRatioMonetary_5">关键数据值或财务比率，货币</link:label>
    <link:labelArc xlink:type="arc" xlink:arcrole="http://www.xbrl.org/2003/arcrole/concept-label" xlink:from="ValueOfKeyFigureOrFinancialRatioMonetary" xlink:to="label_ValueOfKeyFigureOrFinancialRatioMonetary_5" xlink:title="label: ValueOfKeyFigureOrFinancialRatioMonetary to label_ValueOfKeyFigureOrFinancialRatioMonetary"/>
  </link:labelLink>
</link:linkbase>
