<?xml version="1.0" encoding="UTF-8"?>
<!-- Generated by Fujitsu Interstage XWand B0209 -->
<?officialURI http://archprod.service.eogs.dk/taxonomy/20141220/ifrs/full_ifrs_dk/ifrs-dk_520.00_2014-12-20/pre_ifrs-dk_2014-12-20_role-520.00.xml?>

<?taxonomy-version 0.2.0?>

<link:linkbase xmlns:xsi="http://www.w3.org/2001/XMLSchema-instance" xsi:schemaLocation="http://www.xbrl.org/2003/linkbase http://www.xbrl.org/2003/xbrl-linkbase-2003-12-31.xsd" xmlns:link="http://www.xbrl.org/2003/linkbase" xmlns:rol_ifrs-dk_520.00_2014-12-20="http://xbrl.dcca.dk/role/ifrs-dk/rol_ifrs-dk_520.00_2014-12-20" xmlns:xlink="http://www.w3.org/1999/xlink" xmlns:xbrli="http://www.xbrl.org/2003/instance" xmlns:xbrldt="http://xbrl.org/2005/xbrldt">
  <link:roleRef roleURI="http://www.xbrl.org/2009/role/negatedLabel" xlink:type="simple" xlink:href="http://www.xbrl.org/lrr/role/negated-2009-12-16.xsd#negatedLabel"/>
  <link:roleRef roleURI="http://www.xbrl.org/2009/role/negatedTerseLabel" xlink:type="simple" xlink:href="http://www.xbrl.org/lrr/role/negated-2009-12-16.xsd#negatedTerseLabel"/>
  <link:roleRef roleURI="http://www.xbrl.org/2009/role/negatedTotalLabel" xlink:type="simple" xlink:href="http://www.xbrl.org/lrr/role/negated-2009-12-16.xsd#negatedTotalLabel"/>
  <link:roleRef roleURI="http://www.xbrl.org/2009/role/netLabel" xlink:type="simple" xlink:href="http://www.xbrl.org/lrr/role/net-2009-12-16.xsd#netLabel"/>
  <link:roleRef roleURI="http://xbrl.dcca.dk/role/520.00/StatementOfCashFlowsIndirectMethod" xlink:type="simple" xlink:href="rol_ifrs-dk_520.00_2014-12-20.xsd#ifrs-dk_52000_StatementOfCashFlowsIndirectMethod"/>
  <link:presentationLink xlink:type="extended" xlink:role="http://xbrl.dcca.dk/role/520.00/StatementOfCashFlowsIndirectMethod">
    <link:loc xlink:type="locator" xlink:href="../../../cmn.xsd#cmn_CommonTable" xlink:label="CommonTable"/>
    <link:loc xlink:type="locator" xlink:href="../../../../full_ifrs-cor_2014-03-05.xsd#ifrs-full_ConsolidatedAndSeparateFinancialStatementsAxis" xlink:label="ConsolidatedAndSeparateFinancialStatementsAxis"/>
    <link:presentationArc xlink:type="arc" xlink:arcrole="http://www.xbrl.org/2003/arcrole/parent-child" xlink:from="CommonTable" xlink:to="ConsolidatedAndSeparateFinancialStatementsAxis" xlink:title="presentation: CommonTable to ConsolidatedAndSeparateFinancialStatementsAxis" order="1.0"/>
    <link:loc xlink:type="locator" xlink:href="../../../../full_ifrs-cor_2014-03-05.xsd#ifrs-full_ConsolidatedMember" xlink:label="ConsolidatedMember"/>
    <link:presentationArc xlink:type="arc" xlink:arcrole="http://www.xbrl.org/2003/arcrole/parent-child" xlink:from="ConsolidatedAndSeparateFinancialStatementsAxis" xlink:to="ConsolidatedMember" xlink:title="presentation: ConsolidatedAndSeparateFinancialStatementsAxis to ConsolidatedMember" order="1.0"/>
    <link:loc xlink:type="locator" xlink:href="../../../../full_ifrs-cor_2014-03-05.xsd#ifrs-full_SeparateMember" xlink:label="SeparateMember"/>
    <link:presentationArc xlink:type="arc" xlink:arcrole="http://www.xbrl.org/2003/arcrole/parent-child" xlink:from="ConsolidatedAndSeparateFinancialStatementsAxis" xlink:to="SeparateMember" xlink:title="presentation: ConsolidatedAndSeparateFinancialStatementsAxis to SeparateMember" order="2.0"/>
    <link:loc xlink:type="locator" xlink:href="../../../../full_ifrs-cor_2014-03-05.xsd#ifrs-full_StatementOfCashFlowsAbstract" xlink:label="StatementOfCashFlowsAbstract"/>
    <link:loc xlink:type="locator" xlink:href="../../../../full_ifrs-cor_2014-03-05.xsd#ifrs-full_CashFlowsFromUsedInOperatingActivitiesAbstract" xlink:label="CashFlowsFromUsedInOperatingActivitiesAbstract"/>
    <link:presentationArc xlink:type="arc" xlink:arcrole="http://www.xbrl.org/2003/arcrole/parent-child" xlink:from="StatementOfCashFlowsAbstract" xlink:to="CashFlowsFromUsedInOperatingActivitiesAbstract" order="2.0"/>
    <link:loc xlink:type="locator" xlink:href="../../../../full_ifrs-cor_2014-03-05.xsd#ifrs-full_CashFlowsFromUsedInOperatingActivities" xlink:label="CashFlowsFromUsedInOperatingActivities"/>
    <link:presentationArc xlink:type="arc" xlink:arcrole="http://www.xbrl.org/2003/arcrole/parent-child" xlink:from="CashFlowsFromUsedInOperatingActivitiesAbstract" xlink:to="CashFlowsFromUsedInOperatingActivities" order="10.0" preferredLabel="http://www.xbrl.org/2009/role/netLabel"/>
    <link:loc xlink:type="locator" xlink:href="../../../../full_ifrs-cor_2014-03-05.xsd#ifrs-full_DividendsPaidClassifiedAsOperatingActivities" xlink:label="DividendsPaidClassifiedAsOperatingActivities"/>
    <link:presentationArc xlink:type="arc" xlink:arcrole="http://www.xbrl.org/2003/arcrole/parent-child" xlink:from="CashFlowsFromUsedInOperatingActivitiesAbstract" xlink:to="DividendsPaidClassifiedAsOperatingActivities" order="4.0" preferredLabel="http://www.xbrl.org/2009/role/negatedTerseLabel"/>
    <link:loc xlink:type="locator" xlink:href="../../../../full_ifrs-cor_2014-03-05.xsd#ifrs-full_DividendsReceivedClassifiedAsOperatingActivities" xlink:label="DividendsReceivedClassifiedAsOperatingActivities"/>
    <link:presentationArc xlink:type="arc" xlink:arcrole="http://www.xbrl.org/2003/arcrole/parent-child" xlink:from="CashFlowsFromUsedInOperatingActivitiesAbstract" xlink:to="DividendsReceivedClassifiedAsOperatingActivities" order="5.0" preferredLabel="http://www.xbrl.org/2003/role/terseLabel"/>
    <link:loc xlink:type="locator" xlink:href="../../../../full_ifrs-cor_2014-03-05.xsd#ifrs-full_InterestPaidClassifiedAsOperatingActivities" xlink:label="InterestPaidClassifiedAsOperatingActivities"/>
    <link:presentationArc xlink:type="arc" xlink:arcrole="http://www.xbrl.org/2003/arcrole/parent-child" xlink:from="CashFlowsFromUsedInOperatingActivitiesAbstract" xlink:to="InterestPaidClassifiedAsOperatingActivities" order="6.0" preferredLabel="http://www.xbrl.org/2009/role/negatedTerseLabel"/>
    <link:loc xlink:type="locator" xlink:href="../../../../full_ifrs-cor_2014-03-05.xsd#ifrs-full_InterestReceivedClassifiedAsOperatingActivities" xlink:label="InterestReceivedClassifiedAsOperatingActivities"/>
    <link:presentationArc xlink:type="arc" xlink:arcrole="http://www.xbrl.org/2003/arcrole/parent-child" xlink:from="CashFlowsFromUsedInOperatingActivitiesAbstract" xlink:to="InterestReceivedClassifiedAsOperatingActivities" order="7.0" preferredLabel="http://www.xbrl.org/2003/role/terseLabel"/>
    <link:loc xlink:type="locator" xlink:href="../../../../full_ifrs-cor_2014-03-05.xsd#ifrs-full_IncomeTaxesPaidRefundClassifiedAsOperatingActivities" xlink:label="IncomeTaxesPaidRefundClassifiedAsOperatingActivities"/>
    <link:presentationArc xlink:type="arc" xlink:arcrole="http://www.xbrl.org/2003/arcrole/parent-child" xlink:from="CashFlowsFromUsedInOperatingActivitiesAbstract" xlink:to="IncomeTaxesPaidRefundClassifiedAsOperatingActivities" order="8.0" preferredLabel="http://www.xbrl.org/2009/role/negatedTerseLabel"/>
    <link:loc xlink:type="locator" xlink:href="../../../../full_ifrs-cor_2014-03-05.xsd#ifrs-full_OtherInflowsOutflowsOfCashClassifiedAsOperatingActivities" xlink:label="OtherInflowsOutflowsOfCashClassifiedAsOperatingActivities"/>
    <link:presentationArc xlink:type="arc" xlink:arcrole="http://www.xbrl.org/2003/arcrole/parent-child" xlink:from="CashFlowsFromUsedInOperatingActivitiesAbstract" xlink:to="OtherInflowsOutflowsOfCashClassifiedAsOperatingActivities" order="9.0" preferredLabel="http://www.xbrl.org/2003/role/terseLabel"/>
    <link:loc xlink:type="locator" xlink:href="../../ifrs-dk-cor_2014-12-20.xsd#ifrs-dk_DetailsOnOtherComponentsOfCashFlowsFromUsedInOperatingActivitiesAbstract" xlink:label="DetailsOnOtherComponentsOfCashFlowsFromUsedInOperatingActivitiesAbstract" xlink:title="DetailsOnOtherComponentsOfCashFlowsFromUsedInOperatingActivitiesAbstract"/>
    <link:presentationArc xlink:type="arc" xlink:arcrole="http://www.xbrl.org/2003/arcrole/parent-child" xlink:from="OtherInflowsOutflowsOfCashClassifiedAsOperatingActivities" xlink:to="DetailsOnOtherComponentsOfCashFlowsFromUsedInOperatingActivitiesAbstract" xlink:title="presentation: OtherInflowsOutflowsOfCashClassifiedAsOperatingActivities to DetailsOnOtherComponentsOfCashFlowsFromUsedInOperatingActivitiesAbstract" order="1.0"/>
    <link:loc xlink:type="locator" xlink:href="../../ifrs-dk-cor_2014-12-20.xsd#ifrs-dk_DetailsOnOtherComponentsOfCashFlowsFromUsedInOperatingActivitiesHypercube" xlink:label="DetailsOnOtherComponentsOfCashFlowsFromUsedInOperatingActivitiesHypercube" xlink:title="DetailsOnOtherComponentsOfCashFlowsFromUsedInOperatingActivitiesHypercube"/>
    <link:presentationArc xlink:type="arc" xlink:arcrole="http://www.xbrl.org/2003/arcrole/parent-child" xlink:from="DetailsOnOtherComponentsOfCashFlowsFromUsedInOperatingActivitiesAbstract" xlink:to="DetailsOnOtherComponentsOfCashFlowsFromUsedInOperatingActivitiesHypercube" xlink:title="presentation: DetailsOnOtherComponentsOfCashFlowsFromUsedInOperatingActivitiesAbstract to DetailsOnOtherComponentsOfCashFlowsFromUsedInOperatingActivitiesHypercube" order="1.0"/>
    <link:loc xlink:type="locator" xlink:href="../../ifrs-dk-cor_2014-12-20.xsd#ifrs-dk_IdentificationOfComponentOfCashFlowsFromUsedInOperatingActivitiesDimension" xlink:label="IdentificationOfComponentOfCashFlowsFromUsedInOperatingActivitiesDimension" xlink:title="IdentificationOfComponentOfCashFlowsFromUsedInOperatingActivitiesDimension"/>
    <link:presentationArc xlink:type="arc" xlink:arcrole="http://www.xbrl.org/2003/arcrole/parent-child" xlink:from="DetailsOnOtherComponentsOfCashFlowsFromUsedInOperatingActivitiesHypercube" xlink:to="IdentificationOfComponentOfCashFlowsFromUsedInOperatingActivitiesDimension" xlink:title="presentation: DetailsOnOtherComponentsOfCashFlowsFromUsedInOperatingActivitiesHypercube to IdentificationOfComponentOfCashFlowsFromUsedInOperatingActivitiesDimension" order="1.0"/>
    <link:loc xlink:type="locator" xlink:href="../../ifrs-dk-cor_2014-12-20.xsd#ifrs-dk_NameOfComponentOfCashFlowsFromUsedInOperatingActivities" xlink:label="NameOfComponentOfCashFlowsFromUsedInOperatingActivities" xlink:title="NameOfComponentOfCashFlowsFromUsedInOperatingActivities"/>
    <link:presentationArc xlink:type="arc" xlink:arcrole="http://www.xbrl.org/2003/arcrole/parent-child" xlink:from="DetailsOnOtherComponentsOfCashFlowsFromUsedInOperatingActivitiesAbstract" xlink:to="NameOfComponentOfCashFlowsFromUsedInOperatingActivities" xlink:title="presentation: DetailsOnOtherComponentsOfCashFlowsFromUsedInOperatingActivitiesAbstract to NameOfComponentOfCashFlowsFromUsedInOperatingActivities" order="2.0"/>
    <link:loc xlink:type="locator" xlink:href="../../ifrs-dk-cor_2014-12-20.xsd#ifrs-dk_AmountOfComponentOfCashFlowsFromUsedInOperatingActivities" xlink:label="AmountOfComponentOfCashFlowsFromUsedInOperatingActivities" xlink:title="AmountOfComponentOfCashFlowsFromUsedInOperatingActivities"/>
    <link:presentationArc xlink:type="arc" xlink:arcrole="http://www.xbrl.org/2003/arcrole/parent-child" xlink:from="DetailsOnOtherComponentsOfCashFlowsFromUsedInOperatingActivitiesAbstract" xlink:to="AmountOfComponentOfCashFlowsFromUsedInOperatingActivities" xlink:title="presentation: DetailsOnOtherComponentsOfCashFlowsFromUsedInOperatingActivitiesAbstract to AmountOfComponentOfCashFlowsFromUsedInOperatingActivities" order="3.0"/>
    <link:loc xlink:type="locator" xlink:href="../../../../full_ifrs-cor_2014-03-05.xsd#ifrs-full_CashFlowsFromUsedInOperations" xlink:label="CashFlowsFromUsedInOperations"/>
    <link:presentationArc xlink:type="arc" xlink:arcrole="http://www.xbrl.org/2003/arcrole/parent-child" xlink:from="CashFlowsFromUsedInOperatingActivitiesAbstract" xlink:to="CashFlowsFromUsedInOperations" order="3.0" preferredLabel="http://www.xbrl.org/2009/role/netLabel"/>
    <link:loc xlink:type="locator" xlink:href="../../ifrs-dk-cor_2014-12-20.xsd#ifrs-dk_AdjustmentsForDecreaseIncreaseInWorkingCapitalAbstract" xlink:label="AdjustmentsForDecreaseIncreaseInWorkingCapitalAbstract" xlink:title="AdjustmentsForDecreaseIncreaseInWorkingCapitalAbstract"/>
    <link:presentationArc xlink:type="arc" xlink:arcrole="http://www.xbrl.org/2003/arcrole/parent-child" xlink:from="CashFlowsFromUsedInOperatingActivitiesAbstract" xlink:to="AdjustmentsForDecreaseIncreaseInWorkingCapitalAbstract" xlink:title="presentation: CashFlowsFromUsedInOperatingActivitiesAbstract to AdjustmentsForDecreaseIncreaseInWorkingCapitalAbstract" order="2.5"/>
    <link:loc xlink:type="locator" xlink:href="../../ifrs-dk-cor_2014-12-20.xsd#ifrs-dk_DecreaseIncreaseInInventories" xlink:label="DecreaseIncreaseInInventories" xlink:title="DecreaseIncreaseInInventories"/>
    <link:presentationArc xlink:type="arc" xlink:arcrole="http://www.xbrl.org/2003/arcrole/parent-child" xlink:from="AdjustmentsForDecreaseIncreaseInWorkingCapitalAbstract" xlink:to="DecreaseIncreaseInInventories" xlink:title="presentation: AdjustmentsForDecreaseIncreaseInWorkingCapitalAbstract to DecreaseIncreaseInInventories" order="1.0"/>
    <link:loc xlink:type="locator" xlink:href="../../ifrs-dk-cor_2014-12-20.xsd#ifrs-dk_DecreaseIncreaseInReceivables" xlink:label="DecreaseIncreaseInReceivables" xlink:title="DecreaseIncreaseInReceivables"/>
    <link:presentationArc xlink:type="arc" xlink:arcrole="http://www.xbrl.org/2003/arcrole/parent-child" xlink:from="AdjustmentsForDecreaseIncreaseInWorkingCapitalAbstract" xlink:to="DecreaseIncreaseInReceivables" xlink:title="presentation: AdjustmentsForDecreaseIncreaseInWorkingCapitalAbstract to DecreaseIncreaseInReceivables" order="2.0"/>
    <link:loc xlink:type="locator" xlink:href="../../ifrs-dk-cor_2014-12-20.xsd#ifrs-dk_DecreaseIncreaseInTradePayables" xlink:label="DecreaseIncreaseInTradePayables" xlink:title="DecreaseIncreaseInTradePayables"/>
    <link:presentationArc xlink:type="arc" xlink:arcrole="http://www.xbrl.org/2003/arcrole/parent-child" xlink:from="AdjustmentsForDecreaseIncreaseInWorkingCapitalAbstract" xlink:to="DecreaseIncreaseInTradePayables" xlink:title="presentation: AdjustmentsForDecreaseIncreaseInWorkingCapitalAbstract to DecreaseIncreaseInTradePayables" order="3.0"/>
    <link:loc xlink:type="locator" xlink:href="../../ifrs-dk-cor_2014-12-20.xsd#ifrs-dk_OtherAdjustmentsForDecreaseIncreaseInWorkingCapital" xlink:label="OtherAdjustmentsForDecreaseIncreaseInWorkingCapital" xlink:title="OtherAdjustmentsForDecreaseIncreaseInWorkingCapital"/>
    <link:presentationArc xlink:type="arc" xlink:arcrole="http://www.xbrl.org/2003/arcrole/parent-child" xlink:from="AdjustmentsForDecreaseIncreaseInWorkingCapitalAbstract" xlink:to="OtherAdjustmentsForDecreaseIncreaseInWorkingCapital" xlink:title="presentation: AdjustmentsForDecreaseIncreaseInWorkingCapitalAbstract to OtherAdjustmentsForDecreaseIncreaseInWorkingCapital" order="4.0"/>
    <link:loc xlink:type="locator" xlink:href="../../ifrs-dk-cor_2014-12-20.xsd#ifrs-dk_AdjustmentsForDecreaseIncreaseInWorkingCapital" xlink:label="AdjustmentsForDecreaseIncreaseInWorkingCapital" xlink:title="AdjustmentsForDecreaseIncreaseInWorkingCapital"/>
    <link:presentationArc xlink:type="arc" xlink:arcrole="http://www.xbrl.org/2003/arcrole/parent-child" xlink:from="AdjustmentsForDecreaseIncreaseInWorkingCapitalAbstract" xlink:to="AdjustmentsForDecreaseIncreaseInWorkingCapital" xlink:title="presentation: AdjustmentsForDecreaseIncreaseInWorkingCapitalAbstract to AdjustmentsForDecreaseIncreaseInWorkingCapital" order="5.0" preferredLabel="http://www.xbrl.org/2003/role/totalLabel"/>
    <link:loc xlink:type="locator" xlink:href="../../../../full_ifrs-cor_2014-03-05.xsd#ifrs-full_AdjustmentsForReconcileProfitLossAbstract" xlink:label="AdjustmentsForReconcileProfitLossAbstract"/>
    <link:presentationArc xlink:type="arc" xlink:arcrole="http://www.xbrl.org/2003/arcrole/parent-child" xlink:from="CashFlowsFromUsedInOperatingActivitiesAbstract" xlink:to="AdjustmentsForReconcileProfitLossAbstract" order="2.0"/>
    <link:loc xlink:type="locator" xlink:href="../../../../full_ifrs-cor_2014-03-05.xsd#ifrs-full_AdjustmentsForReconcileProfitLoss" xlink:label="AdjustmentsForReconcileProfitLoss"/>
    <link:presentationArc xlink:type="arc" xlink:arcrole="http://www.xbrl.org/2003/arcrole/parent-child" xlink:from="AdjustmentsForReconcileProfitLossAbstract" xlink:to="AdjustmentsForReconcileProfitLoss" order="28.0" preferredLabel="http://www.xbrl.org/2003/role/totalLabel"/>
    <link:loc xlink:type="locator" xlink:href="../../../../full_ifrs-cor_2014-03-05.xsd#ifrs-full_AdjustmentsForDecreaseIncreaseInTradeAccountReceivable" xlink:label="AdjustmentsForDecreaseIncreaseInTradeAccountReceivable"/>
    <link:presentationArc xlink:type="arc" xlink:arcrole="http://www.xbrl.org/2003/arcrole/parent-child" xlink:from="AdjustmentsForReconcileProfitLossAbstract" xlink:to="AdjustmentsForDecreaseIncreaseInTradeAccountReceivable" order="12.0"/>
    <link:loc xlink:type="locator" xlink:href="../../../../full_ifrs-cor_2014-03-05.xsd#ifrs-full_AdjustmentsForDecreaseIncreaseInOtherOperatingReceivables" xlink:label="AdjustmentsForDecreaseIncreaseInOtherOperatingReceivables"/>
    <link:presentationArc xlink:type="arc" xlink:arcrole="http://www.xbrl.org/2003/arcrole/parent-child" xlink:from="AdjustmentsForReconcileProfitLossAbstract" xlink:to="AdjustmentsForDecreaseIncreaseInOtherOperatingReceivables" order="13.0"/>
    <link:loc xlink:type="locator" xlink:href="../../../../full_ifrs-cor_2014-03-05.xsd#ifrs-full_AdjustmentsForIncreaseDecreaseInTradeAccountPayable" xlink:label="AdjustmentsForIncreaseDecreaseInTradeAccountPayable"/>
    <link:presentationArc xlink:type="arc" xlink:arcrole="http://www.xbrl.org/2003/arcrole/parent-child" xlink:from="AdjustmentsForReconcileProfitLossAbstract" xlink:to="AdjustmentsForIncreaseDecreaseInTradeAccountPayable" order="14.0"/>
    <link:loc xlink:type="locator" xlink:href="../../../../full_ifrs-cor_2014-03-05.xsd#ifrs-full_AdjustmentsForIncreaseDecreaseInOtherOperatingPayables" xlink:label="AdjustmentsForIncreaseDecreaseInOtherOperatingPayables"/>
    <link:presentationArc xlink:type="arc" xlink:arcrole="http://www.xbrl.org/2003/arcrole/parent-child" xlink:from="AdjustmentsForReconcileProfitLossAbstract" xlink:to="AdjustmentsForIncreaseDecreaseInOtherOperatingPayables" order="15.0"/>
    <link:loc xlink:type="locator" xlink:href="../../../../full_ifrs-cor_2014-03-05.xsd#ifrs-full_AdjustmentsForProvisions" xlink:label="AdjustmentsForProvisions"/>
    <link:presentationArc xlink:type="arc" xlink:arcrole="http://www.xbrl.org/2003/arcrole/parent-child" xlink:from="AdjustmentsForReconcileProfitLossAbstract" xlink:to="AdjustmentsForProvisions" order="19.0"/>
    <link:loc xlink:type="locator" xlink:href="../../../../full_ifrs-cor_2014-03-05.xsd#ifrs-full_AdjustmentsForUnrealisedForeignExchangeLossesGains" xlink:label="AdjustmentsForUnrealisedForeignExchangeLossesGains"/>
    <link:presentationArc xlink:type="arc" xlink:arcrole="http://www.xbrl.org/2003/arcrole/parent-child" xlink:from="AdjustmentsForReconcileProfitLossAbstract" xlink:to="AdjustmentsForUnrealisedForeignExchangeLossesGains" order="20.0"/>
    <link:loc xlink:type="locator" xlink:href="../../../../full_ifrs-cor_2014-03-05.xsd#ifrs-full_AdjustmentsForUndistributedProfitsOfAssociates" xlink:label="AdjustmentsForUndistributedProfitsOfAssociates"/>
    <link:presentationArc xlink:type="arc" xlink:arcrole="http://www.xbrl.org/2003/arcrole/parent-child" xlink:from="AdjustmentsForReconcileProfitLossAbstract" xlink:to="AdjustmentsForUndistributedProfitsOfAssociates" order="23.0" preferredLabel="http://www.xbrl.org/2009/role/negatedLabel"/>
    <link:loc xlink:type="locator" xlink:href="../../../../full_ifrs-cor_2014-03-05.xsd#ifrs-full_OtherAdjustmentsForNoncashItems" xlink:label="OtherAdjustmentsForNoncashItems"/>
    <link:presentationArc xlink:type="arc" xlink:arcrole="http://www.xbrl.org/2003/arcrole/parent-child" xlink:from="AdjustmentsForReconcileProfitLossAbstract" xlink:to="OtherAdjustmentsForNoncashItems" order="24.0"/>
    <link:loc xlink:type="locator" xlink:href="../../../../full_ifrs-cor_2014-03-05.xsd#ifrs-full_AdjustmentsForLossesGainsOnDisposalOfNoncurrentAssets" xlink:label="AdjustmentsForLossesGainsOnDisposalOfNoncurrentAssets"/>
    <link:presentationArc xlink:type="arc" xlink:arcrole="http://www.xbrl.org/2003/arcrole/parent-child" xlink:from="AdjustmentsForReconcileProfitLossAbstract" xlink:to="AdjustmentsForLossesGainsOnDisposalOfNoncurrentAssets" order="25.0"/>
    <link:loc xlink:type="locator" xlink:href="../../../../full_ifrs-cor_2014-03-05.xsd#ifrs-full_OtherAdjustmentsForWhichCashEffectsAreInvestingOrFinancingCashFlow" xlink:label="OtherAdjustmentsForWhichCashEffectsAreInvestingOrFinancingCashFlow"/>
    <link:presentationArc xlink:type="arc" xlink:arcrole="http://www.xbrl.org/2003/arcrole/parent-child" xlink:from="AdjustmentsForReconcileProfitLossAbstract" xlink:to="OtherAdjustmentsForWhichCashEffectsAreInvestingOrFinancingCashFlow" order="26.0"/>
    <link:loc xlink:type="locator" xlink:href="../../../../full_ifrs-cor_2014-03-05.xsd#ifrs-full_AdjustmentsForIncomeTaxExpense" xlink:label="AdjustmentsForIncomeTaxExpense"/>
    <link:presentationArc xlink:type="arc" xlink:arcrole="http://www.xbrl.org/2003/arcrole/parent-child" xlink:from="AdjustmentsForReconcileProfitLossAbstract" xlink:to="AdjustmentsForIncomeTaxExpense" order="7.0"/>
    <link:loc xlink:type="locator" xlink:href="../../../../full_ifrs-cor_2014-03-05.xsd#ifrs-full_AdjustmentsForSharebasedPayments" xlink:label="AdjustmentsForSharebasedPayments"/>
    <link:presentationArc xlink:type="arc" xlink:arcrole="http://www.xbrl.org/2003/arcrole/parent-child" xlink:from="AdjustmentsForReconcileProfitLossAbstract" xlink:to="AdjustmentsForSharebasedPayments" order="21.0"/>
    <link:loc xlink:type="locator" xlink:href="../../../../full_ifrs-cor_2014-03-05.xsd#ifrs-full_AdjustmentsForFairValueGainsLosses" xlink:label="AdjustmentsForFairValueGainsLosses"/>
    <link:presentationArc xlink:type="arc" xlink:arcrole="http://www.xbrl.org/2003/arcrole/parent-child" xlink:from="AdjustmentsForReconcileProfitLossAbstract" xlink:to="AdjustmentsForFairValueGainsLosses" order="22.0"/>
    <link:loc xlink:type="locator" xlink:href="../../../../full_ifrs-cor_2014-03-05.xsd#ifrs-full_AdjustmentsForFinanceCosts" xlink:label="AdjustmentsForFinanceCosts"/>
    <link:presentationArc xlink:type="arc" xlink:arcrole="http://www.xbrl.org/2003/arcrole/parent-child" xlink:from="AdjustmentsForReconcileProfitLossAbstract" xlink:to="AdjustmentsForFinanceCosts" order="8.0"/>
    <link:loc xlink:type="locator" xlink:href="../../../../full_ifrs-cor_2014-03-05.xsd#ifrs-full_OtherAdjustmentsToReconcileProfitLoss" xlink:label="OtherAdjustmentsToReconcileProfitLoss"/>
    <link:presentationArc xlink:type="arc" xlink:arcrole="http://www.xbrl.org/2003/arcrole/parent-child" xlink:from="AdjustmentsForReconcileProfitLossAbstract" xlink:to="OtherAdjustmentsToReconcileProfitLoss" order="27.0"/>
    <link:loc xlink:type="locator" xlink:href="../../ifrs-dk-cor_2014-12-20.xsd#ifrs-dk_GainsLossesFromSubsidiariesJointVenturesAndAssociates" xlink:label="GainsLossesFromSubsidiariesJointVenturesAndAssociates"/>
    <link:presentationArc xlink:type="arc" xlink:arcrole="http://www.xbrl.org/2003/arcrole/parent-child" xlink:from="AdjustmentsForReconcileProfitLossAbstract" xlink:to="GainsLossesFromSubsidiariesJointVenturesAndAssociates" order="1.0"/>
    <link:loc xlink:type="locator" xlink:href="../../ifrs-dk-cor_2014-12-20.xsd#ifrs-dk_GainsLossesOnOperationCapital" xlink:label="GainsLossesOnOperationCapital"/>
    <link:presentationArc xlink:type="arc" xlink:arcrole="http://www.xbrl.org/2003/arcrole/parent-child" xlink:from="AdjustmentsForReconcileProfitLossAbstract" xlink:to="GainsLossesOnOperationCapital" order="5.0"/>
    <link:loc xlink:type="locator" xlink:href="../../ifrs-dk-cor_2014-12-20.xsd#ifrs-dk_CashFlowFromUsedInOperatingActivitiesBeforeChangesInOperatingCapital" xlink:label="CashFlowFromUsedInOperatingActivitiesBeforeChangesInOperatingCapital"/>
    <link:presentationArc xlink:type="arc" xlink:arcrole="http://www.xbrl.org/2003/arcrole/parent-child" xlink:from="AdjustmentsForReconcileProfitLossAbstract" xlink:to="CashFlowFromUsedInOperatingActivitiesBeforeChangesInOperatingCapital" order="2.0"/>
    <link:loc xlink:type="locator" xlink:href="../../../../full_ifrs-cor_2014-03-05.xsd#ifrs-full_ProfitLossFromContinuingOperations" xlink:label="ProfitLossFromContinuingOperations"/>
    <link:presentationArc xlink:type="arc" xlink:arcrole="http://www.xbrl.org/2003/arcrole/parent-child" xlink:from="AdjustmentsForReconcileProfitLossAbstract" xlink:to="ProfitLossFromContinuingOperations" use="optional" order="4.0" preferredLabel="http://www.xbrl.org/2003/role/totalLabel"/>
    <link:loc xlink:type="locator" xlink:href="../../ifrs-dk-cor_2014-12-20.xsd#ifrs-dk_CashFlowsFromUsedInOperatingActivitiesBeforeTax" xlink:label="CashFlowsFromUsedInOperatingActivitiesBeforeTax"/>
    <link:presentationArc xlink:type="arc" xlink:arcrole="http://www.xbrl.org/2003/arcrole/parent-child" xlink:from="AdjustmentsForReconcileProfitLossAbstract" xlink:to="CashFlowsFromUsedInOperatingActivitiesBeforeTax" order="6.0"/>
    <link:loc xlink:type="locator" xlink:href="../../ifrs-dk-cor_2014-12-20.xsd#ifrs-dk_AdjustmentsForLossesGainsOnConstructionContracts" xlink:label="AdjustmentsForLossesGainsOnConstructionContracts"/>
    <link:presentationArc xlink:type="arc" xlink:arcrole="http://www.xbrl.org/2003/arcrole/parent-child" xlink:from="AdjustmentsForReconcileProfitLossAbstract" xlink:to="AdjustmentsForLossesGainsOnConstructionContracts" order="16.0"/>
    <link:loc xlink:type="locator" xlink:href="../../ifrs-dk-cor_2014-12-20.xsd#ifrs-dk_AdjustmentsForDecreaseIncreaseInTradePayablesAndOtherPayables" xlink:label="AdjustmentsForDecreaseIncreaseInTradePayablesAndOtherPayables"/>
    <link:presentationArc xlink:type="arc" xlink:arcrole="http://www.xbrl.org/2003/arcrole/parent-child" xlink:from="AdjustmentsForReconcileProfitLossAbstract" xlink:to="AdjustmentsForDecreaseIncreaseInTradePayablesAndOtherPayables" order="11.0"/>
    <link:loc xlink:type="locator" xlink:href="../../../../full_ifrs-cor_2014-03-05.xsd#ifrs-full_AdjustmentsForDecreaseIncreaseInInventories" xlink:label="AdjustmentsForDecreaseIncreaseInInventories"/>
    <link:presentationArc xlink:type="arc" xlink:arcrole="http://www.xbrl.org/2003/arcrole/parent-child" xlink:from="AdjustmentsForReconcileProfitLossAbstract" xlink:to="AdjustmentsForDecreaseIncreaseInInventories" order="10.0"/>
    <link:loc xlink:type="locator" xlink:href="../../../../full_ifrs-cor_2014-03-05.xsd#ifrs-full_IncreaseDecreaseInWorkingCapital" xlink:label="IncreaseDecreaseInWorkingCapital" xlink:title="IncreaseDecreaseInWorkingCapital"/>
    <link:presentationArc xlink:type="arc" xlink:arcrole="http://www.xbrl.org/2003/arcrole/parent-child" xlink:from="AdjustmentsForReconcileProfitLossAbstract" xlink:to="IncreaseDecreaseInWorkingCapital" xlink:title="presentation: AdjustmentsForReconcileProfitLossAbstract to IncreaseDecreaseInWorkingCapital" order="3.0"/>
    <link:loc xlink:type="locator" xlink:href="../../../../full_ifrs-cor_2014-03-05.xsd#ifrs-full_AdjustmentsForFinanceIncome" xlink:label="AdjustmentsForFinanceIncome" xlink:title="AdjustmentsForFinanceIncome"/>
    <link:presentationArc xlink:type="arc" xlink:arcrole="http://www.xbrl.org/2003/arcrole/parent-child" xlink:from="AdjustmentsForReconcileProfitLossAbstract" xlink:to="AdjustmentsForFinanceIncome" xlink:title="presentation: AdjustmentsForReconcileProfitLossAbstract to AdjustmentsForFinanceIncome" order="9.0"/>
    <link:loc xlink:type="locator" xlink:href="../../ifrs-dk-cor_2014-12-20.xsd#ifrs-dk_AdjustmentsForDecreaseIncreaseInReceivablesFromGroupEnterprises" xlink:label="AdjustmentsForDecreaseIncreaseInReceivablesFromGroupEnterprises" xlink:title="AdjustmentsForDecreaseIncreaseInReceivablesFromGroupEnterprises"/>
    <link:presentationArc xlink:type="arc" xlink:arcrole="http://www.xbrl.org/2003/arcrole/parent-child" xlink:from="AdjustmentsForReconcileProfitLossAbstract" xlink:to="AdjustmentsForDecreaseIncreaseInReceivablesFromGroupEnterprises" xlink:title="presentation: AdjustmentsForReconcileProfitLossAbstract to AdjustmentsForDecreaseIncreaseInReceivablesFromGroupEnterprises" order="12.0"/>
    <link:loc xlink:type="locator" xlink:href="../../ifrs-dk-cor_2014-12-20.xsd#ifrs-dk_AdjustmentsForDecreaseIncreaseInReceivablesFromAssociates" xlink:label="AdjustmentsForDecreaseIncreaseInReceivablesFromAssociates" xlink:title="AdjustmentsForDecreaseIncreaseInReceivablesFromAssociates"/>
    <link:presentationArc xlink:type="arc" xlink:arcrole="http://www.xbrl.org/2003/arcrole/parent-child" xlink:from="AdjustmentsForReconcileProfitLossAbstract" xlink:to="AdjustmentsForDecreaseIncreaseInReceivablesFromAssociates" xlink:title="presentation: AdjustmentsForReconcileProfitLossAbstract to AdjustmentsForDecreaseIncreaseInReceivablesFromAssociates" order="12.0"/>
    <link:loc xlink:type="locator" xlink:href="../../ifrs-dk-cor_2014-12-20.xsd#ifrs-dk_AdjustmentsForDecreaseIncreaseInPayablesFromGroupEnterprises" xlink:label="AdjustmentsForDecreaseIncreaseInPayablesFromGroupEnterprises" xlink:title="AdjustmentsForDecreaseIncreaseInPayablesFromGroupEnterprises"/>
    <link:presentationArc xlink:type="arc" xlink:arcrole="http://www.xbrl.org/2003/arcrole/parent-child" xlink:from="AdjustmentsForReconcileProfitLossAbstract" xlink:to="AdjustmentsForDecreaseIncreaseInPayablesFromGroupEnterprises" xlink:title="presentation: AdjustmentsForReconcileProfitLossAbstract to AdjustmentsForDecreaseIncreaseInPayablesFromGroupEnterprises" order="14.0"/>
    <link:loc xlink:type="locator" xlink:href="../../ifrs-dk-cor_2014-12-20.xsd#ifrs-dk_AdjustmentsForDecreaseIncreaseInPayablesFromAssociates" xlink:label="AdjustmentsForDecreaseIncreaseInPayablesFromAssociates" xlink:title="AdjustmentsForDecreaseIncreaseInPayablesFromAssociates"/>
    <link:presentationArc xlink:type="arc" xlink:arcrole="http://www.xbrl.org/2003/arcrole/parent-child" xlink:from="AdjustmentsForReconcileProfitLossAbstract" xlink:to="AdjustmentsForDecreaseIncreaseInPayablesFromAssociates" xlink:title="presentation: AdjustmentsForReconcileProfitLossAbstract to AdjustmentsForDecreaseIncreaseInPayablesFromAssociates" order="14.0"/>
    <link:loc xlink:type="locator" xlink:href="../../ifrs-dk-cor_2014-12-20.xsd#ifrs-dk_AdjustmentsForDepreciationAndImpairmentLossAbstract" xlink:label="AdjustmentsForDepreciationAndImpairmentLossAbstract" xlink:title="AdjustmentsForDepreciationAndImpairmentLossAbstract"/>
    <link:presentationArc xlink:type="arc" xlink:arcrole="http://www.xbrl.org/2003/arcrole/parent-child" xlink:from="AdjustmentsForReconcileProfitLossAbstract" xlink:to="AdjustmentsForDepreciationAndImpairmentLossAbstract" xlink:title="presentation: AdjustmentsForReconcileProfitLossAbstract to AdjustmentsForDepreciationAndImpairmentLossAbstract" order="17.0"/>
    <link:loc xlink:type="locator" xlink:href="../../../../full_ifrs-cor_2014-03-05.xsd#ifrs-full_AdjustmentsForDepreciationAndAmortisationExpense" xlink:label="AdjustmentsForDepreciationAndAmortisationExpense"/>
    <link:presentationArc xlink:type="arc" xlink:arcrole="http://www.xbrl.org/2003/arcrole/parent-child" xlink:from="AdjustmentsForDepreciationAndImpairmentLossAbstract" xlink:to="AdjustmentsForDepreciationAndAmortisationExpense" xlink:title="presentation: AdjustmentsForDepreciationAndImpairmentLossAbstract to AdjustmentsForDepreciationAndAmortisationExpense" order="1.0"/>
    <link:loc xlink:type="locator" xlink:href="../../../../full_ifrs-cor_2014-03-05.xsd#ifrs-full_AdjustmentsForImpairmentLossReversalOfImpairmentLossRecognisedInProfitOrLoss" xlink:label="AdjustmentsForImpairmentLossReversalOfImpairmentLossRecognisedInProfitOrLoss"/>
    <link:presentationArc xlink:type="arc" xlink:arcrole="http://www.xbrl.org/2003/arcrole/parent-child" xlink:from="AdjustmentsForDepreciationAndImpairmentLossAbstract" xlink:to="AdjustmentsForImpairmentLossReversalOfImpairmentLossRecognisedInProfitOrLoss" xlink:title="presentation: AdjustmentsForDepreciationAndImpairmentLossAbstract to AdjustmentsForImpairmentLossReversalOfImpairmentLossRecognisedInProfitOrLoss" order="2.0"/>
    <link:loc xlink:type="locator" xlink:href="../../ifrs-dk-cor_2014-12-20.xsd#ifrs-dk_AdjustmentsForDepreciationAndImpairmentLoss" xlink:label="AdjustmentsForDepreciationAndImpairmentLoss" xlink:title="AdjustmentsForDepreciationAndImpairmentLoss"/>
    <link:presentationArc xlink:type="arc" xlink:arcrole="http://www.xbrl.org/2003/arcrole/parent-child" xlink:from="AdjustmentsForDepreciationAndImpairmentLossAbstract" xlink:to="AdjustmentsForDepreciationAndImpairmentLoss" xlink:title="presentation: AdjustmentsForDepreciationAndImpairmentLossAbstract to AdjustmentsForDepreciationAndImpairmentLoss" order="3.0" preferredLabel="http://www.xbrl.org/2003/role/totalLabel"/>
    <link:loc xlink:type="locator" xlink:href="../../../../full_ifrs-cor_2014-03-05.xsd#ifrs-full_ProfitLoss" xlink:label="ProfitLoss"/>
    <link:presentationArc xlink:type="arc" xlink:arcrole="http://www.xbrl.org/2003/arcrole/parent-child" xlink:from="CashFlowsFromUsedInOperatingActivitiesAbstract" xlink:to="ProfitLoss" order="1.5"/>
    <link:loc xlink:type="locator" xlink:href="../../../../full_ifrs-cor_2014-03-05.xsd#ifrs-full_ProfitLossBeforeTax" xlink:label="ProfitLossBeforeTax"/>
    <link:presentationArc xlink:type="arc" xlink:arcrole="http://www.xbrl.org/2003/arcrole/parent-child" xlink:from="CashFlowsFromUsedInOperatingActivitiesAbstract" xlink:to="ProfitLossBeforeTax" xlink:title="presentation: CashFlowsFromUsedInOperatingActivitiesAbstract to ProfitLossBeforeTax" order="1.0"/>
    <link:loc xlink:type="locator" xlink:href="../../../../full_ifrs-cor_2014-03-05.xsd#ifrs-full_CashFlowsFromUsedInInvestingActivitiesAbstract" xlink:label="CashFlowsFromUsedInInvestingActivitiesAbstract"/>
    <link:presentationArc xlink:type="arc" xlink:arcrole="http://www.xbrl.org/2003/arcrole/parent-child" xlink:from="StatementOfCashFlowsAbstract" xlink:to="CashFlowsFromUsedInInvestingActivitiesAbstract" order="3.0"/>
    <link:loc xlink:type="locator" xlink:href="../../../../full_ifrs-cor_2014-03-05.xsd#ifrs-full_CashFlowsFromUsedInInvestingActivities" xlink:label="CashFlowsFromUsedInInvestingActivities"/>
    <link:presentationArc xlink:type="arc" xlink:arcrole="http://www.xbrl.org/2003/arcrole/parent-child" xlink:from="CashFlowsFromUsedInInvestingActivitiesAbstract" xlink:to="CashFlowsFromUsedInInvestingActivities" order="28.0" preferredLabel="http://www.xbrl.org/2009/role/netLabel"/>
    <link:loc xlink:type="locator" xlink:href="../../../../full_ifrs-cor_2014-03-05.xsd#ifrs-full_CashFlowsFromLosingControlOfSubsidiariesOrOtherBusinessesClassifiedAsInvestingActivities" xlink:label="CashFlowsFromLosingControlOfSubsidiariesOrOtherBusinessesClassifiedAsInvestingActivities"/>
    <link:presentationArc xlink:type="arc" xlink:arcrole="http://www.xbrl.org/2003/arcrole/parent-child" xlink:from="CashFlowsFromUsedInInvestingActivitiesAbstract" xlink:to="CashFlowsFromLosingControlOfSubsidiariesOrOtherBusinessesClassifiedAsInvestingActivities" order="1.0" preferredLabel="http://www.xbrl.org/2003/role/terseLabel"/>
    <link:loc xlink:type="locator" xlink:href="../../../../full_ifrs-cor_2014-03-05.xsd#ifrs-full_CashFlowsUsedInObtainingControlOfSubsidiariesOrOtherBusinessesClassifiedAsInvestingActivities" xlink:label="CashFlowsUsedInObtainingControlOfSubsidiariesOrOtherBusinessesClassifiedAsInvestingActivities"/>
    <link:presentationArc xlink:type="arc" xlink:arcrole="http://www.xbrl.org/2003/arcrole/parent-child" xlink:from="CashFlowsFromUsedInInvestingActivitiesAbstract" xlink:to="CashFlowsUsedInObtainingControlOfSubsidiariesOrOtherBusinessesClassifiedAsInvestingActivities" order="2.0" preferredLabel="http://www.xbrl.org/2009/role/negatedTerseLabel"/>
    <link:loc xlink:type="locator" xlink:href="../../../../full_ifrs-cor_2014-03-05.xsd#ifrs-full_OtherCashReceiptsFromSalesOfEquityOrDebtInstrumentsOfOtherEntitiesClassifiedAsInvestingActivities" xlink:label="OtherCashReceiptsFromSalesOfEquityOrDebtInstrumentsOfOtherEntitiesClassifiedAsInvestingActivities"/>
    <link:presentationArc xlink:type="arc" xlink:arcrole="http://www.xbrl.org/2003/arcrole/parent-child" xlink:from="CashFlowsFromUsedInInvestingActivitiesAbstract" xlink:to="OtherCashReceiptsFromSalesOfEquityOrDebtInstrumentsOfOtherEntitiesClassifiedAsInvestingActivities" order="3.0" preferredLabel="http://www.xbrl.org/2003/role/terseLabel"/>
    <link:loc xlink:type="locator" xlink:href="../../../../full_ifrs-cor_2014-03-05.xsd#ifrs-full_OtherCashPaymentsToAcquireEquityOrDebtInstrumentsOfOtherEntitiesClassifiedAsInvestingActivities" xlink:label="OtherCashPaymentsToAcquireEquityOrDebtInstrumentsOfOtherEntitiesClassifiedAsInvestingActivities"/>
    <link:presentationArc xlink:type="arc" xlink:arcrole="http://www.xbrl.org/2003/arcrole/parent-child" xlink:from="CashFlowsFromUsedInInvestingActivitiesAbstract" xlink:to="OtherCashPaymentsToAcquireEquityOrDebtInstrumentsOfOtherEntitiesClassifiedAsInvestingActivities" order="4.0" preferredLabel="http://www.xbrl.org/2009/role/negatedTerseLabel"/>
    <link:loc xlink:type="locator" xlink:href="../../../../full_ifrs-cor_2014-03-05.xsd#ifrs-full_OtherCashReceiptsFromSalesOfInterestsInJointVenturesClassifiedAsInvestingActivities" xlink:label="OtherCashReceiptsFromSalesOfInterestsInJointVenturesClassifiedAsInvestingActivities"/>
    <link:presentationArc xlink:type="arc" xlink:arcrole="http://www.xbrl.org/2003/arcrole/parent-child" xlink:from="CashFlowsFromUsedInInvestingActivitiesAbstract" xlink:to="OtherCashReceiptsFromSalesOfInterestsInJointVenturesClassifiedAsInvestingActivities" order="5.0" preferredLabel="http://www.xbrl.org/2003/role/terseLabel"/>
    <link:loc xlink:type="locator" xlink:href="../../../../full_ifrs-cor_2014-03-05.xsd#ifrs-full_OtherCashPaymentsToAcquireInterestsInJointVenturesClassifiedAsInvestingActivities" xlink:label="OtherCashPaymentsToAcquireInterestsInJointVenturesClassifiedAsInvestingActivities"/>
    <link:presentationArc xlink:type="arc" xlink:arcrole="http://www.xbrl.org/2003/arcrole/parent-child" xlink:from="CashFlowsFromUsedInInvestingActivitiesAbstract" xlink:to="OtherCashPaymentsToAcquireInterestsInJointVenturesClassifiedAsInvestingActivities" order="6.0" preferredLabel="http://www.xbrl.org/2009/role/negatedTerseLabel"/>
    <link:loc xlink:type="locator" xlink:href="../../../../full_ifrs-cor_2014-03-05.xsd#ifrs-full_ProceedsFromSalesOfPropertyPlantAndEquipmentClassifiedAsInvestingActivities" xlink:label="ProceedsFromSalesOfPropertyPlantAndEquipmentClassifiedAsInvestingActivities"/>
    <link:presentationArc xlink:type="arc" xlink:arcrole="http://www.xbrl.org/2003/arcrole/parent-child" xlink:from="CashFlowsFromUsedInInvestingActivitiesAbstract" xlink:to="ProceedsFromSalesOfPropertyPlantAndEquipmentClassifiedAsInvestingActivities" order="7.0" preferredLabel="http://www.xbrl.org/2003/role/terseLabel"/>
    <link:loc xlink:type="locator" xlink:href="../../../../full_ifrs-cor_2014-03-05.xsd#ifrs-full_PurchaseOfPropertyPlantAndEquipmentClassifiedAsInvestingActivities" xlink:label="PurchaseOfPropertyPlantAndEquipmentClassifiedAsInvestingActivities"/>
    <link:presentationArc xlink:type="arc" xlink:arcrole="http://www.xbrl.org/2003/arcrole/parent-child" xlink:from="CashFlowsFromUsedInInvestingActivitiesAbstract" xlink:to="PurchaseOfPropertyPlantAndEquipmentClassifiedAsInvestingActivities" order="8.0" preferredLabel="http://www.xbrl.org/2009/role/negatedTerseLabel"/>
    <link:loc xlink:type="locator" xlink:href="../../../../full_ifrs-cor_2014-03-05.xsd#ifrs-full_ProceedsFromSalesOfIntangibleAssetsClassifiedAsInvestingActivities" xlink:label="ProceedsFromSalesOfIntangibleAssetsClassifiedAsInvestingActivities"/>
    <link:presentationArc xlink:type="arc" xlink:arcrole="http://www.xbrl.org/2003/arcrole/parent-child" xlink:from="CashFlowsFromUsedInInvestingActivitiesAbstract" xlink:to="ProceedsFromSalesOfIntangibleAssetsClassifiedAsInvestingActivities" order="9.0" preferredLabel="http://www.xbrl.org/2003/role/terseLabel"/>
    <link:loc xlink:type="locator" xlink:href="../../../../full_ifrs-cor_2014-03-05.xsd#ifrs-full_PurchaseOfIntangibleAssetsClassifiedAsInvestingActivities" xlink:label="PurchaseOfIntangibleAssetsClassifiedAsInvestingActivities"/>
    <link:presentationArc xlink:type="arc" xlink:arcrole="http://www.xbrl.org/2003/arcrole/parent-child" xlink:from="CashFlowsFromUsedInInvestingActivitiesAbstract" xlink:to="PurchaseOfIntangibleAssetsClassifiedAsInvestingActivities" order="10.0" preferredLabel="http://www.xbrl.org/2009/role/negatedTerseLabel"/>
    <link:loc xlink:type="locator" xlink:href="../../../../full_ifrs-cor_2014-03-05.xsd#ifrs-full_ProceedsFromOtherLongtermAssetsClassifiedAsInvestingActivities" xlink:label="ProceedsFromOtherLongtermAssetsClassifiedAsInvestingActivities"/>
    <link:presentationArc xlink:type="arc" xlink:arcrole="http://www.xbrl.org/2003/arcrole/parent-child" xlink:from="CashFlowsFromUsedInInvestingActivitiesAbstract" xlink:to="ProceedsFromOtherLongtermAssetsClassifiedAsInvestingActivities" order="11.0" preferredLabel="http://www.xbrl.org/2003/role/terseLabel"/>
    <link:loc xlink:type="locator" xlink:href="../../../../full_ifrs-cor_2014-03-05.xsd#ifrs-full_PurchaseOfOtherLongtermAssetsClassifiedAsInvestingActivities" xlink:label="PurchaseOfOtherLongtermAssetsClassifiedAsInvestingActivities"/>
    <link:presentationArc xlink:type="arc" xlink:arcrole="http://www.xbrl.org/2003/arcrole/parent-child" xlink:from="CashFlowsFromUsedInInvestingActivitiesAbstract" xlink:to="PurchaseOfOtherLongtermAssetsClassifiedAsInvestingActivities" order="12.0" preferredLabel="http://www.xbrl.org/2009/role/negatedTerseLabel"/>
    <link:loc xlink:type="locator" xlink:href="../../../../full_ifrs-cor_2014-03-05.xsd#ifrs-full_CashAdvancesAndLoansMadeToOtherPartiesClassifiedAsInvestingActivities" xlink:label="CashAdvancesAndLoansMadeToOtherPartiesClassifiedAsInvestingActivities"/>
    <link:presentationArc xlink:type="arc" xlink:arcrole="http://www.xbrl.org/2003/arcrole/parent-child" xlink:from="CashFlowsFromUsedInInvestingActivitiesAbstract" xlink:to="CashAdvancesAndLoansMadeToOtherPartiesClassifiedAsInvestingActivities" order="19.0" preferredLabel="http://www.xbrl.org/2009/role/negatedTerseLabel"/>
    <link:loc xlink:type="locator" xlink:href="../../../../full_ifrs-cor_2014-03-05.xsd#ifrs-full_CashReceiptsFromRepaymentOfAdvancesAndLoansMadeToOtherPartiesClassifiedAsInvestingActivities" xlink:label="CashReceiptsFromRepaymentOfAdvancesAndLoansMadeToOtherPartiesClassifiedAsInvestingActivities"/>
    <link:presentationArc xlink:type="arc" xlink:arcrole="http://www.xbrl.org/2003/arcrole/parent-child" xlink:from="CashFlowsFromUsedInInvestingActivitiesAbstract" xlink:to="CashReceiptsFromRepaymentOfAdvancesAndLoansMadeToOtherPartiesClassifiedAsInvestingActivities" order="20.0" preferredLabel="http://www.xbrl.org/2003/role/terseLabel"/>
    <link:loc xlink:type="locator" xlink:href="../../../../full_ifrs-cor_2014-03-05.xsd#ifrs-full_CashPaymentsForFutureContractsForwardContractsOptionContractsAndSwapContractsClassifiedAsInvestingActivities" xlink:label="CashPaymentsForFutureContractsForwardContractsOptionContractsAndSwapContractsClassifiedAsInvestingActivities"/>
    <link:presentationArc xlink:type="arc" xlink:arcrole="http://www.xbrl.org/2003/arcrole/parent-child" xlink:from="CashFlowsFromUsedInInvestingActivitiesAbstract" xlink:to="CashPaymentsForFutureContractsForwardContractsOptionContractsAndSwapContractsClassifiedAsInvestingActivities" order="21.0" preferredLabel="http://www.xbrl.org/2009/role/negatedTerseLabel"/>
    <link:loc xlink:type="locator" xlink:href="../../../../full_ifrs-cor_2014-03-05.xsd#ifrs-full_CashReceiptsFromFutureContractsForwardContractsOptionContractsAndSwapContractsClassifiedAsInvestingActivities" xlink:label="CashReceiptsFromFutureContractsForwardContractsOptionContractsAndSwapContractsClassifiedAsInvestingActivities"/>
    <link:presentationArc xlink:type="arc" xlink:arcrole="http://www.xbrl.org/2003/arcrole/parent-child" xlink:from="CashFlowsFromUsedInInvestingActivitiesAbstract" xlink:to="CashReceiptsFromFutureContractsForwardContractsOptionContractsAndSwapContractsClassifiedAsInvestingActivities" order="22.0" preferredLabel="http://www.xbrl.org/2003/role/terseLabel"/>
    <link:loc xlink:type="locator" xlink:href="../../../../full_ifrs-cor_2014-03-05.xsd#ifrs-full_DividendsReceivedClassifiedAsInvestingActivities" xlink:label="DividendsReceivedClassifiedAsInvestingActivities"/>
    <link:presentationArc xlink:type="arc" xlink:arcrole="http://www.xbrl.org/2003/arcrole/parent-child" xlink:from="CashFlowsFromUsedInInvestingActivitiesAbstract" xlink:to="DividendsReceivedClassifiedAsInvestingActivities" order="23.0" preferredLabel="http://www.xbrl.org/2003/role/terseLabel"/>
    <link:loc xlink:type="locator" xlink:href="../../../../full_ifrs-cor_2014-03-05.xsd#ifrs-full_InterestReceivedClassifiedAsInvestingActivities" xlink:label="InterestReceivedClassifiedAsInvestingActivities"/>
    <link:presentationArc xlink:type="arc" xlink:arcrole="http://www.xbrl.org/2003/arcrole/parent-child" xlink:from="CashFlowsFromUsedInInvestingActivitiesAbstract" xlink:to="InterestReceivedClassifiedAsInvestingActivities" order="25.0" preferredLabel="http://www.xbrl.org/2003/role/terseLabel"/>
    <link:loc xlink:type="locator" xlink:href="../../../../full_ifrs-cor_2014-03-05.xsd#ifrs-full_IncomeTaxesPaidRefundClassifiedAsInvestingActivities" xlink:label="IncomeTaxesPaidRefundClassifiedAsInvestingActivities"/>
    <link:presentationArc xlink:type="arc" xlink:arcrole="http://www.xbrl.org/2003/arcrole/parent-child" xlink:from="CashFlowsFromUsedInInvestingActivitiesAbstract" xlink:to="IncomeTaxesPaidRefundClassifiedAsInvestingActivities" order="26.0" preferredLabel="http://www.xbrl.org/2009/role/negatedTerseLabel"/>
    <link:loc xlink:type="locator" xlink:href="../../../../full_ifrs-cor_2014-03-05.xsd#ifrs-full_OtherInflowsOutflowsOfCashClassifiedAsInvestingActivities" xlink:label="OtherInflowsOutflowsOfCashClassifiedAsInvestingActivities"/>
    <link:presentationArc xlink:type="arc" xlink:arcrole="http://www.xbrl.org/2003/arcrole/parent-child" xlink:from="CashFlowsFromUsedInInvestingActivitiesAbstract" xlink:to="OtherInflowsOutflowsOfCashClassifiedAsInvestingActivities" order="27.0" preferredLabel="http://www.xbrl.org/2003/role/terseLabel"/>
    <link:loc xlink:type="locator" xlink:href="../../ifrs-dk-cor_2014-12-20.xsd#ifrs-dk_DetailsOnOtherComponentsOfCashFlowsFromUsedInInvestingActivitiesAbstract" xlink:label="DetailsOnOtherComponentsOfCashFlowsFromUsedInInvestingActivitiesAbstract" xlink:title="DetailsOnOtherComponentsOfCashFlowsFromUsedInInvestingActivitiesAbstract"/>
    <link:presentationArc xlink:type="arc" xlink:arcrole="http://www.xbrl.org/2003/arcrole/parent-child" xlink:from="OtherInflowsOutflowsOfCashClassifiedAsInvestingActivities" xlink:to="DetailsOnOtherComponentsOfCashFlowsFromUsedInInvestingActivitiesAbstract" xlink:title="presentation: OtherInflowsOutflowsOfCashClassifiedAsInvestingActivities to DetailsOnOtherComponentsOfCashFlowsFromUsedInInvestingActivitiesAbstract" order="1.0"/>
    <link:loc xlink:type="locator" xlink:href="../../ifrs-dk-cor_2014-12-20.xsd#ifrs-dk_DetailsOnOtherComponentsOfCashFlowsFromUsedInInvestingActivitiesHypercube" xlink:label="DetailsOnOtherComponentsOfCashFlowsFromUsedInInvestingActivitiesHypercube" xlink:title="DetailsOnOtherComponentsOfCashFlowsFromUsedInInvestingActivitiesHypercube"/>
    <link:presentationArc xlink:type="arc" xlink:arcrole="http://www.xbrl.org/2003/arcrole/parent-child" xlink:from="DetailsOnOtherComponentsOfCashFlowsFromUsedInInvestingActivitiesAbstract" xlink:to="DetailsOnOtherComponentsOfCashFlowsFromUsedInInvestingActivitiesHypercube" xlink:title="presentation: DetailsOnOtherComponentsOfCashFlowsFromUsedInInvestingActivitiesAbstract to DetailsOnOtherComponentsOfCashFlowsFromUsedInInvestingActivitiesHypercube" order="1.0"/>
    <link:loc xlink:type="locator" xlink:href="../../ifrs-dk-cor_2014-12-20.xsd#ifrs-dk_IdentificationOfComponentOfCashFlowsFromUsedInInvestingActivitiesDimension" xlink:label="IdentificationOfComponentOfCashFlowsFromUsedInInvestingActivitiesDimension" xlink:title="IdentificationOfComponentOfCashFlowsFromUsedInInvestingActivitiesDimension"/>
    <link:presentationArc xlink:type="arc" xlink:arcrole="http://www.xbrl.org/2003/arcrole/parent-child" xlink:from="DetailsOnOtherComponentsOfCashFlowsFromUsedInInvestingActivitiesHypercube" xlink:to="IdentificationOfComponentOfCashFlowsFromUsedInInvestingActivitiesDimension" xlink:title="presentation: DetailsOnOtherComponentsOfCashFlowsFromUsedInInvestingActivitiesHypercube to IdentificationOfComponentOfCashFlowsFromUsedInInvestingActivitiesDimension" order="1.0"/>
    <link:loc xlink:type="locator" xlink:href="../../ifrs-dk-cor_2014-12-20.xsd#ifrs-dk_NameOfComponentOfCashFlowsFromUsedInInvestingActivities" xlink:label="NameOfComponentOfCashFlowsFromUsedInInvestingActivities" xlink:title="NameOfComponentOfCashFlowsFromUsedInInvestingActivities"/>
    <link:presentationArc xlink:type="arc" xlink:arcrole="http://www.xbrl.org/2003/arcrole/parent-child" xlink:from="DetailsOnOtherComponentsOfCashFlowsFromUsedInInvestingActivitiesAbstract" xlink:to="NameOfComponentOfCashFlowsFromUsedInInvestingActivities" xlink:title="presentation: DetailsOnOtherComponentsOfCashFlowsFromUsedInInvestingActivitiesAbstract to NameOfComponentOfCashFlowsFromUsedInInvestingActivities" order="2.0"/>
    <link:loc xlink:type="locator" xlink:href="../../ifrs-dk-cor_2014-12-20.xsd#ifrs-dk_AmountOfComponentOfCashFlowsFromUsedInInvestingActivities" xlink:label="AmountOfComponentOfCashFlowsFromUsedInInvestingActivities" xlink:title="AmountOfComponentOfCashFlowsFromUsedInInvestingActivities"/>
    <link:presentationArc xlink:type="arc" xlink:arcrole="http://www.xbrl.org/2003/arcrole/parent-child" xlink:from="DetailsOnOtherComponentsOfCashFlowsFromUsedInInvestingActivitiesAbstract" xlink:to="AmountOfComponentOfCashFlowsFromUsedInInvestingActivities" xlink:title="presentation: DetailsOnOtherComponentsOfCashFlowsFromUsedInInvestingActivitiesAbstract to AmountOfComponentOfCashFlowsFromUsedInInvestingActivities" order="3.0"/>
    <link:loc xlink:type="locator" xlink:href="../../../../full_ifrs-cor_2014-03-05.xsd#ifrs-full_InterestPaidClassifiedAsInvestingActivities" xlink:label="InterestPaidClassifiedAsInvestingActivities"/>
    <link:presentationArc xlink:type="arc" xlink:arcrole="http://www.xbrl.org/2003/arcrole/parent-child" xlink:from="CashFlowsFromUsedInInvestingActivitiesAbstract" xlink:to="InterestPaidClassifiedAsInvestingActivities" order="24.0" preferredLabel="http://www.xbrl.org/2009/role/negatedTerseLabel"/>
    <link:loc xlink:type="locator" xlink:href="../../../../full_ifrs-cor_2014-03-05.xsd#ifrs-full_ProceedsFromGovernmentGrantsClassifiedAsInvestingActivities" xlink:label="ProceedsFromGovernmentGrantsClassifiedAsInvestingActivities"/>
    <link:presentationArc xlink:type="arc" xlink:arcrole="http://www.xbrl.org/2003/arcrole/parent-child" xlink:from="CashFlowsFromUsedInInvestingActivitiesAbstract" xlink:to="ProceedsFromGovernmentGrantsClassifiedAsInvestingActivities" order="17.0" preferredLabel="http://www.xbrl.org/2003/role/terseLabel"/>
    <link:loc xlink:type="locator" xlink:href="../../ifrs-dk-cor_2014-12-20.xsd#ifrs-dk_ProceedsFromSalesOfFinancialAssetsClassifiedAsInvestingActivities" xlink:label="ProceedsFromSalesOfFinancialAssetsClassifiedAsInvestingActivities"/>
    <link:presentationArc xlink:type="arc" xlink:arcrole="http://www.xbrl.org/2003/arcrole/parent-child" xlink:from="CashFlowsFromUsedInInvestingActivitiesAbstract" xlink:to="ProceedsFromSalesOfFinancialAssetsClassifiedAsInvestingActivities" order="13.0" preferredLabel="http://www.xbrl.org/2003/role/terseLabel"/>
    <link:loc xlink:type="locator" xlink:href="../../ifrs-dk-cor_2014-12-20.xsd#ifrs-dk_AdjustmentsForDecreaseIncreaseInFinancialReceivables" xlink:label="AdjustmentsForDecreaseIncreaseInFinancialReceivables"/>
    <link:presentationArc xlink:type="arc" xlink:arcrole="http://www.xbrl.org/2003/arcrole/parent-child" xlink:from="CashFlowsFromUsedInInvestingActivitiesAbstract" xlink:to="AdjustmentsForDecreaseIncreaseInFinancialReceivables" order="18.0"/>
    <link:loc xlink:type="locator" xlink:href="../../../../full_ifrs-cor_2014-03-05.xsd#ifrs-full_PurchaseOfFinancialInstrumentsClassifiedAsInvestingActivities" xlink:label="PurchaseOfFinancialInstrumentsClassifiedAsInvestingActivities" xlink:title="PurchaseOfFinancialInstrumentsClassifiedAsInvestingActivities"/>
    <link:presentationArc xlink:type="arc" xlink:arcrole="http://www.xbrl.org/2003/arcrole/parent-child" xlink:from="CashFlowsFromUsedInInvestingActivitiesAbstract" xlink:to="PurchaseOfFinancialInstrumentsClassifiedAsInvestingActivities" xlink:title="presentation: CashFlowsFromUsedInInvestingActivitiesAbstract to PurchaseOfFinancialInstrumentsClassifiedAsInvestingActivities" order="14.0"/>
    <link:loc xlink:type="locator" xlink:href="../../../../full_ifrs-cor_2014-03-05.xsd#ifrs-full_PurchaseOfExplorationAndEvaluationAssets" xlink:label="PurchaseOfExplorationAndEvaluationAssets" xlink:title="PurchaseOfExplorationAndEvaluationAssets"/>
    <link:presentationArc xlink:type="arc" xlink:arcrole="http://www.xbrl.org/2003/arcrole/parent-child" xlink:from="CashFlowsFromUsedInInvestingActivitiesAbstract" xlink:to="PurchaseOfExplorationAndEvaluationAssets" xlink:title="presentation: CashFlowsFromUsedInInvestingActivitiesAbstract to PurchaseOfExplorationAndEvaluationAssets" order="16.0"/>
    <link:loc xlink:type="locator" xlink:href="../../../../full_ifrs-cor_2014-03-05.xsd#ifrs-full_ProceedsFromDisposalOfExplorationAndEvaluationAssets" xlink:label="ProceedsFromDisposalOfExplorationAndEvaluationAssets" xlink:title="ProceedsFromDisposalOfExplorationAndEvaluationAssets"/>
    <link:presentationArc xlink:type="arc" xlink:arcrole="http://www.xbrl.org/2003/arcrole/parent-child" xlink:from="CashFlowsFromUsedInInvestingActivitiesAbstract" xlink:to="ProceedsFromDisposalOfExplorationAndEvaluationAssets" xlink:title="presentation: CashFlowsFromUsedInInvestingActivitiesAbstract to ProceedsFromDisposalOfExplorationAndEvaluationAssets" order="15.0"/>
    <link:loc xlink:type="locator" xlink:href="../../ifrs-dk-cor_2014-12-20.xsd#ifrs-dk_IncreaseOfShareCapital" xlink:label="IncreaseOfShareCapital" xlink:title="IncreaseOfShareCapital"/>
    <link:presentationArc xlink:type="arc" xlink:arcrole="http://www.xbrl.org/2003/arcrole/parent-child" xlink:from="CashFlowsFromUsedInInvestingActivitiesAbstract" xlink:to="IncreaseOfShareCapital" xlink:title="presentation: CashFlowsFromUsedInInvestingActivitiesAbstract to IncreaseOfShareCapital" order="6.5"/>
    <link:loc xlink:type="locator" xlink:href="../../ifrs-dk-cor_2014-12-20.xsd#ifrs-dk_LoansToSubsidiaries" xlink:label="LoansToSubsidiaries" xlink:title="LoansToSubsidiaries"/>
    <link:presentationArc xlink:type="arc" xlink:arcrole="http://www.xbrl.org/2003/arcrole/parent-child" xlink:from="CashFlowsFromUsedInInvestingActivitiesAbstract" xlink:to="LoansToSubsidiaries" xlink:title="presentation: CashFlowsFromUsedInInvestingActivitiesAbstract to LoansToSubsidiaries" order="19.5"/>
    <link:loc xlink:type="locator" xlink:href="../../ifrs-dk-cor_2014-12-20.xsd#ifrs-dk_CashFlowsFromHedgesOfNetInvestments" xlink:label="CashFlowsFromHedgesOfNetInvestments"/>
    <link:presentationArc xlink:type="arc" xlink:arcrole="http://www.xbrl.org/2003/arcrole/parent-child" xlink:from="CashFlowsFromUsedInInvestingActivitiesAbstract" xlink:to="CashFlowsFromHedgesOfNetInvestments" order="29.0"/>
    <link:loc xlink:type="locator" xlink:href="../../../../full_ifrs-cor_2014-03-05.xsd#ifrs-full_CashFlowsFromUsedInFinancingActivitiesAbstract" xlink:label="CashFlowsFromUsedInFinancingActivitiesAbstract"/>
    <link:presentationArc xlink:type="arc" xlink:arcrole="http://www.xbrl.org/2003/arcrole/parent-child" xlink:from="StatementOfCashFlowsAbstract" xlink:to="CashFlowsFromUsedInFinancingActivitiesAbstract" order="5.0"/>
    <link:loc xlink:type="locator" xlink:href="../../../../full_ifrs-cor_2014-03-05.xsd#ifrs-full_CashFlowsFromUsedInFinancingActivities" xlink:label="CashFlowsFromUsedInFinancingActivities"/>
    <link:presentationArc xlink:type="arc" xlink:arcrole="http://www.xbrl.org/2003/arcrole/parent-child" xlink:from="CashFlowsFromUsedInFinancingActivitiesAbstract" xlink:to="CashFlowsFromUsedInFinancingActivities" order="22.0" preferredLabel="http://www.xbrl.org/2009/role/netLabel"/>
    <link:loc xlink:type="locator" xlink:href="../../../../full_ifrs-cor_2014-03-05.xsd#ifrs-full_ProceedsFromIssuingShares" xlink:label="ProceedsFromIssuingShares"/>
    <link:presentationArc xlink:type="arc" xlink:arcrole="http://www.xbrl.org/2003/arcrole/parent-child" xlink:from="CashFlowsFromUsedInFinancingActivitiesAbstract" xlink:to="ProceedsFromIssuingShares" order="3.0"/>
    <link:loc xlink:type="locator" xlink:href="../../../../full_ifrs-cor_2014-03-05.xsd#ifrs-full_ProceedsFromIssuingOtherEquityInstruments" xlink:label="ProceedsFromIssuingOtherEquityInstruments"/>
    <link:presentationArc xlink:type="arc" xlink:arcrole="http://www.xbrl.org/2003/arcrole/parent-child" xlink:from="CashFlowsFromUsedInFinancingActivitiesAbstract" xlink:to="ProceedsFromIssuingOtherEquityInstruments" order="4.0"/>
    <link:loc xlink:type="locator" xlink:href="../../../../full_ifrs-cor_2014-03-05.xsd#ifrs-full_PaymentsToAcquireOrRedeemEntitysShares" xlink:label="PaymentsToAcquireOrRedeemEntitysShares"/>
    <link:presentationArc xlink:type="arc" xlink:arcrole="http://www.xbrl.org/2003/arcrole/parent-child" xlink:from="CashFlowsFromUsedInFinancingActivitiesAbstract" xlink:to="PaymentsToAcquireOrRedeemEntitysShares" order="5.0" preferredLabel="http://www.xbrl.org/2009/role/negatedLabel"/>
    <link:loc xlink:type="locator" xlink:href="../../../../full_ifrs-cor_2014-03-05.xsd#ifrs-full_PaymentsOfOtherEquityInstruments" xlink:label="PaymentsOfOtherEquityInstruments"/>
    <link:presentationArc xlink:type="arc" xlink:arcrole="http://www.xbrl.org/2003/arcrole/parent-child" xlink:from="CashFlowsFromUsedInFinancingActivitiesAbstract" xlink:to="PaymentsOfOtherEquityInstruments" order="6.0" preferredLabel="http://www.xbrl.org/2009/role/negatedLabel"/>
    <link:loc xlink:type="locator" xlink:href="../../../../full_ifrs-cor_2014-03-05.xsd#ifrs-full_PaymentsOfFinanceLeaseLiabilitiesClassifiedAsFinancingActivities" xlink:label="PaymentsOfFinanceLeaseLiabilitiesClassifiedAsFinancingActivities"/>
    <link:presentationArc xlink:type="arc" xlink:arcrole="http://www.xbrl.org/2003/arcrole/parent-child" xlink:from="CashFlowsFromUsedInFinancingActivitiesAbstract" xlink:to="PaymentsOfFinanceLeaseLiabilitiesClassifiedAsFinancingActivities" order="14.0" preferredLabel="http://www.xbrl.org/2009/role/negatedTerseLabel"/>
    <link:loc xlink:type="locator" xlink:href="../../../../full_ifrs-cor_2014-03-05.xsd#ifrs-full_DividendsPaidClassifiedAsFinancingActivities" xlink:label="DividendsPaidClassifiedAsFinancingActivities"/>
    <link:presentationArc xlink:type="arc" xlink:arcrole="http://www.xbrl.org/2003/arcrole/parent-child" xlink:from="CashFlowsFromUsedInFinancingActivitiesAbstract" xlink:to="DividendsPaidClassifiedAsFinancingActivities" order="16.0" preferredLabel="http://www.xbrl.org/2009/role/negatedTerseLabel"/>
    <link:loc xlink:type="locator" xlink:href="../../../../full_ifrs-cor_2014-03-05.xsd#ifrs-full_InterestPaidClassifiedAsFinancingActivities" xlink:label="InterestPaidClassifiedAsFinancingActivities"/>
    <link:presentationArc xlink:type="arc" xlink:arcrole="http://www.xbrl.org/2003/arcrole/parent-child" xlink:from="CashFlowsFromUsedInFinancingActivitiesAbstract" xlink:to="InterestPaidClassifiedAsFinancingActivities" order="18.0" preferredLabel="http://www.xbrl.org/2009/role/negatedTerseLabel"/>
    <link:loc xlink:type="locator" xlink:href="../../../../full_ifrs-cor_2014-03-05.xsd#ifrs-full_IncomeTaxesPaidRefundClassifiedAsFinancingActivities" xlink:label="IncomeTaxesPaidRefundClassifiedAsFinancingActivities"/>
    <link:presentationArc xlink:type="arc" xlink:arcrole="http://www.xbrl.org/2003/arcrole/parent-child" xlink:from="CashFlowsFromUsedInFinancingActivitiesAbstract" xlink:to="IncomeTaxesPaidRefundClassifiedAsFinancingActivities" order="20.0" preferredLabel="http://www.xbrl.org/2009/role/negatedTerseLabel"/>
    <link:loc xlink:type="locator" xlink:href="../../../../full_ifrs-cor_2014-03-05.xsd#ifrs-full_OtherInflowsOutflowsOfCashClassifiedAsFinancingActivities" xlink:label="OtherInflowsOutflowsOfCashClassifiedAsFinancingActivities"/>
    <link:presentationArc xlink:type="arc" xlink:arcrole="http://www.xbrl.org/2003/arcrole/parent-child" xlink:from="CashFlowsFromUsedInFinancingActivitiesAbstract" xlink:to="OtherInflowsOutflowsOfCashClassifiedAsFinancingActivities" order="21.0" preferredLabel="http://www.xbrl.org/2003/role/terseLabel"/>
    <link:loc xlink:type="locator" xlink:href="../../ifrs-dk-cor_2014-12-20.xsd#ifrs-dk_DetailsOnOtherComponentsOfCashFlowsFromUsedInFinancingActivitiesAbstract" xlink:label="DetailsOnOtherComponentsOfCashFlowsFromUsedInFinancingActivitiesAbstract" xlink:title="DetailsOnOtherComponentsOfCashFlowsFromUsedInFinancingActivitiesAbstract"/>
    <link:presentationArc xlink:type="arc" xlink:arcrole="http://www.xbrl.org/2003/arcrole/parent-child" xlink:from="OtherInflowsOutflowsOfCashClassifiedAsFinancingActivities" xlink:to="DetailsOnOtherComponentsOfCashFlowsFromUsedInFinancingActivitiesAbstract" xlink:title="presentation: OtherInflowsOutflowsOfCashClassifiedAsFinancingActivities to DetailsOnOtherComponentsOfCashFlowsFromUsedInFinancingActivitiesAbstract" order="1.0"/>
    <link:loc xlink:type="locator" xlink:href="../../ifrs-dk-cor_2014-12-20.xsd#ifrs-dk_DetailsOnOtherComponentsOfCashFlowsFromUsedInFinancingActivitiesHypercube" xlink:label="DetailsOnOtherComponentsOfCashFlowsFromUsedInFinancingActivitiesHypercube" xlink:title="DetailsOnOtherComponentsOfCashFlowsFromUsedInFinancingActivitiesHypercube"/>
    <link:presentationArc xlink:type="arc" xlink:arcrole="http://www.xbrl.org/2003/arcrole/parent-child" xlink:from="DetailsOnOtherComponentsOfCashFlowsFromUsedInFinancingActivitiesAbstract" xlink:to="DetailsOnOtherComponentsOfCashFlowsFromUsedInFinancingActivitiesHypercube" xlink:title="presentation: DetailsOnOtherComponentsOfCashFlowsFromUsedInFinancingActivitiesAbstract to DetailsOnOtherComponentsOfCashFlowsFromUsedInFinancingActivitiesHypercube" order="1.0"/>
    <link:loc xlink:type="locator" xlink:href="../../ifrs-dk-cor_2014-12-20.xsd#ifrs-dk_IdentificationOfComponentOfCashFlowsFromUsedInFinancingActivitiesDimension" xlink:label="IdentificationOfComponentOfCashFlowsFromUsedInFinancingActivitiesDimension" xlink:title="IdentificationOfComponentOfCashFlowsFromUsedInFinancingActivitiesDimension"/>
    <link:presentationArc xlink:type="arc" xlink:arcrole="http://www.xbrl.org/2003/arcrole/parent-child" xlink:from="DetailsOnOtherComponentsOfCashFlowsFromUsedInFinancingActivitiesHypercube" xlink:to="IdentificationOfComponentOfCashFlowsFromUsedInFinancingActivitiesDimension" xlink:title="presentation: DetailsOnOtherComponentsOfCashFlowsFromUsedInFinancingActivitiesHypercube to IdentificationOfComponentOfCashFlowsFromUsedInFinancingActivitiesDimension" order="1.0"/>
    <link:loc xlink:type="locator" xlink:href="../../ifrs-dk-cor_2014-12-20.xsd#ifrs-dk_NameOfComponentOfCashFlowsFromUsedInFinancingActivities" xlink:label="NameOfComponentOfCashFlowsFromUsedInFinancingActivities" xlink:title="NameOfComponentOfCashFlowsFromUsedInFinancingActivities"/>
    <link:presentationArc xlink:type="arc" xlink:arcrole="http://www.xbrl.org/2003/arcrole/parent-child" xlink:from="DetailsOnOtherComponentsOfCashFlowsFromUsedInFinancingActivitiesAbstract" xlink:to="NameOfComponentOfCashFlowsFromUsedInFinancingActivities" xlink:title="presentation: DetailsOnOtherComponentsOfCashFlowsFromUsedInFinancingActivitiesAbstract to NameOfComponentOfCashFlowsFromUsedInFinancingActivities" order="2.0"/>
    <link:loc xlink:type="locator" xlink:href="../../ifrs-dk-cor_2014-12-20.xsd#ifrs-dk_AmountOfComponentOfCashFlowsFromUsedInFinancingActivities" xlink:label="AmountOfComponentOfCashFlowsFromUsedInFinancingActivities" xlink:title="AmountOfComponentOfCashFlowsFromUsedInFinancingActivities"/>
    <link:presentationArc xlink:type="arc" xlink:arcrole="http://www.xbrl.org/2003/arcrole/parent-child" xlink:from="DetailsOnOtherComponentsOfCashFlowsFromUsedInFinancingActivitiesAbstract" xlink:to="AmountOfComponentOfCashFlowsFromUsedInFinancingActivities" xlink:title="presentation: DetailsOnOtherComponentsOfCashFlowsFromUsedInFinancingActivitiesAbstract to AmountOfComponentOfCashFlowsFromUsedInFinancingActivities" order="3.0"/>
    <link:loc xlink:type="locator" xlink:href="../../../../full_ifrs-cor_2014-03-05.xsd#ifrs-full_ProceedsFromBorrowingsClassifiedAsFinancingActivities" xlink:label="ProceedsFromBorrowingsClassifiedAsFinancingActivities"/>
    <link:presentationArc xlink:type="arc" xlink:arcrole="http://www.xbrl.org/2003/arcrole/parent-child" xlink:from="CashFlowsFromUsedInFinancingActivitiesAbstract" xlink:to="ProceedsFromBorrowingsClassifiedAsFinancingActivities" order="12.0" preferredLabel="http://www.xbrl.org/2003/role/terseLabel"/>
    <link:loc xlink:type="locator" xlink:href="../../../../full_ifrs-cor_2014-03-05.xsd#ifrs-full_ProceedsFromGovernmentGrantsClassifiedAsFinancingActivities" xlink:label="ProceedsFromGovernmentGrantsClassifiedAsFinancingActivities"/>
    <link:presentationArc xlink:type="arc" xlink:arcrole="http://www.xbrl.org/2003/arcrole/parent-child" xlink:from="CashFlowsFromUsedInFinancingActivitiesAbstract" xlink:to="ProceedsFromGovernmentGrantsClassifiedAsFinancingActivities" order="15.0" preferredLabel="http://www.xbrl.org/2003/role/terseLabel"/>
    <link:loc xlink:type="locator" xlink:href="../../../../full_ifrs-cor_2014-03-05.xsd#ifrs-full_ProceedsFromChangesInOwnershipInterestsInSubsidiaries" xlink:label="ProceedsFromChangesInOwnershipInterestsInSubsidiaries"/>
    <link:presentationArc xlink:type="arc" xlink:arcrole="http://www.xbrl.org/2003/arcrole/parent-child" xlink:from="CashFlowsFromUsedInFinancingActivitiesAbstract" xlink:to="ProceedsFromChangesInOwnershipInterestsInSubsidiaries" order="1.0"/>
    <link:loc xlink:type="locator" xlink:href="../../../../full_ifrs-cor_2014-03-05.xsd#ifrs-full_PaymentsFromChangesInOwnershipInterestsInSubsidiaries" xlink:label="PaymentsFromChangesInOwnershipInterestsInSubsidiaries"/>
    <link:presentationArc xlink:type="arc" xlink:arcrole="http://www.xbrl.org/2003/arcrole/parent-child" xlink:from="CashFlowsFromUsedInFinancingActivitiesAbstract" xlink:to="PaymentsFromChangesInOwnershipInterestsInSubsidiaries" order="2.0" preferredLabel="http://www.xbrl.org/2009/role/negatedLabel"/>
    <link:loc xlink:type="locator" xlink:href="../../ifrs-dk-cor_2014-12-20.xsd#ifrs-dk_ProceedsFromSalesOfCompanyAssets" xlink:label="ProceedsFromSalesOfCompanyAssets"/>
    <link:presentationArc xlink:type="arc" xlink:arcrole="http://www.xbrl.org/2003/arcrole/parent-child" xlink:from="CashFlowsFromUsedInFinancingActivitiesAbstract" xlink:to="ProceedsFromSalesOfCompanyAssets" order="7.0"/>
    <link:loc xlink:type="locator" xlink:href="../../ifrs-dk-cor_2014-12-20.xsd#ifrs-dk_PurchaseSaleOfTreasuryAssets" xlink:label="PurchaseSaleOfTreasuryAssets"/>
    <link:presentationArc xlink:type="arc" xlink:arcrole="http://www.xbrl.org/2003/arcrole/parent-child" xlink:from="CashFlowsFromUsedInFinancingActivitiesAbstract" xlink:to="PurchaseSaleOfTreasuryAssets" order="8.0"/>
    <link:loc xlink:type="locator" xlink:href="../../ifrs-dk-cor_2014-12-20.xsd#ifrs-dk_ProceedsFromSaleOfWarrants" xlink:label="ProceedsFromSaleOfWarrants"/>
    <link:presentationArc xlink:type="arc" xlink:arcrole="http://www.xbrl.org/2003/arcrole/parent-child" xlink:from="CashFlowsFromUsedInFinancingActivitiesAbstract" xlink:to="ProceedsFromSaleOfWarrants" order="9.0"/>
    <link:loc xlink:type="locator" xlink:href="../../ifrs-dk-cor_2014-12-20.xsd#ifrs-dk_IssuanceCost" xlink:label="IssuanceCost"/>
    <link:presentationArc xlink:type="arc" xlink:arcrole="http://www.xbrl.org/2003/arcrole/parent-child" xlink:from="CashFlowsFromUsedInFinancingActivitiesAbstract" xlink:to="IssuanceCost" order="10.0"/>
    <link:loc xlink:type="locator" xlink:href="../../ifrs-dk-cor_2014-12-20.xsd#ifrs-dk_EmployeeBonds" xlink:label="EmployeeBonds"/>
    <link:presentationArc xlink:type="arc" xlink:arcrole="http://www.xbrl.org/2003/arcrole/parent-child" xlink:from="CashFlowsFromUsedInFinancingActivitiesAbstract" xlink:to="EmployeeBonds" order="11.0"/>
    <link:loc xlink:type="locator" xlink:href="../../ifrs-dk-cor_2014-12-20.xsd#ifrs-dk_InterestReceivedClassifiedAsFinancingActivities" xlink:label="InterestReceivedClassifiedAsFinancingActivities" xlink:title="InterestReceivedClassifiedAsFinancingActivities"/>
    <link:presentationArc xlink:type="arc" xlink:arcrole="http://www.xbrl.org/2003/arcrole/parent-child" xlink:from="CashFlowsFromUsedInFinancingActivitiesAbstract" xlink:to="InterestReceivedClassifiedAsFinancingActivities" xlink:title="presentation: CashFlowsFromUsedInFinancingActivitiesAbstract to InterestReceivedClassifiedAsFinancingActivities" order="19.0" preferredLabel="http://www.xbrl.org/2003/role/terseLabel"/>
    <link:loc xlink:type="locator" xlink:href="../../ifrs-dk-cor_2014-12-20.xsd#ifrs-dk_DividendsReceivedClassifiedAsFinancingActivities" xlink:label="DividendsReceivedClassifiedAsFinancingActivities" xlink:title="DividendsReceivedClassifiedAsFinancingActivities"/>
    <link:presentationArc xlink:type="arc" xlink:arcrole="http://www.xbrl.org/2003/arcrole/parent-child" xlink:from="CashFlowsFromUsedInFinancingActivitiesAbstract" xlink:to="DividendsReceivedClassifiedAsFinancingActivities" xlink:title="presentation: CashFlowsFromUsedInFinancingActivitiesAbstract to DividendsReceivedClassifiedAsFinancingActivities" order="17.0" preferredLabel="http://www.xbrl.org/2003/role/terseLabel"/>
    <link:loc xlink:type="locator" xlink:href="../../ifrs-dk-cor_2014-12-20.xsd#ifrs-dk_CashReceiptsFromCurrentBorrowings" xlink:label="CashReceiptsFromCurrentBorrowings" xlink:title="CashReceiptsFromCurrentBorrowings"/>
    <link:presentationArc xlink:type="arc" xlink:arcrole="http://www.xbrl.org/2003/arcrole/parent-child" xlink:from="CashFlowsFromUsedInFinancingActivitiesAbstract" xlink:to="CashReceiptsFromCurrentBorrowings" xlink:title="presentation: CashFlowsFromUsedInFinancingActivitiesAbstract to CashReceiptsFromCurrentBorrowings" order="12.0"/>
    <link:loc xlink:type="locator" xlink:href="../../ifrs-dk-cor_2014-12-20.xsd#ifrs-dk_CashReceiptsFromNoncurrentBorrowings" xlink:label="CashReceiptsFromNoncurrentBorrowings" xlink:title="CashReceiptsFromNoncurrentBorrowings"/>
    <link:presentationArc xlink:type="arc" xlink:arcrole="http://www.xbrl.org/2003/arcrole/parent-child" xlink:from="CashFlowsFromUsedInFinancingActivitiesAbstract" xlink:to="CashReceiptsFromNoncurrentBorrowings" xlink:title="presentation: CashFlowsFromUsedInFinancingActivitiesAbstract to CashReceiptsFromNoncurrentBorrowings" order="12.0"/>
    <link:loc xlink:type="locator" xlink:href="../../ifrs-dk-cor_2014-12-20.xsd#ifrs-dk_DividensDistributedToNonControllingInterests" xlink:label="DividensDistributedToNonControllingInterests" xlink:title="DividensDistributedToNonControllingInterests"/>
    <link:presentationArc xlink:type="arc" xlink:arcrole="http://www.xbrl.org/2003/arcrole/parent-child" xlink:from="CashFlowsFromUsedInFinancingActivitiesAbstract" xlink:to="DividensDistributedToNonControllingInterests" xlink:title="presentation: CashFlowsFromUsedInFinancingActivitiesAbstract to DividensDistributedToNonControllingInterests" order="16.5"/>
    <link:loc xlink:type="locator" xlink:href="../../ifrs-dk-cor_2014-12-20.xsd#ifrs-dk_RepaymentsOfBorrowingsClassifiedAsFinancingActivitiesAbstract" xlink:label="RepaymentsOfBorrowingsClassifiedAsFinancingActivitiesAbstract"/>
    <link:presentationArc xlink:type="arc" xlink:arcrole="http://www.xbrl.org/2003/arcrole/parent-child" xlink:from="CashFlowsFromUsedInFinancingActivitiesAbstract" xlink:to="RepaymentsOfBorrowingsClassifiedAsFinancingActivitiesAbstract" order="13.0"/>
    <link:loc xlink:type="locator" xlink:href="../../../../full_ifrs-cor_2014-03-05.xsd#ifrs-full_RepaymentsOfBorrowingsClassifiedAsFinancingActivities" xlink:label="RepaymentsOfBorrowingsClassifiedAsFinancingActivities"/>
    <link:presentationArc xlink:type="arc" xlink:arcrole="http://www.xbrl.org/2003/arcrole/parent-child" xlink:from="RepaymentsOfBorrowingsClassifiedAsFinancingActivitiesAbstract" xlink:to="RepaymentsOfBorrowingsClassifiedAsFinancingActivities" use="optional" order="3.0" preferredLabel="http://www.xbrl.org/2009/role/negatedTotalLabel"/>
    <link:loc xlink:type="locator" xlink:href="../../../../full_ifrs-cor_2014-03-05.xsd#ifrs-full_RepaymentsOfCurrentBorrowings" xlink:label="RepaymentsOfCurrentBorrowings" xlink:title="RepaymentsOfCurrentBorrowings"/>
    <link:presentationArc xlink:type="arc" xlink:arcrole="http://www.xbrl.org/2003/arcrole/parent-child" xlink:from="RepaymentsOfBorrowingsClassifiedAsFinancingActivitiesAbstract" xlink:to="RepaymentsOfCurrentBorrowings" xlink:title="presentation: RepaymentsOfBorrowingsClassifiedAsFinancingActivitiesAbstract to RepaymentsOfCurrentBorrowings" order="1.0"/>
    <link:loc xlink:type="locator" xlink:href="../../../../full_ifrs-cor_2014-03-05.xsd#ifrs-full_RepaymentsOfNoncurrentBorrowings" xlink:label="RepaymentsOfNoncurrentBorrowings" xlink:title="RepaymentsOfNoncurrentBorrowings"/>
    <link:presentationArc xlink:type="arc" xlink:arcrole="http://www.xbrl.org/2003/arcrole/parent-child" xlink:from="RepaymentsOfBorrowingsClassifiedAsFinancingActivitiesAbstract" xlink:to="RepaymentsOfNoncurrentBorrowings" xlink:title="presentation: RepaymentsOfBorrowingsClassifiedAsFinancingActivitiesAbstract to RepaymentsOfNoncurrentBorrowings" order="2.0"/>
    <link:loc xlink:type="locator" xlink:href="../../../../full_ifrs-cor_2014-03-05.xsd#ifrs-full_IncreaseDecreaseInCashAndCashEquivalentsBeforeEffectOfExchangeRateChanges" xlink:label="IncreaseDecreaseInCashAndCashEquivalentsBeforeEffectOfExchangeRateChanges"/>
    <link:presentationArc xlink:type="arc" xlink:arcrole="http://www.xbrl.org/2003/arcrole/parent-child" xlink:from="StatementOfCashFlowsAbstract" xlink:to="IncreaseDecreaseInCashAndCashEquivalentsBeforeEffectOfExchangeRateChanges" order="7.0" preferredLabel="http://www.xbrl.org/2009/role/netLabel"/>
    <link:loc xlink:type="locator" xlink:href="../../../../full_ifrs-cor_2014-03-05.xsd#ifrs-full_EffectOfExchangeRateChangesOnCashAndCashEquivalentsAbstract" xlink:label="EffectOfExchangeRateChangesOnCashAndCashEquivalentsAbstract"/>
    <link:presentationArc xlink:type="arc" xlink:arcrole="http://www.xbrl.org/2003/arcrole/parent-child" xlink:from="StatementOfCashFlowsAbstract" xlink:to="EffectOfExchangeRateChangesOnCashAndCashEquivalentsAbstract" order="8.0"/>
    <link:loc xlink:type="locator" xlink:href="../../../../full_ifrs-cor_2014-03-05.xsd#ifrs-full_EffectOfExchangeRateChangesOnCashAndCashEquivalents" xlink:label="EffectOfExchangeRateChangesOnCashAndCashEquivalents"/>
    <link:presentationArc xlink:type="arc" xlink:arcrole="http://www.xbrl.org/2003/arcrole/parent-child" xlink:from="EffectOfExchangeRateChangesOnCashAndCashEquivalentsAbstract" xlink:to="EffectOfExchangeRateChangesOnCashAndCashEquivalents" order="1.0"/>
    <link:loc xlink:type="locator" xlink:href="../../../../full_ifrs-cor_2014-03-05.xsd#ifrs-full_IncreaseDecreaseInCashAndCashEquivalents" xlink:label="IncreaseDecreaseInCashAndCashEquivalents"/>
    <link:presentationArc xlink:type="arc" xlink:arcrole="http://www.xbrl.org/2003/arcrole/parent-child" xlink:from="StatementOfCashFlowsAbstract" xlink:to="IncreaseDecreaseInCashAndCashEquivalents" order="9.0" preferredLabel="http://www.xbrl.org/2009/role/netLabel"/>
    <link:loc xlink:type="locator" xlink:href="../../../../full_ifrs-cor_2014-03-05.xsd#ifrs-full_CashAndCashEquivalents" xlink:label="CashAndCashEquivalents"/>
    <link:presentationArc xlink:type="arc" xlink:arcrole="http://www.xbrl.org/2003/arcrole/parent-child" xlink:from="StatementOfCashFlowsAbstract" xlink:to="CashAndCashEquivalents" order="10.0" preferredLabel="http://www.xbrl.org/2003/role/periodStartLabel"/>
    <link:loc xlink:type="locator" xlink:href="../../../../full_ifrs-cor_2014-03-05.xsd#ifrs-full_CashAndCashEquivalents" xlink:label="CashAndCashEquivalents_2"/>
    <link:presentationArc xlink:type="arc" xlink:arcrole="http://www.xbrl.org/2003/arcrole/parent-child" xlink:from="StatementOfCashFlowsAbstract" xlink:to="CashAndCashEquivalents_2" priority="1" order="11.0" preferredLabel="http://www.xbrl.org/2003/role/periodEndLabel"/>
    <link:loc xlink:type="locator" xlink:href="../../ifrs-dk-cor_2014-12-20.xsd#ifrs-dk_CashFlowsFromDiscontinuedOperations" xlink:label="CashFlowsFromDiscontinuedOperations"/>
    <link:presentationArc xlink:type="arc" xlink:arcrole="http://www.xbrl.org/2003/arcrole/parent-child" xlink:from="StatementOfCashFlowsAbstract" xlink:to="CashFlowsFromDiscontinuedOperations" use="optional" order="6.0"/>
    <link:presentationArc xlink:type="arc" xlink:arcrole="http://www.xbrl.org/2003/arcrole/parent-child" xlink:from="StatementOfCashFlowsAbstract" xlink:to="CommonTable" xlink:title="presentation: StatementOfCashFlowsAbstract to CommonTable" order="12.0"/>
    <link:loc xlink:type="locator" xlink:href="../../ifrs-dk-cor_2014-12-20.xsd#ifrs-dk_FreeCashFlowsFromUsedInOperatingInvestingActivities" xlink:label="FreeCashFlowsFromUsedInOperatingInvestingActivities"/>
    <link:presentationArc xlink:type="arc" xlink:arcrole="http://www.xbrl.org/2003/arcrole/parent-child" xlink:from="StatementOfCashFlowsAbstract" xlink:to="FreeCashFlowsFromUsedInOperatingInvestingActivities" order="4.0"/>
    <link:loc xlink:type="locator" xlink:href="../../../../full_ifrs-cor_2014-03-05.xsd#ifrs-full_ProfitLossFromOperatingActivities" xlink:label="ProfitLossFromOperatingActivities"/>
    <link:presentationArc xlink:type="arc" xlink:arcrole="http://www.xbrl.org/2003/arcrole/parent-child" xlink:from="StatementOfCashFlowsAbstract" xlink:to="ProfitLossFromOperatingActivities" use="optional" order="1.0" preferredLabel="http://www.xbrl.org/2003/role/totalLabel"/>
  </link:presentationLink>
</link:linkbase>
