<?xml version="1.0" encoding="UTF-8"?>
<!-- Generated by Fujitsu Interstage XWand B0166 -->
<?officialURI http://archprod.service.eogs.dk/taxonomy/20131220/gsd/full_gsd/gsd_000.00_2013-12-20/gla_gsd_2013-12-20_role-000.00.xml?>

<?taxonomy-version 0.0.10?>

<link:linkbase xmlns:xsi="http://www.w3.org/2001/XMLSchema-instance" xsi:schemaLocation="http://www.xbrl.org/2003/linkbase http://www.xbrl.org/2003/xbrl-linkbase-2003-12-31.xsd http://xbrl.org/2008/label http://www.xbrl.org/2008/generic-label.xsd http://xbrl.org/2008/generic http://www.xbrl.org/2008/generic-link.xsd" xmlns:gen="http://xbrl.org/2008/generic" xmlns:link="http://www.xbrl.org/2003/linkbase" xmlns:xlink="http://www.w3.org/1999/xlink" xmlns:label="http://xbrl.org/2008/label">
  <link:roleRef roleURI="http://www.xbrl.org/2008/role/label" xlink:type="simple" xlink:href="http://www.xbrl.org/2008/generic-label.xsd#standard-label"/>
  <link:roleRef roleURI="http://www.xbrl.org/2008/role/link" xlink:type="simple" xlink:href="http://www.xbrl.org/2008/generic-link.xsd#standard-link-role"/>
  <link:arcroleRef arcroleURI="http://xbrl.org/arcrole/2008/element-label" xlink:type="simple" xlink:href="http://www.xbrl.org/2008/generic-label.xsd#element-label"/>
  <gen:link xlink:type="extended" xlink:role="http://www.xbrl.org/2008/role/link">
    <link:loc xlink:type="locator" xlink:href="rol_gsd_000.00_2013-12-20.xsd#gsd_00000_GeneralAndSubmissionData" xlink:label="roleType"/>
    <label:label xlink:type="resource" xlink:label="label" xlink:role="http://www.xbrl.org/2008/role/label" xml:lang="en">[000.00] General and submission data</label:label>
    <gen:arc xlink:type="arc" xlink:arcrole="http://xbrl.org/arcrole/2008/element-label" xlink:from="roleType" xlink:to="label" order="10.0"/>
    <label:label xlink:type="resource" xlink:label="label_2" xlink:role="http://www.xbrl.org/2008/role/label" xml:lang="da">[000.00] Indsendelsesoplysninger</label:label>
    <gen:arc xlink:type="arc" xlink:arcrole="http://xbrl.org/arcrole/2008/element-label" xlink:from="roleType" xlink:to="label_2" order="20.0"/>
    <link:loc xlink:type="locator" xlink:href="rol_gsd_000.00_2013-12-20.xsd#gsd_00000_GeneralAndSubmissionDataDetails" xlink:label="roleType_2"/>
    <label:label xlink:type="resource" xlink:label="label_3" xlink:role="http://www.xbrl.org/2008/role/label" xml:lang="en">[000.00] General and submission data - Details</label:label>
    <gen:arc xlink:type="arc" xlink:arcrole="http://xbrl.org/arcrole/2008/element-label" xlink:from="roleType_2" xlink:to="label_3" order="10.0"/>
    <label:label xlink:type="resource" xlink:label="label_4" xlink:role="http://www.xbrl.org/2008/role/label" xml:lang="da">[000.00] Indsendelsesoplysninger - Detaljer</label:label>
    <gen:arc xlink:type="arc" xlink:arcrole="http://xbrl.org/arcrole/2008/element-label" xlink:from="roleType_2" xlink:to="label_4" order="20.0"/>
    <link:loc xlink:type="locator" xlink:href="rol_gsd_000.00_2013-12-20.xsd#gsd_00001_HypercubeGeneralAndSubmissionDataDetailsOnMembersOfExecutiveBoard" xlink:label="roleType_3"/>
    <label:label xlink:type="resource" xlink:label="label_5" xlink:role="http://www.xbrl.org/2008/role/label" xml:lang="en">[000.01] Hypercube [General and submission data] - Details on members of executive board</label:label>
    <gen:arc xlink:type="arc" xlink:arcrole="http://xbrl.org/arcrole/2008/element-label" xlink:from="roleType_3" xlink:to="label_5" order="10.0"/>
    <label:label xlink:type="resource" xlink:label="label_6" xlink:role="http://www.xbrl.org/2008/role/label" xml:lang="da">[000.01] Hypercube [Indsendelsesoplysninger] - Detaljer om medlemmer af direktionen</label:label>
    <gen:arc xlink:type="arc" xlink:arcrole="http://xbrl.org/arcrole/2008/element-label" xlink:from="roleType_3" xlink:to="label_6" order="20.0"/>
    <link:loc xlink:type="locator" xlink:href="rol_gsd_000.00_2013-12-20.xsd#gsd_00002_HypercubeGeneralAndSubmissionDataDetailsOnMembersOfSupervisoryBoard" xlink:label="roleType_4"/>
    <label:label xlink:type="resource" xlink:label="label_7" xlink:role="http://www.xbrl.org/2008/role/label" xml:lang="en">[000.02] Hypercube [General and submission data] - Details on members of supervisory board</label:label>
    <gen:arc xlink:type="arc" xlink:arcrole="http://xbrl.org/arcrole/2008/element-label" xlink:from="roleType_4" xlink:to="label_7" order="10.0"/>
    <label:label xlink:type="resource" xlink:label="label_8" xlink:role="http://www.xbrl.org/2008/role/label" xml:lang="da">[000.02] Hypercube [Indsendelsesoplysninger] - Detaljer om medlemmer af bestyrelsen</label:label>
    <gen:arc xlink:type="arc" xlink:arcrole="http://xbrl.org/arcrole/2008/element-label" xlink:from="roleType_4" xlink:to="label_8" order="20.0"/>
    <link:loc xlink:type="locator" xlink:href="rol_gsd_000.00_2013-12-20.xsd#gsd_00003_HypercubeGeneralAndSubmissionDataDetailsOnAuditorPerformingAuditOfFinancialStatements" xlink:label="roleType_5"/>
    <label:label xlink:type="resource" xlink:label="label_9" xlink:role="http://www.xbrl.org/2008/role/label" xml:lang="en">[000.03] Hypercube [General and submission data] - Details on auditor performing audit of financial statements</label:label>
    <gen:arc xlink:type="arc" xlink:arcrole="http://xbrl.org/arcrole/2008/element-label" xlink:from="roleType_5" xlink:to="label_9" order="10.0"/>
    <label:label xlink:type="resource" xlink:label="label_10" xlink:role="http://www.xbrl.org/2008/role/label" xml:lang="da">[000.03] Hypercube [Indsendelsesoplysninger] - Detaljer om revisor</label:label>
    <gen:arc xlink:type="arc" xlink:arcrole="http://xbrl.org/arcrole/2008/element-label" xlink:from="roleType_5" xlink:to="label_10" order="20.0"/>
    <link:loc xlink:type="locator" xlink:href="rol_gsd_000.00_2013-12-20.xsd#gsd_00004_HypercubeGeneralAndSubmissionDataDetailsOnLiquidator" xlink:label="roleType_6"/>
    <label:label xlink:type="resource" xlink:label="label_11" xlink:role="http://www.xbrl.org/2008/role/label" xml:lang="en">[000.04] Hypercube [General and submission data] - Details on liquidator</label:label>
    <gen:arc xlink:type="arc" xlink:arcrole="http://xbrl.org/arcrole/2008/element-label" xlink:from="roleType_6" xlink:to="label_11" order="10.0"/>
    <label:label xlink:type="resource" xlink:label="label_12" xlink:role="http://www.xbrl.org/2008/role/label" xml:lang="da">[000.04] Hypercube [Indsendelsesoplysninger] - Detaljer om likvidator</label:label>
    <gen:arc xlink:type="arc" xlink:arcrole="http://xbrl.org/arcrole/2008/element-label" xlink:from="roleType_6" xlink:to="label_12" order="20.0"/>
  </gen:link>
</link:linkbase>
