<?xml version="1.0" encoding="UTF-8"?>
<!-- Generated by Fujitsu Interstage XWand B0209 -->
<?officialURI http://archprod.service.eogs.dk/taxonomy/20141220/ifrs/full_ifrs_dk/ifrs-dk_105.00_2014-12-20/pre_ifrs-dk_2014-12-20_role-105.00.xml?>

<?taxonomy-version 0.2.0?>

<link:linkbase xmlns:xsi="http://www.w3.org/2001/XMLSchema-instance" xsi:schemaLocation="http://www.xbrl.org/2003/linkbase http://www.xbrl.org/2003/xbrl-linkbase-2003-12-31.xsd" xmlns:link="http://www.xbrl.org/2003/linkbase" xmlns:rol_ifrs-dk_105.00_2014-12-20="http://xbrl.dcca.dk/role/ifrs-dk/rol_ifrs-dk_105.00_2014-12-20" xmlns:xbrldt="http://xbrl.org/2005/xbrldt" xmlns:xbrli="http://www.xbrl.org/2003/instance" xmlns:xlink="http://www.w3.org/1999/xlink">
  <link:roleRef roleURI="http://xbrl.dcca.dk/role/105.00/ManagementCommentary" xlink:type="simple" xlink:href="rol_ifrs-dk_105.00_2014-12-20.xsd#ifrs-dk_10500_ManagementCommentary"/>
  <link:roleRef roleURI="http://www.xbrl.org/2009/role/negatedLabel" xlink:type="simple" xlink:href="http://www.xbrl.org/lrr/role/negated-2009-12-16.xsd#negatedLabel"/>
  <link:roleRef roleURI="http://www.xbrl.org/2009/role/negatedTerseLabel" xlink:type="simple" xlink:href="http://www.xbrl.org/lrr/role/negated-2009-12-16.xsd#negatedTerseLabel"/>
  <link:roleRef roleURI="http://www.xbrl.org/2009/role/negatedTotalLabel" xlink:type="simple" xlink:href="http://www.xbrl.org/lrr/role/negated-2009-12-16.xsd#negatedTotalLabel"/>
  <link:roleRef roleURI="http://www.xbrl.org/2009/role/netLabel" xlink:type="simple" xlink:href="http://www.xbrl.org/lrr/role/net-2009-12-16.xsd#netLabel"/>
  <link:presentationLink xlink:type="extended" xlink:role="http://xbrl.dcca.dk/role/105.00/ManagementCommentary">
    <link:loc xlink:type="locator" xlink:href="../../../cmn.xsd#cmn_CommonTable" xlink:label="CommonTable"/>
    <link:loc xlink:type="locator" xlink:href="../../../../full_ifrs-cor_2014-03-05.xsd#ifrs-full_ConsolidatedAndSeparateFinancialStatementsAxis" xlink:label="ConsolidatedAndSeparateFinancialStatementsAxis"/>
    <link:presentationArc xlink:type="arc" xlink:arcrole="http://www.xbrl.org/2003/arcrole/parent-child" xlink:from="CommonTable" xlink:to="ConsolidatedAndSeparateFinancialStatementsAxis" xlink:title="presentation: CommonTable to ConsolidatedAndSeparateFinancialStatementsAxis" order="1.0"/>
    <link:loc xlink:type="locator" xlink:href="../../../../full_ifrs-cor_2014-03-05.xsd#ifrs-full_ConsolidatedMember" xlink:label="ConsolidatedMember"/>
    <link:presentationArc xlink:type="arc" xlink:arcrole="http://www.xbrl.org/2003/arcrole/parent-child" xlink:from="ConsolidatedAndSeparateFinancialStatementsAxis" xlink:to="ConsolidatedMember" xlink:title="presentation: ConsolidatedAndSeparateFinancialStatementsAxis to ConsolidatedMember" order="1.0"/>
    <link:loc xlink:type="locator" xlink:href="../../../../full_ifrs-cor_2014-03-05.xsd#ifrs-full_SeparateMember" xlink:label="SeparateMember"/>
    <link:presentationArc xlink:type="arc" xlink:arcrole="http://www.xbrl.org/2003/arcrole/parent-child" xlink:from="ConsolidatedAndSeparateFinancialStatementsAxis" xlink:to="SeparateMember" xlink:title="presentation: ConsolidatedAndSeparateFinancialStatementsAxis to SeparateMember" order="2.0"/>
    <link:loc xlink:type="locator" xlink:href="../../../../mc-cor_2014-03-05.xsd#ifrs-mc_ManagementCommentaryExplanatory" xlink:label="ManagementCommentaryExplanatory"/>
    <link:loc xlink:type="locator" xlink:href="../../../../mc-cor_2014-03-05.xsd#ifrs-mc_DisclosureOfNatureOfBusinessExplanatory" xlink:label="DisclosureOfNatureOfBusinessExplanatory"/>
    <link:presentationArc xlink:type="arc" xlink:arcrole="http://www.xbrl.org/2003/arcrole/parent-child" xlink:from="ManagementCommentaryExplanatory" xlink:to="DisclosureOfNatureOfBusinessExplanatory" order="1.0"/>
    <link:loc xlink:type="locator" xlink:href="../../../../mc-cor_2014-03-05.xsd#ifrs-mc_DisclosureOfManagementsObjectivesAndItsStrategiesForMeetingThoseObjectivesExplanatory" xlink:label="DisclosureOfManagementsObjectivesAndItsStrategiesForMeetingThoseObjectivesExplanatory"/>
    <link:presentationArc xlink:type="arc" xlink:arcrole="http://www.xbrl.org/2003/arcrole/parent-child" xlink:from="ManagementCommentaryExplanatory" xlink:to="DisclosureOfManagementsObjectivesAndItsStrategiesForMeetingThoseObjectivesExplanatory" order="2.0"/>
    <link:loc xlink:type="locator" xlink:href="../../../../mc-cor_2014-03-05.xsd#ifrs-mc_DisclosureOfEntitysMostSignificantResourcesRisksAndRelationshipsExplanatory" xlink:label="DisclosureOfEntitysMostSignificantResourcesRisksAndRelationshipsExplanatory"/>
    <link:presentationArc xlink:type="arc" xlink:arcrole="http://www.xbrl.org/2003/arcrole/parent-child" xlink:from="ManagementCommentaryExplanatory" xlink:to="DisclosureOfEntitysMostSignificantResourcesRisksAndRelationshipsExplanatory" order="3.0"/>
    <link:loc xlink:type="locator" xlink:href="../../../../mc-cor_2014-03-05.xsd#ifrs-mc_DisclosureOfResultsOfOperationsAndProspectsExplanatory" xlink:label="DisclosureOfResultsOfOperationsAndProspectsExplanatory"/>
    <link:presentationArc xlink:type="arc" xlink:arcrole="http://www.xbrl.org/2003/arcrole/parent-child" xlink:from="ManagementCommentaryExplanatory" xlink:to="DisclosureOfResultsOfOperationsAndProspectsExplanatory" order="4.0"/>
    <link:loc xlink:type="locator" xlink:href="../../../../mc-cor_2014-03-05.xsd#ifrs-mc_DisclosureOfCriticalPerformanceMeasuresAndIndicatorsThatManagementUsesToEvaluateEntitysPerformanceAgainstStatedObjectivesExplanatory" xlink:label="DisclosureOfCriticalPerformanceMeasuresAndIndicatorsThatManagementUsesToEvaluateEntitysPerformanceAgainstStatedObjectivesExplanatory"/>
    <link:presentationArc xlink:type="arc" xlink:arcrole="http://www.xbrl.org/2003/arcrole/parent-child" xlink:from="ManagementCommentaryExplanatory" xlink:to="DisclosureOfCriticalPerformanceMeasuresAndIndicatorsThatManagementUsesToEvaluateEntitysPerformanceAgainstStatedObjectivesExplanatory" order="5.0"/>
    <link:presentationArc xlink:type="arc" xlink:arcrole="http://www.xbrl.org/2003/arcrole/parent-child" xlink:from="ManagementCommentaryExplanatory" xlink:to="CommonTable" xlink:title="presentation: ManagementCommentaryExplanatory to CommonTable" order="6.0"/>
  </link:presentationLink>
</link:linkbase>
