<?xml version="1.0" encoding="UTF-8"?>
<!-- Generated by Fujitsu Interstage XWand B0209 -->
<?officialURI http://archprod.service.eogs.dk/taxonomy/20151001/cmn_lab-da.xml?>

<?taxonomy-version 1.6.0?>

<link:linkbase xmlns:xsi="http://www.w3.org/2001/XMLSchema-instance" xsi:schemaLocation="http://www.xbrl.org/2003/linkbase http://www.xbrl.org/2003/xbrl-linkbase-2003-12-31.xsd" xmlns:cmn="http://xbrl.dcca.dk/cmn" xmlns:link="http://www.xbrl.org/2003/linkbase" xmlns:gen="http://xbrl.org/2008/generic" xmlns:tch="http://xbrl.dcca.dk/tch" xmlns:ref="http://www.xbrl.org/2006/ref" xmlns:num="http://www.xbrl.org/dtr/type/numeric" xmlns:nonnum="http://www.xbrl.org/dtr/type/non-numeric" xmlns:xbrldt="http://xbrl.org/2005/xbrldt" xmlns:label="http://xbrl.org/2008/label" xmlns:xl="http://www.xbrl.org/2003/XLink" xmlns:xbrli="http://www.xbrl.org/2003/instance" xmlns:xsd="http://www.w3.org/2001/XMLSchema" xmlns:xlink="http://www.w3.org/1999/xlink">
  <link:labelLink xlink:type="extended" xlink:role="http://www.xbrl.org/2003/role/link">
    <link:loc xlink:type="locator" xlink:href="cmn.xsd#cmn_ConsolidatedSoloDimension" xlink:label="ConsolidatedSoloDimension"/>
    <link:label xlink:type="resource" xlink:label="label_ConsolidatedSoloDimension" xlink:role="http://www.xbrl.org/2003/role/label" xml:lang="da" id="label_ConsolidatedSoloDimension_2">Konsolideret/Ikke konsolideret</link:label>
    <link:labelArc xlink:type="arc" xlink:arcrole="http://www.xbrl.org/2003/arcrole/concept-label" xlink:from="ConsolidatedSoloDimension" xlink:to="label_ConsolidatedSoloDimension" order="10.0"/>
    <link:loc xlink:type="locator" xlink:href="cmn.xsd#cmn_SoloMember" xlink:label="SoloMember"/>
    <link:label xlink:type="resource" xlink:label="label_SoloMember_2" xlink:role="http://www.xbrl.org/2003/role/label" xml:lang="da" id="label_SoloMember_2">Ikke konsolideret</link:label>
    <link:labelArc xlink:type="arc" xlink:arcrole="http://www.xbrl.org/2003/arcrole/concept-label" xlink:from="SoloMember" xlink:to="label_SoloMember_2" order="10.0"/>
    <link:loc xlink:type="locator" xlink:href="cmn.xsd#cmn_ConsolidatedMember" xlink:label="ConsolidatedMember"/>
    <link:label xlink:type="resource" xlink:label="label_ConsolidatedMember_2" xlink:role="http://www.xbrl.org/2003/role/label" xml:lang="da" id="label_ConsolidatedMember_2">Konsolideret</link:label>
    <link:labelArc xlink:type="arc" xlink:arcrole="http://www.xbrl.org/2003/arcrole/concept-label" xlink:from="ConsolidatedMember" xlink:to="label_ConsolidatedMember_2" order="10.0"/>
    <link:loc xlink:type="locator" xlink:href="cmn.xsd#cmn_CommonHypercube" xlink:label="CommonHypercube"/>
    <link:label xlink:type="resource" xlink:label="label_CommonHypercube_2" xlink:role="http://www.xbrl.org/2003/role/label" xml:lang="da" id="label_CommonHypercube_2">Fælles</link:label>
    <link:labelArc xlink:type="arc" xlink:arcrole="http://www.xbrl.org/2003/arcrole/concept-label" xlink:from="CommonHypercube" xlink:to="label_CommonHypercube_2" order="10.0"/>
    <link:loc xlink:type="locator" xlink:href="cmn.xsd#cmn_OrdinaryWriteoffsInRespectOfDebtors" xlink:label="OrdinaryWriteoffsInRespectOfDebtors"/>
    <link:label xlink:type="resource" xlink:label="label_OrdinaryWriteoffsInRespectOfDebtors_2" xlink:role="http://www.xbrl.org/2003/role/label" xml:lang="da" id="label_OrdinaryWriteoffsInRespectOfDebtors_2">Tab på debitorer (konstaterede tab samt ændring i hensættelse til imødegåelse af tab)</link:label>
    <link:labelArc xlink:type="arc" xlink:arcrole="http://www.xbrl.org/2003/arcrole/concept-label" xlink:from="OrdinaryWriteoffsInRespectOfDebtors" xlink:to="label_OrdinaryWriteoffsInRespectOfDebtors_2" order="10.0"/>
    <link:loc xlink:type="locator" xlink:href="cmn.xsd#cmn_PreviousYearMember" xlink:label="PreviousYearMember"/>
    <link:label xlink:type="resource" xlink:label="label_PreviousYearMember_2" xlink:role="http://www.xbrl.org/2003/role/label" xml:lang="da" id="label_PreviousYearMember_2">Foregående regnskabsår</link:label>
    <link:labelArc xlink:type="arc" xlink:arcrole="http://www.xbrl.org/2003/arcrole/concept-label" xlink:from="PreviousYearMember" xlink:to="label_PreviousYearMember_2" order="10.0"/>
    <link:loc xlink:type="locator" xlink:href="cmn.xsd#cmn_CurrentYearMember" xlink:label="CurrentYearMember"/>
    <link:label xlink:type="resource" xlink:label="label_CurrentYearMember_2" xlink:role="http://www.xbrl.org/2003/role/label" xml:lang="da" id="label_CurrentYearMember_2">Aktuelt regnskabsår</link:label>
    <link:labelArc xlink:type="arc" xlink:arcrole="http://www.xbrl.org/2003/arcrole/concept-label" xlink:from="CurrentYearMember" xlink:to="label_CurrentYearMember_2" order="10.0"/>
    <link:loc xlink:type="locator" xlink:href="cmn.xsd#cmn_TwoYearsAgoMember" xlink:label="TwoYearsAgoMember"/>
    <link:label xlink:type="resource" xlink:label="label_TwoYearsAgoMember_2" xlink:role="http://www.xbrl.org/2003/role/label" xml:lang="da" id="label_TwoYearsAgoMember_2">To regnskabsår tilbage</link:label>
    <link:labelArc xlink:type="arc" xlink:arcrole="http://www.xbrl.org/2003/arcrole/concept-label" xlink:from="TwoYearsAgoMember" xlink:to="label_TwoYearsAgoMember_2" order="10.0"/>
    <link:loc xlink:type="locator" xlink:href="cmn.xsd#cmn_ThreeYearsAgoMember" xlink:label="ThreeYearsAgoMember"/>
    <link:label xlink:type="resource" xlink:label="label_ThreeYearsAgoMember_2" xlink:role="http://www.xbrl.org/2003/role/label" xml:lang="da" id="label_ThreeYearsAgoMember_2">Tre regnskabsår tilbage</link:label>
    <link:labelArc xlink:type="arc" xlink:arcrole="http://www.xbrl.org/2003/arcrole/concept-label" xlink:from="ThreeYearsAgoMember" xlink:to="label_ThreeYearsAgoMember_2" order="10.0"/>
    <link:loc xlink:type="locator" xlink:href="cmn.xsd#cmn_FourYearsAgoMember" xlink:label="FourYearsAgoMember"/>
    <link:label xlink:type="resource" xlink:label="label_FourYearsAgoMember_2" xlink:role="http://www.xbrl.org/2003/role/label" xml:lang="da" id="label_FourYearsAgoMember_2">Fire regnskabsår tilbage</link:label>
    <link:labelArc xlink:type="arc" xlink:arcrole="http://www.xbrl.org/2003/arcrole/concept-label" xlink:from="FourYearsAgoMember" xlink:to="label_FourYearsAgoMember_2" order="10.0"/>
    <link:loc xlink:type="locator" xlink:href="cmn.xsd#cmn_RetrospectiveInformationDimension" xlink:label="RetrospectiveInformationDimension"/>
    <link:label xlink:type="resource" xlink:label="label_RetrospectiveInformationDimension_2" xlink:role="http://www.xbrl.org/2003/role/label" xml:lang="da" id="label_RetrospectiveInformationDimension_2">Oversigt</link:label>
    <link:labelArc xlink:type="arc" xlink:arcrole="http://www.xbrl.org/2003/arcrole/concept-label" xlink:from="RetrospectiveInformationDimension" xlink:to="label_RetrospectiveInformationDimension_2" order="10.0"/>
    <link:loc xlink:type="locator" xlink:href="cmn.xsd#cmn_NameAndSurnameOfMemberOfExecutiveBoard" xlink:label="NameAndSurnameOfMemberOfExecutiveBoard"/>
    <link:label xlink:type="resource" xlink:label="label_NameAndSurnameOfMemberOfExecutiveBoard_2" xlink:role="http://www.xbrl.org/2003/role/label" xml:lang="da" id="label_NameAndSurnameOfMemberOfExecutiveBoard_2">Navn på medlem af direktionen</link:label>
    <link:labelArc xlink:type="arc" xlink:arcrole="http://www.xbrl.org/2003/arcrole/concept-label" xlink:from="NameAndSurnameOfMemberOfExecutiveBoard" xlink:to="label_NameAndSurnameOfMemberOfExecutiveBoard_2" order="10.0"/>
    <link:loc xlink:type="locator" xlink:href="cmn.xsd#cmn_NameAndSurnameOfMemberOfSupervisoryBoard" xlink:label="NameAndSurnameOfMemberOfSupervisoryBoard"/>
    <link:label xlink:type="resource" xlink:label="label_NameAndSurnameOfMemberOfSupervisoryBoard_2" xlink:role="http://www.xbrl.org/2003/role/label" xml:lang="da" id="label_NameAndSurnameOfMemberOfSupervisoryBoard_2">Navn på medlem af bestyrelsen</link:label>
    <link:labelArc xlink:type="arc" xlink:arcrole="http://www.xbrl.org/2003/arcrole/concept-label" xlink:from="NameAndSurnameOfMemberOfSupervisoryBoard" xlink:to="label_NameAndSurnameOfMemberOfSupervisoryBoard_2" order="10.0"/>
    <link:loc xlink:type="locator" xlink:href="cmn.xsd#cmn_TitleOfMemberOfExecutiveBoard" xlink:label="TitleOfMemberOfExecutiveBoard"/>
    <link:label xlink:type="resource" xlink:label="label_TitleOfMemberOfExecutiveBoard_2" xlink:role="http://www.xbrl.org/2003/role/label" xml:lang="da" id="label_TitleOfMemberOfExecutiveBoard_2">Titel på medlem af direktionen</link:label>
    <link:labelArc xlink:type="arc" xlink:arcrole="http://www.xbrl.org/2003/arcrole/concept-label" xlink:from="TitleOfMemberOfExecutiveBoard" xlink:to="label_TitleOfMemberOfExecutiveBoard_2" order="10.0"/>
    <link:loc xlink:type="locator" xlink:href="cmn.xsd#cmn_TitleOfMemberOfSupervisoryBoard" xlink:label="TitleOfMemberOfSupervisoryBoard"/>
    <link:label xlink:type="resource" xlink:label="label_TitleOfMemberOfSupervisoryBoard" xlink:role="http://www.xbrl.org/2003/role/label" xml:lang="da" id="label_TitleOfMemberOfSupervisoryBoard">Titel på medlem af bestyrelsen</link:label>
    <link:labelArc xlink:type="arc" xlink:arcrole="http://www.xbrl.org/2003/arcrole/concept-label" xlink:from="TitleOfMemberOfSupervisoryBoard" xlink:to="label_TitleOfMemberOfSupervisoryBoard" order="10.0"/>
    <link:loc xlink:type="locator" xlink:href="cmn.xsd#cmn_IdentificationOfMemberOfExecutiveBoardDimension" xlink:label="IdentificationOfMemberOfExecutiveBoardDimension"/>
    <link:label xlink:type="resource" xlink:label="label_IdentificationOfMemberOfExecutiveBoardDimension_2" xlink:role="http://www.xbrl.org/2003/role/label" xml:lang="da" id="label_IdentificationOfMemberOfExecutiveBoardDimension_2">Identifikation af medlem af direktionen</link:label>
    <link:labelArc xlink:type="arc" xlink:arcrole="http://www.xbrl.org/2003/arcrole/concept-label" xlink:from="IdentificationOfMemberOfExecutiveBoardDimension" xlink:to="label_IdentificationOfMemberOfExecutiveBoardDimension_2" order="10.0"/>
    <link:loc xlink:type="locator" xlink:href="cmn.xsd#cmn_IdentificationOfMemberOfSupervisoryBoardDimension" xlink:label="IdentificationOfMemberOfSupervisoryBoardDimension"/>
    <link:label xlink:type="resource" xlink:label="label_IdentificationOfMemberOfSupervisoryBoardDimension_2" xlink:role="http://www.xbrl.org/2003/role/label" xml:lang="da" id="label_IdentificationOfMemberOfSupervisoryBoardDimension_2">Identifikation af medlem af bestyrelsen</link:label>
    <link:labelArc xlink:type="arc" xlink:arcrole="http://www.xbrl.org/2003/arcrole/concept-label" xlink:from="IdentificationOfMemberOfSupervisoryBoardDimension" xlink:to="label_IdentificationOfMemberOfSupervisoryBoardDimension_2" order="10.0"/>
    <link:loc xlink:type="locator" xlink:href="cmn.xsd#cmn_IdentificationNumberCprOfMemberOfExecutiveBoard" xlink:label="IdentificationNumberCprOfMemberOfExecutiveBoard"/>
    <link:label xlink:type="resource" xlink:label="label_IdentificationNumberCprOfMemberOfExecutiveBoard_2" xlink:role="http://www.xbrl.org/2003/role/label" xml:lang="da" id="label_IdentificationNumberCprOfMemberOfExecutiveBoard_2">Direktionsmedlems CPR-nr.</link:label>
    <link:labelArc xlink:type="arc" xlink:arcrole="http://www.xbrl.org/2003/arcrole/concept-label" xlink:from="IdentificationNumberCprOfMemberOfExecutiveBoard" xlink:to="label_IdentificationNumberCprOfMemberOfExecutiveBoard_2" order="10.0"/>
    <link:loc xlink:type="locator" xlink:href="cmn.xsd#cmn_IdentificationNumberCprOfMemberOfSupervisoryBoard" xlink:label="IdentificationNumberCprOfMemberOfSupervisoryBoard"/>
    <link:label xlink:type="resource" xlink:label="label_IdentificationNumberCprOfMemberOfSupervisoryBoard_2" xlink:role="http://www.xbrl.org/2003/role/label" xml:lang="da" id="label_IdentificationNumberCprOfMemberOfSupervisoryBoard_2">Bestyrelsesmedlems CPR-nr.</link:label>
    <link:labelArc xlink:type="arc" xlink:arcrole="http://www.xbrl.org/2003/arcrole/concept-label" xlink:from="IdentificationNumberCprOfMemberOfSupervisoryBoard" xlink:to="label_IdentificationNumberCprOfMemberOfSupervisoryBoard_2" order="10.0"/>
    <link:loc xlink:type="locator" xlink:href="cmn.xsd#cmn_IdentificationOfAuditorDimension" xlink:label="IdentificationOfAuditorDimension" xlink:title="IdentificationOfAuditorDimension"/>
    <link:label xlink:type="resource" xlink:label="label_IdentificationOfAuditorDimension" xlink:role="http://www.xbrl.org/2003/role/label" xlink:title="label_IdentificationOfAuditorDimension" xml:lang="da" id="label_IdentificationOfAuditorDimension">Identifikation af revisor</link:label>
    <link:labelArc xlink:type="arc" xlink:arcrole="http://www.xbrl.org/2003/arcrole/concept-label" xlink:from="IdentificationOfAuditorDimension" xlink:to="label_IdentificationOfAuditorDimension" xlink:title="label: IdentificationOfAuditorDimension to label_IdentificationOfAuditorDimension"/>
    <link:loc xlink:type="locator" xlink:href="cmn.xsd#cmn_IdentificationNumberCprOfAuditor" xlink:label="IdentificationNumberCprOfAuditor" xlink:title="IdentificationNumberCprOfAuditor"/>
    <link:label xlink:type="resource" xlink:label="label_IdentificationNumberCprOfAuditor" xlink:role="http://www.xbrl.org/2003/role/label" xlink:title="label_IdentificationNumberCprOfAuditor" xml:lang="da" id="label_IdentificationNumberCprOfAuditor">Revisors CPR-nr.</link:label>
    <link:labelArc xlink:type="arc" xlink:arcrole="http://www.xbrl.org/2003/arcrole/concept-label" xlink:from="IdentificationNumberCprOfAuditor" xlink:to="label_IdentificationNumberCprOfAuditor" xlink:title="label: IdentificationNumberCprOfAuditor to label_IdentificationNumberCprOfAuditor"/>
    <link:loc xlink:type="locator" xlink:href="cmn.xsd#cmn_NameAndSurnameOfAuditor" xlink:label="NameAndSurnameOfAuditor" xlink:title="NameAndSurnameOfAuditor"/>
    <link:label xlink:type="resource" xlink:label="label_NameAndSurnameOfAuditor" xlink:role="http://www.xbrl.org/2003/role/label" xlink:title="label_NameAndSurnameOfAuditor" xml:lang="da" id="label_NameAndSurnameOfAuditor">Navn og efternavn på revisor</link:label>
    <link:labelArc xlink:type="arc" xlink:arcrole="http://www.xbrl.org/2003/arcrole/concept-label" xlink:from="NameAndSurnameOfAuditor" xlink:to="label_NameAndSurnameOfAuditor" xlink:title="label: NameAndSurnameOfAuditor to label_NameAndSurnameOfAuditor"/>
    <link:loc xlink:type="locator" xlink:href="cmn.xsd#cmn_IdentificationNumberCvrOfAuditFirm" xlink:label="IdentificationNumberCvrOfAuditFirm" xlink:title="IdentificationNumberCvrOfAuditFirm"/>
    <link:label xlink:type="resource" xlink:label="label_IdentificationNumberCvrOfAuditFirm" xlink:role="http://www.xbrl.org/2003/role/label" xlink:title="label_IdentificationNumberCvrOfAuditFirm" xml:lang="da" id="label_IdentificationNumberCvrOfAuditFirm">Revisionsvirksomhedens CVR-nr.</link:label>
    <link:labelArc xlink:type="arc" xlink:arcrole="http://www.xbrl.org/2003/arcrole/concept-label" xlink:from="IdentificationNumberCvrOfAuditFirm" xlink:to="label_IdentificationNumberCvrOfAuditFirm" xlink:title="label: IdentificationNumberCvrOfAuditFirm to label_IdentificationNumberCvrOfAuditFirm"/>
    <link:loc xlink:type="locator" xlink:href="cmn.xsd#cmn_IdentificationNumberPnrOfAuditFirm" xlink:label="IdentificationNumberPnrOfAuditFirm" xlink:title="IdentificationNumberPnrOfAuditFirm"/>
    <link:label xlink:type="resource" xlink:label="label_IdentificationNumberPnrOfAuditFirm" xlink:role="http://www.xbrl.org/2003/role/label" xlink:title="label_IdentificationNumberPnrOfAuditFirm" xml:lang="da" id="label_IdentificationNumberPnrOfAuditFirm">Revisionsvirksomhedens P-nr.</link:label>
    <link:labelArc xlink:type="arc" xlink:arcrole="http://www.xbrl.org/2003/arcrole/concept-label" xlink:from="IdentificationNumberPnrOfAuditFirm" xlink:to="label_IdentificationNumberPnrOfAuditFirm" xlink:title="label: IdentificationNumberPnrOfAuditFirm to label_IdentificationNumberPnrOfAuditFirm"/>
    <link:loc xlink:type="locator" xlink:href="cmn.xsd#cmn_NameOfAuditFirm" xlink:label="NameOfAuditFirm" xlink:title="NameOfAuditFirm"/>
    <link:label xlink:type="resource" xlink:label="label_NameOfAuditFirm" xlink:role="http://www.xbrl.org/2003/role/label" xlink:title="label_NameOfAuditFirm" xml:lang="da" id="label_NameOfAuditFirm">Navn på revisionsvirksomhed</link:label>
    <link:labelArc xlink:type="arc" xlink:arcrole="http://www.xbrl.org/2003/arcrole/concept-label" xlink:from="NameOfAuditFirm" xlink:to="label_NameOfAuditFirm" xlink:title="label: NameOfAuditFirm to label_NameOfAuditFirm"/>
    <link:loc xlink:type="locator" xlink:href="cmn.xsd#cmn_DescriptionOfAuditor" xlink:label="DescriptionOfAuditor" xlink:title="DescriptionOfAuditor"/>
    <link:label xlink:type="resource" xlink:label="label_DescriptionOfAuditor" xlink:role="http://www.xbrl.org/2003/role/label" xlink:title="label_DescriptionOfAuditor" xml:lang="da" id="label_DescriptionOfAuditor">Beskrivelse af revisor</link:label>
    <link:labelArc xlink:type="arc" xlink:arcrole="http://www.xbrl.org/2003/arcrole/concept-label" xlink:from="DescriptionOfAuditor" xlink:to="label_DescriptionOfAuditor" xlink:title="label: DescriptionOfAuditor to label_DescriptionOfAuditor"/>
    <link:loc xlink:type="locator" xlink:href="cmn.xsd#cmn_DescriptionOfMemberOfExecutiveBoard" xlink:label="copyOfDescriptionOfAuditor" xlink:title="copyOfDescriptionOfAuditor"/>
    <link:label xlink:type="resource" xlink:label="label_copyOfDescriptionOfAuditor" xlink:role="http://www.xbrl.org/2003/role/label" xlink:title="label_copyOfDescriptionOfAuditor" xml:lang="da" id="label_copyOfDescriptionOfAuditor">Beskrivelse af medlem af direktionen</link:label>
    <link:labelArc xlink:type="arc" xlink:arcrole="http://www.xbrl.org/2003/arcrole/concept-label" xlink:from="copyOfDescriptionOfAuditor" xlink:to="label_copyOfDescriptionOfAuditor" xlink:title="label: copyOfDescriptionOfAuditor to label_copyOfDescriptionOfAuditor"/>
    <link:loc xlink:type="locator" xlink:href="cmn.xsd#cmn_DescriptionOfMemberOfSupervisoryBoard" xlink:label="copyOfDescriptionOfAuditor2" xlink:title="copyOfDescriptionOfAuditor2"/>
    <link:label xlink:type="resource" xlink:label="label_copyOfDescriptionOfAuditor2" xlink:role="http://www.xbrl.org/2003/role/label" xlink:title="label_copyOfDescriptionOfAuditor2" xml:lang="da" id="label_copyOfDescriptionOfAuditor2">Beskrivelse af medlem af bestyrelsen</link:label>
    <link:labelArc xlink:type="arc" xlink:arcrole="http://www.xbrl.org/2003/arcrole/concept-label" xlink:from="copyOfDescriptionOfAuditor2" xlink:to="label_copyOfDescriptionOfAuditor2" xlink:title="label: copyOfDescriptionOfAuditor2 to label_copyOfDescriptionOfAuditor2"/>
    <link:loc xlink:type="locator" xlink:href="cmn.xsd#cmn_IdentificationOfLiquidatorDimension" xlink:label="IdentificationOfLiquidatorDimension" xlink:title="IdentificationOfLiquidatorDimension"/>
    <link:label xlink:type="resource" xlink:label="label_IdentificationOfLiquidatorDimension" xlink:role="http://www.xbrl.org/2003/role/label" xlink:title="label_IdentificationOfLiquidatorDimension" xml:lang="da" id="label_IdentificationOfLiquidatorDimension">Identifikation af likvidator</link:label>
    <link:labelArc xlink:type="arc" xlink:arcrole="http://www.xbrl.org/2003/arcrole/concept-label" xlink:from="IdentificationOfLiquidatorDimension" xlink:to="label_IdentificationOfLiquidatorDimension" xlink:title="label: IdentificationOfLiquidatorDimension to label_IdentificationOfLiquidatorDimension"/>
    <link:loc xlink:type="locator" xlink:href="cmn.xsd#cmn_IdentificationNumberCprOfLiquidator" xlink:label="IdentificationNumberCprOfLiquidator" xlink:title="IdentificationNumberCprOfLiquidator"/>
    <link:label xlink:type="resource" xlink:label="label_IdentificationNumberCprOfLiquidator" xlink:role="http://www.xbrl.org/2003/role/label" xlink:title="label_IdentificationNumberCprOfLiquidator" xml:lang="da" id="label_IdentificationNumberCprOfLiquidator">Likvidators CPR-nr.</link:label>
    <link:labelArc xlink:type="arc" xlink:arcrole="http://www.xbrl.org/2003/arcrole/concept-label" xlink:from="IdentificationNumberCprOfLiquidator" xlink:to="label_IdentificationNumberCprOfLiquidator" xlink:title="label: IdentificationNumberCprOfLiquidator to label_IdentificationNumberCprOfLiquidator"/>
    <link:loc xlink:type="locator" xlink:href="cmn.xsd#cmn_NameAndSurnameOfLiquidator" xlink:label="NameAndSurnameOfLiquidator" xlink:title="NameAndSurnameOfLiquidator"/>
    <link:label xlink:type="resource" xlink:label="label_NameAndSurnameOfLiquidator" xlink:role="http://www.xbrl.org/2003/role/label" xlink:title="label_NameAndSurnameOfLiquidator" xml:lang="da" id="label_NameAndSurnameOfLiquidator">Navn på likvidator</link:label>
    <link:labelArc xlink:type="arc" xlink:arcrole="http://www.xbrl.org/2003/arcrole/concept-label" xlink:from="NameAndSurnameOfLiquidator" xlink:to="label_NameAndSurnameOfLiquidator" xlink:title="label: NameAndSurnameOfLiquidator to label_NameAndSurnameOfLiquidator"/>
    <link:loc xlink:type="locator" xlink:href="cmn.xsd#cmn_DescriptionOfLikvidator" xlink:label="DescriptionOfLikvidator" xlink:title="DescriptionOfLikvidator"/>
    <link:label xlink:type="resource" xlink:label="label_DescriptionOfLikvidator" xlink:role="http://www.xbrl.org/2003/role/label" xlink:title="label_DescriptionOfLikvidator" xml:lang="da" id="label_DescriptionOfLikvidator">Beskrivelse af Likvidator</link:label>
    <link:labelArc xlink:type="arc" xlink:arcrole="http://www.xbrl.org/2003/arcrole/concept-label" xlink:from="DescriptionOfLikvidator" xlink:to="label_DescriptionOfLikvidator" xlink:title="label: DescriptionOfLikvidator to label_DescriptionOfLikvidator"/>
    <link:loc xlink:type="locator" xlink:href="cmn.xsd#cmn_TitleOfLiquidator" xlink:label="TitleOfLiquidator" xlink:title="TitleOfLiquidator"/>
    <link:label xlink:type="resource" xlink:label="label_TitleOfLiquidator" xlink:role="http://www.xbrl.org/2003/role/label" xlink:title="label_TitleOfLiquidator" xml:lang="da" id="label_TitleOfLiquidator">Titel på likvidator</link:label>
    <link:labelArc xlink:type="arc" xlink:arcrole="http://www.xbrl.org/2003/arcrole/concept-label" xlink:from="TitleOfLiquidator" xlink:to="label_TitleOfLiquidator" xlink:title="label: TitleOfLiquidator to label_TitleOfLiquidator"/>
    <link:loc xlink:type="locator" xlink:href="cmn.xsd#cmn_IdentificationOfPerformerOfInternalAuditDimension" xlink:label="IdentificationOfPerformerOfInternalAuditDimension" xlink:title="IdentificationOfPerformerOfInternalAuditDimension"/>
    <link:label xlink:type="resource" xlink:label="label_IdentificationOfPerformerOfInternalAuditDimension" xlink:role="http://www.xbrl.org/2003/role/label" xlink:title="label_IdentificationOfPerformerOfInternalAuditDimension" xml:lang="da" id="label_IdentificationOfPerformerOfInternalAuditDimension">Identifikation af udførende af intern revision</link:label>
    <link:labelArc xlink:type="arc" xlink:arcrole="http://www.xbrl.org/2003/arcrole/concept-label" xlink:from="IdentificationOfPerformerOfInternalAuditDimension" xlink:to="label_IdentificationOfPerformerOfInternalAuditDimension" xlink:title="label: IdentificationOfPerformerOfInternalAuditDimension to label_IdentificationOfPerformerOfInternalAuditDimension"/>
    <link:loc xlink:type="locator" xlink:href="cmn.xsd#cmn_IdentificationNumberCprOfPerformerOfInternalAudit" xlink:label="copyOfIdentificationNumberCprOfAuditor" xlink:title="copyOfIdentificationNumberCprOfAuditor"/>
    <link:label xlink:type="resource" xlink:label="label_copyOfIdentificationNumberCprOfAuditor" xlink:role="http://www.xbrl.org/2003/role/label" xlink:title="label_copyOfIdentificationNumberCprOfAuditor" xml:lang="da" id="label_copyOfIdentificationNumberCprOfAuditor">Udførende af intern revision, CPR-nr.</link:label>
    <link:labelArc xlink:type="arc" xlink:arcrole="http://www.xbrl.org/2003/arcrole/concept-label" xlink:from="copyOfIdentificationNumberCprOfAuditor" xlink:to="label_copyOfIdentificationNumberCprOfAuditor" xlink:title="label: copyOfIdentificationNumberCprOfAuditor to label_copyOfIdentificationNumberCprOfAuditor"/>
    <link:loc xlink:type="locator" xlink:href="cmn.xsd#cmn_NameAndSurnameOfPerformerOfInternalAudit" xlink:label="copyOfNameAndSurnameOfAuditor" xlink:title="copyOfNameAndSurnameOfAuditor"/>
    <link:label xlink:type="resource" xlink:label="label_copyOfNameAndSurnameOfAuditor" xlink:role="http://www.xbrl.org/2003/role/label" xlink:title="label_copyOfNameAndSurnameOfAuditor" xml:lang="da" id="label_copyOfNameAndSurnameOfAuditor">Navn og efternavn på udførende af intern revision</link:label>
    <link:labelArc xlink:type="arc" xlink:arcrole="http://www.xbrl.org/2003/arcrole/concept-label" xlink:from="copyOfNameAndSurnameOfAuditor" xlink:to="label_copyOfNameAndSurnameOfAuditor" xlink:title="label: copyOfNameAndSurnameOfAuditor to label_copyOfNameAndSurnameOfAuditor"/>
    <link:loc xlink:type="locator" xlink:href="cmn.xsd#cmn_DescriptionOfPerformerOfInternalAudit" xlink:label="DescriptionOfPerformerOfInternalAudit" xlink:title="DescriptionOfPerformerOfInternalAudit"/>
    <link:label xlink:type="resource" xlink:label="label_DescriptionOfPerformerOfInternalAudit" xlink:role="http://www.xbrl.org/2003/role/label" xlink:title="label_DescriptionOfPerformerOfInternalAudit" xml:lang="da" id="label_DescriptionOfPerformerOfInternalAudit">Beskrivelse af udførende af intern revision</link:label>
    <link:labelArc xlink:type="arc" xlink:arcrole="http://www.xbrl.org/2003/arcrole/concept-label" xlink:from="DescriptionOfPerformerOfInternalAudit" xlink:to="label_DescriptionOfPerformerOfInternalAudit" xlink:title="label: DescriptionOfPerformerOfInternalAudit to label_DescriptionOfPerformerOfInternalAudit"/>
    <link:loc xlink:type="locator" xlink:href="cmn.xsd#cmn_TitleOfPerformerOfInternalAudit" xlink:label="TitleOfPerformerOfInternalAudit" xlink:title="TitleOfPerformerOfInternalAudit"/>
    <link:label xlink:type="resource" xlink:label="label_TitleOfPerformerOfInternalAudit" xlink:role="http://www.xbrl.org/2003/role/label" xlink:title="label_TitleOfPerformerOfInternalAudit" xml:lang="da" id="label_TitleOfPerformerOfInternalAudit">Titel på udførende af intern revision</link:label>
    <link:labelArc xlink:type="arc" xlink:arcrole="http://www.xbrl.org/2003/arcrole/concept-label" xlink:from="TitleOfPerformerOfInternalAudit" xlink:to="label_TitleOfPerformerOfInternalAudit" xlink:title="label: TitleOfPerformerOfInternalAudit to label_TitleOfPerformerOfInternalAudit"/>
    <link:loc xlink:type="locator" xlink:href="cmn.xsd#cmn_IdentificationOfPerformerOfOtherStatementsDimension" xlink:label="copyOfIdentificationOfPerformerOfInternalAuditDimension" xlink:title="copyOfIdentificationOfPerformerOfInternalAuditDimension"/>
    <link:label xlink:type="resource" xlink:label="label_copyOfIdentificationOfPerformerOfInternalAuditDimension" xlink:role="http://www.xbrl.org/2003/role/label" xlink:title="label_copyOfIdentificationOfPerformerOfInternalAuditDimension" xml:lang="da" id="label_copyOfIdentificationOfPerformerOfInternalAuditDimension">Identifikation af udførende af øvrige erklæringer</link:label>
    <link:labelArc xlink:type="arc" xlink:arcrole="http://www.xbrl.org/2003/arcrole/concept-label" xlink:from="copyOfIdentificationOfPerformerOfInternalAuditDimension" xlink:to="label_copyOfIdentificationOfPerformerOfInternalAuditDimension" xlink:title="label: copyOfIdentificationOfPerformerOfInternalAuditDimension to label_copyOfIdentificationOfPerformerOfInternalAuditDimension"/>
    <link:loc xlink:type="locator" xlink:href="cmn.xsd#cmn_IdentificationNumberCprOfPerformerOfOtherStatement" xlink:label="copyOfIdentificationNumberCprOfPerformerOfInternalAudit" xlink:title="copyOfIdentificationNumberCprOfPerformerOfInternalAudit"/>
    <link:label xlink:type="resource" xlink:label="label_copyOfIdentificationNumberCprOfPerformerOfInternalAudit" xlink:role="http://www.xbrl.org/2003/role/label" xlink:title="label_copyOfIdentificationNumberCprOfPerformerOfInternalAudit" xml:lang="da" id="label_copyOfIdentificationNumberCprOfPerformerOfInternalAudit">Udførende af øvrig erklæring, CPR-nr.</link:label>
    <link:labelArc xlink:type="arc" xlink:arcrole="http://www.xbrl.org/2003/arcrole/concept-label" xlink:from="copyOfIdentificationNumberCprOfPerformerOfInternalAudit" xlink:to="label_copyOfIdentificationNumberCprOfPerformerOfInternalAudit" xlink:title="label: copyOfIdentificationNumberCprOfPerformerOfInternalAudit to label_copyOfIdentificationNumberCprOfPerformerOfInternalAudit"/>
    <link:loc xlink:type="locator" xlink:href="cmn.xsd#cmn_NameAndSurnameOfPerformerOfOtherStatement" xlink:label="NameAndSurnameOfPerformerOfOtherStatement" xlink:title="NameAndSurnameOfPerformerOfOtherStatement"/>
    <link:label xlink:type="resource" xlink:label="label_NameAndSurnameOfPerformerOfOtherStatement" xlink:role="http://www.xbrl.org/2003/role/label" xlink:title="label_NameAndSurnameOfPerformerOfOtherStatement" xml:lang="da" id="label_NameAndSurnameOfPerformerOfOtherStatement">Navn og efternavn på udførende af øvrig erklæring</link:label>
    <link:labelArc xlink:type="arc" xlink:arcrole="http://www.xbrl.org/2003/arcrole/concept-label" xlink:from="NameAndSurnameOfPerformerOfOtherStatement" xlink:to="label_NameAndSurnameOfPerformerOfOtherStatement" xlink:title="label: NameAndSurnameOfPerformerOfOtherStatement to label_NameAndSurnameOfPerformerOfOtherStatement"/>
    <link:loc xlink:type="locator" xlink:href="cmn.xsd#cmn_IdentificationNumberCvrOfPerformerOfOtherStatement" xlink:label="IdentificationNumberCvrOfPerformerOfOtherStatement" xlink:title="IdentificationNumberCvrOfPerformerOfOtherStatement"/>
    <link:label xlink:type="resource" xlink:label="label_IdentificationNumberCvrOfPerformerOfOtherStatement" xlink:role="http://www.xbrl.org/2003/role/label" xlink:title="label_IdentificationNumberCvrOfPerformerOfOtherStatement" xml:lang="da" id="label_IdentificationNumberCvrOfPerformerOfOtherStatement">Udførende af øvrig erklærings CVR-nr.</link:label>
    <link:labelArc xlink:type="arc" xlink:arcrole="http://www.xbrl.org/2003/arcrole/concept-label" xlink:from="IdentificationNumberCvrOfPerformerOfOtherStatement" xlink:to="label_IdentificationNumberCvrOfPerformerOfOtherStatement" xlink:title="label: IdentificationNumberCvrOfPerformerOfOtherStatement to label_IdentificationNumberCvrOfPerformerOfOtherStatement"/>
    <link:loc xlink:type="locator" xlink:href="cmn.xsd#cmn_NameOfFirmperformingOtherStatement" xlink:label="NameOfFirmperformingOtherStatement" xlink:title="NameOfFirmperformingOtherStatement"/>
    <link:label xlink:type="resource" xlink:label="label_NameOfFirmperformingOtherStatement" xlink:role="http://www.xbrl.org/2003/role/label" xlink:title="label_NameOfFirmperformingOtherStatement" xml:lang="da" id="label_NameOfFirmperformingOtherStatement">Navn på virksomhed som udfører øvrig erklæring</link:label>
    <link:labelArc xlink:type="arc" xlink:arcrole="http://www.xbrl.org/2003/arcrole/concept-label" xlink:from="NameOfFirmperformingOtherStatement" xlink:to="label_NameOfFirmperformingOtherStatement" xlink:title="label: NameOfFirmperformingOtherStatement to label_NameOfFirmperformingOtherStatement"/>
    <link:loc xlink:type="locator" xlink:href="cmn.xsd#cmn_DescriptionOfPerformerOfOtherStatement" xlink:label="DescriptionOfPerformerOfOtherStatement" xlink:title="DescriptionOfPerformerOfOtherStatement"/>
    <link:label xlink:type="resource" xlink:label="label_DescriptionOfPerformerOfOtherStatement" xlink:role="http://www.xbrl.org/2003/role/label" xlink:title="label_DescriptionOfPerformerOfOtherStatement" xml:lang="da" id="label_DescriptionOfPerformerOfOtherStatement">Beskrivelse af udførende af øvrig erklæring </link:label>
    <link:labelArc xlink:type="arc" xlink:arcrole="http://www.xbrl.org/2003/arcrole/concept-label" xlink:from="DescriptionOfPerformerOfOtherStatement" xlink:to="label_DescriptionOfPerformerOfOtherStatement" xlink:title="label: DescriptionOfPerformerOfOtherStatement to label_DescriptionOfPerformerOfOtherStatement"/>
    <link:loc xlink:type="locator" xlink:href="cmn.xsd#cmn_TitleOfPerformerOfOtherStatements" xlink:label="copyOfTitleOfPerformerOfInternalAudit" xlink:title="copyOfTitleOfPerformerOfInternalAudit"/>
    <link:label xlink:type="resource" xlink:label="label_copyOfTitleOfPerformerOfInternalAudit" xlink:role="http://www.xbrl.org/2003/role/label" xlink:title="label_copyOfTitleOfPerformerOfInternalAudit" xml:lang="da" id="label_copyOfTitleOfPerformerOfInternalAudit">Titel på udførende af øvrig erklæring</link:label>
    <link:labelArc xlink:type="arc" xlink:arcrole="http://www.xbrl.org/2003/arcrole/concept-label" xlink:from="copyOfTitleOfPerformerOfInternalAudit" xlink:to="label_copyOfTitleOfPerformerOfInternalAudit" xlink:title="label: copyOfTitleOfPerformerOfInternalAudit to label_copyOfTitleOfPerformerOfInternalAudit"/>
    <link:loc xlink:type="locator" xlink:href="cmn.xsd#cmn_TypeOfAuditorDimension" xlink:label="copyOfConsolidatedSoloDimension" xlink:title="copyOfConsolidatedSoloDimension"/>
    <link:label xlink:type="resource" xlink:label="label_copyOfConsolidatedSoloDimension_2" xlink:role="http://www.xbrl.org/2003/role/label" xlink:title="label_copyOfConsolidatedSoloDimension" xml:lang="da" id="label_copyOfConsolidatedSoloDimension_2">Typer af revisorer</link:label>
    <link:labelArc xlink:type="arc" xlink:arcrole="http://www.xbrl.org/2003/arcrole/concept-label" xlink:from="copyOfConsolidatedSoloDimension" xlink:to="label_copyOfConsolidatedSoloDimension_2" xlink:title="label: copyOfConsolidatedSoloDimension to label_copyOfConsolidatedSoloDimension"/>
    <link:loc xlink:type="locator" xlink:href="cmn.xsd#cmn_AllAuditorsMember" xlink:label="copyOfCurrentYearMember" xlink:title="copyOfCurrentYearMember"/>
    <link:label xlink:type="resource" xlink:label="label_copyOfCurrentYearMember" xlink:role="http://www.xbrl.org/2003/role/label" xlink:title="label_copyOfCurrentYearMember" xml:lang="da" id="label_copyOfCurrentYearMember">Alle revisorer</link:label>
    <link:labelArc xlink:type="arc" xlink:arcrole="http://www.xbrl.org/2003/arcrole/concept-label" xlink:from="copyOfCurrentYearMember" xlink:to="label_copyOfCurrentYearMember" xlink:title="label: copyOfCurrentYearMember to label_copyOfCurrentYearMember"/>
    <link:loc xlink:type="locator" xlink:href="cmn.xsd#cmn_AuditorNotIncludedInAuditorsReportsMember" xlink:label="copyOfCurrentYearMember2" xlink:title="copyOfCurrentYearMember2"/>
    <link:label xlink:type="resource" xlink:label="label_copyOfCurrentYearMember2" xlink:role="http://www.xbrl.org/2003/role/label" xlink:title="label_copyOfCurrentYearMember2" xml:lang="da" id="label_copyOfCurrentYearMember2">Revisorer der IKKE indgår i [101] revisors erklæringer</link:label>
    <link:labelArc xlink:type="arc" xlink:arcrole="http://www.xbrl.org/2003/arcrole/concept-label" xlink:from="copyOfCurrentYearMember2" xlink:to="label_copyOfCurrentYearMember2" xlink:title="label: copyOfCurrentYearMember2 to label_copyOfCurrentYearMember2"/>
    <link:loc xlink:type="locator" xlink:href="cmn.xsd#cmn_TypeOfAuditorAssistance" xlink:label="newItem" xlink:title="newItem"/>
    <link:label xlink:type="resource" xlink:label="label_TypeOfAuditorAssistance" xlink:role="http://www.xbrl.org/2003/role/label" xlink:title="label_TypeOfAuditorAssistance" xml:lang="da" id="label_TypeOfAuditorAssistance">Type af revisorbistand</link:label>
    <link:labelArc xlink:type="arc" xlink:arcrole="http://www.xbrl.org/2003/arcrole/concept-label" xlink:from="newItem" xlink:to="label_TypeOfAuditorAssistance" xlink:title="label: TypeOfAuditorAssistance to label_TypeOfAuditorAssistance"/>
    <link:loc xlink:type="locator" xlink:href="cmn.xsd#cmn_TypeOfParticipantDimension" xlink:label="TypeOfParticipantDimension" xlink:title="TypeOfParticipantDimension"/>
    <link:label xlink:type="resource" xlink:label="label_TypeOfParticipantDimension" xlink:role="http://www.xbrl.org/2003/role/label" xlink:title="label_TypeOfParticipantDimension" xml:lang="da" id="label_TypeOfParticipantDimension">Typer af deltagere</link:label>
    <link:labelArc xlink:type="arc" xlink:arcrole="http://www.xbrl.org/2003/arcrole/concept-label" xlink:from="TypeOfParticipantDimension" xlink:to="label_TypeOfParticipantDimension" xlink:title="label: TypeOfParticipantDimension to label_TypeOfParticipantDimension"/>
    <link:loc xlink:type="locator" xlink:href="cmn.xsd#cmn_AllParticipantsMember" xlink:label="AllParticipantsMember" xlink:title="AllParticipantsMember"/>
    <link:label xlink:type="resource" xlink:label="label_AllParticipantsMember" xlink:role="http://www.xbrl.org/2003/role/label" xlink:title="label_AllParticipantsMember" xml:lang="da" id="label_AllParticipantsMember">Alle deltagere</link:label>
    <link:labelArc xlink:type="arc" xlink:arcrole="http://www.xbrl.org/2003/arcrole/concept-label" xlink:from="AllParticipantsMember" xlink:to="label_AllParticipantsMember" xlink:title="label: AllParticipantsMember to label_AllParticipantsMember"/>
    <link:loc xlink:type="locator" xlink:href="cmn.xsd#cmn_ParticipantsNotPartOfRegisteredManagementMember" xlink:label="ParticipantsNotPartOfRegisteredManagementMember" xlink:title="ParticipantsNotPartOfRegisteredManagementMember"/>
    <link:label xlink:type="resource" xlink:label="label_ParticipantsNotPartOfRegisteredManagementMember_2" xlink:role="http://www.xbrl.org/2003/role/label" xlink:title="label_ParticipantsNotPartOfRegisteredManagementMember" xml:lang="da" id="label_ParticipantsNotPartOfRegisteredManagementMember_2">Deltager der IKKE er del af den registrerede ledelse</link:label>
    <link:labelArc xlink:type="arc" xlink:arcrole="http://www.xbrl.org/2003/arcrole/concept-label" xlink:from="ParticipantsNotPartOfRegisteredManagementMember" xlink:to="label_ParticipantsNotPartOfRegisteredManagementMember_2" xlink:title="label: ParticipantsNotPartOfRegisteredManagementMember to label_ParticipantsNotPartOfRegisteredManagementMember"/>
    <link:loc xlink:type="locator" xlink:href="cmn.xsd#cmn_IdentificationOfReportingEntitySecondaryNameDimension" xlink:label="copyOfIdentificationOfLiquidatorDimension" xlink:title="copyOfIdentificationOfLiquidatorDimension"/>
    <link:label xlink:type="resource" xlink:label="label_copyOfIdentificationOfLiquidatorDimension" xlink:role="http://www.xbrl.org/2003/role/label" xlink:title="label_copyOfIdentificationOfLiquidatorDimension" xml:lang="da" id="label_copyOfIdentificationOfLiquidatorDimension">Identifikation af regnskabsaflæggende virksomheds binavn</link:label>
    <link:labelArc xlink:type="arc" xlink:arcrole="http://www.xbrl.org/2003/arcrole/concept-label" xlink:from="copyOfIdentificationOfLiquidatorDimension" xlink:to="label_copyOfIdentificationOfLiquidatorDimension" xlink:title="label: copyOfIdentificationOfLiquidatorDimension to label_copyOfIdentificationOfLiquidatorDimension"/>
    <link:loc xlink:type="locator" xlink:href="cmn.xsd#cmn_StatementOfGoodManagementConcerningFoundation" xlink:label="newItem_2" xlink:title="newItem"/>
    <link:label xlink:type="resource" xlink:label="label_newItem_2" xlink:role="http://www.xbrl.org/2003/role/label" xlink:title="label_newItem" xml:lang="da" id="label_newItem_2">Redegørelse for god fondsledelse</link:label>
    <link:labelArc xlink:type="arc" xlink:arcrole="http://www.xbrl.org/2003/arcrole/concept-label" xlink:from="newItem_2" xlink:to="label_newItem_2" xlink:title="label: newItem to label_newItem"/>
    <link:loc xlink:type="locator" xlink:href="cmn.xsd#cmn_LinkToStatementOfGoodManagementConcerningFoundation" xlink:label="newItem_3" xlink:title="newItem"/>
    <link:label xlink:type="resource" xlink:label="label_newItem_4" xlink:role="http://www.xbrl.org/2003/role/label" xlink:title="label_newItem" xml:lang="da" id="label_newItem_4">Link til redegørelse for god fondsledelse</link:label>
    <link:labelArc xlink:type="arc" xlink:arcrole="http://www.xbrl.org/2003/arcrole/concept-label" xlink:from="newItem_3" xlink:to="label_newItem_4" xlink:title="label: newItem to label_newItem"/>
    <link:loc xlink:type="locator" xlink:href="cmn.xsd#cmn_StatementOfTheFoundationsDistributionPolicy" xlink:label="copyOfStatementOfGoodManagementConcerningFoundation" xlink:title="copyOfStatementOfGoodManagementConcerningFoundation"/>
    <link:label xlink:type="resource" xlink:label="label_copyOfStatementOfGoodManagementConcerningFoundation" xlink:role="http://www.xbrl.org/2003/role/label" xlink:title="label_copyOfStatementOfGoodManagementConcerningFoundation" xml:lang="da" id="label_copyOfStatementOfGoodManagementConcerningFoundation">Redegørelse for fondens uddelingspolitik</link:label>
    <link:labelArc xlink:type="arc" xlink:arcrole="http://www.xbrl.org/2003/arcrole/concept-label" xlink:from="copyOfStatementOfGoodManagementConcerningFoundation" xlink:to="label_copyOfStatementOfGoodManagementConcerningFoundation" xlink:title="label: copyOfStatementOfGoodManagementConcerningFoundation to label_copyOfStatementOfGoodManagementConcerningFoundation"/>
    <link:loc xlink:type="locator" xlink:href="cmn.xsd#cmn_LinkToStatementOfTheFoundationsDistributionPolicy" xlink:label="copyOfLinkToStatementOfGoodManagementConcerningFoundation" xlink:title="copyOfLinkToStatementOfGoodManagementConcerningFoundation"/>
    <link:label xlink:type="resource" xlink:label="label_copyOfLinkToStatementOfGoodManagementConcerningFoundation" xlink:role="http://www.xbrl.org/2003/role/label" xlink:title="label_copyOfLinkToStatementOfGoodManagementConcerningFoundation" xml:lang="da" id="label_copyOfLinkToStatementOfGoodManagementConcerningFoundation">Link til redegørelse for fondens uddelingspolitik</link:label>
    <link:labelArc xlink:type="arc" xlink:arcrole="http://www.xbrl.org/2003/arcrole/concept-label" xlink:from="copyOfLinkToStatementOfGoodManagementConcerningFoundation" xlink:to="label_copyOfLinkToStatementOfGoodManagementConcerningFoundation" xlink:title="label: copyOfLinkToStatementOfGoodManagementConcerningFoundation to label_copyOfLinkToStatementOfGoodManagementConcerningFoundation"/>
  </link:labelLink>
</link:linkbase>
