<?xml version="1.0" encoding="UTF-8"?>
<!-- Generated by Fujitsu Interstage XWand B0209 -->
<?officialURI http://archprod.service.eogs.dk/taxonomy/20151001/cmn_gla-en.xml?>

<?taxonomy-version 1.6.0?>

<link:linkbase xmlns:xsi="http://www.w3.org/2001/XMLSchema-instance" xsi:schemaLocation="http://www.xbrl.org/2003/linkbase http://www.xbrl.org/2003/xbrl-linkbase-2003-12-31.xsd http://xbrl.org/2008/label http://www.xbrl.org/2008/generic-label.xsd http://xbrl.org/2008/generic http://www.xbrl.org/2008/generic-link.xsd" xmlns:gen="http://xbrl.org/2008/generic" xmlns:link="http://www.xbrl.org/2003/linkbase" xmlns:xlink="http://www.w3.org/1999/xlink" xmlns:label="http://xbrl.org/2008/label">
  <link:roleRef roleURI="http://www.xbrl.org/2008/role/link" xlink:type="simple" xlink:href="http://www.xbrl.org/2008/generic-link.xsd#standard-link-role"/>
  <link:roleRef roleURI="http://www.xbrl.org/2008/role/label" xlink:type="simple" xlink:href="http://www.xbrl.org/2008/generic-label.xsd#standard-label"/>
  <link:arcroleRef arcroleURI="http://xbrl.org/arcrole/2008/element-label" xlink:type="simple" xlink:href="http://www.xbrl.org/2008/generic-label.xsd#element-label"/>
  <gen:link xlink:type="extended" xlink:role="http://www.xbrl.org/2008/role/link">
    <link:loc xlink:type="locator" xlink:href="cmn.xsd#cmn_RoleDimensionDefaultMembers" xlink:label="roleType"/>
    <label:label xlink:type="resource" xlink:label="label" xlink:role="http://www.xbrl.org/2008/role/label" xml:lang="en">[900.01] Dimension - Default members</label:label>
    <gen:arc xlink:type="arc" xlink:arcrole="http://xbrl.org/arcrole/2008/element-label" xlink:from="roleType" xlink:to="label" order="10.0"/>
    <link:loc xlink:type="locator" xlink:href="cmn.xsd#cmn_RoleDimensionConsolidatedSolo" xlink:label="roleType_2"/>
    <label:label xlink:type="resource" xlink:label="label_3" xlink:role="http://www.xbrl.org/2008/role/label" xml:lang="en">[901.01] Dimension - Consolidated/Solo</label:label>
    <gen:arc xlink:type="arc" xlink:arcrole="http://xbrl.org/arcrole/2008/element-label" xlink:from="roleType_2" xlink:to="label_3" order="10.0"/>
    <link:loc xlink:type="locator" xlink:href="cmn.xsd#cmn_RoleDimensionRetrospectiveInformation" xlink:label="roleType_3"/>
    <label:label xlink:type="resource" xlink:label="label_5" xlink:role="http://www.xbrl.org/2008/role/label" xml:lang="en">[902.01] Dimension - Retrospective information</label:label>
    <gen:arc xlink:type="arc" xlink:arcrole="http://xbrl.org/arcrole/2008/element-label" xlink:from="roleType_3" xlink:to="label_5" order="10.0"/>
    <link:loc xlink:type="locator" xlink:href="cmn.xsd#cmn_annualReport" xlink:label="annualReport_loc"/>
    <label:label xlink:type="resource" xlink:label="annualReport_label_en" xlink:role="http://www.xbrl.org/2008/role/label" xml:lang="en">Annual Report</label:label>
    <gen:arc xlink:type="arc" xlink:arcrole="http://xbrl.org/arcrole/2008/element-label" xlink:from="annualReport_loc" xlink:to="annualReport_label_en" order="10.0"/>
    <link:loc xlink:type="locator" xlink:href="cmn.xsd#cmn_liquidationAccounts" xlink:label="liquidationAccounts_loc"/>
    <label:label xlink:type="resource" xlink:label="liquidationAccounts_label_en" xlink:role="http://www.xbrl.org/2008/role/label" xml:lang="en">Liquidation Accounts</label:label>
    <gen:arc xlink:type="arc" xlink:arcrole="http://xbrl.org/arcrole/2008/element-label" xlink:from="liquidationAccounts_loc" xlink:to="liquidationAccounts_label_en" order="10.0"/>
    <link:loc xlink:type="locator" xlink:href="cmn.xsd#cmn_accountingStatistics" xlink:label="accountingStatistics_loc"/>
    <label:label xlink:type="resource" xlink:label="accountingStatistics_label_en" xlink:role="http://www.xbrl.org/2008/role/label" xml:lang="en">Accounting Statistics</label:label>
    <gen:arc xlink:type="arc" xlink:arcrole="http://xbrl.org/arcrole/2008/element-label" xlink:from="accountingStatistics_loc" xlink:to="accountingStatistics_label_en" order="10.0"/>
    <link:loc xlink:type="locator" xlink:href="cmn.xsd#cmn_corporateTaxReturn" xlink:label="corporateTaxReturn_loc"/>
    <label:label xlink:type="resource" xlink:label="corporateTaxReturn_label_en" xlink:role="http://www.xbrl.org/2008/role/label" xml:lang="en">Corporate Tax Return</label:label>
    <gen:arc xlink:type="arc" xlink:arcrole="http://xbrl.org/arcrole/2008/element-label" xlink:from="corporateTaxReturn_loc" xlink:to="corporateTaxReturn_label_en" order="10.0"/>
    <link:loc xlink:type="locator" xlink:href="cmn.xsd#cmn_exemptionStatement" xlink:label="exemptionStatement_loc"/>
    <label:label xlink:type="resource" xlink:label="exemptionStatement_label_en" xlink:role="http://www.xbrl.org/2008/role/label" xml:lang="en">Exemption Statement</label:label>
    <gen:arc xlink:type="arc" xlink:arcrole="http://xbrl.org/arcrole/2008/element-label" xlink:from="exemptionStatement_loc" xlink:to="exemptionStatement_label_en" order="10.0"/>
    <link:loc xlink:type="locator" xlink:href="cmn.xsd#cmn_statementRegardingTurnoverLimit" xlink:label="statementRegardingTurnoverLimit_loc"/>
    <label:label xlink:type="resource" xlink:label="statementRegardingTurnoverLimit_label_en" xlink:role="http://www.xbrl.org/2008/role/label" xml:lang="en">Statement regarding turnover limit [Shops Act]</label:label>
    <gen:arc xlink:type="arc" xlink:arcrole="http://xbrl.org/arcrole/2008/element-label" xlink:from="statementRegardingTurnoverLimit_loc" xlink:to="statementRegardingTurnoverLimit_label_en" order="10.0"/>
    <link:loc xlink:type="locator" xlink:href="cmn.xsd#cmn_accountingClassA" xlink:label="accountingClassA_loc"/>
    <label:label xlink:type="resource" xlink:label="accountingClassA_label_en" xlink:role="http://www.xbrl.org/2008/role/label" xml:lang="en">Reporting class A</label:label>
    <gen:arc xlink:type="arc" xlink:arcrole="http://xbrl.org/arcrole/2008/element-label" xlink:from="accountingClassA_loc" xlink:to="accountingClassA_label_en" order="10.0"/>
    <link:loc xlink:type="locator" xlink:href="cmn.xsd#cmn_accountingClassB" xlink:label="accountingClassB_loc"/>
    <label:label xlink:type="resource" xlink:label="accountingClassB_label_en" xlink:role="http://www.xbrl.org/2008/role/label" xml:lang="en">Reporting class B</label:label>
    <gen:arc xlink:type="arc" xlink:arcrole="http://xbrl.org/arcrole/2008/element-label" xlink:from="accountingClassB_loc" xlink:to="accountingClassB_label_en" order="10.0"/>
    <link:loc xlink:type="locator" xlink:href="cmn.xsd#cmn_accountingClassC_mediumSizedCompany" xlink:label="accountingClassC_mediumSizedCompany_loc"/>
    <label:label xlink:type="resource" xlink:label="accountingClassC_mediumSizedCompany_label_en" xlink:role="http://www.xbrl.org/2008/role/label" xml:lang="en">Reporting class C, medium-size enterprise</label:label>
    <gen:arc xlink:type="arc" xlink:arcrole="http://xbrl.org/arcrole/2008/element-label" xlink:from="accountingClassC_mediumSizedCompany_loc" xlink:to="accountingClassC_mediumSizedCompany_label_en" order="10.0"/>
    <link:loc xlink:type="locator" xlink:href="cmn.xsd#cmn_accountingClassC_largeCompany" xlink:label="accountingClassC_largeCompany_loc"/>
    <label:label xlink:type="resource" xlink:label="accountingClassC_largeCompany_label_en" xlink:role="http://www.xbrl.org/2008/role/label" xml:lang="en">Reporting class C, large enterprise</label:label>
    <gen:arc xlink:type="arc" xlink:arcrole="http://xbrl.org/arcrole/2008/element-label" xlink:from="accountingClassC_largeCompany_loc" xlink:to="accountingClassC_largeCompany_label_en" order="10.0"/>
    <link:loc xlink:type="locator" xlink:href="cmn.xsd#cmn_accountingClassD" xlink:label="accountingClassD_loc"/>
    <label:label xlink:type="resource" xlink:label="accountingClassD_label_en" xlink:role="http://www.xbrl.org/2008/role/label" xml:lang="en">Reporting class D</label:label>
    <gen:arc xlink:type="arc" xlink:arcrole="http://xbrl.org/arcrole/2008/element-label" xlink:from="accountingClassD_loc" xlink:to="accountingClassD_label_en" order="10.0"/>
 <link:loc xlink:type="locator" xlink:href="cmn.xsd#cmn_accountingClassB_microundertaking" xlink:label="enumeration" xlink:title="enumeration"/>
 <label:label xlink:type="resource" xlink:label="label_2" xlink:role="http://www.xbrl.org/2008/role/label" xlink:title="label" xml:lang="en">Reporting class B, micro-undertaking</label:label>
 <gen:arc xlink:type="arc" xlink:arcrole="http://xbrl.org/arcrole/2008/element-label" xlink:from="enumeration" xlink:to="label_2" xlink:title="user-defined: enumeration to label" order="2.0"/>
 </gen:link>
</link:linkbase>
