<?xml version="1.0" encoding="UTF-8"?>
<!-- Generated by Fujitsu Interstage XWand B0209 -->
<?officialURI http://archprod.service.eogs.dk/taxonomy/20141220/ifrs/full_ifrs_dk/ifrs-dk_330.00_2014-12-20/def_ifrs-dk_2014-12-20_role-330.00.xml?>

<?taxonomy-version 0.2.0?>

<link:linkbase xmlns:xsi="http://www.w3.org/2001/XMLSchema-instance" xsi:schemaLocation="http://www.xbrl.org/2003/linkbase http://www.xbrl.org/2003/xbrl-linkbase-2003-12-31.xsd" xmlns:link="http://www.xbrl.org/2003/linkbase" xmlns:ifrs-dk-entry-ifrs-dk_2014-12-20="http://xbrl.dcca.dk/ifrs-dk/entry-ifrs-dk_2014-12-20" xmlns:rol_ifrs-dk_330.00_2014-12-20="http://xbrl.dcca.dk/role/ifrs-dk/rol_ifrs-dk_330.00_2014-12-20" xmlns:ifrs-dk-is="http://xbrl.dcca.dk/IncomeStatement" xmlns:xbrldt="http://xbrl.org/2005/xbrldt" xmlns:xbrli="http://www.xbrl.org/2003/instance" xmlns:xlink="http://www.w3.org/1999/xlink">
  <link:roleRef roleURI="http://xbrl.dcca.dk/role/330.00/IncomeStatementByNatureOfExpense" xlink:type="simple" xlink:href="rol_ifrs-dk_330.00_2014-12-20.xsd#ifrs-dk_33000_IncomeStatementByNatureOfExpense"/>
  <link:roleRef roleURI="http://xbrl.ifrs.org/role/ifrs/ifrs-dim_role-913000" xlink:type="simple" xlink:href="../../../../full_ifrs/dimensions_full_ifrs/rol_full_ifrs-dim_2014-03-05.xsd#ifrs-dim_role-913000"/>
  <link:arcroleRef arcroleURI="http://xbrl.org/int/dim/arcrole/all" xlink:type="simple" xlink:href="http://www.xbrl.org/2005/xbrldt-2005.xsd#all"/>
  <link:arcroleRef arcroleURI="http://xbrl.org/int/dim/arcrole/dimension-domain" xlink:type="simple" xlink:href="http://www.xbrl.org/2005/xbrldt-2005.xsd#dimension-domain"/>
  <link:arcroleRef arcroleURI="http://xbrl.org/int/dim/arcrole/domain-member" xlink:type="simple" xlink:href="http://www.xbrl.org/2005/xbrldt-2005.xsd#domain-member"/>
  <link:arcroleRef arcroleURI="http://xbrl.org/int/dim/arcrole/hypercube-dimension" xlink:type="simple" xlink:href="http://www.xbrl.org/2005/xbrldt-2005.xsd#hypercube-dimension"/>
  <link:definitionLink xlink:type="extended" xlink:role="http://xbrl.dcca.dk/role/330.00/IncomeStatementByNatureOfExpense">
    <link:loc xlink:type="locator" xlink:href="../../../../full_ifrs-cor_2014-03-05.xsd#ifrs-full_EarningsPerShareAbstract" xlink:label="EarningsPerShareAbstract"/>
    <link:loc xlink:type="locator" xlink:href="../../../../full_ifrs-cor_2014-03-05.xsd#ifrs-full_EarningsPerShareTable" xlink:label="EarningsPerShareTable"/>
    <link:definitionArc xlink:type="arc" xlink:arcrole="http://xbrl.org/int/dim/arcrole/all" xlink:from="EarningsPerShareAbstract" xlink:to="EarningsPerShareTable" order="2.0" xbrldt:closed="true" xbrldt:contextElement="scenario"/>
    <link:loc xlink:type="locator" xlink:href="../../../../full_ifrs-cor_2014-03-05.xsd#ifrs-full_ClassesOfOrdinarySharesAxis" xlink:label="ClassesOfOrdinarySharesAxis"/>
    <link:definitionArc xlink:type="arc" xlink:arcrole="http://xbrl.org/int/dim/arcrole/hypercube-dimension" xlink:from="EarningsPerShareTable" xlink:to="ClassesOfOrdinarySharesAxis" order="1.0"/>
    <link:loc xlink:type="locator" xlink:href="../../../../full_ifrs-cor_2014-03-05.xsd#ifrs-full_OrdinarySharesMember" xlink:label="OrdinarySharesMember"/>
    <link:definitionArc xlink:type="arc" xlink:arcrole="http://xbrl.org/int/dim/arcrole/dimension-domain" xlink:from="ClassesOfOrdinarySharesAxis" xlink:to="OrdinarySharesMember" order="1.0"/>
    <link:loc xlink:type="locator" xlink:href="../../../../full_ifrs-cor_2014-03-05.xsd#ifrs-full_ConsolidatedAndSeparateFinancialStatementsAxis" xlink:label="ConsolidatedAndSeparateFinancialStatementsAxis" xlink:title="ConsolidatedAndSeparateFinancialStatementsAxis"/>
    <link:definitionArc xlink:type="arc" xlink:arcrole="http://xbrl.org/int/dim/arcrole/hypercube-dimension" xlink:from="EarningsPerShareTable" xlink:to="ConsolidatedAndSeparateFinancialStatementsAxis" xlink:title="definition: EarningsPerShareTable to ConsolidatedAndSeparateFinancialStatementsAxis" order="2.0" xbrldt:targetRole="http://xbrl.ifrs.org/role/ifrs/ifrs-dim_role-913000"/>
    <link:loc xlink:type="locator" xlink:href="../../../../full_ifrs-cor_2014-03-05.xsd#ifrs-full_EarningsPerShareLineItems" xlink:label="EarningsPerShareLineItems"/>
    <link:definitionArc xlink:type="arc" xlink:arcrole="http://xbrl.org/int/dim/arcrole/domain-member" xlink:from="EarningsPerShareAbstract" xlink:to="EarningsPerShareLineItems" order="1.0"/>
    <link:loc xlink:type="locator" xlink:href="../../../../full_ifrs-cor_2014-03-05.xsd#ifrs-full_BasicEarningsPerShareAbstract" xlink:label="BasicEarningsPerShareAbstract"/>
    <link:definitionArc xlink:type="arc" xlink:arcrole="http://xbrl.org/int/dim/arcrole/domain-member" xlink:from="EarningsPerShareLineItems" xlink:to="BasicEarningsPerShareAbstract" order="1.0"/>
    <link:loc xlink:type="locator" xlink:href="../../../../full_ifrs-cor_2014-03-05.xsd#ifrs-full_BasicEarningsLossPerShareFromContinuingOperations" xlink:label="BasicEarningsLossPerShareFromContinuingOperations"/>
    <link:definitionArc xlink:type="arc" xlink:arcrole="http://xbrl.org/int/dim/arcrole/domain-member" xlink:from="BasicEarningsPerShareAbstract" xlink:to="BasicEarningsLossPerShareFromContinuingOperations" order="1.0"/>
    <link:loc xlink:type="locator" xlink:href="../../../../full_ifrs-cor_2014-03-05.xsd#ifrs-full_BasicEarningsLossPerShareFromDiscontinuedOperations" xlink:label="BasicEarningsLossPerShareFromDiscontinuedOperations"/>
    <link:definitionArc xlink:type="arc" xlink:arcrole="http://xbrl.org/int/dim/arcrole/domain-member" xlink:from="BasicEarningsPerShareAbstract" xlink:to="BasicEarningsLossPerShareFromDiscontinuedOperations" order="2.0"/>
    <link:loc xlink:type="locator" xlink:href="../../../../full_ifrs-cor_2014-03-05.xsd#ifrs-full_BasicEarningsLossPerShare" xlink:label="BasicEarningsLossPerShare"/>
    <link:definitionArc xlink:type="arc" xlink:arcrole="http://xbrl.org/int/dim/arcrole/domain-member" xlink:from="BasicEarningsPerShareAbstract" xlink:to="BasicEarningsLossPerShare" order="3.0"/>
    <link:loc xlink:type="locator" xlink:href="../../../../full_ifrs-cor_2014-03-05.xsd#ifrs-full_DilutedEarningsPerShareAbstract" xlink:label="DilutedEarningsPerShareAbstract"/>
    <link:definitionArc xlink:type="arc" xlink:arcrole="http://xbrl.org/int/dim/arcrole/domain-member" xlink:from="EarningsPerShareLineItems" xlink:to="DilutedEarningsPerShareAbstract" order="2.0"/>
    <link:loc xlink:type="locator" xlink:href="../../../../full_ifrs-cor_2014-03-05.xsd#ifrs-full_DilutedEarningsLossPerShareFromContinuingOperations" xlink:label="DilutedEarningsLossPerShareFromContinuingOperations"/>
    <link:definitionArc xlink:type="arc" xlink:arcrole="http://xbrl.org/int/dim/arcrole/domain-member" xlink:from="DilutedEarningsPerShareAbstract" xlink:to="DilutedEarningsLossPerShareFromContinuingOperations" order="1.0"/>
    <link:loc xlink:type="locator" xlink:href="../../../../full_ifrs-cor_2014-03-05.xsd#ifrs-full_DilutedEarningsLossPerShareFromDiscontinuedOperations" xlink:label="DilutedEarningsLossPerShareFromDiscontinuedOperations"/>
    <link:definitionArc xlink:type="arc" xlink:arcrole="http://xbrl.org/int/dim/arcrole/domain-member" xlink:from="DilutedEarningsPerShareAbstract" xlink:to="DilutedEarningsLossPerShareFromDiscontinuedOperations" order="2.0"/>
    <link:loc xlink:type="locator" xlink:href="../../../../full_ifrs-cor_2014-03-05.xsd#ifrs-full_DilutedEarningsLossPerShare" xlink:label="DilutedEarningsLossPerShare"/>
    <link:definitionArc xlink:type="arc" xlink:arcrole="http://xbrl.org/int/dim/arcrole/domain-member" xlink:from="DilutedEarningsPerShareAbstract" xlink:to="DilutedEarningsLossPerShare" order="3.0"/>
  </link:definitionLink>
</link:linkbase>
