<?xml version="1.0" encoding="UTF-8"?><!--Taxonomy: 2014-03-05 (Final release)
        ********************** 
        Copyright © 2014 International Financial Reporting Standards (IFRS) Foundation
        All rights reserved.  No part of this publication may be translated, reprinted or reproduced 
        or utilised in any form either in whole or in part without prior permission in writing from the IFRS Foundation.
        For more information on the IFRS Foundation's copyright, please refer to http://www.ifrs.org/XBRL/Legal/
        **********************
--><link:linkbase xmlns:link="http://www.xbrl.org/2003/linkbase" xmlns:xbrldt="http://xbrl.org/2005/xbrldt" xmlns:xlink="http://www.w3.org/1999/xlink" xmlns:xsi="http://www.w3.org/2001/XMLSchema-instance" xsi:schemaLocation="http://www.xbrl.org/2003/linkbase http://www.xbrl.org/2003/xbrl-linkbase-2003-12-31.xsd">
  <link:roleRef roleURI="http://xbrl.ifrs.org/role/ifrs/ifrs_12_2014-03-05_role-825700" xlink:href="rol_ifrs_12_2014-03-05.xsd#ifrs_12_2014-03-05_role-825700" xlink:type="simple"/>
  <link:roleRef roleURI="http://xbrl.ifrs.org/role/ifrs/ifrs_12_2014-03-05_role-825700a" xlink:href="rol_ifrs_12_2014-03-05.xsd#ifrs_12_2014-03-05_role-825700a" xlink:type="simple"/>
  <link:roleRef roleURI="http://xbrl.ifrs.org/role/ifrs/ifrs_12_2014-03-05_role-825700b" xlink:href="rol_ifrs_12_2014-03-05.xsd#ifrs_12_2014-03-05_role-825700b" xlink:type="simple"/>
  <link:roleRef roleURI="http://xbrl.ifrs.org/role/ifrs/ifrs_12_2014-03-05_role-825700c" xlink:href="rol_ifrs_12_2014-03-05.xsd#ifrs_12_2014-03-05_role-825700c" xlink:type="simple"/>
  <link:roleRef roleURI="http://xbrl.ifrs.org/role/ifrs/ifrs_12_2014-03-05_role-825700d" xlink:href="rol_ifrs_12_2014-03-05.xsd#ifrs_12_2014-03-05_role-825700d" xlink:type="simple"/>
  <link:roleRef roleURI="http://xbrl.ifrs.org/role/ifrs/ifrs_12_2014-03-05_role-825700e" xlink:href="rol_ifrs_12_2014-03-05.xsd#ifrs_12_2014-03-05_role-825700e" xlink:type="simple"/>
  <link:roleRef roleURI="http://xbrl.ifrs.org/role/ifrs/ifrs_12_2014-03-05_role-825700f" xlink:href="rol_ifrs_12_2014-03-05.xsd#ifrs_12_2014-03-05_role-825700f" xlink:type="simple"/>
  <link:roleRef roleURI="http://xbrl.ifrs.org/role/ifrs/ifrs_12_2014-03-05_role-825700g" xlink:href="rol_ifrs_12_2014-03-05.xsd#ifrs_12_2014-03-05_role-825700g" xlink:type="simple"/>
  <link:arcroleRef arcroleURI="http://xbrl.org/int/dim/arcrole/domain-member" xlink:href="http://www.xbrl.org/2005/xbrldt-2005.xsd#domain-member" xlink:type="simple"/>
  <link:arcroleRef arcroleURI="http://xbrl.org/int/dim/arcrole/all" xlink:href="http://www.xbrl.org/2005/xbrldt-2005.xsd#all" xlink:type="simple"/>
  <link:arcroleRef arcroleURI="http://xbrl.org/int/dim/arcrole/dimension-domain" xlink:href="http://www.xbrl.org/2005/xbrldt-2005.xsd#dimension-domain" xlink:type="simple"/>
  <link:arcroleRef arcroleURI="http://xbrl.org/int/dim/arcrole/hypercube-dimension" xlink:href="http://www.xbrl.org/2005/xbrldt-2005.xsd#hypercube-dimension" xlink:type="simple"/>
  <link:definitionLink xlink:role="http://xbrl.ifrs.org/role/ifrs/ifrs_12_2014-03-05_role-825700" xlink:type="extended">
    <link:loc xlink:href="../../full_ifrs-cor_2014-03-05.xsd#ifrs-full_SubsidiariesWithMaterialNoncontrollingInterestsMember" xlink:label="loc_1" xlink:type="locator"/>
    <link:loc xlink:href="../../full_ifrs-cor_2014-03-05.xsd#ifrs-full_SubsidiariesMember" xlink:label="loc_2" xlink:type="locator"/>
    <link:definitionArc order="10.0" xlink:arcrole="http://xbrl.org/int/dim/arcrole/domain-member" xlink:from="loc_2" xlink:to="loc_1" xlink:type="arc"/>
    <link:loc xlink:href="../../full_ifrs-cor_2014-03-05.xsd#ifrs-full_DisclosureOfSignificantInvestmentsInSubsidiariesTable" xlink:label="loc_3" xlink:type="locator"/>
    <link:loc xlink:href="../../full_ifrs-cor_2014-03-05.xsd#ifrs-full_DisclosureOfSignificantInvestmentsInSubsidiariesAbstract" xlink:label="loc_4" xlink:type="locator"/>
    <link:definitionArc order="10.0" xbrldt:closed="true" xbrldt:contextElement="scenario" xlink:arcrole="http://xbrl.org/int/dim/arcrole/all" xlink:from="loc_4" xlink:to="loc_3" xlink:type="arc"/>
    <link:loc xlink:href="../../full_ifrs-cor_2014-03-05.xsd#ifrs-full_SignificantInvestmentsInSubsidiariesAxis" xlink:label="loc_5" xlink:type="locator"/>
    <link:definitionArc order="10.0" xlink:arcrole="http://xbrl.org/int/dim/arcrole/hypercube-dimension" xlink:from="loc_3" xlink:to="loc_5" xlink:type="arc"/>
    <link:loc xlink:href="../../full_ifrs-cor_2014-03-05.xsd#ifrs-full_EntitysTotalForSubsidiariesMember" xlink:label="loc_6" xlink:type="locator"/>
    <link:definitionArc order="10.0" xlink:arcrole="http://xbrl.org/int/dim/arcrole/dimension-domain" xlink:from="loc_5" xlink:to="loc_6" xlink:type="arc"/>
    <link:definitionArc order="10.0" xlink:arcrole="http://xbrl.org/int/dim/arcrole/domain-member" xlink:from="loc_6" xlink:to="loc_2" xlink:type="arc"/>
    <link:loc xlink:href="../../full_ifrs-cor_2014-03-05.xsd#ifrs-full_NameOfSubsidiary" xlink:label="loc_7" xlink:type="locator"/>
    <link:loc xlink:href="../../full_ifrs-cor_2014-03-05.xsd#ifrs-full_DisclosureOfSignificantInvestmentsInSubsidiariesLineItems" xlink:label="loc_8" xlink:type="locator"/>
    <link:definitionArc order="10.0" xlink:arcrole="http://xbrl.org/int/dim/arcrole/domain-member" xlink:from="loc_8" xlink:to="loc_7" xlink:type="arc"/>
    <link:definitionArc order="20.0" xlink:arcrole="http://xbrl.org/int/dim/arcrole/domain-member" xlink:from="loc_4" xlink:to="loc_8" xlink:type="arc"/>
    <link:loc xlink:href="../../full_ifrs-cor_2014-03-05.xsd#ifrs-full_PrincipalPlaceOfBusinessOfSubsidiary" xlink:label="loc_9" xlink:type="locator"/>
    <link:definitionArc order="20.0" xlink:arcrole="http://xbrl.org/int/dim/arcrole/domain-member" xlink:from="loc_8" xlink:to="loc_9" xlink:type="arc"/>
    <link:loc xlink:href="../../full_ifrs-cor_2014-03-05.xsd#ifrs-full_CountryOfIncorporationOrResidenceOfSubsidiary" xlink:label="loc_10" xlink:type="locator"/>
    <link:definitionArc order="30.0" xlink:arcrole="http://xbrl.org/int/dim/arcrole/domain-member" xlink:from="loc_8" xlink:to="loc_10" xlink:type="arc"/>
    <link:loc xlink:href="../../full_ifrs-cor_2014-03-05.xsd#ifrs-full_ProportionOfOwnershipInterestsHeldByNoncontrollingInterests" xlink:label="loc_11" xlink:type="locator"/>
    <link:definitionArc order="40.0" xlink:arcrole="http://xbrl.org/int/dim/arcrole/domain-member" xlink:from="loc_8" xlink:to="loc_11" xlink:type="arc"/>
    <link:loc xlink:href="../../full_ifrs-cor_2014-03-05.xsd#ifrs-full_ProportionOfVotingRightsHeldByNoncontrollingInterests" xlink:label="loc_12" xlink:type="locator"/>
    <link:definitionArc order="50.0" xlink:arcrole="http://xbrl.org/int/dim/arcrole/domain-member" xlink:from="loc_8" xlink:to="loc_12" xlink:type="arc"/>
    <link:loc xlink:href="../../full_ifrs-cor_2014-03-05.xsd#ifrs-full_ProfitLossAttributableToNoncontrollingInterests" xlink:label="loc_13" xlink:type="locator"/>
    <link:definitionArc order="60.0" xlink:arcrole="http://xbrl.org/int/dim/arcrole/domain-member" xlink:from="loc_8" xlink:to="loc_13" xlink:type="arc"/>
    <link:loc xlink:href="../../full_ifrs-cor_2014-03-05.xsd#ifrs-full_NoncontrollingInterests" xlink:label="loc_14" xlink:type="locator"/>
    <link:definitionArc order="70.0" xlink:arcrole="http://xbrl.org/int/dim/arcrole/domain-member" xlink:from="loc_8" xlink:to="loc_14" xlink:type="arc"/>
    <link:loc xlink:href="../../full_ifrs-cor_2014-03-05.xsd#ifrs-full_DividendsPaidToNoncontrollingInterests" xlink:label="loc_15" xlink:type="locator"/>
    <link:definitionArc order="80.0" xlink:arcrole="http://xbrl.org/int/dim/arcrole/domain-member" xlink:from="loc_8" xlink:to="loc_15" xlink:type="arc"/>
    <link:loc xlink:href="../../full_ifrs-cor_2014-03-05.xsd#ifrs-full_CurrentAssets" xlink:label="loc_16" xlink:type="locator"/>
    <link:definitionArc order="90.0" xlink:arcrole="http://xbrl.org/int/dim/arcrole/domain-member" xlink:from="loc_8" xlink:to="loc_16" xlink:type="arc"/>
    <link:loc xlink:href="../../full_ifrs-cor_2014-03-05.xsd#ifrs-full_NoncurrentAssets" xlink:label="loc_17" xlink:type="locator"/>
    <link:definitionArc order="100.0" xlink:arcrole="http://xbrl.org/int/dim/arcrole/domain-member" xlink:from="loc_8" xlink:to="loc_17" xlink:type="arc"/>
    <link:loc xlink:href="../../full_ifrs-cor_2014-03-05.xsd#ifrs-full_CurrentLiabilities" xlink:label="loc_18" xlink:type="locator"/>
    <link:definitionArc order="110.0" xlink:arcrole="http://xbrl.org/int/dim/arcrole/domain-member" xlink:from="loc_8" xlink:to="loc_18" xlink:type="arc"/>
    <link:loc xlink:href="../../full_ifrs-cor_2014-03-05.xsd#ifrs-full_NoncurrentLiabilities" xlink:label="loc_19" xlink:type="locator"/>
    <link:definitionArc order="120.0" xlink:arcrole="http://xbrl.org/int/dim/arcrole/domain-member" xlink:from="loc_8" xlink:to="loc_19" xlink:type="arc"/>
    <link:loc xlink:href="../../full_ifrs-cor_2014-03-05.xsd#ifrs-full_Revenue" xlink:label="loc_20" xlink:type="locator"/>
    <link:definitionArc order="130.0" xlink:arcrole="http://xbrl.org/int/dim/arcrole/domain-member" xlink:from="loc_8" xlink:to="loc_20" xlink:type="arc"/>
    <link:loc xlink:href="../../full_ifrs-cor_2014-03-05.xsd#ifrs-full_ProfitLoss" xlink:label="loc_21" xlink:type="locator"/>
    <link:definitionArc order="140.0" xlink:arcrole="http://xbrl.org/int/dim/arcrole/domain-member" xlink:from="loc_8" xlink:to="loc_21" xlink:type="arc"/>
    <link:loc xlink:href="../../full_ifrs-cor_2014-03-05.xsd#ifrs-full_ComprehensiveIncome" xlink:label="loc_22" xlink:type="locator"/>
    <link:definitionArc order="150.0" xlink:arcrole="http://xbrl.org/int/dim/arcrole/domain-member" xlink:from="loc_8" xlink:to="loc_22" xlink:type="arc"/>
    <link:loc xlink:href="../../full_ifrs-cor_2014-03-05.xsd#ifrs-full_DateOfEndOfReportingPeriodOfFinancialStatementsOfSubsidiary" xlink:label="loc_23" xlink:type="locator"/>
    <link:definitionArc order="160.0" xlink:arcrole="http://xbrl.org/int/dim/arcrole/domain-member" xlink:from="loc_8" xlink:to="loc_23" xlink:type="arc"/>
    <link:loc xlink:href="../../full_ifrs-cor_2014-03-05.xsd#ifrs-full_DescriptionOfReasonWhyUsingDifferentReportingDateOrPeriodForSubsidiary" xlink:label="loc_24" xlink:type="locator"/>
    <link:definitionArc order="170.0" xlink:arcrole="http://xbrl.org/int/dim/arcrole/domain-member" xlink:from="loc_8" xlink:to="loc_24" xlink:type="arc"/>
  </link:definitionLink>
  <link:definitionLink xlink:role="http://xbrl.ifrs.org/role/ifrs/ifrs_12_2014-03-05_role-825700a" xlink:type="extended">
    <link:loc xlink:href="../../full_ifrs-cor_2014-03-05.xsd#ifrs-full_DisclosureOfInformationAboutConsolidatedStructuredEntitiesTable" xlink:label="loc_1" xlink:type="locator"/>
    <link:loc xlink:href="../../full_ifrs-cor_2014-03-05.xsd#ifrs-full_DisclosureOfInformationAboutConsolidatedStructuredEntitiesAbstract" xlink:label="loc_2" xlink:type="locator"/>
    <link:definitionArc order="10.0" xbrldt:closed="true" xbrldt:contextElement="scenario" xlink:arcrole="http://xbrl.org/int/dim/arcrole/all" xlink:from="loc_2" xlink:to="loc_1" xlink:type="arc"/>
    <link:loc xlink:href="../../full_ifrs-cor_2014-03-05.xsd#ifrs-full_ConsolidatedStructuredEntitiesAxis" xlink:label="loc_3" xlink:type="locator"/>
    <link:definitionArc order="10.0" xlink:arcrole="http://xbrl.org/int/dim/arcrole/hypercube-dimension" xlink:from="loc_1" xlink:to="loc_3" xlink:type="arc"/>
    <link:loc xlink:href="../../full_ifrs-cor_2014-03-05.xsd#ifrs-full_EntitysTotalForConsolidatedStructuredEntitiesMember" xlink:label="loc_4" xlink:type="locator"/>
    <link:definitionArc order="10.0" xlink:arcrole="http://xbrl.org/int/dim/arcrole/dimension-domain" xlink:from="loc_3" xlink:to="loc_4" xlink:type="arc"/>
    <link:loc xlink:href="../../full_ifrs-cor_2014-03-05.xsd#ifrs-full_ConsolidatedStructuredEntitiesMember" xlink:label="loc_5" xlink:type="locator"/>
    <link:definitionArc order="10.0" xlink:arcrole="http://xbrl.org/int/dim/arcrole/domain-member" xlink:from="loc_4" xlink:to="loc_5" xlink:type="arc"/>
    <link:loc xlink:href="../../full_ifrs-cor_2014-03-05.xsd#ifrs-full_DescriptionOfTermsOfContractualArrangementsThatCouldRequireParentOrSubsidiariesToProvideFinancialSupportToStructuredEntity" xlink:label="loc_6" xlink:type="locator"/>
    <link:loc xlink:href="../../full_ifrs-cor_2014-03-05.xsd#ifrs-full_DisclosureOfInformationAboutConsolidatedStructuredEntitiesLineItems" xlink:label="loc_7" xlink:type="locator"/>
    <link:definitionArc order="10.0" xlink:arcrole="http://xbrl.org/int/dim/arcrole/domain-member" xlink:from="loc_7" xlink:to="loc_6" xlink:type="arc"/>
    <link:definitionArc order="20.0" xlink:arcrole="http://xbrl.org/int/dim/arcrole/domain-member" xlink:from="loc_2" xlink:to="loc_7" xlink:type="arc"/>
    <link:loc xlink:href="../../full_ifrs-cor_2014-03-05.xsd#ifrs-full_DescriptionOfTypeOfSupportProvidedToStructuredEntityWithoutHavingContractualObligationToDoSo" xlink:label="loc_8" xlink:type="locator"/>
    <link:definitionArc order="20.0" xlink:arcrole="http://xbrl.org/int/dim/arcrole/domain-member" xlink:from="loc_7" xlink:to="loc_8" xlink:type="arc"/>
    <link:loc xlink:href="../../full_ifrs-cor_2014-03-05.xsd#ifrs-full_SupportProvidedToStructuredEntityWithoutHavingContractualObligationToDoSo" xlink:label="loc_9" xlink:type="locator"/>
    <link:definitionArc order="30.0" xlink:arcrole="http://xbrl.org/int/dim/arcrole/domain-member" xlink:from="loc_7" xlink:to="loc_9" xlink:type="arc"/>
    <link:loc xlink:href="../../full_ifrs-cor_2014-03-05.xsd#ifrs-full_DescriptionOfReasonsForProvidingSupportToStructuredEntityWithoutHavingContractualObligationToDoSo" xlink:label="loc_10" xlink:type="locator"/>
    <link:definitionArc order="40.0" xlink:arcrole="http://xbrl.org/int/dim/arcrole/domain-member" xlink:from="loc_7" xlink:to="loc_10" xlink:type="arc"/>
    <link:loc xlink:href="../../full_ifrs-cor_2014-03-05.xsd#ifrs-full_ExplanationOfFactorsInReachingDecisionThatProvisionOfSupportToPreviouslyUnconsolidatedStructuredEntityResultedInObtainingControl" xlink:label="loc_11" xlink:type="locator"/>
    <link:definitionArc order="50.0" xlink:arcrole="http://xbrl.org/int/dim/arcrole/domain-member" xlink:from="loc_7" xlink:to="loc_11" xlink:type="arc"/>
    <link:loc xlink:href="../../full_ifrs-cor_2014-03-05.xsd#ifrs-full_DescriptionOfIntentionsToProvideSupportToStructuredEntity" xlink:label="loc_12" xlink:type="locator"/>
    <link:definitionArc order="60.0" xlink:arcrole="http://xbrl.org/int/dim/arcrole/domain-member" xlink:from="loc_7" xlink:to="loc_12" xlink:type="arc"/>
  </link:definitionLink>
  <link:definitionLink xlink:role="http://xbrl.ifrs.org/role/ifrs/ifrs_12_2014-03-05_role-825700b" xlink:type="extended">
    <link:loc xlink:href="../../full_ifrs-cor_2014-03-05.xsd#ifrs-full_AggregatedIndividuallyImmaterialAssociatesMember" xlink:label="loc_1" xlink:type="locator"/>
    <link:loc xlink:href="../../full_ifrs-cor_2014-03-05.xsd#ifrs-full_AssociatesMember" xlink:label="loc_2" xlink:type="locator"/>
    <link:definitionArc order="10.0" xlink:arcrole="http://xbrl.org/int/dim/arcrole/domain-member" xlink:from="loc_2" xlink:to="loc_1" xlink:type="arc"/>
    <link:loc xlink:href="../../full_ifrs-cor_2014-03-05.xsd#ifrs-full_DisclosureOfSignificantInvestmentsInAssociatesTable" xlink:label="loc_3" xlink:type="locator"/>
    <link:loc xlink:href="../../full_ifrs-cor_2014-03-05.xsd#ifrs-full_DisclosureOfSignificantInvestmentsInAssociatesAbstract" xlink:label="loc_4" xlink:type="locator"/>
    <link:definitionArc order="10.0" xbrldt:closed="true" xbrldt:contextElement="scenario" xlink:arcrole="http://xbrl.org/int/dim/arcrole/all" xlink:from="loc_4" xlink:to="loc_3" xlink:type="arc"/>
    <link:loc xlink:href="../../full_ifrs-cor_2014-03-05.xsd#ifrs-full_SignificantInvestmentsInAssociatesAxis" xlink:label="loc_5" xlink:type="locator"/>
    <link:definitionArc order="10.0" xlink:arcrole="http://xbrl.org/int/dim/arcrole/hypercube-dimension" xlink:from="loc_3" xlink:to="loc_5" xlink:type="arc"/>
    <link:loc xlink:href="../../full_ifrs-cor_2014-03-05.xsd#ifrs-full_EntitysTotalForAssociatesMember" xlink:label="loc_6" xlink:type="locator"/>
    <link:definitionArc order="10.0" xlink:arcrole="http://xbrl.org/int/dim/arcrole/dimension-domain" xlink:from="loc_5" xlink:to="loc_6" xlink:type="arc"/>
    <link:definitionArc order="10.0" xlink:arcrole="http://xbrl.org/int/dim/arcrole/domain-member" xlink:from="loc_6" xlink:to="loc_2" xlink:type="arc"/>
    <link:loc xlink:href="../../full_ifrs-cor_2014-03-05.xsd#ifrs-full_NameOfAssociate" xlink:label="loc_7" xlink:type="locator"/>
    <link:loc xlink:href="../../full_ifrs-cor_2014-03-05.xsd#ifrs-full_DisclosureOfSignificantInvestmentsInAssociatesLineItems" xlink:label="loc_8" xlink:type="locator"/>
    <link:definitionArc order="10.0" xlink:arcrole="http://xbrl.org/int/dim/arcrole/domain-member" xlink:from="loc_8" xlink:to="loc_7" xlink:type="arc"/>
    <link:definitionArc order="20.0" xlink:arcrole="http://xbrl.org/int/dim/arcrole/domain-member" xlink:from="loc_4" xlink:to="loc_8" xlink:type="arc"/>
    <link:loc xlink:href="../../full_ifrs-cor_2014-03-05.xsd#ifrs-full_DescriptionOfNatureOfEntitysRelationshipWithAssociate" xlink:label="loc_9" xlink:type="locator"/>
    <link:definitionArc order="20.0" xlink:arcrole="http://xbrl.org/int/dim/arcrole/domain-member" xlink:from="loc_8" xlink:to="loc_9" xlink:type="arc"/>
    <link:loc xlink:href="../../full_ifrs-cor_2014-03-05.xsd#ifrs-full_PrincipalPlaceOfBusinessOfAssociate" xlink:label="loc_10" xlink:type="locator"/>
    <link:definitionArc order="30.0" xlink:arcrole="http://xbrl.org/int/dim/arcrole/domain-member" xlink:from="loc_8" xlink:to="loc_10" xlink:type="arc"/>
    <link:loc xlink:href="../../full_ifrs-cor_2014-03-05.xsd#ifrs-full_CountryOfIncorporationOrResidenceOfAssociate" xlink:label="loc_11" xlink:type="locator"/>
    <link:definitionArc order="40.0" xlink:arcrole="http://xbrl.org/int/dim/arcrole/domain-member" xlink:from="loc_8" xlink:to="loc_11" xlink:type="arc"/>
    <link:loc xlink:href="../../full_ifrs-cor_2014-03-05.xsd#ifrs-full_ProportionOfOwnershipInterestInAssociate" xlink:label="loc_12" xlink:type="locator"/>
    <link:definitionArc order="50.0" xlink:arcrole="http://xbrl.org/int/dim/arcrole/domain-member" xlink:from="loc_8" xlink:to="loc_12" xlink:type="arc"/>
    <link:loc xlink:href="../../full_ifrs-cor_2014-03-05.xsd#ifrs-full_ProportionOfVotingPowerHeldInAssociate" xlink:label="loc_13" xlink:type="locator"/>
    <link:definitionArc order="60.0" xlink:arcrole="http://xbrl.org/int/dim/arcrole/domain-member" xlink:from="loc_8" xlink:to="loc_13" xlink:type="arc"/>
    <link:loc xlink:href="../../full_ifrs-cor_2014-03-05.xsd#ifrs-full_DescriptionOfWhetherInvestmentInAssociateIsMeasuredUsingEquityMethodOrAtFairValue" xlink:label="loc_14" xlink:type="locator"/>
    <link:definitionArc order="70.0" xlink:arcrole="http://xbrl.org/int/dim/arcrole/domain-member" xlink:from="loc_8" xlink:to="loc_14" xlink:type="arc"/>
    <link:loc xlink:href="../../full_ifrs-cor_2014-03-05.xsd#ifrs-full_DescriptionOfBasisOfPreparationOfSummarisedFinancialInformationOfAssociate" xlink:label="loc_15" xlink:type="locator"/>
    <link:definitionArc order="80.0" xlink:arcrole="http://xbrl.org/int/dim/arcrole/domain-member" xlink:from="loc_8" xlink:to="loc_15" xlink:type="arc"/>
    <link:loc xlink:href="../../full_ifrs-cor_2014-03-05.xsd#ifrs-full_DividendsReceived" xlink:label="loc_16" xlink:type="locator"/>
    <link:definitionArc order="90.0" xlink:arcrole="http://xbrl.org/int/dim/arcrole/domain-member" xlink:from="loc_8" xlink:to="loc_16" xlink:type="arc"/>
    <link:loc xlink:href="../../full_ifrs-cor_2014-03-05.xsd#ifrs-full_CurrentAssets" xlink:label="loc_17" xlink:type="locator"/>
    <link:definitionArc order="100.0" xlink:arcrole="http://xbrl.org/int/dim/arcrole/domain-member" xlink:from="loc_8" xlink:to="loc_17" xlink:type="arc"/>
    <link:loc xlink:href="../../full_ifrs-cor_2014-03-05.xsd#ifrs-full_NoncurrentAssets" xlink:label="loc_18" xlink:type="locator"/>
    <link:definitionArc order="110.0" xlink:arcrole="http://xbrl.org/int/dim/arcrole/domain-member" xlink:from="loc_8" xlink:to="loc_18" xlink:type="arc"/>
    <link:loc xlink:href="../../full_ifrs-cor_2014-03-05.xsd#ifrs-full_CurrentLiabilities" xlink:label="loc_19" xlink:type="locator"/>
    <link:definitionArc order="120.0" xlink:arcrole="http://xbrl.org/int/dim/arcrole/domain-member" xlink:from="loc_8" xlink:to="loc_19" xlink:type="arc"/>
    <link:loc xlink:href="../../full_ifrs-cor_2014-03-05.xsd#ifrs-full_NoncurrentLiabilities" xlink:label="loc_20" xlink:type="locator"/>
    <link:definitionArc order="130.0" xlink:arcrole="http://xbrl.org/int/dim/arcrole/domain-member" xlink:from="loc_8" xlink:to="loc_20" xlink:type="arc"/>
    <link:loc xlink:href="../../full_ifrs-cor_2014-03-05.xsd#ifrs-full_Revenue" xlink:label="loc_21" xlink:type="locator"/>
    <link:definitionArc order="140.0" xlink:arcrole="http://xbrl.org/int/dim/arcrole/domain-member" xlink:from="loc_8" xlink:to="loc_21" xlink:type="arc"/>
    <link:loc xlink:href="../../full_ifrs-cor_2014-03-05.xsd#ifrs-full_ProfitLossFromContinuingOperations" xlink:label="loc_22" xlink:type="locator"/>
    <link:definitionArc order="150.0" xlink:arcrole="http://xbrl.org/int/dim/arcrole/domain-member" xlink:from="loc_8" xlink:to="loc_22" xlink:type="arc"/>
    <link:loc xlink:href="../../full_ifrs-cor_2014-03-05.xsd#ifrs-full_ProfitLossFromDiscontinuedOperations" xlink:label="loc_23" xlink:type="locator"/>
    <link:definitionArc order="160.0" xlink:arcrole="http://xbrl.org/int/dim/arcrole/domain-member" xlink:from="loc_8" xlink:to="loc_23" xlink:type="arc"/>
    <link:loc xlink:href="../../full_ifrs-cor_2014-03-05.xsd#ifrs-full_OtherComprehensiveIncome" xlink:label="loc_24" xlink:type="locator"/>
    <link:definitionArc order="170.0" xlink:arcrole="http://xbrl.org/int/dim/arcrole/domain-member" xlink:from="loc_8" xlink:to="loc_24" xlink:type="arc"/>
    <link:loc xlink:href="../../full_ifrs-cor_2014-03-05.xsd#ifrs-full_ComprehensiveIncome" xlink:label="loc_25" xlink:type="locator"/>
    <link:definitionArc order="180.0" xlink:arcrole="http://xbrl.org/int/dim/arcrole/domain-member" xlink:from="loc_8" xlink:to="loc_25" xlink:type="arc"/>
    <link:loc xlink:href="../../full_ifrs-cor_2014-03-05.xsd#ifrs-full_FairValueOfInvestmentsInAssociatesWherePriceQuotationsPublished" xlink:label="loc_26" xlink:type="locator"/>
    <link:definitionArc order="190.0" xlink:arcrole="http://xbrl.org/int/dim/arcrole/domain-member" xlink:from="loc_8" xlink:to="loc_26" xlink:type="arc"/>
    <link:loc xlink:href="../../full_ifrs-cor_2014-03-05.xsd#ifrs-full_InvestmentAccountedForUsingEquityMethod" xlink:label="loc_27" xlink:type="locator"/>
    <link:definitionArc order="200.0" xlink:arcrole="http://xbrl.org/int/dim/arcrole/domain-member" xlink:from="loc_8" xlink:to="loc_27" xlink:type="arc"/>
    <link:loc xlink:href="../../full_ifrs-cor_2014-03-05.xsd#ifrs-full_ShareOfProfitLossOfContinuingOperationsOfAssociatesAndJointVenturesAccountedForUsingEquityMethod" xlink:label="loc_28" xlink:type="locator"/>
    <link:definitionArc order="210.0" xlink:arcrole="http://xbrl.org/int/dim/arcrole/domain-member" xlink:from="loc_8" xlink:to="loc_28" xlink:type="arc"/>
    <link:loc xlink:href="../../full_ifrs-cor_2014-03-05.xsd#ifrs-full_ShareOfProfitLossOfDiscontinuedOperationsOfAssociatesAndJointVenturesAccountedForUsingEquityMethod" xlink:label="loc_29" xlink:type="locator"/>
    <link:definitionArc order="220.0" xlink:arcrole="http://xbrl.org/int/dim/arcrole/domain-member" xlink:from="loc_8" xlink:to="loc_29" xlink:type="arc"/>
    <link:loc xlink:href="../../full_ifrs-cor_2014-03-05.xsd#ifrs-full_ShareOfOtherComprehensiveIncomeOfAssociatesAndJointVenturesAccountedForUsingEquityMethod" xlink:label="loc_30" xlink:type="locator"/>
    <link:definitionArc order="230.0" xlink:arcrole="http://xbrl.org/int/dim/arcrole/domain-member" xlink:from="loc_8" xlink:to="loc_30" xlink:type="arc"/>
    <link:loc xlink:href="../../full_ifrs-cor_2014-03-05.xsd#ifrs-full_ShareOfTotalComprehensiveIncomeOfAssociatesAndJointVenturesAccountedForUsingEquityMethod" xlink:label="loc_31" xlink:type="locator"/>
    <link:definitionArc order="240.0" xlink:arcrole="http://xbrl.org/int/dim/arcrole/domain-member" xlink:from="loc_8" xlink:to="loc_31" xlink:type="arc"/>
    <link:loc xlink:href="../../full_ifrs-cor_2014-03-05.xsd#ifrs-full_DisclosureOfReconciliationOfSummarisedFinancialInformationOfAssociateAccountedForUsingEquityMethodToCarryingAmountOfInterestInAssociateExplanatory" xlink:label="loc_32" xlink:type="locator"/>
    <link:definitionArc order="250.0" xlink:arcrole="http://xbrl.org/int/dim/arcrole/domain-member" xlink:from="loc_8" xlink:to="loc_32" xlink:type="arc"/>
    <link:loc xlink:href="../../full_ifrs-cor_2014-03-05.xsd#ifrs-full_DescriptionOfNatureAndExtentOfSignificantRestrictionsOnTransferOfFundsToParent" xlink:label="loc_33" xlink:type="locator"/>
    <link:definitionArc order="260.0" xlink:arcrole="http://xbrl.org/int/dim/arcrole/domain-member" xlink:from="loc_8" xlink:to="loc_33" xlink:type="arc"/>
    <link:loc xlink:href="../../full_ifrs-cor_2014-03-05.xsd#ifrs-full_DateOfEndOfReportingPeriodOfFinancialStatementsOfAssociate" xlink:label="loc_34" xlink:type="locator"/>
    <link:definitionArc order="270.0" xlink:arcrole="http://xbrl.org/int/dim/arcrole/domain-member" xlink:from="loc_8" xlink:to="loc_34" xlink:type="arc"/>
    <link:loc xlink:href="../../full_ifrs-cor_2014-03-05.xsd#ifrs-full_DescriptionOfReasonWhyUsingDifferentReportingDateOrPeriodForAssociate" xlink:label="loc_35" xlink:type="locator"/>
    <link:definitionArc order="280.0" xlink:arcrole="http://xbrl.org/int/dim/arcrole/domain-member" xlink:from="loc_8" xlink:to="loc_35" xlink:type="arc"/>
    <link:loc xlink:href="../../full_ifrs-cor_2014-03-05.xsd#ifrs-full_UnrecognisedShareOfLossesOfAssociates" xlink:label="loc_36" xlink:type="locator"/>
    <link:definitionArc order="290.0" xlink:arcrole="http://xbrl.org/int/dim/arcrole/domain-member" xlink:from="loc_8" xlink:to="loc_36" xlink:type="arc"/>
    <link:loc xlink:href="../../full_ifrs-cor_2014-03-05.xsd#ifrs-full_CumulativeUnrecognisedShareOfLossesOfAssociates" xlink:label="loc_37" xlink:type="locator"/>
    <link:definitionArc order="300.0" xlink:arcrole="http://xbrl.org/int/dim/arcrole/domain-member" xlink:from="loc_8" xlink:to="loc_37" xlink:type="arc"/>
    <link:loc xlink:href="../../full_ifrs-cor_2014-03-05.xsd#ifrs-full_ContingentLiabilitiesIncurredInRelationToInterestsInAssociates" xlink:label="loc_38" xlink:type="locator"/>
    <link:definitionArc order="310.0" xlink:arcrole="http://xbrl.org/int/dim/arcrole/domain-member" xlink:from="loc_8" xlink:to="loc_38" xlink:type="arc"/>
    <link:loc xlink:href="../../full_ifrs-cor_2014-03-05.xsd#ifrs-full_ShareOfContingentLiabilitiesOfAssociatesIncurredJointlyWithOtherInvestors" xlink:label="loc_39" xlink:type="locator"/>
    <link:definitionArc order="320.0" xlink:arcrole="http://xbrl.org/int/dim/arcrole/domain-member" xlink:from="loc_8" xlink:to="loc_39" xlink:type="arc"/>
  </link:definitionLink>
  <link:definitionLink xlink:role="http://xbrl.ifrs.org/role/ifrs/ifrs_12_2014-03-05_role-825700c" xlink:type="extended">
    <link:loc xlink:href="../../full_ifrs-cor_2014-03-05.xsd#ifrs-full_DisclosureOfJointOperationsTable" xlink:label="loc_1" xlink:type="locator"/>
    <link:loc xlink:href="../../full_ifrs-cor_2014-03-05.xsd#ifrs-full_DisclosureOfJointOperationsAbstract" xlink:label="loc_2" xlink:type="locator"/>
    <link:definitionArc order="10.0" xbrldt:closed="true" xbrldt:contextElement="scenario" xlink:arcrole="http://xbrl.org/int/dim/arcrole/all" xlink:from="loc_2" xlink:to="loc_1" xlink:type="arc"/>
    <link:loc xlink:href="../../full_ifrs-cor_2014-03-05.xsd#ifrs-full_JointOperationsAxis" xlink:label="loc_3" xlink:type="locator"/>
    <link:definitionArc order="10.0" xlink:arcrole="http://xbrl.org/int/dim/arcrole/hypercube-dimension" xlink:from="loc_1" xlink:to="loc_3" xlink:type="arc"/>
    <link:loc xlink:href="../../full_ifrs-cor_2014-03-05.xsd#ifrs-full_EntitysTotalForJointOperationsMember" xlink:label="loc_4" xlink:type="locator"/>
    <link:definitionArc order="10.0" xlink:arcrole="http://xbrl.org/int/dim/arcrole/dimension-domain" xlink:from="loc_3" xlink:to="loc_4" xlink:type="arc"/>
    <link:loc xlink:href="../../full_ifrs-cor_2014-03-05.xsd#ifrs-full_JointOperationsMember" xlink:label="loc_5" xlink:type="locator"/>
    <link:definitionArc order="10.0" xlink:arcrole="http://xbrl.org/int/dim/arcrole/domain-member" xlink:from="loc_4" xlink:to="loc_5" xlink:type="arc"/>
    <link:loc xlink:href="../../full_ifrs-cor_2014-03-05.xsd#ifrs-full_NameOfJointOperation" xlink:label="loc_6" xlink:type="locator"/>
    <link:loc xlink:href="../../full_ifrs-cor_2014-03-05.xsd#ifrs-full_DisclosureOfJointOperationsLineItems" xlink:label="loc_7" xlink:type="locator"/>
    <link:definitionArc order="10.0" xlink:arcrole="http://xbrl.org/int/dim/arcrole/domain-member" xlink:from="loc_7" xlink:to="loc_6" xlink:type="arc"/>
    <link:definitionArc order="20.0" xlink:arcrole="http://xbrl.org/int/dim/arcrole/domain-member" xlink:from="loc_2" xlink:to="loc_7" xlink:type="arc"/>
    <link:loc xlink:href="../../full_ifrs-cor_2014-03-05.xsd#ifrs-full_DescriptionOfNatureOfEntitysRelationshipWithJointOperation" xlink:label="loc_8" xlink:type="locator"/>
    <link:definitionArc order="20.0" xlink:arcrole="http://xbrl.org/int/dim/arcrole/domain-member" xlink:from="loc_7" xlink:to="loc_8" xlink:type="arc"/>
    <link:loc xlink:href="../../full_ifrs-cor_2014-03-05.xsd#ifrs-full_PrincipalPlaceOfBusinessOfJointOperation" xlink:label="loc_9" xlink:type="locator"/>
    <link:definitionArc order="30.0" xlink:arcrole="http://xbrl.org/int/dim/arcrole/domain-member" xlink:from="loc_7" xlink:to="loc_9" xlink:type="arc"/>
    <link:loc xlink:href="../../full_ifrs-cor_2014-03-05.xsd#ifrs-full_CountryOfIncorporationOfJointOperation" xlink:label="loc_10" xlink:type="locator"/>
    <link:definitionArc order="40.0" xlink:arcrole="http://xbrl.org/int/dim/arcrole/domain-member" xlink:from="loc_7" xlink:to="loc_10" xlink:type="arc"/>
    <link:loc xlink:href="../../full_ifrs-cor_2014-03-05.xsd#ifrs-full_ProportionOfOwnershipInterestInJointOperation" xlink:label="loc_11" xlink:type="locator"/>
    <link:definitionArc order="50.0" xlink:arcrole="http://xbrl.org/int/dim/arcrole/domain-member" xlink:from="loc_7" xlink:to="loc_11" xlink:type="arc"/>
    <link:loc xlink:href="../../full_ifrs-cor_2014-03-05.xsd#ifrs-full_ProportionOfVotingRightsHeldInJointOperation" xlink:label="loc_12" xlink:type="locator"/>
    <link:definitionArc order="60.0" xlink:arcrole="http://xbrl.org/int/dim/arcrole/domain-member" xlink:from="loc_7" xlink:to="loc_12" xlink:type="arc"/>
  </link:definitionLink>
  <link:definitionLink xlink:role="http://xbrl.ifrs.org/role/ifrs/ifrs_12_2014-03-05_role-825700d" xlink:type="extended">
    <link:loc xlink:href="../../full_ifrs-cor_2014-03-05.xsd#ifrs-full_DisclosureOfJointVenturesTable" xlink:label="loc_1" xlink:type="locator"/>
    <link:loc xlink:href="../../full_ifrs-cor_2014-03-05.xsd#ifrs-full_DisclosureOfJointVenturesAbstract" xlink:label="loc_2" xlink:type="locator"/>
    <link:definitionArc order="10.0" xbrldt:closed="true" xbrldt:contextElement="scenario" xlink:arcrole="http://xbrl.org/int/dim/arcrole/all" xlink:from="loc_2" xlink:to="loc_1" xlink:type="arc"/>
    <link:loc xlink:href="../../full_ifrs-cor_2014-03-05.xsd#ifrs-full_JointVenturesAxis" xlink:label="loc_3" xlink:type="locator"/>
    <link:definitionArc order="10.0" xlink:arcrole="http://xbrl.org/int/dim/arcrole/hypercube-dimension" xlink:from="loc_1" xlink:to="loc_3" xlink:type="arc"/>
    <link:loc xlink:href="../../full_ifrs-cor_2014-03-05.xsd#ifrs-full_EntitysTotalForJointVenturesMember" xlink:label="loc_4" xlink:type="locator"/>
    <link:definitionArc order="10.0" xlink:arcrole="http://xbrl.org/int/dim/arcrole/dimension-domain" xlink:from="loc_3" xlink:to="loc_4" xlink:type="arc"/>
    <link:loc xlink:href="../../full_ifrs-cor_2014-03-05.xsd#ifrs-full_JointVenturesMember" xlink:label="loc_5" xlink:type="locator"/>
    <link:definitionArc order="10.0" xlink:arcrole="http://xbrl.org/int/dim/arcrole/domain-member" xlink:from="loc_4" xlink:to="loc_5" xlink:type="arc"/>
    <link:loc xlink:href="../../full_ifrs-cor_2014-03-05.xsd#ifrs-full_AggregatedIndividuallyImmaterialJointVenturesMember" xlink:label="loc_6" xlink:type="locator"/>
    <link:definitionArc order="10.0" xlink:arcrole="http://xbrl.org/int/dim/arcrole/domain-member" xlink:from="loc_5" xlink:to="loc_6" xlink:type="arc"/>
    <link:loc xlink:href="../../full_ifrs-cor_2014-03-05.xsd#ifrs-full_NameOfJointVenture" xlink:label="loc_7" xlink:type="locator"/>
    <link:loc xlink:href="../../full_ifrs-cor_2014-03-05.xsd#ifrs-full_DisclosureOfJointVenturesLineItems" xlink:label="loc_8" xlink:type="locator"/>
    <link:definitionArc order="10.0" xlink:arcrole="http://xbrl.org/int/dim/arcrole/domain-member" xlink:from="loc_8" xlink:to="loc_7" xlink:type="arc"/>
    <link:definitionArc order="20.0" xlink:arcrole="http://xbrl.org/int/dim/arcrole/domain-member" xlink:from="loc_2" xlink:to="loc_8" xlink:type="arc"/>
    <link:loc xlink:href="../../full_ifrs-cor_2014-03-05.xsd#ifrs-full_DescriptionOfNatureOfEntitysRelationshipWithJointVenture" xlink:label="loc_9" xlink:type="locator"/>
    <link:definitionArc order="20.0" xlink:arcrole="http://xbrl.org/int/dim/arcrole/domain-member" xlink:from="loc_8" xlink:to="loc_9" xlink:type="arc"/>
    <link:loc xlink:href="../../full_ifrs-cor_2014-03-05.xsd#ifrs-full_PrincipalPlaceOfBusinessOfJointVenture" xlink:label="loc_10" xlink:type="locator"/>
    <link:definitionArc order="30.0" xlink:arcrole="http://xbrl.org/int/dim/arcrole/domain-member" xlink:from="loc_8" xlink:to="loc_10" xlink:type="arc"/>
    <link:loc xlink:href="../../full_ifrs-cor_2014-03-05.xsd#ifrs-full_CountryOfIncorporationOfJointVenture" xlink:label="loc_11" xlink:type="locator"/>
    <link:definitionArc order="40.0" xlink:arcrole="http://xbrl.org/int/dim/arcrole/domain-member" xlink:from="loc_8" xlink:to="loc_11" xlink:type="arc"/>
    <link:loc xlink:href="../../full_ifrs-cor_2014-03-05.xsd#ifrs-full_ProportionOfOwnershipInterestInJointVenture" xlink:label="loc_12" xlink:type="locator"/>
    <link:definitionArc order="50.0" xlink:arcrole="http://xbrl.org/int/dim/arcrole/domain-member" xlink:from="loc_8" xlink:to="loc_12" xlink:type="arc"/>
    <link:loc xlink:href="../../full_ifrs-cor_2014-03-05.xsd#ifrs-full_ProportionOfVotingRightsHeldInJointVenture" xlink:label="loc_13" xlink:type="locator"/>
    <link:definitionArc order="60.0" xlink:arcrole="http://xbrl.org/int/dim/arcrole/domain-member" xlink:from="loc_8" xlink:to="loc_13" xlink:type="arc"/>
    <link:loc xlink:href="../../full_ifrs-cor_2014-03-05.xsd#ifrs-full_DescriptionOfWhetherInvestmentInJointVentureIsMeasuredUsingEquityMethodOrAtFairValue" xlink:label="loc_14" xlink:type="locator"/>
    <link:definitionArc order="70.0" xlink:arcrole="http://xbrl.org/int/dim/arcrole/domain-member" xlink:from="loc_8" xlink:to="loc_14" xlink:type="arc"/>
    <link:loc xlink:href="../../full_ifrs-cor_2014-03-05.xsd#ifrs-full_DescriptionOfBasisOfPreparationOfSummarisedFinancialInformationOfJointVenture" xlink:label="loc_15" xlink:type="locator"/>
    <link:definitionArc order="80.0" xlink:arcrole="http://xbrl.org/int/dim/arcrole/domain-member" xlink:from="loc_8" xlink:to="loc_15" xlink:type="arc"/>
    <link:loc xlink:href="../../full_ifrs-cor_2014-03-05.xsd#ifrs-full_DividendsReceived" xlink:label="loc_16" xlink:type="locator"/>
    <link:definitionArc order="90.0" xlink:arcrole="http://xbrl.org/int/dim/arcrole/domain-member" xlink:from="loc_8" xlink:to="loc_16" xlink:type="arc"/>
    <link:loc xlink:href="../../full_ifrs-cor_2014-03-05.xsd#ifrs-full_CurrentAssets" xlink:label="loc_17" xlink:type="locator"/>
    <link:definitionArc order="100.0" xlink:arcrole="http://xbrl.org/int/dim/arcrole/domain-member" xlink:from="loc_8" xlink:to="loc_17" xlink:type="arc"/>
    <link:loc xlink:href="../../full_ifrs-cor_2014-03-05.xsd#ifrs-full_NoncurrentAssets" xlink:label="loc_18" xlink:type="locator"/>
    <link:definitionArc order="110.0" xlink:arcrole="http://xbrl.org/int/dim/arcrole/domain-member" xlink:from="loc_8" xlink:to="loc_18" xlink:type="arc"/>
    <link:loc xlink:href="../../full_ifrs-cor_2014-03-05.xsd#ifrs-full_CurrentLiabilities" xlink:label="loc_19" xlink:type="locator"/>
    <link:definitionArc order="120.0" xlink:arcrole="http://xbrl.org/int/dim/arcrole/domain-member" xlink:from="loc_8" xlink:to="loc_19" xlink:type="arc"/>
    <link:loc xlink:href="../../full_ifrs-cor_2014-03-05.xsd#ifrs-full_NoncurrentLiabilities" xlink:label="loc_20" xlink:type="locator"/>
    <link:definitionArc order="130.0" xlink:arcrole="http://xbrl.org/int/dim/arcrole/domain-member" xlink:from="loc_8" xlink:to="loc_20" xlink:type="arc"/>
    <link:loc xlink:href="../../full_ifrs-cor_2014-03-05.xsd#ifrs-full_Revenue" xlink:label="loc_21" xlink:type="locator"/>
    <link:definitionArc order="140.0" xlink:arcrole="http://xbrl.org/int/dim/arcrole/domain-member" xlink:from="loc_8" xlink:to="loc_21" xlink:type="arc"/>
    <link:loc xlink:href="../../full_ifrs-cor_2014-03-05.xsd#ifrs-full_ProfitLossFromContinuingOperations" xlink:label="loc_22" xlink:type="locator"/>
    <link:definitionArc order="150.0" xlink:arcrole="http://xbrl.org/int/dim/arcrole/domain-member" xlink:from="loc_8" xlink:to="loc_22" xlink:type="arc"/>
    <link:loc xlink:href="../../full_ifrs-cor_2014-03-05.xsd#ifrs-full_ProfitLossFromDiscontinuedOperations" xlink:label="loc_23" xlink:type="locator"/>
    <link:definitionArc order="160.0" xlink:arcrole="http://xbrl.org/int/dim/arcrole/domain-member" xlink:from="loc_8" xlink:to="loc_23" xlink:type="arc"/>
    <link:loc xlink:href="../../full_ifrs-cor_2014-03-05.xsd#ifrs-full_OtherComprehensiveIncome" xlink:label="loc_24" xlink:type="locator"/>
    <link:definitionArc order="170.0" xlink:arcrole="http://xbrl.org/int/dim/arcrole/domain-member" xlink:from="loc_8" xlink:to="loc_24" xlink:type="arc"/>
    <link:loc xlink:href="../../full_ifrs-cor_2014-03-05.xsd#ifrs-full_ComprehensiveIncome" xlink:label="loc_25" xlink:type="locator"/>
    <link:definitionArc order="180.0" xlink:arcrole="http://xbrl.org/int/dim/arcrole/domain-member" xlink:from="loc_8" xlink:to="loc_25" xlink:type="arc"/>
    <link:loc xlink:href="../../full_ifrs-cor_2014-03-05.xsd#ifrs-full_CashAndCashEquivalents" xlink:label="loc_26" xlink:type="locator"/>
    <link:definitionArc order="190.0" xlink:arcrole="http://xbrl.org/int/dim/arcrole/domain-member" xlink:from="loc_8" xlink:to="loc_26" xlink:type="arc"/>
    <link:loc xlink:href="../../full_ifrs-cor_2014-03-05.xsd#ifrs-full_OtherCurrentFinancialLiabilities" xlink:label="loc_27" xlink:type="locator"/>
    <link:definitionArc order="200.0" xlink:arcrole="http://xbrl.org/int/dim/arcrole/domain-member" xlink:from="loc_8" xlink:to="loc_27" xlink:type="arc"/>
    <link:loc xlink:href="../../full_ifrs-cor_2014-03-05.xsd#ifrs-full_OtherNoncurrentFinancialLiabilities" xlink:label="loc_28" xlink:type="locator"/>
    <link:definitionArc order="210.0" xlink:arcrole="http://xbrl.org/int/dim/arcrole/domain-member" xlink:from="loc_8" xlink:to="loc_28" xlink:type="arc"/>
    <link:loc xlink:href="../../full_ifrs-cor_2014-03-05.xsd#ifrs-full_DepreciationAndAmortisationExpense" xlink:label="loc_29" xlink:type="locator"/>
    <link:definitionArc order="220.0" xlink:arcrole="http://xbrl.org/int/dim/arcrole/domain-member" xlink:from="loc_8" xlink:to="loc_29" xlink:type="arc"/>
    <link:loc xlink:href="../../full_ifrs-cor_2014-03-05.xsd#ifrs-full_RevenueFromInterest" xlink:label="loc_30" xlink:type="locator"/>
    <link:definitionArc order="230.0" xlink:arcrole="http://xbrl.org/int/dim/arcrole/domain-member" xlink:from="loc_8" xlink:to="loc_30" xlink:type="arc"/>
    <link:loc xlink:href="../../full_ifrs-cor_2014-03-05.xsd#ifrs-full_InterestExpense" xlink:label="loc_31" xlink:type="locator"/>
    <link:definitionArc order="240.0" xlink:arcrole="http://xbrl.org/int/dim/arcrole/domain-member" xlink:from="loc_8" xlink:to="loc_31" xlink:type="arc"/>
    <link:loc xlink:href="../../full_ifrs-cor_2014-03-05.xsd#ifrs-full_IncomeTaxExpenseContinuingOperations" xlink:label="loc_32" xlink:type="locator"/>
    <link:definitionArc order="250.0" xlink:arcrole="http://xbrl.org/int/dim/arcrole/domain-member" xlink:from="loc_8" xlink:to="loc_32" xlink:type="arc"/>
    <link:loc xlink:href="../../full_ifrs-cor_2014-03-05.xsd#ifrs-full_FairValueOfInvestmentInJointVenturesWherePriceQuotationsPublished" xlink:label="loc_33" xlink:type="locator"/>
    <link:definitionArc order="260.0" xlink:arcrole="http://xbrl.org/int/dim/arcrole/domain-member" xlink:from="loc_8" xlink:to="loc_33" xlink:type="arc"/>
    <link:loc xlink:href="../../full_ifrs-cor_2014-03-05.xsd#ifrs-full_InvestmentAccountedForUsingEquityMethod" xlink:label="loc_34" xlink:type="locator"/>
    <link:definitionArc order="270.0" xlink:arcrole="http://xbrl.org/int/dim/arcrole/domain-member" xlink:from="loc_8" xlink:to="loc_34" xlink:type="arc"/>
    <link:loc xlink:href="../../full_ifrs-cor_2014-03-05.xsd#ifrs-full_ShareOfProfitLossOfContinuingOperationsOfAssociatesAndJointVenturesAccountedForUsingEquityMethod" xlink:label="loc_35" xlink:type="locator"/>
    <link:definitionArc order="280.0" xlink:arcrole="http://xbrl.org/int/dim/arcrole/domain-member" xlink:from="loc_8" xlink:to="loc_35" xlink:type="arc"/>
    <link:loc xlink:href="../../full_ifrs-cor_2014-03-05.xsd#ifrs-full_ShareOfProfitLossOfDiscontinuedOperationsOfAssociatesAndJointVenturesAccountedForUsingEquityMethod" xlink:label="loc_36" xlink:type="locator"/>
    <link:definitionArc order="290.0" xlink:arcrole="http://xbrl.org/int/dim/arcrole/domain-member" xlink:from="loc_8" xlink:to="loc_36" xlink:type="arc"/>
    <link:loc xlink:href="../../full_ifrs-cor_2014-03-05.xsd#ifrs-full_ShareOfOtherComprehensiveIncomeOfAssociatesAndJointVenturesAccountedForUsingEquityMethod" xlink:label="loc_37" xlink:type="locator"/>
    <link:definitionArc order="300.0" xlink:arcrole="http://xbrl.org/int/dim/arcrole/domain-member" xlink:from="loc_8" xlink:to="loc_37" xlink:type="arc"/>
    <link:loc xlink:href="../../full_ifrs-cor_2014-03-05.xsd#ifrs-full_ShareOfTotalComprehensiveIncomeOfAssociatesAndJointVenturesAccountedForUsingEquityMethod" xlink:label="loc_38" xlink:type="locator"/>
    <link:definitionArc order="310.0" xlink:arcrole="http://xbrl.org/int/dim/arcrole/domain-member" xlink:from="loc_8" xlink:to="loc_38" xlink:type="arc"/>
    <link:loc xlink:href="../../full_ifrs-cor_2014-03-05.xsd#ifrs-full_DisclosureOfReconciliationOfSummarisedFinancialInformationOfJointVentureAccountedForUsingEquityMethodToCarryingAmountOfInterestInJointVentureExplanatory" xlink:label="loc_39" xlink:type="locator"/>
    <link:definitionArc order="320.0" xlink:arcrole="http://xbrl.org/int/dim/arcrole/domain-member" xlink:from="loc_8" xlink:to="loc_39" xlink:type="arc"/>
    <link:loc xlink:href="../../full_ifrs-cor_2014-03-05.xsd#ifrs-full_DescriptionOfNatureAndExtentOfSignificantRestrictionsOnTransferOfFundsToParent" xlink:label="loc_40" xlink:type="locator"/>
    <link:definitionArc order="330.0" xlink:arcrole="http://xbrl.org/int/dim/arcrole/domain-member" xlink:from="loc_8" xlink:to="loc_40" xlink:type="arc"/>
    <link:loc xlink:href="../../full_ifrs-cor_2014-03-05.xsd#ifrs-full_DateOfEndOfReportingPeriodOfFinancialStatementsOfJointVenture2013" xlink:label="loc_41" xlink:type="locator"/>
    <link:definitionArc order="340.0" xlink:arcrole="http://xbrl.org/int/dim/arcrole/domain-member" xlink:from="loc_8" xlink:to="loc_41" xlink:type="arc"/>
    <link:loc xlink:href="../../full_ifrs-cor_2014-03-05.xsd#ifrs-full_DescriptionOfReasonWhyUsingDifferentReportingDateOrPeriodForJointVenture" xlink:label="loc_42" xlink:type="locator"/>
    <link:definitionArc order="350.0" xlink:arcrole="http://xbrl.org/int/dim/arcrole/domain-member" xlink:from="loc_8" xlink:to="loc_42" xlink:type="arc"/>
    <link:loc xlink:href="../../full_ifrs-cor_2014-03-05.xsd#ifrs-full_UnrecognisedShareOfLossesOfJointVentures" xlink:label="loc_43" xlink:type="locator"/>
    <link:definitionArc order="360.0" xlink:arcrole="http://xbrl.org/int/dim/arcrole/domain-member" xlink:from="loc_8" xlink:to="loc_43" xlink:type="arc"/>
    <link:loc xlink:href="../../full_ifrs-cor_2014-03-05.xsd#ifrs-full_CumulativeUnrecognisedShareOfLossesOfJointVentures" xlink:label="loc_44" xlink:type="locator"/>
    <link:definitionArc order="370.0" xlink:arcrole="http://xbrl.org/int/dim/arcrole/domain-member" xlink:from="loc_8" xlink:to="loc_44" xlink:type="arc"/>
    <link:loc xlink:href="../../full_ifrs-cor_2014-03-05.xsd#ifrs-full_CommitmentsInRelationToJointVentures" xlink:label="loc_45" xlink:type="locator"/>
    <link:definitionArc order="380.0" xlink:arcrole="http://xbrl.org/int/dim/arcrole/domain-member" xlink:from="loc_8" xlink:to="loc_45" xlink:type="arc"/>
    <link:loc xlink:href="../../full_ifrs-cor_2014-03-05.xsd#ifrs-full_ContingentLiabilitiesIncurredByVenturerInRelationToInterestsInJointVentures" xlink:label="loc_46" xlink:type="locator"/>
    <link:definitionArc order="390.0" xlink:arcrole="http://xbrl.org/int/dim/arcrole/domain-member" xlink:from="loc_8" xlink:to="loc_46" xlink:type="arc"/>
    <link:loc xlink:href="../../full_ifrs-cor_2014-03-05.xsd#ifrs-full_ShareOfContingentLiabilitiesIncurredJointlyWithOtherVenturers" xlink:label="loc_47" xlink:type="locator"/>
    <link:definitionArc order="400.0" xlink:arcrole="http://xbrl.org/int/dim/arcrole/domain-member" xlink:from="loc_8" xlink:to="loc_47" xlink:type="arc"/>
  </link:definitionLink>
  <link:definitionLink xlink:role="http://xbrl.ifrs.org/role/ifrs/ifrs_12_2014-03-05_role-825700e" xlink:type="extended">
    <link:loc xlink:href="../../full_ifrs-cor_2014-03-05.xsd#ifrs-full_DisclosureOfUnconsolidatedStructuredEntitiesTable" xlink:label="loc_1" xlink:type="locator"/>
    <link:loc xlink:href="../../full_ifrs-cor_2014-03-05.xsd#ifrs-full_DisclosureOfUnconsolidatedStructuredEntitiesAbstract" xlink:label="loc_2" xlink:type="locator"/>
    <link:definitionArc order="10.0" xbrldt:closed="true" xbrldt:contextElement="scenario" xlink:arcrole="http://xbrl.org/int/dim/arcrole/all" xlink:from="loc_2" xlink:to="loc_1" xlink:type="arc"/>
    <link:loc xlink:href="../../full_ifrs-cor_2014-03-05.xsd#ifrs-full_UnconsolidatedStructuredEntitiesAxis" xlink:label="loc_3" xlink:type="locator"/>
    <link:definitionArc order="10.0" xlink:arcrole="http://xbrl.org/int/dim/arcrole/hypercube-dimension" xlink:from="loc_1" xlink:to="loc_3" xlink:type="arc"/>
    <link:loc xlink:href="../../full_ifrs-cor_2014-03-05.xsd#ifrs-full_EntitysTotalForUnconsolidatedStructuredEntitiesMember" xlink:label="loc_4" xlink:type="locator"/>
    <link:definitionArc order="10.0" xlink:arcrole="http://xbrl.org/int/dim/arcrole/dimension-domain" xlink:from="loc_3" xlink:to="loc_4" xlink:type="arc"/>
    <link:loc xlink:href="../../full_ifrs-cor_2014-03-05.xsd#ifrs-full_UnconsolidatedStructuredEntitiesMember" xlink:label="loc_5" xlink:type="locator"/>
    <link:definitionArc order="10.0" xlink:arcrole="http://xbrl.org/int/dim/arcrole/domain-member" xlink:from="loc_4" xlink:to="loc_5" xlink:type="arc"/>
    <link:loc xlink:href="../../full_ifrs-cor_2014-03-05.xsd#ifrs-full_SecuritisationVehiclesMember" xlink:label="loc_6" xlink:type="locator"/>
    <link:definitionArc order="10.0" xlink:arcrole="http://xbrl.org/int/dim/arcrole/domain-member" xlink:from="loc_5" xlink:to="loc_6" xlink:type="arc"/>
    <link:loc xlink:href="../../full_ifrs-cor_2014-03-05.xsd#ifrs-full_DisclosureOfInformationAboutInterestsInStructuredEntityExplanatory" xlink:label="loc_7" xlink:type="locator"/>
    <link:loc xlink:href="../../full_ifrs-cor_2014-03-05.xsd#ifrs-full_DisclosureOfUnconsolidatedStructuredEntitiesLineItems" xlink:label="loc_8" xlink:type="locator"/>
    <link:definitionArc order="10.0" xlink:arcrole="http://xbrl.org/int/dim/arcrole/domain-member" xlink:from="loc_8" xlink:to="loc_7" xlink:type="arc"/>
    <link:loc xlink:href="../../full_ifrs-cor_2014-03-05.xsd#ifrs-full_DescriptionOfTermsOfContractualArrangementsThatCouldRequireParentOrSubsidiariesToProvideFinancialSupportToStructuredEntity" xlink:label="loc_9" xlink:type="locator"/>
    <link:loc xlink:href="../../full_ifrs-cor_2014-03-05.xsd#ifrs-full_AdditionalInformationAboutNatureOfAndChangesInRisksAssociatedWithInterestsInStructuredEntitiesExplanatory" xlink:label="loc_10" xlink:type="locator"/>
    <link:definitionArc order="10.0" xlink:arcrole="http://xbrl.org/int/dim/arcrole/domain-member" xlink:from="loc_10" xlink:to="loc_9" xlink:type="arc"/>
    <link:loc xlink:href="../../full_ifrs-cor_2014-03-05.xsd#ifrs-full_AssetbackedFinancingsMember" xlink:label="loc_11" xlink:type="locator"/>
    <link:definitionArc order="20.0" xlink:arcrole="http://xbrl.org/int/dim/arcrole/domain-member" xlink:from="loc_5" xlink:to="loc_11" xlink:type="arc"/>
    <link:definitionArc order="20.0" xlink:arcrole="http://xbrl.org/int/dim/arcrole/domain-member" xlink:from="loc_2" xlink:to="loc_8" xlink:type="arc"/>
    <link:loc xlink:href="../../full_ifrs-cor_2014-03-05.xsd#ifrs-full_DescriptionOfHowEntityDeterminedWhichStructuredEntitiesItSponsored" xlink:label="loc_12" xlink:type="locator"/>
    <link:definitionArc order="20.0" xlink:arcrole="http://xbrl.org/int/dim/arcrole/domain-member" xlink:from="loc_8" xlink:to="loc_12" xlink:type="arc"/>
    <link:loc xlink:href="../../full_ifrs-cor_2014-03-05.xsd#ifrs-full_LossesIncurredInRelationToInterestsInStructuredEntities" xlink:label="loc_13" xlink:type="locator"/>
    <link:definitionArc order="20.0" xlink:arcrole="http://xbrl.org/int/dim/arcrole/domain-member" xlink:from="loc_10" xlink:to="loc_13" xlink:type="arc"/>
    <link:loc xlink:href="../../full_ifrs-cor_2014-03-05.xsd#ifrs-full_InvestmentFundsMember" xlink:label="loc_14" xlink:type="locator"/>
    <link:definitionArc order="30.0" xlink:arcrole="http://xbrl.org/int/dim/arcrole/domain-member" xlink:from="loc_5" xlink:to="loc_14" xlink:type="arc"/>
    <link:loc xlink:href="../../full_ifrs-cor_2014-03-05.xsd#ifrs-full_IncomeFromStructuredEntities" xlink:label="loc_15" xlink:type="locator"/>
    <link:definitionArc order="30.0" xlink:arcrole="http://xbrl.org/int/dim/arcrole/domain-member" xlink:from="loc_8" xlink:to="loc_15" xlink:type="arc"/>
    <link:loc xlink:href="../../full_ifrs-cor_2014-03-05.xsd#ifrs-full_DescriptionOfWhetherEntityIsRequiredToAbsorbLossesOfStructuredEntitiesBeforeOtherParties" xlink:label="loc_16" xlink:type="locator"/>
    <link:definitionArc order="30.0" xlink:arcrole="http://xbrl.org/int/dim/arcrole/domain-member" xlink:from="loc_10" xlink:to="loc_16" xlink:type="arc"/>
    <link:loc xlink:href="../../full_ifrs-cor_2014-03-05.xsd#ifrs-full_DescriptionOfTypesOfIncomeFromStructuredEntities" xlink:label="loc_17" xlink:type="locator"/>
    <link:definitionArc order="40.0" xlink:arcrole="http://xbrl.org/int/dim/arcrole/domain-member" xlink:from="loc_8" xlink:to="loc_17" xlink:type="arc"/>
    <link:loc xlink:href="../../full_ifrs-cor_2014-03-05.xsd#ifrs-full_MaximumLimitOfLossesOfStructuredEntitiesWhichEntityIsRequiredToAbsorbBeforeOtherParties" xlink:label="loc_18" xlink:type="locator"/>
    <link:definitionArc order="40.0" xlink:arcrole="http://xbrl.org/int/dim/arcrole/domain-member" xlink:from="loc_10" xlink:to="loc_18" xlink:type="arc"/>
    <link:loc xlink:href="../../full_ifrs-cor_2014-03-05.xsd#ifrs-full_AssetsTransferredToStructuredEntitiesAtTimeOfTransfer" xlink:label="loc_19" xlink:type="locator"/>
    <link:definitionArc order="50.0" xlink:arcrole="http://xbrl.org/int/dim/arcrole/domain-member" xlink:from="loc_8" xlink:to="loc_19" xlink:type="arc"/>
    <link:loc xlink:href="../../full_ifrs-cor_2014-03-05.xsd#ifrs-full_DisclosureOfRankingAndAmountsOfPotentialLossesInStructuredEntitiesBorneByPartiesWhoseInterestsRankLowerThanEntitysInterestsExplanatory" xlink:label="loc_20" xlink:type="locator"/>
    <link:definitionArc order="50.0" xlink:arcrole="http://xbrl.org/int/dim/arcrole/domain-member" xlink:from="loc_10" xlink:to="loc_20" xlink:type="arc"/>
    <link:loc xlink:href="../../full_ifrs-cor_2014-03-05.xsd#ifrs-full_AssetsRecognisedInEntitysFinancialStatementsInRelationToStructuredEntities" xlink:label="loc_21" xlink:type="locator"/>
    <link:definitionArc order="60.0" xlink:arcrole="http://xbrl.org/int/dim/arcrole/domain-member" xlink:from="loc_8" xlink:to="loc_21" xlink:type="arc"/>
    <link:loc xlink:href="../../full_ifrs-cor_2014-03-05.xsd#ifrs-full_DisclosureOfInformationAboutLiquidityArrangementsGuaranteesOrOtherCommitmentsWithThirdPartiesThatMayAffectFairValueOrRiskOfInterestsInStructuredEntitiesExplanatory" xlink:label="loc_22" xlink:type="locator"/>
    <link:definitionArc order="60.0" xlink:arcrole="http://xbrl.org/int/dim/arcrole/domain-member" xlink:from="loc_10" xlink:to="loc_22" xlink:type="arc"/>
    <link:loc xlink:href="../../full_ifrs-cor_2014-03-05.xsd#ifrs-full_LiabilitiesRecognisedInEntitysFinancialStatementsInRelationToStructuredEntities" xlink:label="loc_23" xlink:type="locator"/>
    <link:definitionArc order="70.0" xlink:arcrole="http://xbrl.org/int/dim/arcrole/domain-member" xlink:from="loc_8" xlink:to="loc_23" xlink:type="arc"/>
    <link:loc xlink:href="../../full_ifrs-cor_2014-03-05.xsd#ifrs-full_DescriptionOfDifficultiesStructuredEntityExperiencedInFinancingItsActivities" xlink:label="loc_24" xlink:type="locator"/>
    <link:definitionArc order="70.0" xlink:arcrole="http://xbrl.org/int/dim/arcrole/domain-member" xlink:from="loc_10" xlink:to="loc_24" xlink:type="arc"/>
    <link:loc xlink:href="../../full_ifrs-cor_2014-03-05.xsd#ifrs-full_DescriptionOfLineItemsInStatementOfFinancialPositionInWhichAssetsAndLiabilitiesRecognisedInRelationToStructuredEntitiesAreRecognised" xlink:label="loc_25" xlink:type="locator"/>
    <link:definitionArc order="80.0" xlink:arcrole="http://xbrl.org/int/dim/arcrole/domain-member" xlink:from="loc_8" xlink:to="loc_25" xlink:type="arc"/>
    <link:loc xlink:href="../../full_ifrs-cor_2014-03-05.xsd#ifrs-full_DisclosureOfFormsOfFundingOfStructuredEntityAndTheirWeightedaverageLifeExplanatory" xlink:label="loc_26" xlink:type="locator"/>
    <link:definitionArc order="80.0" xlink:arcrole="http://xbrl.org/int/dim/arcrole/domain-member" xlink:from="loc_10" xlink:to="loc_26" xlink:type="arc"/>
    <link:loc xlink:href="../../full_ifrs-cor_2014-03-05.xsd#ifrs-full_MaximumExposureToLossFromInterestsInStructuredEntities" xlink:label="loc_27" xlink:type="locator"/>
    <link:definitionArc order="90.0" xlink:arcrole="http://xbrl.org/int/dim/arcrole/domain-member" xlink:from="loc_8" xlink:to="loc_27" xlink:type="arc"/>
    <link:loc xlink:href="../../full_ifrs-cor_2014-03-05.xsd#ifrs-full_InformationAboutHowMaximumExposureToLossFromInterestsInStructuredEntitiesIsDetermined" xlink:label="loc_28" xlink:type="locator"/>
    <link:definitionArc order="100.0" xlink:arcrole="http://xbrl.org/int/dim/arcrole/domain-member" xlink:from="loc_8" xlink:to="loc_28" xlink:type="arc"/>
    <link:loc xlink:href="../../full_ifrs-cor_2014-03-05.xsd#ifrs-full_DescriptionOfFactAndReasonsWhyMaximumExposureToLossFromInterestsInStructuredEntitiesCannotBeQuantified" xlink:label="loc_29" xlink:type="locator"/>
    <link:definitionArc order="110.0" xlink:arcrole="http://xbrl.org/int/dim/arcrole/domain-member" xlink:from="loc_8" xlink:to="loc_29" xlink:type="arc"/>
    <link:loc xlink:href="../../full_ifrs-cor_2014-03-05.xsd#ifrs-full_DescriptionOfComparisonBetweenAssetsAndLiabilitiesRecognisedInRelationToStructuredEntitiesAndMaximumExposureToLossFromInterestsInStructuredEntities" xlink:label="loc_30" xlink:type="locator"/>
    <link:definitionArc order="120.0" xlink:arcrole="http://xbrl.org/int/dim/arcrole/domain-member" xlink:from="loc_8" xlink:to="loc_30" xlink:type="arc"/>
    <link:loc xlink:href="../../full_ifrs-cor_2014-03-05.xsd#ifrs-full_DescriptionOfTypeOfSupportProvidedToStructuredEntityWithoutHavingContractualObligationToDoSo" xlink:label="loc_31" xlink:type="locator"/>
    <link:definitionArc order="130.0" xlink:arcrole="http://xbrl.org/int/dim/arcrole/domain-member" xlink:from="loc_8" xlink:to="loc_31" xlink:type="arc"/>
    <link:loc xlink:href="../../full_ifrs-cor_2014-03-05.xsd#ifrs-full_SupportProvidedToStructuredEntityWithoutHavingContractualObligationToDoSo" xlink:label="loc_32" xlink:type="locator"/>
    <link:definitionArc order="140.0" xlink:arcrole="http://xbrl.org/int/dim/arcrole/domain-member" xlink:from="loc_8" xlink:to="loc_32" xlink:type="arc"/>
    <link:loc xlink:href="../../full_ifrs-cor_2014-03-05.xsd#ifrs-full_DescriptionOfReasonsForProvidingSupportToStructuredEntityWithoutHavingContractualObligationToDoSo" xlink:label="loc_33" xlink:type="locator"/>
    <link:definitionArc order="150.0" xlink:arcrole="http://xbrl.org/int/dim/arcrole/domain-member" xlink:from="loc_8" xlink:to="loc_33" xlink:type="arc"/>
    <link:loc xlink:href="../../full_ifrs-cor_2014-03-05.xsd#ifrs-full_DescriptionOfIntentionsToProvideSupportToStructuredEntity" xlink:label="loc_34" xlink:type="locator"/>
    <link:definitionArc order="160.0" xlink:arcrole="http://xbrl.org/int/dim/arcrole/domain-member" xlink:from="loc_8" xlink:to="loc_34" xlink:type="arc"/>
    <link:definitionArc order="170.0" xlink:arcrole="http://xbrl.org/int/dim/arcrole/domain-member" xlink:from="loc_8" xlink:to="loc_10" xlink:type="arc"/>
  </link:definitionLink>
  <link:definitionLink xlink:role="http://xbrl.ifrs.org/role/ifrs/ifrs_12_2014-03-05_role-825700f" xlink:type="extended">
    <link:loc xlink:href="../../full_ifrs-cor_2014-03-05.xsd#ifrs-full_DisclosureOfInformationAboutUnconsolidatedSubsidiariesTable" xlink:label="loc_1" xlink:type="locator"/>
    <link:loc xlink:href="../../full_ifrs-cor_2014-03-05.xsd#ifrs-full_DisclosureOfInformationAboutUnconsolidatedSubsidiariesAbstract" xlink:label="loc_2" xlink:type="locator"/>
    <link:definitionArc order="10.0" xbrldt:closed="true" xbrldt:contextElement="scenario" xlink:arcrole="http://xbrl.org/int/dim/arcrole/all" xlink:from="loc_2" xlink:to="loc_1" xlink:type="arc"/>
    <link:loc xlink:href="../../full_ifrs-cor_2014-03-05.xsd#ifrs-full_UnconsolidatedSubsidiariesAxis" xlink:label="loc_3" xlink:type="locator"/>
    <link:definitionArc order="10.0" xlink:arcrole="http://xbrl.org/int/dim/arcrole/hypercube-dimension" xlink:from="loc_1" xlink:to="loc_3" xlink:type="arc"/>
    <link:loc xlink:href="../../full_ifrs-cor_2014-03-05.xsd#ifrs-full_EntitysTotalForUnconsolidatedSubsidiariesMember" xlink:label="loc_4" xlink:type="locator"/>
    <link:definitionArc order="10.0" xlink:arcrole="http://xbrl.org/int/dim/arcrole/dimension-domain" xlink:from="loc_3" xlink:to="loc_4" xlink:type="arc"/>
    <link:loc xlink:href="../../full_ifrs-cor_2014-03-05.xsd#ifrs-full_UnconsolidatedSubsidiariesMember" xlink:label="loc_5" xlink:type="locator"/>
    <link:definitionArc order="10.0" xlink:arcrole="http://xbrl.org/int/dim/arcrole/domain-member" xlink:from="loc_4" xlink:to="loc_5" xlink:type="arc"/>
    <link:loc xlink:href="../../full_ifrs-cor_2014-03-05.xsd#ifrs-full_UnconsolidatedSubsidiariesThatInvestmentEntityControlsDirectlyMember" xlink:label="loc_6" xlink:type="locator"/>
    <link:definitionArc order="10.0" xlink:arcrole="http://xbrl.org/int/dim/arcrole/domain-member" xlink:from="loc_5" xlink:to="loc_6" xlink:type="arc"/>
    <link:loc xlink:href="../../full_ifrs-cor_2014-03-05.xsd#ifrs-full_NameOfSubsidiary" xlink:label="loc_7" xlink:type="locator"/>
    <link:loc xlink:href="../../full_ifrs-cor_2014-03-05.xsd#ifrs-full_DisclosureOfInformationAboutUnconsolidatedSubsidiariesLineItems" xlink:label="loc_8" xlink:type="locator"/>
    <link:definitionArc order="10.0" xlink:arcrole="http://xbrl.org/int/dim/arcrole/domain-member" xlink:from="loc_8" xlink:to="loc_7" xlink:type="arc"/>
    <link:loc xlink:href="../../full_ifrs-cor_2014-03-05.xsd#ifrs-full_UnconsolidatedSubsidiariesControlledBySubsidiariesOfInvestmentEntityMember" xlink:label="loc_9" xlink:type="locator"/>
    <link:definitionArc order="20.0" xlink:arcrole="http://xbrl.org/int/dim/arcrole/domain-member" xlink:from="loc_5" xlink:to="loc_9" xlink:type="arc"/>
    <link:definitionArc order="20.0" xlink:arcrole="http://xbrl.org/int/dim/arcrole/domain-member" xlink:from="loc_2" xlink:to="loc_8" xlink:type="arc"/>
    <link:loc xlink:href="../../full_ifrs-cor_2014-03-05.xsd#ifrs-full_PrincipalPlaceOfBusinessOfSubsidiary" xlink:label="loc_10" xlink:type="locator"/>
    <link:definitionArc order="20.0" xlink:arcrole="http://xbrl.org/int/dim/arcrole/domain-member" xlink:from="loc_8" xlink:to="loc_10" xlink:type="arc"/>
    <link:loc xlink:href="../../full_ifrs-cor_2014-03-05.xsd#ifrs-full_CountryOfIncorporationOrResidenceOfSubsidiary" xlink:label="loc_11" xlink:type="locator"/>
    <link:definitionArc order="30.0" xlink:arcrole="http://xbrl.org/int/dim/arcrole/domain-member" xlink:from="loc_8" xlink:to="loc_11" xlink:type="arc"/>
    <link:loc xlink:href="../../full_ifrs-cor_2014-03-05.xsd#ifrs-full_ProportionOfOwnershipInterestInSubsidiary" xlink:label="loc_12" xlink:type="locator"/>
    <link:definitionArc order="40.0" xlink:arcrole="http://xbrl.org/int/dim/arcrole/domain-member" xlink:from="loc_8" xlink:to="loc_12" xlink:type="arc"/>
    <link:loc xlink:href="../../full_ifrs-cor_2014-03-05.xsd#ifrs-full_ProportionOfVotingPowerHeldInSubsidiary" xlink:label="loc_13" xlink:type="locator"/>
    <link:definitionArc order="50.0" xlink:arcrole="http://xbrl.org/int/dim/arcrole/domain-member" xlink:from="loc_8" xlink:to="loc_13" xlink:type="arc"/>
    <link:loc xlink:href="../../full_ifrs-cor_2014-03-05.xsd#ifrs-full_DescriptionOfNatureAndExtentOfSignificantRestrictionsOnTransferOfFundsToParent" xlink:label="loc_14" xlink:type="locator"/>
    <link:definitionArc order="60.0" xlink:arcrole="http://xbrl.org/int/dim/arcrole/domain-member" xlink:from="loc_8" xlink:to="loc_14" xlink:type="arc"/>
    <link:loc xlink:href="../../full_ifrs-cor_2014-03-05.xsd#ifrs-full_DescriptionOfCurrentCommitmentsOrIntentionsToProvideSupportToSubsidiary" xlink:label="loc_15" xlink:type="locator"/>
    <link:definitionArc order="70.0" xlink:arcrole="http://xbrl.org/int/dim/arcrole/domain-member" xlink:from="loc_8" xlink:to="loc_15" xlink:type="arc"/>
    <link:loc xlink:href="../../full_ifrs-cor_2014-03-05.xsd#ifrs-full_DescriptionOfTypeOfSupportProvidedToSubsidiaryWithoutHavingContractualObligationToDoSo" xlink:label="loc_16" xlink:type="locator"/>
    <link:definitionArc order="80.0" xlink:arcrole="http://xbrl.org/int/dim/arcrole/domain-member" xlink:from="loc_8" xlink:to="loc_16" xlink:type="arc"/>
    <link:loc xlink:href="../../full_ifrs-cor_2014-03-05.xsd#ifrs-full_SupportProvidedToSubsidiaryWithoutHavingContractualObligationToDoSo" xlink:label="loc_17" xlink:type="locator"/>
    <link:definitionArc order="90.0" xlink:arcrole="http://xbrl.org/int/dim/arcrole/domain-member" xlink:from="loc_8" xlink:to="loc_17" xlink:type="arc"/>
    <link:loc xlink:href="../../full_ifrs-cor_2014-03-05.xsd#ifrs-full_DescriptionOfReasonsForProvidingSupportToSubsidiaryWithoutHavingContractualObligationToDoSo" xlink:label="loc_18" xlink:type="locator"/>
    <link:definitionArc order="100.0" xlink:arcrole="http://xbrl.org/int/dim/arcrole/domain-member" xlink:from="loc_8" xlink:to="loc_18" xlink:type="arc"/>
  </link:definitionLink>
  <link:definitionLink xlink:role="http://xbrl.ifrs.org/role/ifrs/ifrs_12_2014-03-05_role-825700g" xlink:type="extended">
    <link:loc xlink:href="../../full_ifrs-cor_2014-03-05.xsd#ifrs-full_DisclosureOfInformationAboutUnconsolidatedStructuredEntitiesControlledByInvestmentEntityTable" xlink:label="loc_1" xlink:type="locator"/>
    <link:loc xlink:href="../../full_ifrs-cor_2014-03-05.xsd#ifrs-full_DisclosureOfInformationAboutUnconsolidatedStructuredEntitiesControlledByInvestmentEntityAbstract" xlink:label="loc_2" xlink:type="locator"/>
    <link:definitionArc order="10.0" xbrldt:closed="true" xbrldt:contextElement="scenario" xlink:arcrole="http://xbrl.org/int/dim/arcrole/all" xlink:from="loc_2" xlink:to="loc_1" xlink:type="arc"/>
    <link:loc xlink:href="../../full_ifrs-cor_2014-03-05.xsd#ifrs-full_UnconsolidatedStructuredEntitiesControlledByInvestmentEntityAxis" xlink:label="loc_3" xlink:type="locator"/>
    <link:definitionArc order="10.0" xlink:arcrole="http://xbrl.org/int/dim/arcrole/hypercube-dimension" xlink:from="loc_1" xlink:to="loc_3" xlink:type="arc"/>
    <link:loc xlink:href="../../full_ifrs-cor_2014-03-05.xsd#ifrs-full_UnconsolidatedStructuredEntitiesControlledByInvestmentEntityMember" xlink:label="loc_4" xlink:type="locator"/>
    <link:definitionArc order="10.0" xlink:arcrole="http://xbrl.org/int/dim/arcrole/dimension-domain" xlink:from="loc_3" xlink:to="loc_4" xlink:type="arc"/>
    <link:loc xlink:href="../../full_ifrs-cor_2014-03-05.xsd#ifrs-full_DescriptionOfTermsOfContractualArrangementsThatCouldRequireInvestmentEntityOrItsSubsidiariesToProvideFinancialSupportToUnconsolidatedStructuredEntityControlledByInvestmentEntity" xlink:label="loc_5" xlink:type="locator"/>
    <link:loc xlink:href="../../full_ifrs-cor_2014-03-05.xsd#ifrs-full_DisclosureOfInformationAboutUnconsolidatedStructuredEntitiesControlledByInvestmentEntityLineItems" xlink:label="loc_6" xlink:type="locator"/>
    <link:definitionArc order="10.0" xlink:arcrole="http://xbrl.org/int/dim/arcrole/domain-member" xlink:from="loc_6" xlink:to="loc_5" xlink:type="arc"/>
    <link:definitionArc order="20.0" xlink:arcrole="http://xbrl.org/int/dim/arcrole/domain-member" xlink:from="loc_2" xlink:to="loc_6" xlink:type="arc"/>
    <link:loc xlink:href="../../full_ifrs-cor_2014-03-05.xsd#ifrs-full_ExplanationOfRelevantFactorsInReachingDecisionToProvideSupportThatResultedInControllingUnconsolidatedStructuredEntity" xlink:label="loc_7" xlink:type="locator"/>
    <link:definitionArc order="20.0" xlink:arcrole="http://xbrl.org/int/dim/arcrole/domain-member" xlink:from="loc_6" xlink:to="loc_7" xlink:type="arc"/>
  </link:definitionLink>
</link:linkbase>
