<?xml version="1.0" encoding="UTF-8"?>
<!-- Generated by Fujitsu Interstage XWand B0209 -->
<?officialURI http://archprod.service.eogs.dk/taxonomy/20141220/ifrs/full_ifrs_dk/ifrs-dk_320.00_2014-12-20/def_ifrs-dk_2014-12-20_role-320.00.xml?>

<?taxonomy-version 0.2.0?>

<link:linkbase xmlns:xsi="http://www.w3.org/2001/XMLSchema-instance" xsi:schemaLocation="http://www.xbrl.org/2003/linkbase http://www.xbrl.org/2003/xbrl-linkbase-2003-12-31.xsd" xmlns:link="http://www.xbrl.org/2003/linkbase" xmlns:ifrs-dk-entry-ifrs-dk_2014-12-20="http://xbrl.dcca.dk/ifrs-dk/entry-ifrs-dk_2014-12-20" xmlns:ifrs-dk-is="http://xbrl.dcca.dk/IncomeStatement" xmlns:rol_ifrs-dk_320.00_2014-12-20="http://xbrl.dcca.dk/role/ifrs-dk/rol_ifrs-dk_320.00_2014-12-20" xmlns:xlink="http://www.w3.org/1999/xlink" xmlns:xbrli="http://www.xbrl.org/2003/instance" xmlns:xbrldt="http://xbrl.org/2005/xbrldt">
  <link:roleRef roleURI="http://xbrl.dcca.dk/role/320.00/IncomeStatementByNatureOfExpense" xlink:type="simple" xlink:href="rol_ifrs-dk_320.00_2014-12-20.xsd#ifrs-dk_32000_IncomeStatementByNatureOfExpense"/>
  <link:roleRef roleURI="http://xbrl.ifrs.org/role/ifrs/ifrs-dim_role-913000" xlink:type="simple" xlink:href="../../../../full_ifrs/dimensions_full_ifrs/rol_full_ifrs-dim_2014-03-05.xsd#ifrs-dim_role-913000"/>
  <link:arcroleRef arcroleURI="http://xbrl.org/int/dim/arcrole/all" xlink:type="simple" xlink:href="http://www.xbrl.org/2005/xbrldt-2005.xsd#all"/>
  <link:arcroleRef arcroleURI="http://xbrl.org/int/dim/arcrole/dimension-domain" xlink:type="simple" xlink:href="http://www.xbrl.org/2005/xbrldt-2005.xsd#dimension-domain"/>
  <link:arcroleRef arcroleURI="http://xbrl.org/int/dim/arcrole/domain-member" xlink:type="simple" xlink:href="http://www.xbrl.org/2005/xbrldt-2005.xsd#domain-member"/>
  <link:arcroleRef arcroleURI="http://xbrl.org/int/dim/arcrole/hypercube-dimension" xlink:type="simple" xlink:href="http://www.xbrl.org/2005/xbrldt-2005.xsd#hypercube-dimension"/>
  <link:definitionLink xlink:type="extended" xlink:role="http://xbrl.dcca.dk/role/320.00/IncomeStatementByNatureOfExpense">
    <link:loc xlink:type="locator" xlink:href="../../../cmn.xsd#cmn_CommonTable" xlink:label="CommonTable" xlink:title="CommonTable"/>
    <link:loc xlink:type="locator" xlink:href="../../../../full_ifrs-cor_2014-03-05.xsd#ifrs-full_ConsolidatedAndSeparateFinancialStatementsAxis" xlink:label="ConsolidatedAndSeparateFinancialStatementsAxis" xlink:title="ConsolidatedAndSeparateFinancialStatementsAxis"/>
    <link:definitionArc xlink:type="arc" xlink:arcrole="http://xbrl.org/int/dim/arcrole/hypercube-dimension" xlink:from="CommonTable" xlink:to="ConsolidatedAndSeparateFinancialStatementsAxis" xlink:title="definition: CommonTable to ConsolidatedAndSeparateFinancialStatementsAxis" order="1.0" xbrldt:targetRole="http://xbrl.ifrs.org/role/ifrs/ifrs-dim_role-913000"/>
    <link:loc xlink:type="locator" xlink:href="../../../../full_ifrs-cor_2014-03-05.xsd#ifrs-full_IncomeStatementAbstract" xlink:label="IncomeStatementAbstract"/>
    <link:loc xlink:type="locator" xlink:href="../../../../full_ifrs-cor_2014-03-05.xsd#ifrs-full_ProfitLossAbstract" xlink:label="ProfitLossAbstract"/>
    <link:definitionArc xlink:type="arc" xlink:arcrole="http://xbrl.org/int/dim/arcrole/domain-member" xlink:from="IncomeStatementAbstract" xlink:to="ProfitLossAbstract" order="1.0"/>
    <link:loc xlink:type="locator" xlink:href="../../../../full_ifrs-cor_2014-03-05.xsd#ifrs-full_Revenue" xlink:label="Revenue"/>
    <link:definitionArc xlink:type="arc" xlink:arcrole="http://xbrl.org/int/dim/arcrole/domain-member" xlink:from="ProfitLossAbstract" xlink:to="Revenue" order="1.0"/>
    <link:loc xlink:type="locator" xlink:href="../../ifrs-dk-cor_2014-12-20.xsd#ifrs-dk_NetSales" xlink:label="NetSales"/>
    <link:definitionArc xlink:type="arc" xlink:arcrole="http://xbrl.org/int/dim/arcrole/domain-member" xlink:from="ProfitLossAbstract" xlink:to="NetSales" use="optional" order="3.0"/>
    <link:loc xlink:type="locator" xlink:href="../../../../full_ifrs-cor_2014-03-05.xsd#ifrs-full_CostOfSales" xlink:label="CostOfSales" xlink:title="CostOfSales"/>
    <link:definitionArc xlink:type="arc" xlink:arcrole="http://xbrl.org/int/dim/arcrole/domain-member" xlink:from="ProfitLossAbstract" xlink:to="CostOfSales" xlink:title="definition: ProfitLossAbstract to CostOfSales" order="4.0"/>
    <link:loc xlink:type="locator" xlink:href="../../../../full_ifrs-cor_2014-03-05.xsd#ifrs-full_GrossProfit" xlink:label="GrossProfit"/>
    <link:definitionArc xlink:type="arc" xlink:arcrole="http://xbrl.org/int/dim/arcrole/domain-member" xlink:from="ProfitLossAbstract" xlink:to="GrossProfit" use="optional" order="8.0"/>
    <link:loc xlink:type="locator" xlink:href="../../../../full_ifrs-cor_2014-03-05.xsd#ifrs-full_OtherIncome" xlink:label="OtherIncome"/>
    <link:definitionArc xlink:type="arc" xlink:arcrole="http://xbrl.org/int/dim/arcrole/domain-member" xlink:from="ProfitLossAbstract" xlink:to="OtherIncome" order="4.0"/>
    <link:loc xlink:type="locator" xlink:href="../../../../full_ifrs-cor_2014-03-05.xsd#ifrs-full_OtherGainsLosses" xlink:label="OtherGainsLosses"/>
    <link:definitionArc xlink:type="arc" xlink:arcrole="http://xbrl.org/int/dim/arcrole/domain-member" xlink:from="ProfitLossAbstract" xlink:to="OtherGainsLosses" order="13.0"/>
    <link:loc xlink:type="locator" xlink:href="../../ifrs-dk-cor_2014-12-20.xsd#ifrs-dk_SpecialItemsAbstract" xlink:label="SpecialItemsAbstract"/>
    <link:definitionArc xlink:type="arc" xlink:arcrole="http://xbrl.org/int/dim/arcrole/domain-member" xlink:from="ProfitLossAbstract" xlink:to="SpecialItemsAbstract" use="optional" order="14.0"/>
    <link:loc xlink:type="locator" xlink:href="../../ifrs-dk-cor_2014-12-20.xsd#ifrs-dk_SpecialIncome" xlink:label="SpecialIncome"/>
    <link:definitionArc xlink:type="arc" xlink:arcrole="http://xbrl.org/int/dim/arcrole/domain-member" xlink:from="SpecialItemsAbstract" xlink:to="SpecialIncome" use="optional" order="1.0"/>
    <link:loc xlink:type="locator" xlink:href="../../ifrs-dk-cor_2014-12-20.xsd#ifrs-dk_SpecialCost" xlink:label="SpecialCost"/>
    <link:definitionArc xlink:type="arc" xlink:arcrole="http://xbrl.org/int/dim/arcrole/domain-member" xlink:from="SpecialItemsAbstract" xlink:to="SpecialCost" use="optional" order="2.0"/>
    <link:loc xlink:type="locator" xlink:href="../../ifrs-dk-cor_2014-12-20.xsd#ifrs-dk_SpecialItems" xlink:label="SpecialItems"/>
    <link:definitionArc xlink:type="arc" xlink:arcrole="http://xbrl.org/int/dim/arcrole/domain-member" xlink:from="SpecialItemsAbstract" xlink:to="SpecialItems" use="optional" order="3.0"/>
    <link:loc xlink:type="locator" xlink:href="../../../../full_ifrs-cor_2014-03-05.xsd#ifrs-full_ProfitLossFromOperatingActivities" xlink:label="ProfitLossFromOperatingActivities"/>
    <link:definitionArc xlink:type="arc" xlink:arcrole="http://xbrl.org/int/dim/arcrole/domain-member" xlink:from="ProfitLossAbstract" xlink:to="ProfitLossFromOperatingActivities" order="15.0"/>
    <link:loc xlink:type="locator" xlink:href="../../../../full_ifrs-cor_2014-03-05.xsd#ifrs-full_DifferenceBetweenCarryingAmountOfDividendsPayableAndCarryingAmountOfNoncashAssetsDistributed" xlink:label="DifferenceBetweenCarryingAmountOfDividendsPayableAndCarryingAmountOfNoncashAssetsDistributed"/>
    <link:definitionArc xlink:type="arc" xlink:arcrole="http://xbrl.org/int/dim/arcrole/domain-member" xlink:from="ProfitLossAbstract" xlink:to="DifferenceBetweenCarryingAmountOfDividendsPayableAndCarryingAmountOfNoncashAssetsDistributed" order="16.0"/>
    <link:loc xlink:type="locator" xlink:href="../../../../full_ifrs-cor_2014-03-05.xsd#ifrs-full_GainsLossesOnNetMonetaryPosition" xlink:label="GainsLossesOnNetMonetaryPosition"/>
    <link:definitionArc xlink:type="arc" xlink:arcrole="http://xbrl.org/int/dim/arcrole/domain-member" xlink:from="ProfitLossAbstract" xlink:to="GainsLossesOnNetMonetaryPosition" order="17.0"/>
    <link:loc xlink:type="locator" xlink:href="../../../../full_ifrs-cor_2014-03-05.xsd#ifrs-full_GainLossArisingFromDerecognitionOfFinancialAssetsMeasuredAtAmortisedCost" xlink:label="GainLossArisingFromDerecognitionOfFinancialAssetsMeasuredAtAmortisedCost"/>
    <link:definitionArc xlink:type="arc" xlink:arcrole="http://xbrl.org/int/dim/arcrole/domain-member" xlink:from="ProfitLossAbstract" xlink:to="GainLossArisingFromDerecognitionOfFinancialAssetsMeasuredAtAmortisedCost" order="18.0"/>
    <link:loc xlink:type="locator" xlink:href="../../../../full_ifrs-cor_2014-03-05.xsd#ifrs-full_FinanceIncome" xlink:label="FinanceIncome"/>
    <link:definitionArc xlink:type="arc" xlink:arcrole="http://xbrl.org/int/dim/arcrole/domain-member" xlink:from="ProfitLossAbstract" xlink:to="FinanceIncome" order="19.0"/>
    <link:loc xlink:type="locator" xlink:href="../../../../full_ifrs-cor_2014-03-05.xsd#ifrs-full_FinanceCosts" xlink:label="FinanceCosts"/>
    <link:definitionArc xlink:type="arc" xlink:arcrole="http://xbrl.org/int/dim/arcrole/domain-member" xlink:from="ProfitLossAbstract" xlink:to="FinanceCosts" order="20.0"/>
    <link:loc xlink:type="locator" xlink:href="../../../../full_ifrs-cor_2014-03-05.xsd#ifrs-full_ShareOfProfitLossOfAssociatesAndJointVenturesAccountedForUsingEquityMethod" xlink:label="ShareOfProfitLossOfAssociatesAndJointVenturesAccountedForUsingEquityMethod"/>
    <link:definitionArc xlink:type="arc" xlink:arcrole="http://xbrl.org/int/dim/arcrole/domain-member" xlink:from="ProfitLossAbstract" xlink:to="ShareOfProfitLossOfAssociatesAndJointVenturesAccountedForUsingEquityMethod" order="21.0"/>
    <link:loc xlink:type="locator" xlink:href="../../ifrs-dk-cor_2014-12-20.xsd#ifrs-dk_ProfitLossInSubsidiariesJointVenturesAndAssociatesAbstract" xlink:label="ProfitLossInSubsidiariesJointVenturesAndAssociatesAbstract"/>
    <link:definitionArc xlink:type="arc" xlink:arcrole="http://xbrl.org/int/dim/arcrole/domain-member" xlink:from="ProfitLossAbstract" xlink:to="ProfitLossInSubsidiariesJointVenturesAndAssociatesAbstract" use="optional" order="22.0"/>
    <link:loc xlink:type="locator" xlink:href="../../ifrs-dk-cor_2014-12-20.xsd#ifrs-dk_ProfitLossInSubsidiaries" xlink:label="ProfitLossInSubsidiaries"/>
    <link:definitionArc xlink:type="arc" xlink:arcrole="http://xbrl.org/int/dim/arcrole/domain-member" xlink:from="ProfitLossInSubsidiariesJointVenturesAndAssociatesAbstract" xlink:to="ProfitLossInSubsidiaries" use="optional" order="1.0"/>
    <link:loc xlink:type="locator" xlink:href="../../ifrs-dk-cor_2014-12-20.xsd#ifrs-dk_ProfitLossInAssociates" xlink:label="ProfitLossInAssociates"/>
    <link:definitionArc xlink:type="arc" xlink:arcrole="http://xbrl.org/int/dim/arcrole/domain-member" xlink:from="ProfitLossInSubsidiariesJointVenturesAndAssociatesAbstract" xlink:to="ProfitLossInAssociates" use="optional" order="2.0"/>
    <link:loc xlink:type="locator" xlink:href="../../ifrs-dk-cor_2014-12-20.xsd#ifrs-dk_ProfitLossInJointVentures" xlink:label="ProfitLossInJointVentures"/>
    <link:definitionArc xlink:type="arc" xlink:arcrole="http://xbrl.org/int/dim/arcrole/domain-member" xlink:from="ProfitLossInSubsidiariesJointVenturesAndAssociatesAbstract" xlink:to="ProfitLossInJointVentures" use="optional" order="3.0"/>
    <link:loc xlink:type="locator" xlink:href="../../ifrs-dk-cor_2014-12-20.xsd#ifrs-dk_ProfitLossInSubsidiariesJointVenturesAndAssociates" xlink:label="ProfitLossInSubsidiariesJointVenturesAndAssociates"/>
    <link:definitionArc xlink:type="arc" xlink:arcrole="http://xbrl.org/int/dim/arcrole/domain-member" xlink:from="ProfitLossInSubsidiariesJointVenturesAndAssociatesAbstract" xlink:to="ProfitLossInSubsidiariesJointVenturesAndAssociates" use="optional" order="4.0"/>
    <link:loc xlink:type="locator" xlink:href="../../../../full_ifrs-cor_2014-03-05.xsd#ifrs-full_OtherIncomeExpenseFromSubsidiariesJointlyControlledEntitiesAndAssociates" xlink:label="OtherIncomeExpenseFromSubsidiariesJointlyControlledEntitiesAndAssociates"/>
    <link:definitionArc xlink:type="arc" xlink:arcrole="http://xbrl.org/int/dim/arcrole/domain-member" xlink:from="ProfitLossAbstract" xlink:to="OtherIncomeExpenseFromSubsidiariesJointlyControlledEntitiesAndAssociates" order="23.0"/>
    <link:loc xlink:type="locator" xlink:href="../../../../full_ifrs-cor_2014-03-05.xsd#ifrs-full_GainsLossesArisingFromDifferenceBetweenPreviousCarryingAmountAndFairValueOfFinancialAssetsReclassifiedAsMeasuredAtFairValue" xlink:label="GainsLossesArisingFromDifferenceBetweenPreviousCarryingAmountAndFairValueOfFinancialAssetsReclassifiedAsMeasuredAtFairValue"/>
    <link:definitionArc xlink:type="arc" xlink:arcrole="http://xbrl.org/int/dim/arcrole/domain-member" xlink:from="ProfitLossAbstract" xlink:to="GainsLossesArisingFromDifferenceBetweenPreviousCarryingAmountAndFairValueOfFinancialAssetsReclassifiedAsMeasuredAtFairValue" order="24.0"/>
    <link:loc xlink:type="locator" xlink:href="../../../../full_ifrs-cor_2014-03-05.xsd#ifrs-full_ProfitLossBeforeTax" xlink:label="ProfitLossBeforeTax"/>
    <link:definitionArc xlink:type="arc" xlink:arcrole="http://xbrl.org/int/dim/arcrole/domain-member" xlink:from="ProfitLossAbstract" xlink:to="ProfitLossBeforeTax" order="25.0"/>
    <link:loc xlink:type="locator" xlink:href="../../../../full_ifrs-cor_2014-03-05.xsd#ifrs-full_IncomeTaxExpenseContinuingOperations" xlink:label="IncomeTaxExpenseContinuingOperations"/>
    <link:definitionArc xlink:type="arc" xlink:arcrole="http://xbrl.org/int/dim/arcrole/domain-member" xlink:from="ProfitLossAbstract" xlink:to="IncomeTaxExpenseContinuingOperations" order="26.0"/>
    <link:loc xlink:type="locator" xlink:href="../../../../full_ifrs-cor_2014-03-05.xsd#ifrs-full_ProfitLossFromContinuingOperations" xlink:label="ProfitLossFromContinuingOperations"/>
    <link:definitionArc xlink:type="arc" xlink:arcrole="http://xbrl.org/int/dim/arcrole/domain-member" xlink:from="ProfitLossAbstract" xlink:to="ProfitLossFromContinuingOperations" order="27.0"/>
    <link:loc xlink:type="locator" xlink:href="../../../../full_ifrs-cor_2014-03-05.xsd#ifrs-full_ProfitLossFromDiscontinuedOperations" xlink:label="ProfitLossFromDiscontinuedOperations"/>
    <link:definitionArc xlink:type="arc" xlink:arcrole="http://xbrl.org/int/dim/arcrole/domain-member" xlink:from="ProfitLossAbstract" xlink:to="ProfitLossFromDiscontinuedOperations" order="29.0"/>
    <link:loc xlink:type="locator" xlink:href="../../../../full_ifrs-cor_2014-03-05.xsd#ifrs-full_ProfitLoss" xlink:label="ProfitLoss"/>
    <link:definitionArc xlink:type="arc" xlink:arcrole="http://xbrl.org/int/dim/arcrole/domain-member" xlink:from="ProfitLossAbstract" xlink:to="ProfitLoss" order="30.0"/>
    <link:loc xlink:type="locator" xlink:href="../../../../full_ifrs-cor_2014-03-05.xsd#ifrs-full_DividendsClassifiedAsExpense" xlink:label="DividendsClassifiedAsExpense"/>
    <link:definitionArc xlink:type="arc" xlink:arcrole="http://xbrl.org/int/dim/arcrole/domain-member" xlink:from="ProfitLossAbstract" xlink:to="DividendsClassifiedAsExpense" order="31.0"/>
    <link:loc xlink:type="locator" xlink:href="../../../../full_ifrs-cor_2014-03-05.xsd#ifrs-full_TaxExpenseRelatingToGainLossOnDiscontinuance" xlink:label="TaxExpenseRelatingToGainLossOnDiscontinuance" xlink:title="TaxExpenseRelatingToGainLossOnDiscontinuance"/>
    <link:definitionArc xlink:type="arc" xlink:arcrole="http://xbrl.org/int/dim/arcrole/domain-member" xlink:from="ProfitLossAbstract" xlink:to="TaxExpenseRelatingToGainLossOnDiscontinuance" xlink:title="definition: ProfitLossAbstract to TaxExpenseRelatingToGainLossOnDiscontinuance" order="28.0"/>
    <link:loc xlink:type="locator" xlink:href="../../ifrs-dk-cor_2014-12-20.xsd#ifrs-dk_TransferIncome" xlink:label="TransferIncome" xlink:title="TransferIncome"/>
    <link:definitionArc xlink:type="arc" xlink:arcrole="http://xbrl.org/int/dim/arcrole/domain-member" xlink:from="ProfitLossAbstract" xlink:to="TransferIncome" xlink:title="definition: ProfitLossAbstract to TransferIncome" order="9.7"/>
    <link:loc xlink:type="locator" xlink:href="../../ifrs-dk-cor_2014-12-20.xsd#ifrs-dk_DirectCosts" xlink:label="DirectCosts"/>
    <link:definitionArc xlink:type="arc" xlink:arcrole="http://xbrl.org/int/dim/arcrole/domain-member" xlink:from="ProfitLossAbstract" xlink:to="DirectCosts" order="2.0"/>
    <link:loc xlink:type="locator" xlink:href="../../../../full_ifrs-cor_2014-03-05.xsd#ifrs-full_ChangesInInventoriesOfFinishedGoodsAndWorkInProgress" xlink:label="ChangesInInventoriesOfFinishedGoodsAndWorkInProgress"/>
    <link:definitionArc xlink:type="arc" xlink:arcrole="http://xbrl.org/int/dim/arcrole/domain-member" xlink:from="ProfitLossAbstract" xlink:to="ChangesInInventoriesOfFinishedGoodsAndWorkInProgress" order="5.0"/>
    <link:loc xlink:type="locator" xlink:href="../../../../full_ifrs-cor_2014-03-05.xsd#ifrs-full_OtherWorkPerformedByEntityAndCapitalised" xlink:label="OtherWorkPerformedByEntityAndCapitalised"/>
    <link:definitionArc xlink:type="arc" xlink:arcrole="http://xbrl.org/int/dim/arcrole/domain-member" xlink:from="ProfitLossAbstract" xlink:to="OtherWorkPerformedByEntityAndCapitalised" order="6.0"/>
    <link:loc xlink:type="locator" xlink:href="../../../../full_ifrs-cor_2014-03-05.xsd#ifrs-full_EmployeeBenefitsExpense" xlink:label="EmployeeBenefitsExpense"/>
    <link:definitionArc xlink:type="arc" xlink:arcrole="http://xbrl.org/int/dim/arcrole/domain-member" xlink:from="ProfitLossAbstract" xlink:to="EmployeeBenefitsExpense" order="9.0"/>
    <link:loc xlink:type="locator" xlink:href="../../../../full_ifrs-cor_2014-03-05.xsd#ifrs-full_ImpairmentLossReversalOfImpairmentLossRecognisedInProfitOrLoss" xlink:label="ImpairmentLossReversalOfImpairmentLossRecognisedInProfitOrLoss"/>
    <link:definitionArc xlink:type="arc" xlink:arcrole="http://xbrl.org/int/dim/arcrole/domain-member" xlink:from="ProfitLossAbstract" xlink:to="ImpairmentLossReversalOfImpairmentLossRecognisedInProfitOrLoss" order="11.0"/>
    <link:loc xlink:type="locator" xlink:href="../../../../full_ifrs-cor_2014-03-05.xsd#ifrs-full_OtherExpenseByNature" xlink:label="OtherExpenseByNature"/>
    <link:definitionArc xlink:type="arc" xlink:arcrole="http://xbrl.org/int/dim/arcrole/domain-member" xlink:from="ProfitLossAbstract" xlink:to="OtherExpenseByNature" order="12.0"/>
    <link:loc xlink:type="locator" xlink:href="../../../../full_ifrs-cor_2014-03-05.xsd#ifrs-full_DepreciationAndAmortisationExpenseAbstract" xlink:label="DepreciationAndAmortisationExpenseAbstract_2" xlink:title="DepreciationAndAmortisationExpenseAbstract"/>
    <link:definitionArc xlink:type="arc" xlink:arcrole="http://xbrl.org/int/dim/arcrole/domain-member" xlink:from="ProfitLossAbstract" xlink:to="DepreciationAndAmortisationExpenseAbstract_2" xlink:title="definition: ProfitLossAbstract to DepreciationAndAmortisationExpenseAbstract" order="10.0"/>
    <link:loc xlink:type="locator" xlink:href="../../../../full_ifrs-cor_2014-03-05.xsd#ifrs-full_DepreciationExpense" xlink:label="DepreciationExpense_2" xlink:title="DepreciationExpense"/>
    <link:definitionArc xlink:type="arc" xlink:arcrole="http://xbrl.org/int/dim/arcrole/domain-member" xlink:from="DepreciationAndAmortisationExpenseAbstract_2" xlink:to="DepreciationExpense_2" xlink:title="definition: DepreciationAndAmortisationExpenseAbstract to DepreciationExpense" order="1.0"/>
    <link:loc xlink:type="locator" xlink:href="../../../../full_ifrs-cor_2014-03-05.xsd#ifrs-full_DepreciationAndAmortisationExpense" xlink:label="DepreciationAndAmortisationExpense"/>
    <link:definitionArc xlink:type="arc" xlink:arcrole="http://xbrl.org/int/dim/arcrole/domain-member" xlink:from="DepreciationAndAmortisationExpenseAbstract_2" xlink:to="DepreciationAndAmortisationExpense" xlink:title="definition: DepreciationAndAmortisationExpenseAbstract to DepreciationAndAmortisationExpense" order="3.0"/>
    <link:loc xlink:type="locator" xlink:href="../../../../full_ifrs-cor_2014-03-05.xsd#ifrs-full_AmortisationExpense" xlink:label="AmortisationExpense_2" xlink:title="AmortisationExpense"/>
    <link:definitionArc xlink:type="arc" xlink:arcrole="http://xbrl.org/int/dim/arcrole/domain-member" xlink:from="DepreciationAndAmortisationExpenseAbstract_2" xlink:to="AmortisationExpense_2" xlink:title="definition: DepreciationAndAmortisationExpenseAbstract to AmortisationExpense" order="2.0"/>
    <link:loc xlink:type="locator" xlink:href="../../ifrs-dk-cor_2014-12-20.xsd#ifrs-dk_ExternalExpensesAbstract" xlink:label="ExternalExpensesAbstract" xlink:title="ExternalExpensesAbstract"/>
    <link:definitionArc xlink:type="arc" xlink:arcrole="http://xbrl.org/int/dim/arcrole/domain-member" xlink:from="ProfitLossAbstract" xlink:to="ExternalExpensesAbstract" xlink:title="definition: ProfitLossAbstract to ExternalExpensesAbstract" order="7.0"/>
    <link:loc xlink:type="locator" xlink:href="../../../../full_ifrs-cor_2014-03-05.xsd#ifrs-full_RawMaterialsAndConsumablesUsed" xlink:label="RawMaterialsAndConsumablesUsed"/>
    <link:definitionArc xlink:type="arc" xlink:arcrole="http://xbrl.org/int/dim/arcrole/domain-member" xlink:from="ExternalExpensesAbstract" xlink:to="RawMaterialsAndConsumablesUsed" xlink:title="definition: ExternalExpensesAbstract to RawMaterialsAndConsumablesUsed" order="1.0"/>
    <link:loc xlink:type="locator" xlink:href="../../ifrs-dk-cor_2014-12-20.xsd#ifrs-dk_ExternalExpenses" xlink:label="ExternalExpenses" xlink:title="ExternalExpenses"/>
    <link:definitionArc xlink:type="arc" xlink:arcrole="http://xbrl.org/int/dim/arcrole/domain-member" xlink:from="ExternalExpensesAbstract" xlink:to="ExternalExpenses" xlink:title="definition: ExternalExpensesAbstract to ExternalExpenses" order="4.0"/>
    <link:loc xlink:type="locator" xlink:href="../../ifrs-dk-cor_2014-12-20.xsd#ifrs-dk_OtherExternalExpenses" xlink:label="OtherExternalExpenses" xlink:title="OtherExternalExpenses"/>
    <link:definitionArc xlink:type="arc" xlink:arcrole="http://xbrl.org/int/dim/arcrole/domain-member" xlink:from="ExternalExpensesAbstract" xlink:to="OtherExternalExpenses" xlink:title="definition: ExternalExpensesAbstract to OtherExternalExpenses" order="3.0"/>
    <link:loc xlink:type="locator" xlink:href="../../ifrs-dk-cor_2014-12-20.xsd#ifrs-dk_DepreciationAmortisationExpenseAndImpairmentLossesOfPropertyPlantAndEquipmentAndIntangibleAssetsRecognisedInProfitOrLossAbstract" xlink:label="DepreciationAmortisationExpenseAndImpairmentLossesOfPropertyPlantAndEquipmentAndIntangibleAssetsRecognisedInProfitOrLossAbstract" xlink:title="DepreciationAmortisationExpenseAndImpairmentLossesOfPropertyPlantAndEquipmentAndIntangibleAssetsRecognisedInProfitOrLossAbstract"/>
    <link:definitionArc xlink:type="arc" xlink:arcrole="http://xbrl.org/int/dim/arcrole/domain-member" xlink:from="ProfitLossAbstract" xlink:to="DepreciationAmortisationExpenseAndImpairmentLossesOfPropertyPlantAndEquipmentAndIntangibleAssetsRecognisedInProfitOrLossAbstract" xlink:title="definition: ProfitLossAbstract to DepreciationAmortisationExpenseAndImpairmentLossesOfPropertyPlantAndEquipmentAndIntangibleAssetsRecognisedInProfitOrLossAbstract" order="11.5"/>
    <link:loc xlink:type="locator" xlink:href="../../ifrs-dk-cor_2014-12-20.xsd#ifrs-dk_DepreciationAmortisationExpenseAndImpairmentLossesOfPropertyPlantAndEquipmentAndIntangibleAssetsRecognisedInProfitOrLoss" xlink:label="DepreciationAmortisationExpenseAndImpairmentLossesOfPropertyPlantAndEquipmentAndIntangibleAssetsRecognisedInProfitOrLoss" xlink:title="DepreciationAmortisationExpenseAndImpairmentLossesOfPropertyPlantAndEquipmentAndIntangibleAssetsRecognisedInProfitOrLoss"/>
    <link:definitionArc xlink:type="arc" xlink:arcrole="http://xbrl.org/int/dim/arcrole/domain-member" xlink:from="DepreciationAmortisationExpenseAndImpairmentLossesOfPropertyPlantAndEquipmentAndIntangibleAssetsRecognisedInProfitOrLossAbstract" xlink:to="DepreciationAmortisationExpenseAndImpairmentLossesOfPropertyPlantAndEquipmentAndIntangibleAssetsRecognisedInProfitOrLoss" xlink:title="definition: DepreciationAmortisationExpenseAndImpairmentLossesOfPropertyPlantAndEquipmentAndIntangibleAssetsRecognisedInProfitOrLossAbstract to DepreciationAmortisationExpenseAndImpairmentLossesOfPropertyPlantAndEquipmentAndIntangibleAssetsRecognisedInProfitOrLoss" order="4.0"/>
    <link:loc xlink:type="locator" xlink:href="../../ifrs-dk-cor_2014-12-20.xsd#ifrs-dk_DepreciationAmortisationExpenseAndImpairmentLossesOfPropertyPlantAndEquipmentRecognisedInProfitOrLoss" xlink:label="DepreciationAmortisationExpenseAndImpairmentLossesOfPropertyPlantAndEquipmentRecognisedInProfitOrLoss" xlink:title="DepreciationAmortisationExpenseAndImpairmentLossesOfPropertyPlantAndEquipmentRecognisedInProfitOrLoss"/>
    <link:definitionArc xlink:type="arc" xlink:arcrole="http://xbrl.org/int/dim/arcrole/domain-member" xlink:from="DepreciationAmortisationExpenseAndImpairmentLossesOfPropertyPlantAndEquipmentAndIntangibleAssetsRecognisedInProfitOrLossAbstract" xlink:to="DepreciationAmortisationExpenseAndImpairmentLossesOfPropertyPlantAndEquipmentRecognisedInProfitOrLoss" xlink:title="definition: DepreciationAmortisationExpenseAndImpairmentLossesOfPropertyPlantAndEquipmentAndIntangibleAssetsRecognisedInProfitOrLossAbstract to DepreciationAmortisationExpenseAndImpairmentLossesOfPropertyPlantAndEquipmentRecognisedInProfitOrLoss" order="2.0"/>
    <link:loc xlink:type="locator" xlink:href="../../ifrs-dk-cor_2014-12-20.xsd#ifrs-dk_DepreciationAmortisationExpenseAndImpairmentLossesOfIntangibleAssetsRecognisedInProfitOrLoss" xlink:label="DepreciationAmortisationExpenseAndImpairmentLossesOfIntangibleAssetsRecognisedInProfitOrLoss" xlink:title="DepreciationAmortisationExpenseAndImpairmentLossesOfIntangibleAssetsRecognisedInProfitOrLoss"/>
    <link:definitionArc xlink:type="arc" xlink:arcrole="http://xbrl.org/int/dim/arcrole/domain-member" xlink:from="DepreciationAmortisationExpenseAndImpairmentLossesOfPropertyPlantAndEquipmentAndIntangibleAssetsRecognisedInProfitOrLossAbstract" xlink:to="DepreciationAmortisationExpenseAndImpairmentLossesOfIntangibleAssetsRecognisedInProfitOrLoss" xlink:title="definition: DepreciationAmortisationExpenseAndImpairmentLossesOfPropertyPlantAndEquipmentAndIntangibleAssetsRecognisedInProfitOrLossAbstract to DepreciationAmortisationExpenseAndImpairmentLossesOfIntangibleAssetsRecognisedInProfitOrLoss" order="3.0"/>
    <link:loc xlink:type="locator" xlink:href="../../ifrs-dk-cor_2014-12-20.xsd#ifrs-dk_ImpairmentOfFinancialAssets" xlink:label="ImpairmentOfFinancialAssets" xlink:title="ImpairmentOfFinancialAssets"/>
    <link:definitionArc xlink:type="arc" xlink:arcrole="http://xbrl.org/int/dim/arcrole/domain-member" xlink:from="ProfitLossAbstract" xlink:to="ImpairmentOfFinancialAssets" xlink:title="definition: ProfitLossAbstract to ImpairmentOfFinancialAssets" order="11.6"/>
    <link:loc xlink:type="locator" xlink:href="../../ifrs-dk-cor_2014-12-20.xsd#ifrs-dk_ImpairmentOfGoodwill" xlink:label="ImpairmentOfGoodwill" xlink:title="ImpairmentOfGoodwill"/>
    <link:definitionArc xlink:type="arc" xlink:arcrole="http://xbrl.org/int/dim/arcrole/domain-member" xlink:from="ProfitLossAbstract" xlink:to="ImpairmentOfGoodwill" xlink:title="definition: ProfitLossAbstract to ImpairmentOfGoodwill" order="11.8"/>
    <link:loc xlink:type="locator" xlink:href="../../ifrs-dk-cor_2014-12-20.xsd#ifrs-dk_ProfitLossFromOperatingActivitiesBeforeDeprecitionAndAmortisationExpenses" xlink:label="ProfitLossFromOperatingActivitiesBeforeDeprecitionAndAmortisationExpenses" xlink:title="ProfitLossFromOperatingActivitiesBeforeDeprecitionAndAmortisationExpenses"/>
    <link:definitionArc xlink:type="arc" xlink:arcrole="http://xbrl.org/int/dim/arcrole/domain-member" xlink:from="ProfitLossAbstract" xlink:to="ProfitLossFromOperatingActivitiesBeforeDeprecitionAndAmortisationExpenses" xlink:title="definition: ProfitLossAbstract to ProfitLossFromOperatingActivitiesBeforeDeprecitionAndAmortisationExpenses" order="9.5"/>
    <link:loc xlink:type="locator" xlink:href="../../ifrs-dk-cor_2014-12-20.xsd#ifrs-dk_DepreciationOfTransferRights" xlink:label="DepreciationOfTransferRights" xlink:title="DepreciationOfTransferRights"/>
    <link:definitionArc xlink:type="arc" xlink:arcrole="http://xbrl.org/int/dim/arcrole/domain-member" xlink:from="ProfitLossAbstract" xlink:to="DepreciationOfTransferRights" xlink:title="definition: ProfitLossAbstract to DepreciationOfTransferRights" order="11.7"/>
    <link:loc xlink:type="locator" xlink:href="../../../../full_ifrs-cor_2014-03-05.xsd#ifrs-full_ProfitLossAttributableToAbstract" xlink:label="ProfitLossAttributableToAbstract"/>
    <link:definitionArc xlink:type="arc" xlink:arcrole="http://xbrl.org/int/dim/arcrole/domain-member" xlink:from="IncomeStatementAbstract" xlink:to="ProfitLossAttributableToAbstract" order="2.0"/>
    <link:loc xlink:type="locator" xlink:href="../../../../full_ifrs-cor_2014-03-05.xsd#ifrs-full_ProfitLossAttributableToOwnersOfParent" xlink:label="ProfitLossAttributableToOwnersOfParent"/>
    <link:definitionArc xlink:type="arc" xlink:arcrole="http://xbrl.org/int/dim/arcrole/domain-member" xlink:from="ProfitLossAttributableToAbstract" xlink:to="ProfitLossAttributableToOwnersOfParent" order="1.0"/>
    <link:loc xlink:type="locator" xlink:href="../../../../full_ifrs-cor_2014-03-05.xsd#ifrs-full_ProfitLossAttributableToNoncontrollingInterests" xlink:label="ProfitLossAttributableToNoncontrollingInterests"/>
    <link:definitionArc xlink:type="arc" xlink:arcrole="http://xbrl.org/int/dim/arcrole/domain-member" xlink:from="ProfitLossAttributableToAbstract" xlink:to="ProfitLossAttributableToNoncontrollingInterests" order="2.0"/>
    <link:definitionArc xlink:type="arc" xlink:arcrole="http://xbrl.org/int/dim/arcrole/all" xlink:from="IncomeStatementAbstract" xlink:to="CommonTable" xlink:title="definition: IncomeStatementAbstract to CommonTable" order="4.0" xbrldt:contextElement="scenario"/>
  </link:definitionLink>
</link:linkbase>
