<?xml version="1.0" encoding="UTF-8"?>
<!-- Generated by Fujitsu Interstage XWand B0209 -->
<?officialURI http://archprod.service.eogs.dk/taxonomy/20151001/dst/001dst_pre.xml?>

<?taxonomy-version 1.6.0?>

<link:linkbase xmlns:xsi="http://www.w3.org/2001/XMLSchema-instance" xsi:schemaLocation="http://www.xbrl.org/2003/linkbase http://www.xbrl.org/2003/xbrl-linkbase-2003-12-31.xsd" xmlns:link="http://www.xbrl.org/2003/linkbase" xmlns:tch="http://xbrl.dcca.dk/tch" xmlns:entry="http://xbrl.dcca.dk/entryBalanceSheetAccountByCurrentAndLongTermFormIncomeStatementByNature" xmlns:xlink="http://www.w3.org/1999/xlink" xmlns:xbrli="http://www.xbrl.org/2003/instance" xmlns:xbrldt="http://xbrl.org/2005/xbrldt">
  <link:roleRef roleURI="http://xbrl.dcca.dk/role/001.00/InformationForStatisticsDenmark" xlink:type="simple" xlink:href="dst.xsd#dst_RoleInformationForStatisticsDenmark"/>
  <link:presentationLink xlink:type="extended" xlink:role="http://xbrl.dcca.dk/role/001.00/InformationForStatisticsDenmark">
    <link:loc xlink:type="locator" xlink:href="../cmn.xsd#cmn_CommonHypercube" xlink:label="CommonHypercube"/>
    <link:loc xlink:type="locator" xlink:href="../cmn.xsd#cmn_ConsolidatedSoloDimension" xlink:label="ConsolidatedSoloDimension"/>
    <link:presentationArc xlink:type="arc" xlink:arcrole="http://www.xbrl.org/2003/arcrole/parent-child" xlink:from="CommonHypercube" xlink:to="ConsolidatedSoloDimension" order="10.0"/>
    <link:loc xlink:type="locator" xlink:href="../cmn.xsd#cmn_ConsolidatedMember" xlink:label="ConsolidatedMember"/>
    <link:presentationArc xlink:type="arc" xlink:arcrole="http://www.xbrl.org/2003/arcrole/parent-child" xlink:from="ConsolidatedSoloDimension" xlink:to="ConsolidatedMember" order="10.0"/>
    <link:loc xlink:type="locator" xlink:href="../cmn.xsd#cmn_SoloMember" xlink:label="SoloMember"/>
    <link:presentationArc xlink:type="arc" xlink:arcrole="http://www.xbrl.org/2003/arcrole/parent-child" xlink:from="ConsolidatedSoloDimension" xlink:to="SoloMember" order="20.0"/>
    <link:loc xlink:type="locator" xlink:href="dst.xsd#dst_InformationForStatisticsDenmarkAbstract" xlink:label="InformationForStatisticsDenmarkAbstract"/>
    <link:presentationArc xlink:type="arc" xlink:arcrole="http://www.xbrl.org/2003/arcrole/parent-child" xlink:from="InformationForStatisticsDenmarkAbstract" xlink:to="CommonHypercube" order="10.0"/>
    <link:loc xlink:type="locator" xlink:href="../gsd/gsd.xsd#gsd_ReportingPeriodEndDate" xlink:label="ReportingPeriodEndDate"/>
    <link:presentationArc xlink:type="arc" xlink:arcrole="http://www.xbrl.org/2003/arcrole/parent-child" xlink:from="InformationForStatisticsDenmarkAbstract" xlink:to="ReportingPeriodEndDate" order="30.0"/>
    <link:loc xlink:type="locator" xlink:href="../gsd/gsd.xsd#gsd_ReportingPeriodStartDate" xlink:label="ReportingPeriodStartDate"/>
    <link:presentationArc xlink:type="arc" xlink:arcrole="http://www.xbrl.org/2003/arcrole/parent-child" xlink:from="InformationForStatisticsDenmarkAbstract" xlink:to="ReportingPeriodStartDate" order="40.0"/>
    <link:loc xlink:type="locator" xlink:href="dst.xsd#dst_FeedbackAbstract" xlink:label="FeedbackAbstract"/>
    <link:presentationArc xlink:type="arc" xlink:arcrole="http://www.xbrl.org/2003/arcrole/parent-child" xlink:from="InformationForStatisticsDenmarkAbstract" xlink:to="FeedbackAbstract" order="50.0"/>
    <link:loc xlink:type="locator" xlink:href="dst.xsd#dst_RequestForFreeCopyOfStatisticsInReturnForHelp" xlink:label="RequestForFreeCopyOfStatisticsInReturnForHelp"/>
    <link:presentationArc xlink:type="arc" xlink:arcrole="http://www.xbrl.org/2003/arcrole/parent-child" xlink:from="FeedbackAbstract" xlink:to="RequestForFreeCopyOfStatisticsInReturnForHelp" use="optional" order="10.0"/>
    <link:loc xlink:type="locator" xlink:href="dst.xsd#dst_NameAndSurnameOfContactPerson" xlink:label="NameAndSurnameOfContactPerson"/>
    <link:presentationArc xlink:type="arc" xlink:arcrole="http://www.xbrl.org/2003/arcrole/parent-child" xlink:from="FeedbackAbstract" xlink:to="NameAndSurnameOfContactPerson" use="optional" order="20.0"/>
    <link:loc xlink:type="locator" xlink:href="dst.xsd#dst_ContactEmailAddress" xlink:label="ContactEmailAddress"/>
    <link:presentationArc xlink:type="arc" xlink:arcrole="http://www.xbrl.org/2003/arcrole/parent-child" xlink:from="FeedbackAbstract" xlink:to="ContactEmailAddress" use="optional" order="30.0"/>
    <link:loc xlink:type="locator" xlink:href="dst.xsd#dst_ContactTelephoneNumber" xlink:label="ContactTelephoneNumber"/>
    <link:presentationArc xlink:type="arc" xlink:arcrole="http://www.xbrl.org/2003/arcrole/parent-child" xlink:from="FeedbackAbstract" xlink:to="ContactTelephoneNumber" use="optional" order="40.0"/>
    <link:loc xlink:type="locator" xlink:href="dst.xsd#dst_ContactTelephoneNumberExtension" xlink:label="ContactTelephoneNumberExtension"/>
    <link:presentationArc xlink:type="arc" xlink:arcrole="http://www.xbrl.org/2003/arcrole/parent-child" xlink:from="FeedbackAbstract" xlink:to="ContactTelephoneNumberExtension" use="optional" order="50.0"/>
    <link:loc xlink:type="locator" xlink:href="dst.xsd#dst_IncomeStatementAbstract" xlink:label="IncomeStatementAbstract"/>
    <link:presentationArc xlink:type="arc" xlink:arcrole="http://www.xbrl.org/2003/arcrole/parent-child" xlink:from="InformationForStatisticsDenmarkAbstract" xlink:to="IncomeStatementAbstract" order="60.0"/>
    <link:loc xlink:type="locator" xlink:href="dst.xsd#dst_OrdinaryProfilLossBeforeFinancialAndExtraordinaryItemsAbstract" xlink:label="OrdinaryProfilLossBeforeFinancialAndExtraordinaryItemsAbstract"/>
    <link:presentationArc xlink:type="arc" xlink:arcrole="http://www.xbrl.org/2003/arcrole/parent-child" xlink:from="IncomeStatementAbstract" xlink:to="OrdinaryProfilLossBeforeFinancialAndExtraordinaryItemsAbstract" order="10.0"/>
    <link:loc xlink:type="locator" xlink:href="../fsa/fsa.xsd#fsa_Revenue" xlink:label="Revenue"/>
    <link:presentationArc xlink:type="arc" xlink:arcrole="http://www.xbrl.org/2003/arcrole/parent-child" xlink:from="OrdinaryProfilLossBeforeFinancialAndExtraordinaryItemsAbstract" xlink:to="Revenue" order="10.0"/>
    <link:loc xlink:type="locator" xlink:href="../fsa/fsa.xsd#fsa_WorkPerformedByEntityAndCapitalised" xlink:label="WorkPerformedByEntityAndCapitalised"/>
    <link:presentationArc xlink:type="arc" xlink:arcrole="http://www.xbrl.org/2003/arcrole/parent-child" xlink:from="OrdinaryProfilLossBeforeFinancialAndExtraordinaryItemsAbstract" xlink:to="WorkPerformedByEntityAndCapitalised" order="20.0"/>
    <link:loc xlink:type="locator" xlink:href="../fsa/fsa.xsd#fsa_OtherOperatingIncome" xlink:label="OtherOperatingIncome"/>
    <link:presentationArc xlink:type="arc" xlink:arcrole="http://www.xbrl.org/2003/arcrole/parent-child" xlink:from="OrdinaryProfilLossBeforeFinancialAndExtraordinaryItemsAbstract" xlink:to="OtherOperatingIncome" order="30.0"/>
    <link:loc xlink:type="locator" xlink:href="dst.xsd#dst_IncreaseDecreaseOfInventories" xlink:label="IncreaseDecreaseOfInventories"/>
    <link:presentationArc xlink:type="arc" xlink:arcrole="http://www.xbrl.org/2003/arcrole/parent-child" xlink:from="OrdinaryProfilLossBeforeFinancialAndExtraordinaryItemsAbstract" xlink:to="IncreaseDecreaseOfInventories" use="optional" order="40.0"/>
    <link:loc xlink:type="locator" xlink:href="dst.xsd#dst_PurchaseOfGoodsForResale" xlink:label="PurchaseOfGoodsForResale"/>
    <link:presentationArc xlink:type="arc" xlink:arcrole="http://www.xbrl.org/2003/arcrole/parent-child" xlink:from="OrdinaryProfilLossBeforeFinancialAndExtraordinaryItemsAbstract" xlink:to="PurchaseOfGoodsForResale" order="50.0"/>
    <link:loc xlink:type="locator" xlink:href="dst.xsd#dst_PurchaseOfRawMaterialsConsumablesAndPackagingMaterials" xlink:label="PurchaseOfRawMaterialsConsumablesAndPackagingMaterials"/>
    <link:presentationArc xlink:type="arc" xlink:arcrole="http://www.xbrl.org/2003/arcrole/parent-child" xlink:from="OrdinaryProfilLossBeforeFinancialAndExtraordinaryItemsAbstract" xlink:to="PurchaseOfRawMaterialsConsumablesAndPackagingMaterials" use="optional" order="60.0"/>
    <link:loc xlink:type="locator" xlink:href="dst.xsd#dst_PurchaseOfEnergyProductsElectricityAndFuelsExcludingEnergyProductsForRegisteredMotorVehicles" xlink:label="PurchaseOfEnergyProductsElectricityAndFuelsExcludingEnergyProductsForRegisteredMotorVehicles"/>
    <link:presentationArc xlink:type="arc" xlink:arcrole="http://www.xbrl.org/2003/arcrole/parent-child" xlink:from="OrdinaryProfilLossBeforeFinancialAndExtraordinaryItemsAbstract" xlink:to="PurchaseOfEnergyProductsElectricityAndFuelsExcludingEnergyProductsForRegisteredMotorVehicles" use="optional" order="70.0"/>
    <link:loc xlink:type="locator" xlink:href="dst.xsd#dst_CostOfSubcontractorsAndOtherWorkDoneByOthersNonemployeesOnEntityMaterials" xlink:label="CostOfSubcontractorsAndOtherWorkDoneByOthersNonemployeesOnEntityMaterials"/>
    <link:presentationArc xlink:type="arc" xlink:arcrole="http://www.xbrl.org/2003/arcrole/parent-child" xlink:from="OrdinaryProfilLossBeforeFinancialAndExtraordinaryItemsAbstract" xlink:to="CostOfSubcontractorsAndOtherWorkDoneByOthersNonemployeesOnEntityMaterials" use="optional" order="80.0"/>
    <link:loc xlink:type="locator" xlink:href="dst.xsd#dst_RentPaidExcludingHeatingBill" xlink:label="RentPaidExcludingHeatingBill"/>
    <link:presentationArc xlink:type="arc" xlink:arcrole="http://www.xbrl.org/2003/arcrole/parent-child" xlink:from="OrdinaryProfilLossBeforeFinancialAndExtraordinaryItemsAbstract" xlink:to="RentPaidExcludingHeatingBill" use="optional" order="90.0"/>
    <link:loc xlink:type="locator" xlink:href="dst.xsd#dst_CostOfMinorEquipmentAndFixturesNotCapitalised" xlink:label="CostOfMinorEquipmentAndFixturesNotCapitalised"/>
    <link:presentationArc xlink:type="arc" xlink:arcrole="http://www.xbrl.org/2003/arcrole/parent-child" xlink:from="OrdinaryProfilLossBeforeFinancialAndExtraordinaryItemsAbstract" xlink:to="CostOfMinorEquipmentAndFixturesNotCapitalised" use="optional" order="100.0"/>
    <link:loc xlink:type="locator" xlink:href="dst.xsd#dst_PaymentsForTemporaryWorkersProvidedFromAnotherEnterprise" xlink:label="PaymentsForTemporaryWorkersProvidedFromAnotherEnterprise"/>
    <link:presentationArc xlink:type="arc" xlink:arcrole="http://www.xbrl.org/2003/arcrole/parent-child" xlink:from="OrdinaryProfilLossBeforeFinancialAndExtraordinaryItemsAbstract" xlink:to="PaymentsForTemporaryWorkersProvidedFromAnotherEnterprise" use="optional" order="110.0"/>
    <link:loc xlink:type="locator" xlink:href="dst.xsd#dst_PaymentsForLongtermRentalAndOperationalLeasingOfGoods" xlink:label="PaymentsForLongtermRentalAndOperationalLeasingOfGoods"/>
    <link:presentationArc xlink:type="arc" xlink:arcrole="http://www.xbrl.org/2003/arcrole/parent-child" xlink:from="OrdinaryProfilLossBeforeFinancialAndExtraordinaryItemsAbstract" xlink:to="PaymentsForLongtermRentalAndOperationalLeasingOfGoods" use="optional" order="120.0"/>
    <link:loc xlink:type="locator" xlink:href="../cmn.xsd#cmn_OrdinaryWriteoffsInRespectOfDebtors" xlink:label="OrdinaryWriteoffsInRespectOfDebtors"/>
    <link:presentationArc xlink:type="arc" xlink:arcrole="http://www.xbrl.org/2003/arcrole/parent-child" xlink:from="OrdinaryProfilLossBeforeFinancialAndExtraordinaryItemsAbstract" xlink:to="OrdinaryWriteoffsInRespectOfDebtors" use="optional" order="130.0"/>
    <link:loc xlink:type="locator" xlink:href="dst.xsd#dst_OtherExternalChargesExcludingSecondary" xlink:label="OtherExternalChargesExcludingSecondary"/>
    <link:presentationArc xlink:type="arc" xlink:arcrole="http://www.xbrl.org/2003/arcrole/parent-child" xlink:from="OrdinaryProfilLossBeforeFinancialAndExtraordinaryItemsAbstract" xlink:to="OtherExternalChargesExcludingSecondary" use="optional" order="140.0"/>
    <link:loc xlink:type="locator" xlink:href="../fsa/fsa.xsd#fsa_WagesAndSalaries" xlink:label="WagesAndSalaries"/>
    <link:presentationArc xlink:type="arc" xlink:arcrole="http://www.xbrl.org/2003/arcrole/parent-child" xlink:from="OrdinaryProfilLossBeforeFinancialAndExtraordinaryItemsAbstract" xlink:to="WagesAndSalaries" order="150.0"/>
    <link:loc xlink:type="locator" xlink:href="../fsa/fsa.xsd#fsa_PostemploymentBenefitExpense" xlink:label="PostemploymentBenefitExpense"/>
    <link:presentationArc xlink:type="arc" xlink:arcrole="http://www.xbrl.org/2003/arcrole/parent-child" xlink:from="OrdinaryProfilLossBeforeFinancialAndExtraordinaryItemsAbstract" xlink:to="PostemploymentBenefitExpense" order="160.0"/>
    <link:loc xlink:type="locator" xlink:href="../fsa/fsa.xsd#fsa_SocialSecurityContributions" xlink:label="SocialSecurityContributions"/>
    <link:presentationArc xlink:type="arc" xlink:arcrole="http://www.xbrl.org/2003/arcrole/parent-child" xlink:from="OrdinaryProfilLossBeforeFinancialAndExtraordinaryItemsAbstract" xlink:to="SocialSecurityContributions" order="170.0"/>
    <link:loc xlink:type="locator" xlink:href="../fsa/fsa.xsd#fsa_DepreciationAmortisationExpenseAndImpairmentLossesOfPropertyPlantAndEquipmentAndIntangibleAssetsRecognisedInProfitOrLoss" xlink:label="DepreciationAmortisationExpenseAndImpairmentLossesOfPropertyPlantAndEquipmentAndIntangibleAssetsRecognisedInProfitOrLoss"/>
    <link:presentationArc xlink:type="arc" xlink:arcrole="http://www.xbrl.org/2003/arcrole/parent-child" xlink:from="OrdinaryProfilLossBeforeFinancialAndExtraordinaryItemsAbstract" xlink:to="DepreciationAmortisationExpenseAndImpairmentLossesOfPropertyPlantAndEquipmentAndIntangibleAssetsRecognisedInProfitOrLoss" order="180.0"/>
    <link:loc xlink:type="locator" xlink:href="../fsa/fsa.xsd#fsa_WritedownsOfCurrentAssetsOtherThanCurrentFinancialAssets" xlink:label="WritedownsOfCurrentAssetsOtherThanCurrentFinancialAssets"/>
    <link:presentationArc xlink:type="arc" xlink:arcrole="http://www.xbrl.org/2003/arcrole/parent-child" xlink:from="OrdinaryProfilLossBeforeFinancialAndExtraordinaryItemsAbstract" xlink:to="WritedownsOfCurrentAssetsOtherThanCurrentFinancialAssets" order="190.0"/>
    <link:loc xlink:type="locator" xlink:href="dst.xsd#dst_OtherOperatingChargesOfNontradingType" xlink:label="OtherOperatingChargesOfNontradingType"/>
    <link:presentationArc xlink:type="arc" xlink:arcrole="http://www.xbrl.org/2003/arcrole/parent-child" xlink:from="OrdinaryProfilLossBeforeFinancialAndExtraordinaryItemsAbstract" xlink:to="OtherOperatingChargesOfNontradingType" use="optional" order="200.0"/>
    <link:loc xlink:type="locator" xlink:href="dst.xsd#dst_ProfitLossBeforeFinancialAndExtraordinaryItems" xlink:label="ProfitLossBeforeFinancialAndExtraordinaryItems"/>
    <link:presentationArc xlink:type="arc" xlink:arcrole="http://www.xbrl.org/2003/arcrole/parent-child" xlink:from="OrdinaryProfilLossBeforeFinancialAndExtraordinaryItemsAbstract" xlink:to="ProfitLossBeforeFinancialAndExtraordinaryItems" use="optional" order="210.0"/>
    <link:loc xlink:type="locator" xlink:href="dst.xsd#dst_FinancialItemsAbstract" xlink:label="FinancialItemsAbstract"/>
    <link:presentationArc xlink:type="arc" xlink:arcrole="http://www.xbrl.org/2003/arcrole/parent-child" xlink:from="IncomeStatementAbstract" xlink:to="FinancialItemsAbstract" order="20.0"/>
    <link:loc xlink:type="locator" xlink:href="dst.xsd#dst_IncomeFromParticipatingInterests" xlink:label="IncomeFromParticipatingInterests"/>
    <link:presentationArc xlink:type="arc" xlink:arcrole="http://www.xbrl.org/2003/arcrole/parent-child" xlink:from="FinancialItemsAbstract" xlink:to="IncomeFromParticipatingInterests" use="optional" order="10.0"/>
    <link:loc xlink:type="locator" xlink:href="dst.xsd#dst_DividendsReceivedOnOtherNoncurrentFinancialAssets" xlink:label="DividendsReceivedOnOtherNoncurrentFinancialAssets"/>
    <link:presentationArc xlink:type="arc" xlink:arcrole="http://www.xbrl.org/2003/arcrole/parent-child" xlink:from="FinancialItemsAbstract" xlink:to="DividendsReceivedOnOtherNoncurrentFinancialAssets" use="optional" order="20.0"/>
    <link:loc xlink:type="locator" xlink:href="dst.xsd#dst_InterestReceivedOnNoncurrentFinancialAssets" xlink:label="InterestReceivedOnNoncurrentFinancialAssets"/>
    <link:presentationArc xlink:type="arc" xlink:arcrole="http://www.xbrl.org/2003/arcrole/parent-child" xlink:from="FinancialItemsAbstract" xlink:to="InterestReceivedOnNoncurrentFinancialAssets" use="optional" order="30.0"/>
    <link:loc xlink:type="locator" xlink:href="dst.xsd#dst_InterestReceivedOnCurrentAssets" xlink:label="InterestReceivedOnCurrentAssets"/>
    <link:presentationArc xlink:type="arc" xlink:arcrole="http://www.xbrl.org/2003/arcrole/parent-child" xlink:from="FinancialItemsAbstract" xlink:to="InterestReceivedOnCurrentAssets" use="optional" order="40.0"/>
    <link:loc xlink:type="locator" xlink:href="../fsa/fsa.xsd#fsa_ImpairmentOfFinancialAssets" xlink:label="ImpairmentOfFinancialAssets"/>
    <link:presentationArc xlink:type="arc" xlink:arcrole="http://www.xbrl.org/2003/arcrole/parent-child" xlink:from="FinancialItemsAbstract" xlink:to="ImpairmentOfFinancialAssets" order="50.0"/>
    <link:loc xlink:type="locator" xlink:href="dst.xsd#dst_InterestPayableAndSimilarCharges" xlink:label="InterestPayableAndSimilarCharges"/>
    <link:presentationArc xlink:type="arc" xlink:arcrole="http://www.xbrl.org/2003/arcrole/parent-child" xlink:from="FinancialItemsAbstract" xlink:to="InterestPayableAndSimilarCharges" use="optional" order="60.0"/>
    <link:loc xlink:type="locator" xlink:href="dst.xsd#dst_ExtraordinaryItemsAbstract" xlink:label="ExtraordinaryItemsAbstract"/>
    <link:presentationArc xlink:type="arc" xlink:arcrole="http://www.xbrl.org/2003/arcrole/parent-child" xlink:from="IncomeStatementAbstract" xlink:to="ExtraordinaryItemsAbstract" order="30.0"/>
    <link:loc xlink:type="locator" xlink:href="../fsa/fsa.xsd#fsa_ExtraordinaryIncome" xlink:label="ExtraordinaryIncome"/>
    <link:presentationArc xlink:type="arc" xlink:arcrole="http://www.xbrl.org/2003/arcrole/parent-child" xlink:from="ExtraordinaryItemsAbstract" xlink:to="ExtraordinaryIncome" order="10.0"/>
    <link:loc xlink:type="locator" xlink:href="../fsa/fsa.xsd#fsa_ExtraordinaryExpenses" xlink:label="ExtraordinaryExpenses"/>
    <link:presentationArc xlink:type="arc" xlink:arcrole="http://www.xbrl.org/2003/arcrole/parent-child" xlink:from="ExtraordinaryItemsAbstract" xlink:to="ExtraordinaryExpenses" order="20.0"/>
    <link:loc xlink:type="locator" xlink:href="../fsa/fsa.xsd#fsa_ProfitLossFromOrdinaryActivitiesBeforeTax" xlink:label="ProfitLossFromOrdinaryActivitiesBeforeTax"/>
    <link:presentationArc xlink:type="arc" xlink:arcrole="http://www.xbrl.org/2003/arcrole/parent-child" xlink:from="ExtraordinaryItemsAbstract" xlink:to="ProfitLossFromOrdinaryActivitiesBeforeTax" order="30.0"/>
    <link:loc xlink:type="locator" xlink:href="../fsa/fsa.xsd#fsa_TaxExpense" xlink:label="TaxExpense"/>
    <link:presentationArc xlink:type="arc" xlink:arcrole="http://www.xbrl.org/2003/arcrole/parent-child" xlink:from="ExtraordinaryItemsAbstract" xlink:to="TaxExpense" order="40.0"/>
    <link:loc xlink:type="locator" xlink:href="../fsa/fsa.xsd#fsa_ProfitLoss" xlink:label="ProfitLoss"/>
    <link:presentationArc xlink:type="arc" xlink:arcrole="http://www.xbrl.org/2003/arcrole/parent-child" xlink:from="ExtraordinaryItemsAbstract" xlink:to="ProfitLoss" order="50.0"/>
    <link:loc xlink:type="locator" xlink:href="dst.xsd#dst_AppropriationOfProfitOrTreatmentOfLossAbstract" xlink:label="AppropriationOfProfitOrTreatmentOfLossAbstract"/>
    <link:presentationArc xlink:type="arc" xlink:arcrole="http://www.xbrl.org/2003/arcrole/parent-child" xlink:from="IncomeStatementAbstract" xlink:to="AppropriationOfProfitOrTreatmentOfLossAbstract" order="40.0"/>
    <link:loc xlink:type="locator" xlink:href="dst.xsd#dst_ProfitRetainedLossSustained" xlink:label="ProfitRetainedLossSustained"/>
    <link:presentationArc xlink:type="arc" xlink:arcrole="http://www.xbrl.org/2003/arcrole/parent-child" xlink:from="AppropriationOfProfitOrTreatmentOfLossAbstract" xlink:to="ProfitRetainedLossSustained" use="optional" order="10.0"/>
    <link:loc xlink:type="locator" xlink:href="dst.xsd#dst_DividendsToShareholdersAndSimilarPaymentsToOwners" xlink:label="DividendsToShareholdersAndSimilarPaymentsToOwners"/>
    <link:presentationArc xlink:type="arc" xlink:arcrole="http://www.xbrl.org/2003/arcrole/parent-child" xlink:from="AppropriationOfProfitOrTreatmentOfLossAbstract" xlink:to="DividendsToShareholdersAndSimilarPaymentsToOwners" use="optional" order="20.0"/>
    <link:loc xlink:type="locator" xlink:href="dst.xsd#dst_BalanceSheetAbstract" xlink:label="BalanceSheetAbstract"/>
    <link:presentationArc xlink:type="arc" xlink:arcrole="http://www.xbrl.org/2003/arcrole/parent-child" xlink:from="InformationForStatisticsDenmarkAbstract" xlink:to="BalanceSheetAbstract" order="70.0"/>
    <link:loc xlink:type="locator" xlink:href="dst.xsd#dst_AssetsAbstract" xlink:label="AssetsAbstract"/>
    <link:presentationArc xlink:type="arc" xlink:arcrole="http://www.xbrl.org/2003/arcrole/parent-child" xlink:from="BalanceSheetAbstract" xlink:to="AssetsAbstract" order="10.0"/>
    <link:loc xlink:type="locator" xlink:href="dst.xsd#dst_FixedAssetsAbstract" xlink:label="FixedAssetsAbstract"/>
    <link:presentationArc xlink:type="arc" xlink:arcrole="http://www.xbrl.org/2003/arcrole/parent-child" xlink:from="AssetsAbstract" xlink:to="FixedAssetsAbstract" order="10.0"/>
    <link:loc xlink:type="locator" xlink:href="../fsa/fsa.xsd#fsa_IntangibleAssets" xlink:label="IntangibleAssets"/>
    <link:presentationArc xlink:type="arc" xlink:arcrole="http://www.xbrl.org/2003/arcrole/parent-child" xlink:from="FixedAssetsAbstract" xlink:to="IntangibleAssets" order="10.0"/>
    <link:loc xlink:type="locator" xlink:href="dst.xsd#dst_TangibleFixedAssetsAbstract" xlink:label="TangibleFixedAssetsAbstract"/>
    <link:presentationArc xlink:type="arc" xlink:arcrole="http://www.xbrl.org/2003/arcrole/parent-child" xlink:from="FixedAssetsAbstract" xlink:to="TangibleFixedAssetsAbstract" order="20.0"/>
    <link:loc xlink:type="locator" xlink:href="../fsa/fsa.xsd#fsa_LandAndBuildings" xlink:label="LandAndBuildings"/>
    <link:presentationArc xlink:type="arc" xlink:arcrole="http://www.xbrl.org/2003/arcrole/parent-child" xlink:from="TangibleFixedAssetsAbstract" xlink:to="LandAndBuildings" order="10.0"/>
    <link:loc xlink:type="locator" xlink:href="../fsa/fsa.xsd#fsa_PlantAndMachinery" xlink:label="PlantAndMachinery"/>
    <link:presentationArc xlink:type="arc" xlink:arcrole="http://www.xbrl.org/2003/arcrole/parent-child" xlink:from="TangibleFixedAssetsAbstract" xlink:to="PlantAndMachinery" order="20.0"/>
    <link:loc xlink:type="locator" xlink:href="../fsa/fsa.xsd#fsa_FixturesFittingsToolsAndEquipment" xlink:label="FixturesFittingsToolsAndEquipment"/>
    <link:presentationArc xlink:type="arc" xlink:arcrole="http://www.xbrl.org/2003/arcrole/parent-child" xlink:from="TangibleFixedAssetsAbstract" xlink:to="FixturesFittingsToolsAndEquipment" order="30.0"/>
    <link:loc xlink:type="locator" xlink:href="../fsa/fsa.xsd#fsa_PropertyPlantAndEquipmentInProgress" xlink:label="PropertyPlantAndEquipmentInProgress"/>
    <link:presentationArc xlink:type="arc" xlink:arcrole="http://www.xbrl.org/2003/arcrole/parent-child" xlink:from="TangibleFixedAssetsAbstract" xlink:to="PropertyPlantAndEquipmentInProgress" order="40.0"/>
    <link:loc xlink:type="locator" xlink:href="../fsa/fsa.xsd#fsa_PropertyPlantAndEquipment" xlink:label="PropertyPlantAndEquipment"/>
    <link:presentationArc xlink:type="arc" xlink:arcrole="http://www.xbrl.org/2003/arcrole/parent-child" xlink:from="TangibleFixedAssetsAbstract" xlink:to="PropertyPlantAndEquipment" order="50.0"/>
    <link:loc xlink:type="locator" xlink:href="dst.xsd#dst_FinancialFixedAssetsAbstract" xlink:label="FinancialFixedAssetsAbstract"/>
    <link:presentationArc xlink:type="arc" xlink:arcrole="http://www.xbrl.org/2003/arcrole/parent-child" xlink:from="FixedAssetsAbstract" xlink:to="FinancialFixedAssetsAbstract" order="30.0"/>
    <link:loc xlink:type="locator" xlink:href="dst.xsd#dst_ClaimsFinancialAssets" xlink:label="ClaimsFinancialAssets"/>
    <link:presentationArc xlink:type="arc" xlink:arcrole="http://www.xbrl.org/2003/arcrole/parent-child" xlink:from="FinancialFixedAssetsAbstract" xlink:to="ClaimsFinancialAssets" use="optional" order="10.0"/>
    <link:loc xlink:type="locator" xlink:href="dst.xsd#dst_SharesAndOwnershipCertificatesCurrentAssets" xlink:label="SharesAndOwnershipCertificatesCurrentAssets"/>
    <link:presentationArc xlink:type="arc" xlink:arcrole="http://www.xbrl.org/2003/arcrole/parent-child" xlink:from="FinancialFixedAssetsAbstract" xlink:to="SharesAndOwnershipCertificatesCurrentAssets" use="optional" order="20.0"/>
    <link:loc xlink:type="locator" xlink:href="dst.xsd#dst_BondsAndSimilarDocumentsFinancialAssets" xlink:label="BondsAndSimilarDocumentsFinancialAssets"/>
    <link:presentationArc xlink:type="arc" xlink:arcrole="http://www.xbrl.org/2003/arcrole/parent-child" xlink:from="FinancialFixedAssetsAbstract" xlink:to="BondsAndSimilarDocumentsFinancialAssets" use="optional" order="30.0"/>
    <link:loc xlink:type="locator" xlink:href="../fsa/fsa.xsd#fsa_LongtermInvestmentsAndReceivables" xlink:label="LongtermInvestmentsAndReceivables"/>
    <link:presentationArc xlink:type="arc" xlink:arcrole="http://www.xbrl.org/2003/arcrole/parent-child" xlink:from="FinancialFixedAssetsAbstract" xlink:to="LongtermInvestmentsAndReceivables" order="40.0"/>
    <link:loc xlink:type="locator" xlink:href="../fsa/fsa.xsd#fsa_NoncurrentAssets" xlink:label="NoncurrentAssets"/>
    <link:presentationArc xlink:type="arc" xlink:arcrole="http://www.xbrl.org/2003/arcrole/parent-child" xlink:from="FixedAssetsAbstract" xlink:to="NoncurrentAssets" order="40.0"/>
    <link:loc xlink:type="locator" xlink:href="dst.xsd#dst_CurrentAssetsAbstract" xlink:label="CurrentAssetsAbstract"/>
    <link:presentationArc xlink:type="arc" xlink:arcrole="http://www.xbrl.org/2003/arcrole/parent-child" xlink:from="AssetsAbstract" xlink:to="CurrentAssetsAbstract" order="20.0"/>
    <link:loc xlink:type="locator" xlink:href="dst.xsd#dst_StocksAbstract" xlink:label="StocksAbstract"/>
    <link:presentationArc xlink:type="arc" xlink:arcrole="http://www.xbrl.org/2003/arcrole/parent-child" xlink:from="CurrentAssetsAbstract" xlink:to="StocksAbstract" order="10.0"/>
    <link:loc xlink:type="locator" xlink:href="../fsa/fsa.xsd#fsa_RawMaterialsAndConsumables" xlink:label="RawMaterialsAndConsumables"/>
    <link:presentationArc xlink:type="arc" xlink:arcrole="http://www.xbrl.org/2003/arcrole/parent-child" xlink:from="StocksAbstract" xlink:to="RawMaterialsAndConsumables" order="10.0" preferredLabel="http://www.xbrl.org/2003/role/periodStartLabel"/>
    <link:loc xlink:type="locator" xlink:href="../fsa/fsa.xsd#fsa_RawMaterialsAndConsumables" xlink:label="RawMaterialsAndConsumables_2"/>
    <link:presentationArc xlink:type="arc" xlink:arcrole="http://www.xbrl.org/2003/arcrole/parent-child" xlink:from="StocksAbstract" xlink:to="RawMaterialsAndConsumables_2" priority="1" order="20.0" preferredLabel="http://www.xbrl.org/2003/role/periodEndLabel"/>
    <link:loc xlink:type="locator" xlink:href="../fsa/fsa.xsd#fsa_WorkInProgress" xlink:label="WorkInProgress"/>
    <link:presentationArc xlink:type="arc" xlink:arcrole="http://www.xbrl.org/2003/arcrole/parent-child" xlink:from="StocksAbstract" xlink:to="WorkInProgress" order="30.0" preferredLabel="http://www.xbrl.org/2003/role/periodStartLabel"/>
    <link:loc xlink:type="locator" xlink:href="../fsa/fsa.xsd#fsa_WorkInProgress" xlink:label="WorkInProgress_2"/>
    <link:presentationArc xlink:type="arc" xlink:arcrole="http://www.xbrl.org/2003/arcrole/parent-child" xlink:from="StocksAbstract" xlink:to="WorkInProgress_2" priority="1" order="40.0" preferredLabel="http://www.xbrl.org/2003/role/periodEndLabel"/>
    <link:loc xlink:type="locator" xlink:href="dst.xsd#dst_ManufacturedGoods" xlink:label="ManufacturedGoods"/>
    <link:presentationArc xlink:type="arc" xlink:arcrole="http://www.xbrl.org/2003/arcrole/parent-child" xlink:from="StocksAbstract" xlink:to="ManufacturedGoods" use="optional" order="50.0" preferredLabel="http://www.xbrl.org/2003/role/periodStartLabel"/>
    <link:loc xlink:type="locator" xlink:href="dst.xsd#dst_ManufacturedGoods" xlink:label="ManufacturedGoods_2"/>
    <link:presentationArc xlink:type="arc" xlink:arcrole="http://www.xbrl.org/2003/arcrole/parent-child" xlink:from="StocksAbstract" xlink:to="ManufacturedGoods_2" use="optional" priority="1" order="60.0" preferredLabel="http://www.xbrl.org/2003/role/periodEndLabel"/>
    <link:loc xlink:type="locator" xlink:href="dst.xsd#dst_PurchasedGoodsForResale" xlink:label="PurchasedGoodsForResale"/>
    <link:presentationArc xlink:type="arc" xlink:arcrole="http://www.xbrl.org/2003/arcrole/parent-child" xlink:from="StocksAbstract" xlink:to="PurchasedGoodsForResale" use="optional" order="70.0" preferredLabel="http://www.xbrl.org/2003/role/periodStartLabel"/>
    <link:loc xlink:type="locator" xlink:href="dst.xsd#dst_PurchasedGoodsForResale" xlink:label="PurchasedGoodsForResale_2"/>
    <link:presentationArc xlink:type="arc" xlink:arcrole="http://www.xbrl.org/2003/arcrole/parent-child" xlink:from="StocksAbstract" xlink:to="PurchasedGoodsForResale_2" use="optional" priority="1" order="80.0" preferredLabel="http://www.xbrl.org/2003/role/periodEndLabel"/>
    <link:loc xlink:type="locator" xlink:href="../fsa/fsa.xsd#fsa_PrepaymentsForGoods" xlink:label="PrepaymentsForGoods"/>
    <link:presentationArc xlink:type="arc" xlink:arcrole="http://www.xbrl.org/2003/arcrole/parent-child" xlink:from="StocksAbstract" xlink:to="PrepaymentsForGoods" order="90.0" preferredLabel="http://www.xbrl.org/2003/role/periodStartLabel"/>
    <link:loc xlink:type="locator" xlink:href="../fsa/fsa.xsd#fsa_PrepaymentsForGoods" xlink:label="PrepaymentsForGoods_2"/>
    <link:presentationArc xlink:type="arc" xlink:arcrole="http://www.xbrl.org/2003/arcrole/parent-child" xlink:from="StocksAbstract" xlink:to="PrepaymentsForGoods_2" priority="1" order="100.0" preferredLabel="http://www.xbrl.org/2003/role/periodEndLabel"/>
    <link:loc xlink:type="locator" xlink:href="../fsa/fsa.xsd#fsa_Inventories" xlink:label="Inventories"/>
    <link:presentationArc xlink:type="arc" xlink:arcrole="http://www.xbrl.org/2003/arcrole/parent-child" xlink:from="StocksAbstract" xlink:to="Inventories" order="110.0" preferredLabel="http://www.xbrl.org/2003/role/periodStartLabel"/>
    <link:loc xlink:type="locator" xlink:href="../fsa/fsa.xsd#fsa_Inventories" xlink:label="Inventories_2"/>
    <link:presentationArc xlink:type="arc" xlink:arcrole="http://www.xbrl.org/2003/arcrole/parent-child" xlink:from="StocksAbstract" xlink:to="Inventories_2" priority="1" order="120.0" preferredLabel="http://www.xbrl.org/2003/role/periodEndLabel"/>
    <link:loc xlink:type="locator" xlink:href="dst.xsd#dst_DebtsReceivableAbstract" xlink:label="DebtsReceivableAbstract"/>
    <link:presentationArc xlink:type="arc" xlink:arcrole="http://www.xbrl.org/2003/arcrole/parent-child" xlink:from="CurrentAssetsAbstract" xlink:to="DebtsReceivableAbstract" order="20.0"/>
    <link:loc xlink:type="locator" xlink:href="../fsa/fsa.xsd#fsa_ShorttermTradeReceivables" xlink:label="ShorttermTradeReceivables"/>
    <link:presentationArc xlink:type="arc" xlink:arcrole="http://www.xbrl.org/2003/arcrole/parent-child" xlink:from="DebtsReceivableAbstract" xlink:to="ShorttermTradeReceivables" order="10.0"/>
    <link:loc xlink:type="locator" xlink:href="../fsa/fsa.xsd#fsa_ContractWorkInProgress" xlink:label="ContractWorkInProgress"/>
    <link:presentationArc xlink:type="arc" xlink:arcrole="http://www.xbrl.org/2003/arcrole/parent-child" xlink:from="DebtsReceivableAbstract" xlink:to="ContractWorkInProgress" order="20.0"/>
    <link:loc xlink:type="locator" xlink:href="../fsa/fsa.xsd#fsa_OtherShorttermReceivables" xlink:label="OtherShorttermReceivables"/>
    <link:presentationArc xlink:type="arc" xlink:arcrole="http://www.xbrl.org/2003/arcrole/parent-child" xlink:from="DebtsReceivableAbstract" xlink:to="OtherShorttermReceivables" order="30.0"/>
    <link:loc xlink:type="locator" xlink:href="../fsa/fsa.xsd#fsa_ShorttermReceivables" xlink:label="ShorttermReceivables"/>
    <link:presentationArc xlink:type="arc" xlink:arcrole="http://www.xbrl.org/2003/arcrole/parent-child" xlink:from="DebtsReceivableAbstract" xlink:to="ShorttermReceivables" order="40.0"/>
    <link:loc xlink:type="locator" xlink:href="dst.xsd#dst_SharesBondsAndCashAbstract" xlink:label="SharesBondsAndCashAbstract"/>
    <link:presentationArc xlink:type="arc" xlink:arcrole="http://www.xbrl.org/2003/arcrole/parent-child" xlink:from="CurrentAssetsAbstract" xlink:to="SharesBondsAndCashAbstract" order="30.0"/>
    <link:loc xlink:type="locator" xlink:href="dst.xsd#dst_SharesAndOtherOwnershipCertificatesFinancialAssets" xlink:label="SharesAndOtherOwnershipCertificatesFinancialAssets"/>
    <link:presentationArc xlink:type="arc" xlink:arcrole="http://www.xbrl.org/2003/arcrole/parent-child" xlink:from="SharesBondsAndCashAbstract" xlink:to="SharesAndOtherOwnershipCertificatesFinancialAssets" use="optional" order="10.0"/>
    <link:loc xlink:type="locator" xlink:href="dst.xsd#dst_BondsAndSimilarDocumentsCurrentAssets" xlink:label="BondsAndSimilarDocumentsCurrentAssets"/>
    <link:presentationArc xlink:type="arc" xlink:arcrole="http://www.xbrl.org/2003/arcrole/parent-child" xlink:from="SharesBondsAndCashAbstract" xlink:to="BondsAndSimilarDocumentsCurrentAssets" use="optional" order="20.0"/>
    <link:loc xlink:type="locator" xlink:href="../fsa/fsa.xsd#fsa_CashAndCashEquivalents" xlink:label="CashAndCashEquivalents"/>
    <link:presentationArc xlink:type="arc" xlink:arcrole="http://www.xbrl.org/2003/arcrole/parent-child" xlink:from="SharesBondsAndCashAbstract" xlink:to="CashAndCashEquivalents" order="30.0"/>
    <link:loc xlink:type="locator" xlink:href="dst.xsd#dst_SharesBondsAndCash" xlink:label="SharesBondsAndCash"/>
    <link:presentationArc xlink:type="arc" xlink:arcrole="http://www.xbrl.org/2003/arcrole/parent-child" xlink:from="SharesBondsAndCashAbstract" xlink:to="SharesBondsAndCash" order="40.0" preferredLabel="http://www.xbrl.org/2003/role/totalLabel"/>
    <link:loc xlink:type="locator" xlink:href="../fsa/fsa.xsd#fsa_CurrentAssets" xlink:label="CurrentAssets"/>
    <link:presentationArc xlink:type="arc" xlink:arcrole="http://www.xbrl.org/2003/arcrole/parent-child" xlink:from="CurrentAssetsAbstract" xlink:to="CurrentAssets" order="40.0"/>
    <link:loc xlink:type="locator" xlink:href="../fsa/fsa.xsd#fsa_Assets" xlink:label="Assets"/>
    <link:presentationArc xlink:type="arc" xlink:arcrole="http://www.xbrl.org/2003/arcrole/parent-child" xlink:from="AssetsAbstract" xlink:to="Assets" order="30.0"/>
    <link:loc xlink:type="locator" xlink:href="dst.xsd#dst_LiabilitiesAbstract" xlink:label="LiabilitiesAbstract"/>
    <link:presentationArc xlink:type="arc" xlink:arcrole="http://www.xbrl.org/2003/arcrole/parent-child" xlink:from="BalanceSheetAbstract" xlink:to="LiabilitiesAbstract" order="20.0"/>
    <link:loc xlink:type="locator" xlink:href="../fsa/fsa.xsd#fsa_Equity" xlink:label="Equity"/>
    <link:presentationArc xlink:type="arc" xlink:arcrole="http://www.xbrl.org/2003/arcrole/parent-child" xlink:from="LiabilitiesAbstract" xlink:to="Equity" order="10.0"/>
    <link:loc xlink:type="locator" xlink:href="../fsa/fsa.xsd#fsa_Provisions" xlink:label="Provisions"/>
    <link:presentationArc xlink:type="arc" xlink:arcrole="http://www.xbrl.org/2003/arcrole/parent-child" xlink:from="LiabilitiesAbstract" xlink:to="Provisions" order="20.0"/>
    <link:loc xlink:type="locator" xlink:href="../fsa/fsa.xsd#fsa_LongtermTradePayables" xlink:label="LongtermTradePayables"/>
    <link:presentationArc xlink:type="arc" xlink:arcrole="http://www.xbrl.org/2003/arcrole/parent-child" xlink:from="LiabilitiesAbstract" xlink:to="LongtermTradePayables" order="30.0"/>
    <link:loc xlink:type="locator" xlink:href="dst.xsd#dst_OtherLongtermDebts" xlink:label="OtherLongtermDebts"/>
    <link:presentationArc xlink:type="arc" xlink:arcrole="http://www.xbrl.org/2003/arcrole/parent-child" xlink:from="LiabilitiesAbstract" xlink:to="OtherLongtermDebts" order="40.0"/>
    <link:loc xlink:type="locator" xlink:href="../fsa/fsa.xsd#fsa_ShorttermTradePayables" xlink:label="ShorttermTradePayables"/>
    <link:presentationArc xlink:type="arc" xlink:arcrole="http://www.xbrl.org/2003/arcrole/parent-child" xlink:from="LiabilitiesAbstract" xlink:to="ShorttermTradePayables" order="50.0"/>
    <link:loc xlink:type="locator" xlink:href="dst.xsd#dst_OtherShorttermDebts" xlink:label="OtherShorttermDebts"/>
    <link:presentationArc xlink:type="arc" xlink:arcrole="http://www.xbrl.org/2003/arcrole/parent-child" xlink:from="LiabilitiesAbstract" xlink:to="OtherShorttermDebts" order="60.0"/>
    <link:loc xlink:type="locator" xlink:href="../fsa/fsa.xsd#fsa_LiabilitiesAndEquity" xlink:label="LiabilitiesAndEquity"/>
    <link:presentationArc xlink:type="arc" xlink:arcrole="http://www.xbrl.org/2003/arcrole/parent-child" xlink:from="LiabilitiesAbstract" xlink:to="LiabilitiesAndEquity" order="70.0"/>
    <link:loc xlink:type="locator" xlink:href="dst.xsd#dst_InvestmentDuringTheYearAbstract" xlink:label="InvestmentDuringTheYearAbstract"/>
    <link:presentationArc xlink:type="arc" xlink:arcrole="http://www.xbrl.org/2003/arcrole/parent-child" xlink:from="InformationForStatisticsDenmarkAbstract" xlink:to="InvestmentDuringTheYearAbstract" order="80.0"/>
    <link:loc xlink:type="locator" xlink:href="dst.xsd#dst_IncreaseAbstract" xlink:label="IncreaseAbstract"/>
    <link:presentationArc xlink:type="arc" xlink:arcrole="http://www.xbrl.org/2003/arcrole/parent-child" xlink:from="InvestmentDuringTheYearAbstract" xlink:to="IncreaseAbstract" order="10.0"/>
    <link:loc xlink:type="locator" xlink:href="../fsa/fsa.xsd#fsa_AdditionsToIntangibleAssets" xlink:label="AdditionsToIntangibleAssets"/>
    <link:presentationArc xlink:type="arc" xlink:arcrole="http://www.xbrl.org/2003/arcrole/parent-child" xlink:from="IncreaseAbstract" xlink:to="AdditionsToIntangibleAssets" order="10.0"/>
    <link:loc xlink:type="locator" xlink:href="dst.xsd#dst_IncreaseOfRealEstateAbstract" xlink:label="IncreaseOfRealEstateAbstract"/>
    <link:presentationArc xlink:type="arc" xlink:arcrole="http://www.xbrl.org/2003/arcrole/parent-child" xlink:from="IncreaseAbstract" xlink:to="IncreaseOfRealEstateAbstract" order="20.0"/>
    <link:loc xlink:type="locator" xlink:href="dst.xsd#dst_PurchaseOfBuildingsIncludingLand" xlink:label="PurchaseOfBuildingsIncludingLand"/>
    <link:presentationArc xlink:type="arc" xlink:arcrole="http://www.xbrl.org/2003/arcrole/parent-child" xlink:from="IncreaseOfRealEstateAbstract" xlink:to="PurchaseOfBuildingsIncludingLand" order="10.0"/>
    <link:loc xlink:type="locator" xlink:href="dst.xsd#dst_ConstructionOfBuildingsExcludingLand" xlink:label="ConstructionOfBuildingsExcludingLand"/>
    <link:presentationArc xlink:type="arc" xlink:arcrole="http://www.xbrl.org/2003/arcrole/parent-child" xlink:from="IncreaseOfRealEstateAbstract" xlink:to="ConstructionOfBuildingsExcludingLand" order="20.0"/>
    <link:loc xlink:type="locator" xlink:href="dst.xsd#dst_PurchaseOfLandNotBuiltUpon" xlink:label="PurchaseOfLandNotBuiltUpon"/>
    <link:presentationArc xlink:type="arc" xlink:arcrole="http://www.xbrl.org/2003/arcrole/parent-child" xlink:from="IncreaseOfRealEstateAbstract" xlink:to="PurchaseOfLandNotBuiltUpon" order="30.0"/>
    <link:loc xlink:type="locator" xlink:href="dst.xsd#dst_AlterationsAndImprovementsOfBuildingsAndInstallations" xlink:label="AlterationsAndImprovementsOfBuildingsAndInstallations"/>
    <link:presentationArc xlink:type="arc" xlink:arcrole="http://www.xbrl.org/2003/arcrole/parent-child" xlink:from="IncreaseOfRealEstateAbstract" xlink:to="AlterationsAndImprovementsOfBuildingsAndInstallations" order="40.0"/>
    <link:loc xlink:type="locator" xlink:href="dst.xsd#dst_ConstructionAlterationAndImprovementOfRoadsHarboursSquaresAndSimilarAndDevelopmentAndImprovementOfLand" xlink:label="ConstructionAlterationAndImprovementOfRoadsHarboursSquaresAndSimilarAndDevelopmentAndImprovementOfLand"/>
    <link:presentationArc xlink:type="arc" xlink:arcrole="http://www.xbrl.org/2003/arcrole/parent-child" xlink:from="IncreaseOfRealEstateAbstract" xlink:to="ConstructionAlterationAndImprovementOfRoadsHarboursSquaresAndSimilarAndDevelopmentAndImprovementOfLand" order="50.0"/>
    <link:loc xlink:type="locator" xlink:href="dst.xsd#dst_IncreaseOfRealEstate" xlink:label="IncreaseOfRealEstate"/>
    <link:presentationArc xlink:type="arc" xlink:arcrole="http://www.xbrl.org/2003/arcrole/parent-child" xlink:from="IncreaseOfRealEstateAbstract" xlink:to="IncreaseOfRealEstate" order="60.0" preferredLabel="http://www.xbrl.org/2003/role/totalLabel"/>
    <link:loc xlink:type="locator" xlink:href="dst.xsd#dst_IncreaseOfMachineryPlantAndEquipmentAbstract" xlink:label="IncreaseOfMachineryPlantAndEquipmentAbstract"/>
    <link:presentationArc xlink:type="arc" xlink:arcrole="http://www.xbrl.org/2003/arcrole/parent-child" xlink:from="IncreaseAbstract" xlink:to="IncreaseOfMachineryPlantAndEquipmentAbstract" order="30.0"/>
    <link:loc xlink:type="locator" xlink:href="dst.xsd#dst_AdditionsToProductionMachineryAndEquipment" xlink:label="AdditionsToProductionMachineryAndEquipment"/>
    <link:presentationArc xlink:type="arc" xlink:arcrole="http://www.xbrl.org/2003/arcrole/parent-child" xlink:from="IncreaseOfMachineryPlantAndEquipmentAbstract" xlink:to="AdditionsToProductionMachineryAndEquipment" order="10.0"/>
    <link:loc xlink:type="locator" xlink:href="dst.xsd#dst_AdditionsToOtherPlantOperatingAssetsFixturesAndFurniture" xlink:label="AdditionsToOtherPlantOperatingAssetsFixturesAndFurniture"/>
    <link:presentationArc xlink:type="arc" xlink:arcrole="http://www.xbrl.org/2003/arcrole/parent-child" xlink:from="IncreaseOfMachineryPlantAndEquipmentAbstract" xlink:to="AdditionsToOtherPlantOperatingAssetsFixturesAndFurniture" order="20.0"/>
    <link:loc xlink:type="locator" xlink:href="dst.xsd#dst_IncreaseOfMachineryPlantAndEquipment" xlink:label="IncreaseOfMachineryPlantAndEquipment"/>
    <link:presentationArc xlink:type="arc" xlink:arcrole="http://www.xbrl.org/2003/arcrole/parent-child" xlink:from="IncreaseOfMachineryPlantAndEquipmentAbstract" xlink:to="IncreaseOfMachineryPlantAndEquipment" order="30.0" preferredLabel="http://www.xbrl.org/2003/role/totalLabel"/>
    <link:loc xlink:type="locator" xlink:href="dst.xsd#dst_AdditionsToPropertyPlantAndEquipmentInProgressAndPrepaymentsForPropertyPlantAndEquipment" xlink:label="AdditionsToPropertyPlantAndEquipmentInProgressAndPrepaymentsForPropertyPlantAndEquipment"/>
    <link:presentationArc xlink:type="arc" xlink:arcrole="http://www.xbrl.org/2003/arcrole/parent-child" xlink:from="IncreaseAbstract" xlink:to="AdditionsToPropertyPlantAndEquipmentInProgressAndPrepaymentsForPropertyPlantAndEquipment" order="40.0"/>
    <link:loc xlink:type="locator" xlink:href="dst.xsd#dst_AdditionsToNoncurrentAssets" xlink:label="AdditionsToNoncurrentAssets"/>
    <link:presentationArc xlink:type="arc" xlink:arcrole="http://www.xbrl.org/2003/arcrole/parent-child" xlink:from="IncreaseAbstract" xlink:to="AdditionsToNoncurrentAssets" order="50.0"/>
    <link:loc xlink:type="locator" xlink:href="dst.xsd#dst_DecreaseAbstract" xlink:label="DecreaseAbstract"/>
    <link:presentationArc xlink:type="arc" xlink:arcrole="http://www.xbrl.org/2003/arcrole/parent-child" xlink:from="InvestmentDuringTheYearAbstract" xlink:to="DecreaseAbstract" order="20.0"/>
    <link:loc xlink:type="locator" xlink:href="dst.xsd#dst_DecreaseOfIntangibleAssets" xlink:label="DecreaseOfIntangibleAssets"/>
    <link:presentationArc xlink:type="arc" xlink:arcrole="http://www.xbrl.org/2003/arcrole/parent-child" xlink:from="DecreaseAbstract" xlink:to="DecreaseOfIntangibleAssets" order="10.0"/>
    <link:loc xlink:type="locator" xlink:href="dst.xsd#dst_DecreaseOfRealEstateAbstract" xlink:label="DecreaseOfRealEstateAbstract"/>
    <link:presentationArc xlink:type="arc" xlink:arcrole="http://www.xbrl.org/2003/arcrole/parent-child" xlink:from="DecreaseAbstract" xlink:to="DecreaseOfRealEstateAbstract" order="20.0"/>
    <link:loc xlink:type="locator" xlink:href="dst.xsd#dst_DisposalsOfBuildingsIncludingLand" xlink:label="DisposalsOfBuildingsIncludingLand"/>
    <link:presentationArc xlink:type="arc" xlink:arcrole="http://www.xbrl.org/2003/arcrole/parent-child" xlink:from="DecreaseOfRealEstateAbstract" xlink:to="DisposalsOfBuildingsIncludingLand" order="10.0"/>
    <link:loc xlink:type="locator" xlink:href="dst.xsd#dst_DisposalsOfLandNotBuiltUpon" xlink:label="DisposalsOfLandNotBuiltUpon"/>
    <link:presentationArc xlink:type="arc" xlink:arcrole="http://www.xbrl.org/2003/arcrole/parent-child" xlink:from="DecreaseOfRealEstateAbstract" xlink:to="DisposalsOfLandNotBuiltUpon" order="20.0"/>
    <link:loc xlink:type="locator" xlink:href="dst.xsd#dst_DisposalsOfRoadsHarboursSquaresAndSimilar" xlink:label="DisposalsOfRoadsHarboursSquaresAndSimilar"/>
    <link:presentationArc xlink:type="arc" xlink:arcrole="http://www.xbrl.org/2003/arcrole/parent-child" xlink:from="DecreaseOfRealEstateAbstract" xlink:to="DisposalsOfRoadsHarboursSquaresAndSimilar" order="30.0"/>
    <link:loc xlink:type="locator" xlink:href="dst.xsd#dst_DecreaseOfRealEstate" xlink:label="DecreaseOfRealEstate"/>
    <link:presentationArc xlink:type="arc" xlink:arcrole="http://www.xbrl.org/2003/arcrole/parent-child" xlink:from="DecreaseOfRealEstateAbstract" xlink:to="DecreaseOfRealEstate" order="40.0" preferredLabel="http://www.xbrl.org/2003/role/totalLabel"/>
    <link:loc xlink:type="locator" xlink:href="dst.xsd#dst_DecreaseOfMachineryPlantAndEquipmentAbstract" xlink:label="DecreaseOfMachineryPlantAndEquipmentAbstract"/>
    <link:presentationArc xlink:type="arc" xlink:arcrole="http://www.xbrl.org/2003/arcrole/parent-child" xlink:from="DecreaseAbstract" xlink:to="DecreaseOfMachineryPlantAndEquipmentAbstract" order="30.0"/>
    <link:loc xlink:type="locator" xlink:href="dst.xsd#dst_DisposalsOfProductionMachineryAndEquipment" xlink:label="DisposalsOfProductionMachineryAndEquipment"/>
    <link:presentationArc xlink:type="arc" xlink:arcrole="http://www.xbrl.org/2003/arcrole/parent-child" xlink:from="DecreaseOfMachineryPlantAndEquipmentAbstract" xlink:to="DisposalsOfProductionMachineryAndEquipment" order="10.0"/>
    <link:loc xlink:type="locator" xlink:href="dst.xsd#dst_DisposalsOfOtherPlantOperatingAssetsFixturesAndFurniture" xlink:label="DisposalsOfOtherPlantOperatingAssetsFixturesAndFurniture"/>
    <link:presentationArc xlink:type="arc" xlink:arcrole="http://www.xbrl.org/2003/arcrole/parent-child" xlink:from="DecreaseOfMachineryPlantAndEquipmentAbstract" xlink:to="DisposalsOfOtherPlantOperatingAssetsFixturesAndFurniture" order="20.0"/>
    <link:loc xlink:type="locator" xlink:href="dst.xsd#dst_DecreaseOfMachineryPlantAndEquipment" xlink:label="DecreaseOfMachineryPlantAndEquipment"/>
    <link:presentationArc xlink:type="arc" xlink:arcrole="http://www.xbrl.org/2003/arcrole/parent-child" xlink:from="DecreaseOfMachineryPlantAndEquipmentAbstract" xlink:to="DecreaseOfMachineryPlantAndEquipment" order="30.0" preferredLabel="http://www.xbrl.org/2003/role/totalLabel"/>
    <link:loc xlink:type="locator" xlink:href="dst.xsd#dst_DisposalsOfNoncurrentAssets" xlink:label="DisposalsOfNoncurrentAssets"/>
    <link:presentationArc xlink:type="arc" xlink:arcrole="http://www.xbrl.org/2003/arcrole/parent-child" xlink:from="DecreaseAbstract" xlink:to="DisposalsOfNoncurrentAssets" order="40.0"/>
    <link:loc xlink:type="locator" xlink:href="dst.xsd#dst_IncludesPurchasedGoodsAndEntityProduction" xlink:label="IncludesPurchasedGoodsAndEntityProduction"/>
    <link:presentationArc xlink:type="arc" xlink:arcrole="http://www.xbrl.org/2003/arcrole/parent-child" xlink:from="InformationForStatisticsDenmarkAbstract" xlink:to="IncludesPurchasedGoodsAndEntityProduction" order="90.0"/>
    <link:loc xlink:type="locator" xlink:href="dst.xsd#dst_TurnoverFormPurchasedGoodsForResale" xlink:label="TurnoverFormPurchasedGoodsForResale"/>
    <link:presentationArc xlink:type="arc" xlink:arcrole="http://www.xbrl.org/2003/arcrole/parent-child" xlink:from="InformationForStatisticsDenmarkAbstract" xlink:to="TurnoverFormPurchasedGoodsForResale" order="100.0"/>
    <link:loc xlink:type="locator" xlink:href="dst.xsd#dst_TurnoverFromEntityProduction" xlink:label="TurnoverFromEntityProduction"/>
    <link:presentationArc xlink:type="arc" xlink:arcrole="http://www.xbrl.org/2003/arcrole/parent-child" xlink:from="InformationForStatisticsDenmarkAbstract" xlink:to="TurnoverFromEntityProduction" order="110.0"/>
    <link:loc xlink:type="locator" xlink:href="../gsd/gsd.xsd#gsd_InformationOnSubmissionReportAndReportingEntityAbstract" xlink:label="InformationOnSubmissionReportAndReportingEntityAbstract" xlink:title="InformationOnSubmissionReportAndReportingEntityAbstract"/>
    <link:presentationArc xlink:type="arc" xlink:arcrole="http://www.xbrl.org/2003/arcrole/parent-child" xlink:from="InformationForStatisticsDenmarkAbstract" xlink:to="InformationOnSubmissionReportAndReportingEntityAbstract" xlink:title="presentation: InformationForStatisticsDenmarkAbstract to InformationOnSubmissionReportAndReportingEntityAbstract" order="20.0"/>
    <link:loc xlink:type="locator" xlink:href="../gsd/gsd.xsd#gsd_InformationOnTypeOfSubmittedReport" xlink:label="InformationOnTypeOfSubmittedReport" xlink:title="InformationOnTypeOfSubmittedReport"/>
    <link:presentationArc xlink:type="arc" xlink:arcrole="http://www.xbrl.org/2003/arcrole/parent-child" xlink:from="InformationOnSubmissionReportAndReportingEntityAbstract" xlink:to="InformationOnTypeOfSubmittedReport" xlink:title="presentation: InformationOnSubmissionReportAndReportingEntityAbstract to InformationOnTypeOfSubmittedReport" order="10.0"/>
    <link:loc xlink:type="locator" xlink:href="../gsd/gsd.xsd#gsd_InformationOnEnterpriseSubmittingReportAbstract" xlink:label="InformationOnEnterpriseSubmittingReportAbstract" xlink:title="InformationOnEnterpriseSubmittingReportAbstract"/>
    <link:presentationArc xlink:type="arc" xlink:arcrole="http://www.xbrl.org/2003/arcrole/parent-child" xlink:from="InformationOnSubmissionReportAndReportingEntityAbstract" xlink:to="InformationOnEnterpriseSubmittingReportAbstract" xlink:title="presentation: InformationOnSubmissionReportAndReportingEntityAbstract to InformationOnEnterpriseSubmittingReportAbstract" order="30.0"/>
    <link:loc xlink:type="locator" xlink:href="../gsd/gsd.xsd#gsd_IdentificationNumberCvrOfSubmittingEnterprise" xlink:label="IdentificationNumberCvrOfSubmittingEnterprise" xlink:title="IdentificationNumberCvrOfSubmittingEnterprise"/>
    <link:presentationArc xlink:type="arc" xlink:arcrole="http://www.xbrl.org/2003/arcrole/parent-child" xlink:from="InformationOnEnterpriseSubmittingReportAbstract" xlink:to="IdentificationNumberCvrOfSubmittingEnterprise" xlink:title="presentation: InformationOnEnterpriseSubmittingReportAbstract to IdentificationNumberCvrOfSubmittingEnterprise" order="10.0"/>
    <link:loc xlink:type="locator" xlink:href="../gsd/gsd.xsd#gsd_NameOfSubmittingEnterprise" xlink:label="NameOfSubmittingEnterprise" xlink:title="NameOfSubmittingEnterprise"/>
    <link:presentationArc xlink:type="arc" xlink:arcrole="http://www.xbrl.org/2003/arcrole/parent-child" xlink:from="InformationOnEnterpriseSubmittingReportAbstract" xlink:to="NameOfSubmittingEnterprise" xlink:title="presentation: InformationOnEnterpriseSubmittingReportAbstract to NameOfSubmittingEnterprise" order="20.0"/>
    <link:loc xlink:type="locator" xlink:href="../gsd/gsd.xsd#gsd_AddressOfSubmittingEnterpriseStreetAndNumber" xlink:label="AddressOfSubmittingEnterpriseStreetAndNumber" xlink:title="AddressOfSubmittingEnterpriseStreetAndNumber"/>
    <link:presentationArc xlink:type="arc" xlink:arcrole="http://www.xbrl.org/2003/arcrole/parent-child" xlink:from="InformationOnEnterpriseSubmittingReportAbstract" xlink:to="AddressOfSubmittingEnterpriseStreetAndNumber" xlink:title="presentation: InformationOnEnterpriseSubmittingReportAbstract to AddressOfSubmittingEnterpriseStreetAndNumber" order="30.0"/>
    <link:loc xlink:type="locator" xlink:href="../gsd/gsd.xsd#gsd_AddressOfSubmittingEnterprisePostcodeAndTown" xlink:label="AddressOfSubmittingEnterprisePostcodeAndTown" xlink:title="AddressOfSubmittingEnterprisePostcodeAndTown"/>
    <link:presentationArc xlink:type="arc" xlink:arcrole="http://www.xbrl.org/2003/arcrole/parent-child" xlink:from="InformationOnEnterpriseSubmittingReportAbstract" xlink:to="AddressOfSubmittingEnterprisePostcodeAndTown" xlink:title="presentation: InformationOnEnterpriseSubmittingReportAbstract to AddressOfSubmittingEnterprisePostcodeAndTown" order="40.0"/>
    <link:loc xlink:type="locator" xlink:href="../gsd/gsd.xsd#gsd_DateOfApprovalOfReport" xlink:label="DateOfApprovalOfReport"/>
    <link:presentationArc xlink:type="arc" xlink:arcrole="http://www.xbrl.org/2003/arcrole/parent-child" xlink:from="InformationOnSubmissionReportAndReportingEntityAbstract" xlink:to="DateOfApprovalOfReport" xlink:title="presentation: InformationOnSubmissionReportAndReportingEntityAbstract to DateOfApprovalOfReport" order="40.0"/>
    <link:loc xlink:type="locator" xlink:href="../gsd/gsd.xsd#gsd_InformationOnReportingEntityAbstract" xlink:label="InformationOnReportingEntityAbstract" xlink:title="InformationOnReportingEntityAbstract"/>
    <link:presentationArc xlink:type="arc" xlink:arcrole="http://www.xbrl.org/2003/arcrole/parent-child" xlink:from="InformationOnSubmissionReportAndReportingEntityAbstract" xlink:to="InformationOnReportingEntityAbstract" xlink:title="presentation: InformationOnSubmissionReportAndReportingEntityAbstract to InformationOnReportingEntityAbstract" order="20.0"/>
    <link:loc xlink:type="locator" xlink:href="../gsd/gsd.xsd#gsd_IdentificationNumberCvrOfReportingEntity" xlink:label="IdentificationNumberCvrOfReportingEntity"/>
    <link:presentationArc xlink:type="arc" xlink:arcrole="http://www.xbrl.org/2003/arcrole/parent-child" xlink:from="InformationOnReportingEntityAbstract" xlink:to="IdentificationNumberCvrOfReportingEntity" xlink:title="presentation: InformationOnReportingEntityAbstract to IdentificationNumberCvrOfReportingEntity" order="10.0"/>
    <link:loc xlink:type="locator" xlink:href="../gsd/gsd.xsd#gsd_NameOfReportingEntity" xlink:label="NameOfReportingEntity" xlink:title="NameOfReportingEntity"/>
    <link:presentationArc xlink:type="arc" xlink:arcrole="http://www.xbrl.org/2003/arcrole/parent-child" xlink:from="InformationOnReportingEntityAbstract" xlink:to="NameOfReportingEntity" xlink:title="presentation: InformationOnReportingEntityAbstract to NameOfReportingEntity" order="20.0"/>
  </link:presentationLink>
</link:linkbase>
