<?xml version="1.0" encoding="UTF-8"?>

<!--
        Taxonomy: 2011-03-25 (Final release)
        ********************** 
        Copyright © 2011 International Financial Reporting Standards (IFRS) Foundation
        All rights reserved.  No part of this publication may be translated, reprinted or reproduced 
        or utilised in any form either in whole or in part without prior permission in writing from the IFRS Foundation.
        For more information on the IFRS Foundation's copyright, please refer to http://www.ifrs.org/XBRL/Legal/
        **********************
    -->
<link:linkbase xmlns:xsi="http://www.w3.org/2001/XMLSchema-instance" xsi:schemaLocation="http://www.xbrl.org/2006/ref http://www.xbrl.org/2006/ref-2006-02-27.xsd http://www.xbrl.org/2003/linkbase http://www.xbrl.org/2003/xbrl-linkbase-2003-12-31.xsd" xmlns:link="http://www.xbrl.org/2003/linkbase" xmlns:ref="http://www.xbrl.org/2006/ref" xmlns:xlink="http://www.w3.org/1999/xlink">
  <link:referenceLink xlink:type="extended" xlink:role="http://www.xbrl.org/2003/role/link">
    <link:loc xlink:type="locator" xlink:href="../../ifrs-cor_2011-03-25.xsd#ifrs_RestatedMember" xlink:label="loc_2"/>
    <link:reference xlink:type="resource" xlink:label="res" xlink:role="http://www.xbrl.org/2003/role/disclosureRef">
      <ref:Name>IAS</ref:Name>
      <ref:Number>8</ref:Number>
      <ref:IssueDate>2011-01-01</ref:IssueDate>
      <ref:Paragraph>28</ref:Paragraph>
      <ref:Subparagraph>f</ref:Subparagraph>
      <ref:Clause>i</ref:Clause>
      <ref:URI>http://eifrs.ifrs.org/eifrs/XBRL?type=IAS&amp;num=8&amp;date=2011-03-25&amp;anchor=para_28_f_i&amp;doctype=Standard</ref:URI>
      <ref:URIDate>2011-03-25</ref:URIDate>
    </link:reference>
    <link:referenceArc xlink:type="arc" xlink:arcrole="http://www.xbrl.org/2003/arcrole/concept-reference" xlink:from="loc_2" xlink:to="res"/>
    <link:reference xlink:type="resource" xlink:label="res_2" xlink:role="http://www.xbrl.org/2003/role/disclosureRef">
      <ref:Name>IAS</ref:Name>
      <ref:Number>8</ref:Number>
      <ref:IssueDate>2011-01-01</ref:IssueDate>
      <ref:Paragraph>29</ref:Paragraph>
      <ref:Subparagraph>c</ref:Subparagraph>
      <ref:Clause>i</ref:Clause>
      <ref:URI>http://eifrs.ifrs.org/eifrs/XBRL?type=IAS&amp;num=8&amp;date=2011-03-25&amp;anchor=para_29_c_i&amp;doctype=Standard</ref:URI>
      <ref:URIDate>2011-03-25</ref:URIDate>
    </link:reference>
    <link:referenceArc xlink:type="arc" xlink:arcrole="http://www.xbrl.org/2003/arcrole/concept-reference" xlink:from="loc_2" xlink:to="res_2"/>
    <link:reference xlink:type="resource" xlink:label="res_3" xlink:role="http://www.xbrl.org/2003/role/disclosureRef">
      <ref:Name>IAS</ref:Name>
      <ref:Number>8</ref:Number>
      <ref:IssueDate>2011-01-01</ref:IssueDate>
      <ref:Paragraph>49</ref:Paragraph>
      <ref:Subparagraph>b</ref:Subparagraph>
      <ref:Clause>i</ref:Clause>
      <ref:URI>http://eifrs.ifrs.org/eifrs/XBRL?type=IAS&amp;num=8&amp;date=2011-03-25&amp;anchor=para_49_b_i&amp;doctype=Standard</ref:URI>
      <ref:URIDate>2011-03-25</ref:URIDate>
    </link:reference>
    <link:referenceArc xlink:type="arc" xlink:arcrole="http://www.xbrl.org/2003/arcrole/concept-reference" xlink:from="loc_2" xlink:to="res_3"/>
    <link:loc xlink:type="locator" xlink:href="../../ifrs-cor_2011-03-25.xsd#ifrs_PreviouslyStatedMember" xlink:label="loc_13"/>
    <link:referenceArc xlink:type="arc" xlink:arcrole="http://www.xbrl.org/2003/arcrole/concept-reference" xlink:from="loc_13" xlink:to="res"/>
    <link:referenceArc xlink:type="arc" xlink:arcrole="http://www.xbrl.org/2003/arcrole/concept-reference" xlink:from="loc_13" xlink:to="res_2"/>
    <link:referenceArc xlink:type="arc" xlink:arcrole="http://www.xbrl.org/2003/arcrole/concept-reference" xlink:from="loc_13" xlink:to="res_3"/>
    <link:loc xlink:type="locator" xlink:href="../../ifrs-cor_2011-03-25.xsd#ifrs_RetrospectiveApplicationAndRetrospectiveRestatementAxis" xlink:label="loc_12"/>
    <link:referenceArc xlink:type="arc" xlink:arcrole="http://www.xbrl.org/2003/arcrole/concept-reference" xlink:from="loc_12" xlink:to="res"/>
    <link:referenceArc xlink:type="arc" xlink:arcrole="http://www.xbrl.org/2003/arcrole/concept-reference" xlink:from="loc_12" xlink:to="res_2"/>
    <link:referenceArc xlink:type="arc" xlink:arcrole="http://www.xbrl.org/2003/arcrole/concept-reference" xlink:from="loc_12" xlink:to="res_3"/>
    <link:loc xlink:type="locator" xlink:href="../../ifrs-cor_2011-03-25.xsd#ifrs_IncreaseDecreaseDueToChangesInAccountingPolicyAndCorrectionsOfPriorPeriodErrorsMember" xlink:label="loc_27"/>
    <link:referenceArc xlink:type="arc" xlink:arcrole="http://www.xbrl.org/2003/arcrole/concept-reference" xlink:from="loc_27" xlink:to="res"/>
    <link:referenceArc xlink:type="arc" xlink:arcrole="http://www.xbrl.org/2003/arcrole/concept-reference" xlink:from="loc_27" xlink:to="res_2"/>
    <link:referenceArc xlink:type="arc" xlink:arcrole="http://www.xbrl.org/2003/arcrole/concept-reference" xlink:from="loc_27" xlink:to="res_3"/>
    <link:loc xlink:type="locator" xlink:href="../../ifrs-cor_2011-03-25.xsd#ifrs_FinancialEffectOfChangesInAccountingPolicyMember" xlink:label="loc"/>
    <link:referenceArc xlink:type="arc" xlink:arcrole="http://www.xbrl.org/2003/arcrole/concept-reference" xlink:from="loc" xlink:to="res"/>
    <link:referenceArc xlink:type="arc" xlink:arcrole="http://www.xbrl.org/2003/arcrole/concept-reference" xlink:from="loc" xlink:to="res_2"/>
    <link:loc xlink:type="locator" xlink:href="../../ifrs-cor_2011-03-25.xsd#ifrs_DisclosureOfChangesInAccountingPoliciesAccountingEstimatesAndErrorsExplanatory" xlink:label="loc_3"/>
    <link:reference xlink:type="resource" xlink:label="res_4" xlink:role="http://www.xbrl.org/2003/role/disclosureRef">
      <ref:Name>IAS</ref:Name>
      <ref:Number>8</ref:Number>
      <ref:IssueDate>2011-01-01</ref:IssueDate>
      <ref:Section>Accounting policies</ref:Section>
      <ref:URI>http://eifrs.ifrs.org/eifrs/XBRL?type=IAS&amp;num=8&amp;date=2011-03-25&amp;anchor=sect_Accountingpolicies&amp;doctype=Standard</ref:URI>
      <ref:URIDate>2011-03-25</ref:URIDate>
    </link:reference>
    <link:referenceArc xlink:type="arc" xlink:arcrole="http://www.xbrl.org/2003/arcrole/concept-reference" xlink:from="loc_3" xlink:to="res_4"/>
    <link:loc xlink:type="locator" xlink:href="../../ifrs-cor_2011-03-25.xsd#ifrs_FinancialEffectOfCorrectionsOfAccountingErrorsMember" xlink:label="loc_4"/>
    <link:referenceArc xlink:type="arc" xlink:arcrole="http://www.xbrl.org/2003/arcrole/concept-reference" xlink:from="loc_4" xlink:to="res_3"/>
    <link:reference xlink:type="resource" xlink:label="res_5" xlink:role="http://www.xbrl.org/2003/role/disclosureRef">
      <ref:Name>IAS</ref:Name>
      <ref:Number>8</ref:Number>
      <ref:IssueDate>2011-01-01</ref:IssueDate>
      <ref:Paragraph>49</ref:Paragraph>
      <ref:Subparagraph>c</ref:Subparagraph>
      <ref:URI>http://eifrs.ifrs.org/eifrs/XBRL?type=IAS&amp;num=8&amp;date=2011-03-25&amp;anchor=para_49_c&amp;doctype=Standard</ref:URI>
      <ref:URIDate>2011-03-25</ref:URIDate>
    </link:reference>
    <link:referenceArc xlink:type="arc" xlink:arcrole="http://www.xbrl.org/2003/arcrole/concept-reference" xlink:from="loc_4" xlink:to="res_5"/>
    <link:loc xlink:type="locator" xlink:href="../../ifrs-cor_2011-03-25.xsd#ifrs_DescriptionOfInitialApplicationOfStandardsOrInterpretations" xlink:label="loc_5"/>
    <link:reference xlink:type="resource" xlink:label="res_6" xlink:role="http://www.xbrl.org/2003/role/disclosureRef">
      <ref:Name>IAS</ref:Name>
      <ref:Number>8</ref:Number>
      <ref:IssueDate>2011-01-01</ref:IssueDate>
      <ref:Paragraph>28</ref:Paragraph>
      <ref:URI>http://eifrs.ifrs.org/eifrs/XBRL?type=IAS&amp;num=8&amp;date=2011-03-25&amp;anchor=para_28&amp;doctype=Standard</ref:URI>
      <ref:URIDate>2011-03-25</ref:URIDate>
    </link:reference>
    <link:referenceArc xlink:type="arc" xlink:arcrole="http://www.xbrl.org/2003/arcrole/concept-reference" xlink:from="loc_5" xlink:to="res_6"/>
    <link:loc xlink:type="locator" xlink:href="../../ifrs-cor_2011-03-25.xsd#ifrs_DescriptionOfVoluntaryChangeInAccountingPolicy" xlink:label="loc_6"/>
    <link:reference xlink:type="resource" xlink:label="res_10" xlink:role="http://www.xbrl.org/2003/role/disclosureRef">
      <ref:Name>IAS</ref:Name>
      <ref:Number>8</ref:Number>
      <ref:IssueDate>2011-01-01</ref:IssueDate>
      <ref:Paragraph>29</ref:Paragraph>
      <ref:URI>http://eifrs.ifrs.org/eifrs/XBRL?type=IAS&amp;num=8&amp;date=2011-03-25&amp;anchor=para_29&amp;doctype=Standard</ref:URI>
      <ref:URIDate>2011-03-25</ref:URIDate>
    </link:reference>
    <link:referenceArc xlink:type="arc" xlink:arcrole="http://www.xbrl.org/2003/arcrole/concept-reference" xlink:from="loc_6" xlink:to="res_10"/>
    <link:loc xlink:type="locator" xlink:href="../../ifrs-cor_2011-03-25.xsd#ifrs_DescriptionOfNatureAndAmountOfChangeInAccountingEstimate" xlink:label="loc_9"/>
    <link:reference xlink:type="resource" xlink:label="res_7" xlink:role="http://www.xbrl.org/2003/role/disclosureRef">
      <ref:Name>IAS</ref:Name>
      <ref:Number>8</ref:Number>
      <ref:IssueDate>2011-01-01</ref:IssueDate>
      <ref:Paragraph>39</ref:Paragraph>
      <ref:URI>http://eifrs.ifrs.org/eifrs/XBRL?type=IAS&amp;num=8&amp;date=2011-03-25&amp;anchor=para_39&amp;doctype=Standard</ref:URI>
      <ref:URIDate>2011-03-25</ref:URIDate>
    </link:reference>
    <link:referenceArc xlink:type="arc" xlink:arcrole="http://www.xbrl.org/2003/arcrole/concept-reference" xlink:from="loc_9" xlink:to="res_7"/>
    <link:loc xlink:type="locator" xlink:href="../../ifrs-cor_2011-03-25.xsd#ifrs_DescriptionOfFactThatAmountOfChangeInAccountingEstimateIsImpracticable" xlink:label="loc_10"/>
    <link:reference xlink:type="resource" xlink:label="res_8" xlink:role="http://www.xbrl.org/2003/role/disclosureRef">
      <ref:Name>IAS</ref:Name>
      <ref:Number>8</ref:Number>
      <ref:IssueDate>2011-01-01</ref:IssueDate>
      <ref:Paragraph>40</ref:Paragraph>
      <ref:URI>http://eifrs.ifrs.org/eifrs/XBRL?type=IAS&amp;num=8&amp;date=2011-03-25&amp;anchor=para_40&amp;doctype=Standard</ref:URI>
      <ref:URIDate>2011-03-25</ref:URIDate>
    </link:reference>
    <link:referenceArc xlink:type="arc" xlink:arcrole="http://www.xbrl.org/2003/arcrole/concept-reference" xlink:from="loc_10" xlink:to="res_8"/>
    <link:loc xlink:type="locator" xlink:href="../../ifrs-cor_2011-03-25.xsd#ifrs_DescriptionOfNatureAmountAndCorrectionOfAccountingErrorsInPriorPeriodsEstimate" xlink:label="loc_11"/>
    <link:reference xlink:type="resource" xlink:label="res_9" xlink:role="http://www.xbrl.org/2003/role/disclosureRef">
      <ref:Name>IAS</ref:Name>
      <ref:Number>8</ref:Number>
      <ref:IssueDate>2011-01-01</ref:IssueDate>
      <ref:Paragraph>49</ref:Paragraph>
      <ref:Subparagraph>a</ref:Subparagraph>
      <ref:URI>http://eifrs.ifrs.org/eifrs/XBRL?type=IAS&amp;num=8&amp;date=2011-03-25&amp;anchor=para_49_a&amp;doctype=Standard</ref:URI>
      <ref:URIDate>2011-03-25</ref:URIDate>
    </link:reference>
    <link:referenceArc xlink:type="arc" xlink:arcrole="http://www.xbrl.org/2003/arcrole/concept-reference" xlink:from="loc_11" xlink:to="res_9"/>
    <link:loc xlink:type="locator" xlink:href="../../ifrs-cor_2011-03-25.xsd#ifrs_CreationDateAxis" xlink:label="loc_14"/>
    <link:referenceArc xlink:type="arc" xlink:arcrole="http://www.xbrl.org/2003/arcrole/concept-reference" xlink:from="loc_14" xlink:to="res"/>
    <link:referenceArc xlink:type="arc" xlink:arcrole="http://www.xbrl.org/2003/arcrole/concept-reference" xlink:from="loc_14" xlink:to="res_2"/>
    <link:referenceArc xlink:type="arc" xlink:arcrole="http://www.xbrl.org/2003/arcrole/concept-reference" xlink:from="loc_14" xlink:to="res_3"/>
    <link:loc xlink:type="locator" xlink:href="../../ifrs-cor_2011-03-25.xsd#ifrs_DefaultFinancialStatementsDateMember" xlink:label="loc_15"/>
    <link:referenceArc xlink:type="arc" xlink:arcrole="http://www.xbrl.org/2003/arcrole/concept-reference" xlink:from="loc_15" xlink:to="res"/>
    <link:referenceArc xlink:type="arc" xlink:arcrole="http://www.xbrl.org/2003/arcrole/concept-reference" xlink:from="loc_15" xlink:to="res_2"/>
    <link:referenceArc xlink:type="arc" xlink:arcrole="http://www.xbrl.org/2003/arcrole/concept-reference" xlink:from="loc_15" xlink:to="res_3"/>
    <link:loc xlink:type="locator" xlink:href="../../ifrs-cor_2011-03-25.xsd#ifrs_ExplanationOfReasonWhyItIsImpracticableToDetermineAmountsOfAdjustmentsRelatedToChangeInAccountingPolicy" xlink:label="loc_16"/>
    <link:reference xlink:type="resource" xlink:label="res_11" xlink:role="http://www.xbrl.org/2003/role/disclosureRef">
      <ref:Name>IAS</ref:Name>
      <ref:Number>8</ref:Number>
      <ref:IssueDate>2011-01-01</ref:IssueDate>
      <ref:Paragraph>28</ref:Paragraph>
      <ref:Subparagraph>h</ref:Subparagraph>
      <ref:URI>http://eifrs.ifrs.org/eifrs/XBRL?type=IAS&amp;num=8&amp;date=2011-03-25&amp;anchor=para_28_h&amp;doctype=Standard</ref:URI>
      <ref:URIDate>2011-03-25</ref:URIDate>
    </link:reference>
    <link:referenceArc xlink:type="arc" xlink:arcrole="http://www.xbrl.org/2003/arcrole/concept-reference" xlink:from="loc_16" xlink:to="res_11"/>
    <link:reference xlink:type="resource" xlink:label="res_12" xlink:role="http://www.xbrl.org/2003/role/disclosureRef">
      <ref:Name>IAS</ref:Name>
      <ref:Number>8</ref:Number>
      <ref:IssueDate>2011-01-01</ref:IssueDate>
      <ref:Paragraph>29</ref:Paragraph>
      <ref:Subparagraph>e</ref:Subparagraph>
      <ref:URI>http://eifrs.ifrs.org/eifrs/XBRL?type=IAS&amp;num=8&amp;date=2011-03-25&amp;anchor=para_29_e&amp;doctype=Standard</ref:URI>
      <ref:URIDate>2011-03-25</ref:URIDate>
    </link:reference>
    <link:referenceArc xlink:type="arc" xlink:arcrole="http://www.xbrl.org/2003/arcrole/concept-reference" xlink:from="loc_16" xlink:to="res_12"/>
    <link:loc xlink:type="locator" xlink:href="../../ifrs-cor_2011-03-25.xsd#ifrs_ExplanationOfReasonWhyItIsImpracticableToDetermineAmountsForCorrectionRelatedToPriorPeriodErrors" xlink:label="loc_17"/>
    <link:reference xlink:type="resource" xlink:label="res_13" xlink:role="http://www.xbrl.org/2003/role/disclosureRef">
      <ref:Name>IAS</ref:Name>
      <ref:Number>8</ref:Number>
      <ref:IssueDate>2011-01-01</ref:IssueDate>
      <ref:Paragraph>49</ref:Paragraph>
      <ref:Subparagraph>d</ref:Subparagraph>
      <ref:URI>http://eifrs.ifrs.org/eifrs/XBRL?type=IAS&amp;num=8&amp;date=2011-03-25&amp;anchor=para_49_d&amp;doctype=Standard</ref:URI>
      <ref:URIDate>2011-03-25</ref:URIDate>
    </link:reference>
    <link:referenceArc xlink:type="arc" xlink:arcrole="http://www.xbrl.org/2003/arcrole/concept-reference" xlink:from="loc_17" xlink:to="res_13"/>
    <link:loc xlink:type="locator" xlink:href="../../ifrs-cor_2011-03-25.xsd#ifrs_IncreaseDecreaseDueToChangesInAccountingPolicyRequiredByIFRSsMember" xlink:label="loc_28"/>
    <link:referenceArc xlink:type="arc" xlink:arcrole="http://www.xbrl.org/2003/arcrole/concept-reference" xlink:from="loc_28" xlink:to="res"/>
    <link:reference xlink:type="resource" xlink:label="res_14" xlink:role="http://www.xbrl.org/2003/role/disclosureRef">
      <ref:Name>IAS</ref:Name>
      <ref:Number>8</ref:Number>
      <ref:IssueDate>2011-01-01</ref:IssueDate>
      <ref:Paragraph>28</ref:Paragraph>
      <ref:Subparagraph>g</ref:Subparagraph>
      <ref:URI>http://eifrs.ifrs.org/eifrs/XBRL?type=IAS&amp;num=8&amp;date=2011-03-25&amp;anchor=para_28_g&amp;doctype=Standard</ref:URI>
      <ref:URIDate>2011-03-25</ref:URIDate>
    </link:reference>
    <link:referenceArc xlink:type="arc" xlink:arcrole="http://www.xbrl.org/2003/arcrole/concept-reference" xlink:from="loc_28" xlink:to="res_14"/>
    <link:loc xlink:type="locator" xlink:href="../../ifrs-cor_2011-03-25.xsd#ifrs_IncreaseDecreaseDueToVoluntaryChangesInAccountingPolicyMember" xlink:label="loc_29"/>
    <link:referenceArc xlink:type="arc" xlink:arcrole="http://www.xbrl.org/2003/arcrole/concept-reference" xlink:from="loc_29" xlink:to="res_2"/>
    <link:reference xlink:type="resource" xlink:label="res_15" xlink:role="http://www.xbrl.org/2003/role/disclosureRef">
      <ref:Name>IAS</ref:Name>
      <ref:Number>8</ref:Number>
      <ref:IssueDate>2011-01-01</ref:IssueDate>
      <ref:Paragraph>29</ref:Paragraph>
      <ref:Subparagraph>d</ref:Subparagraph>
      <ref:URI>http://eifrs.ifrs.org/eifrs/XBRL?type=IAS&amp;num=8&amp;date=2011-03-25&amp;anchor=para_29_d&amp;doctype=Standard</ref:URI>
      <ref:URIDate>2011-03-25</ref:URIDate>
    </link:reference>
    <link:referenceArc xlink:type="arc" xlink:arcrole="http://www.xbrl.org/2003/arcrole/concept-reference" xlink:from="loc_29" xlink:to="res_15"/>
    <link:loc xlink:type="locator" xlink:href="../../ifrs-cor_2011-03-25.xsd#ifrs_ExplanationOfNotAppliedNewStandardsOrInterpretations" xlink:label="loc_7"/>
    <link:reference xlink:type="resource" xlink:label="res_20" xlink:role="http://www.xbrl.org/2003/role/disclosureRef">
      <ref:Name>IAS</ref:Name>
      <ref:Number>8</ref:Number>
      <ref:IssueDate>2011-01-01</ref:IssueDate>
      <ref:Paragraph>30</ref:Paragraph>
      <ref:Subparagraph>a</ref:Subparagraph>
      <ref:URI>http://eifrs.ifrs.org/eifrs/XBRL?type=IAS&amp;num=8&amp;date=2011-03-25&amp;anchor=para_30_a&amp;doctype=Standard</ref:URI>
      <ref:URIDate>2011-03-25</ref:URIDate>
    </link:reference>
    <link:referenceArc xlink:type="arc" xlink:arcrole="http://www.xbrl.org/2003/arcrole/concept-reference" xlink:from="loc_7" xlink:to="res_20"/>
    <link:loc xlink:type="locator" xlink:href="../../ifrs-cor_2011-03-25.xsd#ifrs_DescriptionOfExpectedImpactOfInitialApplicationOfNewStandardsOrInterpretations" xlink:label="loc_8"/>
    <link:reference xlink:type="resource" xlink:label="res_23" xlink:role="http://www.xbrl.org/2003/role/disclosureRef">
      <ref:Name>IAS</ref:Name>
      <ref:Number>8</ref:Number>
      <ref:IssueDate>2011-01-01</ref:IssueDate>
      <ref:Paragraph>30</ref:Paragraph>
      <ref:Subparagraph>b</ref:Subparagraph>
      <ref:URI>http://eifrs.ifrs.org/eifrs/XBRL?type=IAS&amp;num=8&amp;date=2011-03-25&amp;anchor=para_30_b&amp;doctype=Standard</ref:URI>
      <ref:URIDate>2011-03-25</ref:URIDate>
    </link:reference>
    <link:referenceArc xlink:type="arc" xlink:arcrole="http://www.xbrl.org/2003/arcrole/concept-reference" xlink:from="loc_8" xlink:to="res_23"/>
    <link:loc xlink:type="locator" xlink:href="../../ifrs-cor_2011-03-25.xsd#ifrs_TitleOfNewIFRS" xlink:label="loc_21"/>
    <link:reference xlink:type="resource" xlink:label="res_16" xlink:role="http://www.xbrl.org/2003/role/exampleRef">
      <ref:Name>IAS</ref:Name>
      <ref:Number>8</ref:Number>
      <ref:IssueDate>2011-01-01</ref:IssueDate>
      <ref:Paragraph>31</ref:Paragraph>
      <ref:Subparagraph>a</ref:Subparagraph>
      <ref:URI>http://eifrs.ifrs.org/eifrs/XBRL?type=IAS&amp;num=8&amp;date=2011-03-25&amp;anchor=para_31_a&amp;doctype=Standard</ref:URI>
      <ref:URIDate>2011-03-25</ref:URIDate>
    </link:reference>
    <link:referenceArc xlink:type="arc" xlink:arcrole="http://www.xbrl.org/2003/arcrole/concept-reference" xlink:from="loc_21" xlink:to="res_16"/>
    <link:loc xlink:type="locator" xlink:href="../../ifrs-cor_2011-03-25.xsd#ifrs_DescriptionOfNatureOfImpendingChangeInAccountingPolicy" xlink:label="loc_22"/>
    <link:reference xlink:type="resource" xlink:label="res_17" xlink:role="http://www.xbrl.org/2003/role/exampleRef">
      <ref:Name>IAS</ref:Name>
      <ref:Number>8</ref:Number>
      <ref:IssueDate>2011-01-01</ref:IssueDate>
      <ref:Paragraph>31</ref:Paragraph>
      <ref:Subparagraph>b</ref:Subparagraph>
      <ref:URI>http://eifrs.ifrs.org/eifrs/XBRL?type=IAS&amp;num=8&amp;date=2011-03-25&amp;anchor=para_31_b&amp;doctype=Standard</ref:URI>
      <ref:URIDate>2011-03-25</ref:URIDate>
    </link:reference>
    <link:referenceArc xlink:type="arc" xlink:arcrole="http://www.xbrl.org/2003/arcrole/concept-reference" xlink:from="loc_22" xlink:to="res_17"/>
    <link:loc xlink:type="locator" xlink:href="../../ifrs-cor_2011-03-25.xsd#ifrs_DateByWhichApplicationOfIFRSIsRequired" xlink:label="loc_23"/>
    <link:reference xlink:type="resource" xlink:label="res_18" xlink:role="http://www.xbrl.org/2003/role/exampleRef">
      <ref:Name>IAS</ref:Name>
      <ref:Number>8</ref:Number>
      <ref:IssueDate>2011-01-01</ref:IssueDate>
      <ref:Paragraph>31</ref:Paragraph>
      <ref:Subparagraph>c</ref:Subparagraph>
      <ref:URI>http://eifrs.ifrs.org/eifrs/XBRL?type=IAS&amp;num=8&amp;date=2011-03-25&amp;anchor=para_31_c&amp;doctype=Standard</ref:URI>
      <ref:URIDate>2011-03-25</ref:URIDate>
    </link:reference>
    <link:referenceArc xlink:type="arc" xlink:arcrole="http://www.xbrl.org/2003/arcrole/concept-reference" xlink:from="loc_23" xlink:to="res_18"/>
    <link:loc xlink:type="locator" xlink:href="../../ifrs-cor_2011-03-25.xsd#ifrs_DateAsAtWhichEntityPlansToApplyIFRSInitially" xlink:label="loc_24"/>
    <link:reference xlink:type="resource" xlink:label="res_19" xlink:role="http://www.xbrl.org/2003/role/exampleRef">
      <ref:Name>IAS</ref:Name>
      <ref:Number>8</ref:Number>
      <ref:IssueDate>2011-01-01</ref:IssueDate>
      <ref:Paragraph>31</ref:Paragraph>
      <ref:Subparagraph>d</ref:Subparagraph>
      <ref:URI>http://eifrs.ifrs.org/eifrs/XBRL?type=IAS&amp;num=8&amp;date=2011-03-25&amp;anchor=para_31_d&amp;doctype=Standard</ref:URI>
      <ref:URIDate>2011-03-25</ref:URIDate>
    </link:reference>
    <link:referenceArc xlink:type="arc" xlink:arcrole="http://www.xbrl.org/2003/arcrole/concept-reference" xlink:from="loc_24" xlink:to="res_19"/>
    <link:loc xlink:type="locator" xlink:href="../../ifrs-cor_2011-03-25.xsd#ifrs_DiscussionOfImpactThatInitialApplicationOfIFRSIsExpectedToHaveOnFinancialStatements" xlink:label="loc_25"/>
    <link:reference xlink:type="resource" xlink:label="res_21" xlink:role="http://www.xbrl.org/2003/role/exampleRef">
      <ref:Name>IAS</ref:Name>
      <ref:Number>8</ref:Number>
      <ref:IssueDate>2011-01-01</ref:IssueDate>
      <ref:Paragraph>31</ref:Paragraph>
      <ref:Subparagraph>e</ref:Subparagraph>
      <ref:Clause>i</ref:Clause>
      <ref:URI>http://eifrs.ifrs.org/eifrs/XBRL?type=IAS&amp;num=8&amp;date=2011-03-25&amp;anchor=para_31_e_i&amp;doctype=Standard</ref:URI>
      <ref:URIDate>2011-03-25</ref:URIDate>
    </link:reference>
    <link:referenceArc xlink:type="arc" xlink:arcrole="http://www.xbrl.org/2003/arcrole/concept-reference" xlink:from="loc_25" xlink:to="res_21"/>
    <link:loc xlink:type="locator" xlink:href="../../ifrs-cor_2011-03-25.xsd#ifrs_DescriptionOfFactThatImpactIsNotKnownOrReasonablyEstimable" xlink:label="loc_26"/>
    <link:reference xlink:type="resource" xlink:label="res_24" xlink:role="http://www.xbrl.org/2003/role/exampleRef">
      <ref:Name>IAS</ref:Name>
      <ref:Number>8</ref:Number>
      <ref:IssueDate>2011-01-01</ref:IssueDate>
      <ref:Paragraph>31</ref:Paragraph>
      <ref:Subparagraph>e</ref:Subparagraph>
      <ref:Clause>ii</ref:Clause>
      <ref:URI>http://eifrs.ifrs.org/eifrs/XBRL?type=IAS&amp;num=8&amp;date=2011-03-25&amp;anchor=para_31_e_ii&amp;doctype=Standard</ref:URI>
      <ref:URIDate>2011-03-25</ref:URIDate>
    </link:reference>
    <link:referenceArc xlink:type="arc" xlink:arcrole="http://www.xbrl.org/2003/arcrole/concept-reference" xlink:from="loc_26" xlink:to="res_24"/>
    <link:loc xlink:type="locator" xlink:href="../../ifrs-cor_2011-03-25.xsd#ifrs_DescriptionOfExpectedImpactOfInitialApplicationOfNewStandardsOrInterpretationsTable" xlink:label="loc_18"/>
    <link:referenceArc xlink:type="arc" xlink:arcrole="http://www.xbrl.org/2003/arcrole/concept-reference" xlink:from="loc_18" xlink:to="res_23"/>
    <link:loc xlink:type="locator" xlink:href="../../ifrs-cor_2011-03-25.xsd#ifrs_NewIFRSsAxis" xlink:label="loc_19"/>
    <link:referenceArc xlink:type="arc" xlink:arcrole="http://www.xbrl.org/2003/arcrole/concept-reference" xlink:from="loc_19" xlink:to="res_23"/>
    <link:loc xlink:type="locator" xlink:href="../../ifrs-cor_2011-03-25.xsd#ifrs_NewIFRSsMember" xlink:label="loc_20"/>
    <link:referenceArc xlink:type="arc" xlink:arcrole="http://www.xbrl.org/2003/arcrole/concept-reference" xlink:from="loc_20" xlink:to="res_23"/>
  </link:referenceLink>
</link:linkbase>
