<?xml version="1.0" encoding="UTF-8"?>
<!-- Generated by Fujitsu Interstage XWand B0209 -->
<?officialURI http://archprod.service.eogs.dk/taxonomy/20140701/fsa/401bsr_pre.xml?>

<?taxonomy-version 1.5.0?>

<link:linkbase xmlns:xsi="http://www.w3.org/2001/XMLSchema-instance" xsi:schemaLocation="http://www.xbrl.org/2003/linkbase http://www.xbrl.org/2003/xbrl-linkbase-2003-12-31.xsd" xmlns:link="http://www.xbrl.org/2003/linkbase" xmlns:xbrli="http://www.xbrl.org/2003/instance" xmlns:xlink="http://www.w3.org/1999/xlink">
  <link:roleRef roleURI="http://xbrl.dcca.dk/role/401.00/BalanceSheetReporttForm" xlink:type="simple" xlink:href="fsa.xsd#fsa_RoleBalanceSheetReportForm"/>
  <link:presentationLink xlink:type="extended" xlink:role="http://xbrl.dcca.dk/role/401.00/BalanceSheetReporttForm">
    <link:loc xlink:type="locator" xlink:href="../cmn.xsd#cmn_CommonHypercube" xlink:label="CommonHypercube"/>
    <link:loc xlink:type="locator" xlink:href="../cmn.xsd#cmn_ConsolidatedSoloDimension" xlink:label="ConsolidatedSoloDimension"/>
    <link:presentationArc xlink:type="arc" xlink:arcrole="http://www.xbrl.org/2003/arcrole/parent-child" xlink:from="CommonHypercube" xlink:to="ConsolidatedSoloDimension" order="10.0"/>
    <link:loc xlink:type="locator" xlink:href="fsa.xsd#fsa_NoncurrentAssets" xlink:label="NoncurrentAssets"/>
    <link:loc xlink:type="locator" xlink:href="fsa.xsd#fsa_IntangibleAssets" xlink:label="IntangibleAssets"/>
    <link:presentationArc xlink:type="arc" xlink:arcrole="http://www.xbrl.org/2003/arcrole/parent-child" xlink:from="NoncurrentAssets" xlink:to="IntangibleAssets" order="10.0"/>
    <link:loc xlink:type="locator" xlink:href="fsa.xsd#fsa_CompletedDevelopmentProjects" xlink:label="CompletedDevelopmentProjects"/>
    <link:presentationArc xlink:type="arc" xlink:arcrole="http://www.xbrl.org/2003/arcrole/parent-child" xlink:from="IntangibleAssets" xlink:to="CompletedDevelopmentProjects" order="10.0"/>
    <link:loc xlink:type="locator" xlink:href="fsa.xsd#fsa_ConcessionsOriginatingFromDevelopmentProjects" xlink:label="ConcessionsOriginatingFromDevelopmentProjects"/>
    <link:presentationArc xlink:type="arc" xlink:arcrole="http://www.xbrl.org/2003/arcrole/parent-child" xlink:from="CompletedDevelopmentProjects" xlink:to="ConcessionsOriginatingFromDevelopmentProjects" order="10.0"/>
    <link:loc xlink:type="locator" xlink:href="fsa.xsd#fsa_PatentsOriginatingFromDevelopmentProjects" xlink:label="PatentsOriginatingFromDevelopmentProjects"/>
    <link:presentationArc xlink:type="arc" xlink:arcrole="http://www.xbrl.org/2003/arcrole/parent-child" xlink:from="CompletedDevelopmentProjects" xlink:to="PatentsOriginatingFromDevelopmentProjects" order="20.0"/>
    <link:loc xlink:type="locator" xlink:href="fsa.xsd#fsa_TrademarksOriginatingFromDevelopmentProjects" xlink:label="TrademarksOriginatingFromDevelopmentProjects"/>
    <link:presentationArc xlink:type="arc" xlink:arcrole="http://www.xbrl.org/2003/arcrole/parent-child" xlink:from="CompletedDevelopmentProjects" xlink:to="TrademarksOriginatingFromDevelopmentProjects" order="30.0"/>
    <link:loc xlink:type="locator" xlink:href="fsa.xsd#fsa_OtherSimilarRightsOriginatingFromDevelopmentProjects" xlink:label="OtherSimilarRightsOriginatingFromDevelopmentProjects"/>
    <link:presentationArc xlink:type="arc" xlink:arcrole="http://www.xbrl.org/2003/arcrole/parent-child" xlink:from="CompletedDevelopmentProjects" xlink:to="OtherSimilarRightsOriginatingFromDevelopmentProjects" order="40.0"/>
    <link:loc xlink:type="locator" xlink:href="fsa.xsd#fsa_AcquiredIntangibleAssets" xlink:label="AcquiredIntangibleAssets"/>
    <link:presentationArc xlink:type="arc" xlink:arcrole="http://www.xbrl.org/2003/arcrole/parent-child" xlink:from="IntangibleAssets" xlink:to="AcquiredIntangibleAssets" order="20.0"/>
    <link:loc xlink:type="locator" xlink:href="fsa.xsd#fsa_AcquiredConcessions" xlink:label="AcquiredConcessions"/>
    <link:presentationArc xlink:type="arc" xlink:arcrole="http://www.xbrl.org/2003/arcrole/parent-child" xlink:from="AcquiredIntangibleAssets" xlink:to="AcquiredConcessions" order="10.0"/>
    <link:loc xlink:type="locator" xlink:href="fsa.xsd#fsa_AcquiredPatents" xlink:label="AcquiredPatents"/>
    <link:presentationArc xlink:type="arc" xlink:arcrole="http://www.xbrl.org/2003/arcrole/parent-child" xlink:from="AcquiredIntangibleAssets" xlink:to="AcquiredPatents" order="20.0"/>
    <link:loc xlink:type="locator" xlink:href="fsa.xsd#fsa_AcquiredLicences" xlink:label="AcquiredLicences"/>
    <link:presentationArc xlink:type="arc" xlink:arcrole="http://www.xbrl.org/2003/arcrole/parent-child" xlink:from="AcquiredIntangibleAssets" xlink:to="AcquiredLicences" order="30.0"/>
    <link:loc xlink:type="locator" xlink:href="fsa.xsd#fsa_AcquiredTrademarks" xlink:label="AcquiredTrademarks"/>
    <link:presentationArc xlink:type="arc" xlink:arcrole="http://www.xbrl.org/2003/arcrole/parent-child" xlink:from="AcquiredIntangibleAssets" xlink:to="AcquiredTrademarks" order="40.0"/>
    <link:loc xlink:type="locator" xlink:href="fsa.xsd#fsa_AcquiredOtherSimilarRights" xlink:label="AcquiredOtherSimilarRights"/>
    <link:presentationArc xlink:type="arc" xlink:arcrole="http://www.xbrl.org/2003/arcrole/parent-child" xlink:from="AcquiredIntangibleAssets" xlink:to="AcquiredOtherSimilarRights" order="50.0"/>
    <link:loc xlink:type="locator" xlink:href="fsa.xsd#fsa_Goodwill" xlink:label="Goodwill"/>
    <link:presentationArc xlink:type="arc" xlink:arcrole="http://www.xbrl.org/2003/arcrole/parent-child" xlink:from="IntangibleAssets" xlink:to="Goodwill" order="30.0"/>
    <link:loc xlink:type="locator" xlink:href="fsa.xsd#fsa_DevelopmentProjectsInProgressAndPrepaymentsForIntangibleAssets" xlink:label="DevelopmentProjectsInProgressAndPrepaymentsForIntangibleAssets"/>
    <link:presentationArc xlink:type="arc" xlink:arcrole="http://www.xbrl.org/2003/arcrole/parent-child" xlink:from="IntangibleAssets" xlink:to="DevelopmentProjectsInProgressAndPrepaymentsForIntangibleAssets" order="40.0"/>
    <link:loc xlink:type="locator" xlink:href="fsa.xsd#fsa_DevelopmentProjectsInProgress" xlink:label="DevelopmentProjectsInProgress"/>
    <link:presentationArc xlink:type="arc" xlink:arcrole="http://www.xbrl.org/2003/arcrole/parent-child" xlink:from="DevelopmentProjectsInProgressAndPrepaymentsForIntangibleAssets" xlink:to="DevelopmentProjectsInProgress" order="10.0"/>
    <link:loc xlink:type="locator" xlink:href="fsa.xsd#fsa_PrepaymentsForIntangibleAssets" xlink:label="PrepaymentsForIntangibleAssets"/>
    <link:presentationArc xlink:type="arc" xlink:arcrole="http://www.xbrl.org/2003/arcrole/parent-child" xlink:from="DevelopmentProjectsInProgressAndPrepaymentsForIntangibleAssets" xlink:to="PrepaymentsForIntangibleAssets" order="20.0"/>
    <link:loc xlink:type="locator" xlink:href="fsa.xsd#fsa_PropertyPlantAndEquipment" xlink:label="PropertyPlantAndEquipment"/>
    <link:presentationArc xlink:type="arc" xlink:arcrole="http://www.xbrl.org/2003/arcrole/parent-child" xlink:from="NoncurrentAssets" xlink:to="PropertyPlantAndEquipment" order="20.0"/>
    <link:loc xlink:type="locator" xlink:href="fsa.xsd#fsa_LandAndBuildings" xlink:label="LandAndBuildings"/>
    <link:presentationArc xlink:type="arc" xlink:arcrole="http://www.xbrl.org/2003/arcrole/parent-child" xlink:from="PropertyPlantAndEquipment" xlink:to="LandAndBuildings" order="10.0"/>
    <link:loc xlink:type="locator" xlink:href="fsa.xsd#fsa_InvestmentProperty" xlink:label="InvestmentProperty"/>
    <link:presentationArc xlink:type="arc" xlink:arcrole="http://www.xbrl.org/2003/arcrole/parent-child" xlink:from="PropertyPlantAndEquipment" xlink:to="InvestmentProperty" order="20.0"/>
    <link:loc xlink:type="locator" xlink:href="fsa.xsd#fsa_OtherInvestmentAssets" xlink:label="OtherInvestmentAssets"/>
    <link:presentationArc xlink:type="arc" xlink:arcrole="http://www.xbrl.org/2003/arcrole/parent-child" xlink:from="PropertyPlantAndEquipment" xlink:to="OtherInvestmentAssets" order="30.0"/>
    <link:loc xlink:type="locator" xlink:href="fsa.xsd#fsa_PlantAndMachinery" xlink:label="PlantAndMachinery"/>
    <link:presentationArc xlink:type="arc" xlink:arcrole="http://www.xbrl.org/2003/arcrole/parent-child" xlink:from="PropertyPlantAndEquipment" xlink:to="PlantAndMachinery" order="40.0"/>
    <link:loc xlink:type="locator" xlink:href="fsa.xsd#fsa_FixturesFittingsToolsAndEquipment" xlink:label="FixturesFittingsToolsAndEquipment"/>
    <link:presentationArc xlink:type="arc" xlink:arcrole="http://www.xbrl.org/2003/arcrole/parent-child" xlink:from="PropertyPlantAndEquipment" xlink:to="FixturesFittingsToolsAndEquipment" order="50.0"/>
    <link:loc xlink:type="locator" xlink:href="fsa.xsd#fsa_BiologicalAssets" xlink:label="BiologicalAssets"/>
    <link:presentationArc xlink:type="arc" xlink:arcrole="http://www.xbrl.org/2003/arcrole/parent-child" xlink:from="PropertyPlantAndEquipment" xlink:to="BiologicalAssets" order="60.0"/>
    <link:loc xlink:type="locator" xlink:href="fsa.xsd#fsa_LeaseholdImprovements" xlink:label="LeaseholdImprovements"/>
    <link:presentationArc xlink:type="arc" xlink:arcrole="http://www.xbrl.org/2003/arcrole/parent-child" xlink:from="PropertyPlantAndEquipment" xlink:to="LeaseholdImprovements" order="70.0"/>
    <link:loc xlink:type="locator" xlink:href="fsa.xsd#fsa_Ships" xlink:label="Ships"/>
    <link:presentationArc xlink:type="arc" xlink:arcrole="http://www.xbrl.org/2003/arcrole/parent-child" xlink:from="PropertyPlantAndEquipment" xlink:to="Ships" order="80.0"/>
    <link:loc xlink:type="locator" xlink:href="fsa.xsd#fsa_Planes" xlink:label="Planes"/>
    <link:presentationArc xlink:type="arc" xlink:arcrole="http://www.xbrl.org/2003/arcrole/parent-child" xlink:from="PropertyPlantAndEquipment" xlink:to="Planes" order="90.0"/>
    <link:loc xlink:type="locator" xlink:href="fsa.xsd#fsa_PropertyPlantAndEquipmentInProgressAndPrepaymentsForPropertyPlantAndEquipment" xlink:label="PropertyPlantAndEquipmentInProgressAndPrepaymentsForPropertyPlantAndEquipment"/>
    <link:presentationArc xlink:type="arc" xlink:arcrole="http://www.xbrl.org/2003/arcrole/parent-child" xlink:from="PropertyPlantAndEquipment" xlink:to="PropertyPlantAndEquipmentInProgressAndPrepaymentsForPropertyPlantAndEquipment" order="100.0"/>
    <link:loc xlink:type="locator" xlink:href="fsa.xsd#fsa_PropertyPlantAndEquipmentInProgress" xlink:label="PropertyPlantAndEquipmentInProgress"/>
    <link:presentationArc xlink:type="arc" xlink:arcrole="http://www.xbrl.org/2003/arcrole/parent-child" xlink:from="PropertyPlantAndEquipmentInProgressAndPrepaymentsForPropertyPlantAndEquipment" xlink:to="PropertyPlantAndEquipmentInProgress" order="10.0"/>
    <link:loc xlink:type="locator" xlink:href="fsa.xsd#fsa_PrepaymentsForPropertyPlantAndEquipment" xlink:label="PrepaymentsForPropertyPlantAndEquipment"/>
    <link:presentationArc xlink:type="arc" xlink:arcrole="http://www.xbrl.org/2003/arcrole/parent-child" xlink:from="PropertyPlantAndEquipmentInProgressAndPrepaymentsForPropertyPlantAndEquipment" xlink:to="PrepaymentsForPropertyPlantAndEquipment" order="20.0"/>
    <link:loc xlink:type="locator" xlink:href="fsa.xsd#fsa_LongtermInvestmentsAndReceivables" xlink:label="LongtermInvestmentsAndReceivables"/>
    <link:presentationArc xlink:type="arc" xlink:arcrole="http://www.xbrl.org/2003/arcrole/parent-child" xlink:from="NoncurrentAssets" xlink:to="LongtermInvestmentsAndReceivables" order="30.0"/>
    <link:loc xlink:type="locator" xlink:href="fsa.xsd#fsa_LongtermInvestmentsInGroupEnterprises" xlink:label="LongtermInvestmentsInGroupEnterprises"/>
    <link:presentationArc xlink:type="arc" xlink:arcrole="http://www.xbrl.org/2003/arcrole/parent-child" xlink:from="LongtermInvestmentsAndReceivables" xlink:to="LongtermInvestmentsInGroupEnterprises" order="10.0"/>
    <link:loc xlink:type="locator" xlink:href="fsa.xsd#fsa_LongtermReceivablesFromGroupEnterprises" xlink:label="LongtermReceivablesFromGroupEnterprises"/>
    <link:presentationArc xlink:type="arc" xlink:arcrole="http://www.xbrl.org/2003/arcrole/parent-child" xlink:from="LongtermInvestmentsAndReceivables" xlink:to="LongtermReceivablesFromGroupEnterprises" order="20.0"/>
    <link:loc xlink:type="locator" xlink:href="fsa.xsd#fsa_LongtermInvestmentsInAssociates" xlink:label="LongtermInvestmentsInAssociates"/>
    <link:presentationArc xlink:type="arc" xlink:arcrole="http://www.xbrl.org/2003/arcrole/parent-child" xlink:from="LongtermInvestmentsAndReceivables" xlink:to="LongtermInvestmentsInAssociates" order="30.0"/>
    <link:loc xlink:type="locator" xlink:href="fsa.xsd#fsa_LongtermReceivablesFromAssociates" xlink:label="LongtermReceivablesFromAssociates"/>
    <link:presentationArc xlink:type="arc" xlink:arcrole="http://www.xbrl.org/2003/arcrole/parent-child" xlink:from="LongtermInvestmentsAndReceivables" xlink:to="LongtermReceivablesFromAssociates" order="40.0"/>
    <link:loc xlink:type="locator" xlink:href="fsa.xsd#fsa_OtherLongtermInvestments" xlink:label="OtherLongtermInvestments"/>
    <link:presentationArc xlink:type="arc" xlink:arcrole="http://www.xbrl.org/2003/arcrole/parent-child" xlink:from="LongtermInvestmentsAndReceivables" xlink:to="OtherLongtermInvestments" order="50.0"/>
    <link:loc xlink:type="locator" xlink:href="fsa.xsd#fsa_OtherLongtermReceivables" xlink:label="OtherLongtermReceivables"/>
    <link:presentationArc xlink:type="arc" xlink:arcrole="http://www.xbrl.org/2003/arcrole/parent-child" xlink:from="LongtermInvestmentsAndReceivables" xlink:to="OtherLongtermReceivables" order="60.0"/>
    <link:loc xlink:type="locator" xlink:href="fsa.xsd#fsa_LongtermReceivablesFromOwnersAndManagement" xlink:label="LongtermReceivablesFromOwnersAndManagement"/>
    <link:presentationArc xlink:type="arc" xlink:arcrole="http://www.xbrl.org/2003/arcrole/parent-child" xlink:from="LongtermInvestmentsAndReceivables" xlink:to="LongtermReceivablesFromOwnersAndManagement" order="70.0"/>
    <link:loc xlink:type="locator" xlink:href="fsa.xsd#fsa_NoncurrentDeferredTaxAssets" xlink:label="NoncurrentDeferredTaxAssets"/>
    <link:presentationArc xlink:type="arc" xlink:arcrole="http://www.xbrl.org/2003/arcrole/parent-child" xlink:from="LongtermInvestmentsAndReceivables" xlink:to="NoncurrentDeferredTaxAssets" order="80.0"/>
    <link:loc xlink:type="locator" xlink:href="fsa.xsd#fsa_DepositsLongtermInvestmentsAndReceivables" xlink:label="DepositsLongtermInvestmentsAndReceivables" xlink:title="DepositsLongtermInvestmentsAndReceivables"/>
    <link:presentationArc xlink:type="arc" xlink:arcrole="http://www.xbrl.org/2003/arcrole/parent-child" xlink:from="LongtermInvestmentsAndReceivables" xlink:to="DepositsLongtermInvestmentsAndReceivables" xlink:title="presentation: LongtermInvestmentsAndReceivables to DepositsLongtermInvestmentsAndReceivables" order="90.0"/>
    <link:loc xlink:type="locator" xlink:href="fsa.xsd#fsa_CostExceedsIncomeForTheFinancialYearLongtermReceivables" xlink:label="CostExceedsIncomeForTheFinancialYearLongtermReceivables" xlink:title="CostExceedsIncomeForTheFinancialYearLongtermReceivables"/>
    <link:presentationArc xlink:type="arc" xlink:arcrole="http://www.xbrl.org/2003/arcrole/parent-child" xlink:from="LongtermInvestmentsAndReceivables" xlink:to="CostExceedsIncomeForTheFinancialYearLongtermReceivables" xlink:title="presentation: LongtermInvestmentsAndReceivables to CostExceedsIncomeForTheFinancialYearLongtermReceivables" order="91.0"/>
    <link:loc xlink:type="locator" xlink:href="fsa.xsd#fsa_ContributedCapitalInArrearsLongTerm" xlink:label="ContributedCapitalInArrearsLongTerm" xlink:title="ContributedCapitalInArrearsLongTerm"/>
    <link:presentationArc xlink:type="arc" xlink:arcrole="http://www.xbrl.org/2003/arcrole/parent-child" xlink:from="LongtermInvestmentsAndReceivables" xlink:to="ContributedCapitalInArrearsLongTerm" xlink:title="presentation: LongtermInvestmentsAndReceivables to ContributedCapitalInArrearsLongTerm" order="92.0"/>
    <link:loc xlink:type="locator" xlink:href="fsa.xsd#fsa_LongtermInvestmentsInJointVentures" xlink:label="LongtermInvestmentsInJointVentures" xlink:title="LongtermInvestmentsInJointVentures"/>
    <link:presentationArc xlink:type="arc" xlink:arcrole="http://www.xbrl.org/2003/arcrole/parent-child" xlink:from="LongtermInvestmentsAndReceivables" xlink:to="LongtermInvestmentsInJointVentures" xlink:title="presentation: LongtermInvestmentsAndReceivables to LongtermInvestmentsInJointVentures" order="45.0"/>
    <link:loc xlink:type="locator" xlink:href="fsa.xsd#fsa_CurrentAssets" xlink:label="CurrentAssets"/>
    <link:loc xlink:type="locator" xlink:href="fsa.xsd#fsa_Inventories" xlink:label="Inventories"/>
    <link:presentationArc xlink:type="arc" xlink:arcrole="http://www.xbrl.org/2003/arcrole/parent-child" xlink:from="CurrentAssets" xlink:to="Inventories" order="10.0"/>
    <link:loc xlink:type="locator" xlink:href="fsa.xsd#fsa_RawMaterialsAndConsumables" xlink:label="RawMaterialsAndConsumables"/>
    <link:presentationArc xlink:type="arc" xlink:arcrole="http://www.xbrl.org/2003/arcrole/parent-child" xlink:from="Inventories" xlink:to="RawMaterialsAndConsumables" order="10.0"/>
    <link:loc xlink:type="locator" xlink:href="fsa.xsd#fsa_WorkInProgress" xlink:label="WorkInProgress"/>
    <link:presentationArc xlink:type="arc" xlink:arcrole="http://www.xbrl.org/2003/arcrole/parent-child" xlink:from="Inventories" xlink:to="WorkInProgress" order="20.0"/>
    <link:loc xlink:type="locator" xlink:href="fsa.xsd#fsa_ManufacturedGoodsAndGoodsForResale" xlink:label="ManufacturedGoodsAndGoodsForResale"/>
    <link:presentationArc xlink:type="arc" xlink:arcrole="http://www.xbrl.org/2003/arcrole/parent-child" xlink:from="Inventories" xlink:to="ManufacturedGoodsAndGoodsForResale" order="30.0"/>
    <link:loc xlink:type="locator" xlink:href="fsa.xsd#fsa_PrepaymentsForGoods" xlink:label="PrepaymentsForGoods"/>
    <link:presentationArc xlink:type="arc" xlink:arcrole="http://www.xbrl.org/2003/arcrole/parent-child" xlink:from="Inventories" xlink:to="PrepaymentsForGoods" order="40.0"/>
    <link:loc xlink:type="locator" xlink:href="fsa.xsd#fsa_Livestock" xlink:label="Livestock"/>
    <link:presentationArc xlink:type="arc" xlink:arcrole="http://www.xbrl.org/2003/arcrole/parent-child" xlink:from="Inventories" xlink:to="Livestock" order="50.0"/>
    <link:loc xlink:type="locator" xlink:href="fsa.xsd#fsa_AssetsMeantForSale" xlink:label="AssetsMeantForSale" xlink:title="AssetsMeantForSale"/>
    <link:presentationArc xlink:type="arc" xlink:arcrole="http://www.xbrl.org/2003/arcrole/parent-child" xlink:from="Inventories" xlink:to="AssetsMeantForSale" xlink:title="presentation: Inventories to AssetsMeantForSale" order="51.0"/>
    <link:loc xlink:type="locator" xlink:href="fsa.xsd#fsa_ShorttermReceivables" xlink:label="ShorttermReceivables"/>
    <link:presentationArc xlink:type="arc" xlink:arcrole="http://www.xbrl.org/2003/arcrole/parent-child" xlink:from="CurrentAssets" xlink:to="ShorttermReceivables" order="20.0"/>
    <link:loc xlink:type="locator" xlink:href="fsa.xsd#fsa_ShorttermTradeReceivables" xlink:label="ShorttermTradeReceivables"/>
    <link:presentationArc xlink:type="arc" xlink:arcrole="http://www.xbrl.org/2003/arcrole/parent-child" xlink:from="ShorttermReceivables" xlink:to="ShorttermTradeReceivables" order="10.0"/>
    <link:loc xlink:type="locator" xlink:href="fsa.xsd#fsa_ContractWorkInProgress" xlink:label="ContractWorkInProgress"/>
    <link:presentationArc xlink:type="arc" xlink:arcrole="http://www.xbrl.org/2003/arcrole/parent-child" xlink:from="ShorttermReceivables" xlink:to="ContractWorkInProgress" order="20.0"/>
    <link:loc xlink:type="locator" xlink:href="fsa.xsd#fsa_ShorttermReceivablesFromGroupEnterprises" xlink:label="ShorttermReceivablesFromGroupEnterprises"/>
    <link:presentationArc xlink:type="arc" xlink:arcrole="http://www.xbrl.org/2003/arcrole/parent-child" xlink:from="ShorttermReceivables" xlink:to="ShorttermReceivablesFromGroupEnterprises" order="30.0"/>
    <link:loc xlink:type="locator" xlink:href="fsa.xsd#fsa_ShorttermReceivablesFromAssociates" xlink:label="ShorttermReceivablesFromAssociates"/>
    <link:presentationArc xlink:type="arc" xlink:arcrole="http://www.xbrl.org/2003/arcrole/parent-child" xlink:from="ShorttermReceivables" xlink:to="ShorttermReceivablesFromAssociates" order="40.0"/>
    <link:loc xlink:type="locator" xlink:href="fsa.xsd#fsa_ShorttermReceivablesFromOwnersAndManagement" xlink:label="ShorttermReceivablesFromOwnersAndManagement"/>
    <link:presentationArc xlink:type="arc" xlink:arcrole="http://www.xbrl.org/2003/arcrole/parent-child" xlink:from="ShorttermReceivables" xlink:to="ShorttermReceivablesFromOwnersAndManagement" order="50.0"/>
    <link:loc xlink:type="locator" xlink:href="fsa.xsd#fsa_ShorttermReceivablesDividendsFromGroupEnterprises" xlink:label="ShorttermReceivablesDividendsFromGroupEnterprises"/>
    <link:presentationArc xlink:type="arc" xlink:arcrole="http://www.xbrl.org/2003/arcrole/parent-child" xlink:from="ShorttermReceivables" xlink:to="ShorttermReceivablesDividendsFromGroupEnterprises" order="60.0"/>
    <link:loc xlink:type="locator" xlink:href="fsa.xsd#fsa_CurrentDeferredTaxAssets" xlink:label="CurrentDeferredTaxAssets"/>
    <link:presentationArc xlink:type="arc" xlink:arcrole="http://www.xbrl.org/2003/arcrole/parent-child" xlink:from="ShorttermReceivables" xlink:to="CurrentDeferredTaxAssets" order="70.0"/>
    <link:loc xlink:type="locator" xlink:href="fsa.xsd#fsa_OtherShorttermReceivables" xlink:label="OtherShorttermReceivables"/>
    <link:presentationArc xlink:type="arc" xlink:arcrole="http://www.xbrl.org/2003/arcrole/parent-child" xlink:from="ShorttermReceivables" xlink:to="OtherShorttermReceivables" order="80.0"/>
    <link:loc xlink:type="locator" xlink:href="fsa.xsd#fsa_ShorttermTaxReceivables" xlink:label="ShorttermTaxReceivables"/>
    <link:presentationArc xlink:type="arc" xlink:arcrole="http://www.xbrl.org/2003/arcrole/parent-child" xlink:from="ShorttermReceivables" xlink:to="ShorttermTaxReceivables" order="90.0"/>
    <link:loc xlink:type="locator" xlink:href="fsa.xsd#fsa_ContributedCapitalInArrears" xlink:label="ContributedCapitalInArrears"/>
    <link:presentationArc xlink:type="arc" xlink:arcrole="http://www.xbrl.org/2003/arcrole/parent-child" xlink:from="ShorttermReceivables" xlink:to="ContributedCapitalInArrears" order="100.0"/>
    <link:loc xlink:type="locator" xlink:href="fsa.xsd#fsa_DeferredIncomeAssets" xlink:label="DeferredIncomeAssets"/>
    <link:presentationArc xlink:type="arc" xlink:arcrole="http://www.xbrl.org/2003/arcrole/parent-child" xlink:from="ShorttermReceivables" xlink:to="DeferredIncomeAssets" order="110.0"/>
    <link:loc xlink:type="locator" xlink:href="fsa.xsd#fsa_CostExceedsIncomeForTheFinancialYearShorttermReceivables" xlink:label="CostExceedsIncomeForTheFinancialYearShorttermReceivables" xlink:title="CostExceedsIncomeForTheFinancialYearShorttermReceivables"/>
    <link:presentationArc xlink:type="arc" xlink:arcrole="http://www.xbrl.org/2003/arcrole/parent-child" xlink:from="ShorttermReceivables" xlink:to="CostExceedsIncomeForTheFinancialYearShorttermReceivables" xlink:title="presentation: ShorttermReceivables to CostExceedsIncomeForTheFinancialYearShorttermReceivables" order="120.0"/>
    <link:loc xlink:type="locator" xlink:href="fsa.xsd#fsa_TimingDifferencesShorttermReceivablesEspeciallyUtilities" xlink:label="TimingDifferencesShorttermReceivablesEspeciallyUtilities" xlink:title="TimingDifferencesShorttermReceivablesEspeciallyUtilities"/>
    <link:presentationArc xlink:type="arc" xlink:arcrole="http://www.xbrl.org/2003/arcrole/parent-child" xlink:from="ShorttermReceivables" xlink:to="TimingDifferencesShorttermReceivablesEspeciallyUtilities" xlink:title="presentation: ShorttermReceivables to TimingDifferencesShorttermReceivablesEspeciallyUtilities" order="130.0"/>
    <link:loc xlink:type="locator" xlink:href="fsa.xsd#fsa_ShorttermTaxReceivablesFromGroupEnterprises" xlink:label="ShorttermTaxReceivablesFromGroupEnterprises" xlink:title="ShorttermTaxReceivablesFromGroupEnterprises"/>
    <link:presentationArc xlink:type="arc" xlink:arcrole="http://www.xbrl.org/2003/arcrole/parent-child" xlink:from="ShorttermReceivables" xlink:to="ShorttermTaxReceivablesFromGroupEnterprises" xlink:title="presentation: ShorttermReceivables to ShorttermTaxReceivablesFromGroupEnterprises" order="95.0"/>
    <link:loc xlink:type="locator" xlink:href="fsa.xsd#fsa_ShorttermInvestments" xlink:label="ShorttermInvestments"/>
    <link:presentationArc xlink:type="arc" xlink:arcrole="http://www.xbrl.org/2003/arcrole/parent-child" xlink:from="CurrentAssets" xlink:to="ShorttermInvestments" order="30.0"/>
    <link:loc xlink:type="locator" xlink:href="fsa.xsd#fsa_ShorttermInvestmentsInGroupEnterprises" xlink:label="ShorttermInvestmentsInGroupEnterprises"/>
    <link:presentationArc xlink:type="arc" xlink:arcrole="http://www.xbrl.org/2003/arcrole/parent-child" xlink:from="ShorttermInvestments" xlink:to="ShorttermInvestmentsInGroupEnterprises" order="10.0"/>
    <link:loc xlink:type="locator" xlink:href="fsa.xsd#fsa_ShorttermInvestmentsInAssociates" xlink:label="ShorttermInvestmentsInAssociates"/>
    <link:presentationArc xlink:type="arc" xlink:arcrole="http://www.xbrl.org/2003/arcrole/parent-child" xlink:from="ShorttermInvestments" xlink:to="ShorttermInvestmentsInAssociates" order="20.0"/>
    <link:loc xlink:type="locator" xlink:href="fsa.xsd#fsa_OtherShorttermInvestments" xlink:label="OtherShorttermInvestments"/>
    <link:presentationArc xlink:type="arc" xlink:arcrole="http://www.xbrl.org/2003/arcrole/parent-child" xlink:from="ShorttermInvestments" xlink:to="OtherShorttermInvestments" order="30.0"/>
    <link:loc xlink:type="locator" xlink:href="fsa.xsd#fsa_InvestmentsInJointVentures" xlink:label="InvestmentsInJointVentures" xlink:title="InvestmentsInJointVentures"/>
    <link:presentationArc xlink:type="arc" xlink:arcrole="http://www.xbrl.org/2003/arcrole/parent-child" xlink:from="ShorttermInvestments" xlink:to="InvestmentsInJointVentures" xlink:title="presentation: ShorttermInvestments to InvestmentsInJointVentures" order="25.0"/>
    <link:loc xlink:type="locator" xlink:href="fsa.xsd#fsa_CashAndCashEquivalents" xlink:label="CashAndCashEquivalents"/>
    <link:presentationArc xlink:type="arc" xlink:arcrole="http://www.xbrl.org/2003/arcrole/parent-child" xlink:from="CurrentAssets" xlink:to="CashAndCashEquivalents" order="40.0"/>
    <link:loc xlink:type="locator" xlink:href="fsa.xsd#fsa_Equity" xlink:label="Equity"/>
    <link:loc xlink:type="locator" xlink:href="fsa.xsd#fsa_ContributedCapital" xlink:label="ContributedCapital"/>
    <link:presentationArc xlink:type="arc" xlink:arcrole="http://www.xbrl.org/2003/arcrole/parent-child" xlink:from="Equity" xlink:to="ContributedCapital" order="10.0"/>
    <link:loc xlink:type="locator" xlink:href="fsa.xsd#fsa_SharePremium" xlink:label="SharePremium"/>
    <link:presentationArc xlink:type="arc" xlink:arcrole="http://www.xbrl.org/2003/arcrole/parent-child" xlink:from="Equity" xlink:to="SharePremium" order="30.0"/>
    <link:loc xlink:type="locator" xlink:href="fsa.xsd#fsa_RevaluationReserve" xlink:label="RevaluationReserve"/>
    <link:presentationArc xlink:type="arc" xlink:arcrole="http://www.xbrl.org/2003/arcrole/parent-child" xlink:from="Equity" xlink:to="RevaluationReserve" order="40.0"/>
    <link:loc xlink:type="locator" xlink:href="fsa.xsd#fsa_OtherReserves" xlink:label="OtherReserves"/>
    <link:presentationArc xlink:type="arc" xlink:arcrole="http://www.xbrl.org/2003/arcrole/parent-child" xlink:from="Equity" xlink:to="OtherReserves" order="50.0"/>
    <link:loc xlink:type="locator" xlink:href="fsa.xsd#fsa_ReserveForNetRevaluationAccordingToEquityMethod" xlink:label="ReserveForNetRevaluationAccordingToEquityMethod"/>
    <link:presentationArc xlink:type="arc" xlink:arcrole="http://www.xbrl.org/2003/arcrole/parent-child" xlink:from="OtherReserves" xlink:to="ReserveForNetRevaluationAccordingToEquityMethod" order="10.0"/>
    <link:loc xlink:type="locator" xlink:href="fsa.xsd#fsa_ReserveForLoansAndCollaterals" xlink:label="ReserveForLoansAndCollaterals"/>
    <link:presentationArc xlink:type="arc" xlink:arcrole="http://www.xbrl.org/2003/arcrole/parent-child" xlink:from="OtherReserves" xlink:to="ReserveForLoansAndCollaterals" order="20.0"/>
    <link:loc xlink:type="locator" xlink:href="fsa.xsd#fsa_ReserveForUnpaidContributedCapital" xlink:label="ReserveForUnpaidContributedCapital"/>
    <link:presentationArc xlink:type="arc" xlink:arcrole="http://www.xbrl.org/2003/arcrole/parent-child" xlink:from="OtherReserves" xlink:to="ReserveForUnpaidContributedCapital" order="30.0"/>
    <link:loc xlink:type="locator" xlink:href="fsa.xsd#fsa_OtherStatutoryReserves" xlink:label="OtherStatutoryReserves"/>
    <link:presentationArc xlink:type="arc" xlink:arcrole="http://www.xbrl.org/2003/arcrole/parent-child" xlink:from="OtherReserves" xlink:to="OtherStatutoryReserves" order="40.0"/>
    <link:loc xlink:type="locator" xlink:href="fsa.xsd#fsa_ReserveAccordingToArticlesOfAssociation" xlink:label="ReserveAccordingToArticlesOfAssociation"/>
    <link:presentationArc xlink:type="arc" xlink:arcrole="http://www.xbrl.org/2003/arcrole/parent-child" xlink:from="OtherReserves" xlink:to="ReserveAccordingToArticlesOfAssociation" order="50.0"/>
    <link:loc xlink:type="locator" xlink:href="fsa.xsd#fsa_RestOfOtherReserves" xlink:label="RestOfOtherReserves"/>
    <link:presentationArc xlink:type="arc" xlink:arcrole="http://www.xbrl.org/2003/arcrole/parent-child" xlink:from="OtherReserves" xlink:to="RestOfOtherReserves" order="70.0"/>
    <link:loc xlink:type="locator" xlink:href="fsa.xsd#fsa_ReserveForNetRevaluationOfInvestmentAssets" xlink:label="ReserveForNetRevaluationOfInvestmentAssets" xlink:title="ReserveForNetRevaluationOfInvestmentAssets"/>
    <link:presentationArc xlink:type="arc" xlink:arcrole="http://www.xbrl.org/2003/arcrole/parent-child" xlink:from="OtherReserves" xlink:to="ReserveForNetRevaluationOfInvestmentAssets" xlink:title="presentation: OtherReserves to ReserveForNetRevaluationOfInvestmentAssets" order="35.0"/>
    <link:loc xlink:type="locator" xlink:href="fsa.xsd#fsa_ReserveForBiologicalAssets" xlink:label="ReserveForBiologicalAssets"/>
    <link:presentationArc xlink:type="arc" xlink:arcrole="http://www.xbrl.org/2003/arcrole/parent-child" xlink:from="OtherReserves" xlink:to="ReserveForBiologicalAssets" xlink:title="presentation: OtherReserves to ReserveForBiologicalAssets" order="61.0"/>
    <link:loc xlink:type="locator" xlink:href="fsa.xsd#fsa_RetainedEarnings" xlink:label="RetainedEarnings"/>
    <link:presentationArc xlink:type="arc" xlink:arcrole="http://www.xbrl.org/2003/arcrole/parent-child" xlink:from="Equity" xlink:to="RetainedEarnings" order="60.0"/>
    <link:loc xlink:type="locator" xlink:href="fsa.xsd#fsa_Distributions" xlink:label="Distributions"/>
    <link:presentationArc xlink:type="arc" xlink:arcrole="http://www.xbrl.org/2003/arcrole/parent-child" xlink:from="Equity" xlink:to="Distributions" order="70.0"/>
    <link:loc xlink:type="locator" xlink:href="fsa.xsd#fsa_ProposedDividendRecognisedInEquity" xlink:label="ProposedDividendRecognisedInEquity"/>
    <link:presentationArc xlink:type="arc" xlink:arcrole="http://www.xbrl.org/2003/arcrole/parent-child" xlink:from="Equity" xlink:to="ProposedDividendRecognisedInEquity" order="80.0"/>
    <link:loc xlink:type="locator" xlink:href="fsa.xsd#fsa_NotPaidContributedCapital" xlink:label="NotPaidContributedCapital"/>
    <link:presentationArc xlink:type="arc" xlink:arcrole="http://www.xbrl.org/2003/arcrole/parent-child" xlink:from="Equity" xlink:to="NotPaidContributedCapital" order="90.0"/>
    <link:loc xlink:type="locator" xlink:href="fsa.xsd#fsa_PaidContributedCapital" xlink:label="PaidContributedCapital"/>
    <link:presentationArc xlink:type="arc" xlink:arcrole="http://www.xbrl.org/2003/arcrole/parent-child" xlink:from="Equity" xlink:to="PaidContributedCapital" order="20.0"/>
    <link:loc xlink:type="locator" xlink:href="fsa.xsd#fsa_HedgeFund" xlink:label="HedgeFund" xlink:title="HedgeFund"/>
    <link:presentationArc xlink:type="arc" xlink:arcrole="http://www.xbrl.org/2003/arcrole/parent-child" xlink:from="Equity" xlink:to="HedgeFund" xlink:title="presentation: Equity to HedgeFund" order="101.0"/>
    <link:loc xlink:type="locator" xlink:href="fsa.xsd#fsa_ReserveFund" xlink:label="ReserveFund" xlink:title="ReserveFund"/>
    <link:presentationArc xlink:type="arc" xlink:arcrole="http://www.xbrl.org/2003/arcrole/parent-child" xlink:from="Equity" xlink:to="ReserveFund" xlink:title="presentation: Equity to ReserveFund" order="102.0"/>
    <link:loc xlink:type="locator" xlink:href="fsa.xsd#fsa_TransferredToFromReservesAvailable" xlink:label="TransferredToFromReservesAvailable" xlink:title="TransferredToFromReservesAvailable"/>
    <link:presentationArc xlink:type="arc" xlink:arcrole="http://www.xbrl.org/2003/arcrole/parent-child" xlink:from="Equity" xlink:to="TransferredToFromReservesAvailable" xlink:title="presentation: Equity to TransferredToFromReservesAvailable" order="103.0"/>
    <link:loc xlink:type="locator" xlink:href="fsa.xsd#fsa_ProposedExtraordinaryDividendRecognisedInEquity" xlink:label="ProposedExtraordinaryDividendRecognisedInEquity" xlink:title="ProposedExtraordinaryDividendRecognisedInEquity"/>
    <link:presentationArc xlink:type="arc" xlink:arcrole="http://www.xbrl.org/2003/arcrole/parent-child" xlink:from="Equity" xlink:to="ProposedExtraordinaryDividendRecognisedInEquity" xlink:title="presentation: Equity to ProposedExtraordinaryDividendRecognisedInEquity" order="85.0"/>
    <link:loc xlink:type="locator" xlink:href="fsa.xsd#fsa_LiquidationAccount" xlink:label="LiquidationAccount" xlink:title="LiquidationAccount"/>
    <link:presentationArc xlink:type="arc" xlink:arcrole="http://www.xbrl.org/2003/arcrole/parent-child" xlink:from="Equity" xlink:to="LiquidationAccount" xlink:title="presentation: Equity to LiquidationAccount" order="104.0"/>
    <link:loc xlink:type="locator" xlink:href="fsa.xsd#fsa_ReserveForEntrepreneurialCompany" xlink:label="ReserveForEntrepreneurialCompany" xlink:title="ReserveForEntrepreneurialCompany"/>
    <link:presentationArc xlink:type="arc" xlink:arcrole="http://www.xbrl.org/2003/arcrole/parent-child" xlink:from="Equity" xlink:to="ReserveForEntrepreneurialCompany" xlink:title="presentation: Equity to ReserveForEntrepreneurialCompany" order="95.0"/>
    <link:loc xlink:type="locator" xlink:href="fsa.xsd#fsa_Provisions" xlink:label="Provisions"/>
    <link:loc xlink:type="locator" xlink:href="fsa.xsd#fsa_ProvisionsForPensionsAndSimilarLiabilities" xlink:label="ProvisionsForPensionsAndSimilarLiabilities"/>
    <link:presentationArc xlink:type="arc" xlink:arcrole="http://www.xbrl.org/2003/arcrole/parent-child" xlink:from="Provisions" xlink:to="ProvisionsForPensionsAndSimilarLiabilities" order="10.0"/>
    <link:loc xlink:type="locator" xlink:href="fsa.xsd#fsa_ProvisionsForDeferredTax" xlink:label="ProvisionsForDeferredTax"/>
    <link:presentationArc xlink:type="arc" xlink:arcrole="http://www.xbrl.org/2003/arcrole/parent-child" xlink:from="Provisions" xlink:to="ProvisionsForDeferredTax" order="20.0"/>
    <link:loc xlink:type="locator" xlink:href="fsa.xsd#fsa_OtherProvisions" xlink:label="OtherProvisions"/>
    <link:presentationArc xlink:type="arc" xlink:arcrole="http://www.xbrl.org/2003/arcrole/parent-child" xlink:from="Provisions" xlink:to="OtherProvisions" order="30.0"/>
    <link:loc xlink:type="locator" xlink:href="fsa.xsd#fsa_ProvisionsForInvestmentsInGroupEnterprises" xlink:label="ProvisionsForInvestmentsInGroupEnterprises"/>
    <link:presentationArc xlink:type="arc" xlink:arcrole="http://www.xbrl.org/2003/arcrole/parent-child" xlink:from="Provisions" xlink:to="ProvisionsForInvestmentsInGroupEnterprises" order="40.0"/>
    <link:loc xlink:type="locator" xlink:href="fsa.xsd#fsa_ProvisionsForInvestmentsInGroupAssociates" xlink:label="ProvisionsForInvestmentsInGroupAssociates"/>
    <link:presentationArc xlink:type="arc" xlink:arcrole="http://www.xbrl.org/2003/arcrole/parent-child" xlink:from="Provisions" xlink:to="ProvisionsForInvestmentsInGroupAssociates" order="50.0"/>
    <link:loc xlink:type="locator" xlink:href="fsa.xsd#fsa_ProvisionsForIncomeExceedCostForTheFinancialYear" xlink:label="ProvisionsForIncomeExceedCostForTheFinancialYear" xlink:title="ProvisionsForIncomeExceedCostForTheFinancialYear"/>
    <link:presentationArc xlink:type="arc" xlink:arcrole="http://www.xbrl.org/2003/arcrole/parent-child" xlink:from="Provisions" xlink:to="ProvisionsForIncomeExceedCostForTheFinancialYear" xlink:title="presentation: Provisions to ProvisionsForIncomeExceedCostForTheFinancialYear" order="60.0"/>
    <link:loc xlink:type="locator" xlink:href="fsa.xsd#fsa_TimingDifferencesProvisionsEspeciallyUtilities" xlink:label="TimingDifferencesProvisionsEspeciallyUtilities" xlink:title="TimingDifferencesProvisionsEspeciallyUtilities"/>
    <link:presentationArc xlink:type="arc" xlink:arcrole="http://www.xbrl.org/2003/arcrole/parent-child" xlink:from="Provisions" xlink:to="TimingDifferencesProvisionsEspeciallyUtilities" xlink:title="presentation: Provisions to TimingDifferencesProvisionsEspeciallyUtilities" order="70.0"/>
    <link:loc xlink:type="locator" xlink:href="fsa.xsd#fsa_ShorttermLiabilitiesOtherThanProvisions" xlink:label="ShorttermLiabilitiesOtherThanProvisions"/>
    <link:loc xlink:type="locator" xlink:href="fsa.xsd#fsa_ShorttermMortgageDebt" xlink:label="ShorttermMortgageDebt"/>
    <link:presentationArc xlink:type="arc" xlink:arcrole="http://www.xbrl.org/2003/arcrole/parent-child" xlink:from="ShorttermLiabilitiesOtherThanProvisions" xlink:to="ShorttermMortgageDebt" order="10.0"/>
    <link:loc xlink:type="locator" xlink:href="fsa.xsd#fsa_ShorttermDebtToBanks" xlink:label="ShorttermDebtToBanks"/>
    <link:presentationArc xlink:type="arc" xlink:arcrole="http://www.xbrl.org/2003/arcrole/parent-child" xlink:from="ShorttermLiabilitiesOtherThanProvisions" xlink:to="ShorttermDebtToBanks" order="20.0"/>
    <link:loc xlink:type="locator" xlink:href="fsa.xsd#fsa_OtherShorttermDebtRaisedByIssuanceOfBonds" xlink:label="OtherShorttermDebtRaisedByIssuanceOfBonds"/>
    <link:presentationArc xlink:type="arc" xlink:arcrole="http://www.xbrl.org/2003/arcrole/parent-child" xlink:from="ShorttermLiabilitiesOtherThanProvisions" xlink:to="OtherShorttermDebtRaisedByIssuanceOfBonds" order="30.0"/>
    <link:loc xlink:type="locator" xlink:href="fsa.xsd#fsa_ShorttermDebtToOtherCreditInstitutions" xlink:label="ShorttermDebtToOtherCreditInstitutions"/>
    <link:presentationArc xlink:type="arc" xlink:arcrole="http://www.xbrl.org/2003/arcrole/parent-child" xlink:from="ShorttermLiabilitiesOtherThanProvisions" xlink:to="ShorttermDebtToOtherCreditInstitutions" order="40.0"/>
    <link:loc xlink:type="locator" xlink:href="fsa.xsd#fsa_ConvertibleProfitYieldingOrDividendYieldingShorttermDebtInstruments" xlink:label="ConvertibleProfitYieldingOrDividendYieldingShorttermDebtInstruments"/>
    <link:presentationArc xlink:type="arc" xlink:arcrole="http://www.xbrl.org/2003/arcrole/parent-child" xlink:from="ShorttermLiabilitiesOtherThanProvisions" xlink:to="ConvertibleProfitYieldingOrDividendYieldingShorttermDebtInstruments" order="50.0"/>
    <link:loc xlink:type="locator" xlink:href="fsa.xsd#fsa_ShorttermPrepaymentsReceivedFromCustomers" xlink:label="ShorttermPrepaymentsReceivedFromCustomers"/>
    <link:presentationArc xlink:type="arc" xlink:arcrole="http://www.xbrl.org/2003/arcrole/parent-child" xlink:from="ShorttermLiabilitiesOtherThanProvisions" xlink:to="ShorttermPrepaymentsReceivedFromCustomers" order="60.0"/>
    <link:loc xlink:type="locator" xlink:href="fsa.xsd#fsa_ShorttermTradePayables" xlink:label="ShorttermTradePayables"/>
    <link:presentationArc xlink:type="arc" xlink:arcrole="http://www.xbrl.org/2003/arcrole/parent-child" xlink:from="ShorttermLiabilitiesOtherThanProvisions" xlink:to="ShorttermTradePayables" order="70.0"/>
    <link:loc xlink:type="locator" xlink:href="fsa.xsd#fsa_ShorttermPayablesToGroupEnterprises" xlink:label="ShorttermPayablesToGroupEnterprises"/>
    <link:presentationArc xlink:type="arc" xlink:arcrole="http://www.xbrl.org/2003/arcrole/parent-child" xlink:from="ShorttermLiabilitiesOtherThanProvisions" xlink:to="ShorttermPayablesToGroupEnterprises" order="80.0"/>
    <link:loc xlink:type="locator" xlink:href="fsa.xsd#fsa_ShorttermPayablesToAssociates" xlink:label="ShorttermPayablesToAssociates"/>
    <link:presentationArc xlink:type="arc" xlink:arcrole="http://www.xbrl.org/2003/arcrole/parent-child" xlink:from="ShorttermLiabilitiesOtherThanProvisions" xlink:to="ShorttermPayablesToAssociates" order="90.0"/>
    <link:loc xlink:type="locator" xlink:href="fsa.xsd#fsa_ShorttermTaxPayables" xlink:label="ShorttermTaxPayables"/>
    <link:presentationArc xlink:type="arc" xlink:arcrole="http://www.xbrl.org/2003/arcrole/parent-child" xlink:from="ShorttermLiabilitiesOtherThanProvisions" xlink:to="ShorttermTaxPayables" order="100.0"/>
    <link:loc xlink:type="locator" xlink:href="fsa.xsd#fsa_ShorttermTaxPayablesToGroupEnterprises" xlink:label="ShorttermTaxPayablesToGroupEnterprises"/>
    <link:presentationArc xlink:type="arc" xlink:arcrole="http://www.xbrl.org/2003/arcrole/parent-child" xlink:from="ShorttermLiabilitiesOtherThanProvisions" xlink:to="ShorttermTaxPayablesToGroupEnterprises" order="110.0"/>
    <link:loc xlink:type="locator" xlink:href="fsa.xsd#fsa_OtherShorttermPayables" xlink:label="OtherShorttermPayables"/>
    <link:presentationArc xlink:type="arc" xlink:arcrole="http://www.xbrl.org/2003/arcrole/parent-child" xlink:from="ShorttermLiabilitiesOtherThanProvisions" xlink:to="OtherShorttermPayables" order="120.0"/>
    <link:loc xlink:type="locator" xlink:href="fsa.xsd#fsa_ShorttermDeferredIncome" xlink:label="ShorttermDeferredIncome"/>
    <link:presentationArc xlink:type="arc" xlink:arcrole="http://www.xbrl.org/2003/arcrole/parent-child" xlink:from="ShorttermLiabilitiesOtherThanProvisions" xlink:to="ShorttermDeferredIncome" order="130.0"/>
    <link:loc xlink:type="locator" xlink:href="fsa.xsd#fsa_ShorttermNegativeGoodwill" xlink:label="ShorttermNegativeGoodwill"/>
    <link:presentationArc xlink:type="arc" xlink:arcrole="http://www.xbrl.org/2003/arcrole/parent-child" xlink:from="ShorttermLiabilitiesOtherThanProvisions" xlink:to="ShorttermNegativeGoodwill" order="140.0"/>
    <link:loc xlink:type="locator" xlink:href="fsa.xsd#fsa_ShorttermLeaseCommitments" xlink:label="ShorttermLeaseCommitments"/>
    <link:presentationArc xlink:type="arc" xlink:arcrole="http://www.xbrl.org/2003/arcrole/parent-child" xlink:from="ShorttermLiabilitiesOtherThanProvisions" xlink:to="ShorttermLeaseCommitments" order="150.0"/>
    <link:loc xlink:type="locator" xlink:href="fsa.xsd#fsa_ProposedDividend" xlink:label="ProposedDividend"/>
    <link:presentationArc xlink:type="arc" xlink:arcrole="http://www.xbrl.org/2003/arcrole/parent-child" xlink:from="ShorttermLiabilitiesOtherThanProvisions" xlink:to="ProposedDividend" order="160.0"/>
    <link:loc xlink:type="locator" xlink:href="fsa.xsd#fsa_ShorttermEquityLoan" xlink:label="ShorttermEquityLoan"/>
    <link:presentationArc xlink:type="arc" xlink:arcrole="http://www.xbrl.org/2003/arcrole/parent-child" xlink:from="ShorttermLiabilitiesOtherThanProvisions" xlink:to="ShorttermEquityLoan" order="170.0"/>
    <link:loc xlink:type="locator" xlink:href="fsa.xsd#fsa_ShorttermPayablesToShareholdersAndManagement" xlink:label="ShorttermPayablesToShareholdersAndManagement"/>
    <link:presentationArc xlink:type="arc" xlink:arcrole="http://www.xbrl.org/2003/arcrole/parent-child" xlink:from="ShorttermLiabilitiesOtherThanProvisions" xlink:to="ShorttermPayablesToShareholdersAndManagement" order="180.0"/>
    <link:loc xlink:type="locator" xlink:href="fsa.xsd#fsa_ShorttermPrepaymentsOfWorkInProgress" xlink:label="ShorttermPrepaymentsOfWorkInProgress"/>
    <link:presentationArc xlink:type="arc" xlink:arcrole="http://www.xbrl.org/2003/arcrole/parent-child" xlink:from="ShorttermLiabilitiesOtherThanProvisions" xlink:to="ShorttermPrepaymentsOfWorkInProgress" order="190.0"/>
    <link:loc xlink:type="locator" xlink:href="fsa.xsd#fsa_ShorttermContractWorkInProgressLiabilities" xlink:label="ShorttermContractWorkInProgressLiabilities"/>
    <link:presentationArc xlink:type="arc" xlink:arcrole="http://www.xbrl.org/2003/arcrole/parent-child" xlink:from="ShorttermLiabilitiesOtherThanProvisions" xlink:to="ShorttermContractWorkInProgressLiabilities" order="200.0"/>
    <link:loc xlink:type="locator" xlink:href="fsa.xsd#fsa_ShorttermPartOfLongtermLiabilitiesOtherThanProvisions" xlink:label="ShorttermPartOfLongtermLiabilitiesOtherThanProvisions"/>
    <link:presentationArc xlink:type="arc" xlink:arcrole="http://www.xbrl.org/2003/arcrole/parent-child" xlink:from="ShorttermLiabilitiesOtherThanProvisions" xlink:to="ShorttermPartOfLongtermLiabilitiesOtherThanProvisions" order="210.0"/>
    <link:loc xlink:type="locator" xlink:href="fsa.xsd#fsa_DepositsShorttermLiabilitiesOtherThanProvisions" xlink:label="DepositsShorttermLiabilitiesOtherThanProvisions" xlink:title="DepositsShorttermLiabilitiesOtherThanProvisions"/>
    <link:presentationArc xlink:type="arc" xlink:arcrole="http://www.xbrl.org/2003/arcrole/parent-child" xlink:from="ShorttermLiabilitiesOtherThanProvisions" xlink:to="DepositsShorttermLiabilitiesOtherThanProvisions" xlink:title="presentation: ShorttermLiabilitiesOtherThanProvisions to DepositsShorttermLiabilitiesOtherThanProvisions" order="205.0"/>
    <link:loc xlink:type="locator" xlink:href="fsa.xsd#fsa_IncomeExceedCostForTheFinancialYearShortterm" xlink:label="IncomeExceedCostForTheFinancialYearShortterm" xlink:title="IncomeExceedCostForTheFinancialYearShortterm"/>
    <link:presentationArc xlink:type="arc" xlink:arcrole="http://www.xbrl.org/2003/arcrole/parent-child" xlink:from="ShorttermLiabilitiesOtherThanProvisions" xlink:to="IncomeExceedCostForTheFinancialYearShortterm" xlink:title="presentation: ShorttermLiabilitiesOtherThanProvisions to IncomeExceedCostForTheFinancialYearShortterm" order="211.0"/>
    <link:loc xlink:type="locator" xlink:href="fsa.xsd#fsa_ShorttermPayablesToJointVentures" xlink:label="ShorttermPayablesToJointVentures" xlink:title="ShorttermPayablesToJointVentures"/>
    <link:presentationArc xlink:type="arc" xlink:arcrole="http://www.xbrl.org/2003/arcrole/parent-child" xlink:from="ShorttermLiabilitiesOtherThanProvisions" xlink:to="ShorttermPayablesToJointVentures" xlink:title="presentation: ShorttermLiabilitiesOtherThanProvisions to ShorttermPayablesToJointVentures" order="95.0"/>
    <link:loc xlink:type="locator" xlink:href="fsa.xsd#fsa_LongtermLiabilitiesOtherThanProvisions" xlink:label="LongtermLiabilitiesOtherThanProvisions"/>
    <link:loc xlink:type="locator" xlink:href="fsa.xsd#fsa_LongtermPayablesToShareholdersAndManagement" xlink:label="LongtermPayablesToShareholdersAndManagement" xlink:title="LongtermPayablesToShareholdersAndManagement"/>
    <link:presentationArc xlink:type="arc" xlink:arcrole="http://www.xbrl.org/2003/arcrole/parent-child" xlink:from="LongtermLiabilitiesOtherThanProvisions" xlink:to="LongtermPayablesToShareholdersAndManagement" xlink:title="presentation: LongtermLiabilitiesOtherThanProvisions to LongtermPayablesToShareholdersAndManagement" order="55.0"/>
    <link:loc xlink:type="locator" xlink:href="fsa.xsd#fsa_LongtermEquityLoan" xlink:label="LongtermEquityLoan"/>
    <link:presentationArc xlink:type="arc" xlink:arcrole="http://www.xbrl.org/2003/arcrole/parent-child" xlink:from="LongtermLiabilitiesOtherThanProvisions" xlink:to="LongtermEquityLoan" order="170.0"/>
    <link:loc xlink:type="locator" xlink:href="fsa.xsd#fsa_LongtermLeaseCommitments" xlink:label="LongtermLeaseCommitments"/>
    <link:presentationArc xlink:type="arc" xlink:arcrole="http://www.xbrl.org/2003/arcrole/parent-child" xlink:from="LongtermLiabilitiesOtherThanProvisions" xlink:to="LongtermLeaseCommitments" order="160.0"/>
    <link:loc xlink:type="locator" xlink:href="fsa.xsd#fsa_LongtermNegativeGoodwill" xlink:label="LongtermNegativeGoodwill"/>
    <link:presentationArc xlink:type="arc" xlink:arcrole="http://www.xbrl.org/2003/arcrole/parent-child" xlink:from="LongtermLiabilitiesOtherThanProvisions" xlink:to="LongtermNegativeGoodwill" order="150.0"/>
    <link:loc xlink:type="locator" xlink:href="fsa.xsd#fsa_LongtermDeferredIncome" xlink:label="LongtermDeferredIncome"/>
    <link:presentationArc xlink:type="arc" xlink:arcrole="http://www.xbrl.org/2003/arcrole/parent-child" xlink:from="LongtermLiabilitiesOtherThanProvisions" xlink:to="LongtermDeferredIncome" order="140.0"/>
    <link:loc xlink:type="locator" xlink:href="fsa.xsd#fsa_OtherLongtermPayables" xlink:label="OtherLongtermPayables"/>
    <link:presentationArc xlink:type="arc" xlink:arcrole="http://www.xbrl.org/2003/arcrole/parent-child" xlink:from="LongtermLiabilitiesOtherThanProvisions" xlink:to="OtherLongtermPayables" order="130.0"/>
    <link:loc xlink:type="locator" xlink:href="fsa.xsd#fsa_LongtermTaxPayablesToGroupEnterprises" xlink:label="LongtermTaxPayablesToGroupEnterprises"/>
    <link:presentationArc xlink:type="arc" xlink:arcrole="http://www.xbrl.org/2003/arcrole/parent-child" xlink:from="LongtermLiabilitiesOtherThanProvisions" xlink:to="LongtermTaxPayablesToGroupEnterprises" order="120.0"/>
    <link:loc xlink:type="locator" xlink:href="fsa.xsd#fsa_LongtermTaxPayables" xlink:label="LongtermTaxPayables"/>
    <link:presentationArc xlink:type="arc" xlink:arcrole="http://www.xbrl.org/2003/arcrole/parent-child" xlink:from="LongtermLiabilitiesOtherThanProvisions" xlink:to="LongtermTaxPayables" order="110.0"/>
    <link:loc xlink:type="locator" xlink:href="fsa.xsd#fsa_LongtermPayablesToAssociates" xlink:label="LongtermPayablesToAssociates"/>
    <link:presentationArc xlink:type="arc" xlink:arcrole="http://www.xbrl.org/2003/arcrole/parent-child" xlink:from="LongtermLiabilitiesOtherThanProvisions" xlink:to="LongtermPayablesToAssociates" order="100.0"/>
    <link:loc xlink:type="locator" xlink:href="fsa.xsd#fsa_LongtermPayablesToGroupEnterprises" xlink:label="LongtermPayablesToGroupEnterprises"/>
    <link:presentationArc xlink:type="arc" xlink:arcrole="http://www.xbrl.org/2003/arcrole/parent-child" xlink:from="LongtermLiabilitiesOtherThanProvisions" xlink:to="LongtermPayablesToGroupEnterprises" order="90.0"/>
    <link:loc xlink:type="locator" xlink:href="fsa.xsd#fsa_LongtermTradePayables" xlink:label="LongtermTradePayables"/>
    <link:presentationArc xlink:type="arc" xlink:arcrole="http://www.xbrl.org/2003/arcrole/parent-child" xlink:from="LongtermLiabilitiesOtherThanProvisions" xlink:to="LongtermTradePayables" order="80.0"/>
    <link:loc xlink:type="locator" xlink:href="fsa.xsd#fsa_LongtermContractWorkInProgressLiabilities" xlink:label="LongtermContractWorkInProgressLiabilities"/>
    <link:presentationArc xlink:type="arc" xlink:arcrole="http://www.xbrl.org/2003/arcrole/parent-child" xlink:from="LongtermLiabilitiesOtherThanProvisions" xlink:to="LongtermContractWorkInProgressLiabilities" order="70.0"/>
    <link:loc xlink:type="locator" xlink:href="fsa.xsd#fsa_LongtermPrepaymentsReceivedFromCustomers" xlink:label="LongtermPrepaymentsReceivedFromCustomers"/>
    <link:presentationArc xlink:type="arc" xlink:arcrole="http://www.xbrl.org/2003/arcrole/parent-child" xlink:from="LongtermLiabilitiesOtherThanProvisions" xlink:to="LongtermPrepaymentsReceivedFromCustomers" order="60.0"/>
    <link:loc xlink:type="locator" xlink:href="fsa.xsd#fsa_ConvertibleProfitYieldingOrDividendYieldingLongtermDebtInstruments" xlink:label="ConvertibleProfitYieldingOrDividendYieldingLongtermDebtInstruments"/>
    <link:presentationArc xlink:type="arc" xlink:arcrole="http://www.xbrl.org/2003/arcrole/parent-child" xlink:from="LongtermLiabilitiesOtherThanProvisions" xlink:to="ConvertibleProfitYieldingOrDividendYieldingLongtermDebtInstruments" order="50.0"/>
    <link:loc xlink:type="locator" xlink:href="fsa.xsd#fsa_LongtermDebtToOtherCreditInstitutions" xlink:label="LongtermDebtToOtherCreditInstitutions"/>
    <link:presentationArc xlink:type="arc" xlink:arcrole="http://www.xbrl.org/2003/arcrole/parent-child" xlink:from="LongtermLiabilitiesOtherThanProvisions" xlink:to="LongtermDebtToOtherCreditInstitutions" order="40.0"/>
    <link:loc xlink:type="locator" xlink:href="fsa.xsd#fsa_OtherLongtermDebtRaisedByIssuanceOfBonds" xlink:label="OtherLongtermDebtRaisedByIssuanceOfBonds"/>
    <link:presentationArc xlink:type="arc" xlink:arcrole="http://www.xbrl.org/2003/arcrole/parent-child" xlink:from="LongtermLiabilitiesOtherThanProvisions" xlink:to="OtherLongtermDebtRaisedByIssuanceOfBonds" order="30.0"/>
    <link:loc xlink:type="locator" xlink:href="fsa.xsd#fsa_LongtermDebtToBanks" xlink:label="LongtermDebtToBanks"/>
    <link:presentationArc xlink:type="arc" xlink:arcrole="http://www.xbrl.org/2003/arcrole/parent-child" xlink:from="LongtermLiabilitiesOtherThanProvisions" xlink:to="LongtermDebtToBanks" order="20.0"/>
    <link:loc xlink:type="locator" xlink:href="fsa.xsd#fsa_LongtermMortgageDebt" xlink:label="LongtermMortgageDebt"/>
    <link:presentationArc xlink:type="arc" xlink:arcrole="http://www.xbrl.org/2003/arcrole/parent-child" xlink:from="LongtermLiabilitiesOtherThanProvisions" xlink:to="LongtermMortgageDebt" order="10.0"/>
    <link:loc xlink:type="locator" xlink:href="fsa.xsd#fsa_DepositsLongtermLiabilitiesOtherThanProvisions" xlink:label="DepositsLongtermLiabilitiesOtherThanProvisions" xlink:title="DepositsLongtermLiabilitiesOtherThanProvisions"/>
    <link:presentationArc xlink:type="arc" xlink:arcrole="http://www.xbrl.org/2003/arcrole/parent-child" xlink:from="LongtermLiabilitiesOtherThanProvisions" xlink:to="DepositsLongtermLiabilitiesOtherThanProvisions" xlink:title="presentation: LongtermLiabilitiesOtherThanProvisions to DepositsLongtermLiabilitiesOtherThanProvisions" order="180.0"/>
    <link:loc xlink:type="locator" xlink:href="fsa.xsd#fsa_IncomeExceedCostForTheFinancialYearLongterm" xlink:label="IncomeExceedCostForTheFinancialYearLongterm" xlink:title="IncomeExceedCostForTheFinancialYearLongterm"/>
    <link:presentationArc xlink:type="arc" xlink:arcrole="http://www.xbrl.org/2003/arcrole/parent-child" xlink:from="LongtermLiabilitiesOtherThanProvisions" xlink:to="IncomeExceedCostForTheFinancialYearLongterm" xlink:title="presentation: LongtermLiabilitiesOtherThanProvisions to IncomeExceedCostForTheFinancialYearLongterm" order="181.0"/>
    <link:loc xlink:type="locator" xlink:href="fsa.xsd#fsa_LongtermPrepaymentsOfWorkInProgress" xlink:label="LongtermPrepaymentsOfWorkInProgress" xlink:title="LongtermPrepaymentsOfWorkInProgress"/>
    <link:presentationArc xlink:type="arc" xlink:arcrole="http://www.xbrl.org/2003/arcrole/parent-child" xlink:from="LongtermLiabilitiesOtherThanProvisions" xlink:to="LongtermPrepaymentsOfWorkInProgress" xlink:title="presentation: LongtermLiabilitiesOtherThanProvisions to LongtermPrepaymentsOfWorkInProgress" order="182.0"/>
    <link:loc xlink:type="locator" xlink:href="fsa.xsd#fsa_LongtermPayablesToJointVentures" xlink:label="LongtermPayablesToJointVentures" xlink:title="LongtermPayablesToJointVentures"/>
    <link:presentationArc xlink:type="arc" xlink:arcrole="http://www.xbrl.org/2003/arcrole/parent-child" xlink:from="LongtermLiabilitiesOtherThanProvisions" xlink:to="LongtermPayablesToJointVentures" xlink:title="presentation: LongtermLiabilitiesOtherThanProvisions to LongtermPayablesToJointVentures" order="105.0"/>
    <link:loc xlink:type="locator" xlink:href="fsa.xsd#fsa_BalanceSheetReportFormAbstract" xlink:label="BalanceSheetReportFormAbstract"/>
    <link:presentationArc xlink:type="arc" xlink:arcrole="http://www.xbrl.org/2003/arcrole/parent-child" xlink:from="BalanceSheetReportFormAbstract" xlink:to="CommonHypercube" order="10.0"/>
    <link:presentationArc xlink:type="arc" xlink:arcrole="http://www.xbrl.org/2003/arcrole/parent-child" xlink:from="BalanceSheetReportFormAbstract" xlink:to="NoncurrentAssets" order="20.0"/>
    <link:presentationArc xlink:type="arc" xlink:arcrole="http://www.xbrl.org/2003/arcrole/parent-child" xlink:from="BalanceSheetReportFormAbstract" xlink:to="CurrentAssets" order="30.0"/>
    <link:presentationArc xlink:type="arc" xlink:arcrole="http://www.xbrl.org/2003/arcrole/parent-child" xlink:from="BalanceSheetReportFormAbstract" xlink:to="ShorttermLiabilitiesOtherThanProvisions" order="40.0"/>
    <link:loc xlink:type="locator" xlink:href="fsa.xsd#fsa_CurrentAssetsLessShorttermLiabilitiesOtherThanProvisions" xlink:label="CurrentAssetsLessShorttermLiabilitiesOtherThanProvisions"/>
    <link:presentationArc xlink:type="arc" xlink:arcrole="http://www.xbrl.org/2003/arcrole/parent-child" xlink:from="BalanceSheetReportFormAbstract" xlink:to="CurrentAssetsLessShorttermLiabilitiesOtherThanProvisions" order="50.0"/>
    <link:loc xlink:type="locator" xlink:href="fsa.xsd#fsa_AssetsLessShorttermLiabilitiesOtherThanProvisions" xlink:label="AssetsLessShorttermLiabilitiesOtherThanProvisions"/>
    <link:presentationArc xlink:type="arc" xlink:arcrole="http://www.xbrl.org/2003/arcrole/parent-child" xlink:from="BalanceSheetReportFormAbstract" xlink:to="AssetsLessShorttermLiabilitiesOtherThanProvisions" order="60.0"/>
    <link:presentationArc xlink:type="arc" xlink:arcrole="http://www.xbrl.org/2003/arcrole/parent-child" xlink:from="BalanceSheetReportFormAbstract" xlink:to="Provisions" order="80.0"/>
    <link:presentationArc xlink:type="arc" xlink:arcrole="http://www.xbrl.org/2003/arcrole/parent-child" xlink:from="BalanceSheetReportFormAbstract" xlink:to="Equity" order="90.0"/>
    <link:presentationArc xlink:type="arc" xlink:arcrole="http://www.xbrl.org/2003/arcrole/parent-child" xlink:from="BalanceSheetReportFormAbstract" xlink:to="LongtermLiabilitiesOtherThanProvisions" order="70.0"/>
    <link:loc xlink:type="locator" xlink:href="fsa.xsd#fsa_MinorityInterests" xlink:label="MinorityInterests"/>
    <link:presentationArc xlink:type="arc" xlink:arcrole="http://www.xbrl.org/2003/arcrole/parent-child" xlink:from="BalanceSheetReportFormAbstract" xlink:to="MinorityInterests" xlink:title="presentation: BalanceSheetReportFormAbstract to MinorityInterests" order="91.0"/>
  </link:presentationLink>
</link:linkbase>
