<?xml version="1.0" encoding="UTF-8"?>
<!-- Generated by Fujitsu Interstage XWand B0209 -->
<?officialURI http://archprod.service.eogs.dk/taxonomy/20140701/fsa/700scl_pre.xml?>

<?taxonomy-version 1.5.0?>

<link:linkbase xmlns:xsi="http://www.w3.org/2001/XMLSchema-instance" xsi:schemaLocation="http://www.xbrl.org/2003/linkbase http://www.xbrl.org/2003/xbrl-linkbase-2003-12-31.xsd" xmlns:link="http://www.xbrl.org/2003/linkbase" xmlns:xbrli="http://www.xbrl.org/2003/instance" xmlns:xlink="http://www.w3.org/1999/xlink">
  <link:roleRef roleURI="http://xbrl.dcca.dk/role/700.00/StatementOfChangesInEquityLongVersion" xlink:type="simple" xlink:href="fsa.xsd#fsa_RoleStatementOfChangesInEquityLongVersion"/>
  <link:presentationLink xlink:type="extended" xlink:role="http://xbrl.dcca.dk/role/700.00/StatementOfChangesInEquityLongVersion">
    <link:loc xlink:type="locator" xlink:href="../cmn.xsd#cmn_ConsolidatedSoloDimension" xlink:label="ConsolidatedSoloDimension"/>
    <link:loc xlink:type="locator" xlink:href="../cmn.xsd#cmn_ConsolidatedMember" xlink:label="ConsolidatedMember"/>
    <link:presentationArc xlink:type="arc" xlink:arcrole="http://www.xbrl.org/2003/arcrole/parent-child" xlink:from="ConsolidatedSoloDimension" xlink:to="ConsolidatedMember" order="10.0"/>
    <link:loc xlink:type="locator" xlink:href="../cmn.xsd#cmn_SoloMember" xlink:label="SoloMember"/>
    <link:presentationArc xlink:type="arc" xlink:arcrole="http://www.xbrl.org/2003/arcrole/parent-child" xlink:from="ConsolidatedSoloDimension" xlink:to="SoloMember" order="20.0"/>
    <link:loc xlink:type="locator" xlink:href="fsa.xsd#fsa_ProposedDividendRecognisedInEquityMember" xlink:label="ProposedDividendRecognisedInEquityMember"/>
    <link:loc xlink:type="locator" xlink:href="fsa.xsd#fsa_ProposedExtraordinaryDividendRecognisedInEquityMember" xlink:label="ProposedExtraordinaryDividendRecognisedInEquityMember"/>
    <link:presentationArc xlink:type="arc" xlink:arcrole="http://www.xbrl.org/2003/arcrole/parent-child" xlink:from="ProposedDividendRecognisedInEquityMember" xlink:to="ProposedExtraordinaryDividendRecognisedInEquityMember" order="10.0"/>
    <link:loc xlink:type="locator" xlink:href="fsa.xsd#fsa_StatementOfChangesInEquity" xlink:label="StatementOfChangesInEquity"/>
    <link:loc xlink:type="locator" xlink:href="fsa.xsd#fsa_DetailsOnStatementOfChangesInEquityAbstract" xlink:label="DetailsOnStatementOfChangesInEquityAbstract"/>
    <link:presentationArc xlink:type="arc" xlink:arcrole="http://www.xbrl.org/2003/arcrole/parent-child" xlink:from="StatementOfChangesInEquity" xlink:to="DetailsOnStatementOfChangesInEquityAbstract" order="10.0"/>
    <link:loc xlink:type="locator" xlink:href="fsa.xsd#fsa_DetailsOnStatementOfChangesInEquityHypercube" xlink:label="DetailsOnStatementOfChangesInEquityHypercube"/>
    <link:presentationArc xlink:type="arc" xlink:arcrole="http://www.xbrl.org/2003/arcrole/parent-child" xlink:from="DetailsOnStatementOfChangesInEquityAbstract" xlink:to="DetailsOnStatementOfChangesInEquityHypercube" order="10.0"/>
    <link:loc xlink:type="locator" xlink:href="fsa.xsd#fsa_ClassesOfEquityDimension" xlink:label="ClassesOfEquityDimension"/>
    <link:presentationArc xlink:type="arc" xlink:arcrole="http://www.xbrl.org/2003/arcrole/parent-child" xlink:from="DetailsOnStatementOfChangesInEquityHypercube" xlink:to="ClassesOfEquityDimension" order="10.0"/>
    <link:loc xlink:type="locator" xlink:href="fsa.xsd#fsa_AllClassesOfEquityMember" xlink:label="AllClassesOfEquityMember"/>
    <link:presentationArc xlink:type="arc" xlink:arcrole="http://www.xbrl.org/2003/arcrole/parent-child" xlink:from="ClassesOfEquityDimension" xlink:to="AllClassesOfEquityMember" order="10.0"/>
    <link:loc xlink:type="locator" xlink:href="fsa.xsd#fsa_ContributedCapitalMember" xlink:label="ContributedCapitalMember"/>
    <link:presentationArc xlink:type="arc" xlink:arcrole="http://www.xbrl.org/2003/arcrole/parent-child" xlink:from="AllClassesOfEquityMember" xlink:to="ContributedCapitalMember" order="10.0"/>
    <link:loc xlink:type="locator" xlink:href="fsa.xsd#fsa_SharePremiumMember" xlink:label="SharePremiumMember"/>
    <link:presentationArc xlink:type="arc" xlink:arcrole="http://www.xbrl.org/2003/arcrole/parent-child" xlink:from="AllClassesOfEquityMember" xlink:to="SharePremiumMember" order="30.0"/>
    <link:loc xlink:type="locator" xlink:href="fsa.xsd#fsa_RevaluationReserveMember" xlink:label="RevaluationReserveMember"/>
    <link:presentationArc xlink:type="arc" xlink:arcrole="http://www.xbrl.org/2003/arcrole/parent-child" xlink:from="AllClassesOfEquityMember" xlink:to="RevaluationReserveMember" order="40.0"/>
    <link:loc xlink:type="locator" xlink:href="fsa.xsd#fsa_OtherReservesMember" xlink:label="OtherReservesMember"/>
    <link:presentationArc xlink:type="arc" xlink:arcrole="http://www.xbrl.org/2003/arcrole/parent-child" xlink:from="AllClassesOfEquityMember" xlink:to="OtherReservesMember" order="50.0"/>
    <link:loc xlink:type="locator" xlink:href="fsa.xsd#fsa_ReserveForNetRevaluationAccordingToEquityMethodMember" xlink:label="ReserveForNetRevaluationAccordingToEquityMethodMember"/>
    <link:presentationArc xlink:type="arc" xlink:arcrole="http://www.xbrl.org/2003/arcrole/parent-child" xlink:from="OtherReservesMember" xlink:to="ReserveForNetRevaluationAccordingToEquityMethodMember" order="10.0"/>
    <link:loc xlink:type="locator" xlink:href="fsa.xsd#fsa_ReserveForTreasurySharesMember" xlink:label="ReserveForTreasurySharesMember"/>
    <link:presentationArc xlink:type="arc" xlink:arcrole="http://www.xbrl.org/2003/arcrole/parent-child" xlink:from="OtherReservesMember" xlink:to="ReserveForTreasurySharesMember" order="20.0"/>
    <link:loc xlink:type="locator" xlink:href="fsa.xsd#fsa_ReserveForLoansAndCollateralsMember" xlink:label="ReserveForLoansAndCollateralsMember"/>
    <link:presentationArc xlink:type="arc" xlink:arcrole="http://www.xbrl.org/2003/arcrole/parent-child" xlink:from="OtherReservesMember" xlink:to="ReserveForLoansAndCollateralsMember" order="30.0"/>
    <link:loc xlink:type="locator" xlink:href="fsa.xsd#fsa_ReserveForUnpaidContributedCapitalMember" xlink:label="ReserveForUnpaidContributedCapitalMember"/>
    <link:presentationArc xlink:type="arc" xlink:arcrole="http://www.xbrl.org/2003/arcrole/parent-child" xlink:from="OtherReservesMember" xlink:to="ReserveForUnpaidContributedCapitalMember" order="40.0"/>
    <link:loc xlink:type="locator" xlink:href="fsa.xsd#fsa_OtherStatutoryReservesMember" xlink:label="OtherStatutoryReservesMember"/>
    <link:presentationArc xlink:type="arc" xlink:arcrole="http://www.xbrl.org/2003/arcrole/parent-child" xlink:from="OtherReservesMember" xlink:to="OtherStatutoryReservesMember" order="50.0"/>
    <link:loc xlink:type="locator" xlink:href="fsa.xsd#fsa_ReserveAccordingToArticlesOfAssociationMember" xlink:label="ReserveAccordingToArticlesOfAssociationMember"/>
    <link:presentationArc xlink:type="arc" xlink:arcrole="http://www.xbrl.org/2003/arcrole/parent-child" xlink:from="OtherReservesMember" xlink:to="ReserveAccordingToArticlesOfAssociationMember" order="60.0"/>
    <link:loc xlink:type="locator" xlink:href="fsa.xsd#fsa_ReserveForBiologicalAssetsMember" xlink:label="ReserveForBiologicalAssetsMember"/>
    <link:presentationArc xlink:type="arc" xlink:arcrole="http://www.xbrl.org/2003/arcrole/parent-child" xlink:from="OtherReservesMember" xlink:to="ReserveForBiologicalAssetsMember" order="70.0"/>
    <link:loc xlink:type="locator" xlink:href="fsa.xsd#fsa_RestOfOtherReservesMember" xlink:label="RestOfOtherReservesMember"/>
    <link:presentationArc xlink:type="arc" xlink:arcrole="http://www.xbrl.org/2003/arcrole/parent-child" xlink:from="OtherReservesMember" xlink:to="RestOfOtherReservesMember" order="80.0"/>
    <link:loc xlink:type="locator" xlink:href="fsa.xsd#fsa_ReserveForNetRevaluationOfInvestmentAssetsMember" xlink:label="ReserveForNetRevaluationOfInvestmentAssetsMember" xlink:title="ReserveForNetRevaluationOfInvestmentAssetsMember"/>
    <link:presentationArc xlink:type="arc" xlink:arcrole="http://www.xbrl.org/2003/arcrole/parent-child" xlink:from="OtherReservesMember" xlink:to="ReserveForNetRevaluationOfInvestmentAssetsMember" xlink:title="presentation: OtherReservesMember to ReserveForNetRevaluationOfInvestmentAssetsMember" order="81.0"/>
    <link:loc xlink:type="locator" xlink:href="fsa.xsd#fsa_RetainedEarningsMember" xlink:label="RetainedEarningsMember"/>
    <link:presentationArc xlink:type="arc" xlink:arcrole="http://www.xbrl.org/2003/arcrole/parent-child" xlink:from="AllClassesOfEquityMember" xlink:to="RetainedEarningsMember" order="60.0"/>
    <link:presentationArc xlink:type="arc" xlink:arcrole="http://www.xbrl.org/2003/arcrole/parent-child" xlink:from="AllClassesOfEquityMember" xlink:to="ProposedDividendRecognisedInEquityMember" order="70.0"/>
    <link:loc xlink:type="locator" xlink:href="fsa.xsd#fsa_UnpaidContributedCapitalMember" xlink:label="UnpaidContributedCapitalMember"/>
    <link:presentationArc xlink:type="arc" xlink:arcrole="http://www.xbrl.org/2003/arcrole/parent-child" xlink:from="AllClassesOfEquityMember" xlink:to="UnpaidContributedCapitalMember" order="20.0"/>
    <link:loc xlink:type="locator" xlink:href="fsa.xsd#fsa_PaidContributedCapitalMember" xlink:label="PaidContributedCapitalMember" xlink:title="PaidContributedCapitalMember"/>
    <link:presentationArc xlink:type="arc" xlink:arcrole="http://www.xbrl.org/2003/arcrole/parent-child" xlink:from="AllClassesOfEquityMember" xlink:to="PaidContributedCapitalMember" xlink:title="presentation: AllClassesOfEquityMember to PaidContributedCapitalMember" order="71.0"/>
    <link:loc xlink:type="locator" xlink:href="fsa.xsd#fsa_HedgeFundMember" xlink:label="HedgeFundMember" xlink:title="HedgeFundMember"/>
    <link:presentationArc xlink:type="arc" xlink:arcrole="http://www.xbrl.org/2003/arcrole/parent-child" xlink:from="AllClassesOfEquityMember" xlink:to="HedgeFundMember" xlink:title="presentation: AllClassesOfEquityMember to HedgeFundMember" order="110.0"/>
    <link:loc xlink:type="locator" xlink:href="fsa.xsd#fsa_ReserveFundMember" xlink:label="ReserveFundMember" xlink:title="ReserveFundMember"/>
    <link:presentationArc xlink:type="arc" xlink:arcrole="http://www.xbrl.org/2003/arcrole/parent-child" xlink:from="AllClassesOfEquityMember" xlink:to="ReserveFundMember" xlink:title="presentation: AllClassesOfEquityMember to ReserveFundMember" order="120.0"/>
    <link:loc xlink:type="locator" xlink:href="fsa.xsd#fsa_TransferredToFromReservesAvailableMember" xlink:label="TransferredToFromReservesAvailableMember" xlink:title="TransferredToFromReservesAvailableMember"/>
    <link:presentationArc xlink:type="arc" xlink:arcrole="http://www.xbrl.org/2003/arcrole/parent-child" xlink:from="AllClassesOfEquityMember" xlink:to="TransferredToFromReservesAvailableMember" xlink:title="presentation: AllClassesOfEquityMember to TransferredToFromReservesAvailableMember" order="130.0"/>
    <link:loc xlink:type="locator" xlink:href="fsa.xsd#fsa_ProvisionForDistributionsMember" xlink:label="ProvisionForDistributionsMember" xlink:title="ProvisionForDistributionsMember"/>
    <link:presentationArc xlink:type="arc" xlink:arcrole="http://www.xbrl.org/2003/arcrole/parent-child" xlink:from="AllClassesOfEquityMember" xlink:to="ProvisionForDistributionsMember" xlink:title="presentation: AllClassesOfEquityMember to ProvisionForDistributionsMember" order="63.0"/>
    <link:loc xlink:type="locator" xlink:href="fsa.xsd#fsa_LiquidationAccountMember" xlink:label="LiquidationAccountMember" xlink:title="LiquidationAccountMember"/>
    <link:presentationArc xlink:type="arc" xlink:arcrole="http://www.xbrl.org/2003/arcrole/parent-child" xlink:from="AllClassesOfEquityMember" xlink:to="LiquidationAccountMember" xlink:title="presentation: AllClassesOfEquityMember to LiquidationAccountMember" order="140.0"/>
    <link:loc xlink:type="locator" xlink:href="fsa.xsd#fsa_DistributionsMember" xlink:label="DistributionsMember"/>
    <link:presentationArc xlink:type="arc" xlink:arcrole="http://www.xbrl.org/2003/arcrole/parent-child" xlink:from="AllClassesOfEquityMember" xlink:to="DistributionsMember" xlink:title="presentation: AllClassesOfEquityMember to DistributionsMember" order="61.0"/>
    <link:loc xlink:type="locator" xlink:href="fsa.xsd#fsa_ReserveForEntrepreneurialCompanyMember" xlink:label="ReserveForEntrepreneurialCompanyMember" xlink:title="ReserveForEntrepreneurialCompanyMember"/>
    <link:presentationArc xlink:type="arc" xlink:arcrole="http://www.xbrl.org/2003/arcrole/parent-child" xlink:from="AllClassesOfEquityMember" xlink:to="ReserveForEntrepreneurialCompanyMember" xlink:title="presentation: AllClassesOfEquityMember to ReserveForEntrepreneurialCompanyMember" order="76.0"/>
    <link:presentationArc xlink:type="arc" xlink:arcrole="http://www.xbrl.org/2003/arcrole/parent-child" xlink:from="DetailsOnStatementOfChangesInEquityHypercube" xlink:to="ConsolidatedSoloDimension" order="20.0"/>
    <link:loc xlink:type="locator" xlink:href="fsa.xsd#fsa_Equity" xlink:label="Equity"/>
    <link:presentationArc xlink:type="arc" xlink:arcrole="http://www.xbrl.org/2003/arcrole/parent-child" xlink:from="DetailsOnStatementOfChangesInEquityAbstract" xlink:to="Equity" order="20.0" preferredLabel="http://www.xbrl.org/2003/role/periodStartLabel"/>
    <link:loc xlink:type="locator" xlink:href="fsa.xsd#fsa_Equity" xlink:label="Equity_2"/>
    <link:presentationArc xlink:type="arc" xlink:arcrole="http://www.xbrl.org/2003/arcrole/parent-child" xlink:from="DetailsOnStatementOfChangesInEquityAbstract" xlink:to="Equity_2" priority="1" order="370.0" preferredLabel="http://www.xbrl.org/2003/role/periodEndLabel"/>
    <link:loc xlink:type="locator" xlink:href="fsa.xsd#fsa_IncreaseDecreaseOfEquityThroughCorrectionsOfErrors" xlink:label="IncreaseDecreaseOfEquityThroughCorrectionsOfErrors"/>
    <link:presentationArc xlink:type="arc" xlink:arcrole="http://www.xbrl.org/2003/arcrole/parent-child" xlink:from="DetailsOnStatementOfChangesInEquityAbstract" xlink:to="IncreaseDecreaseOfEquityThroughCorrectionsOfErrors" order="30.0"/>
    <link:loc xlink:type="locator" xlink:href="fsa.xsd#fsa_IncreaseDecreaseOfEquityThroughChangesInAccountingPolicies" xlink:label="IncreaseDecreaseOfEquityThroughChangesInAccountingPolicies"/>
    <link:presentationArc xlink:type="arc" xlink:arcrole="http://www.xbrl.org/2003/arcrole/parent-child" xlink:from="DetailsOnStatementOfChangesInEquityAbstract" xlink:to="IncreaseDecreaseOfEquityThroughChangesInAccountingPolicies" order="40.0"/>
    <link:loc xlink:type="locator" xlink:href="fsa.xsd#fsa_AdditionsToDisposalsOfEquityThroughMergersAndBusinessCombinations" xlink:label="AdditionsToDisposalsOfEquityThroughMergersAndBusinessCombinations"/>
    <link:presentationArc xlink:type="arc" xlink:arcrole="http://www.xbrl.org/2003/arcrole/parent-child" xlink:from="DetailsOnStatementOfChangesInEquityAbstract" xlink:to="AdditionsToDisposalsOfEquityThroughMergersAndBusinessCombinations" order="50.0"/>
    <link:loc xlink:type="locator" xlink:href="fsa.xsd#fsa_IncreaseOfCapital" xlink:label="IncreaseOfCapital"/>
    <link:presentationArc xlink:type="arc" xlink:arcrole="http://www.xbrl.org/2003/arcrole/parent-child" xlink:from="DetailsOnStatementOfChangesInEquityAbstract" xlink:to="IncreaseOfCapital" order="70.0"/>
    <link:loc xlink:type="locator" xlink:href="fsa.xsd#fsa_DecreaseOfCapital" xlink:label="DecreaseOfCapital"/>
    <link:presentationArc xlink:type="arc" xlink:arcrole="http://www.xbrl.org/2003/arcrole/parent-child" xlink:from="DetailsOnStatementOfChangesInEquityAbstract" xlink:to="DecreaseOfCapital" order="80.0"/>
    <link:loc xlink:type="locator" xlink:href="fsa.xsd#fsa_CostRelatedToIncreaseOfCapital" xlink:label="CostRelatedToIncreaseOfCapital"/>
    <link:presentationArc xlink:type="arc" xlink:arcrole="http://www.xbrl.org/2003/arcrole/parent-child" xlink:from="DetailsOnStatementOfChangesInEquityAbstract" xlink:to="CostRelatedToIncreaseOfCapital" order="100.0"/>
    <link:loc xlink:type="locator" xlink:href="fsa.xsd#fsa_PurchaseOfTreasuryShares" xlink:label="PurchaseOfTreasuryShares"/>
    <link:presentationArc xlink:type="arc" xlink:arcrole="http://www.xbrl.org/2003/arcrole/parent-child" xlink:from="DetailsOnStatementOfChangesInEquityAbstract" xlink:to="PurchaseOfTreasuryShares" order="110.0"/>
    <link:loc xlink:type="locator" xlink:href="fsa.xsd#fsa_SalesOfTreasuryShares" xlink:label="SalesOfTreasuryShares"/>
    <link:presentationArc xlink:type="arc" xlink:arcrole="http://www.xbrl.org/2003/arcrole/parent-child" xlink:from="DetailsOnStatementOfChangesInEquityAbstract" xlink:to="SalesOfTreasuryShares" order="120.0"/>
    <link:loc xlink:type="locator" xlink:href="fsa.xsd#fsa_Dividend" xlink:label="Dividend"/>
    <link:presentationArc xlink:type="arc" xlink:arcrole="http://www.xbrl.org/2003/arcrole/parent-child" xlink:from="DetailsOnStatementOfChangesInEquityAbstract" xlink:to="Dividend" order="130.0"/>
    <link:loc xlink:type="locator" xlink:href="fsa.xsd#fsa_DividendPaid" xlink:label="DividendPaid"/>
    <link:presentationArc xlink:type="arc" xlink:arcrole="http://www.xbrl.org/2003/arcrole/parent-child" xlink:from="DetailsOnStatementOfChangesInEquityAbstract" xlink:to="DividendPaid" order="140.0"/>
    <link:loc xlink:type="locator" xlink:href="fsa.xsd#fsa_IncreaseDecreaseOfInvestmentsThroughNetExchangeDifferencesEquity" xlink:label="IncreaseDecreaseOfInvestmentsThroughNetExchangeDifferencesEquity"/>
    <link:presentationArc xlink:type="arc" xlink:arcrole="http://www.xbrl.org/2003/arcrole/parent-child" xlink:from="DetailsOnStatementOfChangesInEquityAbstract" xlink:to="IncreaseDecreaseOfInvestmentsThroughNetExchangeDifferencesEquity" order="150.0"/>
    <link:loc xlink:type="locator" xlink:href="fsa.xsd#fsa_ValueAdjustmentsOfEquity" xlink:label="ValueAdjustmentsOfEquity"/>
    <link:presentationArc xlink:type="arc" xlink:arcrole="http://www.xbrl.org/2003/arcrole/parent-child" xlink:from="DetailsOnStatementOfChangesInEquityAbstract" xlink:to="ValueAdjustmentsOfEquity" order="160.0"/>
    <link:loc xlink:type="locator" xlink:href="fsa.xsd#fsa_OtherAdjustmentsOfEquity" xlink:label="OtherAdjustmentsOfEquity"/>
    <link:presentationArc xlink:type="arc" xlink:arcrole="http://www.xbrl.org/2003/arcrole/parent-child" xlink:from="DetailsOnStatementOfChangesInEquityAbstract" xlink:to="OtherAdjustmentsOfEquity" order="180.0"/>
    <link:loc xlink:type="locator" xlink:href="fsa.xsd#fsa_EquityTransfersToReserves" xlink:label="EquityTransfersToReserves"/>
    <link:presentationArc xlink:type="arc" xlink:arcrole="http://www.xbrl.org/2003/arcrole/parent-child" xlink:from="DetailsOnStatementOfChangesInEquityAbstract" xlink:to="EquityTransfersToReserves" order="190.0"/>
    <link:loc xlink:type="locator" xlink:href="fsa.xsd#fsa_ProfitLoss" xlink:label="ProfitLoss"/>
    <link:presentationArc xlink:type="arc" xlink:arcrole="http://www.xbrl.org/2003/arcrole/parent-child" xlink:from="DetailsOnStatementOfChangesInEquityAbstract" xlink:to="ProfitLoss" order="200.0"/>
    <link:loc xlink:type="locator" xlink:href="fsa.xsd#fsa_ChangesInEquityOfTax" xlink:label="ChangesInEquityOfTax"/>
    <link:presentationArc xlink:type="arc" xlink:arcrole="http://www.xbrl.org/2003/arcrole/parent-child" xlink:from="DetailsOnStatementOfChangesInEquityAbstract" xlink:to="ChangesInEquityOfTax" order="210.0"/>
    <link:loc xlink:type="locator" xlink:href="fsa.xsd#fsa_AdjustmentsOfHedgingInstruments" xlink:label="AdjustmentsOfHedgingInstruments"/>
    <link:presentationArc xlink:type="arc" xlink:arcrole="http://www.xbrl.org/2003/arcrole/parent-child" xlink:from="DetailsOnStatementOfChangesInEquityAbstract" xlink:to="AdjustmentsOfHedgingInstruments" order="170.0"/>
    <link:loc xlink:type="locator" xlink:href="fsa.xsd#fsa_IncreaseDecreaseOfEquityByDivisionAndSaleOfOtherCompany" xlink:label="IncreaseDecreaseOfEquityByDivisionAndSaleOfOtherCompany"/>
    <link:presentationArc xlink:type="arc" xlink:arcrole="http://www.xbrl.org/2003/arcrole/parent-child" xlink:from="DetailsOnStatementOfChangesInEquityAbstract" xlink:to="IncreaseDecreaseOfEquityByDivisionAndSaleOfOtherCompany" order="60.0"/>
    <link:loc xlink:type="locator" xlink:href="fsa.xsd#fsa_BonusShares" xlink:label="BonusShares"/>
    <link:presentationArc xlink:type="arc" xlink:arcrole="http://www.xbrl.org/2003/arcrole/parent-child" xlink:from="DetailsOnStatementOfChangesInEquityAbstract" xlink:to="BonusShares" order="90.0"/>
    <link:loc xlink:type="locator" xlink:href="fsa.xsd#fsa_ExtraordinaryDividendPaid" xlink:label="ExtraordinaryDividendPaid"/>
    <link:presentationArc xlink:type="arc" xlink:arcrole="http://www.xbrl.org/2003/arcrole/parent-child" xlink:from="DetailsOnStatementOfChangesInEquityAbstract" xlink:to="ExtraordinaryDividendPaid" order="220.0"/>
    <link:loc xlink:type="locator" xlink:href="fsa.xsd#fsa_DividendsFromTreasuryShares" xlink:label="DividendsFromTreasuryShares"/>
    <link:presentationArc xlink:type="arc" xlink:arcrole="http://www.xbrl.org/2003/arcrole/parent-child" xlink:from="DetailsOnStatementOfChangesInEquityAbstract" xlink:to="DividendsFromTreasuryShares" order="230.0"/>
    <link:loc xlink:type="locator" xlink:href="fsa.xsd#fsa_ReceivablesShareCapitalPaid" xlink:label="ReceivablesShareCapitalPaid"/>
    <link:presentationArc xlink:type="arc" xlink:arcrole="http://www.xbrl.org/2003/arcrole/parent-child" xlink:from="DetailsOnStatementOfChangesInEquityAbstract" xlink:to="ReceivablesShareCapitalPaid" order="240.0"/>
    <link:loc xlink:type="locator" xlink:href="fsa.xsd#fsa_Revaluations" xlink:label="Revaluations"/>
    <link:presentationArc xlink:type="arc" xlink:arcrole="http://www.xbrl.org/2003/arcrole/parent-child" xlink:from="DetailsOnStatementOfChangesInEquityAbstract" xlink:to="Revaluations" order="250.0"/>
    <link:loc xlink:type="locator" xlink:href="fsa.xsd#fsa_DissolutionOfPreviousYearsRevaluations" xlink:label="DissolutionOfPreviousYearsRevaluations"/>
    <link:presentationArc xlink:type="arc" xlink:arcrole="http://www.xbrl.org/2003/arcrole/parent-child" xlink:from="DetailsOnStatementOfChangesInEquityAbstract" xlink:to="DissolutionOfPreviousYearsRevaluations" order="260.0"/>
    <link:loc xlink:type="locator" xlink:href="fsa.xsd#fsa_AdjustmentsOfHedgingInstrumentsAtFairValue" xlink:label="AdjustmentsOfHedgingInstrumentsAtFairValue"/>
    <link:presentationArc xlink:type="arc" xlink:arcrole="http://www.xbrl.org/2003/arcrole/parent-child" xlink:from="DetailsOnStatementOfChangesInEquityAbstract" xlink:to="AdjustmentsOfHedgingInstrumentsAtFairValue" order="270.0"/>
    <link:loc xlink:type="locator" xlink:href="fsa.xsd#fsa_AdjustmentsOfCollateralsBySaleOfInvestments" xlink:label="AdjustmentsOfCollateralsBySaleOfInvestments"/>
    <link:presentationArc xlink:type="arc" xlink:arcrole="http://www.xbrl.org/2003/arcrole/parent-child" xlink:from="DetailsOnStatementOfChangesInEquityAbstract" xlink:to="AdjustmentsOfCollateralsBySaleOfInvestments" order="280.0"/>
    <link:loc xlink:type="locator" xlink:href="fsa.xsd#fsa_TransferredFromSharePremium" xlink:label="TransferredFromSharePremium"/>
    <link:presentationArc xlink:type="arc" xlink:arcrole="http://www.xbrl.org/2003/arcrole/parent-child" xlink:from="DetailsOnStatementOfChangesInEquityAbstract" xlink:to="TransferredFromSharePremium" order="290.0"/>
    <link:loc xlink:type="locator" xlink:href="fsa.xsd#fsa_TransferToCoverageOfLosses" xlink:label="TransferToCoverageOfLosses"/>
    <link:presentationArc xlink:type="arc" xlink:arcrole="http://www.xbrl.org/2003/arcrole/parent-child" xlink:from="DetailsOnStatementOfChangesInEquityAbstract" xlink:to="TransferToCoverageOfLosses" order="300.0"/>
    <link:loc xlink:type="locator" xlink:href="fsa.xsd#fsa_ProfitLlossFromGroupEnterprises" xlink:label="ProfitLlossFromGroupEnterprises" xlink:title="ProfitLlossFromGroupEnterprises"/>
    <link:presentationArc xlink:type="arc" xlink:arcrole="http://www.xbrl.org/2003/arcrole/parent-child" xlink:from="DetailsOnStatementOfChangesInEquityAbstract" xlink:to="ProfitLlossFromGroupEnterprises" xlink:title="presentation: DetailsOnStatementOfChangesInEquityAbstract to ProfitLlossFromGroupEnterprises" order="310.0"/>
    <link:loc xlink:type="locator" xlink:href="fsa.xsd#fsa_ProfitLossFromAssociates" xlink:label="ProfitLossFromAssociates" xlink:title="ProfitLossFromAssociates"/>
    <link:presentationArc xlink:type="arc" xlink:arcrole="http://www.xbrl.org/2003/arcrole/parent-child" xlink:from="DetailsOnStatementOfChangesInEquityAbstract" xlink:to="ProfitLossFromAssociates" xlink:title="presentation: DetailsOnStatementOfChangesInEquityAbstract to ProfitLossFromAssociates" order="320.0"/>
    <link:loc xlink:type="locator" xlink:href="fsa.xsd#fsa_ReversedRevaluationsDuringReportingPeriod" xlink:label="ReversedRevaluationsDuringReportingPeriod" xlink:title="ReversedRevaluationsDuringReportingPeriod"/>
    <link:presentationArc xlink:type="arc" xlink:arcrole="http://www.xbrl.org/2003/arcrole/parent-child" xlink:from="DetailsOnStatementOfChangesInEquityAbstract" xlink:to="ReversedRevaluationsDuringReportingPeriod" xlink:title="presentation: DetailsOnStatementOfChangesInEquityAbstract to ReversedRevaluationsDuringReportingPeriod" order="330.0"/>
    <link:loc xlink:type="locator" xlink:href="fsa.xsd#fsa_DistributedDividendsFromGroupEnterprises" xlink:label="DistributedDividendsFromGroupEnterprises" xlink:title="DistributedDividendsFromGroupEnterprises"/>
    <link:presentationArc xlink:type="arc" xlink:arcrole="http://www.xbrl.org/2003/arcrole/parent-child" xlink:from="DetailsOnStatementOfChangesInEquityAbstract" xlink:to="DistributedDividendsFromGroupEnterprises" xlink:title="presentation: DetailsOnStatementOfChangesInEquityAbstract to DistributedDividendsFromGroupEnterprises" order="340.0"/>
    <link:loc xlink:type="locator" xlink:href="fsa.xsd#fsa_CashPaymentsConcerningFormationOfEntity" xlink:label="CashPaymentsConcerningFormationOfEntity" xlink:title="CashPaymentsConcerningFormationOfEntity"/>
    <link:presentationArc xlink:type="arc" xlink:arcrole="http://www.xbrl.org/2003/arcrole/parent-child" xlink:from="DetailsOnStatementOfChangesInEquityAbstract" xlink:to="CashPaymentsConcerningFormationOfEntity" xlink:title="presentation: DetailsOnStatementOfChangesInEquityAbstract to CashPaymentsConcerningFormationOfEntity" order="350.0"/>
    <link:loc xlink:type="locator" xlink:href="fsa.xsd#fsa_ContributionFromGroup" xlink:label="ContributionFromGroup" xlink:title="ContributionFromGroup"/>
    <link:presentationArc xlink:type="arc" xlink:arcrole="http://www.xbrl.org/2003/arcrole/parent-child" xlink:from="DetailsOnStatementOfChangesInEquityAbstract" xlink:to="ContributionFromGroup" xlink:title="presentation: DetailsOnStatementOfChangesInEquityAbstract to ContributionFromGroup" order="360.0"/>
    <link:loc xlink:type="locator" xlink:href="fsa.xsd#fsa_DistributedDividendsFromAssociates" xlink:label="DistributedDividendsFromAssociates" xlink:title="DistributedDividendsFromAssociates"/>
    <link:presentationArc xlink:type="arc" xlink:arcrole="http://www.xbrl.org/2003/arcrole/parent-child" xlink:from="DetailsOnStatementOfChangesInEquityAbstract" xlink:to="DistributedDividendsFromAssociates" xlink:title="presentation: DetailsOnStatementOfChangesInEquityAbstract to DistributedDividendsFromAssociates" order="345.0"/>
  </link:presentationLink>
</link:linkbase>
