<?xml version="1.0" encoding="UTF-8"?>
<!-- Generated by Fujitsu Interstage XWand B0209 -->
<!--Taxonomy: 2014-03-05 (Final release)
        ********************** 
        Copyright © 2014 International Financial Reporting Standards (IFRS) Foundation
        All rights reserved.  No part of this publication may be translated, reprinted or reproduced 
        or utilised in any form either in whole or in part without prior permission in writing from the IFRS Foundation.
        For more information on the IFRS Foundation's copyright, please refer to http://www.ifrs.org/XBRL/Legal/
        **********************
-->
<link:linkbase xmlns:xsi="http://www.w3.org/2001/XMLSchema-instance" xsi:schemaLocation="http://www.xbrl.org/2003/linkbase http://www.xbrl.org/2003/xbrl-linkbase-2003-12-31.xsd" xml:lang="en-US" xmlns:link="http://www.xbrl.org/2003/linkbase" xmlns:xlink="http://www.w3.org/1999/xlink">
  <link:labelLink xlink:type="extended" xlink:role="http://www.xbrl.org/2003/role/link">
    <link:loc xlink:type="locator" xlink:href="../mc-cor_2014-03-05.xsd#ifrs-mc_ManagementCommentaryExplanatory" xlink:label="loc_1"/>
    <link:label xlink:type="resource" xlink:label="res_1" xlink:role="http://www.xbrl.org/2003/role/documentation" xml:lang="en" id="ifrs-mc_ManagementCommentaryExplanatory_documentation">The entire disclosure for management commentary. Management commentary is a narrative report that relates to financial statements that have been prepared in accordance with IFRSs. It provides users with historical explanations of the amounts presented in the financial statements, specifically the entity’s financial position, financial performance and cash flows. It also provides commentary on an entity’s prospects and other information not presented in the financial statements. Management commentary also serves as a basis for understanding management’s objectives and its strategies for achieving those objectives.</link:label>
    <link:labelArc xlink:type="arc" xlink:arcrole="http://www.xbrl.org/2003/arcrole/concept-label" xlink:from="loc_1" xlink:to="res_1"/>
    <link:loc xlink:type="locator" xlink:href="../mc-cor_2014-03-05.xsd#ifrs-mc_DisclosureOfNatureOfBusinessExplanatory" xlink:label="loc_2"/>
    <link:label xlink:type="resource" xlink:label="res_2" xlink:role="http://www.xbrl.org/2003/role/documentation" xml:lang="en" id="ifrs-mc_DisclosureOfNatureOfBusinessExplanatory_documentation">The disclosure of the nature of the business to help users of financial reports to gain an understanding of the entity and of the external environment in which it operates. This may include: (a) the industries in which the entity operates; (b) the entity’s main markets and competitive position within those markets; (c) significant features of the legal, regulatory and macro-economic environments that influence the entity and the markets in which the entity operates; (d) the entity’s main products, services, business processes and distribution methods; and (e) the entity’s structure and how it creates value.</link:label>
    <link:labelArc xlink:type="arc" xlink:arcrole="http://www.xbrl.org/2003/arcrole/concept-label" xlink:from="loc_2" xlink:to="res_2"/>
    <link:loc xlink:type="locator" xlink:href="../mc-cor_2014-03-05.xsd#ifrs-mc_DisclosureOfManagementsObjectivesAndItsStrategiesForMeetingThoseObjectivesExplanatory" xlink:label="loc_3"/>
    <link:label xlink:type="resource" xlink:label="res_3" xlink:role="http://www.xbrl.org/2003/role/documentation" xml:lang="en" id="ifrs-mc_DisclosureOfManagementsObjectivesAndItsStrategiesForMeetingThoseObjectivesExplanatory_documentation">The disclosure of management's objectives and its strategies for meeting those objectives.</link:label>
    <link:labelArc xlink:type="arc" xlink:arcrole="http://www.xbrl.org/2003/arcrole/concept-label" xlink:from="loc_3" xlink:to="res_3"/>
    <link:loc xlink:type="locator" xlink:href="../mc-cor_2014-03-05.xsd#ifrs-mc_DisclosureOfEntitysMostSignificantResourcesRisksAndRelationshipsExplanatory" xlink:label="loc_4"/>
    <link:label xlink:type="resource" xlink:label="res_4" xlink:role="http://www.xbrl.org/2003/role/documentation" xml:lang="en" id="ifrs-mc_DisclosureOfEntitysMostSignificantResourcesRisksAndRelationshipsExplanatory_documentation">The disclosure of the most important resources, risks and relationships that management believes can affect the entity’s value and how those resources, risks and relationships are managed.</link:label>
    <link:labelArc xlink:type="arc" xlink:arcrole="http://www.xbrl.org/2003/arcrole/concept-label" xlink:from="loc_4" xlink:to="res_4"/>
    <link:loc xlink:type="locator" xlink:href="../mc-cor_2014-03-05.xsd#ifrs-mc_DisclosureOfResultsOfOperationsAndProspectsExplanatory" xlink:label="loc_5"/>
    <link:label xlink:type="resource" xlink:label="res_5" xlink:role="http://www.xbrl.org/2003/role/documentation" xml:lang="en" id="ifrs-mc_DisclosureOfResultsOfOperationsAndProspectsExplanatory_documentation">The disclosure of the results of operations and prospects of the entity.</link:label>
    <link:labelArc xlink:type="arc" xlink:arcrole="http://www.xbrl.org/2003/arcrole/concept-label" xlink:from="loc_5" xlink:to="res_5"/>
    <link:loc xlink:type="locator" xlink:href="../mc-cor_2014-03-05.xsd#ifrs-mc_DisclosureOfCriticalPerformanceMeasuresAndIndicatorsThatManagementUsesToEvaluateEntitysPerformanceAgainstStatedObjectivesExplanatory" xlink:label="loc_6"/>
    <link:label xlink:type="resource" xlink:label="res_6" xlink:role="http://www.xbrl.org/2003/role/documentation" xml:lang="en" id="ifrs-mc_DisclosureOfCriticalPerformanceMeasuresAndIndicatorsThatManagementUsesToEvaluateEntitysPerformanceAgainstStatedObjectivesExplanatory_documentation">The disclosure of critical performance measures and indicators that management uses to evaluate the entity's performance against stated objectives. Performance measures are quantified measurements that reflect the critical success factors of an entity. Indicators can be narrative evidence describing how the business is managed or quantified measures that provide indirect evidence of performance.</link:label>
    <link:labelArc xlink:type="arc" xlink:arcrole="http://www.xbrl.org/2003/arcrole/concept-label" xlink:from="loc_6" xlink:to="res_6"/>
  </link:labelLink>
</link:linkbase>
