﻿<?xml version="1.0" encoding="UTF-8"?>
<!-- Generated by Fujitsu Interstage XWand B0217 -->
<?officialURI http://archprod.service.eogs.dk/taxonomy/20171220/arr/full_arr/arr_1NN.NN_2017-12-20/gla_arr_2017-12-20_role-1NN.NN.xml?>

<?taxonomy-version 0.2.0?>

<link:linkbase xmlns:xsi="http://www.w3.org/2001/XMLSchema-instance" xsi:schemaLocation="http://www.xbrl.org/2003/linkbase http://www.xbrl.org/2003/xbrl-linkbase-2003-12-31.xsd http://xbrl.org/2008/label http://www.xbrl.org/2008/generic-label.xsd http://xbrl.org/2008/generic http://www.xbrl.org/2008/generic-link.xsd" xmlns:gen="http://xbrl.org/2008/generic" xmlns:link="http://www.xbrl.org/2003/linkbase" xmlns:xlink="http://www.w3.org/1999/xlink" xmlns:label="http://xbrl.org/2008/label">
  <link:roleRef roleURI="http://www.xbrl.org/2008/role/label" xlink:type="simple" xlink:href="http://www.xbrl.org/2008/generic-label.xsd#standard-label"/>
  <link:roleRef roleURI="http://www.xbrl.org/2008/role/link" xlink:type="simple" xlink:href="http://www.xbrl.org/2008/generic-link.xsd#standard-link-role"/>
  <link:arcroleRef arcroleURI="http://xbrl.org/arcrole/2008/element-label" xlink:type="simple" xlink:href="http://www.xbrl.org/2008/generic-label.xsd#element-label"/>
  <gen:link xlink:type="extended" xlink:role="http://www.xbrl.org/2008/role/link">
    <link:loc xlink:type="locator" xlink:href="rol_arr_1NN.NN_2017-12-20.xsd#arr_10200_AuditorsReportsFrom20180630" xlink:label="roleType_7"/>
    <label:label xlink:type="resource" xlink:label="label_13" xlink:role="http://www.xbrl.org/2008/role/label" xml:lang="en">[102.00] Auditor's reports, from 2017-12-15</label:label>
    <gen:arc xlink:type="arc" xlink:arcrole="http://xbrl.org/arcrole/2008/element-label" xlink:from="roleType_7" xlink:to="label_13" order="10.0"/>
    <label:label xlink:type="resource" xlink:label="label_14" xlink:role="http://www.xbrl.org/2008/role/label" xml:lang="da">[102.00] Revisors erklæringer, fra 2017-12-15</label:label>
    <gen:arc xlink:type="arc" xlink:arcrole="http://xbrl.org/arcrole/2008/element-label" xlink:from="roleType_7" xlink:to="label_14" order="20.0"/>
    <link:loc xlink:type="locator" xlink:href="rol_arr_1NN.NN_2017-12-20.xsd#arr_10200_AuditorsReportsFrom20180630Details" xlink:label="roleType_8"/>
    <label:label xlink:type="resource" xlink:label="label_15" xlink:role="http://www.xbrl.org/2008/role/label" xml:lang="en">[102.00] Auditor's reports, from 2017-12-15 - Details</label:label>
    <gen:arc xlink:type="arc" xlink:arcrole="http://xbrl.org/arcrole/2008/element-label" xlink:from="roleType_8" xlink:to="label_15" order="10.0"/>
    <label:label xlink:type="resource" xlink:label="label_16" xlink:role="http://www.xbrl.org/2008/role/label" xml:lang="da">[102.00] Revisors erklæringer, fra 2017-12-15 - Detaljer</label:label>
    <gen:arc xlink:type="arc" xlink:arcrole="http://xbrl.org/arcrole/2008/element-label" xlink:from="roleType_8" xlink:to="label_16" order="20.0"/>
    <link:loc xlink:type="locator" xlink:href="rol_arr_1NN.NN_2017-12-20.xsd#arr_10201_HypercubeAuditorsReportsFrom20180630DetailsOnSignatureOfAuditors" xlink:label="roleType_9"/>
    <label:label xlink:type="resource" xlink:label="label_17" xlink:role="http://www.xbrl.org/2008/role/label" xml:lang="en">[102.01] Hypercube [Auditor's reports from 2017-12-15] - Details on signature of auditors</label:label>
    <gen:arc xlink:type="arc" xlink:arcrole="http://xbrl.org/arcrole/2008/element-label" xlink:from="roleType_9" xlink:to="label_17" order="10.0"/>
    <label:label xlink:type="resource" xlink:label="label_18" xlink:role="http://www.xbrl.org/2008/role/label" xml:lang="da">[102.01] Hypercube [revisors erklæringer] - Detaljer om revisors underskrift</label:label>
    <gen:arc xlink:type="arc" xlink:arcrole="http://xbrl.org/arcrole/2008/element-label" xlink:from="roleType_9" xlink:to="label_18" order="20.0"/>
  </gen:link>
</link:linkbase>
