<?xml version="1.0" encoding="UTF-8"?>
<!-- Generated by Fujitsu Interstage XWand B0209 -->
<!--Taxonomy: 2014-03-05 (Final release)
        ********************** 
        Copyright © 2014 International Financial Reporting Standards (IFRS) Foundation
        All rights reserved.  No part of this publication may be translated, reprinted or reproduced 
        or utilised in any form either in whole or in part without prior permission in writing from the IFRS Foundation.
        For more information on the IFRS Foundation's copyright, please refer to http://www.ifrs.org/XBRL/Legal/
        **********************
-->
<link:linkbase xmlns:xsi="http://www.w3.org/2001/XMLSchema-instance" xsi:schemaLocation="http://www.xbrl.org/2006/ref http://www.xbrl.org/2006/ref-2006-02-27.xsd http://www.xbrl.org/2003/linkbase http://www.xbrl.org/2003/xbrl-linkbase-2003-12-31.xsd" xmlns:link="http://www.xbrl.org/2003/linkbase" xmlns:ref="http://www.xbrl.org/2006/ref" xmlns:xlink="http://www.w3.org/1999/xlink">
  <link:referenceLink xlink:type="extended" xlink:role="http://www.xbrl.org/2003/role/link">
    <link:loc xlink:type="locator" xlink:href="../../full_ifrs-cor_2014-03-05.xsd#ifrs-full_DisclosureOfServiceConcessionArrangementsExplanatory" xlink:label="loc_1"/>
    <link:reference xlink:type="resource" xlink:label="res_1" xlink:role="http://www.xbrl.org/2003/role/disclosureRef">
      <ref:Name>SIC</ref:Name>
      <ref:Number>29</ref:Number>
      <ref:IssueDate>2014-01-01</ref:IssueDate>
      <ref:Section>Consensus</ref:Section>
      <ref:URI>http://eifrs.ifrs.org/eifrs/XBRL?type=SIC&amp;num=29&amp;date=2014-03-17&amp;anchor=sect_Consensus&amp;doctype=Standard</ref:URI>
      <ref:URIDate>2014-03-05</ref:URIDate>
    </link:reference>
    <link:referenceArc xlink:type="arc" xlink:arcrole="http://www.xbrl.org/2003/arcrole/concept-reference" xlink:from="loc_1" xlink:to="res_1"/>
    <link:loc xlink:type="locator" xlink:href="../../full_ifrs-cor_2014-03-05.xsd#ifrs-full_DisclosureOfServiceConcessionArrangementsTable" xlink:label="loc_2"/>
    <link:reference xlink:type="resource" xlink:label="res_2" xlink:role="http://www.xbrl.org/2003/role/disclosureRef">
      <ref:Name>SIC</ref:Name>
      <ref:Number>29</ref:Number>
      <ref:IssueDate>2014-01-01</ref:IssueDate>
      <ref:Paragraph>6</ref:Paragraph>
      <ref:URI>http://eifrs.ifrs.org/eifrs/XBRL?type=SIC&amp;num=29&amp;date=2014-03-17&amp;anchor=para_6&amp;doctype=Standard</ref:URI>
      <ref:URIDate>2014-03-05</ref:URIDate>
    </link:reference>
    <link:referenceArc xlink:type="arc" xlink:arcrole="http://www.xbrl.org/2003/arcrole/concept-reference" xlink:from="loc_2" xlink:to="res_2"/>
    <link:loc xlink:type="locator" xlink:href="../../full_ifrs-cor_2014-03-05.xsd#ifrs-full_DescriptionOfServiceConcessionArrangement" xlink:label="loc_3"/>
    <link:reference xlink:type="resource" xlink:label="res_3" xlink:role="http://www.xbrl.org/2003/role/disclosureRef">
      <ref:Name>SIC</ref:Name>
      <ref:Number>29</ref:Number>
      <ref:IssueDate>2014-01-01</ref:IssueDate>
      <ref:Paragraph>6</ref:Paragraph>
      <ref:Subparagraph>a</ref:Subparagraph>
      <ref:URI>http://eifrs.ifrs.org/eifrs/XBRL?type=SIC&amp;num=29&amp;date=2014-03-17&amp;anchor=para_6_a&amp;doctype=Standard</ref:URI>
      <ref:URIDate>2014-03-05</ref:URIDate>
    </link:reference>
    <link:referenceArc xlink:type="arc" xlink:arcrole="http://www.xbrl.org/2003/arcrole/concept-reference" xlink:from="loc_3" xlink:to="res_3"/>
    <link:loc xlink:type="locator" xlink:href="../../full_ifrs-cor_2014-03-05.xsd#ifrs-full_ExplanationOfSignificantTermsOfServiceConcessionArrangementThatMayAffectAmountTimingAndCertaintyOfFutureCashFlows" xlink:label="loc_4"/>
    <link:reference xlink:type="resource" xlink:label="res_4" xlink:role="http://www.xbrl.org/2003/role/disclosureRef">
      <ref:Name>SIC</ref:Name>
      <ref:Number>29</ref:Number>
      <ref:IssueDate>2014-01-01</ref:IssueDate>
      <ref:Paragraph>6</ref:Paragraph>
      <ref:Subparagraph>b</ref:Subparagraph>
      <ref:URI>http://eifrs.ifrs.org/eifrs/XBRL?type=SIC&amp;num=29&amp;date=2014-03-17&amp;anchor=para_6_b&amp;doctype=Standard</ref:URI>
      <ref:URIDate>2014-03-05</ref:URIDate>
    </link:reference>
    <link:referenceArc xlink:type="arc" xlink:arcrole="http://www.xbrl.org/2003/arcrole/concept-reference" xlink:from="loc_4" xlink:to="res_4"/>
    <link:loc xlink:type="locator" xlink:href="../../full_ifrs-cor_2014-03-05.xsd#ifrs-full_ExplanationOfNatureAndExtentOfRightsToUseSpecifiedAssets" xlink:label="loc_5"/>
    <link:reference xlink:type="resource" xlink:label="res_5" xlink:role="http://www.xbrl.org/2003/role/disclosureRef">
      <ref:Name>SIC</ref:Name>
      <ref:Number>29</ref:Number>
      <ref:IssueDate>2014-01-01</ref:IssueDate>
      <ref:Paragraph>6</ref:Paragraph>
      <ref:Subparagraph>c</ref:Subparagraph>
      <ref:Clause>i</ref:Clause>
      <ref:URI>http://eifrs.ifrs.org/eifrs/XBRL?type=SIC&amp;num=29&amp;date=2014-03-17&amp;anchor=para_6_c_i&amp;doctype=Standard</ref:URI>
      <ref:URIDate>2014-03-05</ref:URIDate>
    </link:reference>
    <link:referenceArc xlink:type="arc" xlink:arcrole="http://www.xbrl.org/2003/arcrole/concept-reference" xlink:from="loc_5" xlink:to="res_5"/>
    <link:loc xlink:type="locator" xlink:href="../../full_ifrs-cor_2014-03-05.xsd#ifrs-full_ExplanationOfNatureAndExtentOfObligationsToProvideOrRightsToExpectProvisionOfServices" xlink:label="loc_6"/>
    <link:reference xlink:type="resource" xlink:label="res_6" xlink:role="http://www.xbrl.org/2003/role/disclosureRef">
      <ref:Name>SIC</ref:Name>
      <ref:Number>29</ref:Number>
      <ref:IssueDate>2014-01-01</ref:IssueDate>
      <ref:Paragraph>6</ref:Paragraph>
      <ref:Subparagraph>c</ref:Subparagraph>
      <ref:Clause>ii</ref:Clause>
      <ref:URI>http://eifrs.ifrs.org/eifrs/XBRL?type=SIC&amp;num=29&amp;date=2014-03-17&amp;anchor=para_6_c_ii&amp;doctype=Standard</ref:URI>
      <ref:URIDate>2014-03-05</ref:URIDate>
    </link:reference>
    <link:referenceArc xlink:type="arc" xlink:arcrole="http://www.xbrl.org/2003/arcrole/concept-reference" xlink:from="loc_6" xlink:to="res_6"/>
    <link:loc xlink:type="locator" xlink:href="../../full_ifrs-cor_2014-03-05.xsd#ifrs-full_ExplanationOfNatureAndExtentOfObligationsToAcquireOrBuildItemsOfPropertyPlantAndEquipment" xlink:label="loc_7"/>
    <link:reference xlink:type="resource" xlink:label="res_7" xlink:role="http://www.xbrl.org/2003/role/disclosureRef">
      <ref:Name>SIC</ref:Name>
      <ref:Number>29</ref:Number>
      <ref:IssueDate>2014-01-01</ref:IssueDate>
      <ref:Paragraph>6</ref:Paragraph>
      <ref:Subparagraph>c</ref:Subparagraph>
      <ref:Clause>iii</ref:Clause>
      <ref:URI>http://eifrs.ifrs.org/eifrs/XBRL?type=SIC&amp;num=29&amp;date=2014-03-17&amp;anchor=para_6_c_iii&amp;doctype=Standard</ref:URI>
      <ref:URIDate>2014-03-05</ref:URIDate>
    </link:reference>
    <link:referenceArc xlink:type="arc" xlink:arcrole="http://www.xbrl.org/2003/arcrole/concept-reference" xlink:from="loc_7" xlink:to="res_7"/>
    <link:loc xlink:type="locator" xlink:href="../../full_ifrs-cor_2014-03-05.xsd#ifrs-full_ExplanationOfNatureAndExtentOfObligationsToDeliverOrRightsToReceiveSpecifiedAssetsAtEndOfConcessionPeriod" xlink:label="loc_8"/>
    <link:reference xlink:type="resource" xlink:label="res_8" xlink:role="http://www.xbrl.org/2003/role/disclosureRef">
      <ref:Name>SIC</ref:Name>
      <ref:Number>29</ref:Number>
      <ref:IssueDate>2014-01-01</ref:IssueDate>
      <ref:Paragraph>6</ref:Paragraph>
      <ref:Subparagraph>c</ref:Subparagraph>
      <ref:Clause>iv</ref:Clause>
      <ref:URI>http://eifrs.ifrs.org/eifrs/XBRL?type=SIC&amp;num=29&amp;date=2014-03-17&amp;anchor=para_6_c_iv&amp;doctype=Standard</ref:URI>
      <ref:URIDate>2014-03-05</ref:URIDate>
    </link:reference>
    <link:referenceArc xlink:type="arc" xlink:arcrole="http://www.xbrl.org/2003/arcrole/concept-reference" xlink:from="loc_8" xlink:to="res_8"/>
    <link:loc xlink:type="locator" xlink:href="../../full_ifrs-cor_2014-03-05.xsd#ifrs-full_ExplanationOfNatureAndExtentOfRenewalAndTerminationOptions" xlink:label="loc_9"/>
    <link:reference xlink:type="resource" xlink:label="res_9" xlink:role="http://www.xbrl.org/2003/role/disclosureRef">
      <ref:Name>SIC</ref:Name>
      <ref:Number>29</ref:Number>
      <ref:IssueDate>2014-01-01</ref:IssueDate>
      <ref:Paragraph>6</ref:Paragraph>
      <ref:Subparagraph>c</ref:Subparagraph>
      <ref:Clause>v</ref:Clause>
      <ref:URI>http://eifrs.ifrs.org/eifrs/XBRL?type=SIC&amp;num=29&amp;date=2014-03-17&amp;anchor=para_6_c_v&amp;doctype=Standard</ref:URI>
      <ref:URIDate>2014-03-05</ref:URIDate>
    </link:reference>
    <link:referenceArc xlink:type="arc" xlink:arcrole="http://www.xbrl.org/2003/arcrole/concept-reference" xlink:from="loc_9" xlink:to="res_9"/>
    <link:loc xlink:type="locator" xlink:href="../../full_ifrs-cor_2014-03-05.xsd#ifrs-full_ExplanationOfNatureAndExtentOfOtherRightsAndObligations" xlink:label="loc_10"/>
    <link:reference xlink:type="resource" xlink:label="res_10" xlink:role="http://www.xbrl.org/2003/role/disclosureRef">
      <ref:Name>SIC</ref:Name>
      <ref:Number>29</ref:Number>
      <ref:IssueDate>2014-01-01</ref:IssueDate>
      <ref:Paragraph>6</ref:Paragraph>
      <ref:Subparagraph>c</ref:Subparagraph>
      <ref:Clause>vi</ref:Clause>
      <ref:URI>http://eifrs.ifrs.org/eifrs/XBRL?type=SIC&amp;num=29&amp;date=2014-03-17&amp;anchor=para_6_c_vi&amp;doctype=Standard</ref:URI>
      <ref:URIDate>2014-03-05</ref:URIDate>
    </link:reference>
    <link:referenceArc xlink:type="arc" xlink:arcrole="http://www.xbrl.org/2003/arcrole/concept-reference" xlink:from="loc_10" xlink:to="res_10"/>
    <link:loc xlink:type="locator" xlink:href="../../full_ifrs-cor_2014-03-05.xsd#ifrs-full_DescriptionOfChangesInServiceConcessionArrangement" xlink:label="loc_11"/>
    <link:reference xlink:type="resource" xlink:label="res_11" xlink:role="http://www.xbrl.org/2003/role/disclosureRef">
      <ref:Name>SIC</ref:Name>
      <ref:Number>29</ref:Number>
      <ref:IssueDate>2014-01-01</ref:IssueDate>
      <ref:Paragraph>6</ref:Paragraph>
      <ref:Subparagraph>d</ref:Subparagraph>
      <ref:URI>http://eifrs.ifrs.org/eifrs/XBRL?type=SIC&amp;num=29&amp;date=2014-03-17&amp;anchor=para_6_d&amp;doctype=Standard</ref:URI>
      <ref:URIDate>2014-03-05</ref:URIDate>
    </link:reference>
    <link:referenceArc xlink:type="arc" xlink:arcrole="http://www.xbrl.org/2003/arcrole/concept-reference" xlink:from="loc_11" xlink:to="res_11"/>
    <link:loc xlink:type="locator" xlink:href="../../full_ifrs-cor_2014-03-05.xsd#ifrs-full_ExplanationHowServiceConcessionArrangementHasBeenClassified" xlink:label="loc_12"/>
    <link:reference xlink:type="resource" xlink:label="res_12" xlink:role="http://www.xbrl.org/2003/role/disclosureRef">
      <ref:Name>SIC</ref:Name>
      <ref:Number>29</ref:Number>
      <ref:IssueDate>2014-01-01</ref:IssueDate>
      <ref:Paragraph>6</ref:Paragraph>
      <ref:Subparagraph>e</ref:Subparagraph>
      <ref:URI>http://eifrs.ifrs.org/eifrs/XBRL?type=SIC&amp;num=29&amp;date=2014-03-17&amp;anchor=para_6_e&amp;doctype=Standard</ref:URI>
      <ref:URIDate>2014-03-05</ref:URIDate>
    </link:reference>
    <link:referenceArc xlink:type="arc" xlink:arcrole="http://www.xbrl.org/2003/arcrole/concept-reference" xlink:from="loc_12" xlink:to="res_12"/>
    <link:loc xlink:type="locator" xlink:href="../../full_ifrs-cor_2014-03-05.xsd#ifrs-full_RevenueRecognisedOnExchangingConstructionServicesForFinancialAsset" xlink:label="loc_13"/>
    <link:reference xlink:type="resource" xlink:label="res_13" xlink:role="http://www.xbrl.org/2003/role/disclosureRef">
      <ref:Name>SIC</ref:Name>
      <ref:Number>29</ref:Number>
      <ref:IssueDate>2014-01-01</ref:IssueDate>
      <ref:Paragraph>6A</ref:Paragraph>
      <ref:URI>http://eifrs.ifrs.org/eifrs/XBRL?type=SIC&amp;num=29&amp;date=2014-03-17&amp;anchor=para_6A&amp;doctype=Standard</ref:URI>
      <ref:URIDate>2014-03-05</ref:URIDate>
    </link:reference>
    <link:referenceArc xlink:type="arc" xlink:arcrole="http://www.xbrl.org/2003/arcrole/concept-reference" xlink:from="loc_13" xlink:to="res_13"/>
    <link:loc xlink:type="locator" xlink:href="../../full_ifrs-cor_2014-03-05.xsd#ifrs-full_ServiceConcessionArrangementsAxis" xlink:label="loc_14"/>
    <link:referenceArc xlink:type="arc" xlink:arcrole="http://www.xbrl.org/2003/arcrole/concept-reference" xlink:from="loc_14" xlink:to="res_2"/>
    <link:loc xlink:type="locator" xlink:href="../../full_ifrs-cor_2014-03-05.xsd#ifrs-full_ServiceConcessionArrangementsMember" xlink:label="loc_15"/>
    <link:referenceArc xlink:type="arc" xlink:arcrole="http://www.xbrl.org/2003/arcrole/concept-reference" xlink:from="loc_15" xlink:to="res_2"/>
    <link:loc xlink:type="locator" xlink:href="../../full_ifrs-cor_2014-03-05.xsd#ifrs-full_DisclosureOfDetailedInformationAboutServiceConcessionArrangementsExplanatory" xlink:label="loc_16"/>
    <link:referenceArc xlink:type="arc" xlink:arcrole="http://www.xbrl.org/2003/arcrole/concept-reference" xlink:from="loc_16" xlink:to="res_2"/>
    <link:loc xlink:type="locator" xlink:href="../../full_ifrs-cor_2014-03-05.xsd#ifrs-full_RevenueRecognisedOnExchangingConstructionServicesForIntangibleAsset" xlink:label="loc_17"/>
    <link:referenceArc xlink:type="arc" xlink:arcrole="http://www.xbrl.org/2003/arcrole/concept-reference" xlink:from="loc_17" xlink:to="res_13"/>
    <link:loc xlink:type="locator" xlink:href="../../full_ifrs-cor_2014-03-05.xsd#ifrs-full_ProfitLossRecognisedOnExchangingConstructionServicesForFinancialAsset2011" xlink:label="loc_18"/>
    <link:referenceArc xlink:type="arc" xlink:arcrole="http://www.xbrl.org/2003/arcrole/concept-reference" xlink:from="loc_18" xlink:to="res_13"/>
    <link:loc xlink:type="locator" xlink:href="../../full_ifrs-cor_2014-03-05.xsd#ifrs-full_ProfitLossRecognisedOnExchangingConstructionServicesForIntangibleAsset2011" xlink:label="loc_19"/>
    <link:referenceArc xlink:type="arc" xlink:arcrole="http://www.xbrl.org/2003/arcrole/concept-reference" xlink:from="loc_19" xlink:to="res_13"/>
  </link:referenceLink>
</link:linkbase>
