<?xml version="1.0" encoding="UTF-8"?>
<!-- Generated by Fujitsu Interstage XWand B0217 -->
<link:linkbase xmlns:xsi="http://www.w3.org/2001/XMLSchema-instance" xsi:schemaLocation="http://www.xbrl.org/2003/linkbase http://www.xbrl.org/2003/xbrl-linkbase-2003-12-31.xsd" xmlns:link="http://www.xbrl.org/2003/linkbase" xmlns:xbrli="http://www.xbrl.org/2003/instance" xmlns:xlink="http://www.w3.org/1999/xlink">
  <link:labelLink xlink:type="extended" xlink:role="http://www.xbrl.org/2003/role/link">
    <link:loc xlink:type="locator" xlink:href="gsd.xsd#gsd_AddressOfAuditorCountryIdentificationCode" xlink:label="AddressOfAuditorCountryIdentificationCode" xlink:title="AddressOfAuditorCountryIdentificationCode"/>
    <link:label xlink:type="resource" xlink:label="label_AddressOfAuditorCountryIdentificationCode" xlink:role="http://www.xbrl.org/2003/role/label" xlink:title="label_AddressOfAuditorCountryIdentificationCode" xml:lang="ar" id="label_AddressOfAuditorCountryIdentificationCode">عنوان مدقق الحسابات، رمز تعريف البلد</link:label>
    <link:labelArc xlink:type="arc" xlink:arcrole="http://www.xbrl.org/2003/arcrole/concept-label" xlink:from="AddressOfAuditorCountryIdentificationCode" xlink:to="label_AddressOfAuditorCountryIdentificationCode" xlink:title="label: AddressOfAuditorCountryIdentificationCode to label_AddressOfAuditorCountryIdentificationCode"/>
    <link:loc xlink:type="locator" xlink:href="gsd.xsd#gsd_AddressOfSubmittingEnterprisePostcodeAndTown" xlink:label="AddressOfSubmittingEnterprisePostcodeAndTown" xlink:title="AddressOfSubmittingEnterprisePostcodeAndTown"/>
    <link:label xlink:type="resource" xlink:label="label_AddressOfSubmittingEnterprisePostcodeAndTown" xlink:role="http://www.xbrl.org/2003/role/label" xlink:title="label_AddressOfSubmittingEnterprisePostcodeAndTown" xml:lang="ar" id="label_AddressOfSubmittingEnterprisePostcodeAndTown">عنوان الشركة المقدمة للطلب، الرمز البريدي واسم المنطقة</link:label>
    <link:labelArc xlink:type="arc" xlink:arcrole="http://www.xbrl.org/2003/arcrole/concept-label" xlink:from="AddressOfSubmittingEnterprisePostcodeAndTown" xlink:to="label_AddressOfSubmittingEnterprisePostcodeAndTown" xlink:title="label: AddressOfSubmittingEnterprisePostcodeAndTown to label_AddressOfSubmittingEnterprisePostcodeAndTown"/>
    <link:loc xlink:type="locator" xlink:href="gsd.xsd#gsd_AddressOfSubmittingEnterpriseStreetAndNumber" xlink:label="AddressOfSubmittingEnterpriseStreetAndNumber" xlink:title="AddressOfSubmittingEnterpriseStreetAndNumber"/>
    <link:label xlink:type="resource" xlink:label="label_AddressOfSubmittingEnterpriseStreetAndNumber" xlink:role="http://www.xbrl.org/2003/role/label" xlink:title="label_AddressOfSubmittingEnterpriseStreetAndNumber" xml:lang="ar" id="label_AddressOfSubmittingEnterpriseStreetAndNumber">عنوان الشركة المقدمة للطلب، الشارع والرقم</link:label>
    <link:labelArc xlink:type="arc" xlink:arcrole="http://www.xbrl.org/2003/arcrole/concept-label" xlink:from="AddressOfSubmittingEnterpriseStreetAndNumber" xlink:to="label_AddressOfSubmittingEnterpriseStreetAndNumber" xlink:title="label: AddressOfSubmittingEnterpriseStreetAndNumber to label_AddressOfSubmittingEnterpriseStreetAndNumber"/>
    <link:loc xlink:type="locator" xlink:href="gsd.xsd#gsd_NameAndSurnameOfChairmanOfGeneralMeeting" xlink:label="NameAndSurnameOfChairmanOfGeneralMeeting" xlink:title="NameAndSurnameOfChairmanOfGeneralMeeting"/>
    <link:label xlink:type="resource" xlink:label="label_NameAndSurnameOfChairmanOfGeneralMeeting" xlink:role="http://www.xbrl.org/2003/role/label" xlink:title="label_NameAndSurnameOfChairmanOfGeneralMeeting" xml:lang="ar" id="label_NameAndSurnameOfChairmanOfGeneralMeeting">الاسم الشخصي والاسم العائلي لرئيس الجمعية العامة أو من أناب عنه</link:label>
    <link:labelArc xlink:type="arc" xlink:arcrole="http://www.xbrl.org/2003/arcrole/concept-label" xlink:from="NameAndSurnameOfChairmanOfGeneralMeeting" xlink:to="label_NameAndSurnameOfChairmanOfGeneralMeeting" xlink:title="label: NameAndSurnameOfChairmanOfGeneralMeeting to label_NameAndSurnameOfChairmanOfGeneralMeeting"/>
    <link:loc xlink:type="locator" xlink:href="gsd.xsd#gsd_DateOfApprovalOfReport" xlink:label="DateOfApprovalOfReport" xlink:title="DateOfApprovalOfReport"/>
    <link:label xlink:type="resource" xlink:label="label_DateOfApprovalOfReport" xlink:role="http://www.xbrl.org/2003/role/label" xlink:title="label_DateOfApprovalOfReport" xml:lang="ar" id="label_DateOfApprovalOfReport">تاريخ الموافقة على التقرير السنوي</link:label>
    <link:labelArc xlink:type="arc" xlink:arcrole="http://www.xbrl.org/2003/arcrole/concept-label" xlink:from="DateOfApprovalOfReport" xlink:to="label_DateOfApprovalOfReport" xlink:title="label: DateOfApprovalOfReport to label_DateOfApprovalOfReport"/>
    <link:loc xlink:type="locator" xlink:href="gsd.xsd#gsd_DateOfFoundationOfReportingEntity" xlink:label="DateOfFoundationOfReportingEntity" xlink:title="DateOfFoundationOfReportingEntity"/>
    <link:label xlink:type="resource" xlink:label="label_DateOfFoundationOfReportingEntity" xlink:role="http://www.xbrl.org/2003/role/label" xlink:title="label_DateOfFoundationOfReportingEntity" xml:lang="ar" id="label_DateOfFoundationOfReportingEntity">ناريخ تأسيس الكيان المقدم للتقرير</link:label>
    <link:labelArc xlink:type="arc" xlink:arcrole="http://www.xbrl.org/2003/arcrole/concept-label" xlink:from="DateOfFoundationOfReportingEntity" xlink:to="label_DateOfFoundationOfReportingEntity" xlink:title="label: DateOfFoundationOfReportingEntity to label_DateOfFoundationOfReportingEntity"/>
    <link:loc xlink:type="locator" xlink:href="gsd.xsd#gsd_DateOfGeneralMeeting" xlink:label="DateOfGeneralMeeting" xlink:title="DateOfGeneralMeeting"/>
    <link:label xlink:type="resource" xlink:label="label_DateOfGeneralMeeting" xlink:role="http://www.xbrl.org/2003/role/label" xlink:title="label_DateOfGeneralMeeting" xml:lang="ar" id="label_DateOfGeneralMeeting">تاريخ الجمعية العامة</link:label>
    <link:labelArc xlink:type="arc" xlink:arcrole="http://www.xbrl.org/2003/arcrole/concept-label" xlink:from="DateOfGeneralMeeting" xlink:to="label_DateOfGeneralMeeting" xlink:title="label: DateOfGeneralMeeting to label_DateOfGeneralMeeting"/>
    <link:loc xlink:type="locator" xlink:href="gsd.xsd#gsd_EmailOfAuditor" xlink:label="EmailOfAuditor" xlink:title="EmailOfAuditor"/>
    <link:label xlink:type="resource" xlink:label="label_EmailOfAuditor" xlink:role="http://www.xbrl.org/2003/role/label" xlink:title="label_EmailOfAuditor" xml:lang="ar" id="label_EmailOfAuditor">عنوان البريد الألكتروني لمدقق الحسابات</link:label>
    <link:labelArc xlink:type="arc" xlink:arcrole="http://www.xbrl.org/2003/arcrole/concept-label" xlink:from="EmailOfAuditor" xlink:to="label_EmailOfAuditor" xlink:title="label: EmailOfAuditor to label_EmailOfAuditor"/>
    <link:loc xlink:type="locator" xlink:href="gsd.xsd#gsd_EmailOfReportingEntity" xlink:label="EmailOfReportingEntity" xlink:title="EmailOfReportingEntity"/>
    <link:label xlink:type="resource" xlink:label="label_EmailOfReportingEntity" xlink:role="http://www.xbrl.org/2003/role/label" xlink:title="label_EmailOfReportingEntity" xml:lang="ar" id="label_EmailOfReportingEntity">عنوان البريد الألكتروني للكيان المقدم للتقرير</link:label>
    <link:labelArc xlink:type="arc" xlink:arcrole="http://www.xbrl.org/2003/arcrole/concept-label" xlink:from="EmailOfReportingEntity" xlink:to="label_EmailOfReportingEntity" xlink:title="label: EmailOfReportingEntity to label_EmailOfReportingEntity"/>
    <link:loc xlink:type="locator" xlink:href="gsd.xsd#gsd_FaxNumberOfReportingEntity" xlink:label="FaxNumberOfReportingEntity" xlink:title="FaxNumberOfReportingEntity"/>
    <link:label xlink:type="resource" xlink:label="label_FaxNumberOfReportingEntity" xlink:role="http://www.xbrl.org/2003/role/label" xlink:title="label_FaxNumberOfReportingEntity" xml:lang="ar" id="label_FaxNumberOfReportingEntity">رقم الفاكس للكيان المقدم للتقرير</link:label>
    <link:labelArc xlink:type="arc" xlink:arcrole="http://www.xbrl.org/2003/arcrole/concept-label" xlink:from="FaxNumberOfReportingEntity" xlink:to="label_FaxNumberOfReportingEntity" xlink:title="label: FaxNumberOfReportingEntity to label_FaxNumberOfReportingEntity"/>
    <link:loc xlink:type="locator" xlink:href="gsd.xsd#gsd_HomepageOfReportingEntity" xlink:label="HomepageOfReportingEntity" xlink:title="HomepageOfReportingEntity"/>
    <link:label xlink:type="resource" xlink:label="label_HomepageOfReportingEntity" xlink:role="http://www.xbrl.org/2003/role/label" xlink:title="label_HomepageOfReportingEntity" xml:lang="ar" id="label_HomepageOfReportingEntity">الصفحة الافتتاحية للكيان المقدم للتقرير على موقعه على الأنترنت</link:label>
    <link:labelArc xlink:type="arc" xlink:arcrole="http://www.xbrl.org/2003/arcrole/concept-label" xlink:from="HomepageOfReportingEntity" xlink:to="label_HomepageOfReportingEntity" xlink:title="label: HomepageOfReportingEntity to label_HomepageOfReportingEntity"/>
    <link:loc xlink:type="locator" xlink:href="gsd.xsd#gsd_IdentificationNumberCvrOfReportingEntity" xlink:label="IdentificationNumberCvrOfReportingEntity" xlink:title="IdentificationNumberCvrOfReportingEntity"/>
    <link:label xlink:type="resource" xlink:label="label_IdentificationNumberCvrOfReportingEntity" xlink:role="http://www.xbrl.org/2003/role/label" xlink:title="label_IdentificationNumberCvrOfReportingEntity" xml:lang="ar" id="label_IdentificationNumberCvrOfReportingEntity">رقم السجل التجاري (CVR)  للكيان المقدم للتقرير </link:label>
    <link:labelArc xlink:type="arc" xlink:arcrole="http://www.xbrl.org/2003/arcrole/concept-label" xlink:from="IdentificationNumberCvrOfReportingEntity" xlink:to="label_IdentificationNumberCvrOfReportingEntity" xlink:title="label: IdentificationNumberCvrOfReportingEntity to label_IdentificationNumberCvrOfReportingEntity"/>
    <link:loc xlink:type="locator" xlink:href="gsd.xsd#gsd_IdentificationNumberCvrOfSubmittingEnterprise" xlink:label="IdentificationNumberCvrOfSubmittingEnterprise" xlink:title="IdentificationNumberCvrOfSubmittingEnterprise"/>
    <link:label xlink:type="resource" xlink:label="label_IdentificationNumberCvrOfSubmittingEnterprise" xlink:role="http://www.xbrl.org/2003/role/label" xlink:title="label_IdentificationNumberCvrOfSubmittingEnterprise" xml:lang="ar" id="label_IdentificationNumberCvrOfSubmittingEnterprise">رقم السجل التجاري (CVR)  للكيان المقدم للطلب </link:label>
    <link:labelArc xlink:type="arc" xlink:arcrole="http://www.xbrl.org/2003/arcrole/concept-label" xlink:from="IdentificationNumberCvrOfSubmittingEnterprise" xlink:to="label_IdentificationNumberCvrOfSubmittingEnterprise" xlink:title="label: IdentificationNumberCvrOfSubmittingEnterprise to label_IdentificationNumberCvrOfSubmittingEnterprise"/>
    <link:loc xlink:type="locator" xlink:href="gsd.xsd#gsd_InformationOnEnterpriseSubmittingReportAbstract" xlink:label="InformationOnEnterpriseSubmittingReportAbstract" xlink:title="InformationOnEnterpriseSubmittingReportAbstract"/>
    <link:label xlink:type="resource" xlink:label="label_InformationOnEnterpriseSubmittingReportAbstract" xlink:role="http://www.xbrl.org/2003/role/label" xlink:title="label_InformationOnEnterpriseSubmittingReportAbstract" xml:lang="ar" id="label_InformationOnEnterpriseSubmittingReportAbstract">معلومات عن الكيان المقدم للتقرير</link:label>
    <link:labelArc xlink:type="arc" xlink:arcrole="http://www.xbrl.org/2003/arcrole/concept-label" xlink:from="InformationOnEnterpriseSubmittingReportAbstract" xlink:to="label_InformationOnEnterpriseSubmittingReportAbstract" xlink:title="label: InformationOnEnterpriseSubmittingReportAbstract to label_InformationOnEnterpriseSubmittingReportAbstract"/>
    <link:loc xlink:type="locator" xlink:href="gsd.xsd#gsd_InformationOnMainFinancialInstitutionThatRunsAccountsOfReportingEntityAbstract" xlink:label="InformationOnMainFinancialInstitutionThatRunsAccountsOfReportingEntityAbstract" xlink:title="InformationOnMainFinancialInstitutionThatRunsAccountsOfReportingEntityAbstract"/>
    <link:label xlink:type="resource" xlink:label="label_InformationOnMainFinancialInstitutionThatRunsAccountsOfReportingEntityAbstract" xlink:role="http://www.xbrl.org/2003/role/label" xlink:title="label_InformationOnMainFinancialInstitutionThatRunsAccountsOfReportingEntityAbstract" xml:lang="ar" id="label_InformationOnMainFinancialInstitutionThatRunsAccountsOfReportingEntityAbstract">معلومات عن المؤسسة المالية الرئيسية للكيان المقدم للتقرير</link:label>
    <link:labelArc xlink:type="arc" xlink:arcrole="http://www.xbrl.org/2003/arcrole/concept-label" xlink:from="InformationOnMainFinancialInstitutionThatRunsAccountsOfReportingEntityAbstract" xlink:to="label_InformationOnMainFinancialInstitutionThatRunsAccountsOfReportingEntityAbstract" xlink:title="label: InformationOnMainFinancialInstitutionThatRunsAccountsOfReportingEntityAbstract to label_InformationOnMainFinancialInstitutionThatRunsAccountsOfReportingEntityAbstract"/>
    <link:loc xlink:type="locator" xlink:href="gsd.xsd#gsd_InformationOnMainLawFirmRepresentingReportingEntityAbstract" xlink:label="InformationOnMainLawFirmRepresentingReportingEntityAbstract" xlink:title="InformationOnMainLawFirmRepresentingReportingEntityAbstract"/>
    <link:label xlink:type="resource" xlink:label="label_InformationOnMainLawFirmRepresentingReportingEntityAbstract" xlink:role="http://www.xbrl.org/2003/role/label" xlink:title="label_InformationOnMainLawFirmRepresentingReportingEntityAbstract" xml:lang="ar" id="label_InformationOnMainLawFirmRepresentingReportingEntityAbstract">معلومات عن مكتب المحاماة الرئيس الممثل للكيان المقدم للتقرير</link:label>
    <link:labelArc xlink:type="arc" xlink:arcrole="http://www.xbrl.org/2003/arcrole/concept-label" xlink:from="InformationOnMainLawFirmRepresentingReportingEntityAbstract" xlink:to="label_InformationOnMainLawFirmRepresentingReportingEntityAbstract" xlink:title="label: InformationOnMainLawFirmRepresentingReportingEntityAbstract to label_InformationOnMainLawFirmRepresentingReportingEntityAbstract"/>
    <link:loc xlink:type="locator" xlink:href="gsd.xsd#gsd_InformationOnMembersOfExecutiveBoardAbstract" xlink:label="InformationOnMembersOfExecutiveBoardAbstract" xlink:title="InformationOnMembersOfExecutiveBoardAbstract"/>
    <link:label xlink:type="resource" xlink:label="label_InformationOnMembersOfExecutiveBoardAbstract" xlink:role="http://www.xbrl.org/2003/role/label" xlink:title="label_InformationOnMembersOfExecutiveBoardAbstract" xml:lang="ar" id="label_InformationOnMembersOfExecutiveBoardAbstract">معلومات عن أعضاء المجلس التنفيذي</link:label>
    <link:labelArc xlink:type="arc" xlink:arcrole="http://www.xbrl.org/2003/arcrole/concept-label" xlink:from="InformationOnMembersOfExecutiveBoardAbstract" xlink:to="label_InformationOnMembersOfExecutiveBoardAbstract" xlink:title="label: InformationOnMembersOfExecutiveBoardAbstract to label_InformationOnMembersOfExecutiveBoardAbstract"/>
    <link:loc xlink:type="locator" xlink:href="gsd.xsd#gsd_InformationOnMembersOfSupervisoryBoardAbstract" xlink:label="InformationOnMembersOfSupervisoryBoardAbstract" xlink:title="InformationOnMembersOfSupervisoryBoardAbstract"/>
    <link:label xlink:type="resource" xlink:label="label_InformationOnMembersOfSupervisoryBoardAbstract" xlink:role="http://www.xbrl.org/2003/role/label" xlink:title="label_InformationOnMembersOfSupervisoryBoardAbstract" xml:lang="ar" id="label_InformationOnMembersOfSupervisoryBoardAbstract">معلومات عن أعضاء مجلس المراقبة</link:label>
    <link:labelArc xlink:type="arc" xlink:arcrole="http://www.xbrl.org/2003/arcrole/concept-label" xlink:from="InformationOnMembersOfSupervisoryBoardAbstract" xlink:to="label_InformationOnMembersOfSupervisoryBoardAbstract" xlink:title="label: InformationOnMembersOfSupervisoryBoardAbstract to label_InformationOnMembersOfSupervisoryBoardAbstract"/>
    <link:loc xlink:type="locator" xlink:href="gsd.xsd#gsd_InformationOnReportingEntityAbstract" xlink:label="InformationOnReportingEntityAbstract" xlink:title="InformationOnReportingEntityAbstract"/>
    <link:label xlink:type="resource" xlink:label="label_InformationOnReportingEntityAbstract" xlink:role="http://www.xbrl.org/2003/role/label" xlink:title="label_InformationOnReportingEntityAbstract" xml:lang="ar" id="label_InformationOnReportingEntityAbstract">معلومات عن االكيان المقدم للتقرير</link:label>
    <link:labelArc xlink:type="arc" xlink:arcrole="http://www.xbrl.org/2003/arcrole/concept-label" xlink:from="InformationOnReportingEntityAbstract" xlink:to="label_InformationOnReportingEntityAbstract" xlink:title="label: InformationOnReportingEntityAbstract to label_InformationOnReportingEntityAbstract"/>
    <link:loc xlink:type="locator" xlink:href="gsd.xsd#gsd_InformationOnSubmissionReportAndReportingEntityAbstract" xlink:label="InformationOnSubmissionReportAndReportingEntityAbstract" xlink:title="InformationOnSubmissionReportAndReportingEntityAbstract"/>
    <link:label xlink:type="resource" xlink:label="label_InformationOnSubmissionReportAndReportingEntityAbstract" xlink:role="http://www.xbrl.org/2003/role/label" xlink:title="label_InformationOnSubmissionReportAndReportingEntityAbstract" xml:lang="ar" id="label_InformationOnSubmissionReportAndReportingEntityAbstract">معلومات عن تقديم الطلب نوع التقرير والكيان المقدم للتقرير</link:label>
    <link:labelArc xlink:type="arc" xlink:arcrole="http://www.xbrl.org/2003/arcrole/concept-label" xlink:from="InformationOnSubmissionReportAndReportingEntityAbstract" xlink:to="label_InformationOnSubmissionReportAndReportingEntityAbstract" xlink:title="label: InformationOnSubmissionReportAndReportingEntityAbstract to label_InformationOnSubmissionReportAndReportingEntityAbstract"/>
    <link:loc xlink:type="locator" xlink:href="gsd.xsd#gsd_InformationOnTypeOfSubmittedReport" xlink:label="InformationOnTypeOfSubmittedReport" xlink:title="InformationOnTypeOfSubmittedReport"/>
    <link:label xlink:type="resource" xlink:label="label_InformationOnTypeOfSubmittedReport" xlink:role="http://www.xbrl.org/2003/role/label" xlink:title="label_InformationOnTypeOfSubmittedReport" xml:lang="ar" id="label_InformationOnTypeOfSubmittedReport">معلومات عن نوع التقرير المقدم</link:label>
    <link:labelArc xlink:type="arc" xlink:arcrole="http://www.xbrl.org/2003/arcrole/concept-label" xlink:from="InformationOnTypeOfSubmittedReport" xlink:to="label_InformationOnTypeOfSubmittedReport" xlink:title="label: InformationOnTypeOfSubmittedReport to label_InformationOnTypeOfSubmittedReport"/>
    <link:loc xlink:type="locator" xlink:href="gsd.xsd#gsd_NameSurnameAndTitleOfLiquidator" xlink:label="NameSurnameAndTitleOfLiquidator" xlink:title="NameSurnameAndTitleOfLiquidator"/>
    <link:label xlink:type="resource" xlink:label="label_NameSurnameAndTitleOfLiquidator" xlink:role="http://www.xbrl.org/2003/role/label" xlink:title="label_NameSurnameAndTitleOfLiquidator" xml:lang="ar" id="label_NameSurnameAndTitleOfLiquidator">الاسم الشخصي والاسم العائلي  والصفة الرسمية للمدقق الحسابات</link:label>
    <link:labelArc xlink:type="arc" xlink:arcrole="http://www.xbrl.org/2003/arcrole/concept-label" xlink:from="NameSurnameAndTitleOfLiquidator" xlink:to="label_NameSurnameAndTitleOfLiquidator" xlink:title="label: NameSurnameAndTitleOfLiquidator to label_NameSurnameAndTitleOfLiquidator"/>
    <link:loc xlink:type="locator" xlink:href="gsd.xsd#gsd_NameOfFinancialInstitution" xlink:label="NameOfFinancialInstitution" xlink:title="NameOfFinancialInstitution"/>
    <link:label xlink:type="resource" xlink:label="label_NameOfFinancialInstitution" xlink:role="http://www.xbrl.org/2003/role/label" xlink:title="label_NameOfFinancialInstitution" xml:lang="ar" id="label_NameOfFinancialInstitution">اسم المؤسسة المالية</link:label>
    <link:labelArc xlink:type="arc" xlink:arcrole="http://www.xbrl.org/2003/arcrole/concept-label" xlink:from="NameOfFinancialInstitution" xlink:to="label_NameOfFinancialInstitution" xlink:title="label: NameOfFinancialInstitution to label_NameOfFinancialInstitution"/>
    <link:loc xlink:type="locator" xlink:href="gsd.xsd#gsd_NameOfLawFirm" xlink:label="NameOfLawFirm" xlink:title="NameOfLawFirm"/>
    <link:label xlink:type="resource" xlink:label="label_NameOfLawFirm" xlink:role="http://www.xbrl.org/2003/role/label" xlink:title="label_NameOfLawFirm" xml:lang="ar" id="label_NameOfLawFirm">اسم مكتب المحاماة</link:label>
    <link:labelArc xlink:type="arc" xlink:arcrole="http://www.xbrl.org/2003/arcrole/concept-label" xlink:from="NameOfLawFirm" xlink:to="label_NameOfLawFirm" xlink:title="label: NameOfLawFirm to label_NameOfLawFirm"/>
    <link:loc xlink:type="locator" xlink:href="gsd.xsd#gsd_NameOfReportingEntity" xlink:label="NameOfReportingEntity" xlink:title="NameOfReportingEntity"/>
    <link:label xlink:type="resource" xlink:label="label_NameOfReportingEntity" xlink:role="http://www.xbrl.org/2003/role/label" xlink:title="label_NameOfReportingEntity" xml:lang="ar" id="label_NameOfReportingEntity">اسم الكيان المقدم للتقرير</link:label>
    <link:labelArc xlink:type="arc" xlink:arcrole="http://www.xbrl.org/2003/arcrole/concept-label" xlink:from="NameOfReportingEntity" xlink:to="label_NameOfReportingEntity" xlink:title="label: NameOfReportingEntity to label_NameOfReportingEntity"/>
    <link:loc xlink:type="locator" xlink:href="gsd.xsd#gsd_NameOfSubmittingEnterprise" xlink:label="NameOfSubmittingEnterprise" xlink:title="NameOfSubmittingEnterprise"/>
    <link:label xlink:type="resource" xlink:label="label_NameOfSubmittingEnterprise" xlink:role="http://www.xbrl.org/2003/role/label" xlink:title="label_NameOfSubmittingEnterprise" xml:lang="ar" id="label_NameOfSubmittingEnterprise">اسم الشركة المقدمة للتقرير</link:label>
    <link:labelArc xlink:type="arc" xlink:arcrole="http://www.xbrl.org/2003/arcrole/concept-label" xlink:from="NameOfSubmittingEnterprise" xlink:to="label_NameOfSubmittingEnterprise" xlink:title="label: NameOfSubmittingEnterprise to label_NameOfSubmittingEnterprise"/>
    <link:loc xlink:type="locator" xlink:href="gsd.xsd#gsd_RegisteredOfficeOfReportingEntity" xlink:label="RegisteredOfficeOfReportingEntity" xlink:title="RegisteredOfficeOfReportingEntity"/>
    <link:label xlink:type="resource" xlink:label="label_RegisteredOfficeOfReportingEntity" xlink:role="http://www.xbrl.org/2003/role/label" xlink:title="label_RegisteredOfficeOfReportingEntity" xml:lang="ar" id="label_RegisteredOfficeOfReportingEntity">المقر الرسمي للكيان المقدم للتقرير</link:label>
    <link:labelArc xlink:type="arc" xlink:arcrole="http://www.xbrl.org/2003/arcrole/concept-label" xlink:from="RegisteredOfficeOfReportingEntity" xlink:to="label_RegisteredOfficeOfReportingEntity" xlink:title="label: RegisteredOfficeOfReportingEntity to label_RegisteredOfficeOfReportingEntity"/>
    <link:loc xlink:type="locator" xlink:href="gsd.xsd#gsd_ReportingPeriodEndDate" xlink:label="ReportingPeriodEndDate" xlink:title="ReportingPeriodEndDate"/>
    <link:label xlink:type="resource" xlink:label="label_ReportingPeriodEndDate" xlink:role="http://www.xbrl.org/2003/role/label" xlink:title="label_ReportingPeriodEndDate" xml:lang="ar" id="label_ReportingPeriodEndDate">تاريخ انتهاء فترة التقرير</link:label>
    <link:labelArc xlink:type="arc" xlink:arcrole="http://www.xbrl.org/2003/arcrole/concept-label" xlink:from="ReportingPeriodEndDate" xlink:to="label_ReportingPeriodEndDate" xlink:title="label: ReportingPeriodEndDate to label_ReportingPeriodEndDate"/>
    <link:loc xlink:type="locator" xlink:href="gsd.xsd#gsd_ReportingPeriodStartDate" xlink:label="ReportingPeriodStartDate" xlink:title="ReportingPeriodStartDate"/>
    <link:label xlink:type="resource" xlink:label="label_ReportingPeriodStartDate" xlink:role="http://www.xbrl.org/2003/role/label" xlink:title="label_ReportingPeriodStartDate" xml:lang="ar" id="label_ReportingPeriodStartDate">تاريخ بداية فترة التقرير</link:label>
    <link:labelArc xlink:type="arc" xlink:arcrole="http://www.xbrl.org/2003/arcrole/concept-label" xlink:from="ReportingPeriodStartDate" xlink:to="label_ReportingPeriodStartDate" xlink:title="label: ReportingPeriodStartDate to label_ReportingPeriodStartDate"/>
    <link:loc xlink:type="locator" xlink:href="gsd.xsd#gsd_TelephoneNumberOfAuditor" xlink:label="TelephoneNumberOfAuditor" xlink:title="TelephoneNumberOfAuditor"/>
    <link:label xlink:type="resource" xlink:label="label_TelephoneNumberOfAuditor" xlink:role="http://www.xbrl.org/2003/role/label" xlink:title="label_TelephoneNumberOfAuditor" xml:lang="ar" id="label_TelephoneNumberOfAuditor">رقم هاتف مدقق الحسابات</link:label>
    <link:labelArc xlink:type="arc" xlink:arcrole="http://www.xbrl.org/2003/arcrole/concept-label" xlink:from="TelephoneNumberOfAuditor" xlink:to="label_TelephoneNumberOfAuditor" xlink:title="label: TelephoneNumberOfAuditor to label_TelephoneNumberOfAuditor"/>
    <link:loc xlink:type="locator" xlink:href="gsd.xsd#gsd_TelephoneNumberOfReportingEntity" xlink:label="TelephoneNumberOfReportingEntity" xlink:title="TelephoneNumberOfReportingEntity"/>
    <link:label xlink:type="resource" xlink:label="label_TelephoneNumberOfReportingEntity" xlink:role="http://www.xbrl.org/2003/role/label" xlink:title="label_TelephoneNumberOfReportingEntity" xml:lang="ar" id="label_TelephoneNumberOfReportingEntity">رقم هاتف الكيان المقدم للتقرير</link:label>
    <link:labelArc xlink:type="arc" xlink:arcrole="http://www.xbrl.org/2003/arcrole/concept-label" xlink:from="TelephoneNumberOfReportingEntity" xlink:to="label_TelephoneNumberOfReportingEntity" xlink:title="label: TelephoneNumberOfReportingEntity to label_TelephoneNumberOfReportingEntity"/>
    <link:loc xlink:type="locator" xlink:href="gsd.xsd#gsd_DetailsOnMembersOfExecutiveBoardHypercube" xlink:label="DetailsOnMembersOfExecutiveBoardHypercube" xlink:title="DetailsOnMembersOfExecutiveBoardHypercube"/>
    <link:label xlink:type="resource" xlink:label="label_DetailsOnMembersOfExecutiveBoardHypercube" xlink:role="http://www.xbrl.org/2003/role/label" xlink:title="label_DetailsOnMembersOfExecutiveBoardHypercube" xml:lang="ar" id="label_DetailsOnMembersOfExecutiveBoardHypercube">تفاصيل عن أعضاء المجلس التنفيذي</link:label>
    <link:labelArc xlink:type="arc" xlink:arcrole="http://www.xbrl.org/2003/arcrole/concept-label" xlink:from="DetailsOnMembersOfExecutiveBoardHypercube" xlink:to="label_DetailsOnMembersOfExecutiveBoardHypercube" xlink:title="label: DetailsOnMembersOfExecutiveBoardHypercube to label_DetailsOnMembersOfExecutiveBoardHypercube"/>
    <link:loc xlink:type="locator" xlink:href="gsd.xsd#gsd_DetailsOnMembersOfSupervisoryBoardHypercube" xlink:label="DetailsOnMembersOfSupervisoryBoardHypercube" xlink:title="DetailsOnMembersOfSupervisoryBoardHypercube"/>
    <link:label xlink:type="resource" xlink:label="label_DetailsOnMembersOfSupervisoryBoardHypercube" xlink:role="http://www.xbrl.org/2003/role/label" xlink:title="label_DetailsOnMembersOfSupervisoryBoardHypercube" xml:lang="ar" id="label_DetailsOnMembersOfSupervisoryBoardHypercube">تفاصيل عن أعضاء مجلس الإشراف</link:label>
    <link:labelArc xlink:type="arc" xlink:arcrole="http://www.xbrl.org/2003/arcrole/concept-label" xlink:from="DetailsOnMembersOfSupervisoryBoardHypercube" xlink:to="label_DetailsOnMembersOfSupervisoryBoardHypercube" xlink:title="label: DetailsOnMembersOfSupervisoryBoardHypercube to label_DetailsOnMembersOfSupervisoryBoardHypercube"/>
    <link:loc xlink:type="locator" xlink:href="gsd.xsd#gsd_DetailsOnMembersOfExecutiveBoardAbstract" xlink:label="DetailsOnMembersOfExecutiveBoardAbstract" xlink:title="DetailsOnMembersOfExecutiveBoardAbstract"/>
    <link:label xlink:type="resource" xlink:label="label_DetailsOnMembersOfExecutiveBoardAbstract" xlink:role="http://www.xbrl.org/2003/role/label" xlink:title="label_DetailsOnMembersOfExecutiveBoardAbstract" xml:lang="ar" id="label_DetailsOnMembersOfExecutiveBoardAbstract">تفاصيل عن أعضاء المجلس التنفيذي</link:label>
    <link:labelArc xlink:type="arc" xlink:arcrole="http://www.xbrl.org/2003/arcrole/concept-label" xlink:from="DetailsOnMembersOfExecutiveBoardAbstract" xlink:to="label_DetailsOnMembersOfExecutiveBoardAbstract" xlink:title="label: DetailsOnMembersOfExecutiveBoardAbstract to label_DetailsOnMembersOfExecutiveBoardAbstract"/>
    <link:loc xlink:type="locator" xlink:href="gsd.xsd#gsd_DetailsOnMembersOfSupervisoryBoardAbstract" xlink:label="DetailsOnMembersOfSupervisoryBoardAbstract" xlink:title="DetailsOnMembersOfSupervisoryBoardAbstract"/>
    <link:label xlink:type="resource" xlink:label="label_DetailsOnMembersOfSupervisoryBoardAbstract" xlink:role="http://www.xbrl.org/2003/role/label" xlink:title="label_DetailsOnMembersOfSupervisoryBoardAbstract" xml:lang="ar" id="label_DetailsOnMembersOfSupervisoryBoardAbstract">تفاصيل عن أعضاء مجلس الإشراف</link:label>
    <link:labelArc xlink:type="arc" xlink:arcrole="http://www.xbrl.org/2003/arcrole/concept-label" xlink:from="DetailsOnMembersOfSupervisoryBoardAbstract" xlink:to="label_DetailsOnMembersOfSupervisoryBoardAbstract" xlink:title="label: DetailsOnMembersOfSupervisoryBoardAbstract to label_DetailsOnMembersOfSupervisoryBoardAbstract"/>
    <link:loc xlink:type="locator" xlink:href="gsd.xsd#gsd_IdentificationNumberCvrOfFinancialInstitution" xlink:label="IdentificationNumberCvrOfFinancialInstitution" xlink:title="IdentificationNumberCvrOfFinancialInstitution"/>
    <link:label xlink:type="resource" xlink:label="label_IdentificationNumberCvrOfFinancialInstitution" xlink:role="http://www.xbrl.org/2003/role/label" xlink:title="label_IdentificationNumberCvrOfFinancialInstitution" xml:lang="ar" id="label_IdentificationNumberCvrOfFinancialInstitution">رقم السجل التجاري (CVR)  للمؤسسة المالية</link:label>
    <link:labelArc xlink:type="arc" xlink:arcrole="http://www.xbrl.org/2003/arcrole/concept-label" xlink:from="IdentificationNumberCvrOfFinancialInstitution" xlink:to="label_IdentificationNumberCvrOfFinancialInstitution" xlink:title="label: IdentificationNumberCvrOfFinancialInstitution to label_IdentificationNumberCvrOfFinancialInstitution"/>
    <link:loc xlink:type="locator" xlink:href="gsd.xsd#gsd_IdentificationNumberCvrOfLawFirm" xlink:label="IdentificationNumberCvrOfLawFirm" xlink:title="IdentificationNumberCvrOfLawFirm"/>
    <link:label xlink:type="resource" xlink:label="label_IdentificationNumberCvrOfLawFirm" xlink:role="http://www.xbrl.org/2003/role/label" xlink:title="label_IdentificationNumberCvrOfLawFirm" xml:lang="ar" id="label_IdentificationNumberCvrOfLawFirm">رقم السجل التجاري (CVR)  لمكتب المحاماة</link:label>
    <link:labelArc xlink:type="arc" xlink:arcrole="http://www.xbrl.org/2003/arcrole/concept-label" xlink:from="IdentificationNumberCvrOfLawFirm" xlink:to="label_IdentificationNumberCvrOfLawFirm" xlink:title="label: IdentificationNumberCvrOfLawFirm to label_IdentificationNumberCvrOfLawFirm"/>
    <link:loc xlink:type="locator" xlink:href="gsd.xsd#gsd_IdentificationNumberPnrOfLawFirm" xlink:label="IdentificationNumberPnrOfLawFirm" xlink:title="IdentificationNumberPnrOfLawFirm"/>
    <link:label xlink:type="resource" xlink:label="label_IdentificationNumberPnrOfLawFirm" xlink:role="http://www.xbrl.org/2003/role/label" xlink:title="label_IdentificationNumberPnrOfLawFirm" xml:lang="ar" id="label_IdentificationNumberPnrOfLawFirm">رقم سجل التعريف  (PNR) لمكتب المحاماة</link:label>
    <link:labelArc xlink:type="arc" xlink:arcrole="http://www.xbrl.org/2003/arcrole/concept-label" xlink:from="IdentificationNumberPnrOfLawFirm" xlink:to="label_IdentificationNumberPnrOfLawFirm" xlink:title="label: IdentificationNumberPnrOfLawFirm to label_IdentificationNumberPnrOfLawFirm"/>
    <link:loc xlink:type="locator" xlink:href="gsd.xsd#gsd_IdentificationNumberCprOfChairmanOfGeneralMeeting" xlink:label="IdentificationNumberCprOfChairmanOfGeneralMeeting" xlink:title="IdentificationNumberCprOfChairmanOfGeneralMeeting"/>
    <link:label xlink:type="resource" xlink:label="label_IdentificationNumberCprOfChairmanOfGeneralMeeting" xlink:role="http://www.xbrl.org/2003/role/label" xlink:title="label_IdentificationNumberCprOfChairmanOfGeneralMeeting" xml:lang="ar" id="label_IdentificationNumberCprOfChairmanOfGeneralMeeting">رقم التعريف الشخصي (CPR) لرئيس الجمعية العامة</link:label>
    <link:labelArc xlink:type="arc" xlink:arcrole="http://www.xbrl.org/2003/arcrole/concept-label" xlink:from="IdentificationNumberCprOfChairmanOfGeneralMeeting" xlink:to="label_IdentificationNumberCprOfChairmanOfGeneralMeeting" xlink:title="label: IdentificationNumberCprOfChairmanOfGeneralMeeting to label_IdentificationNumberCprOfChairmanOfGeneralMeeting"/>
    <link:loc xlink:type="locator" xlink:href="gsd.xsd#gsd_AddressOfAuditorAbstract" xlink:label="AddressOfAuditorAbstract" xlink:title="AddressOfAuditorAbstract"/>
    <link:label xlink:type="resource" xlink:label="label_AddressOfAuditorAbstract" xlink:role="http://www.xbrl.org/2003/role/label" xlink:title="label_AddressOfAuditorAbstract" xml:lang="ar" id="label_AddressOfAuditorAbstract">العنوان المهني للمدقق الحسابات </link:label>
    <link:labelArc xlink:type="arc" xlink:arcrole="http://www.xbrl.org/2003/arcrole/concept-label" xlink:from="AddressOfAuditorAbstract" xlink:to="label_AddressOfAuditorAbstract" xlink:title="label: AddressOfAuditorAbstract to label_AddressOfAuditorAbstract"/>
    <link:loc xlink:type="locator" xlink:href="gsd.xsd#gsd_AddressOfAuditorStreetName" xlink:label="AddressOfAuditorStreetName" xlink:title="AddressOfAuditorStreetName"/>
    <link:label xlink:type="resource" xlink:label="label_AddressOfAuditorStreetName" xlink:role="http://www.xbrl.org/2003/role/label" xlink:title="label_AddressOfAuditorStreetName" xml:lang="ar" id="label_AddressOfAuditorStreetName">عنوان المدقق, اسم الشارع</link:label>
    <link:labelArc xlink:type="arc" xlink:arcrole="http://www.xbrl.org/2003/arcrole/concept-label" xlink:from="AddressOfAuditorStreetName" xlink:to="label_AddressOfAuditorStreetName" xlink:title="label: AddressOfAuditorStreetName to label_AddressOfAuditorStreetName"/>
    <link:loc xlink:type="locator" xlink:href="gsd.xsd#gsd_AddressOfAuditorStreetBuildingIdentifier" xlink:label="AddressOfAuditorStreetBuildingIdentifier" xlink:title="AddressOfAuditorStreetBuildingIdentifier"/>
    <link:label xlink:type="resource" xlink:label="label_AddressOfAuditorStreetBuildingIdentifier" xlink:role="http://www.xbrl.org/2003/role/label" xlink:title="label_AddressOfAuditorStreetBuildingIdentifier" xml:lang="ar" id="label_AddressOfAuditorStreetBuildingIdentifier">عنوان المدقق، رقم البناء</link:label>
    <link:labelArc xlink:type="arc" xlink:arcrole="http://www.xbrl.org/2003/arcrole/concept-label" xlink:from="AddressOfAuditorStreetBuildingIdentifier" xlink:to="label_AddressOfAuditorStreetBuildingIdentifier" xlink:title="label: AddressOfAuditorStreetBuildingIdentifier to label_AddressOfAuditorStreetBuildingIdentifier"/>
    <link:loc xlink:type="locator" xlink:href="gsd.xsd#gsd_AddressOfAuditorPostCodeIdentifier" xlink:label="AddressOfAuditorPostCodeIdentifier" xlink:title="AddressOfAuditorPostCodeIdentifier"/>
    <link:label xlink:type="resource" xlink:label="label_AddressOfAuditorPostCodeIdentifier" xlink:role="http://www.xbrl.org/2003/role/label" xlink:title="label_AddressOfAuditorPostCodeIdentifier" xml:lang="ar" id="label_AddressOfAuditorPostCodeIdentifier">عنوان المدقق، الرمز البريدي</link:label>
    <link:labelArc xlink:type="arc" xlink:arcrole="http://www.xbrl.org/2003/arcrole/concept-label" xlink:from="AddressOfAuditorPostCodeIdentifier" xlink:to="label_AddressOfAuditorPostCodeIdentifier" xlink:title="label: AddressOfAuditorPostCodeIdentifier to label_AddressOfAuditorPostCodeIdentifier"/>
    <link:loc xlink:type="locator" xlink:href="gsd.xsd#gsd_AddressOfAuditorDistrictName" xlink:label="AddressOfAuditorDistrictName" xlink:title="AddressOfAuditorDistrictName"/>
    <link:label xlink:type="resource" xlink:label="label_AddressOfAuditorDistrictName" xlink:role="http://www.xbrl.org/2003/role/label" xlink:title="label_AddressOfAuditorDistrictName" xml:lang="ar" id="label_AddressOfAuditorDistrictName">عنوان المدقق، اسم المنطقة</link:label>
    <link:labelArc xlink:type="arc" xlink:arcrole="http://www.xbrl.org/2003/arcrole/concept-label" xlink:from="AddressOfAuditorDistrictName" xlink:to="label_AddressOfAuditorDistrictName" xlink:title="label: AddressOfAuditorDistrictName to label_AddressOfAuditorDistrictName"/>
    <link:loc xlink:type="locator" xlink:href="gsd.xsd#gsd_AddressOfAuditorCountry" xlink:label="AddressOfAuditorCountry" xlink:title="AddressOfAuditorCountry"/>
    <link:label xlink:type="resource" xlink:label="label_AddressOfAuditorCountry" xlink:role="http://www.xbrl.org/2003/role/label" xlink:title="label_AddressOfAuditorCountry" xml:lang="ar" id="label_AddressOfAuditorCountry">عنوان المدقق، البلد</link:label>
    <link:labelArc xlink:type="arc" xlink:arcrole="http://www.xbrl.org/2003/arcrole/concept-label" xlink:from="AddressOfAuditorCountry" xlink:to="label_AddressOfAuditorCountry" xlink:title="label: AddressOfAuditorCountry to label_AddressOfAuditorCountry"/>
    <link:loc xlink:type="locator" xlink:href="gsd.xsd#gsd_AddressOfFinancialInstitutionAbstract" xlink:label="AddressOfFinancialInstitutionAbstract" xlink:title="AddressOfFinancialInstitutionAbstract"/>
    <link:label xlink:type="resource" xlink:label="label_AddressOfFinancialInstitutionAbstract" xlink:role="http://www.xbrl.org/2003/role/label" xlink:title="label_AddressOfFinancialInstitutionAbstract" xml:lang="ar" id="label_AddressOfFinancialInstitutionAbstract">عنوان المؤسسة المالية</link:label>
    <link:labelArc xlink:type="arc" xlink:arcrole="http://www.xbrl.org/2003/arcrole/concept-label" xlink:from="AddressOfFinancialInstitutionAbstract" xlink:to="label_AddressOfFinancialInstitutionAbstract" xlink:title="label: AddressOfFinancialInstitutionAbstract to label_AddressOfFinancialInstitutionAbstract"/>
    <link:loc xlink:type="locator" xlink:href="gsd.xsd#gsd_AddressOfFinancialCountryIdentificationCode" xlink:label="AddressOfFinancialCountryIdentificationCode" xlink:title="AddressOfFinancialCountryIdentificationCode"/>
    <link:label xlink:type="resource" xlink:label="label_AddressOfFinancialCountryIdentificationCode" xlink:role="http://www.xbrl.org/2003/role/label" xlink:title="label_AddressOfFinancialCountryIdentificationCode" xml:lang="ar" id="label_AddressOfFinancialCountryIdentificationCode">عنوان المؤسسة المالية، رمز تعريف البلد</link:label>
    <link:labelArc xlink:type="arc" xlink:arcrole="http://www.xbrl.org/2003/arcrole/concept-label" xlink:from="AddressOfFinancialCountryIdentificationCode" xlink:to="label_AddressOfFinancialCountryIdentificationCode" xlink:title="label: AddressOfFinancialCountryIdentificationCode to label_AddressOfFinancialCountryIdentificationCode"/>
    <link:loc xlink:type="locator" xlink:href="gsd.xsd#gsd_AddressOfFinancialCountry" xlink:label="AddressOfFinancialCountry" xlink:title="AddressOfFinancialCountry"/>
    <link:label xlink:type="resource" xlink:label="label_AddressOfFinancialCountry" xlink:role="http://www.xbrl.org/2003/role/label" xlink:title="label_AddressOfFinancialCountry" xml:lang="ar" id="label_AddressOfFinancialCountry">عنوان المؤسسة المالية، البلد</link:label>
    <link:labelArc xlink:type="arc" xlink:arcrole="http://www.xbrl.org/2003/arcrole/concept-label" xlink:from="AddressOfFinancialCountry" xlink:to="label_AddressOfFinancialCountry" xlink:title="label: AddressOfFinancialCountry to label_AddressOfFinancialCountry"/>
    <link:loc xlink:type="locator" xlink:href="gsd.xsd#gsd_AddressOfFinancialStreetName" xlink:label="AddressOfFinancialStreetName" xlink:title="AddressOfFinancialStreetName"/>
    <link:label xlink:type="resource" xlink:label="label_AddressOfFinancialStreetName" xlink:role="http://www.xbrl.org/2003/role/label" xlink:title="label_AddressOfFinancialStreetName" xml:lang="ar" id="label_AddressOfFinancialStreetName">عنوان المؤسسة المالية، اسم الشارع</link:label>
    <link:labelArc xlink:type="arc" xlink:arcrole="http://www.xbrl.org/2003/arcrole/concept-label" xlink:from="AddressOfFinancialStreetName" xlink:to="label_AddressOfFinancialStreetName" xlink:title="label: AddressOfFinancialStreetName to label_AddressOfFinancialStreetName"/>
    <link:loc xlink:type="locator" xlink:href="gsd.xsd#gsd_AddressOfFinancialStreetBuildingIdentifier" xlink:label="AddressOfFinancialStreetBuildingIdentifier" xlink:title="AddressOfFinancialStreetBuildingIdentifier"/>
    <link:label xlink:type="resource" xlink:label="label_AddressOfFinancialStreetBuildingIdentifier" xlink:role="http://www.xbrl.org/2003/role/label" xlink:title="label_AddressOfFinancialStreetBuildingIdentifier" xml:lang="ar" id="label_AddressOfFinancialStreetBuildingIdentifier">عنوان المؤسسة المالية، رقم البناء</link:label>
    <link:labelArc xlink:type="arc" xlink:arcrole="http://www.xbrl.org/2003/arcrole/concept-label" xlink:from="AddressOfFinancialStreetBuildingIdentifier" xlink:to="label_AddressOfFinancialStreetBuildingIdentifier" xlink:title="label: AddressOfFinancialStreetBuildingIdentifier to label_AddressOfFinancialStreetBuildingIdentifier"/>
    <link:loc xlink:type="locator" xlink:href="gsd.xsd#gsd_AddressOfFinancialPostCodeIdentifier" xlink:label="AddressOfFinancialPostCodeIdentifier" xlink:title="AddressOfFinancialPostCodeIdentifier"/>
    <link:label xlink:type="resource" xlink:label="label_AddressOfFinancialPostCodeIdentifier" xlink:role="http://www.xbrl.org/2003/role/label" xlink:title="label_AddressOfFinancialPostCodeIdentifier" xml:lang="ar" id="label_AddressOfFinancialPostCodeIdentifier">عنوان المؤسسة المالية، الرمز البريدي</link:label>
    <link:labelArc xlink:type="arc" xlink:arcrole="http://www.xbrl.org/2003/arcrole/concept-label" xlink:from="AddressOfFinancialPostCodeIdentifier" xlink:to="label_AddressOfFinancialPostCodeIdentifier" xlink:title="label: AddressOfFinancialPostCodeIdentifier to label_AddressOfFinancialPostCodeIdentifier"/>
    <link:loc xlink:type="locator" xlink:href="gsd.xsd#gsd_AddressOfFinancialDistrictName" xlink:label="AddressOfFinancialDistrictName" xlink:title="AddressOfFinancialDistrictName"/>
    <link:label xlink:type="resource" xlink:label="label_AddressOfFinancialDistrictName" xlink:role="http://www.xbrl.org/2003/role/label" xlink:title="label_AddressOfFinancialDistrictName" xml:lang="ar" id="label_AddressOfFinancialDistrictName">عنوان المؤسسة المالية، اسم المنطقة</link:label>
    <link:labelArc xlink:type="arc" xlink:arcrole="http://www.xbrl.org/2003/arcrole/concept-label" xlink:from="AddressOfFinancialDistrictName" xlink:to="label_AddressOfFinancialDistrictName" xlink:title="label: AddressOfFinancialDistrictName to label_AddressOfFinancialDistrictName"/>
    <link:loc xlink:type="locator" xlink:href="gsd.xsd#gsd_IdentificationNumberGreenlandRegnrOfReportingEntity" xlink:label="IdentificationNumberGreenlandRegnrOfReportingEntity" xlink:title="IdentificationNumberGreenlandRegnrOfReportingEntity"/>
    <link:label xlink:type="resource" xlink:label="label_IdentificationNumberGreenlandRegnrOfReportingEntity" xlink:role="http://www.xbrl.org/2003/role/label" xlink:title="label_IdentificationNumberGreenlandRegnrOfReportingEntity" xml:lang="ar" id="label_IdentificationNumberGreenlandRegnrOfReportingEntity">رقم تعريف الكيان المقدم للتقرير (رقم التسجيل في جرينلاند)</link:label>
    <link:labelArc xlink:type="arc" xlink:arcrole="http://www.xbrl.org/2003/arcrole/concept-label" xlink:from="IdentificationNumberGreenlandRegnrOfReportingEntity" xlink:to="label_IdentificationNumberGreenlandRegnrOfReportingEntity" xlink:title="label: IdentificationNumberGreenlandRegnrOfReportingEntity to label_IdentificationNumberGreenlandRegnrOfReportingEntity"/>
    <link:loc xlink:type="locator" xlink:href="gsd.xsd#gsd_DetailsOnAuditorHypercube" xlink:label="DetailsOnAuditorHypercube" xlink:title="DetailsOnAuditorHypercube"/>
    <link:label xlink:type="resource" xlink:label="label_DetailsOnAuditorHypercube" xlink:role="http://www.xbrl.org/2003/role/label" xlink:title="label_DetailsOnAuditorHypercube" xml:lang="ar" id="label_DetailsOnAuditorHypercube">معلومات عن مدقق الحسابات</link:label>
    <link:labelArc xlink:type="arc" xlink:arcrole="http://www.xbrl.org/2003/arcrole/concept-label" xlink:from="DetailsOnAuditorHypercube" xlink:to="label_DetailsOnAuditorHypercube" xlink:title="label: DetailsOnAuditorHypercube to label_DetailsOnAuditorHypercube"/>
    <link:loc xlink:type="locator" xlink:href="gsd.xsd#gsd_DetailsOnAuditorAbstract" xlink:label="DetailsOnAuditorAbstract" xlink:title="DetailsOnAuditorAbstract"/>
    <link:label xlink:type="resource" xlink:label="label_DetailsOnAuditorAbstract" xlink:role="http://www.xbrl.org/2003/role/label" xlink:title="label_DetailsOnAuditorAbstract" xml:lang="ar" id="label_DetailsOnAuditorAbstract">تفاصيل عن مدقق الحسابات</link:label>
    <link:labelArc xlink:type="arc" xlink:arcrole="http://www.xbrl.org/2003/arcrole/concept-label" xlink:from="DetailsOnAuditorAbstract" xlink:to="label_DetailsOnAuditorAbstract" xlink:title="label: DetailsOnAuditorAbstract to label_DetailsOnAuditorAbstract"/>
    <link:loc xlink:type="locator" xlink:href="gsd.xsd#gsd_InformationOnAuditorAbstract" xlink:label="InformationOnAuditorAbstract" xlink:title="InformationOnAuditorAbstract"/>
    <link:label xlink:type="resource" xlink:label="label_InformationOnAuditorAbstract" xlink:role="http://www.xbrl.org/2003/role/label" xlink:title="label_InformationOnAuditorAbstract" xml:lang="ar" id="label_InformationOnAuditorAbstract">معلومات عن مدقق الحسابات</link:label>
    <link:labelArc xlink:type="arc" xlink:arcrole="http://www.xbrl.org/2003/arcrole/concept-label" xlink:from="InformationOnAuditorAbstract" xlink:to="label_InformationOnAuditorAbstract" xlink:title="label: InformationOnAuditorAbstract to label_InformationOnAuditorAbstract"/>
    <link:loc xlink:type="locator" xlink:href="gsd.xsd#gsd_AddressOfReportingEntityAbstract" xlink:label="AddressOfReportingEntityAbstract" xlink:title="AddressOfReportingEntityAbstract"/>
    <link:label xlink:type="resource" xlink:label="label_AddressOfReportingEntityAbstract" xlink:role="http://www.xbrl.org/2003/role/label" xlink:title="label_AddressOfReportingEntityAbstract" xml:lang="ar" id="label_AddressOfReportingEntityAbstract">عنوان الكيان المقدم للتقرير</link:label>
    <link:labelArc xlink:type="arc" xlink:arcrole="http://www.xbrl.org/2003/arcrole/concept-label" xlink:from="AddressOfReportingEntityAbstract" xlink:to="label_AddressOfReportingEntityAbstract" xlink:title="label: AddressOfReportingEntityAbstract to label_AddressOfReportingEntityAbstract"/>
    <link:loc xlink:type="locator" xlink:href="gsd.xsd#gsd_AddressOfReportingEntityCountryIdentificationCode" xlink:label="AddressOfReportingEntityCountryIdentificationCode" xlink:title="AddressOfReportingEntityCountryIdentificationCode"/>
    <link:label xlink:type="resource" xlink:label="label_AddressOfReportingEntityCountryIdentificationCode" xlink:role="http://www.xbrl.org/2003/role/label" xlink:title="label_AddressOfReportingEntityCountryIdentificationCode" xml:lang="ar" id="label_AddressOfReportingEntityCountryIdentificationCode">عنوان الكيان المقدم للتقرير، رمز تعريف البلد</link:label>
    <link:labelArc xlink:type="arc" xlink:arcrole="http://www.xbrl.org/2003/arcrole/concept-label" xlink:from="AddressOfReportingEntityCountryIdentificationCode" xlink:to="label_AddressOfReportingEntityCountryIdentificationCode" xlink:title="label: AddressOfReportingEntityCountryIdentificationCode to label_AddressOfReportingEntityCountryIdentificationCode"/>
    <link:loc xlink:type="locator" xlink:href="gsd.xsd#gsd_AddressOfReportingEntityCountry" xlink:label="AddressOfReportingEntityCountry" xlink:title="AddressOfReportingEntityCountry"/>
    <link:label xlink:type="resource" xlink:label="label_AddressOfReportingEntityCountry" xlink:role="http://www.xbrl.org/2003/role/label" xlink:title="label_AddressOfReportingEntityCountry" xml:lang="ar" id="label_AddressOfReportingEntityCountry">عنوان الكيان المقدم للتقرير، البلد</link:label>
    <link:labelArc xlink:type="arc" xlink:arcrole="http://www.xbrl.org/2003/arcrole/concept-label" xlink:from="AddressOfReportingEntityCountry" xlink:to="label_AddressOfReportingEntityCountry" xlink:title="label: AddressOfReportingEntityCountry to label_AddressOfReportingEntityCountry"/>
    <link:loc xlink:type="locator" xlink:href="gsd.xsd#gsd_AddressOfReportingEntityStreetName" xlink:label="AddressOfReportingEntityStreetName" xlink:title="AddressOfReportingEntityStreetName"/>
    <link:label xlink:type="resource" xlink:label="label_AddressOfReportingEntityStreetName" xlink:role="http://www.xbrl.org/2003/role/label" xlink:title="label_AddressOfReportingEntityStreetName" xml:lang="ar" id="label_AddressOfReportingEntityStreetName">عنوان الكيان المقدم للتقرير، اسم الشارع</link:label>
    <link:labelArc xlink:type="arc" xlink:arcrole="http://www.xbrl.org/2003/arcrole/concept-label" xlink:from="AddressOfReportingEntityStreetName" xlink:to="label_AddressOfReportingEntityStreetName" xlink:title="label: AddressOfReportingEntityStreetName to label_AddressOfReportingEntityStreetName"/>
    <link:loc xlink:type="locator" xlink:href="gsd.xsd#gsd_AddressOfReportingEntityStreetBuildingIdentifier" xlink:label="AddressOfReportingEntityStreetBuildingIdentifier" xlink:title="AddressOfReportingEntityStreetBuildingIdentifier"/>
    <link:label xlink:type="resource" xlink:label="label_AddressOfReportingEntityStreetBuildingIdentifier" xlink:role="http://www.xbrl.org/2003/role/label" xlink:title="label_AddressOfReportingEntityStreetBuildingIdentifier" xml:lang="ar" id="label_AddressOfReportingEntityStreetBuildingIdentifier">عنوان الكيان المقدم للتقرير، رقم البناء </link:label>
    <link:labelArc xlink:type="arc" xlink:arcrole="http://www.xbrl.org/2003/arcrole/concept-label" xlink:from="AddressOfReportingEntityStreetBuildingIdentifier" xlink:to="label_AddressOfReportingEntityStreetBuildingIdentifier" xlink:title="label: AddressOfReportingEntityStreetBuildingIdentifier to label_AddressOfReportingEntityStreetBuildingIdentifier"/>
    <link:loc xlink:type="locator" xlink:href="gsd.xsd#gsd_AddressOfReportingEntityPostCodeIdentifier" xlink:label="AddressOfReportingEntityPostCodeIdentifier" xlink:title="AddressOfReportingEntityPostCodeIdentifier"/>
    <link:label xlink:type="resource" xlink:label="label_AddressOfReportingEntityPostCodeIdentifier" xlink:role="http://www.xbrl.org/2003/role/label" xlink:title="label_AddressOfReportingEntityPostCodeIdentifier" xml:lang="ar" id="label_AddressOfReportingEntityPostCodeIdentifier">عنوان الكيان المقدم للتقرير، الرمز البريدي</link:label>
    <link:labelArc xlink:type="arc" xlink:arcrole="http://www.xbrl.org/2003/arcrole/concept-label" xlink:from="AddressOfReportingEntityPostCodeIdentifier" xlink:to="label_AddressOfReportingEntityPostCodeIdentifier" xlink:title="label: AddressOfReportingEntityPostCodeIdentifier to label_AddressOfReportingEntityPostCodeIdentifier"/>
    <link:loc xlink:type="locator" xlink:href="gsd.xsd#gsd_AddressOfReportingEntityDistrictName" xlink:label="AddressOfReportingEntityDistrictName" xlink:title="AddressOfReportingEntityDistrictName"/>
    <link:label xlink:type="resource" xlink:label="label_AddressOfReportingEntityDistrictName" xlink:role="http://www.xbrl.org/2003/role/label" xlink:title="label_AddressOfReportingEntityDistrictName" xml:lang="ar" id="label_AddressOfReportingEntityDistrictName">عنوان الكيان المقدم للتقرير، اسم المنطقة</link:label>
    <link:labelArc xlink:type="arc" xlink:arcrole="http://www.xbrl.org/2003/arcrole/concept-label" xlink:from="AddressOfReportingEntityDistrictName" xlink:to="label_AddressOfReportingEntityDistrictName" xlink:title="label: AddressOfReportingEntityDistrictName to label_AddressOfReportingEntityDistrictName"/>
    <link:loc xlink:type="locator" xlink:href="gsd.xsd#gsd_AddressOfLawFirmAbstract" xlink:label="AddressOfLawFirmAbstract" xlink:title="AddressOfLawFirmAbstract"/>
    <link:label xlink:type="resource" xlink:label="label_AddressOfLawFirmAbstract" xlink:role="http://www.xbrl.org/2003/role/label" xlink:title="label_AddressOfLawFirmAbstract" xml:lang="ar" id="label_AddressOfLawFirmAbstract">عنوان مكتب المحاماة</link:label>
    <link:labelArc xlink:type="arc" xlink:arcrole="http://www.xbrl.org/2003/arcrole/concept-label" xlink:from="AddressOfLawFirmAbstract" xlink:to="label_AddressOfLawFirmAbstract" xlink:title="label: AddressOfLawFirmAbstract to label_AddressOfLawFirmAbstract"/>
    <link:loc xlink:type="locator" xlink:href="gsd.xsd#gsd_AddressOfLawFirmCountryIdentificationCode" xlink:label="AddressOfLawFirmCountryIdentificationCode" xlink:title="AddressOfLawFirmCountryIdentificationCode"/>
    <link:label xlink:type="resource" xlink:label="label_AddressOfLawFirmCountryIdentificationCode" xlink:role="http://www.xbrl.org/2003/role/label" xlink:title="label_AddressOfLawFirmCountryIdentificationCode" xml:lang="ar" id="label_AddressOfLawFirmCountryIdentificationCode">عنوان مكتب المحاماة، رمز تعريف البلد</link:label>
    <link:labelArc xlink:type="arc" xlink:arcrole="http://www.xbrl.org/2003/arcrole/concept-label" xlink:from="AddressOfLawFirmCountryIdentificationCode" xlink:to="label_AddressOfLawFirmCountryIdentificationCode" xlink:title="label: AddressOfLawFirmCountryIdentificationCode to label_AddressOfLawFirmCountryIdentificationCode"/>
    <link:loc xlink:type="locator" xlink:href="gsd.xsd#gsd_AddressOfLawFirmCountry" xlink:label="AddressOfLawFirmCountry" xlink:title="AddressOfLawFirmCountry"/>
    <link:label xlink:type="resource" xlink:label="label_AddressOfLawFirmCountry" xlink:role="http://www.xbrl.org/2003/role/label" xlink:title="label_AddressOfLawFirmCountry" xml:lang="ar" id="label_AddressOfLawFirmCountry">عنوان مكتب المحاماة، البلد</link:label>
    <link:labelArc xlink:type="arc" xlink:arcrole="http://www.xbrl.org/2003/arcrole/concept-label" xlink:from="AddressOfLawFirmCountry" xlink:to="label_AddressOfLawFirmCountry" xlink:title="label: AddressOfLawFirmCountry to label_AddressOfLawFirmCountry"/>
    <link:loc xlink:type="locator" xlink:href="gsd.xsd#gsd_AddressOfLawFirmStreetName" xlink:label="AddressOfLawFirmStreetName" xlink:title="AddressOfLawFirmStreetName"/>
    <link:label xlink:type="resource" xlink:label="label_AddressOfLawFirmStreetName" xlink:role="http://www.xbrl.org/2003/role/label" xlink:title="label_AddressOfLawFirmStreetName" xml:lang="ar" id="label_AddressOfLawFirmStreetName">عنوان مكتب المحاماة، اسم الشارع</link:label>
    <link:labelArc xlink:type="arc" xlink:arcrole="http://www.xbrl.org/2003/arcrole/concept-label" xlink:from="AddressOfLawFirmStreetName" xlink:to="label_AddressOfLawFirmStreetName" xlink:title="label: AddressOfLawFirmStreetName to label_AddressOfLawFirmStreetName"/>
    <link:loc xlink:type="locator" xlink:href="gsd.xsd#gsd_AddressOfLawFirmStreetBuildingIdentifier" xlink:label="AddressOfLawFirmStreetBuildingIdentifier" xlink:title="AddressOfLawFirmStreetBuildingIdentifier"/>
    <link:label xlink:type="resource" xlink:label="label_AddressOfLawFirmStreetBuildingIdentifier" xlink:role="http://www.xbrl.org/2003/role/label" xlink:title="label_AddressOfLawFirmStreetBuildingIdentifier" xml:lang="ar" id="label_AddressOfLawFirmStreetBuildingIdentifier">عنوان مكتب المحاماة، رقم البناء</link:label>
    <link:labelArc xlink:type="arc" xlink:arcrole="http://www.xbrl.org/2003/arcrole/concept-label" xlink:from="AddressOfLawFirmStreetBuildingIdentifier" xlink:to="label_AddressOfLawFirmStreetBuildingIdentifier" xlink:title="label: AddressOfLawFirmStreetBuildingIdentifier to label_AddressOfLawFirmStreetBuildingIdentifier"/>
    <link:loc xlink:type="locator" xlink:href="gsd.xsd#gsd_AddressOfLawFirmPostCodeIdentifier" xlink:label="AddressOfLawFirmPostCodeIdentifier" xlink:title="AddressOfLawFirmPostCodeIdentifier"/>
    <link:label xlink:type="resource" xlink:label="label_AddressOfLawFirmPostCodeIdentifier" xlink:role="http://www.xbrl.org/2003/role/label" xlink:title="label_AddressOfLawFirmPostCodeIdentifier" xml:lang="ar" id="label_AddressOfLawFirmPostCodeIdentifier">عنوان مكتب المحاماة، الرمز البريدي</link:label>
    <link:labelArc xlink:type="arc" xlink:arcrole="http://www.xbrl.org/2003/arcrole/concept-label" xlink:from="AddressOfLawFirmPostCodeIdentifier" xlink:to="label_AddressOfLawFirmPostCodeIdentifier" xlink:title="label: AddressOfLawFirmPostCodeIdentifier to label_AddressOfLawFirmPostCodeIdentifier"/>
    <link:loc xlink:type="locator" xlink:href="gsd.xsd#gsd_AddressOfLawFirmDistrictName" xlink:label="AddressOfLawFirmDistrictName" xlink:title="AddressOfLawFirmDistrictName"/>
    <link:label xlink:type="resource" xlink:label="label_AddressOfLawFirmDistrictName" xlink:role="http://www.xbrl.org/2003/role/label" xlink:title="label_AddressOfLawFirmDistrictName" xml:lang="ar" id="label_AddressOfLawFirmDistrictName">عنوان مكتب المحاماة، اسم المنطقة</link:label>
    <link:labelArc xlink:type="arc" xlink:arcrole="http://www.xbrl.org/2003/arcrole/concept-label" xlink:from="AddressOfLawFirmDistrictName" xlink:to="label_AddressOfLawFirmDistrictName" xlink:title="label: AddressOfLawFirmDistrictName to label_AddressOfLawFirmDistrictName"/>
    <link:loc xlink:type="locator" xlink:href="gsd.xsd#gsd_DetailsOnLiquidatorAbstract" xlink:label="DetailsOnLiquidatorAbstract" xlink:title="DetailsOnLiquidatorAbstract"/>
    <link:label xlink:type="resource" xlink:label="label_DetailsOnLiquidatorAbstract" xlink:role="http://www.xbrl.org/2003/role/label" xlink:title="label_DetailsOnLiquidatorAbstract" xml:lang="ar" id="label_DetailsOnLiquidatorAbstract">تفاصيل عن مأمور التصفية</link:label>
    <link:labelArc xlink:type="arc" xlink:arcrole="http://www.xbrl.org/2003/arcrole/concept-label" xlink:from="DetailsOnLiquidatorAbstract" xlink:to="label_DetailsOnLiquidatorAbstract" xlink:title="label: DetailsOnLiquidatorAbstract to label_DetailsOnLiquidatorAbstract"/>
    <link:loc xlink:type="locator" xlink:href="gsd.xsd#gsd_DetailsOnLiquidatorHypercube" xlink:label="DetailsOnLiquidatorHypercube" xlink:title="DetailsOnLiquidatorHypercube"/>
    <link:label xlink:type="resource" xlink:label="label_DetailsOnLiquidatorHypercube" xlink:role="http://www.xbrl.org/2003/role/label" xlink:title="label_DetailsOnLiquidatorHypercube" xml:lang="ar" id="label_DetailsOnLiquidatorHypercube">معلومات عن مأمور التصفية</link:label>
    <link:labelArc xlink:type="arc" xlink:arcrole="http://www.xbrl.org/2003/arcrole/concept-label" xlink:from="DetailsOnLiquidatorHypercube" xlink:to="label_DetailsOnLiquidatorHypercube" xlink:title="label: DetailsOnLiquidatorHypercube to label_DetailsOnLiquidatorHypercube"/>
    <link:loc xlink:type="locator" xlink:href="gsd.xsd#gsd_InformationOnLiquidatorAbstract" xlink:label="InformationOnLiquidatorAbstract" xlink:title="InformationOnLiquidatorAbstract"/>
    <link:label xlink:type="resource" xlink:label="label_InformationOnLiquidatorAbstract" xlink:role="http://www.xbrl.org/2003/role/label" xlink:title="label_InformationOnLiquidatorAbstract" xml:lang="ar" id="label_InformationOnLiquidatorAbstract">معلومات عن مأمور التصفية</link:label>
    <link:labelArc xlink:type="arc" xlink:arcrole="http://www.xbrl.org/2003/arcrole/concept-label" xlink:from="InformationOnLiquidatorAbstract" xlink:to="label_InformationOnLiquidatorAbstract" xlink:title="label: InformationOnLiquidatorAbstract to label_InformationOnLiquidatorAbstract"/>
    <link:loc xlink:type="locator" xlink:href="gsd.xsd#gsd_DetailsOnSecondaryNameOfReportingEntityHypercube" xlink:label="DetailsOnSecondaryNameOfReportingEntityHypercube" xlink:title="DetailsOnSecondaryNameOfReportingEntityHypercube"/>
    <link:label xlink:type="resource" xlink:label="label_DetailsOnSecondaryNameOfReportingEntityHypercube" xlink:role="http://www.xbrl.org/2003/role/label" xlink:title="label_DetailsOnSecondaryNameOfReportingEntityHypercube" xml:lang="ar" id="label_DetailsOnSecondaryNameOfReportingEntityHypercube">معلومات عن الاسم الثاني للكيان المقدم للتقرير</link:label>
    <link:labelArc xlink:type="arc" xlink:arcrole="http://www.xbrl.org/2003/arcrole/concept-label" xlink:from="DetailsOnSecondaryNameOfReportingEntityHypercube" xlink:to="label_DetailsOnSecondaryNameOfReportingEntityHypercube" xlink:title="label: DetailsOnSecondaryNameOfReportingEntityHypercube to label_DetailsOnSecondaryNameOfReportingEntityHypercube"/>
    <link:loc xlink:type="locator" xlink:href="gsd.xsd#gsd_DetailsOnSecondaryNameOfReportingEntityAbstract" xlink:label="DetailsOnSecondaryNameOfReportingEntityAbstract" xlink:title="DetailsOnSecondaryNameOfReportingEntityAbstract"/>
    <link:label xlink:type="resource" xlink:label="label_DetailsOnSecondaryNameOfReportingEntityAbstract" xlink:role="http://www.xbrl.org/2003/role/label" xlink:title="label_DetailsOnSecondaryNameOfReportingEntityAbstract" xml:lang="ar" id="label_DetailsOnSecondaryNameOfReportingEntityAbstract">تفاصيل عن الاسم الثاني للكيان المقدم للتقرير</link:label>
    <link:labelArc xlink:type="arc" xlink:arcrole="http://www.xbrl.org/2003/arcrole/concept-label" xlink:from="DetailsOnSecondaryNameOfReportingEntityAbstract" xlink:to="label_DetailsOnSecondaryNameOfReportingEntityAbstract" xlink:title="label: DetailsOnSecondaryNameOfReportingEntityAbstract to label_DetailsOnSecondaryNameOfReportingEntityAbstract"/>
    <link:loc xlink:type="locator" xlink:href="gsd.xsd#gsd_SecondaryNameOfReportingEntity" xlink:label="SecondaryNameOfReportingEntity" xlink:title="SecondaryNameOfReportingEntity"/>
    <link:label xlink:type="resource" xlink:label="label_SecondaryNameOfReportingEntity" xlink:role="http://www.xbrl.org/2003/role/label" xlink:title="label_SecondaryNameOfReportingEntity" xml:lang="ar" id="label_SecondaryNameOfReportingEntity"> الاسم الثاني للكيان المقدم للتقرير</link:label>
    <link:labelArc xlink:type="arc" xlink:arcrole="http://www.xbrl.org/2003/arcrole/concept-label" xlink:from="SecondaryNameOfReportingEntity" xlink:to="label_SecondaryNameOfReportingEntity" xlink:title="label: SecondaryNameOfReportingEntity to label_SecondaryNameOfReportingEntity"/>
    <link:loc xlink:type="locator" xlink:href="gsd.xsd#gsd_ReportingPeriodNumber" xlink:label="ReportingPeriodNumber" xlink:title="ReportingPeriodNumber"/>
    <link:label xlink:type="resource" xlink:label="label_ReportingPeriodNumber" xlink:role="http://www.xbrl.org/2003/role/label" xlink:title="label_ReportingPeriodNumber" xml:lang="ar" id="label_ReportingPeriodNumber">فترة التقرير، الرقم</link:label>
    <link:labelArc xlink:type="arc" xlink:arcrole="http://www.xbrl.org/2003/arcrole/concept-label" xlink:from="ReportingPeriodNumber" xlink:to="label_ReportingPeriodNumber" xlink:title="label: ReportingPeriodNumber to label_ReportingPeriodNumber"/>
    <link:loc xlink:type="locator" xlink:href="gsd.xsd#gsd_PrecedingReportingPeriodStartDate" xlink:label="PrecedingReportingPeriodStartDate" xlink:title="PrecedingReportingPeriodStartDate"/>
    <link:label xlink:type="resource" xlink:label="label_PrecedingReportingPeriodStartDate_7" xlink:role="http://www.xbrl.org/2003/role/label" xlink:title="label_PrecedingReportingPeriodStartDate" xml:lang="ar" id="label_PrecedingReportingPeriodStartDate_7">تاريخ بداية فترة إعداد التقرير السابق</link:label>
    <link:labelArc xlink:type="arc" xlink:arcrole="http://www.xbrl.org/2003/arcrole/concept-label" xlink:from="PrecedingReportingPeriodStartDate" xlink:to="label_PrecedingReportingPeriodStartDate_7" xlink:title="label: PrecedingReportingPeriodStartDate to label_PrecedingReportingPeriodStartDate"/>
    <link:loc xlink:type="locator" xlink:href="gsd.xsd#gsd_PredingReportingPeriodEndDate" xlink:label="PredingReportingPeriodEndDate" xlink:title="PredingReportingPeriodEndDate"/>
    <link:label xlink:type="resource" xlink:label="label_PredingReportingPeriodEndDate_7" xlink:role="http://www.xbrl.org/2003/role/label" xlink:title="label_PredingReportingPeriodEndDate" xml:lang="ar" id="label_PredingReportingPeriodEndDate_7">تاريخ نهاية فترة إعدار التقرير السابق</link:label>
    <link:labelArc xlink:type="arc" xlink:arcrole="http://www.xbrl.org/2003/arcrole/concept-label" xlink:from="PredingReportingPeriodEndDate" xlink:to="label_PredingReportingPeriodEndDate_7" xlink:title="label: PredingReportingPeriodEndDate to label_PredingReportingPeriodEndDate"/>
    <link:loc xlink:type="locator" xlink:href="gsd.xsd#gsd_TypeOfReportingPeriodDimension" xlink:label="TypeOfReportingPeriodDimension" xlink:title="TypeOfReportingPeriodDimension"/>
    <link:label xlink:type="resource" xlink:label="label_TypeOfReportingPeriodDimension_7" xlink:role="http://www.xbrl.org/2003/role/label" xlink:title="label_TypeOfReportingPeriodDimension" xml:lang="ar" id="label_TypeOfReportingPeriodDimension_7">نوع فترة إعداد التقرير</link:label>
    <link:labelArc xlink:type="arc" xlink:arcrole="http://www.xbrl.org/2003/arcrole/concept-label" xlink:from="TypeOfReportingPeriodDimension" xlink:to="label_TypeOfReportingPeriodDimension_7" xlink:title="label: TypeOfReportingPeriodDimension to label_TypeOfReportingPeriodDimension"/>
    <link:loc xlink:type="locator" xlink:href="gsd.xsd#gsd_AllReportingPeriodsMember" xlink:label="AllReportingPeriodsMember" xlink:title="AllReportingPeriodsMember"/>
    <link:label xlink:type="resource" xlink:label="label_AllReportingPeriodsMember_7" xlink:role="http://www.xbrl.org/2003/role/label" xlink:title="label_AllReportingPeriodsMember" xml:lang="ar" id="label_AllReportingPeriodsMember_7">كافة فترات إعداد التقرير</link:label>
    <link:labelArc xlink:type="arc" xlink:arcrole="http://www.xbrl.org/2003/arcrole/concept-label" xlink:from="AllReportingPeriodsMember" xlink:to="label_AllReportingPeriodsMember_7" xlink:title="label: AllReportingPeriodsMember to label_AllReportingPeriodsMember"/>
    <link:loc xlink:type="locator" xlink:href="gsd.xsd#gsd_RegisteredReportingPeriodDeviatingFromReportedReportingPeriodDueArbitraryDatesMember" xlink:label="RegisteredReportingPeriodDeviatingFromReportedReportingPeriodDueArbitraryDatesMember" xlink:title="RegisteredReportingPeriodDeviatingFromReportedReportingPeriodDueArbitraryDatesMember"/>
    <link:label xlink:type="resource" xlink:label="label_RegisteredReportingPeriodDeviatingFromReportedReportingPeriodDueArbitraryDatesMember_7" xlink:role="http://www.xbrl.org/2003/role/label" xlink:title="label_RegisteredReportingPeriodDeviatingFromReportedReportingPeriodDueArbitraryDatesMember" xml:lang="ar" id="label_RegisteredReportingPeriodDeviatingFromReportedReportingPeriodDueArbitraryDatesMember_7">فترة اعداد التقرير المسجلة مختلفة عن فترة إعداد التقرير المذكورة بسبب التواريخ الاعتباطية</link:label>
    <link:labelArc xlink:type="arc" xlink:arcrole="http://www.xbrl.org/2003/arcrole/concept-label" xlink:from="RegisteredReportingPeriodDeviatingFromReportedReportingPeriodDueArbitraryDatesMember" xlink:to="label_RegisteredReportingPeriodDeviatingFromReportedReportingPeriodDueArbitraryDatesMember_7" xlink:title="label: RegisteredReportingPeriodDeviatingFromReportedReportingPeriodDueArbitraryDatesMember to label_RegisteredReportingPeriodDeviatingFromReportedReportingPeriodDueArbitraryDatesMember"/>
    <link:loc xlink:type="locator" xlink:href="gsd.xsd#gsd_DetailsOnReportingPeriodHypercube" xlink:label="DetailsOnReportingPeriodHypercube" xlink:title="DetailsOnReportingPeriodHypercube"/>
    <link:label xlink:type="resource" xlink:label="label_DetailsOnReportingPeriodHypercube_7" xlink:role="http://www.xbrl.org/2003/role/label" xlink:title="label_DetailsOnReportingPeriodHypercube" xml:lang="ar" id="label_DetailsOnReportingPeriodHypercube_7">معلومات عن فترة أعداد التقرير</link:label>
    <link:labelArc xlink:type="arc" xlink:arcrole="http://www.xbrl.org/2003/arcrole/concept-label" xlink:from="DetailsOnReportingPeriodHypercube" xlink:to="label_DetailsOnReportingPeriodHypercube_7" xlink:title="label: DetailsOnReportingPeriodHypercube to label_DetailsOnReportingPeriodHypercube"/>
    <link:loc xlink:type="locator" xlink:href="gsd.xsd#gsd_DetailsOnReportingPeriodAbstract" xlink:label="DetailsOnReportingPeriodAbstract" xlink:title="DetailsOnReportingPeriodAbstract"/>
    <link:label xlink:type="resource" xlink:label="label_DetailsOnReportingPeriodAbstract_7" xlink:role="http://www.xbrl.org/2003/role/label" xlink:title="label_DetailsOnReportingPeriodAbstract" xml:lang="ar" id="label_DetailsOnReportingPeriodAbstract_7">تفاصيل عن فترة إعداد التقرير</link:label>
    <link:labelArc xlink:type="arc" xlink:arcrole="http://www.xbrl.org/2003/arcrole/concept-label" xlink:from="DetailsOnReportingPeriodAbstract" xlink:to="label_DetailsOnReportingPeriodAbstract_7" xlink:title="label: DetailsOnReportingPeriodAbstract to label_DetailsOnReportingPeriodAbstract"/>
    <link:loc xlink:type="locator" xlink:href="gsd.xsd#gsd_InformationOnReportingPeriodAbstract" xlink:label="InformationOnReportingPeriodAbstract" xlink:title="InformationOnReportingPeriodAbstract"/>
    <link:label xlink:type="resource" xlink:label="label_InformationOnReportingPeriodAbstract_7" xlink:role="http://www.xbrl.org/2003/role/label" xlink:title="label_InformationOnReportingPeriodAbstract" xml:lang="ar" id="label_InformationOnReportingPeriodAbstract_7">معلومات عن فترة أعداد التقرير</link:label>
    <link:labelArc xlink:type="arc" xlink:arcrole="http://www.xbrl.org/2003/arcrole/concept-label" xlink:from="InformationOnReportingPeriodAbstract" xlink:to="label_InformationOnReportingPeriodAbstract_7" xlink:title="label: InformationOnReportingPeriodAbstract to label_InformationOnReportingPeriodAbstract"/>
  </link:labelLink>
</link:linkbase>
