<?xml version="1.0" encoding="UTF-8"?>
<!-- Generated by Fujitsu Interstage XWand B0217 -->
<link:linkbase xmlns:xsi="http://www.w3.org/2001/XMLSchema-instance" xsi:schemaLocation="http://www.xbrl.org/2003/linkbase http://www.xbrl.org/2003/xbrl-linkbase-2003-12-31.xsd" xmlns:gsd="http://xbrl.dcca.dk/gsd" xmlns:tax="http://xbrl.dcca.dk/tax" xmlns:tch="http://xbrl.dcca.dk/tch" xmlns:gen="http://xbrl.org/2008/generic" xmlns:ref="http://www.xbrl.org/2006/ref" xmlns:xbrldt="http://xbrl.org/2005/xbrldt" xmlns:nonnum="http://www.xbrl.org/dtr/type/non-numeric" xmlns:variable="http://xbrl.org/2008/variable" xmlns:eogs="http://xbrl.dcca.dk/eogs" xmlns:xl="http://www.xbrl.org/2003/XLink" xmlns:dst="http://xbrl.dcca.dk/dst" xmlns:arr="http://xbrl.dcca.dk/arr" xmlns:xsd="http://www.w3.org/2001/XMLSchema" xmlns:valm="http://xbrl.org/2010/message/validation" xmlns:link="http://www.xbrl.org/2003/linkbase" xmlns:num="http://www.xbrl.org/dtr/type/numeric" xmlns:xlink="http://www.w3.org/1999/xlink" xmlns:msg="http://xbrl.org/2010/message" xmlns:fsa="http://xbrl.dcca.dk/fsa" xmlns:cmn="http://xbrl.dcca.dk/cmn" xmlns:label="http://xbrl.org/2008/label" xmlns:mrv="http://xbrl.dcca.dk/mrv" xmlns:xbrli="http://www.xbrl.org/2003/instance">
  <link:labelLink xlink:type="extended" xlink:role="http://www.xbrl.org/2003/role/link">
    <link:loc xlink:type="locator" xlink:href="gsd.xsd#gsd_AddressOfAuditorCountryIdentificationCode" xlink:label="AddressOfAuditorCountryIdentificationCode" xlink:title="AddressOfAuditorCountryIdentificationCode"/>
    <link:label xlink:type="resource" xlink:label="label_AddressOfAuditorCountryIdentificationCode" xlink:role="http://www.xbrl.org/2003/role/label" xlink:title="label_AddressOfAuditorCountryIdentificationCode" xml:lang="hi" id="label_AddressOfAuditorCountryIdentificationCode">अंकेक्षक का पता, देश पहचान कोड </link:label>
    <link:labelArc xlink:type="arc" xlink:arcrole="http://www.xbrl.org/2003/arcrole/concept-label" xlink:from="AddressOfAuditorCountryIdentificationCode" xlink:to="label_AddressOfAuditorCountryIdentificationCode" xlink:title="label: AddressOfAuditorCountryIdentificationCode to label_AddressOfAuditorCountryIdentificationCode"/>
    <link:loc xlink:type="locator" xlink:href="gsd.xsd#gsd_AddressOfSubmittingEnterprisePostcodeAndTown" xlink:label="AddressOfSubmittingEnterprisePostcodeAndTown" xlink:title="AddressOfSubmittingEnterprisePostcodeAndTown"/>
    <link:label xlink:type="resource" xlink:label="label_AddressOfSubmittingEnterprisePostcodeAndTown" xlink:role="http://www.xbrl.org/2003/role/label" xlink:title="label_AddressOfSubmittingEnterprisePostcodeAndTown" xml:lang="hi" id="label_AddressOfSubmittingEnterprisePostcodeAndTown">प्रस्तुतकर्ता उद्यम का पता, डाक कोड और जिले का नाम </link:label>
    <link:labelArc xlink:type="arc" xlink:arcrole="http://www.xbrl.org/2003/arcrole/concept-label" xlink:from="AddressOfSubmittingEnterprisePostcodeAndTown" xlink:to="label_AddressOfSubmittingEnterprisePostcodeAndTown" xlink:title="label: AddressOfSubmittingEnterprisePostcodeAndTown to label_AddressOfSubmittingEnterprisePostcodeAndTown"/>
    <link:loc xlink:type="locator" xlink:href="gsd.xsd#gsd_AddressOfSubmittingEnterpriseStreetAndNumber" xlink:label="AddressOfSubmittingEnterpriseStreetAndNumber" xlink:title="AddressOfSubmittingEnterpriseStreetAndNumber"/>
    <link:label xlink:type="resource" xlink:label="label_AddressOfSubmittingEnterpriseStreetAndNumber" xlink:role="http://www.xbrl.org/2003/role/label" xlink:title="label_AddressOfSubmittingEnterpriseStreetAndNumber" xml:lang="hi" id="label_AddressOfSubmittingEnterpriseStreetAndNumber">प्रस्तुतकर्ता उद्यम का पता, सड़क और संख्या </link:label>
    <link:labelArc xlink:type="arc" xlink:arcrole="http://www.xbrl.org/2003/arcrole/concept-label" xlink:from="AddressOfSubmittingEnterpriseStreetAndNumber" xlink:to="label_AddressOfSubmittingEnterpriseStreetAndNumber" xlink:title="label: AddressOfSubmittingEnterpriseStreetAndNumber to label_AddressOfSubmittingEnterpriseStreetAndNumber"/>
    <link:loc xlink:type="locator" xlink:href="gsd.xsd#gsd_NameAndSurnameOfChairmanOfGeneralMeeting" xlink:label="NameAndSurnameOfChairmanOfGeneralMeeting" xlink:title="NameAndSurnameOfChairmanOfGeneralMeeting"/>
    <link:label xlink:type="resource" xlink:label="label_NameAndSurnameOfChairmanOfGeneralMeeting" xlink:role="http://www.xbrl.org/2003/role/label" xlink:title="label_NameAndSurnameOfChairmanOfGeneralMeeting" xml:lang="hi" id="label_NameAndSurnameOfChairmanOfGeneralMeeting">सामान्य बैठक के अध्यक्ष का प्रथम नाम और उपनाम या व्यक्ति जो अध्यक्ष के रूप में कार्य करता है </link:label>
    <link:labelArc xlink:type="arc" xlink:arcrole="http://www.xbrl.org/2003/arcrole/concept-label" xlink:from="NameAndSurnameOfChairmanOfGeneralMeeting" xlink:to="label_NameAndSurnameOfChairmanOfGeneralMeeting" xlink:title="label: NameAndSurnameOfChairmanOfGeneralMeeting to label_NameAndSurnameOfChairmanOfGeneralMeeting"/>
    <link:loc xlink:type="locator" xlink:href="gsd.xsd#gsd_DateOfApprovalOfReport" xlink:label="DateOfApprovalOfReport" xlink:title="DateOfApprovalOfReport"/>
    <link:label xlink:type="resource" xlink:label="label_DateOfApprovalOfReport" xlink:role="http://www.xbrl.org/2003/role/label" xlink:title="label_DateOfApprovalOfReport" xml:lang="hi" id="label_DateOfApprovalOfReport">वार्षिक रिपोर्ट के अनुमोदन की तिथि</link:label>
    <link:labelArc xlink:type="arc" xlink:arcrole="http://www.xbrl.org/2003/arcrole/concept-label" xlink:from="DateOfApprovalOfReport" xlink:to="label_DateOfApprovalOfReport" xlink:title="label: DateOfApprovalOfReport to label_DateOfApprovalOfReport"/>
    <link:loc xlink:type="locator" xlink:href="gsd.xsd#gsd_DateOfFoundationOfReportingEntity" xlink:label="DateOfFoundationOfReportingEntity" xlink:title="DateOfFoundationOfReportingEntity"/>
    <link:label xlink:type="resource" xlink:label="label_DateOfFoundationOfReportingEntity" xlink:role="http://www.xbrl.org/2003/role/label" xlink:title="label_DateOfFoundationOfReportingEntity" xml:lang="hi" id="label_DateOfFoundationOfReportingEntity">रिपोर्टिंग संस्था की स्थापना तिथि</link:label>
    <link:labelArc xlink:type="arc" xlink:arcrole="http://www.xbrl.org/2003/arcrole/concept-label" xlink:from="DateOfFoundationOfReportingEntity" xlink:to="label_DateOfFoundationOfReportingEntity" xlink:title="label: DateOfFoundationOfReportingEntity to label_DateOfFoundationOfReportingEntity"/>
    <link:loc xlink:type="locator" xlink:href="gsd.xsd#gsd_DateOfGeneralMeeting" xlink:label="DateOfGeneralMeeting" xlink:title="DateOfGeneralMeeting"/>
    <link:label xlink:type="resource" xlink:label="label_DateOfGeneralMeeting" xlink:role="http://www.xbrl.org/2003/role/label" xlink:title="label_DateOfGeneralMeeting" xml:lang="hi" id="label_DateOfGeneralMeeting">साधारण बैठक की तिथि</link:label>
    <link:labelArc xlink:type="arc" xlink:arcrole="http://www.xbrl.org/2003/arcrole/concept-label" xlink:from="DateOfGeneralMeeting" xlink:to="label_DateOfGeneralMeeting" xlink:title="label: DateOfGeneralMeeting to label_DateOfGeneralMeeting"/>
    <link:loc xlink:type="locator" xlink:href="gsd.xsd#gsd_EmailOfAuditor" xlink:label="EmailOfAuditor" xlink:title="EmailOfAuditor"/>
    <link:label xlink:type="resource" xlink:label="label_EmailOfAuditor" xlink:role="http://www.xbrl.org/2003/role/label" xlink:title="label_EmailOfAuditor" xml:lang="hi" id="label_EmailOfAuditor">अंकेक्षक का ई-मेल</link:label>
    <link:labelArc xlink:type="arc" xlink:arcrole="http://www.xbrl.org/2003/arcrole/concept-label" xlink:from="EmailOfAuditor" xlink:to="label_EmailOfAuditor" xlink:title="label: EmailOfAuditor to label_EmailOfAuditor"/>
    <link:loc xlink:type="locator" xlink:href="gsd.xsd#gsd_EmailOfReportingEntity" xlink:label="EmailOfReportingEntity" xlink:title="EmailOfReportingEntity"/>
    <link:label xlink:type="resource" xlink:label="label_EmailOfReportingEntity" xlink:role="http://www.xbrl.org/2003/role/label" xlink:title="label_EmailOfReportingEntity" xml:lang="hi" id="label_EmailOfReportingEntity">रिपोर्टिंग संस्था का ई-मेल</link:label>
    <link:labelArc xlink:type="arc" xlink:arcrole="http://www.xbrl.org/2003/arcrole/concept-label" xlink:from="EmailOfReportingEntity" xlink:to="label_EmailOfReportingEntity" xlink:title="label: EmailOfReportingEntity to label_EmailOfReportingEntity"/>
    <link:loc xlink:type="locator" xlink:href="gsd.xsd#gsd_FaxNumberOfReportingEntity" xlink:label="FaxNumberOfReportingEntity" xlink:title="FaxNumberOfReportingEntity"/>
    <link:label xlink:type="resource" xlink:label="label_FaxNumberOfReportingEntity" xlink:role="http://www.xbrl.org/2003/role/label" xlink:title="label_FaxNumberOfReportingEntity" xml:lang="hi" id="label_FaxNumberOfReportingEntity">रिपोर्टिंग संस्था का फैक्स नंबर</link:label>
    <link:labelArc xlink:type="arc" xlink:arcrole="http://www.xbrl.org/2003/arcrole/concept-label" xlink:from="FaxNumberOfReportingEntity" xlink:to="label_FaxNumberOfReportingEntity" xlink:title="label: FaxNumberOfReportingEntity to label_FaxNumberOfReportingEntity"/>
    <link:loc xlink:type="locator" xlink:href="gsd.xsd#gsd_HomepageOfReportingEntity" xlink:label="HomepageOfReportingEntity" xlink:title="HomepageOfReportingEntity"/>
    <link:label xlink:type="resource" xlink:label="label_HomepageOfReportingEntity" xlink:role="http://www.xbrl.org/2003/role/label" xlink:title="label_HomepageOfReportingEntity" xml:lang="hi" id="label_HomepageOfReportingEntity">रिपोर्टिंग संस्था का होमपेज</link:label>
    <link:labelArc xlink:type="arc" xlink:arcrole="http://www.xbrl.org/2003/arcrole/concept-label" xlink:from="HomepageOfReportingEntity" xlink:to="label_HomepageOfReportingEntity" xlink:title="label: HomepageOfReportingEntity to label_HomepageOfReportingEntity"/>
    <link:loc xlink:type="locator" xlink:href="gsd.xsd#gsd_IdentificationNumberCvrOfReportingEntity" xlink:label="IdentificationNumberCvrOfReportingEntity" xlink:title="IdentificationNumberCvrOfReportingEntity"/>
    <link:label xlink:type="resource" xlink:label="label_IdentificationNumberCvrOfReportingEntity" xlink:role="http://www.xbrl.org/2003/role/label" xlink:title="label_IdentificationNumberCvrOfReportingEntity" xml:lang="hi" id="label_IdentificationNumberCvrOfReportingEntity">रिपोर्टिंग संस्था की पहचान संख्या [ सी वी आर ] </link:label>
    <link:labelArc xlink:type="arc" xlink:arcrole="http://www.xbrl.org/2003/arcrole/concept-label" xlink:from="IdentificationNumberCvrOfReportingEntity" xlink:to="label_IdentificationNumberCvrOfReportingEntity" xlink:title="label: IdentificationNumberCvrOfReportingEntity to label_IdentificationNumberCvrOfReportingEntity"/>
    <link:loc xlink:type="locator" xlink:href="gsd.xsd#gsd_IdentificationNumberCvrOfSubmittingEnterprise" xlink:label="IdentificationNumberCvrOfSubmittingEnterprise" xlink:title="IdentificationNumberCvrOfSubmittingEnterprise"/>
    <link:label xlink:type="resource" xlink:label="label_IdentificationNumberCvrOfSubmittingEnterprise" xlink:role="http://www.xbrl.org/2003/role/label" xlink:title="label_IdentificationNumberCvrOfSubmittingEnterprise" xml:lang="hi" id="label_IdentificationNumberCvrOfSubmittingEnterprise">प्रस्तुतकर्ता उद्यम की पहचान संख्या [ सी वी आर ] </link:label>
    <link:labelArc xlink:type="arc" xlink:arcrole="http://www.xbrl.org/2003/arcrole/concept-label" xlink:from="IdentificationNumberCvrOfSubmittingEnterprise" xlink:to="label_IdentificationNumberCvrOfSubmittingEnterprise" xlink:title="label: IdentificationNumberCvrOfSubmittingEnterprise to label_IdentificationNumberCvrOfSubmittingEnterprise"/>
    <link:loc xlink:type="locator" xlink:href="gsd.xsd#gsd_InformationOnEnterpriseSubmittingReportAbstract" xlink:label="InformationOnEnterpriseSubmittingReportAbstract" xlink:title="InformationOnEnterpriseSubmittingReportAbstract"/>
    <link:label xlink:type="resource" xlink:label="label_InformationOnEnterpriseSubmittingReportAbstract" xlink:role="http://www.xbrl.org/2003/role/label" xlink:title="label_InformationOnEnterpriseSubmittingReportAbstract" xml:lang="hi" id="label_InformationOnEnterpriseSubmittingReportAbstract">प्रस्तुतकर्ता उद्यम की रिपोर्ट पर सूचना</link:label>
    <link:labelArc xlink:type="arc" xlink:arcrole="http://www.xbrl.org/2003/arcrole/concept-label" xlink:from="InformationOnEnterpriseSubmittingReportAbstract" xlink:to="label_InformationOnEnterpriseSubmittingReportAbstract" xlink:title="label: InformationOnEnterpriseSubmittingReportAbstract to label_InformationOnEnterpriseSubmittingReportAbstract"/>
    <link:loc xlink:type="locator" xlink:href="gsd.xsd#gsd_InformationOnMainFinancialInstitutionThatRunsAccountsOfReportingEntityAbstract" xlink:label="InformationOnMainFinancialInstitutionThatRunsAccountsOfReportingEntityAbstract" xlink:title="InformationOnMainFinancialInstitutionThatRunsAccountsOfReportingEntityAbstract"/>
    <link:label xlink:type="resource" xlink:label="label_InformationOnMainFinancialInstitutionThatRunsAccountsOfReportingEntityAbstract" xlink:role="http://www.xbrl.org/2003/role/label" xlink:title="label_InformationOnMainFinancialInstitutionThatRunsAccountsOfReportingEntityAbstract" xml:lang="hi" id="label_InformationOnMainFinancialInstitutionThatRunsAccountsOfReportingEntityAbstract">रिपोर्टिंग संस्था की मुख्य वित्तीय संस्थाओं पर सूचना</link:label>
    <link:labelArc xlink:type="arc" xlink:arcrole="http://www.xbrl.org/2003/arcrole/concept-label" xlink:from="InformationOnMainFinancialInstitutionThatRunsAccountsOfReportingEntityAbstract" xlink:to="label_InformationOnMainFinancialInstitutionThatRunsAccountsOfReportingEntityAbstract" xlink:title="label: InformationOnMainFinancialInstitutionThatRunsAccountsOfReportingEntityAbstract to label_InformationOnMainFinancialInstitutionThatRunsAccountsOfReportingEntityAbstract"/>
    <link:loc xlink:type="locator" xlink:href="gsd.xsd#gsd_InformationOnMainLawFirmRepresentingReportingEntityAbstract" xlink:label="InformationOnMainLawFirmRepresentingReportingEntityAbstract" xlink:title="InformationOnMainLawFirmRepresentingReportingEntityAbstract"/>
    <link:label xlink:type="resource" xlink:label="label_InformationOnMainLawFirmRepresentingReportingEntityAbstract" xlink:role="http://www.xbrl.org/2003/role/label" xlink:title="label_InformationOnMainLawFirmRepresentingReportingEntityAbstract" xml:lang="hi" id="label_InformationOnMainLawFirmRepresentingReportingEntityAbstract">रिपोर्टिंग संस्था का प्रतिनिधित्व करने वाली मुख्य कानूनी फर्म पर सूचना</link:label>
    <link:labelArc xlink:type="arc" xlink:arcrole="http://www.xbrl.org/2003/arcrole/concept-label" xlink:from="InformationOnMainLawFirmRepresentingReportingEntityAbstract" xlink:to="label_InformationOnMainLawFirmRepresentingReportingEntityAbstract" xlink:title="label: InformationOnMainLawFirmRepresentingReportingEntityAbstract to label_InformationOnMainLawFirmRepresentingReportingEntityAbstract"/>
    <link:loc xlink:type="locator" xlink:href="gsd.xsd#gsd_InformationOnMembersOfExecutiveBoardAbstract" xlink:label="InformationOnMembersOfExecutiveBoardAbstract" xlink:title="InformationOnMembersOfExecutiveBoardAbstract"/>
    <link:label xlink:type="resource" xlink:label="label_InformationOnMembersOfExecutiveBoardAbstract" xlink:role="http://www.xbrl.org/2003/role/label" xlink:title="label_InformationOnMembersOfExecutiveBoardAbstract" xml:lang="hi" id="label_InformationOnMembersOfExecutiveBoardAbstract">कार्यकारिणी बोर्ड के सदस्यों के बारे में जानकारी</link:label>
    <link:labelArc xlink:type="arc" xlink:arcrole="http://www.xbrl.org/2003/arcrole/concept-label" xlink:from="InformationOnMembersOfExecutiveBoardAbstract" xlink:to="label_InformationOnMembersOfExecutiveBoardAbstract" xlink:title="label: InformationOnMembersOfExecutiveBoardAbstract to label_InformationOnMembersOfExecutiveBoardAbstract"/>
    <link:loc xlink:type="locator" xlink:href="gsd.xsd#gsd_InformationOnMembersOfSupervisoryBoardAbstract" xlink:label="InformationOnMembersOfSupervisoryBoardAbstract" xlink:title="InformationOnMembersOfSupervisoryBoardAbstract"/>
    <link:label xlink:type="resource" xlink:label="label_InformationOnMembersOfSupervisoryBoardAbstract" xlink:role="http://www.xbrl.org/2003/role/label" xlink:title="label_InformationOnMembersOfSupervisoryBoardAbstract" xml:lang="hi" id="label_InformationOnMembersOfSupervisoryBoardAbstract">पर्यवेक्षी बोर्ड के सदस्यों के बारे में जानकारी</link:label>
    <link:labelArc xlink:type="arc" xlink:arcrole="http://www.xbrl.org/2003/arcrole/concept-label" xlink:from="InformationOnMembersOfSupervisoryBoardAbstract" xlink:to="label_InformationOnMembersOfSupervisoryBoardAbstract" xlink:title="label: InformationOnMembersOfSupervisoryBoardAbstract to label_InformationOnMembersOfSupervisoryBoardAbstract"/>
    <link:loc xlink:type="locator" xlink:href="gsd.xsd#gsd_InformationOnReportingEntityAbstract" xlink:label="InformationOnReportingEntityAbstract" xlink:title="InformationOnReportingEntityAbstract"/>
    <link:label xlink:type="resource" xlink:label="label_InformationOnReportingEntityAbstract" xlink:role="http://www.xbrl.org/2003/role/label" xlink:title="label_InformationOnReportingEntityAbstract" xml:lang="hi" id="label_InformationOnReportingEntityAbstract">रिपोर्टिंग संस्था पर सूचना</link:label>
    <link:labelArc xlink:type="arc" xlink:arcrole="http://www.xbrl.org/2003/arcrole/concept-label" xlink:from="InformationOnReportingEntityAbstract" xlink:to="label_InformationOnReportingEntityAbstract" xlink:title="label: InformationOnReportingEntityAbstract to label_InformationOnReportingEntityAbstract"/>
    <link:loc xlink:type="locator" xlink:href="gsd.xsd#gsd_InformationOnSubmissionReportAndReportingEntityAbstract" xlink:label="InformationOnSubmissionReportAndReportingEntityAbstract" xlink:title="InformationOnSubmissionReportAndReportingEntityAbstract"/>
    <link:label xlink:type="resource" xlink:label="label_InformationOnSubmissionReportAndReportingEntityAbstract" xlink:role="http://www.xbrl.org/2003/role/label" xlink:title="label_InformationOnSubmissionReportAndReportingEntityAbstract" xml:lang="hi" id="label_InformationOnSubmissionReportAndReportingEntityAbstract">रिपोर्ट के प्रस्तुतिकरण, प्रकार और रिपोर्टिंग संस्था पर सूचना</link:label>
    <link:labelArc xlink:type="arc" xlink:arcrole="http://www.xbrl.org/2003/arcrole/concept-label" xlink:from="InformationOnSubmissionReportAndReportingEntityAbstract" xlink:to="label_InformationOnSubmissionReportAndReportingEntityAbstract" xlink:title="label: InformationOnSubmissionReportAndReportingEntityAbstract to label_InformationOnSubmissionReportAndReportingEntityAbstract"/>
    <link:loc xlink:type="locator" xlink:href="gsd.xsd#gsd_InformationOnTypeOfSubmittedReport" xlink:label="InformationOnTypeOfSubmittedReport" xlink:title="InformationOnTypeOfSubmittedReport"/>
    <link:label xlink:type="resource" xlink:label="label_InformationOnTypeOfSubmittedReport" xlink:role="http://www.xbrl.org/2003/role/label" xlink:title="label_InformationOnTypeOfSubmittedReport" xml:lang="hi" id="label_InformationOnTypeOfSubmittedReport">प्रस्तुत रिपोर्ट के प्रकार पर सूचना</link:label>
    <link:labelArc xlink:type="arc" xlink:arcrole="http://www.xbrl.org/2003/arcrole/concept-label" xlink:from="InformationOnTypeOfSubmittedReport" xlink:to="label_InformationOnTypeOfSubmittedReport" xlink:title="label: InformationOnTypeOfSubmittedReport to label_InformationOnTypeOfSubmittedReport"/>
    <link:loc xlink:type="locator" xlink:href="gsd.xsd#gsd_NameSurnameAndTitleOfLiquidator" xlink:label="NameSurnameAndTitleOfLiquidator" xlink:title="NameSurnameAndTitleOfLiquidator"/>
    <link:label xlink:type="resource" xlink:label="label_NameSurnameAndTitleOfLiquidator" xlink:role="http://www.xbrl.org/2003/role/label" xlink:title="label_NameSurnameAndTitleOfLiquidator" xml:lang="hi" id="label_NameSurnameAndTitleOfLiquidator">परिसमापक का प्रथम नाम, उपनाम और औधा</link:label>
    <link:labelArc xlink:type="arc" xlink:arcrole="http://www.xbrl.org/2003/arcrole/concept-label" xlink:from="NameSurnameAndTitleOfLiquidator" xlink:to="label_NameSurnameAndTitleOfLiquidator" xlink:title="label: NameSurnameAndTitleOfLiquidator to label_NameSurnameAndTitleOfLiquidator"/>
    <link:loc xlink:type="locator" xlink:href="gsd.xsd#gsd_NameOfFinancialInstitution" xlink:label="NameOfFinancialInstitution" xlink:title="NameOfFinancialInstitution"/>
    <link:label xlink:type="resource" xlink:label="label_NameOfFinancialInstitution" xlink:role="http://www.xbrl.org/2003/role/label" xlink:title="label_NameOfFinancialInstitution" xml:lang="hi" id="label_NameOfFinancialInstitution">वित्तीय संस्था का नाम</link:label>
    <link:labelArc xlink:type="arc" xlink:arcrole="http://www.xbrl.org/2003/arcrole/concept-label" xlink:from="NameOfFinancialInstitution" xlink:to="label_NameOfFinancialInstitution" xlink:title="label: NameOfFinancialInstitution to label_NameOfFinancialInstitution"/>
    <link:loc xlink:type="locator" xlink:href="gsd.xsd#gsd_NameOfLawFirm" xlink:label="NameOfLawFirm" xlink:title="NameOfLawFirm"/>
    <link:label xlink:type="resource" xlink:label="label_NameOfLawFirm" xlink:role="http://www.xbrl.org/2003/role/label" xlink:title="label_NameOfLawFirm" xml:lang="hi" id="label_NameOfLawFirm">कानूनी फर्म का नाम</link:label>
    <link:labelArc xlink:type="arc" xlink:arcrole="http://www.xbrl.org/2003/arcrole/concept-label" xlink:from="NameOfLawFirm" xlink:to="label_NameOfLawFirm" xlink:title="label: NameOfLawFirm to label_NameOfLawFirm"/>
    <link:loc xlink:type="locator" xlink:href="gsd.xsd#gsd_NameOfReportingEntity" xlink:label="NameOfReportingEntity" xlink:title="NameOfReportingEntity"/>
    <link:label xlink:type="resource" xlink:label="label_NameOfReportingEntity" xlink:role="http://www.xbrl.org/2003/role/label" xlink:title="label_NameOfReportingEntity" xml:lang="hi" id="label_NameOfReportingEntity">रिपोर्टिंग संस्था का नाम</link:label>
    <link:labelArc xlink:type="arc" xlink:arcrole="http://www.xbrl.org/2003/arcrole/concept-label" xlink:from="NameOfReportingEntity" xlink:to="label_NameOfReportingEntity" xlink:title="label: NameOfReportingEntity to label_NameOfReportingEntity"/>
    <link:loc xlink:type="locator" xlink:href="gsd.xsd#gsd_NameOfSubmittingEnterprise" xlink:label="NameOfSubmittingEnterprise" xlink:title="NameOfSubmittingEnterprise"/>
    <link:label xlink:type="resource" xlink:label="label_NameOfSubmittingEnterprise" xlink:role="http://www.xbrl.org/2003/role/label" xlink:title="label_NameOfSubmittingEnterprise" xml:lang="hi" id="label_NameOfSubmittingEnterprise">प्रस्तुतकर्ता उद्यम का नाम</link:label>
    <link:labelArc xlink:type="arc" xlink:arcrole="http://www.xbrl.org/2003/arcrole/concept-label" xlink:from="NameOfSubmittingEnterprise" xlink:to="label_NameOfSubmittingEnterprise" xlink:title="label: NameOfSubmittingEnterprise to label_NameOfSubmittingEnterprise"/>
    <link:loc xlink:type="locator" xlink:href="gsd.xsd#gsd_RegisteredOfficeOfReportingEntity" xlink:label="RegisteredOfficeOfReportingEntity" xlink:title="RegisteredOfficeOfReportingEntity"/>
    <link:label xlink:type="resource" xlink:label="label_RegisteredOfficeOfReportingEntity" xlink:role="http://www.xbrl.org/2003/role/label" xlink:title="label_RegisteredOfficeOfReportingEntity" xml:lang="hi" id="label_RegisteredOfficeOfReportingEntity">रिपोर्टिंग संस्था का पंजीकृत कार्यालय</link:label>
    <link:labelArc xlink:type="arc" xlink:arcrole="http://www.xbrl.org/2003/arcrole/concept-label" xlink:from="RegisteredOfficeOfReportingEntity" xlink:to="label_RegisteredOfficeOfReportingEntity" xlink:title="label: RegisteredOfficeOfReportingEntity to label_RegisteredOfficeOfReportingEntity"/>
    <link:loc xlink:type="locator" xlink:href="gsd.xsd#gsd_ReportingPeriodEndDate" xlink:label="ReportingPeriodEndDate" xlink:title="ReportingPeriodEndDate"/>
    <link:label xlink:type="resource" xlink:label="label_ReportingPeriodEndDate" xlink:role="http://www.xbrl.org/2003/role/label" xlink:title="label_ReportingPeriodEndDate" xml:lang="hi" id="label_ReportingPeriodEndDate">रिपोर्टिंग अवधि की अन्तिम तिथि </link:label>
    <link:labelArc xlink:type="arc" xlink:arcrole="http://www.xbrl.org/2003/arcrole/concept-label" xlink:from="ReportingPeriodEndDate" xlink:to="label_ReportingPeriodEndDate" xlink:title="label: ReportingPeriodEndDate to label_ReportingPeriodEndDate"/>
    <link:loc xlink:type="locator" xlink:href="gsd.xsd#gsd_ReportingPeriodStartDate" xlink:label="ReportingPeriodStartDate" xlink:title="ReportingPeriodStartDate"/>
    <link:label xlink:type="resource" xlink:label="label_ReportingPeriodStartDate" xlink:role="http://www.xbrl.org/2003/role/label" xlink:title="label_ReportingPeriodStartDate" xml:lang="hi" id="label_ReportingPeriodStartDate">रिपोर्टिंग अवधि की प्रारंभ तिथि  </link:label>
    <link:labelArc xlink:type="arc" xlink:arcrole="http://www.xbrl.org/2003/arcrole/concept-label" xlink:from="ReportingPeriodStartDate" xlink:to="label_ReportingPeriodStartDate" xlink:title="label: ReportingPeriodStartDate to label_ReportingPeriodStartDate"/>
    <link:loc xlink:type="locator" xlink:href="gsd.xsd#gsd_TelephoneNumberOfAuditor" xlink:label="TelephoneNumberOfAuditor" xlink:title="TelephoneNumberOfAuditor"/>
    <link:label xlink:type="resource" xlink:label="label_TelephoneNumberOfAuditor" xlink:role="http://www.xbrl.org/2003/role/label" xlink:title="label_TelephoneNumberOfAuditor" xml:lang="hi" id="label_TelephoneNumberOfAuditor">अंकेक्षक का दूरभाष नंबर</link:label>
    <link:labelArc xlink:type="arc" xlink:arcrole="http://www.xbrl.org/2003/arcrole/concept-label" xlink:from="TelephoneNumberOfAuditor" xlink:to="label_TelephoneNumberOfAuditor" xlink:title="label: TelephoneNumberOfAuditor to label_TelephoneNumberOfAuditor"/>
    <link:loc xlink:type="locator" xlink:href="gsd.xsd#gsd_TelephoneNumberOfReportingEntity" xlink:label="TelephoneNumberOfReportingEntity" xlink:title="TelephoneNumberOfReportingEntity"/>
    <link:label xlink:type="resource" xlink:label="label_TelephoneNumberOfReportingEntity" xlink:role="http://www.xbrl.org/2003/role/label" xlink:title="label_TelephoneNumberOfReportingEntity" xml:lang="hi" id="label_TelephoneNumberOfReportingEntity">रिपोर्टिंग संस्था का दूरभाष नंबर</link:label>
    <link:labelArc xlink:type="arc" xlink:arcrole="http://www.xbrl.org/2003/arcrole/concept-label" xlink:from="TelephoneNumberOfReportingEntity" xlink:to="label_TelephoneNumberOfReportingEntity" xlink:title="label: TelephoneNumberOfReportingEntity to label_TelephoneNumberOfReportingEntity"/>
    <link:loc xlink:type="locator" xlink:href="gsd.xsd#gsd_DetailsOnMembersOfExecutiveBoardHypercube" xlink:label="DetailsOnMembersOfExecutiveBoardHypercube" xlink:title="DetailsOnMembersOfExecutiveBoardHypercube"/>
    <link:label xlink:type="resource" xlink:label="label_DetailsOnMembersOfExecutiveBoardHypercube" xlink:role="http://www.xbrl.org/2003/role/label" xlink:title="label_DetailsOnMembersOfExecutiveBoardHypercube" xml:lang="hi" id="label_DetailsOnMembersOfExecutiveBoardHypercube">कार्यकारिणी बोर्ड के सदस्यों पर ब्यौरा</link:label>
    <link:labelArc xlink:type="arc" xlink:arcrole="http://www.xbrl.org/2003/arcrole/concept-label" xlink:from="DetailsOnMembersOfExecutiveBoardHypercube" xlink:to="label_DetailsOnMembersOfExecutiveBoardHypercube" xlink:title="label: DetailsOnMembersOfExecutiveBoardHypercube to label_DetailsOnMembersOfExecutiveBoardHypercube"/>
    <link:loc xlink:type="locator" xlink:href="gsd.xsd#gsd_DetailsOnMembersOfSupervisoryBoardHypercube" xlink:label="DetailsOnMembersOfSupervisoryBoardHypercube" xlink:title="DetailsOnMembersOfSupervisoryBoardHypercube"/>
    <link:label xlink:type="resource" xlink:label="label_DetailsOnMembersOfSupervisoryBoardHypercube" xlink:role="http://www.xbrl.org/2003/role/label" xlink:title="label_DetailsOnMembersOfSupervisoryBoardHypercube" xml:lang="hi" id="label_DetailsOnMembersOfSupervisoryBoardHypercube">पर्यवेक्षी बोर्ड के सदस्यों पर ब्यौरा</link:label>
    <link:labelArc xlink:type="arc" xlink:arcrole="http://www.xbrl.org/2003/arcrole/concept-label" xlink:from="DetailsOnMembersOfSupervisoryBoardHypercube" xlink:to="label_DetailsOnMembersOfSupervisoryBoardHypercube" xlink:title="label: DetailsOnMembersOfSupervisoryBoardHypercube to label_DetailsOnMembersOfSupervisoryBoardHypercube"/>
    <link:loc xlink:type="locator" xlink:href="gsd.xsd#gsd_DetailsOnMembersOfExecutiveBoardAbstract" xlink:label="DetailsOnMembersOfExecutiveBoardAbstract" xlink:title="DetailsOnMembersOfExecutiveBoardAbstract"/>
    <link:label xlink:type="resource" xlink:label="label_DetailsOnMembersOfExecutiveBoardAbstract" xlink:role="http://www.xbrl.org/2003/role/label" xlink:title="label_DetailsOnMembersOfExecutiveBoardAbstract" xml:lang="hi" id="label_DetailsOnMembersOfExecutiveBoardAbstract">कार्यकारिणी बोर्ड के सदस्यों पर ब्यौरा</link:label>
    <link:labelArc xlink:type="arc" xlink:arcrole="http://www.xbrl.org/2003/arcrole/concept-label" xlink:from="DetailsOnMembersOfExecutiveBoardAbstract" xlink:to="label_DetailsOnMembersOfExecutiveBoardAbstract" xlink:title="label: DetailsOnMembersOfExecutiveBoardAbstract to label_DetailsOnMembersOfExecutiveBoardAbstract"/>
    <link:loc xlink:type="locator" xlink:href="gsd.xsd#gsd_DetailsOnMembersOfSupervisoryBoardAbstract" xlink:label="DetailsOnMembersOfSupervisoryBoardAbstract" xlink:title="DetailsOnMembersOfSupervisoryBoardAbstract"/>
    <link:label xlink:type="resource" xlink:label="label_DetailsOnMembersOfSupervisoryBoardAbstract" xlink:role="http://www.xbrl.org/2003/role/label" xlink:title="label_DetailsOnMembersOfSupervisoryBoardAbstract" xml:lang="hi" id="label_DetailsOnMembersOfSupervisoryBoardAbstract">पर्यवेक्षी बोर्ड के सदस्यों पर ब्यौरा</link:label>
    <link:labelArc xlink:type="arc" xlink:arcrole="http://www.xbrl.org/2003/arcrole/concept-label" xlink:from="DetailsOnMembersOfSupervisoryBoardAbstract" xlink:to="label_DetailsOnMembersOfSupervisoryBoardAbstract" xlink:title="label: DetailsOnMembersOfSupervisoryBoardAbstract to label_DetailsOnMembersOfSupervisoryBoardAbstract"/>
    <link:loc xlink:type="locator" xlink:href="gsd.xsd#gsd_IdentificationNumberCvrOfFinancialInstitution" xlink:label="IdentificationNumberCvrOfFinancialInstitution" xlink:title="IdentificationNumberCvrOfFinancialInstitution"/>
    <link:label xlink:type="resource" xlink:label="label_IdentificationNumberCvrOfFinancialInstitution" xlink:role="http://www.xbrl.org/2003/role/label" xlink:title="label_IdentificationNumberCvrOfFinancialInstitution" xml:lang="hi" id="label_IdentificationNumberCvrOfFinancialInstitution">वित्तीय संस्था की पहचान संख्या [सी वी आर] </link:label>
    <link:labelArc xlink:type="arc" xlink:arcrole="http://www.xbrl.org/2003/arcrole/concept-label" xlink:from="IdentificationNumberCvrOfFinancialInstitution" xlink:to="label_IdentificationNumberCvrOfFinancialInstitution" xlink:title="label: IdentificationNumberCvrOfFinancialInstitution to label_IdentificationNumberCvrOfFinancialInstitution"/>
    <link:loc xlink:type="locator" xlink:href="gsd.xsd#gsd_IdentificationNumberCvrOfLawFirm" xlink:label="IdentificationNumberCvrOfLawFirm" xlink:title="IdentificationNumberCvrOfLawFirm"/>
    <link:label xlink:type="resource" xlink:label="label_IdentificationNumberCvrOfLawFirm" xlink:role="http://www.xbrl.org/2003/role/label" xlink:title="label_IdentificationNumberCvrOfLawFirm" xml:lang="hi" id="label_IdentificationNumberCvrOfLawFirm">कानून फर्म की पहचान संख्या [सी वी आर] </link:label>
    <link:labelArc xlink:type="arc" xlink:arcrole="http://www.xbrl.org/2003/arcrole/concept-label" xlink:from="IdentificationNumberCvrOfLawFirm" xlink:to="label_IdentificationNumberCvrOfLawFirm" xlink:title="label: IdentificationNumberCvrOfLawFirm to label_IdentificationNumberCvrOfLawFirm"/>
    <link:loc xlink:type="locator" xlink:href="gsd.xsd#gsd_IdentificationNumberPnrOfLawFirm" xlink:label="IdentificationNumberPnrOfLawFirm" xlink:title="IdentificationNumberPnrOfLawFirm"/>
    <link:label xlink:type="resource" xlink:label="label_IdentificationNumberPnrOfLawFirm" xlink:role="http://www.xbrl.org/2003/role/label" xlink:title="label_IdentificationNumberPnrOfLawFirm" xml:lang="hi" id="label_IdentificationNumberPnrOfLawFirm">कानून फर्म की पहचान संख्या [पी एन आर] </link:label>
    <link:labelArc xlink:type="arc" xlink:arcrole="http://www.xbrl.org/2003/arcrole/concept-label" xlink:from="IdentificationNumberPnrOfLawFirm" xlink:to="label_IdentificationNumberPnrOfLawFirm" xlink:title="label: IdentificationNumberPnrOfLawFirm to label_IdentificationNumberPnrOfLawFirm"/>
    <link:loc xlink:type="locator" xlink:href="gsd.xsd#gsd_IdentificationNumberCprOfChairmanOfGeneralMeeting" xlink:label="IdentificationNumberCprOfChairmanOfGeneralMeeting" xlink:title="IdentificationNumberCprOfChairmanOfGeneralMeeting"/>
    <link:label xlink:type="resource" xlink:label="label_IdentificationNumberCprOfChairmanOfGeneralMeeting" xlink:role="http://www.xbrl.org/2003/role/label" xlink:title="label_IdentificationNumberCprOfChairmanOfGeneralMeeting" xml:lang="hi" id="label_IdentificationNumberCprOfChairmanOfGeneralMeeting">आम बैठक के अध्यक्ष की पहचान संख्या [सी पी आर]</link:label>
    <link:labelArc xlink:type="arc" xlink:arcrole="http://www.xbrl.org/2003/arcrole/concept-label" xlink:from="IdentificationNumberCprOfChairmanOfGeneralMeeting" xlink:to="label_IdentificationNumberCprOfChairmanOfGeneralMeeting" xlink:title="label: IdentificationNumberCprOfChairmanOfGeneralMeeting to label_IdentificationNumberCprOfChairmanOfGeneralMeeting"/>
    <link:loc xlink:type="locator" xlink:href="gsd.xsd#gsd_AddressOfAuditorAbstract" xlink:label="AddressOfAuditorAbstract" xlink:title="AddressOfAuditorAbstract"/>
    <link:label xlink:type="resource" xlink:label="label_AddressOfAuditorAbstract" xlink:role="http://www.xbrl.org/2003/role/label" xlink:title="label_AddressOfAuditorAbstract" xml:lang="hi" id="label_AddressOfAuditorAbstract">अंकेक्षक का पता ( व्यापार ) </link:label>
    <link:labelArc xlink:type="arc" xlink:arcrole="http://www.xbrl.org/2003/arcrole/concept-label" xlink:from="AddressOfAuditorAbstract" xlink:to="label_AddressOfAuditorAbstract" xlink:title="label: AddressOfAuditorAbstract to label_AddressOfAuditorAbstract"/>
    <link:loc xlink:type="locator" xlink:href="gsd.xsd#gsd_AddressOfAuditorStreetName" xlink:label="AddressOfAuditorStreetName" xlink:title="AddressOfAuditorStreetName"/>
    <link:label xlink:type="resource" xlink:label="label_AddressOfAuditorStreetName" xlink:role="http://www.xbrl.org/2003/role/label" xlink:title="label_AddressOfAuditorStreetName" xml:lang="hi" id="label_AddressOfAuditorStreetName">अंकेक्षक का पता,  सड़क का नाम </link:label>
    <link:labelArc xlink:type="arc" xlink:arcrole="http://www.xbrl.org/2003/arcrole/concept-label" xlink:from="AddressOfAuditorStreetName" xlink:to="label_AddressOfAuditorStreetName" xlink:title="label: AddressOfAuditorStreetName to label_AddressOfAuditorStreetName"/>
    <link:loc xlink:type="locator" xlink:href="gsd.xsd#gsd_AddressOfAuditorStreetBuildingIdentifier" xlink:label="AddressOfAuditorStreetBuildingIdentifier" xlink:title="AddressOfAuditorStreetBuildingIdentifier"/>
    <link:label xlink:type="resource" xlink:label="label_AddressOfAuditorStreetBuildingIdentifier" xlink:role="http://www.xbrl.org/2003/role/label" xlink:title="label_AddressOfAuditorStreetBuildingIdentifier" xml:lang="hi" id="label_AddressOfAuditorStreetBuildingIdentifier">अंकेक्षक का पता,  सड़क का नाम और भवन संख्या </link:label>
    <link:labelArc xlink:type="arc" xlink:arcrole="http://www.xbrl.org/2003/arcrole/concept-label" xlink:from="AddressOfAuditorStreetBuildingIdentifier" xlink:to="label_AddressOfAuditorStreetBuildingIdentifier" xlink:title="label: AddressOfAuditorStreetBuildingIdentifier to label_AddressOfAuditorStreetBuildingIdentifier"/>
    <link:loc xlink:type="locator" xlink:href="gsd.xsd#gsd_AddressOfAuditorPostCodeIdentifier" xlink:label="AddressOfAuditorPostCodeIdentifier" xlink:title="AddressOfAuditorPostCodeIdentifier"/>
    <link:label xlink:type="resource" xlink:label="label_AddressOfAuditorPostCodeIdentifier" xlink:role="http://www.xbrl.org/2003/role/label" xlink:title="label_AddressOfAuditorPostCodeIdentifier" xml:lang="hi" id="label_AddressOfAuditorPostCodeIdentifier">अंकेक्षक का पता,  डाक कोड संख्या </link:label>
    <link:labelArc xlink:type="arc" xlink:arcrole="http://www.xbrl.org/2003/arcrole/concept-label" xlink:from="AddressOfAuditorPostCodeIdentifier" xlink:to="label_AddressOfAuditorPostCodeIdentifier" xlink:title="label: AddressOfAuditorPostCodeIdentifier to label_AddressOfAuditorPostCodeIdentifier"/>
    <link:loc xlink:type="locator" xlink:href="gsd.xsd#gsd_AddressOfAuditorDistrictName" xlink:label="AddressOfAuditorDistrictName" xlink:title="AddressOfAuditorDistrictName"/>
    <link:label xlink:type="resource" xlink:label="label_AddressOfAuditorDistrictName" xlink:role="http://www.xbrl.org/2003/role/label" xlink:title="label_AddressOfAuditorDistrictName" xml:lang="hi" id="label_AddressOfAuditorDistrictName">अंकेक्षक का पता, जिले का नाम </link:label>
    <link:labelArc xlink:type="arc" xlink:arcrole="http://www.xbrl.org/2003/arcrole/concept-label" xlink:from="AddressOfAuditorDistrictName" xlink:to="label_AddressOfAuditorDistrictName" xlink:title="label: AddressOfAuditorDistrictName to label_AddressOfAuditorDistrictName"/>
    <link:loc xlink:type="locator" xlink:href="gsd.xsd#gsd_AddressOfAuditorCountry" xlink:label="AddressOfAuditorCountry" xlink:title="AddressOfAuditorCountry"/>
    <link:label xlink:type="resource" xlink:label="label_AddressOfAuditorCountry" xlink:role="http://www.xbrl.org/2003/role/label" xlink:title="label_AddressOfAuditorCountry" xml:lang="hi" id="label_AddressOfAuditorCountry">अंकेक्षक का पता,  देश </link:label>
    <link:labelArc xlink:type="arc" xlink:arcrole="http://www.xbrl.org/2003/arcrole/concept-label" xlink:from="AddressOfAuditorCountry" xlink:to="label_AddressOfAuditorCountry" xlink:title="label: AddressOfAuditorCountry to label_AddressOfAuditorCountry"/>
    <link:loc xlink:type="locator" xlink:href="gsd.xsd#gsd_AddressOfFinancialInstitutionAbstract" xlink:label="AddressOfFinancialInstitutionAbstract" xlink:title="AddressOfFinancialInstitutionAbstract"/>
    <link:label xlink:type="resource" xlink:label="label_AddressOfFinancialInstitutionAbstract" xlink:role="http://www.xbrl.org/2003/role/label" xlink:title="label_AddressOfFinancialInstitutionAbstract" xml:lang="hi" id="label_AddressOfFinancialInstitutionAbstract">वित्तीय संस्था का पता</link:label>
    <link:labelArc xlink:type="arc" xlink:arcrole="http://www.xbrl.org/2003/arcrole/concept-label" xlink:from="AddressOfFinancialInstitutionAbstract" xlink:to="label_AddressOfFinancialInstitutionAbstract" xlink:title="label: AddressOfFinancialInstitutionAbstract to label_AddressOfFinancialInstitutionAbstract"/>
    <link:loc xlink:type="locator" xlink:href="gsd.xsd#gsd_AddressOfFinancialCountryIdentificationCode" xlink:label="AddressOfFinancialCountryIdentificationCode" xlink:title="AddressOfFinancialCountryIdentificationCode"/>
    <link:label xlink:type="resource" xlink:label="label_AddressOfFinancialCountryIdentificationCode" xlink:role="http://www.xbrl.org/2003/role/label" xlink:title="label_AddressOfFinancialCountryIdentificationCode" xml:lang="hi" id="label_AddressOfFinancialCountryIdentificationCode">वित्तीय संस्था का पता,  देश पहचान कोड </link:label>
    <link:labelArc xlink:type="arc" xlink:arcrole="http://www.xbrl.org/2003/arcrole/concept-label" xlink:from="AddressOfFinancialCountryIdentificationCode" xlink:to="label_AddressOfFinancialCountryIdentificationCode" xlink:title="label: AddressOfFinancialCountryIdentificationCode to label_AddressOfFinancialCountryIdentificationCode"/>
    <link:loc xlink:type="locator" xlink:href="gsd.xsd#gsd_AddressOfFinancialCountry" xlink:label="AddressOfFinancialCountry" xlink:title="AddressOfFinancialCountry"/>
    <link:label xlink:type="resource" xlink:label="label_AddressOfFinancialCountry" xlink:role="http://www.xbrl.org/2003/role/label" xlink:title="label_AddressOfFinancialCountry" xml:lang="hi" id="label_AddressOfFinancialCountry">वित्तीय संस्था का पता,  देश </link:label>
    <link:labelArc xlink:type="arc" xlink:arcrole="http://www.xbrl.org/2003/arcrole/concept-label" xlink:from="AddressOfFinancialCountry" xlink:to="label_AddressOfFinancialCountry" xlink:title="label: AddressOfFinancialCountry to label_AddressOfFinancialCountry"/>
    <link:loc xlink:type="locator" xlink:href="gsd.xsd#gsd_AddressOfFinancialStreetName" xlink:label="AddressOfFinancialStreetName" xlink:title="AddressOfFinancialStreetName"/>
    <link:label xlink:type="resource" xlink:label="label_AddressOfFinancialStreetName" xlink:role="http://www.xbrl.org/2003/role/label" xlink:title="label_AddressOfFinancialStreetName" xml:lang="hi" id="label_AddressOfFinancialStreetName">वित्तीय संस्थान का पता, सड़क का नाम </link:label>
    <link:labelArc xlink:type="arc" xlink:arcrole="http://www.xbrl.org/2003/arcrole/concept-label" xlink:from="AddressOfFinancialStreetName" xlink:to="label_AddressOfFinancialStreetName" xlink:title="label: AddressOfFinancialStreetName to label_AddressOfFinancialStreetName"/>
    <link:loc xlink:type="locator" xlink:href="gsd.xsd#gsd_AddressOfFinancialStreetBuildingIdentifier" xlink:label="AddressOfFinancialStreetBuildingIdentifier" xlink:title="AddressOfFinancialStreetBuildingIdentifier"/>
    <link:label xlink:type="resource" xlink:label="label_AddressOfFinancialStreetBuildingIdentifier" xlink:role="http://www.xbrl.org/2003/role/label" xlink:title="label_AddressOfFinancialStreetBuildingIdentifier" xml:lang="hi" id="label_AddressOfFinancialStreetBuildingIdentifier">वित्तीय संस्थान का पता,  सड़क का नाम और भवन संख्या </link:label>
    <link:labelArc xlink:type="arc" xlink:arcrole="http://www.xbrl.org/2003/arcrole/concept-label" xlink:from="AddressOfFinancialStreetBuildingIdentifier" xlink:to="label_AddressOfFinancialStreetBuildingIdentifier" xlink:title="label: AddressOfFinancialStreetBuildingIdentifier to label_AddressOfFinancialStreetBuildingIdentifier"/>
    <link:loc xlink:type="locator" xlink:href="gsd.xsd#gsd_AddressOfFinancialPostCodeIdentifier" xlink:label="AddressOfFinancialPostCodeIdentifier" xlink:title="AddressOfFinancialPostCodeIdentifier"/>
    <link:label xlink:type="resource" xlink:label="label_AddressOfFinancialPostCodeIdentifier" xlink:role="http://www.xbrl.org/2003/role/label" xlink:title="label_AddressOfFinancialPostCodeIdentifier" xml:lang="hi" id="label_AddressOfFinancialPostCodeIdentifier">वित्तीय संस्थान का पता,  डाक कोड संख्या</link:label>
    <link:labelArc xlink:type="arc" xlink:arcrole="http://www.xbrl.org/2003/arcrole/concept-label" xlink:from="AddressOfFinancialPostCodeIdentifier" xlink:to="label_AddressOfFinancialPostCodeIdentifier" xlink:title="label: AddressOfFinancialPostCodeIdentifier to label_AddressOfFinancialPostCodeIdentifier"/>
    <link:loc xlink:type="locator" xlink:href="gsd.xsd#gsd_AddressOfFinancialDistrictName" xlink:label="AddressOfFinancialDistrictName" xlink:title="AddressOfFinancialDistrictName"/>
    <link:label xlink:type="resource" xlink:label="label_AddressOfFinancialDistrictName" xlink:role="http://www.xbrl.org/2003/role/label" xlink:title="label_AddressOfFinancialDistrictName" xml:lang="hi" id="label_AddressOfFinancialDistrictName">वित्तीय संस्थान का पता, जिले का नाम </link:label>
    <link:labelArc xlink:type="arc" xlink:arcrole="http://www.xbrl.org/2003/arcrole/concept-label" xlink:from="AddressOfFinancialDistrictName" xlink:to="label_AddressOfFinancialDistrictName" xlink:title="label: AddressOfFinancialDistrictName to label_AddressOfFinancialDistrictName"/>
    <link:loc xlink:type="locator" xlink:href="gsd.xsd#gsd_IdentificationNumberGreenlandRegnrOfReportingEntity" xlink:label="IdentificationNumberGreenlandRegnrOfReportingEntity" xlink:title="IdentificationNumberGreenlandRegnrOfReportingEntity"/>
    <link:label xlink:type="resource" xlink:label="label_IdentificationNumberGreenlandRegnrOfReportingEntity" xlink:role="http://www.xbrl.org/2003/role/label" xlink:title="label_IdentificationNumberGreenlandRegnrOfReportingEntity" xml:lang="hi" id="label_IdentificationNumberGreenlandRegnrOfReportingEntity">रिपोर्टिंग संस्था की पहचान संख्या (ग्रीनलैंड पंजीकरण संख्या)</link:label>
    <link:labelArc xlink:type="arc" xlink:arcrole="http://www.xbrl.org/2003/arcrole/concept-label" xlink:from="IdentificationNumberGreenlandRegnrOfReportingEntity" xlink:to="label_IdentificationNumberGreenlandRegnrOfReportingEntity" xlink:title="label: IdentificationNumberGreenlandRegnrOfReportingEntity to label_IdentificationNumberGreenlandRegnrOfReportingEntity"/>
    <link:loc xlink:type="locator" xlink:href="gsd.xsd#gsd_DetailsOnAuditorHypercube" xlink:label="DetailsOnAuditorHypercube" xlink:title="DetailsOnAuditorHypercube"/>
    <link:label xlink:type="resource" xlink:label="label_DetailsOnAuditorHypercube" xlink:role="http://www.xbrl.org/2003/role/label" xlink:title="label_DetailsOnAuditorHypercube" xml:lang="hi" id="label_DetailsOnAuditorHypercube">अंकेक्षक पर सूचना</link:label>
    <link:labelArc xlink:type="arc" xlink:arcrole="http://www.xbrl.org/2003/arcrole/concept-label" xlink:from="DetailsOnAuditorHypercube" xlink:to="label_DetailsOnAuditorHypercube" xlink:title="label: DetailsOnAuditorHypercube to label_DetailsOnAuditorHypercube"/>
    <link:loc xlink:type="locator" xlink:href="gsd.xsd#gsd_DetailsOnAuditorAbstract" xlink:label="DetailsOnAuditorAbstract" xlink:title="DetailsOnAuditorAbstract"/>
    <link:label xlink:type="resource" xlink:label="label_DetailsOnAuditorAbstract" xlink:role="http://www.xbrl.org/2003/role/label" xlink:title="label_DetailsOnAuditorAbstract" xml:lang="hi" id="label_DetailsOnAuditorAbstract">अंकेक्षक पर ब्यौरा</link:label>
    <link:labelArc xlink:type="arc" xlink:arcrole="http://www.xbrl.org/2003/arcrole/concept-label" xlink:from="DetailsOnAuditorAbstract" xlink:to="label_DetailsOnAuditorAbstract" xlink:title="label: DetailsOnAuditorAbstract to label_DetailsOnAuditorAbstract"/>
    <link:loc xlink:type="locator" xlink:href="gsd.xsd#gsd_InformationOnAuditorAbstract" xlink:label="InformationOnAuditorAbstract" xlink:title="InformationOnAuditorAbstract"/>
    <link:label xlink:type="resource" xlink:label="label_InformationOnAuditorAbstract" xlink:role="http://www.xbrl.org/2003/role/label" xlink:title="label_InformationOnAuditorAbstract" xml:lang="hi" id="label_InformationOnAuditorAbstract">अंकेक्षक पर सूचना</link:label>
    <link:labelArc xlink:type="arc" xlink:arcrole="http://www.xbrl.org/2003/arcrole/concept-label" xlink:from="InformationOnAuditorAbstract" xlink:to="label_InformationOnAuditorAbstract" xlink:title="label: InformationOnAuditorAbstract to label_InformationOnAuditorAbstract"/>
    <link:loc xlink:type="locator" xlink:href="gsd.xsd#gsd_AddressOfReportingEntityAbstract" xlink:label="AddressOfReportingEntityAbstract" xlink:title="AddressOfReportingEntityAbstract"/>
    <link:label xlink:type="resource" xlink:label="label_AddressOfReportingEntityAbstract" xlink:role="http://www.xbrl.org/2003/role/label" xlink:title="label_AddressOfReportingEntityAbstract" xml:lang="hi" id="label_AddressOfReportingEntityAbstract">रिपोर्टिंग संस्था का पता</link:label>
    <link:labelArc xlink:type="arc" xlink:arcrole="http://www.xbrl.org/2003/arcrole/concept-label" xlink:from="AddressOfReportingEntityAbstract" xlink:to="label_AddressOfReportingEntityAbstract" xlink:title="label: AddressOfReportingEntityAbstract to label_AddressOfReportingEntityAbstract"/>
    <link:loc xlink:type="locator" xlink:href="gsd.xsd#gsd_AddressOfReportingEntityCountryIdentificationCode" xlink:label="AddressOfReportingEntityCountryIdentificationCode" xlink:title="AddressOfReportingEntityCountryIdentificationCode"/>
    <link:label xlink:type="resource" xlink:label="label_AddressOfReportingEntityCountryIdentificationCode" xlink:role="http://www.xbrl.org/2003/role/label" xlink:title="label_AddressOfReportingEntityCountryIdentificationCode" xml:lang="hi" id="label_AddressOfReportingEntityCountryIdentificationCode">रिपोर्टिंग संस्था का पता, देश पहचान कोड </link:label>
    <link:labelArc xlink:type="arc" xlink:arcrole="http://www.xbrl.org/2003/arcrole/concept-label" xlink:from="AddressOfReportingEntityCountryIdentificationCode" xlink:to="label_AddressOfReportingEntityCountryIdentificationCode" xlink:title="label: AddressOfReportingEntityCountryIdentificationCode to label_AddressOfReportingEntityCountryIdentificationCode"/>
    <link:loc xlink:type="locator" xlink:href="gsd.xsd#gsd_AddressOfReportingEntityCountry" xlink:label="AddressOfReportingEntityCountry" xlink:title="AddressOfReportingEntityCountry"/>
    <link:label xlink:type="resource" xlink:label="label_AddressOfReportingEntityCountry" xlink:role="http://www.xbrl.org/2003/role/label" xlink:title="label_AddressOfReportingEntityCountry" xml:lang="hi" id="label_AddressOfReportingEntityCountry">रिपोर्टिंग संस्था का पता, देश </link:label>
    <link:labelArc xlink:type="arc" xlink:arcrole="http://www.xbrl.org/2003/arcrole/concept-label" xlink:from="AddressOfReportingEntityCountry" xlink:to="label_AddressOfReportingEntityCountry" xlink:title="label: AddressOfReportingEntityCountry to label_AddressOfReportingEntityCountry"/>
    <link:loc xlink:type="locator" xlink:href="gsd.xsd#gsd_AddressOfReportingEntityStreetName" xlink:label="AddressOfReportingEntityStreetName" xlink:title="AddressOfReportingEntityStreetName"/>
    <link:label xlink:type="resource" xlink:label="label_AddressOfReportingEntityStreetName" xlink:role="http://www.xbrl.org/2003/role/label" xlink:title="label_AddressOfReportingEntityStreetName" xml:lang="hi" id="label_AddressOfReportingEntityStreetName">रिपोर्टिंग संस्था का पता, सड़क का नाम </link:label>
    <link:labelArc xlink:type="arc" xlink:arcrole="http://www.xbrl.org/2003/arcrole/concept-label" xlink:from="AddressOfReportingEntityStreetName" xlink:to="label_AddressOfReportingEntityStreetName" xlink:title="label: AddressOfReportingEntityStreetName to label_AddressOfReportingEntityStreetName"/>
    <link:loc xlink:type="locator" xlink:href="gsd.xsd#gsd_AddressOfReportingEntityStreetBuildingIdentifier" xlink:label="AddressOfReportingEntityStreetBuildingIdentifier" xlink:title="AddressOfReportingEntityStreetBuildingIdentifier"/>
    <link:label xlink:type="resource" xlink:label="label_AddressOfReportingEntityStreetBuildingIdentifier" xlink:role="http://www.xbrl.org/2003/role/label" xlink:title="label_AddressOfReportingEntityStreetBuildingIdentifier" xml:lang="hi" id="label_AddressOfReportingEntityStreetBuildingIdentifier">रिपोर्टिंग संस्था का पता,  सड़क का नाम और भवन संख्या </link:label>
    <link:labelArc xlink:type="arc" xlink:arcrole="http://www.xbrl.org/2003/arcrole/concept-label" xlink:from="AddressOfReportingEntityStreetBuildingIdentifier" xlink:to="label_AddressOfReportingEntityStreetBuildingIdentifier" xlink:title="label: AddressOfReportingEntityStreetBuildingIdentifier to label_AddressOfReportingEntityStreetBuildingIdentifier"/>
    <link:loc xlink:type="locator" xlink:href="gsd.xsd#gsd_AddressOfReportingEntityPostCodeIdentifier" xlink:label="AddressOfReportingEntityPostCodeIdentifier" xlink:title="AddressOfReportingEntityPostCodeIdentifier"/>
    <link:label xlink:type="resource" xlink:label="label_AddressOfReportingEntityPostCodeIdentifier" xlink:role="http://www.xbrl.org/2003/role/label" xlink:title="label_AddressOfReportingEntityPostCodeIdentifier" xml:lang="hi" id="label_AddressOfReportingEntityPostCodeIdentifier">रिपोर्टिंग संस्था का पता, डाक कोड संख्या </link:label>
    <link:labelArc xlink:type="arc" xlink:arcrole="http://www.xbrl.org/2003/arcrole/concept-label" xlink:from="AddressOfReportingEntityPostCodeIdentifier" xlink:to="label_AddressOfReportingEntityPostCodeIdentifier" xlink:title="label: AddressOfReportingEntityPostCodeIdentifier to label_AddressOfReportingEntityPostCodeIdentifier"/>
    <link:loc xlink:type="locator" xlink:href="gsd.xsd#gsd_AddressOfReportingEntityDistrictName" xlink:label="AddressOfReportingEntityDistrictName" xlink:title="AddressOfReportingEntityDistrictName"/>
    <link:label xlink:type="resource" xlink:label="label_AddressOfReportingEntityDistrictName" xlink:role="http://www.xbrl.org/2003/role/label" xlink:title="label_AddressOfReportingEntityDistrictName" xml:lang="hi" id="label_AddressOfReportingEntityDistrictName">रिपोर्टिंग संस्था का पता, जिले का नाम </link:label>
    <link:labelArc xlink:type="arc" xlink:arcrole="http://www.xbrl.org/2003/arcrole/concept-label" xlink:from="AddressOfReportingEntityDistrictName" xlink:to="label_AddressOfReportingEntityDistrictName" xlink:title="label: AddressOfReportingEntityDistrictName to label_AddressOfReportingEntityDistrictName"/>
    <link:loc xlink:type="locator" xlink:href="gsd.xsd#gsd_AddressOfLawFirmAbstract" xlink:label="AddressOfLawFirmAbstract" xlink:title="AddressOfLawFirmAbstract"/>
    <link:label xlink:type="resource" xlink:label="label_AddressOfLawFirmAbstract" xlink:role="http://www.xbrl.org/2003/role/label" xlink:title="label_AddressOfLawFirmAbstract" xml:lang="hi" id="label_AddressOfLawFirmAbstract">कानूनी फर्म का पता</link:label>
    <link:labelArc xlink:type="arc" xlink:arcrole="http://www.xbrl.org/2003/arcrole/concept-label" xlink:from="AddressOfLawFirmAbstract" xlink:to="label_AddressOfLawFirmAbstract" xlink:title="label: AddressOfLawFirmAbstract to label_AddressOfLawFirmAbstract"/>
    <link:loc xlink:type="locator" xlink:href="gsd.xsd#gsd_AddressOfLawFirmCountryIdentificationCode" xlink:label="AddressOfLawFirmCountryIdentificationCode" xlink:title="AddressOfLawFirmCountryIdentificationCode"/>
    <link:label xlink:type="resource" xlink:label="label_AddressOfLawFirmCountryIdentificationCode" xlink:role="http://www.xbrl.org/2003/role/label" xlink:title="label_AddressOfLawFirmCountryIdentificationCode" xml:lang="hi" id="label_AddressOfLawFirmCountryIdentificationCode">कानूनी फर्म का पता,  देश पहचान कोड </link:label>
    <link:labelArc xlink:type="arc" xlink:arcrole="http://www.xbrl.org/2003/arcrole/concept-label" xlink:from="AddressOfLawFirmCountryIdentificationCode" xlink:to="label_AddressOfLawFirmCountryIdentificationCode" xlink:title="label: AddressOfLawFirmCountryIdentificationCode to label_AddressOfLawFirmCountryIdentificationCode"/>
    <link:loc xlink:type="locator" xlink:href="gsd.xsd#gsd_AddressOfLawFirmCountry" xlink:label="AddressOfLawFirmCountry" xlink:title="AddressOfLawFirmCountry"/>
    <link:label xlink:type="resource" xlink:label="label_AddressOfLawFirmCountry" xlink:role="http://www.xbrl.org/2003/role/label" xlink:title="label_AddressOfLawFirmCountry" xml:lang="hi" id="label_AddressOfLawFirmCountry">कानूनी फर्म का पता, देश </link:label>
    <link:labelArc xlink:type="arc" xlink:arcrole="http://www.xbrl.org/2003/arcrole/concept-label" xlink:from="AddressOfLawFirmCountry" xlink:to="label_AddressOfLawFirmCountry" xlink:title="label: AddressOfLawFirmCountry to label_AddressOfLawFirmCountry"/>
    <link:loc xlink:type="locator" xlink:href="gsd.xsd#gsd_AddressOfLawFirmStreetName" xlink:label="AddressOfLawFirmStreetName" xlink:title="AddressOfLawFirmStreetName"/>
    <link:label xlink:type="resource" xlink:label="label_AddressOfLawFirmStreetName" xlink:role="http://www.xbrl.org/2003/role/label" xlink:title="label_AddressOfLawFirmStreetName" xml:lang="hi" id="label_AddressOfLawFirmStreetName">कानूनी फर्म का पता, सड़क का नाम </link:label>
    <link:labelArc xlink:type="arc" xlink:arcrole="http://www.xbrl.org/2003/arcrole/concept-label" xlink:from="AddressOfLawFirmStreetName" xlink:to="label_AddressOfLawFirmStreetName" xlink:title="label: AddressOfLawFirmStreetName to label_AddressOfLawFirmStreetName"/>
    <link:loc xlink:type="locator" xlink:href="gsd.xsd#gsd_AddressOfLawFirmStreetBuildingIdentifier" xlink:label="AddressOfLawFirmStreetBuildingIdentifier" xlink:title="AddressOfLawFirmStreetBuildingIdentifier"/>
    <link:label xlink:type="resource" xlink:label="label_AddressOfLawFirmStreetBuildingIdentifier" xlink:role="http://www.xbrl.org/2003/role/label" xlink:title="label_AddressOfLawFirmStreetBuildingIdentifier" xml:lang="hi" id="label_AddressOfLawFirmStreetBuildingIdentifier">कानूनी फर्म का पता,  सड़क का नाम और भवन संख्या </link:label>
    <link:labelArc xlink:type="arc" xlink:arcrole="http://www.xbrl.org/2003/arcrole/concept-label" xlink:from="AddressOfLawFirmStreetBuildingIdentifier" xlink:to="label_AddressOfLawFirmStreetBuildingIdentifier" xlink:title="label: AddressOfLawFirmStreetBuildingIdentifier to label_AddressOfLawFirmStreetBuildingIdentifier"/>
    <link:loc xlink:type="locator" xlink:href="gsd.xsd#gsd_AddressOfLawFirmPostCodeIdentifier" xlink:label="AddressOfLawFirmPostCodeIdentifier" xlink:title="AddressOfLawFirmPostCodeIdentifier"/>
    <link:label xlink:type="resource" xlink:label="label_AddressOfLawFirmPostCodeIdentifier" xlink:role="http://www.xbrl.org/2003/role/label" xlink:title="label_AddressOfLawFirmPostCodeIdentifier" xml:lang="hi" id="label_AddressOfLawFirmPostCodeIdentifier">कानूनी फर्म का पता,  डाक कोड संख्या </link:label>
    <link:labelArc xlink:type="arc" xlink:arcrole="http://www.xbrl.org/2003/arcrole/concept-label" xlink:from="AddressOfLawFirmPostCodeIdentifier" xlink:to="label_AddressOfLawFirmPostCodeIdentifier" xlink:title="label: AddressOfLawFirmPostCodeIdentifier to label_AddressOfLawFirmPostCodeIdentifier"/>
    <link:loc xlink:type="locator" xlink:href="gsd.xsd#gsd_AddressOfLawFirmDistrictName" xlink:label="AddressOfLawFirmDistrictName" xlink:title="AddressOfLawFirmDistrictName"/>
    <link:label xlink:type="resource" xlink:label="label_AddressOfLawFirmDistrictName" xlink:role="http://www.xbrl.org/2003/role/label" xlink:title="label_AddressOfLawFirmDistrictName" xml:lang="hi" id="label_AddressOfLawFirmDistrictName">कानूनी फर्म का पता, जिले का नाम </link:label>
    <link:labelArc xlink:type="arc" xlink:arcrole="http://www.xbrl.org/2003/arcrole/concept-label" xlink:from="AddressOfLawFirmDistrictName" xlink:to="label_AddressOfLawFirmDistrictName" xlink:title="label: AddressOfLawFirmDistrictName to label_AddressOfLawFirmDistrictName"/>
    <link:loc xlink:type="locator" xlink:href="gsd.xsd#gsd_DetailsOnLiquidatorAbstract" xlink:label="DetailsOnLiquidatorAbstract" xlink:title="DetailsOnLiquidatorAbstract"/>
    <link:label xlink:type="resource" xlink:label="label_DetailsOnLiquidatorAbstract" xlink:role="http://www.xbrl.org/2003/role/label" xlink:title="label_DetailsOnLiquidatorAbstract" xml:lang="hi" id="label_DetailsOnLiquidatorAbstract">परिसमापक पर विवरण</link:label>
    <link:labelArc xlink:type="arc" xlink:arcrole="http://www.xbrl.org/2003/arcrole/concept-label" xlink:from="DetailsOnLiquidatorAbstract" xlink:to="label_DetailsOnLiquidatorAbstract" xlink:title="label: DetailsOnLiquidatorAbstract to label_DetailsOnLiquidatorAbstract"/>
    <link:loc xlink:type="locator" xlink:href="gsd.xsd#gsd_DetailsOnLiquidatorHypercube" xlink:label="DetailsOnLiquidatorHypercube" xlink:title="DetailsOnLiquidatorHypercube"/>
    <link:label xlink:type="resource" xlink:label="label_DetailsOnLiquidatorHypercube" xlink:role="http://www.xbrl.org/2003/role/label" xlink:title="label_DetailsOnLiquidatorHypercube" xml:lang="hi" id="label_DetailsOnLiquidatorHypercube">परिसमापक पर सूचना</link:label>
    <link:labelArc xlink:type="arc" xlink:arcrole="http://www.xbrl.org/2003/arcrole/concept-label" xlink:from="DetailsOnLiquidatorHypercube" xlink:to="label_DetailsOnLiquidatorHypercube" xlink:title="label: DetailsOnLiquidatorHypercube to label_DetailsOnLiquidatorHypercube"/>
    <link:loc xlink:type="locator" xlink:href="gsd.xsd#gsd_InformationOnLiquidatorAbstract" xlink:label="InformationOnLiquidatorAbstract" xlink:title="InformationOnLiquidatorAbstract"/>
    <link:label xlink:type="resource" xlink:label="label_InformationOnLiquidatorAbstract" xlink:role="http://www.xbrl.org/2003/role/label" xlink:title="label_InformationOnLiquidatorAbstract" xml:lang="hi" id="label_InformationOnLiquidatorAbstract">परिसमापक पर सूचना</link:label>
    <link:labelArc xlink:type="arc" xlink:arcrole="http://www.xbrl.org/2003/arcrole/concept-label" xlink:from="InformationOnLiquidatorAbstract" xlink:to="label_InformationOnLiquidatorAbstract" xlink:title="label: InformationOnLiquidatorAbstract to label_InformationOnLiquidatorAbstract"/>
    <link:loc xlink:type="locator" xlink:href="gsd.xsd#gsd_DetailsOnSecondaryNameOfReportingEntityHypercube" xlink:label="DetailsOnSecondaryNameOfReportingEntityHypercube" xlink:title="DetailsOnSecondaryNameOfReportingEntityHypercube"/>
    <link:label xlink:type="resource" xlink:label="label_DetailsOnSecondaryNameOfReportingEntityHypercube" xlink:role="http://www.xbrl.org/2003/role/label" xlink:title="label_DetailsOnSecondaryNameOfReportingEntityHypercube" xml:lang="hi" id="label_DetailsOnSecondaryNameOfReportingEntityHypercube">रिपोर्टिंग संस्था के दूसरे नाम पर सूचना</link:label>
    <link:labelArc xlink:type="arc" xlink:arcrole="http://www.xbrl.org/2003/arcrole/concept-label" xlink:from="DetailsOnSecondaryNameOfReportingEntityHypercube" xlink:to="label_DetailsOnSecondaryNameOfReportingEntityHypercube" xlink:title="label: DetailsOnSecondaryNameOfReportingEntityHypercube to label_DetailsOnSecondaryNameOfReportingEntityHypercube"/>
    <link:loc xlink:type="locator" xlink:href="gsd.xsd#gsd_DetailsOnSecondaryNameOfReportingEntityAbstract" xlink:label="DetailsOnSecondaryNameOfReportingEntityAbstract" xlink:title="DetailsOnSecondaryNameOfReportingEntityAbstract"/>
    <link:label xlink:type="resource" xlink:label="label_DetailsOnSecondaryNameOfReportingEntityAbstract" xlink:role="http://www.xbrl.org/2003/role/label" xlink:title="label_DetailsOnSecondaryNameOfReportingEntityAbstract" xml:lang="hi" id="label_DetailsOnSecondaryNameOfReportingEntityAbstract">रिपोर्टिंग संस्था के दूसरे नाम पर ब्यौरा</link:label>
    <link:labelArc xlink:type="arc" xlink:arcrole="http://www.xbrl.org/2003/arcrole/concept-label" xlink:from="DetailsOnSecondaryNameOfReportingEntityAbstract" xlink:to="label_DetailsOnSecondaryNameOfReportingEntityAbstract" xlink:title="label: DetailsOnSecondaryNameOfReportingEntityAbstract to label_DetailsOnSecondaryNameOfReportingEntityAbstract"/>
    <link:loc xlink:type="locator" xlink:href="gsd.xsd#gsd_SecondaryNameOfReportingEntity" xlink:label="SecondaryNameOfReportingEntity" xlink:title="SecondaryNameOfReportingEntity"/>
    <link:label xlink:type="resource" xlink:label="label_SecondaryNameOfReportingEntity" xlink:role="http://www.xbrl.org/2003/role/label" xlink:title="label_SecondaryNameOfReportingEntity" xml:lang="hi" id="label_SecondaryNameOfReportingEntity">रिपोर्टिंग संस्था का दूसरा नाम</link:label>
    <link:labelArc xlink:type="arc" xlink:arcrole="http://www.xbrl.org/2003/arcrole/concept-label" xlink:from="SecondaryNameOfReportingEntity" xlink:to="label_SecondaryNameOfReportingEntity" xlink:title="label: SecondaryNameOfReportingEntity to label_SecondaryNameOfReportingEntity"/>
    <link:loc xlink:type="locator" xlink:href="gsd.xsd#gsd_ReportingPeriodNumber" xlink:label="ReportingPeriodNumber" xlink:title="ReportingPeriodNumber"/>
    <link:label xlink:type="resource" xlink:label="label_ReportingPeriodNumber" xlink:role="http://www.xbrl.org/2003/role/label" xlink:title="label_ReportingPeriodNumber" xml:lang="hi" id="label_ReportingPeriodNumber">रिपोर्टिंग अवधि, संख्या</link:label>
    <link:labelArc xlink:type="arc" xlink:arcrole="http://www.xbrl.org/2003/arcrole/concept-label" xlink:from="ReportingPeriodNumber" xlink:to="label_ReportingPeriodNumber" xlink:title="label: ReportingPeriodNumber to label_ReportingPeriodNumber"/>
    <link:loc xlink:type="locator" xlink:href="gsd.xsd#gsd_PrecedingReportingPeriodStartDate" xlink:label="PrecedingReportingPeriodStartDate" xlink:title="PrecedingReportingPeriodStartDate"/>
    <link:label xlink:type="resource" xlink:label="label_PrecedingReportingPeriodStartDate_8" xlink:role="http://www.xbrl.org/2003/role/label" xlink:title="label_PrecedingReportingPeriodStartDate" xml:lang="hi" id="label_PrecedingReportingPeriodStartDate_8">पूर्ववर्ती समीक्षाधीन (रिपोर्टिंग) अवधि शुरू करने की तारीख</link:label>
    <link:labelArc xlink:type="arc" xlink:arcrole="http://www.xbrl.org/2003/arcrole/concept-label" xlink:from="PrecedingReportingPeriodStartDate" xlink:to="label_PrecedingReportingPeriodStartDate_8" xlink:title="label: PrecedingReportingPeriodStartDate to label_PrecedingReportingPeriodStartDate"/>
    <link:loc xlink:type="locator" xlink:href="gsd.xsd#gsd_PredingReportingPeriodEndDate" xlink:label="PredingReportingPeriodEndDate" xlink:title="PredingReportingPeriodEndDate"/>
    <link:label xlink:type="resource" xlink:label="label_PredingReportingPeriodEndDate_8" xlink:role="http://www.xbrl.org/2003/role/label" xlink:title="label_PredingReportingPeriodEndDate" xml:lang="hi" id="label_PredingReportingPeriodEndDate_8">पूर्ववर्ती समीक्षाधीन (रिपोर्टिंग) अवधि के अंत की तारीख</link:label>
    <link:labelArc xlink:type="arc" xlink:arcrole="http://www.xbrl.org/2003/arcrole/concept-label" xlink:from="PredingReportingPeriodEndDate" xlink:to="label_PredingReportingPeriodEndDate_8" xlink:title="label: PredingReportingPeriodEndDate to label_PredingReportingPeriodEndDate"/>
    <link:loc xlink:type="locator" xlink:href="gsd.xsd#gsd_TypeOfReportingPeriodDimension" xlink:label="TypeOfReportingPeriodDimension" xlink:title="TypeOfReportingPeriodDimension"/>
    <link:label xlink:type="resource" xlink:label="label_TypeOfReportingPeriodDimension_8" xlink:role="http://www.xbrl.org/2003/role/label" xlink:title="label_TypeOfReportingPeriodDimension" xml:lang="hi" id="label_TypeOfReportingPeriodDimension_8">समीक्षाधीन (रिपोर्टिंग) अवधि के प्रकार</link:label>
    <link:labelArc xlink:type="arc" xlink:arcrole="http://www.xbrl.org/2003/arcrole/concept-label" xlink:from="TypeOfReportingPeriodDimension" xlink:to="label_TypeOfReportingPeriodDimension_8" xlink:title="label: TypeOfReportingPeriodDimension to label_TypeOfReportingPeriodDimension"/>
    <link:loc xlink:type="locator" xlink:href="gsd.xsd#gsd_AllReportingPeriodsMember" xlink:label="AllReportingPeriodsMember" xlink:title="AllReportingPeriodsMember"/>
    <link:label xlink:type="resource" xlink:label="label_AllReportingPeriodsMember_8" xlink:role="http://www.xbrl.org/2003/role/label" xlink:title="label_AllReportingPeriodsMember" xml:lang="hi" id="label_AllReportingPeriodsMember_8">सभी समीक्षाधीन (रिपोर्टिंग) अवधियों</link:label>
    <link:labelArc xlink:type="arc" xlink:arcrole="http://www.xbrl.org/2003/arcrole/concept-label" xlink:from="AllReportingPeriodsMember" xlink:to="label_AllReportingPeriodsMember_8" xlink:title="label: AllReportingPeriodsMember to label_AllReportingPeriodsMember"/>
    <link:loc xlink:type="locator" xlink:href="gsd.xsd#gsd_RegisteredReportingPeriodDeviatingFromReportedReportingPeriodDueArbitraryDatesMember" xlink:label="RegisteredReportingPeriodDeviatingFromReportedReportingPeriodDueArbitraryDatesMember" xlink:title="RegisteredReportingPeriodDeviatingFromReportedReportingPeriodDueArbitraryDatesMember"/>
    <link:label xlink:type="resource" xlink:label="label_RegisteredReportingPeriodDeviatingFromReportedReportingPeriodDueArbitraryDatesMember_8" xlink:role="http://www.xbrl.org/2003/role/label" xlink:title="label_RegisteredReportingPeriodDeviatingFromReportedReportingPeriodDueArbitraryDatesMember" xml:lang="hi" id="label_RegisteredReportingPeriodDeviatingFromReportedReportingPeriodDueArbitraryDatesMember_8">पंजीकृत समीक्षाधीन (रिपोर्टिंग) अवधि,  सूचित समीक्षाधीन अवधि से हटके, की मनमानी देय तारीखें</link:label>
    <link:labelArc xlink:type="arc" xlink:arcrole="http://www.xbrl.org/2003/arcrole/concept-label" xlink:from="RegisteredReportingPeriodDeviatingFromReportedReportingPeriodDueArbitraryDatesMember" xlink:to="label_RegisteredReportingPeriodDeviatingFromReportedReportingPeriodDueArbitraryDatesMember_8" xlink:title="label: RegisteredReportingPeriodDeviatingFromReportedReportingPeriodDueArbitraryDatesMember to label_RegisteredReportingPeriodDeviatingFromReportedReportingPeriodDueArbitraryDatesMember"/>
    <link:loc xlink:type="locator" xlink:href="gsd.xsd#gsd_DetailsOnReportingPeriodHypercube" xlink:label="DetailsOnReportingPeriodHypercube" xlink:title="DetailsOnReportingPeriodHypercube"/>
    <link:label xlink:type="resource" xlink:label="label_DetailsOnReportingPeriodHypercube_8" xlink:role="http://www.xbrl.org/2003/role/label" xlink:title="label_DetailsOnReportingPeriodHypercube" xml:lang="hi" id="label_DetailsOnReportingPeriodHypercube_8">समीक्षाधीन (रिपोर्टिंग) अवधि के बारे में जानकारी</link:label>
    <link:labelArc xlink:type="arc" xlink:arcrole="http://www.xbrl.org/2003/arcrole/concept-label" xlink:from="DetailsOnReportingPeriodHypercube" xlink:to="label_DetailsOnReportingPeriodHypercube_8" xlink:title="label: DetailsOnReportingPeriodHypercube to label_DetailsOnReportingPeriodHypercube"/>
    <link:loc xlink:type="locator" xlink:href="gsd.xsd#gsd_DetailsOnReportingPeriodAbstract" xlink:label="DetailsOnReportingPeriodAbstract" xlink:title="DetailsOnReportingPeriodAbstract"/>
    <link:label xlink:type="resource" xlink:label="label_DetailsOnReportingPeriodAbstract_8" xlink:role="http://www.xbrl.org/2003/role/label" xlink:title="label_DetailsOnReportingPeriodAbstract" xml:lang="hi" id="label_DetailsOnReportingPeriodAbstract_8">समीक्षाधीन (रिपोर्टिंग) अवधि पर ब्यौरा</link:label>
    <link:labelArc xlink:type="arc" xlink:arcrole="http://www.xbrl.org/2003/arcrole/concept-label" xlink:from="DetailsOnReportingPeriodAbstract" xlink:to="label_DetailsOnReportingPeriodAbstract_8" xlink:title="label: DetailsOnReportingPeriodAbstract to label_DetailsOnReportingPeriodAbstract"/>
    <link:loc xlink:type="locator" xlink:href="gsd.xsd#gsd_InformationOnReportingPeriodAbstract" xlink:label="InformationOnReportingPeriodAbstract" xlink:title="InformationOnReportingPeriodAbstract"/>
    <link:label xlink:type="resource" xlink:label="label_InformationOnReportingPeriodAbstract_8" xlink:role="http://www.xbrl.org/2003/role/label" xlink:title="label_InformationOnReportingPeriodAbstract" xml:lang="hi" id="label_InformationOnReportingPeriodAbstract_8">समीक्षाधीन (रिपोर्टिंग) अवधि के बारे में जानकारी</link:label>
    <link:labelArc xlink:type="arc" xlink:arcrole="http://www.xbrl.org/2003/arcrole/concept-label" xlink:from="InformationOnReportingPeriodAbstract" xlink:to="label_InformationOnReportingPeriodAbstract_8" xlink:title="label: InformationOnReportingPeriodAbstract to label_InformationOnReportingPeriodAbstract"/>
  </link:labelLink>
</link:linkbase>
