<?xml version="1.0" encoding="UTF-8"?>
<?officialURI http://archprod.service.eogs.dk/taxonomy/20141220/mrv/full_mrv/mrv_200.NN_2014-12-20/pre_mrv_2014-12-20_role-200.NN.xml?>
<?taxonomy-version 0.2.0?>

<link:linkbase xmlns:xsi="http://www.w3.org/2001/XMLSchema-instance" xsi:schemaLocation="http://www.xbrl.org/2003/linkbase http://www.xbrl.org/2003/xbrl-linkbase-2003-12-31.xsd" xmlns:link="http://www.xbrl.org/2003/linkbase" xmlns:xbrli="http://www.xbrl.org/2003/instance" xmlns:xlink="http://www.w3.org/1999/xlink">
  <link:roleRef roleURI="http://xbrl.dcca.dk/role/200.00/ManagementsReview" xlink:type="simple" xlink:href="rol_mrv_200.NN_2014-12-20.xsd#mrv_20000_ManagementsReview"/>
  <link:presentationLink xlink:type="extended" xlink:role="http://xbrl.dcca.dk/role/200.00/ManagementsReview">
    <link:loc xlink:type="locator" xlink:href="../../mrv-core_2014-12-20.xsd#mrv_ManagementsReview" xlink:label="ManagementsReview"/>
    <link:loc xlink:type="locator" xlink:href="../../mrv-core_2014-12-20.xsd#mrv_DescriptionOfPrimaryActivitiesOfEntity" xlink:label="DescriptionOfPrimaryActivitiesOfEntity"/>
    <link:presentationArc xlink:type="arc" xlink:arcrole="http://www.xbrl.org/2003/arcrole/parent-child" xlink:from="ManagementsReview" xlink:to="DescriptionOfPrimaryActivitiesOfEntity" order="2.0"/>
    <link:loc xlink:type="locator" xlink:href="../../mrv-core_2014-12-20.xsd#mrv_DescriptionOfAnyUncertaintyConnectedWithRecognitionOrMeasurement" xlink:label="DescriptionOfAnyUncertaintyConnectedWithRecognitionOrMeasurement"/>
    <link:presentationArc xlink:type="arc" xlink:arcrole="http://www.xbrl.org/2003/arcrole/parent-child" xlink:from="ManagementsReview" xlink:to="DescriptionOfAnyUncertaintyConnectedWithRecognitionOrMeasurement" order="3.0"/>
    <link:loc xlink:type="locator" xlink:href="../../mrv-core_2014-12-20.xsd#mrv_DescriptionOfAnyUnusualMattersAffectingRecognitionOrMeasurement" xlink:label="DescriptionOfAnyUnusualMattersAffectingRecognitionOrMeasurement"/>
    <link:presentationArc xlink:type="arc" xlink:arcrole="http://www.xbrl.org/2003/arcrole/parent-child" xlink:from="ManagementsReview" xlink:to="DescriptionOfAnyUnusualMattersAffectingRecognitionOrMeasurement" order="4.0"/>
    <link:loc xlink:type="locator" xlink:href="../../mrv-core_2014-12-20.xsd#mrv_DescriptionOfDevelopmentInActivitiesAndFinancialAffairs" xlink:label="DescriptionOfDevelopmentInActivitiesAndFinancialAffairs"/>
    <link:presentationArc xlink:type="arc" xlink:arcrole="http://www.xbrl.org/2003/arcrole/parent-child" xlink:from="ManagementsReview" xlink:to="DescriptionOfDevelopmentInActivitiesAndFinancialAffairs" order="5.0"/>
    <link:loc xlink:type="locator" xlink:href="../../mrv-core_2014-12-20.xsd#mrv_DescriptionOfNon-FinancialFactorsRelevantToSpecificActivities" xlink:label="DescriptionOfNon-FinancialFactorsRelevantToSpecificActivities"/>
    <link:presentationArc xlink:type="arc" xlink:arcrole="http://www.xbrl.org/2003/arcrole/parent-child" xlink:from="DescriptionOfDevelopmentInActivitiesAndFinancialAffairs" xlink:to="DescriptionOfNon-FinancialFactorsRelevantToSpecificActivities" order="1.0"/>
    <link:loc xlink:type="locator" xlink:href="../../mrv-core_2014-12-20.xsd#mrv_DescriptionOfEnvironmentalMatters" xlink:label="DescriptionOfEnvironmentalMatters"/>
    <link:presentationArc xlink:type="arc" xlink:arcrole="http://www.xbrl.org/2003/arcrole/parent-child" xlink:from="DescriptionOfNon-FinancialFactorsRelevantToSpecificActivities" xlink:to="DescriptionOfEnvironmentalMatters" order="1.0"/>
    <link:loc xlink:type="locator" xlink:href="../../mrv-core_2014-12-20.xsd#mrv_DescriptionOfSignificantEventsOccurringAfterEndOfReportingPeriod" xlink:label="DescriptionOfSignificantEventsOccurringAfterEndOfReportingPeriod"/>
    <link:presentationArc xlink:type="arc" xlink:arcrole="http://www.xbrl.org/2003/arcrole/parent-child" xlink:from="ManagementsReview" xlink:to="DescriptionOfSignificantEventsOccurringAfterEndOfReportingPeriod" order="6.0"/>
    <link:loc xlink:type="locator" xlink:href="../../mrv-core_2014-12-20.xsd#mrv_DescriptionOfExpectedDevelopment" xlink:label="DescriptionOfExpectedDevelopment"/>
    <link:presentationArc xlink:type="arc" xlink:arcrole="http://www.xbrl.org/2003/arcrole/parent-child" xlink:from="ManagementsReview" xlink:to="DescriptionOfExpectedDevelopment" order="7.0"/>
    <link:loc xlink:type="locator" xlink:href="../../mrv-core_2014-12-20.xsd#mrv_DescriptionOfAssumedSpecificPrerequisitesAndUncertainFactorsForAssessmentOfExpectedDevelopment" xlink:label="DescriptionOfAssumedSpecificPrerequisitesAndUncertainFactorsForAssessmentOfExpectedDevelopment"/>
    <link:presentationArc xlink:type="arc" xlink:arcrole="http://www.xbrl.org/2003/arcrole/parent-child" xlink:from="DescriptionOfExpectedDevelopment" xlink:to="DescriptionOfAssumedSpecificPrerequisitesAndUncertainFactorsForAssessmentOfExpectedDevelopment" order="1.0"/>
    <link:loc xlink:type="locator" xlink:href="../../mrv-core_2014-12-20.xsd#mrv_DescriptionOfKnowledgeResources" xlink:label="DescriptionOfKnowledgeResources"/>
    <link:presentationArc xlink:type="arc" xlink:arcrole="http://www.xbrl.org/2003/arcrole/parent-child" xlink:from="ManagementsReview" xlink:to="DescriptionOfKnowledgeResources" order="8.0"/>
    <link:loc xlink:type="locator" xlink:href="../../mrv-core_2014-12-20.xsd#mrv_DescriptionOfSpecificRisksInAdditionToCommonlyOccurringHazardsInIndustry" xlink:label="DescriptionOfSpecificRisksInAdditionToCommonlyOccurringHazardsInIndustry"/>
    <link:presentationArc xlink:type="arc" xlink:arcrole="http://www.xbrl.org/2003/arcrole/parent-child" xlink:from="ManagementsReview" xlink:to="DescriptionOfSpecificRisksInAdditionToCommonlyOccurringHazardsInIndustry" order="9.0"/>
    <link:loc xlink:type="locator" xlink:href="../../mrv-core_2014-12-20.xsd#mrv_DescriptionOfImpactOnExternalEnvironmentAndMeasuresOfPreventingReducingOrMitigatingDamage" xlink:label="DescriptionOfImpactOnExternalEnvironmentAndMeasuresOfPreventingReducingOrMitigatingDamage"/>
    <link:presentationArc xlink:type="arc" xlink:arcrole="http://www.xbrl.org/2003/arcrole/parent-child" xlink:from="ManagementsReview" xlink:to="DescriptionOfImpactOnExternalEnvironmentAndMeasuresOfPreventingReducingOrMitigatingDamage" order="10.0"/>
    <link:loc xlink:type="locator" xlink:href="../../mrv-core_2014-12-20.xsd#mrv_DescriptionOfResearchAndDevelopmentActivitiesInAndForReportingEntity" xlink:label="DescriptionOfResearchAndDevelopmentActivitiesInAndForReportingEntity"/>
    <link:presentationArc xlink:type="arc" xlink:arcrole="http://www.xbrl.org/2003/arcrole/parent-child" xlink:from="ManagementsReview" xlink:to="DescriptionOfResearchAndDevelopmentActivitiesInAndForReportingEntity" order="11.0"/>
    <link:loc xlink:type="locator" xlink:href="../../mrv-core_2014-12-20.xsd#mrv_DescriptionOfGroupRelations" xlink:label="DescriptionOfGroupRelations"/>
    <link:presentationArc xlink:type="arc" xlink:arcrole="http://www.xbrl.org/2003/arcrole/parent-child" xlink:from="ManagementsReview" xlink:to="DescriptionOfGroupRelations" order="12.0"/>
    <link:loc xlink:type="locator" xlink:href="../../mrv-core_2014-12-20.xsd#mrv_DescriptionOfBranchesAbroad" xlink:label="DescriptionOfBranchesAbroad"/>
    <link:presentationArc xlink:type="arc" xlink:arcrole="http://www.xbrl.org/2003/arcrole/parent-child" xlink:from="ManagementsReview" xlink:to="DescriptionOfBranchesAbroad" order="13.0"/>
    <link:loc xlink:type="locator" xlink:href="../../mrv-core_2014-12-20.xsd#mrv_DescriptionOfEmployeeMatters" xlink:label="DescriptionOfEmployeeMatters"/>
    <link:presentationArc xlink:type="arc" xlink:arcrole="http://www.xbrl.org/2003/arcrole/parent-child" xlink:from="ManagementsReview" xlink:to="DescriptionOfEmployeeMatters" order="14.0"/>
    <link:loc xlink:type="locator" xlink:href="../../mrv-core_2014-12-20.xsd#mrv_DescriptionOfNetProfitRelationToExpectedDevelopmentAssumedInPreviousReport" xlink:label="DescriptionOfNetProfitRelationToExpectedDevelopmentAssumedInPreviousReport"/>
    <link:presentationArc xlink:type="arc" xlink:arcrole="http://www.xbrl.org/2003/arcrole/parent-child" xlink:from="ManagementsReview" xlink:to="DescriptionOfNetProfitRelationToExpectedDevelopmentAssumedInPreviousReport" order="15.0"/>
    <link:loc xlink:type="locator" xlink:href="../../mrv-core_2014-12-20.xsd#mrv_RetrospectiveInformationFromLastFiveYearsAbstract" xlink:label="RetrospectiveInformationFromLastFiveYearsAbstract"/>
    <link:presentationArc xlink:type="arc" xlink:arcrole="http://www.xbrl.org/2003/arcrole/parent-child" xlink:from="ManagementsReview" xlink:to="RetrospectiveInformationFromLastFiveYearsAbstract" order="16.0"/>
    <link:loc xlink:type="locator" xlink:href="../../mrv-core_2014-12-20.xsd#mrv_InformationOnCalculationOfKeyFiguresAndFinancialRatios" xlink:label="InformationOnCalculationOfKeyFiguresAndFinancialRatios"/>
    <link:presentationArc xlink:type="arc" xlink:arcrole="http://www.xbrl.org/2003/arcrole/parent-child" xlink:from="RetrospectiveInformationFromLastFiveYearsAbstract" xlink:to="InformationOnCalculationOfKeyFiguresAndFinancialRatios" order="1.0"/>
    <link:loc xlink:type="locator" xlink:href="../../mrv-core_2014-12-20.xsd#mrv_DescriptionOfKeyFiguresAndFinancialRatios" xlink:label="DescriptionOfKeyFiguresAndFinancialRatios"/>
    <link:presentationArc xlink:type="arc" xlink:arcrole="http://www.xbrl.org/2003/arcrole/parent-child" xlink:from="RetrospectiveInformationFromLastFiveYearsAbstract" xlink:to="DescriptionOfKeyFiguresAndFinancialRatios" order="2.0"/>
    <link:loc xlink:type="locator" xlink:href="../../mrv-core_2014-12-20.xsd#mrv_DetailsOnKeyFiguresAndFinancialRatiosAbstract" xlink:label="DetailsOnKeyFiguresAndFinancialRatiosAbstract"/>
    <link:presentationArc xlink:type="arc" xlink:arcrole="http://www.xbrl.org/2003/arcrole/parent-child" xlink:from="DescriptionOfKeyFiguresAndFinancialRatios" xlink:to="DetailsOnKeyFiguresAndFinancialRatiosAbstract" order="1.0"/>
    <link:loc xlink:type="locator" xlink:href="../../mrv-core_2014-12-20.xsd#mrv_DetailsOnKeyFiguresAndFinancialRatiosHypercube" xlink:label="DetailsOnKeyFiguresAndFinancialRatiosHypercube"/>
    <link:presentationArc xlink:type="arc" xlink:arcrole="http://www.xbrl.org/2003/arcrole/parent-child" xlink:from="DetailsOnKeyFiguresAndFinancialRatiosAbstract" xlink:to="DetailsOnKeyFiguresAndFinancialRatiosHypercube" order="1.0"/>
    <link:loc xlink:type="locator" xlink:href="../../../cmn.xsd#cmn_RetrospectiveInformationAxis" xlink:label="RetrospectiveInformationAxis"/>
    <link:presentationArc xlink:type="arc" xlink:arcrole="http://www.xbrl.org/2003/arcrole/parent-child" xlink:from="DetailsOnKeyFiguresAndFinancialRatiosHypercube" xlink:to="RetrospectiveInformationAxis" order="1.0"/>
    <link:loc xlink:type="locator" xlink:href="../../../cmn.xsd#cmn_CurrentYearMember" xlink:label="CurrentYearMember"/>
    <link:presentationArc xlink:type="arc" xlink:arcrole="http://www.xbrl.org/2003/arcrole/parent-child" xlink:from="RetrospectiveInformationAxis" xlink:to="CurrentYearMember" order="1.0"/>
    <link:loc xlink:type="locator" xlink:href="../../../cmn.xsd#cmn_PreviousYearMember" xlink:label="PreviousYearMember"/>
    <link:presentationArc xlink:type="arc" xlink:arcrole="http://www.xbrl.org/2003/arcrole/parent-child" xlink:from="RetrospectiveInformationAxis" xlink:to="PreviousYearMember" order="2.0"/>
    <link:loc xlink:type="locator" xlink:href="../../../cmn.xsd#cmn_TwoYearsAgoMember" xlink:label="TwoYearsAgoMember"/>
    <link:presentationArc xlink:type="arc" xlink:arcrole="http://www.xbrl.org/2003/arcrole/parent-child" xlink:from="RetrospectiveInformationAxis" xlink:to="TwoYearsAgoMember" order="3.0"/>
    <link:loc xlink:type="locator" xlink:href="../../../cmn.xsd#cmn_ThreeYearsAgoMember" xlink:label="ThreeYearsAgoMember"/>
    <link:presentationArc xlink:type="arc" xlink:arcrole="http://www.xbrl.org/2003/arcrole/parent-child" xlink:from="RetrospectiveInformationAxis" xlink:to="ThreeYearsAgoMember" order="4.0"/>
    <link:loc xlink:type="locator" xlink:href="../../../cmn.xsd#cmn_FourYearsAgoMember" xlink:label="FourYearsAgoMember"/>
    <link:presentationArc xlink:type="arc" xlink:arcrole="http://www.xbrl.org/2003/arcrole/parent-child" xlink:from="RetrospectiveInformationAxis" xlink:to="FourYearsAgoMember" order="5.0"/>
    <link:loc xlink:type="locator" xlink:href="../../mrv-core_2014-12-20.xsd#mrv_GrossMargin" xlink:label="GrossMargin"/>
    <link:presentationArc xlink:type="arc" xlink:arcrole="http://www.xbrl.org/2003/arcrole/parent-child" xlink:from="DetailsOnKeyFiguresAndFinancialRatiosAbstract" xlink:to="GrossMargin" order="2.0"/>
    <link:loc xlink:type="locator" xlink:href="../../mrv-core_2014-12-20.xsd#mrv_OperatingMargin" xlink:label="OperatingMargin"/>
    <link:presentationArc xlink:type="arc" xlink:arcrole="http://www.xbrl.org/2003/arcrole/parent-child" xlink:from="DetailsOnKeyFiguresAndFinancialRatiosAbstract" xlink:to="OperatingMargin" order="3.0"/>
    <link:loc xlink:type="locator" xlink:href="../../mrv-core_2014-12-20.xsd#mrv_ReturnOnCapitalEmployed" xlink:label="ReturnOnCapitalEmployed"/>
    <link:presentationArc xlink:type="arc" xlink:arcrole="http://www.xbrl.org/2003/arcrole/parent-child" xlink:from="DetailsOnKeyFiguresAndFinancialRatiosAbstract" xlink:to="ReturnOnCapitalEmployed" order="4.0"/>
    <link:loc xlink:type="locator" xlink:href="../../mrv-core_2014-12-20.xsd#mrv_EquityRatio" xlink:label="EquityRatio"/>
    <link:presentationArc xlink:type="arc" xlink:arcrole="http://www.xbrl.org/2003/arcrole/parent-child" xlink:from="DetailsOnKeyFiguresAndFinancialRatiosAbstract" xlink:to="EquityRatio" order="5.0"/>
    <link:loc xlink:type="locator" xlink:href="../../mrv-core_2014-12-20.xsd#mrv_SolvencyRatio" xlink:label="SolvencyRatio"/>
    <link:presentationArc xlink:type="arc" xlink:arcrole="http://www.xbrl.org/2003/arcrole/parent-child" xlink:from="DetailsOnKeyFiguresAndFinancialRatiosAbstract" xlink:to="SolvencyRatio" order="6.0"/>
    <link:loc xlink:type="locator" xlink:href="../../mrv-core_2014-12-20.xsd#mrv_ReturnOnEquity" xlink:label="ReturnOnEquity"/>
    <link:presentationArc xlink:type="arc" xlink:arcrole="http://www.xbrl.org/2003/arcrole/parent-child" xlink:from="DetailsOnKeyFiguresAndFinancialRatiosAbstract" xlink:to="ReturnOnEquity" order="7.0"/>
    <link:loc xlink:type="locator" xlink:href="../../mrv-core_2014-12-20.xsd#mrv_ReturnOnInvestedCapital" xlink:label="ReturnOnInvestedCapital"/>
    <link:presentationArc xlink:type="arc" xlink:arcrole="http://www.xbrl.org/2003/arcrole/parent-child" xlink:from="DetailsOnKeyFiguresAndFinancialRatiosAbstract" xlink:to="ReturnOnInvestedCapital" order="8.0"/>
    <link:loc xlink:type="locator" xlink:href="../../mrv-core_2014-12-20.xsd#mrv_FinancialGearing" xlink:label="FinancialGearing"/>
    <link:presentationArc xlink:type="arc" xlink:arcrole="http://www.xbrl.org/2003/arcrole/parent-child" xlink:from="DetailsOnKeyFiguresAndFinancialRatiosAbstract" xlink:to="FinancialGearing" order="9.0"/>
    <link:loc xlink:type="locator" xlink:href="../../mrv-core_2014-12-20.xsd#mrv_EmployeeTurnover" xlink:label="EmployeeTurnover"/>
    <link:presentationArc xlink:type="arc" xlink:arcrole="http://www.xbrl.org/2003/arcrole/parent-child" xlink:from="DetailsOnKeyFiguresAndFinancialRatiosAbstract" xlink:to="EmployeeTurnover" order="10.0"/>
    <link:loc xlink:type="locator" xlink:href="../../../ifrs/ifrs-dk-cor_2014-12-20.xsd#ifrs-dk_GrossResult" xlink:label="GrossResult"/>
    <link:presentationArc xlink:type="arc" xlink:arcrole="http://www.xbrl.org/2003/arcrole/parent-child" xlink:from="DetailsOnKeyFiguresAndFinancialRatiosAbstract" xlink:to="GrossResult" order="19.0"/>
    <link:loc xlink:type="locator" xlink:href="../../../../full_ifrs-cor_2014-03-05.xsd#ifrs-full_GrossProfit" xlink:label="GrossProfit"/>
    <link:presentationArc xlink:type="arc" xlink:arcrole="http://www.xbrl.org/2003/arcrole/parent-child" xlink:from="DetailsOnKeyFiguresAndFinancialRatiosAbstract" xlink:to="GrossProfit" order="20.0"/>
    <link:loc xlink:type="locator" xlink:href="../../../../full_ifrs-cor_2014-03-05.xsd#ifrs-full_CashFlowsFromUsedInOperatingActivities" xlink:label="CashFlowsFromUsedInOperatingActivities"/>
    <link:presentationArc xlink:type="arc" xlink:arcrole="http://www.xbrl.org/2003/arcrole/parent-child" xlink:from="DetailsOnKeyFiguresAndFinancialRatiosAbstract" xlink:to="CashFlowsFromUsedInOperatingActivities" use="optional" order="21.0"/>
    <link:loc xlink:type="locator" xlink:href="../../../../full_ifrs-cor_2014-03-05.xsd#ifrs-full_CashFlowsFromUsedInInvestingActivities" xlink:label="CashFlowsFromUsedInInvestingActivities"/>
    <link:presentationArc xlink:type="arc" xlink:arcrole="http://www.xbrl.org/2003/arcrole/parent-child" xlink:from="DetailsOnKeyFiguresAndFinancialRatiosAbstract" xlink:to="CashFlowsFromUsedInInvestingActivities" order="22.0"/>
    <link:loc xlink:type="locator" xlink:href="../../../../full_ifrs-cor_2014-03-05.xsd#ifrs-full_CashFlowsFromUsedInFinancingActivities" xlink:label="CashFlowsFromUsedInFinancingActivities"/>
    <link:presentationArc xlink:type="arc" xlink:arcrole="http://www.xbrl.org/2003/arcrole/parent-child" xlink:from="DetailsOnKeyFiguresAndFinancialRatiosAbstract" xlink:to="CashFlowsFromUsedInFinancingActivities" order="23.0"/>
    <link:loc xlink:type="locator" xlink:href="../../../../full_ifrs-cor_2014-03-05.xsd#ifrs-full_Revenue" xlink:label="Revenue"/>
    <link:presentationArc xlink:type="arc" xlink:arcrole="http://www.xbrl.org/2003/arcrole/parent-child" xlink:from="DetailsOnKeyFiguresAndFinancialRatiosAbstract" xlink:to="Revenue" order="11.0"/>
    <link:loc xlink:type="locator" xlink:href="../../../ifrs/ifrs-dk-cor_2014-12-20.xsd#ifrs-dk_ProfitLossFromOrdinaryOperatingActivities" xlink:label="ProfitLossFromOrdinaryOperatingActivities"/>
    <link:presentationArc xlink:type="arc" xlink:arcrole="http://www.xbrl.org/2003/arcrole/parent-child" xlink:from="DetailsOnKeyFiguresAndFinancialRatiosAbstract" xlink:to="ProfitLossFromOrdinaryOperatingActivities" order="12.0"/>
    <link:loc xlink:type="locator" xlink:href="../../../ifrs/ifrs-dk-cor_2014-12-20.xsd#ifrs-dk_ResultsFromNetFinancials" xlink:label="ResultsFromNetFinancials"/>
    <link:presentationArc xlink:type="arc" xlink:arcrole="http://www.xbrl.org/2003/arcrole/parent-child" xlink:from="DetailsOnKeyFiguresAndFinancialRatiosAbstract" xlink:to="ResultsFromNetFinancials" order="13.0"/>
    <link:loc xlink:type="locator" xlink:href="../../../ifrs/ifrs-dk-cor_2014-12-20.xsd#ifrs-dk_ResultsFromExtraordinaryItems" xlink:label="ResultsFromExtraordinaryItems"/>
    <link:presentationArc xlink:type="arc" xlink:arcrole="http://www.xbrl.org/2003/arcrole/parent-child" xlink:from="DetailsOnKeyFiguresAndFinancialRatiosAbstract" xlink:to="ResultsFromExtraordinaryItems" order="14.0"/>
    <link:loc xlink:type="locator" xlink:href="../../../../full_ifrs-cor_2014-03-05.xsd#ifrs-full_ProfitLoss" xlink:label="ProfitLoss"/>
    <link:presentationArc xlink:type="arc" xlink:arcrole="http://www.xbrl.org/2003/arcrole/parent-child" xlink:from="DetailsOnKeyFiguresAndFinancialRatiosAbstract" xlink:to="ProfitLoss" order="15.0"/>
    <link:loc xlink:type="locator" xlink:href="../../../../full_ifrs-cor_2014-03-05.xsd#ifrs-full_Assets" xlink:label="Assets"/>
    <link:presentationArc xlink:type="arc" xlink:arcrole="http://www.xbrl.org/2003/arcrole/parent-child" xlink:from="DetailsOnKeyFiguresAndFinancialRatiosAbstract" xlink:to="Assets" order="16.0"/>
    <link:loc xlink:type="locator" xlink:href="../../../ifrs/ifrs-dk-cor_2014-12-20.xsd#ifrs-dk_InvestmentInPropertyPlantAndEquipment" xlink:label="InvestmentInPropertyPlantAndEquipment"/>
    <link:presentationArc xlink:type="arc" xlink:arcrole="http://www.xbrl.org/2003/arcrole/parent-child" xlink:from="DetailsOnKeyFiguresAndFinancialRatiosAbstract" xlink:to="InvestmentInPropertyPlantAndEquipment" order="17.0"/>
    <link:loc xlink:type="locator" xlink:href="../../../../full_ifrs-cor_2014-03-05.xsd#ifrs-full_Equity" xlink:label="Equity"/>
    <link:presentationArc xlink:type="arc" xlink:arcrole="http://www.xbrl.org/2003/arcrole/parent-child" xlink:from="DetailsOnKeyFiguresAndFinancialRatiosAbstract" xlink:to="Equity" order="18.0"/>
    <link:loc xlink:type="locator" xlink:href="../../../../full_ifrs-cor_2014-03-05.xsd#ifrs-full_AverageNumberOfEmployees" xlink:label="AverageNumberOfEmployees" xlink:title="AverageNumberOfEmployees"/>
    <link:presentationArc xlink:type="arc" xlink:arcrole="http://www.xbrl.org/2003/arcrole/parent-child" xlink:from="DetailsOnKeyFiguresAndFinancialRatiosAbstract" xlink:to="AverageNumberOfEmployees" xlink:title="presentation: DetailsOnKeyFiguresAndFinancialRatiosAbstract to AverageNumberOfEmployees" order="24.0"/>
    <link:loc xlink:type="locator" xlink:href="../../mrv-core_2014-12-20.xsd#mrv_DescriptionOfOtherKeyFiguresAndFinancialRatios" xlink:label="DescriptionOfOtherKeyFiguresAndFinancialRatios"/>
    <link:presentationArc xlink:type="arc" xlink:arcrole="http://www.xbrl.org/2003/arcrole/parent-child" xlink:from="RetrospectiveInformationFromLastFiveYearsAbstract" xlink:to="DescriptionOfOtherKeyFiguresAndFinancialRatios" order="3.0"/>
    <link:loc xlink:type="locator" xlink:href="../../mrv-core_2014-12-20.xsd#mrv_DetailsOnOtherKeyFiguresAndFinancialRatiosAbstract" xlink:label="DetailsOnOtherKeyFiguresAndFinancialRatiosAbstract"/>
    <link:presentationArc xlink:type="arc" xlink:arcrole="http://www.xbrl.org/2003/arcrole/parent-child" xlink:from="DescriptionOfOtherKeyFiguresAndFinancialRatios" xlink:to="DetailsOnOtherKeyFiguresAndFinancialRatiosAbstract" order="1.0"/>
    <link:loc xlink:type="locator" xlink:href="../../mrv-core_2014-12-20.xsd#mrv_DetailsOnOtherKeyFiguresAndFinancialRatiosHypercube" xlink:label="DetailsOnOtherKeyFiguresAndFinancialRatiosHypercube"/>
    <link:presentationArc xlink:type="arc" xlink:arcrole="http://www.xbrl.org/2003/arcrole/parent-child" xlink:from="DetailsOnOtherKeyFiguresAndFinancialRatiosAbstract" xlink:to="DetailsOnOtherKeyFiguresAndFinancialRatiosHypercube" order="1.0"/>
    <link:loc xlink:type="locator" xlink:href="../../mrv-core_2014-12-20.xsd#mrv_IdentificationOfKeyFigureOrFinancialRatioDimension" xlink:label="IdentificationOfKeyFigureOrFinancialRatioDimension"/>
    <link:presentationArc xlink:type="arc" xlink:arcrole="http://www.xbrl.org/2003/arcrole/parent-child" xlink:from="DetailsOnOtherKeyFiguresAndFinancialRatiosHypercube" xlink:to="IdentificationOfKeyFigureOrFinancialRatioDimension" order="1.0"/>
    <link:presentationArc xlink:type="arc" xlink:arcrole="http://www.xbrl.org/2003/arcrole/parent-child" xlink:from="DetailsOnOtherKeyFiguresAndFinancialRatiosHypercube" xlink:to="RetrospectiveInformationAxis" order="2.0"/>
    <link:loc xlink:type="locator" xlink:href="../../mrv-core_2014-12-20.xsd#mrv_NameOfKeyFigureOrFinancialRatio" xlink:label="NameOfKeyFigureOrFinancialRatio"/>
    <link:presentationArc xlink:type="arc" xlink:arcrole="http://www.xbrl.org/2003/arcrole/parent-child" xlink:from="DetailsOnOtherKeyFiguresAndFinancialRatiosAbstract" xlink:to="NameOfKeyFigureOrFinancialRatio" order="2.0"/>
    <link:loc xlink:type="locator" xlink:href="../../mrv-core_2014-12-20.xsd#mrv_ValueOfKeyFigureOrFinancialRatio" xlink:label="ValueOfKeyFigureOrFinancialRatio"/>
    <link:presentationArc xlink:type="arc" xlink:arcrole="http://www.xbrl.org/2003/arcrole/parent-child" xlink:from="DetailsOnOtherKeyFiguresAndFinancialRatiosAbstract" xlink:to="ValueOfKeyFigureOrFinancialRatio" order="3.0"/>
    <link:loc xlink:type="locator" xlink:href="../../mrv-core_2014-12-20.xsd#mrv_DescriptionOfSignificantChangesInBusinessAndEconomicConditions" xlink:label="DescriptionOfSignificantChangesInBusinessAndEconomicConditions"/>
    <link:presentationArc xlink:type="arc" xlink:arcrole="http://www.xbrl.org/2003/arcrole/parent-child" xlink:from="ManagementsReview" xlink:to="DescriptionOfSignificantChangesInBusinessAndEconomicConditions" order="17.0"/>
    <link:loc xlink:type="locator" xlink:href="../../mrv-core_2014-12-20.xsd#mrv_StatementOfCorporateSocialResponsibility" xlink:label="StatementOfCorporateSocialResponsibility"/>
    <link:presentationArc xlink:type="arc" xlink:arcrole="http://www.xbrl.org/2003/arcrole/parent-child" xlink:from="ManagementsReview" xlink:to="StatementOfCorporateSocialResponsibility" order="18.0"/>
    <link:loc xlink:type="locator" xlink:href="../../mrv-core_2014-12-20.xsd#mrv_DescriptionOfPoliciesOnSocialResponsibility" xlink:label="DescriptionOfPoliciesOnSocialResponsibility"/>
    <link:presentationArc xlink:type="arc" xlink:arcrole="http://www.xbrl.org/2003/arcrole/parent-child" xlink:from="StatementOfCorporateSocialResponsibility" xlink:to="DescriptionOfPoliciesOnSocialResponsibility" order="1.0"/>
    <link:loc xlink:type="locator" xlink:href="../../mrv-core_2014-12-20.xsd#mrv_DescriptionOfStandardsGuidelinesAndPrinciplesOfCorporateSocialResponsibility" xlink:label="DescriptionOfStandardsGuidelinesAndPrinciplesOfCorporateSocialResponsibility"/>
    <link:presentationArc xlink:type="arc" xlink:arcrole="http://www.xbrl.org/2003/arcrole/parent-child" xlink:from="DescriptionOfPoliciesOnSocialResponsibility" xlink:to="DescriptionOfStandardsGuidelinesAndPrinciplesOfCorporateSocialResponsibility" order="1.0"/>
    <link:loc xlink:type="locator" xlink:href="../../mrv-core_2014-12-20.xsd#mrv_DescriptionOfTranslatingCorporateSocialResponsibilityPoliciesIntoAction" xlink:label="DescriptionOfTranslatingCorporateSocialResponsibilityPoliciesIntoAction"/>
    <link:presentationArc xlink:type="arc" xlink:arcrole="http://www.xbrl.org/2003/arcrole/parent-child" xlink:from="StatementOfCorporateSocialResponsibility" xlink:to="DescriptionOfTranslatingCorporateSocialResponsibilityPoliciesIntoAction" order="2.0"/>
    <link:loc xlink:type="locator" xlink:href="../../mrv-core_2014-12-20.xsd#mrv_DescriptionOfSystemsAndProceduresOfTranslatingCorporateSocialResponsibilityPoliciesIntoAction" xlink:label="DescriptionOfSystemsAndProceduresOfTranslatingCorporateSocialResponsibilityPoliciesIntoAction"/>
    <link:presentationArc xlink:type="arc" xlink:arcrole="http://www.xbrl.org/2003/arcrole/parent-child" xlink:from="DescriptionOfTranslatingCorporateSocialResponsibilityPoliciesIntoAction" xlink:to="DescriptionOfSystemsAndProceduresOfTranslatingCorporateSocialResponsibilityPoliciesIntoAction" order="1.0"/>
    <link:loc xlink:type="locator" xlink:href="../../mrv-core_2014-12-20.xsd#mrv_DescriptionOfAssessmentOfAchievedResultsOfWorkWithCommunity" xlink:label="DescriptionOfAssessmentOfAchievedResultsOfWorkWithCommunity"/>
    <link:presentationArc xlink:type="arc" xlink:arcrole="http://www.xbrl.org/2003/arcrole/parent-child" xlink:from="StatementOfCorporateSocialResponsibility" xlink:to="DescriptionOfAssessmentOfAchievedResultsOfWorkWithCommunity" order="3.0"/>
    <link:loc xlink:type="locator" xlink:href="../../mrv-core_2014-12-20.xsd#mrv_DescriptionOfExpectationsForFutureWorkWithCommunity" xlink:label="DescriptionOfExpectationsForFutureWorkWithCommunity"/>
    <link:presentationArc xlink:type="arc" xlink:arcrole="http://www.xbrl.org/2003/arcrole/parent-child" xlink:from="StatementOfCorporateSocialResponsibility" xlink:to="DescriptionOfExpectationsForFutureWorkWithCommunity" order="4.0"/>
    <link:loc xlink:type="locator" xlink:href="../../mrv-core_2014-12-20.xsd#mrv_ExplanationThatEntityHasNoPoliciesOnSocialResponsibility" xlink:label="ExplanationThatEntityHasNoPoliciesOnSocialResponsibility"/>
    <link:presentationArc xlink:type="arc" xlink:arcrole="http://www.xbrl.org/2003/arcrole/parent-child" xlink:from="StatementOfCorporateSocialResponsibility" xlink:to="ExplanationThatEntityHasNoPoliciesOnSocialResponsibility" order="5.0"/>
    <link:loc xlink:type="locator" xlink:href="../../mrv-core_2014-12-20.xsd#mrv_LinkToStatementOfCorporateSocialResponsibility" xlink:label="LinkToStatementOfCorporateSocialResponsibility" xlink:title="LinkToStatementOfCorporateSocialResponsibility"/>
    <link:presentationArc xlink:type="arc" xlink:arcrole="http://www.xbrl.org/2003/arcrole/parent-child" xlink:from="StatementOfCorporateSocialResponsibility" xlink:to="LinkToStatementOfCorporateSocialResponsibility" xlink:title="presentation: StatementOfCorporateSocialResponsibility to LinkToStatementOfCorporateSocialResponsibility" order="6.0"/>
    <link:loc xlink:type="locator" xlink:href="../../mrv-core_2014-12-20.xsd#mrv_SupplementaryReports" xlink:label="SupplementaryReports"/>
    <link:presentationArc xlink:type="arc" xlink:arcrole="http://www.xbrl.org/2003/arcrole/parent-child" xlink:from="ManagementsReview" xlink:to="SupplementaryReports" order="30.0"/>
    <link:loc xlink:type="locator" xlink:href="../../mrv-core_2014-12-20.xsd#mrv_DescriptionOfMethodsAndMeasurementBasisUsedForPreparationOfSupplementaryReports" xlink:label="DescriptionOfMethodsAndMeasurementBasisUsedForPreparationOfSupplementaryReports"/>
    <link:presentationArc xlink:type="arc" xlink:arcrole="http://www.xbrl.org/2003/arcrole/parent-child" xlink:from="SupplementaryReports" xlink:to="DescriptionOfMethodsAndMeasurementBasisUsedForPreparationOfSupplementaryReports" order="1.0"/>
    <link:loc xlink:type="locator" xlink:href="../../../cmn.xsd#cmn_CommonTable" xlink:label="CommonTable"/>
    <link:presentationArc xlink:type="arc" xlink:arcrole="http://www.xbrl.org/2003/arcrole/parent-child" xlink:from="ManagementsReview" xlink:to="CommonTable" order="1.0"/>
    <link:loc xlink:type="locator" xlink:href="../../../../full_ifrs-cor_2014-03-05.xsd#ifrs-full_ConsolidatedAndSeparateFinancialStatementsAxis" xlink:label="ConsolidatedAndSeparateFinancialStatementsAxis"/>
    <link:presentationArc xlink:type="arc" xlink:arcrole="http://www.xbrl.org/2003/arcrole/parent-child" xlink:from="CommonTable" xlink:to="ConsolidatedAndSeparateFinancialStatementsAxis" order="1.0"/>
    <link:loc xlink:type="locator" xlink:href="../../../../full_ifrs-cor_2014-03-05.xsd#ifrs-full_ConsolidatedMember" xlink:label="ConsolidatedMember"/>
    <link:presentationArc xlink:type="arc" xlink:arcrole="http://www.xbrl.org/2003/arcrole/parent-child" xlink:from="ConsolidatedAndSeparateFinancialStatementsAxis" xlink:to="ConsolidatedMember" order="1.0"/>
    <link:loc xlink:type="locator" xlink:href="../../../../full_ifrs-cor_2014-03-05.xsd#ifrs-full_SeparateMember" xlink:label="SeparateMember"/>
    <link:presentationArc xlink:type="arc" xlink:arcrole="http://www.xbrl.org/2003/arcrole/parent-child" xlink:from="ConsolidatedAndSeparateFinancialStatementsAxis" xlink:to="SeparateMember" xlink:title="presentation: ConsolidatedAndSeparateFinancialStatementsAxis to SeparateMember" order="2.0"/>
    <link:loc xlink:type="locator" xlink:href="../../mrv-core_2014-12-20.xsd#mrv_CorporateGovernanceReport" xlink:label="CorporateGovernanceReport" xlink:title="CorporateGovernanceReport"/>
    <link:presentationArc xlink:type="arc" xlink:arcrole="http://www.xbrl.org/2003/arcrole/parent-child" xlink:from="ManagementsReview" xlink:to="CorporateGovernanceReport" xlink:title="presentation: ManagementsReview to CorporateGovernanceReport" order="20.0"/>
    <link:loc xlink:type="locator" xlink:href="../../mrv-core_2014-12-20.xsd#mrv_LinkToCorporateGovernanceReport" xlink:label="LinkToCorporateGovernanceReport" xlink:title="LinkToCorporateGovernanceReport"/>
    <link:presentationArc xlink:type="arc" xlink:arcrole="http://www.xbrl.org/2003/arcrole/parent-child" xlink:from="CorporateGovernanceReport" xlink:to="LinkToCorporateGovernanceReport" xlink:title="presentation: CorporateGovernanceReport to LinkToCorporateGovernanceReport" order="1.0"/>
    <link:loc xlink:type="locator" xlink:href="../../mrv-core_2014-12-20.xsd#mrv_StatementOfTargetFiguresAndPoliciesForTheUnderrepresentedGender" xlink:label="StatementOfTargetFiguresAndPoliciesForTheUnderrepresentedGender" xlink:title="StatementOfTargetFiguresAndPoliciesForTheUnderrepresentedGender"/>
    <link:presentationArc xlink:type="arc" xlink:arcrole="http://www.xbrl.org/2003/arcrole/parent-child" xlink:from="ManagementsReview" xlink:to="StatementOfTargetFiguresAndPoliciesForTheUnderrepresentedGender" xlink:title="presentation: ManagementsReview to StatementOfTargetFiguresAndPoliciesForTheUnderrepresentedGender" order="25.0"/>
    <link:loc xlink:type="locator" xlink:href="../../mrv-core_2014-12-20.xsd#mrv_LinkToStatementOfTargetFiguresAndPoliciesForTheUnderrepresentedGender" xlink:label="LinkToStatementOfTargetFiguresAndPoliciesForTheUnderrepresentedGender" xlink:title="LinkToStatementOfTargetFiguresAndPoliciesForTheUnderrepresentedGender"/>
    <link:presentationArc xlink:type="arc" xlink:arcrole="http://www.xbrl.org/2003/arcrole/parent-child" xlink:from="StatementOfTargetFiguresAndPoliciesForTheUnderrepresentedGender" xlink:to="LinkToStatementOfTargetFiguresAndPoliciesForTheUnderrepresentedGender" xlink:title="presentation: StatementOfTargetFiguresAndPoliciesForTheUnderrepresentedGender to LinkToStatementOfTargetFiguresAndPoliciesForTheUnderrepresentedGender" order="1.0"/>
  </link:presentationLink>
</link:linkbase>
