<?xml version="1.0" encoding="UTF-8"?>
<!-- Generated by Fujitsu Interstage XWand B0206 -->
<link:linkbase xmlns:xsi="http://www.w3.org/2001/XMLSchema-instance" xsi:schemaLocation="http://www.xbrl.org/2003/linkbase http://www.xbrl.org/2003/xbrl-linkbase-2003-12-31.xsd" xmlns:link="http://www.xbrl.org/2003/linkbase" xmlns:xbrli="http://www.xbrl.org/2003/instance" xmlns:xlink="http://www.w3.org/1999/xlink">
  <link:labelLink xlink:type="extended" xlink:role="http://www.xbrl.org/2003/role/link">
    <link:loc xlink:type="locator" xlink:href="cmn.xsd#cmn_TypeOfAuditorDimension" xlink:label="copyOfConsolidatedSoloDimension" xlink:title="copyOfConsolidatedSoloDimension"/>
    <link:label xlink:type="resource" xlink:label="label_copyOfConsolidatedSoloDimension" xlink:role="http://www.xbrl.org/2003/role/label" xlink:title="label_copyOfConsolidatedSoloDimension" xml:lang="en" id="label_copyOfConsolidatedSoloDimension">Type of Auditor</link:label>
    <link:labelArc xlink:type="arc" xlink:arcrole="http://www.xbrl.org/2003/arcrole/concept-label" xlink:from="copyOfConsolidatedSoloDimension" xlink:to="label_copyOfConsolidatedSoloDimension" xlink:title="label: copyOfConsolidatedSoloDimension to label_copyOfConsolidatedSoloDimension"/>
    <link:label xlink:type="resource" xlink:label="label_copyOfConsolidatedSoloDimension_2" xlink:role="http://www.xbrl.org/2003/role/label" xlink:title="label_copyOfConsolidatedSoloDimension" xml:lang="da" id="label_copyOfConsolidatedSoloDimension_2">Typer af revisorer</link:label>
    <link:labelArc xlink:type="arc" xlink:arcrole="http://www.xbrl.org/2003/arcrole/concept-label" xlink:from="copyOfConsolidatedSoloDimension" xlink:to="label_copyOfConsolidatedSoloDimension_2" xlink:title="label: copyOfConsolidatedSoloDimension to label_copyOfConsolidatedSoloDimension"/>
    <link:loc xlink:type="locator" xlink:href="cmn.xsd#cmn_AllAuditorsMember" xlink:label="copyOfCurrentYearMember" xlink:title="copyOfCurrentYearMember"/>
    <link:label xlink:type="resource" xlink:label="label_copyOfCurrentYearMember" xlink:role="http://www.xbrl.org/2003/role/label" xlink:title="label_copyOfCurrentYearMember" xml:lang="da" id="label_copyOfCurrentYearMember">Alle revisorer</link:label>
    <link:labelArc xlink:type="arc" xlink:arcrole="http://www.xbrl.org/2003/arcrole/concept-label" xlink:from="copyOfCurrentYearMember" xlink:to="label_copyOfCurrentYearMember" xlink:title="label: copyOfCurrentYearMember to label_copyOfCurrentYearMember"/>
    <link:label xlink:type="resource" xlink:label="label_copyOfCurrentYearMember_2" xlink:role="http://www.xbrl.org/2003/role/label" xlink:title="label_copyOfCurrentYearMember" xml:lang="en" id="label_copyOfCurrentYearMember_2">All auditors</link:label>
    <link:labelArc xlink:type="arc" xlink:arcrole="http://www.xbrl.org/2003/arcrole/concept-label" xlink:from="copyOfCurrentYearMember" xlink:to="label_copyOfCurrentYearMember_2" xlink:title="label: copyOfCurrentYearMember to label_copyOfCurrentYearMember"/>
    <link:loc xlink:type="locator" xlink:href="cmn.xsd#cmn_AuditorNotIncludedInAuditorsReportsMember" xlink:label="copyOfCurrentYearMember2" xlink:title="copyOfCurrentYearMember2"/>
    <link:label xlink:type="resource" xlink:label="label_copyOfCurrentYearMember2" xlink:role="http://www.xbrl.org/2003/role/label" xlink:title="label_copyOfCurrentYearMember2" xml:lang="da" id="label_copyOfCurrentYearMember2">Revisorer der IKKE indgår i [101] revisors erklæringer</link:label>
    <link:labelArc xlink:type="arc" xlink:arcrole="http://www.xbrl.org/2003/arcrole/concept-label" xlink:from="copyOfCurrentYearMember2" xlink:to="label_copyOfCurrentYearMember2" xlink:title="label: copyOfCurrentYearMember2 to label_copyOfCurrentYearMember2"/>
    <link:label xlink:type="resource" xlink:label="label_copyOfCurrentYearMember2_2" xlink:role="http://www.xbrl.org/2003/role/label" xlink:title="label_copyOfCurrentYearMember2" xml:lang="en" id="label_copyOfCurrentYearMember2_2">Auditor NOT included in [101] Auditor's reports</link:label>
    <link:labelArc xlink:type="arc" xlink:arcrole="http://www.xbrl.org/2003/arcrole/concept-label" xlink:from="copyOfCurrentYearMember2" xlink:to="label_copyOfCurrentYearMember2_2" xlink:title="label: copyOfCurrentYearMember2 to label_copyOfCurrentYearMember2"/>
    <link:loc xlink:type="locator" xlink:href="cmn.xsd#cmn_TypeOfAuditorAssistance" xlink:label="newItem" xlink:title="newItem"/>
    <link:label xlink:type="resource" xlink:label="label_newItem" xlink:role="http://www.xbrl.org/2003/role/label" xlink:title="label_newItem" xml:lang="en" id="label_newItem">Type of auditor assistance</link:label>
    <link:labelArc xlink:type="arc" xlink:arcrole="http://www.xbrl.org/2003/arcrole/concept-label" xlink:from="newItem" xlink:to="label_newItem" xlink:title="label: newItem to label_newItem"/>
    <link:label xlink:type="resource" xlink:label="label_TypeOfAuditorAssistance" xlink:role="http://www.xbrl.org/2003/role/label" xlink:title="label_TypeOfAuditorAssistance" xml:lang="da" id="label_TypeOfAuditorAssistance">Type af revisorbistand</link:label>
    <link:labelArc xlink:type="arc" xlink:arcrole="http://www.xbrl.org/2003/arcrole/concept-label" xlink:from="newItem" xlink:to="label_TypeOfAuditorAssistance" xlink:title="label: TypeOfAuditorAssistance to label_TypeOfAuditorAssistance"/>
    <link:loc xlink:type="locator" xlink:href="cmn.xsd#cmn_TypeOfParticipantDimension" xlink:label="TypeOfParticipantDimension" xlink:title="TypeOfParticipantDimension"/>
    <link:label xlink:type="resource" xlink:label="label_TypeOfParticipantDimension" xlink:role="http://www.xbrl.org/2003/role/label" xlink:title="label_TypeOfParticipantDimension" xml:lang="da" id="label_TypeOfParticipantDimension">Typer af deltagere</link:label>
    <link:labelArc xlink:type="arc" xlink:arcrole="http://www.xbrl.org/2003/arcrole/concept-label" xlink:from="TypeOfParticipantDimension" xlink:to="label_TypeOfParticipantDimension" xlink:title="label: TypeOfParticipantDimension to label_TypeOfParticipantDimension"/>
    <link:label xlink:type="resource" xlink:label="label_TypeOfParticipantDimension_2" xlink:role="http://www.xbrl.org/2003/role/label" xlink:title="label_TypeOfParticipantDimension" xml:lang="en" id="label_TypeOfParticipantDimension_2">Type of participant</link:label>
    <link:labelArc xlink:type="arc" xlink:arcrole="http://www.xbrl.org/2003/arcrole/concept-label" xlink:from="TypeOfParticipantDimension" xlink:to="label_TypeOfParticipantDimension_2" xlink:title="label: TypeOfParticipantDimension to label_TypeOfParticipantDimension"/>
    <link:loc xlink:type="locator" xlink:href="cmn.xsd#cmn_AllParticipantsMember" xlink:label="AllParticipantsMember" xlink:title="AllParticipantsMember"/>
    <link:label xlink:type="resource" xlink:label="label_AllParticipantsMember" xlink:role="http://www.xbrl.org/2003/role/label" xlink:title="label_AllParticipantsMember" xml:lang="da" id="label_AllParticipantsMember">Alle deltagere</link:label>
    <link:labelArc xlink:type="arc" xlink:arcrole="http://www.xbrl.org/2003/arcrole/concept-label" xlink:from="AllParticipantsMember" xlink:to="label_AllParticipantsMember" xlink:title="label: AllParticipantsMember to label_AllParticipantsMember"/>
    <link:label xlink:type="resource" xlink:label="label_AllParticipantsMember_2" xlink:role="http://www.xbrl.org/2003/role/label" xlink:title="label_AllParticipantsMember" xml:lang="en" id="label_AllParticipantsMember_2">All participants</link:label>
    <link:labelArc xlink:type="arc" xlink:arcrole="http://www.xbrl.org/2003/arcrole/concept-label" xlink:from="AllParticipantsMember" xlink:to="label_AllParticipantsMember_2" xlink:title="label: AllParticipantsMember to label_AllParticipantsMember"/>
    <link:loc xlink:type="locator" xlink:href="cmn.xsd#cmn_ParticipantsNotPartOfRegisteredManagementMember" xlink:label="ParticipantsNotPartOfRegisteredManagementMember" xlink:title="ParticipantsNotPartOfRegisteredManagementMember"/>
    <link:label xlink:type="resource" xlink:label="label_ParticipantsNotPartOfRegisteredManagementMember" xlink:role="http://www.xbrl.org/2003/role/label" xlink:title="label_ParticipantsNotPartOfRegisteredManagementMember" xml:lang="en" id="label_ParticipantsNotPartOfRegisteredManagementMember">Participant NOT part of the registered management</link:label>
    <link:labelArc xlink:type="arc" xlink:arcrole="http://www.xbrl.org/2003/arcrole/concept-label" xlink:from="ParticipantsNotPartOfRegisteredManagementMember" xlink:to="label_ParticipantsNotPartOfRegisteredManagementMember" xlink:title="label: ParticipantsNotPartOfRegisteredManagementMember to label_ParticipantsNotPartOfRegisteredManagementMember"/>
    <link:label xlink:type="resource" xlink:label="label_ParticipantsNotPartOfRegisteredManagementMember_2" xlink:role="http://www.xbrl.org/2003/role/label" xlink:title="label_ParticipantsNotPartOfRegisteredManagementMember" xml:lang="da" id="label_ParticipantsNotPartOfRegisteredManagementMember_2">Deltager der IKKE er del af den registrerede ledelse</link:label>
    <link:labelArc xlink:type="arc" xlink:arcrole="http://www.xbrl.org/2003/arcrole/concept-label" xlink:from="ParticipantsNotPartOfRegisteredManagementMember" xlink:to="label_ParticipantsNotPartOfRegisteredManagementMember_2" xlink:title="label: ParticipantsNotPartOfRegisteredManagementMember to label_ParticipantsNotPartOfRegisteredManagementMember"/>
    <link:loc xlink:type="locator" xlink:href="cmn.xsd#cmn_IdentificationOfReportingEntitySecondaryNameDimension" xlink:label="copyOfIdentificationOfLiquidatorDimension" xlink:title="copyOfIdentificationOfLiquidatorDimension"/>
    <link:label xlink:type="resource" xlink:label="label_copyOfIdentificationOfLiquidatorDimension" xlink:role="http://www.xbrl.org/2003/role/label" xlink:title="label_copyOfIdentificationOfLiquidatorDimension" xml:lang="da" id="label_copyOfIdentificationOfLiquidatorDimension">Identifikation af regnskabsaflæggende virksomheds binavn</link:label>
    <link:labelArc xlink:type="arc" xlink:arcrole="http://www.xbrl.org/2003/arcrole/concept-label" xlink:from="copyOfIdentificationOfLiquidatorDimension" xlink:to="label_copyOfIdentificationOfLiquidatorDimension" xlink:title="label: copyOfIdentificationOfLiquidatorDimension to label_copyOfIdentificationOfLiquidatorDimension"/>
    <link:label xlink:type="resource" xlink:label="label_copyOfIdentificationOfLiquidatorDimension_2" xlink:role="http://www.xbrl.org/2003/role/label" xlink:title="label_copyOfIdentificationOfLiquidatorDimension" xml:lang="en" id="label_copyOfIdentificationOfLiquidatorDimension_2">Identification of reporting entity's secondary name</link:label>
    <link:labelArc xlink:type="arc" xlink:arcrole="http://www.xbrl.org/2003/arcrole/concept-label" xlink:from="copyOfIdentificationOfLiquidatorDimension" xlink:to="label_copyOfIdentificationOfLiquidatorDimension_2" xlink:title="label: copyOfIdentificationOfLiquidatorDimension to label_copyOfIdentificationOfLiquidatorDimension"/>
  </link:labelLink>
</link:linkbase>
