<?xml version="1.0" encoding="UTF-8"?><!--Taxonomy: 2014-03-05 (Final release)
        ********************** 
        Copyright © 2014 International Financial Reporting Standards (IFRS) Foundation
        All rights reserved.  No part of this publication may be translated, reprinted or reproduced 
        or utilised in any form either in whole or in part without prior permission in writing from the IFRS Foundation.
        For more information on the IFRS Foundation's copyright, please refer to http://www.ifrs.org/XBRL/Legal/
        **********************
--><link:linkbase xmlns:gen="http://xbrl.org/2008/generic" xmlns:label="http://xbrl.org/2008/label" xmlns:link="http://www.xbrl.org/2003/linkbase" xmlns:xlink="http://www.w3.org/1999/xlink" xmlns:xsi="http://www.w3.org/2001/XMLSchema-instance" xsi:schemaLocation="http://www.xbrl.org/2003/linkbase http://www.xbrl.org/2003/xbrl-linkbase-2003-12-31.xsd http://xbrl.org/2008/label http://www.xbrl.org/2008/generic-label.xsd http://xbrl.org/2008/generic http://www.xbrl.org/2008/generic-link.xsd http://www.w3.org/1999/xlink http://www.xbrl.org/2003/xlink-2003-12-31.xsd">
  <link:roleRef roleURI="http://www.xbrl.org/2008/role/link" xlink:href="http://www.xbrl.org/2008/generic-link.xsd#standard-link-role" xlink:type="simple"/>
  <link:roleRef roleURI="http://www.xbrl.org/2008/role/label" xlink:href="http://www.xbrl.org/2008/generic-label.xsd#standard-label" xlink:type="simple"/>
  <link:arcroleRef arcroleURI="http://xbrl.org/arcrole/2008/element-label" xlink:href="http://www.xbrl.org/2008/generic-label.xsd#element-label" xlink:type="simple"/>
  <gen:link xlink:role="http://www.xbrl.org/2008/role/link" xlink:type="extended">
    <label:label xlink:label="res_1" xlink:role="http://www.xbrl.org/2008/role/label" xlink:type="resource" xml:lang="en">[825900] Notes - Non-current asset held for sale and discontinued operations</label:label>
    <link:loc xlink:href="rol_ifrs_5_2014-03-05.xsd#ifrs_5_2014-03-05_role-825900" xlink:label="loc_1" xlink:type="locator"/>
    <gen:arc xlink:arcrole="http://xbrl.org/arcrole/2008/element-label" xlink:from="loc_1" xlink:to="res_1" xlink:type="arc"/>
  </gen:link>
</link:linkbase>
