<?xml version="1.0" encoding="UTF-8"?>
<!-- Generated by Fujitsu Interstage XWand B0166 -->
<?officialURI http://archprod.service.eogs.dk/taxonomy/20131220/ifrs/full_ifrs_dk/ifrs-dk_105.00_2013-12-20/def_ifrs-dk_2013-12-20_role-105.00.xml?>

<?taxonomy-version 0.1.0?>

<link:linkbase xmlns:xsi="http://www.w3.org/2001/XMLSchema-instance" xsi:schemaLocation="http://www.xbrl.org/2003/linkbase http://www.xbrl.org/2003/xbrl-linkbase-2003-12-31.xsd" xmlns:link="http://www.xbrl.org/2003/linkbase" xmlns:rol_ifrs-dk_105.00_2013-12-20="http://xbrl.dcca.dk/role/ifrs-dk/rol_ifrs-dk_105.00_2013-12-20" xmlns:xbrldt="http://xbrl.org/2005/xbrldt" xmlns:xbrli="http://www.xbrl.org/2003/instance" xmlns:xlink="http://www.w3.org/1999/xlink">
  <link:roleRef roleURI="http://xbrl.dcca.dk/role/105.00/ManagementCommentary" xlink:type="simple" xlink:href="rol_ifrs-dk_105.00_2013-12-20.xsd#ifrs-dk_10500_ManagementCommentary"/>
  <link:roleRef roleURI="http://xbrl.dcca.dk/role/900.01/AxisDefaultMembers" xlink:type="simple" xlink:href="../../../cmn.xsd#cmn_RoleAxisDefaultMembers"/>
  <link:arcroleRef arcroleURI="http://xbrl.org/int/dim/arcrole/domain-member" xlink:type="simple" xlink:href="http://www.xbrl.org/2005/xbrldt-2005.xsd#domain-member"/>
  <link:arcroleRef arcroleURI="http://xbrl.org/int/dim/arcrole/dimension-default" xlink:type="simple" xlink:href="http://www.xbrl.org/2005/xbrldt-2005.xsd#dimension-default"/>
  <link:definitionLink xlink:type="extended" xlink:role="http://xbrl.dcca.dk/role/900.01/AxisDefaultMembers"/>
  <link:definitionLink xlink:type="extended" xlink:role="http://xbrl.dcca.dk/role/105.00/ManagementCommentary">
    <link:loc xlink:type="locator" xlink:href="../../../../ifrs-cor_2011-03-25.xsd#ifrs_ManagementCommentaryExplanatory" xlink:label="ManagementCommentaryExplanatory"/>
    <link:loc xlink:type="locator" xlink:href="../../../../ifrs-cor_2011-03-25.xsd#ifrs_DisclosureOfNatureOfBusinessExplanatory" xlink:label="DisclosureOfNatureOfBusinessExplanatory"/>
    <link:definitionArc xlink:type="arc" xlink:arcrole="http://xbrl.org/int/dim/arcrole/domain-member" xlink:from="ManagementCommentaryExplanatory" xlink:to="DisclosureOfNatureOfBusinessExplanatory" order="1.0"/>
    <link:loc xlink:type="locator" xlink:href="../../../../ifrs-cor_2011-03-25.xsd#ifrs_DisclosureOfManagementsObjectivesAndItsStrategiesForMeetingThoseObjectivesExplanatory" xlink:label="DisclosureOfManagementsObjectivesAndItsStrategiesForMeetingThoseObjectivesExplanatory"/>
    <link:definitionArc xlink:type="arc" xlink:arcrole="http://xbrl.org/int/dim/arcrole/domain-member" xlink:from="ManagementCommentaryExplanatory" xlink:to="DisclosureOfManagementsObjectivesAndItsStrategiesForMeetingThoseObjectivesExplanatory" order="2.0"/>
    <link:loc xlink:type="locator" xlink:href="../../../../ifrs-cor_2011-03-25.xsd#ifrs_DisclosureOfEntitysMostSignificantResourcesRisksAndRelationshipsExplanatory" xlink:label="DisclosureOfEntitysMostSignificantResourcesRisksAndRelationshipsExplanatory"/>
    <link:definitionArc xlink:type="arc" xlink:arcrole="http://xbrl.org/int/dim/arcrole/domain-member" xlink:from="ManagementCommentaryExplanatory" xlink:to="DisclosureOfEntitysMostSignificantResourcesRisksAndRelationshipsExplanatory" order="3.0"/>
    <link:loc xlink:type="locator" xlink:href="../../../../ifrs-cor_2011-03-25.xsd#ifrs_DisclosureOfResultsOfOperationsAndProspectsExplanatory" xlink:label="DisclosureOfResultsOfOperationsAndProspectsExplanatory"/>
    <link:definitionArc xlink:type="arc" xlink:arcrole="http://xbrl.org/int/dim/arcrole/domain-member" xlink:from="ManagementCommentaryExplanatory" xlink:to="DisclosureOfResultsOfOperationsAndProspectsExplanatory" order="4.0"/>
    <link:loc xlink:type="locator" xlink:href="../../../../ifrs-cor_2011-03-25.xsd#ifrs_DisclosureOfCriticalPerformanceMeasuresAndIndicatorsThatManagementUsesToEvaluateEntitysPerformanceAgainstStatedObjectivesExplanatory" xlink:label="DisclosureOfCriticalPerformanceMeasuresAndIndicatorsThatManagementUsesToEvaluateEntitysPerformanceAgainstStatedObjectivesExplanatory"/>
    <link:definitionArc xlink:type="arc" xlink:arcrole="http://xbrl.org/int/dim/arcrole/domain-member" xlink:from="ManagementCommentaryExplanatory" xlink:to="DisclosureOfCriticalPerformanceMeasuresAndIndicatorsThatManagementUsesToEvaluateEntitysPerformanceAgainstStatedObjectivesExplanatory" order="5.0"/>
  </link:definitionLink>
</link:linkbase>
