<?xml version="1.0" encoding="UTF-8"?>

<!--
        Taxonomy: 2011-03-25 (Final release)
        ********************** 
        Copyright © 2011 International Financial Reporting Standards (IFRS) Foundation
        All rights reserved.  No part of this publication may be translated, reprinted or reproduced 
        or utilised in any form either in whole or in part without prior permission in writing from the IFRS Foundation.
        For more information on the IFRS Foundation's copyright, please refer to http://www.ifrs.org/XBRL/Legal/
        **********************
    -->
<link:linkbase xmlns:xsi="http://www.w3.org/2001/XMLSchema-instance" xsi:schemaLocation="http://www.xbrl.org/2006/ref http://www.xbrl.org/2006/ref-2006-02-27.xsd http://www.xbrl.org/2003/linkbase http://www.xbrl.org/2003/xbrl-linkbase-2003-12-31.xsd" xmlns:link="http://www.xbrl.org/2003/linkbase" xmlns:ref="http://www.xbrl.org/2006/ref" xmlns:xlink="http://www.w3.org/1999/xlink">
  <link:referenceLink xlink:type="extended" xlink:role="http://www.xbrl.org/2003/role/link">
    <link:loc xlink:type="locator" xlink:href="../../ifrs-cor_2011-03-25.xsd#ifrs_GrossCarryingAmountMember" xlink:label="loc_17"/>
    <link:reference xlink:type="resource" xlink:label="res" xlink:role="http://www.xbrl.org/2003/role/disclosureRef">
      <ref:Name>IFRS</ref:Name>
      <ref:Number>3</ref:Number>
      <ref:IssueDate>2011-01-01</ref:IssueDate>
      <ref:Paragraph>B67</ref:Paragraph>
      <ref:Subparagraph>d</ref:Subparagraph>
      <ref:URI>http://eifrs.ifrs.org/eifrs/XBRL?type=IFRS&amp;num=3&amp;date=2011-03-25&amp;anchor=para_B67_d&amp;doctype=Appendix&amp;seq=2</ref:URI>
      <ref:URIDate>2011-03-25</ref:URIDate>
    </link:reference>
    <link:referenceArc xlink:type="arc" xlink:arcrole="http://www.xbrl.org/2003/arcrole/concept-reference" xlink:from="loc_17" xlink:to="res"/>
    <link:loc xlink:type="locator" xlink:href="../../ifrs-cor_2011-03-25.xsd#ifrs_AccumulatedDepreciationAmortisationAndImpairmentMember" xlink:label="loc_47"/>
    <link:referenceArc xlink:type="arc" xlink:arcrole="http://www.xbrl.org/2003/arcrole/concept-reference" xlink:from="loc_47" xlink:to="res"/>
    <link:loc xlink:type="locator" xlink:href="../../ifrs-cor_2011-03-25.xsd#ifrs_CarryingAmountMember" xlink:label="loc_68"/>
    <link:referenceArc xlink:type="arc" xlink:arcrole="http://www.xbrl.org/2003/arcrole/concept-reference" xlink:from="loc_68" xlink:to="res"/>
    <link:loc xlink:type="locator" xlink:href="../../ifrs-cor_2011-03-25.xsd#ifrs_CarryingAmountAccumulatedDepreciationAmortisationAndImpairmentAndGrossCarryingAmountAxis" xlink:label="loc_69"/>
    <link:referenceArc xlink:type="arc" xlink:arcrole="http://www.xbrl.org/2003/arcrole/concept-reference" xlink:from="loc_69" xlink:to="res"/>
    <link:loc xlink:type="locator" xlink:href="../../ifrs-cor_2011-03-25.xsd#ifrs_Goodwill" xlink:label="loc"/>
    <link:referenceArc xlink:type="arc" xlink:arcrole="http://www.xbrl.org/2003/arcrole/concept-reference" xlink:from="loc" xlink:to="res"/>
    <link:loc xlink:type="locator" xlink:href="../../ifrs-cor_2011-03-25.xsd#ifrs_ClassesOfContingentLiabilitiesAxis" xlink:label="loc_71"/>
    <link:reference xlink:type="resource" xlink:label="res_2" xlink:role="http://www.xbrl.org/2003/role/disclosureRef">
      <ref:Name>IFRS</ref:Name>
      <ref:Number>3</ref:Number>
      <ref:IssueDate>2011-01-01</ref:IssueDate>
      <ref:Paragraph>B67</ref:Paragraph>
      <ref:Subparagraph>c</ref:Subparagraph>
      <ref:URI>http://eifrs.ifrs.org/eifrs/XBRL?type=IFRS&amp;num=3&amp;date=2011-03-25&amp;anchor=para_B67_c&amp;doctype=Appendix&amp;seq=2</ref:URI>
      <ref:URIDate>2011-03-25</ref:URIDate>
    </link:reference>
    <link:referenceArc xlink:type="arc" xlink:arcrole="http://www.xbrl.org/2003/arcrole/concept-reference" xlink:from="loc_71" xlink:to="res_2"/>
    <link:loc xlink:type="locator" xlink:href="../../ifrs-cor_2011-03-25.xsd#ifrs_ContingentLiabilitiesMember" xlink:label="loc_119"/>
    <link:referenceArc xlink:type="arc" xlink:arcrole="http://www.xbrl.org/2003/arcrole/concept-reference" xlink:from="loc_119" xlink:to="res_2"/>
    <link:loc xlink:type="locator" xlink:href="../../ifrs-cor_2011-03-25.xsd#ifrs_IncreaseDecreaseThroughNetExchangeDifferencesGoodwill" xlink:label="loc_2"/>
    <link:reference xlink:type="resource" xlink:label="res_3" xlink:role="http://www.xbrl.org/2003/role/disclosureRef">
      <ref:Name>IFRS</ref:Name>
      <ref:Number>3</ref:Number>
      <ref:IssueDate>2011-01-01</ref:IssueDate>
      <ref:Paragraph>B67</ref:Paragraph>
      <ref:Subparagraph>d</ref:Subparagraph>
      <ref:Clause>vi</ref:Clause>
      <ref:URI>http://eifrs.ifrs.org/eifrs/XBRL?type=IFRS&amp;num=3&amp;date=2011-03-25&amp;anchor=para_B67_d_vi&amp;doctype=Appendix&amp;seq=2</ref:URI>
      <ref:URIDate>2011-03-25</ref:URIDate>
    </link:reference>
    <link:referenceArc xlink:type="arc" xlink:arcrole="http://www.xbrl.org/2003/arcrole/concept-reference" xlink:from="loc_2" xlink:to="res_3"/>
    <link:loc xlink:type="locator" xlink:href="../../ifrs-cor_2011-03-25.xsd#ifrs_AdditionalRecognitionGoodwill" xlink:label="loc_4"/>
    <link:reference xlink:type="resource" xlink:label="res_4" xlink:role="http://www.xbrl.org/2003/role/disclosureRef">
      <ref:Name>IFRS</ref:Name>
      <ref:Number>3</ref:Number>
      <ref:IssueDate>2011-01-01</ref:IssueDate>
      <ref:Paragraph>B67</ref:Paragraph>
      <ref:Subparagraph>d</ref:Subparagraph>
      <ref:Clause>ii</ref:Clause>
      <ref:URI>http://eifrs.ifrs.org/eifrs/XBRL?type=IFRS&amp;num=3&amp;date=2011-03-25&amp;anchor=para_B67_d_ii&amp;doctype=Appendix&amp;seq=2</ref:URI>
      <ref:URIDate>2011-03-25</ref:URIDate>
    </link:reference>
    <link:referenceArc xlink:type="arc" xlink:arcrole="http://www.xbrl.org/2003/arcrole/concept-reference" xlink:from="loc_4" xlink:to="res_4"/>
    <link:loc xlink:type="locator" xlink:href="../../ifrs-cor_2011-03-25.xsd#ifrs_ChangesInGoodwill" xlink:label="loc_8"/>
    <link:referenceArc xlink:type="arc" xlink:arcrole="http://www.xbrl.org/2003/arcrole/concept-reference" xlink:from="loc_8" xlink:to="res"/>
    <link:loc xlink:type="locator" xlink:href="../../ifrs-cor_2011-03-25.xsd#ifrs_ImpairmentLossRecognisedInProfitOrLossGoodwill" xlink:label="loc_9"/>
    <link:reference xlink:type="resource" xlink:label="res_5" xlink:role="http://www.xbrl.org/2003/role/disclosureRef">
      <ref:Name>IFRS</ref:Name>
      <ref:Number>3</ref:Number>
      <ref:IssueDate>2011-01-01</ref:IssueDate>
      <ref:Paragraph>B67</ref:Paragraph>
      <ref:Subparagraph>d</ref:Subparagraph>
      <ref:Clause>v</ref:Clause>
      <ref:URI>http://eifrs.ifrs.org/eifrs/XBRL?type=IFRS&amp;num=3&amp;date=2011-03-25&amp;anchor=para_B67_d_v&amp;doctype=Appendix&amp;seq=2</ref:URI>
      <ref:URIDate>2011-03-25</ref:URIDate>
    </link:reference>
    <link:referenceArc xlink:type="arc" xlink:arcrole="http://www.xbrl.org/2003/arcrole/concept-reference" xlink:from="loc_9" xlink:to="res_5"/>
    <link:loc xlink:type="locator" xlink:href="../../ifrs-cor_2011-03-25.xsd#ifrs_IncreaseDecreaseThroughTransfersAndOtherChangesGoodwill" xlink:label="loc_12"/>
    <link:reference xlink:type="resource" xlink:label="res_6" xlink:role="http://www.xbrl.org/2003/role/disclosureRef">
      <ref:Name>IFRS</ref:Name>
      <ref:Number>3</ref:Number>
      <ref:IssueDate>2011-01-01</ref:IssueDate>
      <ref:Paragraph>B67</ref:Paragraph>
      <ref:Subparagraph>d</ref:Subparagraph>
      <ref:Clause>vii</ref:Clause>
      <ref:URI>http://eifrs.ifrs.org/eifrs/XBRL?type=IFRS&amp;num=3&amp;date=2011-03-25&amp;anchor=para_B67_d_vii&amp;doctype=Appendix&amp;seq=2</ref:URI>
      <ref:URIDate>2011-03-25</ref:URIDate>
    </link:reference>
    <link:referenceArc xlink:type="arc" xlink:arcrole="http://www.xbrl.org/2003/arcrole/concept-reference" xlink:from="loc_12" xlink:to="res_6"/>
    <link:loc xlink:type="locator" xlink:href="../../ifrs-cor_2011-03-25.xsd#ifrs_DisclosureOfBusinessCombinationsTable" xlink:label="loc_13"/>
    <link:reference xlink:type="resource" xlink:label="res_14" xlink:role="http://www.xbrl.org/2003/role/disclosureRef">
      <ref:Name>IFRS</ref:Name>
      <ref:Number>3</ref:Number>
      <ref:IssueDate>2011-01-01</ref:IssueDate>
      <ref:Paragraph>B64</ref:Paragraph>
      <ref:URI>http://eifrs.ifrs.org/eifrs/XBRL?type=IFRS&amp;num=3&amp;date=2011-03-25&amp;anchor=para_B64&amp;doctype=Appendix&amp;seq=2</ref:URI>
      <ref:URIDate>2011-03-25</ref:URIDate>
    </link:reference>
    <link:referenceArc xlink:type="arc" xlink:arcrole="http://www.xbrl.org/2003/arcrole/concept-reference" xlink:from="loc_13" xlink:to="res_14"/>
    <link:loc xlink:type="locator" xlink:href="../../ifrs-cor_2011-03-25.xsd#ifrs_NameOfAcquiree" xlink:label="loc_14"/>
    <link:reference xlink:type="resource" xlink:label="res_7" xlink:role="http://www.xbrl.org/2003/role/disclosureRef">
      <ref:Name>IFRS</ref:Name>
      <ref:Number>3</ref:Number>
      <ref:IssueDate>2011-01-01</ref:IssueDate>
      <ref:Paragraph>B64</ref:Paragraph>
      <ref:Subparagraph>a</ref:Subparagraph>
      <ref:URI>http://eifrs.ifrs.org/eifrs/XBRL?type=IFRS&amp;num=3&amp;date=2011-03-25&amp;anchor=para_B64_a&amp;doctype=Appendix&amp;seq=2</ref:URI>
      <ref:URIDate>2011-03-25</ref:URIDate>
    </link:reference>
    <link:referenceArc xlink:type="arc" xlink:arcrole="http://www.xbrl.org/2003/arcrole/concept-reference" xlink:from="loc_14" xlink:to="res_7"/>
    <link:loc xlink:type="locator" xlink:href="../../ifrs-cor_2011-03-25.xsd#ifrs_DateOfAcquisition" xlink:label="loc_16"/>
    <link:reference xlink:type="resource" xlink:label="res_8" xlink:role="http://www.xbrl.org/2003/role/disclosureRef">
      <ref:Name>IFRS</ref:Name>
      <ref:Number>3</ref:Number>
      <ref:IssueDate>2011-01-01</ref:IssueDate>
      <ref:Paragraph>B64</ref:Paragraph>
      <ref:Subparagraph>b</ref:Subparagraph>
      <ref:URI>http://eifrs.ifrs.org/eifrs/XBRL?type=IFRS&amp;num=3&amp;date=2011-03-25&amp;anchor=para_B64_b&amp;doctype=Appendix&amp;seq=2</ref:URI>
      <ref:URIDate>2011-03-25</ref:URIDate>
    </link:reference>
    <link:referenceArc xlink:type="arc" xlink:arcrole="http://www.xbrl.org/2003/arcrole/concept-reference" xlink:from="loc_16" xlink:to="res_8"/>
    <link:loc xlink:type="locator" xlink:href="../../ifrs-cor_2011-03-25.xsd#ifrs_PercentageOfVotingEquityInterestsAcquired" xlink:label="loc_19"/>
    <link:reference xlink:type="resource" xlink:label="res_9" xlink:role="http://www.xbrl.org/2003/role/disclosureRef">
      <ref:Name>IFRS</ref:Name>
      <ref:Number>3</ref:Number>
      <ref:IssueDate>2011-01-01</ref:IssueDate>
      <ref:Paragraph>B64</ref:Paragraph>
      <ref:Subparagraph>c</ref:Subparagraph>
      <ref:URI>http://eifrs.ifrs.org/eifrs/XBRL?type=IFRS&amp;num=3&amp;date=2011-03-25&amp;anchor=para_B64_c&amp;doctype=Appendix&amp;seq=2</ref:URI>
      <ref:URIDate>2011-03-25</ref:URIDate>
    </link:reference>
    <link:referenceArc xlink:type="arc" xlink:arcrole="http://www.xbrl.org/2003/arcrole/concept-reference" xlink:from="loc_19" xlink:to="res_9"/>
    <link:loc xlink:type="locator" xlink:href="../../ifrs-cor_2011-03-25.xsd#ifrs_BusinessCombinationsAxis" xlink:label="loc_21"/>
    <link:referenceArc xlink:type="arc" xlink:arcrole="http://www.xbrl.org/2003/arcrole/concept-reference" xlink:from="loc_21" xlink:to="res_14"/>
    <link:loc xlink:type="locator" xlink:href="../../ifrs-cor_2011-03-25.xsd#ifrs_BusinessCombinationsMember" xlink:label="loc_22"/>
    <link:referenceArc xlink:type="arc" xlink:arcrole="http://www.xbrl.org/2003/arcrole/concept-reference" xlink:from="loc_22" xlink:to="res_14"/>
    <link:loc xlink:type="locator" xlink:href="../../ifrs-cor_2011-03-25.xsd#ifrs_DescriptionOfAcquiree" xlink:label="loc_23"/>
    <link:referenceArc xlink:type="arc" xlink:arcrole="http://www.xbrl.org/2003/arcrole/concept-reference" xlink:from="loc_23" xlink:to="res_7"/>
    <link:loc xlink:type="locator" xlink:href="../../ifrs-cor_2011-03-25.xsd#ifrs_DisclosureOfBusinessCombinationsExplanatory" xlink:label="loc_3"/>
    <link:reference xlink:type="resource" xlink:label="res_17" xlink:role="http://www.xbrl.org/2003/role/disclosureRef">
      <ref:Name>IFRS</ref:Name>
      <ref:Number>3</ref:Number>
      <ref:IssueDate>2011-01-01</ref:IssueDate>
      <ref:Section>Disclosures</ref:Section>
      <ref:URI>http://eifrs.ifrs.org/eifrs/XBRL?type=IFRS&amp;num=3&amp;date=2011-03-25&amp;anchor=sect_Disclosures&amp;doctype=Standard</ref:URI>
      <ref:URIDate>2011-03-25</ref:URIDate>
    </link:reference>
    <link:referenceArc xlink:type="arc" xlink:arcrole="http://www.xbrl.org/2003/arcrole/concept-reference" xlink:from="loc_3" xlink:to="res_17"/>
    <link:loc xlink:type="locator" xlink:href="../../ifrs-cor_2011-03-25.xsd#ifrs_IdentifiableAssetsAcquiredLiabilitiesAssumed" xlink:label="loc_20"/>
    <link:reference xlink:type="resource" xlink:label="res_20" xlink:role="http://www.xbrl.org/2003/role/exampleRef">
      <ref:Name>IFRS</ref:Name>
      <ref:Number>3</ref:Number>
      <ref:IssueDate>2011-01-01</ref:IssueDate>
      <ref:Paragraph>B64</ref:Paragraph>
      <ref:Subparagraph>i</ref:Subparagraph>
      <ref:URI>http://eifrs.ifrs.org/eifrs/XBRL?type=IFRS&amp;num=3&amp;date=2011-03-25&amp;anchor=para_B64_i&amp;doctype=Appendix&amp;seq=2</ref:URI>
      <ref:URIDate>2011-03-25</ref:URIDate>
    </link:reference>
    <link:referenceArc xlink:type="arc" xlink:arcrole="http://www.xbrl.org/2003/arcrole/concept-reference" xlink:from="loc_20" xlink:to="res_20"/>
    <link:reference xlink:type="resource" xlink:label="res_26" xlink:role="http://www.xbrl.org/2003/role/exampleRef">
      <ref:Name>IFRS</ref:Name>
      <ref:Number>3</ref:Number>
      <ref:IssueDate>2011-01-01</ref:IssueDate>
      <ref:Paragraph>IE72</ref:Paragraph>
      <ref:URI>http://eifrs.ifrs.org/eifrs/XBRL?type=IFRS&amp;num=3&amp;date=2011-03-25&amp;anchor=para_IE72&amp;doctype=Illustrative%20Examples</ref:URI>
      <ref:URIDate>2011-03-25</ref:URIDate>
    </link:reference>
    <link:referenceArc xlink:type="arc" xlink:arcrole="http://www.xbrl.org/2003/arcrole/concept-reference" xlink:from="loc_20" xlink:to="res_26"/>
    <link:loc xlink:type="locator" xlink:href="../../ifrs-cor_2011-03-25.xsd#ifrs_FinancialAssetsRecognisedAsOfAcquisitionDate" xlink:label="loc_24"/>
    <link:referenceArc xlink:type="arc" xlink:arcrole="http://www.xbrl.org/2003/arcrole/concept-reference" xlink:from="loc_24" xlink:to="res_20"/>
    <link:referenceArc xlink:type="arc" xlink:arcrole="http://www.xbrl.org/2003/arcrole/concept-reference" xlink:from="loc_24" xlink:to="res_26"/>
    <link:loc xlink:type="locator" xlink:href="../../ifrs-cor_2011-03-25.xsd#ifrs_InventoryRecognisedAsOfAcquisitionDate" xlink:label="loc_29"/>
    <link:referenceArc xlink:type="arc" xlink:arcrole="http://www.xbrl.org/2003/arcrole/concept-reference" xlink:from="loc_29" xlink:to="res_20"/>
    <link:referenceArc xlink:type="arc" xlink:arcrole="http://www.xbrl.org/2003/arcrole/concept-reference" xlink:from="loc_29" xlink:to="res_26"/>
    <link:loc xlink:type="locator" xlink:href="../../ifrs-cor_2011-03-25.xsd#ifrs_PropertyPlantAndEquipmentRecognisedAsOfAcquisitionDate" xlink:label="loc_52"/>
    <link:referenceArc xlink:type="arc" xlink:arcrole="http://www.xbrl.org/2003/arcrole/concept-reference" xlink:from="loc_52" xlink:to="res_20"/>
    <link:referenceArc xlink:type="arc" xlink:arcrole="http://www.xbrl.org/2003/arcrole/concept-reference" xlink:from="loc_52" xlink:to="res_26"/>
    <link:loc xlink:type="locator" xlink:href="../../ifrs-cor_2011-03-25.xsd#ifrs_IdentifiableIntangibleAssetsRecognisedAsOfAcquisitionDate" xlink:label="loc_70"/>
    <link:referenceArc xlink:type="arc" xlink:arcrole="http://www.xbrl.org/2003/arcrole/concept-reference" xlink:from="loc_70" xlink:to="res_20"/>
    <link:referenceArc xlink:type="arc" xlink:arcrole="http://www.xbrl.org/2003/arcrole/concept-reference" xlink:from="loc_70" xlink:to="res_26"/>
    <link:loc xlink:type="locator" xlink:href="../../ifrs-cor_2011-03-25.xsd#ifrs_FinancialLiabilitiesRecognisedAsOfAcquisitionDate" xlink:label="loc_73"/>
    <link:referenceArc xlink:type="arc" xlink:arcrole="http://www.xbrl.org/2003/arcrole/concept-reference" xlink:from="loc_73" xlink:to="res_20"/>
    <link:referenceArc xlink:type="arc" xlink:arcrole="http://www.xbrl.org/2003/arcrole/concept-reference" xlink:from="loc_73" xlink:to="res_26"/>
    <link:loc xlink:type="locator" xlink:href="../../ifrs-cor_2011-03-25.xsd#ifrs_ContingentLiabilitiesRecognisedAsOfAcquisitionDate" xlink:label="loc_78"/>
    <link:referenceArc xlink:type="arc" xlink:arcrole="http://www.xbrl.org/2003/arcrole/concept-reference" xlink:from="loc_78" xlink:to="res_20"/>
    <link:referenceArc xlink:type="arc" xlink:arcrole="http://www.xbrl.org/2003/arcrole/concept-reference" xlink:from="loc_78" xlink:to="res_26"/>
    <link:loc xlink:type="locator" xlink:href="../../ifrs-cor_2011-03-25.xsd#ifrs_DisclosureOfDetailedInformationAboutBusinessCombinationsExplanatory" xlink:label="loc_81"/>
    <link:reference xlink:type="resource" xlink:label="res_28" xlink:role="http://www.xbrl.org/2003/role/disclosureRef">
      <ref:Name>IFRS</ref:Name>
      <ref:Number>3</ref:Number>
      <ref:IssueDate>2011-01-01</ref:IssueDate>
      <ref:Section>Disclosures (application of paragraphs 59 and 61)</ref:Section>
      <ref:URI>http://eifrs.ifrs.org/eifrs/XBRL?type=IFRS&amp;num=3&amp;date=2011-03-25&amp;anchor=sect_Disclosures(applicationofparagraphs59and61)&amp;doctype=Application%20Guidance</ref:URI>
      <ref:URIDate>2011-03-25</ref:URIDate>
    </link:reference>
    <link:referenceArc xlink:type="arc" xlink:arcrole="http://www.xbrl.org/2003/arcrole/concept-reference" xlink:from="loc_81" xlink:to="res_28"/>
    <link:loc xlink:type="locator" xlink:href="../../ifrs-cor_2011-03-25.xsd#ifrs_EntitysTotalForBusinessCombinationsMember" xlink:label="loc_118"/>
    <link:referenceArc xlink:type="arc" xlink:arcrole="http://www.xbrl.org/2003/arcrole/concept-reference" xlink:from="loc_118" xlink:to="res_14"/>
    <link:reference xlink:type="resource" xlink:label="res_53" xlink:role="http://www.xbrl.org/2003/role/disclosureRef">
      <ref:Name>IFRS</ref:Name>
      <ref:Number>3</ref:Number>
      <ref:IssueDate>2011-01-01</ref:IssueDate>
      <ref:Paragraph>B67</ref:Paragraph>
      <ref:URI>http://eifrs.ifrs.org/eifrs/XBRL?type=IFRS&amp;num=3&amp;date=2011-03-25&amp;anchor=para_B67&amp;doctype=Appendix&amp;seq=2</ref:URI>
      <ref:URIDate>2011-03-25</ref:URIDate>
    </link:reference>
    <link:referenceArc xlink:type="arc" xlink:arcrole="http://www.xbrl.org/2003/arcrole/concept-reference" xlink:from="loc_118" xlink:to="res_53"/>
    <link:loc xlink:type="locator" xlink:href="../../ifrs-cor_2011-03-25.xsd#ifrs_DescriptionOfNatureAndFinancialEffectOfBusinessCombinationsAfterReportingPeriodBeforeStatementsAuthorisedForIssue" xlink:label="loc_6"/>
    <link:reference xlink:type="resource" xlink:label="res_30" xlink:role="http://www.xbrl.org/2003/role/disclosureRef">
      <ref:Name>IFRS</ref:Name>
      <ref:Number>3</ref:Number>
      <ref:IssueDate>2011-01-01</ref:IssueDate>
      <ref:Paragraph>59</ref:Paragraph>
      <ref:Subparagraph>b</ref:Subparagraph>
      <ref:URI>http://eifrs.ifrs.org/eifrs/XBRL?type=IFRS&amp;num=3&amp;date=2011-03-25&amp;anchor=para_59_b&amp;doctype=Standard</ref:URI>
      <ref:URIDate>2011-03-25</ref:URIDate>
    </link:reference>
    <link:referenceArc xlink:type="arc" xlink:arcrole="http://www.xbrl.org/2003/arcrole/concept-reference" xlink:from="loc_6" xlink:to="res_30"/>
    <link:loc xlink:type="locator" xlink:href="../../ifrs-cor_2011-03-25.xsd#ifrs_DescriptionOfNatureAndFinancialEffectOfBusinessCombinationsDuringPeriod" xlink:label="loc_7"/>
    <link:reference xlink:type="resource" xlink:label="res_37" xlink:role="http://www.xbrl.org/2003/role/disclosureRef">
      <ref:Name>IFRS</ref:Name>
      <ref:Number>3</ref:Number>
      <ref:IssueDate>2011-01-01</ref:IssueDate>
      <ref:Paragraph>59</ref:Paragraph>
      <ref:Subparagraph>a</ref:Subparagraph>
      <ref:URI>http://eifrs.ifrs.org/eifrs/XBRL?type=IFRS&amp;num=3&amp;date=2011-03-25&amp;anchor=para_59_a&amp;doctype=Standard</ref:URI>
      <ref:URIDate>2011-03-25</ref:URIDate>
    </link:reference>
    <link:referenceArc xlink:type="arc" xlink:arcrole="http://www.xbrl.org/2003/arcrole/concept-reference" xlink:from="loc_7" xlink:to="res_37"/>
    <link:loc xlink:type="locator" xlink:href="../../ifrs-cor_2011-03-25.xsd#ifrs_ExplanationOfFinancialEffectOfAdjustmentsRelatedToBusinessCombinations" xlink:label="loc_10"/>
    <link:reference xlink:type="resource" xlink:label="res_39" xlink:role="http://www.xbrl.org/2003/role/disclosureRef">
      <ref:Name>IFRS</ref:Name>
      <ref:Number>3</ref:Number>
      <ref:IssueDate>2011-01-01</ref:IssueDate>
      <ref:Paragraph>61</ref:Paragraph>
      <ref:URI>http://eifrs.ifrs.org/eifrs/XBRL?type=IFRS&amp;num=3&amp;date=2011-03-25&amp;anchor=para_61&amp;doctype=Standard</ref:URI>
      <ref:URIDate>2011-03-25</ref:URIDate>
    </link:reference>
    <link:referenceArc xlink:type="arc" xlink:arcrole="http://www.xbrl.org/2003/arcrole/concept-reference" xlink:from="loc_10" xlink:to="res_39"/>
    <link:loc xlink:type="locator" xlink:href="../../ifrs-cor_2011-03-25.xsd#ifrs_DecreaseThroughClassifiedAsHeldForSaleGoodwill" xlink:label="loc_15"/>
    <link:reference xlink:type="resource" xlink:label="res_40" xlink:role="http://www.xbrl.org/2003/role/disclosureRef">
      <ref:Name>IFRS</ref:Name>
      <ref:Number>3</ref:Number>
      <ref:IssueDate>2011-01-01</ref:IssueDate>
      <ref:Paragraph>B67</ref:Paragraph>
      <ref:Subparagraph>d</ref:Subparagraph>
      <ref:Clause>iv</ref:Clause>
      <ref:URI>http://eifrs.ifrs.org/eifrs/XBRL?type=IFRS&amp;num=3&amp;date=2011-03-25&amp;anchor=para_B67_d_iv&amp;doctype=Appendix&amp;seq=2</ref:URI>
      <ref:URIDate>2011-03-25</ref:URIDate>
    </link:reference>
    <link:referenceArc xlink:type="arc" xlink:arcrole="http://www.xbrl.org/2003/arcrole/concept-reference" xlink:from="loc_15" xlink:to="res_40"/>
    <link:loc xlink:type="locator" xlink:href="../../ifrs-cor_2011-03-25.xsd#ifrs_AggregatedIndividuallyImmaterialBusinessCombinationsMember" xlink:label="loc_18"/>
    <link:reference xlink:type="resource" xlink:label="res_43" xlink:role="http://www.xbrl.org/2003/role/disclosureRef">
      <ref:Name>IFRS</ref:Name>
      <ref:Number>3</ref:Number>
      <ref:IssueDate>2011-01-01</ref:IssueDate>
      <ref:Paragraph>B65</ref:Paragraph>
      <ref:URI>http://eifrs.ifrs.org/eifrs/XBRL?type=IFRS&amp;num=3&amp;date=2011-03-25&amp;anchor=para_B65&amp;doctype=Appendix&amp;seq=2</ref:URI>
      <ref:URIDate>2011-03-25</ref:URIDate>
    </link:reference>
    <link:referenceArc xlink:type="arc" xlink:arcrole="http://www.xbrl.org/2003/arcrole/concept-reference" xlink:from="loc_18" xlink:to="res_43"/>
    <link:loc xlink:type="locator" xlink:href="../../ifrs-cor_2011-03-25.xsd#ifrs_DescriptionOfHowAcquirerObtainedControlOfAcquiree" xlink:label="loc_25"/>
    <link:reference xlink:type="resource" xlink:label="res_10" xlink:role="http://www.xbrl.org/2003/role/disclosureRef">
      <ref:Name>IFRS</ref:Name>
      <ref:Number>3</ref:Number>
      <ref:IssueDate>2011-01-01</ref:IssueDate>
      <ref:Paragraph>B64</ref:Paragraph>
      <ref:Subparagraph>d</ref:Subparagraph>
      <ref:URI>http://eifrs.ifrs.org/eifrs/XBRL?type=IFRS&amp;num=3&amp;date=2011-03-25&amp;anchor=para_B64_d&amp;doctype=Appendix&amp;seq=2</ref:URI>
      <ref:URIDate>2011-03-25</ref:URIDate>
    </link:reference>
    <link:referenceArc xlink:type="arc" xlink:arcrole="http://www.xbrl.org/2003/arcrole/concept-reference" xlink:from="loc_25" xlink:to="res_10"/>
    <link:loc xlink:type="locator" xlink:href="../../ifrs-cor_2011-03-25.xsd#ifrs_DescriptionOfFactorsThatMakeUpGoodwillRecognised" xlink:label="loc_26"/>
    <link:reference xlink:type="resource" xlink:label="res_11" xlink:role="http://www.xbrl.org/2003/role/disclosureRef">
      <ref:Name>IFRS</ref:Name>
      <ref:Number>3</ref:Number>
      <ref:IssueDate>2011-01-01</ref:IssueDate>
      <ref:Paragraph>B64</ref:Paragraph>
      <ref:Subparagraph>e</ref:Subparagraph>
      <ref:URI>http://eifrs.ifrs.org/eifrs/XBRL?type=IFRS&amp;num=3&amp;date=2011-03-25&amp;anchor=para_B64_e&amp;doctype=Appendix&amp;seq=2</ref:URI>
      <ref:URIDate>2011-03-25</ref:URIDate>
    </link:reference>
    <link:referenceArc xlink:type="arc" xlink:arcrole="http://www.xbrl.org/2003/arcrole/concept-reference" xlink:from="loc_26" xlink:to="res_11"/>
    <link:loc xlink:type="locator" xlink:href="../../ifrs-cor_2011-03-25.xsd#ifrs_AcquisitiondateFairValueOfTotalConsiderationTransferred" xlink:label="loc_28"/>
    <link:reference xlink:type="resource" xlink:label="res_12" xlink:role="http://www.xbrl.org/2003/role/disclosureRef">
      <ref:Name>IFRS</ref:Name>
      <ref:Number>3</ref:Number>
      <ref:IssueDate>2011-01-01</ref:IssueDate>
      <ref:Paragraph>B64</ref:Paragraph>
      <ref:Subparagraph>f</ref:Subparagraph>
      <ref:URI>http://eifrs.ifrs.org/eifrs/XBRL?type=IFRS&amp;num=3&amp;date=2011-03-25&amp;anchor=para_B64_f&amp;doctype=Appendix&amp;seq=2</ref:URI>
      <ref:URIDate>2011-03-25</ref:URIDate>
    </link:reference>
    <link:referenceArc xlink:type="arc" xlink:arcrole="http://www.xbrl.org/2003/arcrole/concept-reference" xlink:from="loc_28" xlink:to="res_12"/>
    <link:loc xlink:type="locator" xlink:href="../../ifrs-cor_2011-03-25.xsd#ifrs_CashTransferred" xlink:label="loc_30"/>
    <link:reference xlink:type="resource" xlink:label="res_13" xlink:role="http://www.xbrl.org/2003/role/disclosureRef">
      <ref:Name>IFRS</ref:Name>
      <ref:Number>3</ref:Number>
      <ref:IssueDate>2011-01-01</ref:IssueDate>
      <ref:Paragraph>B64</ref:Paragraph>
      <ref:Subparagraph>f</ref:Subparagraph>
      <ref:Clause>i</ref:Clause>
      <ref:URI>http://eifrs.ifrs.org/eifrs/XBRL?type=IFRS&amp;num=3&amp;date=2011-03-25&amp;anchor=para_B64_f_i&amp;doctype=Appendix&amp;seq=2</ref:URI>
      <ref:URIDate>2011-03-25</ref:URIDate>
    </link:reference>
    <link:referenceArc xlink:type="arc" xlink:arcrole="http://www.xbrl.org/2003/arcrole/concept-reference" xlink:from="loc_30" xlink:to="res_13"/>
    <link:loc xlink:type="locator" xlink:href="../../ifrs-cor_2011-03-25.xsd#ifrs_OtherTangibleOrIntangibleAssetsTransferred" xlink:label="loc_31"/>
    <link:reference xlink:type="resource" xlink:label="res_15" xlink:role="http://www.xbrl.org/2003/role/disclosureRef">
      <ref:Name>IFRS</ref:Name>
      <ref:Number>3</ref:Number>
      <ref:IssueDate>2011-01-01</ref:IssueDate>
      <ref:Paragraph>B64</ref:Paragraph>
      <ref:Subparagraph>f</ref:Subparagraph>
      <ref:Clause>ii</ref:Clause>
      <ref:URI>http://eifrs.ifrs.org/eifrs/XBRL?type=IFRS&amp;num=3&amp;date=2011-03-25&amp;anchor=para_B64_f_ii&amp;doctype=Appendix&amp;seq=2</ref:URI>
      <ref:URIDate>2011-03-25</ref:URIDate>
    </link:reference>
    <link:referenceArc xlink:type="arc" xlink:arcrole="http://www.xbrl.org/2003/arcrole/concept-reference" xlink:from="loc_31" xlink:to="res_15"/>
    <link:loc xlink:type="locator" xlink:href="../../ifrs-cor_2011-03-25.xsd#ifrs_LiabilitiesIncurred" xlink:label="loc_32"/>
    <link:reference xlink:type="resource" xlink:label="res_16" xlink:role="http://www.xbrl.org/2003/role/disclosureRef">
      <ref:Name>IFRS</ref:Name>
      <ref:Number>3</ref:Number>
      <ref:IssueDate>2011-01-01</ref:IssueDate>
      <ref:Paragraph>B64</ref:Paragraph>
      <ref:Subparagraph>f</ref:Subparagraph>
      <ref:Clause>iii</ref:Clause>
      <ref:URI>http://eifrs.ifrs.org/eifrs/XBRL?type=IFRS&amp;num=3&amp;date=2011-03-25&amp;anchor=para_B64_f_iii&amp;doctype=Appendix&amp;seq=2</ref:URI>
      <ref:URIDate>2011-03-25</ref:URIDate>
    </link:reference>
    <link:referenceArc xlink:type="arc" xlink:arcrole="http://www.xbrl.org/2003/arcrole/concept-reference" xlink:from="loc_32" xlink:to="res_16"/>
    <link:loc xlink:type="locator" xlink:href="../../ifrs-cor_2011-03-25.xsd#ifrs_EquityInterestsOfAcquirer" xlink:label="loc_33"/>
    <link:reference xlink:type="resource" xlink:label="res_18" xlink:role="http://www.xbrl.org/2003/role/disclosureRef">
      <ref:Name>IFRS</ref:Name>
      <ref:Number>3</ref:Number>
      <ref:IssueDate>2011-01-01</ref:IssueDate>
      <ref:Paragraph>B64</ref:Paragraph>
      <ref:Subparagraph>f</ref:Subparagraph>
      <ref:Clause>iv</ref:Clause>
      <ref:URI>http://eifrs.ifrs.org/eifrs/XBRL?type=IFRS&amp;num=3&amp;date=2011-03-25&amp;anchor=para_B64_f_iv&amp;doctype=Appendix&amp;seq=2</ref:URI>
      <ref:URIDate>2011-03-25</ref:URIDate>
    </link:reference>
    <link:referenceArc xlink:type="arc" xlink:arcrole="http://www.xbrl.org/2003/arcrole/concept-reference" xlink:from="loc_33" xlink:to="res_18"/>
    <link:loc xlink:type="locator" xlink:href="../../ifrs-cor_2011-03-25.xsd#ifrs_ContingentConsiderationArrangementsAndIndemnificationAssetsRecognisedAsOfAcquisitionDate" xlink:label="loc_34"/>
    <link:reference xlink:type="resource" xlink:label="res_19" xlink:role="http://www.xbrl.org/2003/role/disclosureRef">
      <ref:Name>IFRS</ref:Name>
      <ref:Number>3</ref:Number>
      <ref:IssueDate>2011-01-01</ref:IssueDate>
      <ref:Paragraph>B64</ref:Paragraph>
      <ref:Subparagraph>g</ref:Subparagraph>
      <ref:Clause>i</ref:Clause>
      <ref:URI>http://eifrs.ifrs.org/eifrs/XBRL?type=IFRS&amp;num=3&amp;date=2011-03-25&amp;anchor=para_B64_g_i&amp;doctype=Appendix&amp;seq=2</ref:URI>
      <ref:URIDate>2011-03-25</ref:URIDate>
    </link:reference>
    <link:referenceArc xlink:type="arc" xlink:arcrole="http://www.xbrl.org/2003/arcrole/concept-reference" xlink:from="loc_34" xlink:to="res_19"/>
    <link:loc xlink:type="locator" xlink:href="../../ifrs-cor_2011-03-25.xsd#ifrs_DescriptionOfArrangementForContingentConsiderationArrangementsAndIndemnificationAssets" xlink:label="loc_38"/>
    <link:reference xlink:type="resource" xlink:label="res_21" xlink:role="http://www.xbrl.org/2003/role/disclosureRef">
      <ref:Name>IFRS</ref:Name>
      <ref:Number>3</ref:Number>
      <ref:IssueDate>2011-01-01</ref:IssueDate>
      <ref:Paragraph>B64</ref:Paragraph>
      <ref:Subparagraph>g</ref:Subparagraph>
      <ref:Clause>ii</ref:Clause>
      <ref:URI>http://eifrs.ifrs.org/eifrs/XBRL?type=IFRS&amp;num=3&amp;date=2011-03-25&amp;anchor=para_B64_g_ii&amp;doctype=Appendix&amp;seq=2</ref:URI>
      <ref:URIDate>2011-03-25</ref:URIDate>
    </link:reference>
    <link:referenceArc xlink:type="arc" xlink:arcrole="http://www.xbrl.org/2003/arcrole/concept-reference" xlink:from="loc_38" xlink:to="res_21"/>
    <link:loc xlink:type="locator" xlink:href="../../ifrs-cor_2011-03-25.xsd#ifrs_DescriptionOfEstimateOfRangeOfOutcomesFromContingentConsiderationArrangementsAndIndemnificationAssets" xlink:label="loc_40"/>
    <link:reference xlink:type="resource" xlink:label="res_22" xlink:role="http://www.xbrl.org/2003/role/disclosureRef">
      <ref:Name>IFRS</ref:Name>
      <ref:Number>3</ref:Number>
      <ref:IssueDate>2011-01-01</ref:IssueDate>
      <ref:Paragraph>B64</ref:Paragraph>
      <ref:Subparagraph>g</ref:Subparagraph>
      <ref:Clause>iii</ref:Clause>
      <ref:URI>http://eifrs.ifrs.org/eifrs/XBRL?type=IFRS&amp;num=3&amp;date=2011-03-25&amp;anchor=para_B64_g_iii&amp;doctype=Appendix&amp;seq=2</ref:URI>
      <ref:URIDate>2011-03-25</ref:URIDate>
    </link:reference>
    <link:referenceArc xlink:type="arc" xlink:arcrole="http://www.xbrl.org/2003/arcrole/concept-reference" xlink:from="loc_40" xlink:to="res_22"/>
    <link:loc xlink:type="locator" xlink:href="../../ifrs-cor_2011-03-25.xsd#ifrs_FairValueOfAcquiredReceivables" xlink:label="loc_43"/>
    <link:reference xlink:type="resource" xlink:label="res_23" xlink:role="http://www.xbrl.org/2003/role/disclosureRef">
      <ref:Name>IFRS</ref:Name>
      <ref:Number>3</ref:Number>
      <ref:IssueDate>2011-01-01</ref:IssueDate>
      <ref:Paragraph>B64</ref:Paragraph>
      <ref:Subparagraph>h</ref:Subparagraph>
      <ref:Clause>i</ref:Clause>
      <ref:URI>http://eifrs.ifrs.org/eifrs/XBRL?type=IFRS&amp;num=3&amp;date=2011-03-25&amp;anchor=para_B64_h_i&amp;doctype=Appendix&amp;seq=2</ref:URI>
      <ref:URIDate>2011-03-25</ref:URIDate>
    </link:reference>
    <link:referenceArc xlink:type="arc" xlink:arcrole="http://www.xbrl.org/2003/arcrole/concept-reference" xlink:from="loc_43" xlink:to="res_23"/>
    <link:loc xlink:type="locator" xlink:href="../../ifrs-cor_2011-03-25.xsd#ifrs_GrossContractualAmountsReceivableForAcquiredReceivables" xlink:label="loc_44"/>
    <link:reference xlink:type="resource" xlink:label="res_24" xlink:role="http://www.xbrl.org/2003/role/disclosureRef">
      <ref:Name>IFRS</ref:Name>
      <ref:Number>3</ref:Number>
      <ref:IssueDate>2011-01-01</ref:IssueDate>
      <ref:Paragraph>B64</ref:Paragraph>
      <ref:Subparagraph>h</ref:Subparagraph>
      <ref:Clause>ii</ref:Clause>
      <ref:URI>http://eifrs.ifrs.org/eifrs/XBRL?type=IFRS&amp;num=3&amp;date=2011-03-25&amp;anchor=para_B64_h_ii&amp;doctype=Appendix&amp;seq=2</ref:URI>
      <ref:URIDate>2011-03-25</ref:URIDate>
    </link:reference>
    <link:referenceArc xlink:type="arc" xlink:arcrole="http://www.xbrl.org/2003/arcrole/concept-reference" xlink:from="loc_44" xlink:to="res_24"/>
    <link:loc xlink:type="locator" xlink:href="../../ifrs-cor_2011-03-25.xsd#ifrs_BestEstimateAtAcquisitionDateOfContractualCashFlowsNotExpectedToBeCollectedForAcquiredReceivables" xlink:label="loc_45"/>
    <link:reference xlink:type="resource" xlink:label="res_25" xlink:role="http://www.xbrl.org/2003/role/disclosureRef">
      <ref:Name>IFRS</ref:Name>
      <ref:Number>3</ref:Number>
      <ref:IssueDate>2011-01-01</ref:IssueDate>
      <ref:Paragraph>B64</ref:Paragraph>
      <ref:Subparagraph>h</ref:Subparagraph>
      <ref:Clause>iii</ref:Clause>
      <ref:URI>http://eifrs.ifrs.org/eifrs/XBRL?type=IFRS&amp;num=3&amp;date=2011-03-25&amp;anchor=para_B64_h_iii&amp;doctype=Appendix&amp;seq=2</ref:URI>
      <ref:URIDate>2011-03-25</ref:URIDate>
    </link:reference>
    <link:referenceArc xlink:type="arc" xlink:arcrole="http://www.xbrl.org/2003/arcrole/concept-reference" xlink:from="loc_45" xlink:to="res_25"/>
    <link:loc xlink:type="locator" xlink:href="../../ifrs-cor_2011-03-25.xsd#ifrs_DescriptionOfReasonsWhyLiabilityCannotBeMeasuredReliably" xlink:label="loc_48"/>
    <link:reference xlink:type="resource" xlink:label="res_29" xlink:role="http://www.xbrl.org/2003/role/disclosureRef">
      <ref:Name>IFRS</ref:Name>
      <ref:Number>3</ref:Number>
      <ref:IssueDate>2011-01-01</ref:IssueDate>
      <ref:Paragraph>B64</ref:Paragraph>
      <ref:Subparagraph>j</ref:Subparagraph>
      <ref:Clause>ii</ref:Clause>
      <ref:URI>http://eifrs.ifrs.org/eifrs/XBRL?type=IFRS&amp;num=3&amp;date=2011-03-25&amp;anchor=para_B64_j_ii&amp;doctype=Appendix&amp;seq=2</ref:URI>
      <ref:URIDate>2011-03-25</ref:URIDate>
    </link:reference>
    <link:referenceArc xlink:type="arc" xlink:arcrole="http://www.xbrl.org/2003/arcrole/concept-reference" xlink:from="loc_48" xlink:to="res_29"/>
    <link:loc xlink:type="locator" xlink:href="../../ifrs-cor_2011-03-25.xsd#ifrs_GoodwillExpectedDeductibleForTaxPurposes" xlink:label="loc_49"/>
    <link:reference xlink:type="resource" xlink:label="res_31" xlink:role="http://www.xbrl.org/2003/role/disclosureRef">
      <ref:Name>IFRS</ref:Name>
      <ref:Number>3</ref:Number>
      <ref:IssueDate>2011-01-01</ref:IssueDate>
      <ref:Paragraph>B64</ref:Paragraph>
      <ref:Subparagraph>k</ref:Subparagraph>
      <ref:URI>http://eifrs.ifrs.org/eifrs/XBRL?type=IFRS&amp;num=3&amp;date=2011-03-25&amp;anchor=para_B64_k&amp;doctype=Appendix&amp;seq=2</ref:URI>
      <ref:URIDate>2011-03-25</ref:URIDate>
    </link:reference>
    <link:referenceArc xlink:type="arc" xlink:arcrole="http://www.xbrl.org/2003/arcrole/concept-reference" xlink:from="loc_49" xlink:to="res_31"/>
    <link:loc xlink:type="locator" xlink:href="../../ifrs-cor_2011-03-25.xsd#ifrs_ExplanationOfTransactionsRecognisedSeparatelyFromAcquisitionOfAssetsAndAssumptionOfLiabilitiesInBusinessCombination" xlink:label="loc_50"/>
    <link:reference xlink:type="resource" xlink:label="res_32" xlink:role="http://www.xbrl.org/2003/role/disclosureRef">
      <ref:Name>IFRS</ref:Name>
      <ref:Number>3</ref:Number>
      <ref:IssueDate>2011-01-01</ref:IssueDate>
      <ref:Paragraph>B64</ref:Paragraph>
      <ref:Subparagraph>l</ref:Subparagraph>
      <ref:URI>http://eifrs.ifrs.org/eifrs/XBRL?type=IFRS&amp;num=3&amp;date=2011-03-25&amp;anchor=para_B64_l&amp;doctype=Appendix&amp;seq=2</ref:URI>
      <ref:URIDate>2011-03-25</ref:URIDate>
    </link:reference>
    <link:referenceArc xlink:type="arc" xlink:arcrole="http://www.xbrl.org/2003/arcrole/concept-reference" xlink:from="loc_50" xlink:to="res_32"/>
    <link:reference xlink:type="resource" xlink:label="res_33" xlink:role="http://www.xbrl.org/2003/role/disclosureRef">
      <ref:Name>IFRS</ref:Name>
      <ref:Number>3</ref:Number>
      <ref:IssueDate>2011-01-01</ref:IssueDate>
      <ref:Paragraph>B64</ref:Paragraph>
      <ref:Subparagraph>m</ref:Subparagraph>
      <ref:URI>http://eifrs.ifrs.org/eifrs/XBRL?type=IFRS&amp;num=3&amp;date=2011-03-25&amp;anchor=para_B64_m&amp;doctype=Appendix&amp;seq=2</ref:URI>
      <ref:URIDate>2011-03-25</ref:URIDate>
    </link:reference>
    <link:referenceArc xlink:type="arc" xlink:arcrole="http://www.xbrl.org/2003/arcrole/concept-reference" xlink:from="loc_50" xlink:to="res_33"/>
    <link:reference xlink:type="resource" xlink:label="res_50" xlink:role="http://www.xbrl.org/2003/role/disclosureRef">
      <ref:Name>IFRS</ref:Name>
      <ref:Number>3</ref:Number>
      <ref:IssueDate>2011-01-01</ref:IssueDate>
      <ref:Paragraph>B64</ref:Paragraph>
      <ref:Subparagraph>l</ref:Subparagraph>
      <ref:Clause>i</ref:Clause>
      <ref:URI>http://eifrs.ifrs.org/eifrs/XBRL?type=IFRS&amp;num=3&amp;date=2011-03-25&amp;anchor=para_B64_l_i&amp;doctype=Appendix&amp;seq=2</ref:URI>
      <ref:URIDate>2011-03-25</ref:URIDate>
    </link:reference>
    <link:referenceArc xlink:type="arc" xlink:arcrole="http://www.xbrl.org/2003/arcrole/concept-reference" xlink:from="loc_50" xlink:to="res_50"/>
    <link:loc xlink:type="locator" xlink:href="../../ifrs-cor_2011-03-25.xsd#ifrs_ExplanationOfAmountOfAnyGainRecognisedAndLineItemInStatementOfComprehensiveIncomeInWhichGainIsRecognisedInBargainPurchase" xlink:label="loc_51"/>
    <link:reference xlink:type="resource" xlink:label="res_34" xlink:role="http://www.xbrl.org/2003/role/disclosureRef">
      <ref:Name>IFRS</ref:Name>
      <ref:Number>3</ref:Number>
      <ref:IssueDate>2011-01-01</ref:IssueDate>
      <ref:Paragraph>B64</ref:Paragraph>
      <ref:Subparagraph>n</ref:Subparagraph>
      <ref:Clause>i</ref:Clause>
      <ref:URI>http://eifrs.ifrs.org/eifrs/XBRL?type=IFRS&amp;num=3&amp;date=2011-03-25&amp;anchor=para_B64_n_i&amp;doctype=Appendix&amp;seq=2</ref:URI>
      <ref:URIDate>2011-03-25</ref:URIDate>
    </link:reference>
    <link:referenceArc xlink:type="arc" xlink:arcrole="http://www.xbrl.org/2003/arcrole/concept-reference" xlink:from="loc_51" xlink:to="res_34"/>
    <link:loc xlink:type="locator" xlink:href="../../ifrs-cor_2011-03-25.xsd#ifrs_NoncontrollingInterestInAcquireeRecognisedAtAcquisitionDate" xlink:label="loc_54"/>
    <link:reference xlink:type="resource" xlink:label="res_35" xlink:role="http://www.xbrl.org/2003/role/disclosureRef">
      <ref:Name>IFRS</ref:Name>
      <ref:Number>3</ref:Number>
      <ref:IssueDate>2011-01-01</ref:IssueDate>
      <ref:Paragraph>B64</ref:Paragraph>
      <ref:Subparagraph>o</ref:Subparagraph>
      <ref:Clause>i</ref:Clause>
      <ref:URI>http://eifrs.ifrs.org/eifrs/XBRL?type=IFRS&amp;num=3&amp;date=2011-03-25&amp;anchor=para_B64_o_i&amp;doctype=Appendix&amp;seq=2</ref:URI>
      <ref:URIDate>2011-03-25</ref:URIDate>
    </link:reference>
    <link:referenceArc xlink:type="arc" xlink:arcrole="http://www.xbrl.org/2003/arcrole/concept-reference" xlink:from="loc_54" xlink:to="res_35"/>
    <link:loc xlink:type="locator" xlink:href="../../ifrs-cor_2011-03-25.xsd#ifrs_DescriptionOfValuationTechniquesAndKeyModelInputsUsedForDeterminingNoncontrollingInterestInAnAcquireeMeasuredAtFairValue" xlink:label="loc_56"/>
    <link:reference xlink:type="resource" xlink:label="res_36" xlink:role="http://www.xbrl.org/2003/role/disclosureRef">
      <ref:Name>IFRS</ref:Name>
      <ref:Number>3</ref:Number>
      <ref:IssueDate>2011-01-01</ref:IssueDate>
      <ref:Paragraph>B64</ref:Paragraph>
      <ref:Subparagraph>o</ref:Subparagraph>
      <ref:Clause>ii</ref:Clause>
      <ref:URI>http://eifrs.ifrs.org/eifrs/XBRL?type=IFRS&amp;num=3&amp;date=2011-03-25&amp;anchor=para_B64_o_ii&amp;doctype=Appendix&amp;seq=2</ref:URI>
      <ref:URIDate>2011-03-25</ref:URIDate>
    </link:reference>
    <link:referenceArc xlink:type="arc" xlink:arcrole="http://www.xbrl.org/2003/arcrole/concept-reference" xlink:from="loc_56" xlink:to="res_36"/>
    <link:loc xlink:type="locator" xlink:href="../../ifrs-cor_2011-03-25.xsd#ifrs_AcquisitiondateFairValueOfEquityInterestInAcquireeHeldByAcquirerImmediatelyBeforeAcquisitionDate" xlink:label="loc_57"/>
    <link:reference xlink:type="resource" xlink:label="res_38" xlink:role="http://www.xbrl.org/2003/role/disclosureRef">
      <ref:Name>IFRS</ref:Name>
      <ref:Number>3</ref:Number>
      <ref:IssueDate>2011-01-01</ref:IssueDate>
      <ref:Paragraph>B64</ref:Paragraph>
      <ref:Subparagraph>p</ref:Subparagraph>
      <ref:Clause>i</ref:Clause>
      <ref:URI>http://eifrs.ifrs.org/eifrs/XBRL?type=IFRS&amp;num=3&amp;date=2011-03-25&amp;anchor=para_B64_p_i&amp;doctype=Appendix&amp;seq=2</ref:URI>
      <ref:URIDate>2011-03-25</ref:URIDate>
    </link:reference>
    <link:referenceArc xlink:type="arc" xlink:arcrole="http://www.xbrl.org/2003/arcrole/concept-reference" xlink:from="loc_57" xlink:to="res_38"/>
    <link:loc xlink:type="locator" xlink:href="../../ifrs-cor_2011-03-25.xsd#ifrs_RevenueOfAcquiree" xlink:label="loc_58"/>
    <link:reference xlink:type="resource" xlink:label="res_41" xlink:role="http://www.xbrl.org/2003/role/disclosureRef">
      <ref:Name>IFRS</ref:Name>
      <ref:Number>3</ref:Number>
      <ref:IssueDate>2011-01-01</ref:IssueDate>
      <ref:Paragraph>B64</ref:Paragraph>
      <ref:Subparagraph>q</ref:Subparagraph>
      <ref:Clause>i</ref:Clause>
      <ref:URI>http://eifrs.ifrs.org/eifrs/XBRL?type=IFRS&amp;num=3&amp;date=2011-03-25&amp;anchor=para_B64_q_i&amp;doctype=Appendix&amp;seq=2</ref:URI>
      <ref:URIDate>2011-03-25</ref:URIDate>
    </link:reference>
    <link:referenceArc xlink:type="arc" xlink:arcrole="http://www.xbrl.org/2003/arcrole/concept-reference" xlink:from="loc_58" xlink:to="res_41"/>
    <link:loc xlink:type="locator" xlink:href="../../ifrs-cor_2011-03-25.xsd#ifrs_RevenueOfCombinedEntity" xlink:label="loc_59"/>
    <link:reference xlink:type="resource" xlink:label="res_44" xlink:role="http://www.xbrl.org/2003/role/disclosureRef">
      <ref:Name>IFRS</ref:Name>
      <ref:Number>3</ref:Number>
      <ref:IssueDate>2011-01-01</ref:IssueDate>
      <ref:Paragraph>B64</ref:Paragraph>
      <ref:Subparagraph>q</ref:Subparagraph>
      <ref:Clause>ii</ref:Clause>
      <ref:URI>http://eifrs.ifrs.org/eifrs/XBRL?type=IFRS&amp;num=3&amp;date=2011-03-25&amp;anchor=para_B64_q_ii&amp;doctype=Appendix&amp;seq=2</ref:URI>
      <ref:URIDate>2011-03-25</ref:URIDate>
    </link:reference>
    <link:referenceArc xlink:type="arc" xlink:arcrole="http://www.xbrl.org/2003/arcrole/concept-reference" xlink:from="loc_59" xlink:to="res_44"/>
    <link:loc xlink:type="locator" xlink:href="../../ifrs-cor_2011-03-25.xsd#ifrs_DescriptionOfReasonsWhyInitialAccountingForBusinessCombinationIsIncomplete" xlink:label="loc_61"/>
    <link:reference xlink:type="resource" xlink:label="res_45" xlink:role="http://www.xbrl.org/2003/role/disclosureRef">
      <ref:Name>IFRS</ref:Name>
      <ref:Number>3</ref:Number>
      <ref:IssueDate>2011-01-01</ref:IssueDate>
      <ref:Paragraph>B67</ref:Paragraph>
      <ref:Subparagraph>a</ref:Subparagraph>
      <ref:Clause>i</ref:Clause>
      <ref:URI>http://eifrs.ifrs.org/eifrs/XBRL?type=IFRS&amp;num=3&amp;date=2011-03-25&amp;anchor=para_B67_a_i&amp;doctype=Appendix&amp;seq=2</ref:URI>
      <ref:URIDate>2011-03-25</ref:URIDate>
    </link:reference>
    <link:referenceArc xlink:type="arc" xlink:arcrole="http://www.xbrl.org/2003/arcrole/concept-reference" xlink:from="loc_61" xlink:to="res_45"/>
    <link:loc xlink:type="locator" xlink:href="../../ifrs-cor_2011-03-25.xsd#ifrs_DescriptionOfAmountsOfAssetsLiabilitiesEquityInterestsOrItemsOfConsiderationForWhichInitialAccountingIsIncomplete" xlink:label="loc_63"/>
    <link:reference xlink:type="resource" xlink:label="res_46" xlink:role="http://www.xbrl.org/2003/role/disclosureRef">
      <ref:Name>IFRS</ref:Name>
      <ref:Number>3</ref:Number>
      <ref:IssueDate>2011-01-01</ref:IssueDate>
      <ref:Paragraph>B67</ref:Paragraph>
      <ref:Subparagraph>a</ref:Subparagraph>
      <ref:Clause>ii</ref:Clause>
      <ref:URI>http://eifrs.ifrs.org/eifrs/XBRL?type=IFRS&amp;num=3&amp;date=2011-03-25&amp;anchor=para_B67_a_ii&amp;doctype=Appendix&amp;seq=2</ref:URI>
      <ref:URIDate>2011-03-25</ref:URIDate>
    </link:reference>
    <link:referenceArc xlink:type="arc" xlink:arcrole="http://www.xbrl.org/2003/arcrole/concept-reference" xlink:from="loc_63" xlink:to="res_46"/>
    <link:loc xlink:type="locator" xlink:href="../../ifrs-cor_2011-03-25.xsd#ifrs_DescriptionOfNatureAndAmountOfAnyMeasurementPeriodAdjustmentsRecognisedForParticularAssetsLiabilitiesNoncontrollingInterestsOrItemsOfConsideration" xlink:label="loc_64"/>
    <link:reference xlink:type="resource" xlink:label="res_47" xlink:role="http://www.xbrl.org/2003/role/disclosureRef">
      <ref:Name>IFRS</ref:Name>
      <ref:Number>3</ref:Number>
      <ref:IssueDate>2011-01-01</ref:IssueDate>
      <ref:Paragraph>B67</ref:Paragraph>
      <ref:Subparagraph>a</ref:Subparagraph>
      <ref:Clause>iii</ref:Clause>
      <ref:URI>http://eifrs.ifrs.org/eifrs/XBRL?type=IFRS&amp;num=3&amp;date=2011-03-25&amp;anchor=para_B67_a_iii&amp;doctype=Appendix&amp;seq=2</ref:URI>
      <ref:URIDate>2011-03-25</ref:URIDate>
    </link:reference>
    <link:referenceArc xlink:type="arc" xlink:arcrole="http://www.xbrl.org/2003/arcrole/concept-reference" xlink:from="loc_64" xlink:to="res_47"/>
    <link:loc xlink:type="locator" xlink:href="../../ifrs-cor_2011-03-25.xsd#ifrs_ExplanationOfAnyChangesInRecognisedAmountsOfContingentConsideration" xlink:label="loc_65"/>
    <link:reference xlink:type="resource" xlink:label="res_48" xlink:role="http://www.xbrl.org/2003/role/disclosureRef">
      <ref:Name>IFRS</ref:Name>
      <ref:Number>3</ref:Number>
      <ref:IssueDate>2011-01-01</ref:IssueDate>
      <ref:Paragraph>B67</ref:Paragraph>
      <ref:Subparagraph>b</ref:Subparagraph>
      <ref:Clause>i</ref:Clause>
      <ref:URI>http://eifrs.ifrs.org/eifrs/XBRL?type=IFRS&amp;num=3&amp;date=2011-03-25&amp;anchor=para_B67_b_i&amp;doctype=Appendix&amp;seq=2</ref:URI>
      <ref:URIDate>2011-03-25</ref:URIDate>
    </link:reference>
    <link:referenceArc xlink:type="arc" xlink:arcrole="http://www.xbrl.org/2003/arcrole/concept-reference" xlink:from="loc_65" xlink:to="res_48"/>
    <link:loc xlink:type="locator" xlink:href="../../ifrs-cor_2011-03-25.xsd#ifrs_ExplanationOfAnyChangesInRangeOfOutcomesUndiscountedAndReasonsForThoseChangesForContingentConsideration" xlink:label="loc_66"/>
    <link:reference xlink:type="resource" xlink:label="res_49" xlink:role="http://www.xbrl.org/2003/role/disclosureRef">
      <ref:Name>IFRS</ref:Name>
      <ref:Number>3</ref:Number>
      <ref:IssueDate>2011-01-01</ref:IssueDate>
      <ref:Paragraph>B67</ref:Paragraph>
      <ref:Subparagraph>b</ref:Subparagraph>
      <ref:Clause>ii</ref:Clause>
      <ref:URI>http://eifrs.ifrs.org/eifrs/XBRL?type=IFRS&amp;num=3&amp;date=2011-03-25&amp;anchor=para_B67_b_ii&amp;doctype=Appendix&amp;seq=2</ref:URI>
      <ref:URIDate>2011-03-25</ref:URIDate>
    </link:reference>
    <link:referenceArc xlink:type="arc" xlink:arcrole="http://www.xbrl.org/2003/arcrole/concept-reference" xlink:from="loc_66" xlink:to="res_49"/>
    <link:loc xlink:type="locator" xlink:href="../../ifrs-cor_2011-03-25.xsd#ifrs_DescriptionOfValuationTechniquesAndKeyModelInputsUsedToMeasureContingentConsideration" xlink:label="loc_67"/>
    <link:reference xlink:type="resource" xlink:label="res_51" xlink:role="http://www.xbrl.org/2003/role/disclosureRef">
      <ref:Name>IFRS</ref:Name>
      <ref:Number>3</ref:Number>
      <ref:IssueDate>2011-01-01</ref:IssueDate>
      <ref:Paragraph>B67</ref:Paragraph>
      <ref:Subparagraph>b</ref:Subparagraph>
      <ref:Clause>iii</ref:Clause>
      <ref:URI>http://eifrs.ifrs.org/eifrs/XBRL?type=IFRS&amp;num=3&amp;date=2011-03-25&amp;anchor=para_B67_b_iii&amp;doctype=Appendix&amp;seq=2</ref:URI>
      <ref:URIDate>2011-03-25</ref:URIDate>
    </link:reference>
    <link:referenceArc xlink:type="arc" xlink:arcrole="http://www.xbrl.org/2003/arcrole/concept-reference" xlink:from="loc_67" xlink:to="res_51"/>
    <link:loc xlink:type="locator" xlink:href="../../ifrs-cor_2011-03-25.xsd#ifrs_GainLossThatRelatesToIdentifiableAssetsAcquiredOrLiabilitiesAssumedInBusinessCombination" xlink:label="loc_72"/>
    <link:reference xlink:type="resource" xlink:label="res_52" xlink:role="http://www.xbrl.org/2003/role/disclosureRef">
      <ref:Name>IFRS</ref:Name>
      <ref:Number>3</ref:Number>
      <ref:IssueDate>2011-01-01</ref:IssueDate>
      <ref:Paragraph>B67</ref:Paragraph>
      <ref:Subparagraph>e</ref:Subparagraph>
      <ref:URI>http://eifrs.ifrs.org/eifrs/XBRL?type=IFRS&amp;num=3&amp;date=2011-03-25&amp;anchor=para_B67_e&amp;doctype=Appendix&amp;seq=2</ref:URI>
      <ref:URIDate>2011-03-25</ref:URIDate>
    </link:reference>
    <link:referenceArc xlink:type="arc" xlink:arcrole="http://www.xbrl.org/2003/arcrole/concept-reference" xlink:from="loc_72" xlink:to="res_52"/>
    <link:loc xlink:type="locator" xlink:href="../../ifrs-cor_2011-03-25.xsd#ifrs_ExplanationWhichDisclosuresCouldNotBeMadeAndReasonsWhyTheyCannotBeMadeIfInitialAccountingForBusinessCombinationIsIncomplete" xlink:label="loc_75"/>
    <link:reference xlink:type="resource" xlink:label="res_54" xlink:role="http://www.xbrl.org/2003/role/disclosureRef">
      <ref:Name>IFRS</ref:Name>
      <ref:Number>3</ref:Number>
      <ref:IssueDate>2011-01-01</ref:IssueDate>
      <ref:Paragraph>B66</ref:Paragraph>
      <ref:URI>http://eifrs.ifrs.org/eifrs/XBRL?type=IFRS&amp;num=3&amp;date=2011-03-25&amp;anchor=para_B66&amp;doctype=Appendix&amp;seq=2</ref:URI>
      <ref:URIDate>2011-03-25</ref:URIDate>
    </link:reference>
    <link:referenceArc xlink:type="arc" xlink:arcrole="http://www.xbrl.org/2003/arcrole/concept-reference" xlink:from="loc_75" xlink:to="res_54"/>
    <link:loc xlink:type="locator" xlink:href="../../ifrs-cor_2011-03-25.xsd#ifrs_DescriptionOfReasonsWhyTransactionResultedInGainInBargainPurchase" xlink:label="loc_53"/>
    <link:reference xlink:type="resource" xlink:label="res_55" xlink:role="http://www.xbrl.org/2003/role/disclosureRef">
      <ref:Name>IFRS</ref:Name>
      <ref:Number>3</ref:Number>
      <ref:IssueDate>2011-01-01</ref:IssueDate>
      <ref:Paragraph>B64</ref:Paragraph>
      <ref:Subparagraph>n</ref:Subparagraph>
      <ref:Clause>ii</ref:Clause>
      <ref:URI>http://eifrs.ifrs.org/eifrs/XBRL?type=IFRS&amp;num=3&amp;date=2011-03-25&amp;anchor=para_B64_n_ii&amp;doctype=Appendix&amp;seq=2</ref:URI>
      <ref:URIDate>2011-03-25</ref:URIDate>
    </link:reference>
    <link:referenceArc xlink:type="arc" xlink:arcrole="http://www.xbrl.org/2003/arcrole/concept-reference" xlink:from="loc_53" xlink:to="res_55"/>
    <link:loc xlink:type="locator" xlink:href="../../ifrs-cor_2011-03-25.xsd#ifrs_AdditionalInformationAboutNatureAndFinancialEffectOfBusinessCombination" xlink:label="loc_5"/>
    <link:reference xlink:type="resource" xlink:label="res_56" xlink:role="http://www.xbrl.org/2003/role/disclosureRef">
      <ref:Name>IFRS</ref:Name>
      <ref:Number>3</ref:Number>
      <ref:IssueDate>2011-01-01</ref:IssueDate>
      <ref:Paragraph>63</ref:Paragraph>
      <ref:URI>http://eifrs.ifrs.org/eifrs/XBRL?type=IFRS&amp;num=3&amp;date=2011-03-25&amp;anchor=para_63&amp;doctype=Standard</ref:URI>
      <ref:URIDate>2011-03-25</ref:URIDate>
    </link:reference>
    <link:referenceArc xlink:type="arc" xlink:arcrole="http://www.xbrl.org/2003/arcrole/concept-reference" xlink:from="loc_5" xlink:to="res_56"/>
    <link:loc xlink:type="locator" xlink:href="../../ifrs-cor_2011-03-25.xsd#ifrs_DisclosureOfFactAndExplanationWhyDisclosureOfInformationForEachBusinessCombinationIsImpracticable" xlink:label="loc_74"/>
    <link:reference xlink:type="resource" xlink:label="res_57" xlink:role="http://www.xbrl.org/2003/role/disclosureRef">
      <ref:Name>IFRS</ref:Name>
      <ref:Number>3</ref:Number>
      <ref:IssueDate>2011-01-01</ref:IssueDate>
      <ref:Paragraph>B64</ref:Paragraph>
      <ref:Subparagraph>q</ref:Subparagraph>
      <ref:URI>http://eifrs.ifrs.org/eifrs/XBRL?type=IFRS&amp;num=3&amp;date=2011-03-25&amp;anchor=para_B64_q&amp;doctype=Appendix&amp;seq=2</ref:URI>
      <ref:URIDate>2011-03-25</ref:URIDate>
    </link:reference>
    <link:referenceArc xlink:type="arc" xlink:arcrole="http://www.xbrl.org/2003/arcrole/concept-reference" xlink:from="loc_74" xlink:to="res_57"/>
    <link:loc xlink:type="locator" xlink:href="../../ifrs-cor_2011-03-25.xsd#ifrs_DescriptionOfLineItemInStatementOfComprehensiveIncomeInWhichGainOrLossAsResultOfRemeasuringToFairValueEquityInterestIsRecognised" xlink:label="loc_37"/>
    <link:reference xlink:type="resource" xlink:label="res_61" xlink:role="http://www.xbrl.org/2003/role/disclosureRef">
      <ref:Name>IFRS</ref:Name>
      <ref:Number>3</ref:Number>
      <ref:IssueDate>2011-01-01</ref:IssueDate>
      <ref:Paragraph>B64</ref:Paragraph>
      <ref:Subparagraph>p</ref:Subparagraph>
      <ref:Clause>ii</ref:Clause>
      <ref:URI>http://eifrs.ifrs.org/eifrs/XBRL?type=IFRS&amp;num=3&amp;date=2011-03-25&amp;anchor=para_B64_p_ii&amp;doctype=Appendix&amp;seq=2</ref:URI>
      <ref:URIDate>2011-03-25</ref:URIDate>
    </link:reference>
    <link:referenceArc xlink:type="arc" xlink:arcrole="http://www.xbrl.org/2003/arcrole/concept-reference" xlink:from="loc_37" xlink:to="res_61"/>
    <link:loc xlink:type="locator" xlink:href="../../ifrs-cor_2011-03-25.xsd#ifrs_SubsequentRecognitionOfDeferredTaxAssetsGoodwill" xlink:label="loc_80"/>
    <link:reference xlink:type="resource" xlink:label="res_58" xlink:role="http://www.xbrl.org/2003/role/disclosureRef">
      <ref:Name>IFRS</ref:Name>
      <ref:Number>3</ref:Number>
      <ref:IssueDate>2011-01-01</ref:IssueDate>
      <ref:Paragraph>B67</ref:Paragraph>
      <ref:Subparagraph>d</ref:Subparagraph>
      <ref:Clause>iii</ref:Clause>
      <ref:URI>http://eifrs.ifrs.org/eifrs/XBRL?type=IFRS&amp;num=3&amp;date=2011-03-25&amp;anchor=para_B67_d_iii&amp;doctype=Appendix&amp;seq=2</ref:URI>
      <ref:URIDate>2011-03-25</ref:URIDate>
    </link:reference>
    <link:referenceArc xlink:type="arc" xlink:arcrole="http://www.xbrl.org/2003/arcrole/concept-reference" xlink:from="loc_80" xlink:to="res_58"/>
    <link:loc xlink:type="locator" xlink:href="../../ifrs-cor_2011-03-25.xsd#ifrs_DescriptionOfAccountingForTransactionRecognisedSeparatelyFromAcquisitionOfAssetsAndAssumptionOfLiabilitiesInBusinessCombination" xlink:label="loc_85"/>
    <link:reference xlink:type="resource" xlink:label="res_59" xlink:role="http://www.xbrl.org/2003/role/disclosureRef">
      <ref:Name>IFRS</ref:Name>
      <ref:Number>3</ref:Number>
      <ref:IssueDate>2011-01-01</ref:IssueDate>
      <ref:Paragraph>B64</ref:Paragraph>
      <ref:Subparagraph>l</ref:Subparagraph>
      <ref:Clause>ii</ref:Clause>
      <ref:URI>http://eifrs.ifrs.org/eifrs/XBRL?type=IFRS&amp;num=3&amp;date=2011-03-25&amp;anchor=para_B64_l_ii&amp;doctype=Appendix&amp;seq=2</ref:URI>
      <ref:URIDate>2011-03-25</ref:URIDate>
    </link:reference>
    <link:referenceArc xlink:type="arc" xlink:arcrole="http://www.xbrl.org/2003/arcrole/concept-reference" xlink:from="loc_85" xlink:to="res_59"/>
    <link:loc xlink:type="locator" xlink:href="../../ifrs-cor_2011-03-25.xsd#ifrs_AmountsRecognisedForTransactionRecognisedSeparatelyFromAcquisitionOfAssetsAndAssumptionOfLiabilitiesInBusinessCombination" xlink:label="loc_86"/>
    <link:reference xlink:type="resource" xlink:label="res_60" xlink:role="http://www.xbrl.org/2003/role/disclosureRef">
      <ref:Name>IFRS</ref:Name>
      <ref:Number>3</ref:Number>
      <ref:IssueDate>2011-01-01</ref:IssueDate>
      <ref:Paragraph>B64</ref:Paragraph>
      <ref:Subparagraph>l</ref:Subparagraph>
      <ref:Clause>iii</ref:Clause>
      <ref:URI>http://eifrs.ifrs.org/eifrs/XBRL?type=IFRS&amp;num=3&amp;date=2011-03-25&amp;anchor=para_B64_l_iii&amp;doctype=Appendix&amp;seq=2</ref:URI>
      <ref:URIDate>2011-03-25</ref:URIDate>
    </link:reference>
    <link:referenceArc xlink:type="arc" xlink:arcrole="http://www.xbrl.org/2003/arcrole/concept-reference" xlink:from="loc_86" xlink:to="res_60"/>
    <link:loc xlink:type="locator" xlink:href="../../ifrs-cor_2011-03-25.xsd#ifrs_MethodUsedToDetermineSettlementAmountForPreexistingRelationshipForTransactionRecognisedSeparatelyFromAcquisitionOfAssetsAndAssumptionOfLiabilitiesInBusinessCombination" xlink:label="loc_92"/>
    <link:reference xlink:type="resource" xlink:label="res_62" xlink:role="http://www.xbrl.org/2003/role/disclosureRef">
      <ref:Name>IFRS</ref:Name>
      <ref:Number>3</ref:Number>
      <ref:IssueDate>2011-01-01</ref:IssueDate>
      <ref:Paragraph>B64</ref:Paragraph>
      <ref:Subparagraph>l</ref:Subparagraph>
      <ref:Clause>iv</ref:Clause>
      <ref:URI>http://eifrs.ifrs.org/eifrs/XBRL?type=IFRS&amp;num=3&amp;date=2011-03-25&amp;anchor=para_B64_l_iv&amp;doctype=Appendix&amp;seq=2</ref:URI>
      <ref:URIDate>2011-03-25</ref:URIDate>
    </link:reference>
    <link:referenceArc xlink:type="arc" xlink:arcrole="http://www.xbrl.org/2003/arcrole/concept-reference" xlink:from="loc_92" xlink:to="res_62"/>
    <link:loc xlink:type="locator" xlink:href="../../ifrs-cor_2011-03-25.xsd#ifrs_ClassesOfAcquiredReceivablesAxis" xlink:label="loc_94"/>
    <link:reference xlink:type="resource" xlink:label="res_63" xlink:role="http://www.xbrl.org/2003/role/disclosureRef">
      <ref:Name>IFRS</ref:Name>
      <ref:Number>3</ref:Number>
      <ref:IssueDate>2011-01-01</ref:IssueDate>
      <ref:Paragraph>B64</ref:Paragraph>
      <ref:Subparagraph>h</ref:Subparagraph>
      <ref:URI>http://eifrs.ifrs.org/eifrs/XBRL?type=IFRS&amp;num=3&amp;date=2011-03-25&amp;anchor=para_B64_h&amp;doctype=Appendix&amp;seq=2</ref:URI>
      <ref:URIDate>2011-03-25</ref:URIDate>
    </link:reference>
    <link:referenceArc xlink:type="arc" xlink:arcrole="http://www.xbrl.org/2003/arcrole/concept-reference" xlink:from="loc_94" xlink:to="res_63"/>
    <link:loc xlink:type="locator" xlink:href="../../ifrs-cor_2011-03-25.xsd#ifrs_LoansAcquiredInBusinessCombinationMember" xlink:label="loc_96"/>
    <link:reference xlink:type="resource" xlink:label="res_64" xlink:role="http://www.xbrl.org/2003/role/exampleRef">
      <ref:Name>IFRS</ref:Name>
      <ref:Number>3</ref:Number>
      <ref:IssueDate>2011-01-01</ref:IssueDate>
      <ref:Paragraph>B64</ref:Paragraph>
      <ref:Subparagraph>h</ref:Subparagraph>
      <ref:URI>http://eifrs.ifrs.org/eifrs/XBRL?type=IFRS&amp;num=3&amp;date=2011-03-25&amp;anchor=para_B64_h&amp;doctype=Appendix&amp;seq=2</ref:URI>
      <ref:URIDate>2011-03-25</ref:URIDate>
    </link:reference>
    <link:referenceArc xlink:type="arc" xlink:arcrole="http://www.xbrl.org/2003/arcrole/concept-reference" xlink:from="loc_96" xlink:to="res_64"/>
    <link:loc xlink:type="locator" xlink:href="../../ifrs-cor_2011-03-25.xsd#ifrs_DisclosureOfContingentLiabilitiesInBusinessCombinationTable" xlink:label="loc_98"/>
    <link:reference xlink:type="resource" xlink:label="res_65" xlink:role="http://www.xbrl.org/2003/role/disclosureRef">
      <ref:Name>IFRS</ref:Name>
      <ref:Number>3</ref:Number>
      <ref:IssueDate>2011-01-01</ref:IssueDate>
      <ref:Paragraph>B64</ref:Paragraph>
      <ref:Subparagraph>j</ref:Subparagraph>
      <ref:URI>http://eifrs.ifrs.org/eifrs/XBRL?type=IFRS&amp;num=3&amp;date=2011-03-25&amp;anchor=para_B64_j&amp;doctype=Appendix&amp;seq=2</ref:URI>
      <ref:URIDate>2011-03-25</ref:URIDate>
    </link:reference>
    <link:referenceArc xlink:type="arc" xlink:arcrole="http://www.xbrl.org/2003/arcrole/concept-reference" xlink:from="loc_98" xlink:to="res_65"/>
    <link:referenceArc xlink:type="arc" xlink:arcrole="http://www.xbrl.org/2003/arcrole/concept-reference" xlink:from="loc_98" xlink:to="res_2"/>
    <link:loc xlink:type="locator" xlink:href="../../ifrs-cor_2011-03-25.xsd#ifrs_DescriptionOfNatureOfObligationContingentLiabilitiesInBusinessCombination" xlink:label="loc_101"/>
    <link:referenceArc xlink:type="arc" xlink:arcrole="http://www.xbrl.org/2003/arcrole/concept-reference" xlink:from="loc_101" xlink:to="res_2"/>
    <link:referenceArc xlink:type="arc" xlink:arcrole="http://www.xbrl.org/2003/arcrole/concept-reference" xlink:from="loc_101" xlink:to="res_65"/>
    <link:reference xlink:type="resource" xlink:label="res_66" xlink:role="http://www.xbrl.org/2003/role/disclosureRef">
      <ref:Name>IFRS</ref:Name>
      <ref:Number>3</ref:Number>
      <ref:IssueDate>2011-01-01</ref:IssueDate>
      <ref:Paragraph>B64</ref:Paragraph>
      <ref:Subparagraph>j</ref:Subparagraph>
      <ref:Clause>i</ref:Clause>
      <ref:URI>http://eifrs.ifrs.org/eifrs/XBRL?type=IFRS&amp;num=3&amp;date=2011-03-25&amp;anchor=para_B64_j_i&amp;doctype=Appendix&amp;seq=2</ref:URI>
      <ref:URIDate>2011-03-25</ref:URIDate>
    </link:reference>
    <link:referenceArc xlink:type="arc" xlink:arcrole="http://www.xbrl.org/2003/arcrole/concept-reference" xlink:from="loc_101" xlink:to="res_66"/>
    <link:loc xlink:type="locator" xlink:href="../../ifrs-cor_2011-03-25.xsd#ifrs_DescriptionOfExpectedTimingOfOutflowsContingentLiabilitiesInBusinessCombination" xlink:label="loc_102"/>
    <link:referenceArc xlink:type="arc" xlink:arcrole="http://www.xbrl.org/2003/arcrole/concept-reference" xlink:from="loc_102" xlink:to="res_2"/>
    <link:referenceArc xlink:type="arc" xlink:arcrole="http://www.xbrl.org/2003/arcrole/concept-reference" xlink:from="loc_102" xlink:to="res_65"/>
    <link:loc xlink:type="locator" xlink:href="../../ifrs-cor_2011-03-25.xsd#ifrs_IndicationOfUncertaintiesOfAmountOrTimingOfOutflowsContingentLiabilitiesInBusinessCombination" xlink:label="loc_103"/>
    <link:referenceArc xlink:type="arc" xlink:arcrole="http://www.xbrl.org/2003/arcrole/concept-reference" xlink:from="loc_103" xlink:to="res_2"/>
    <link:referenceArc xlink:type="arc" xlink:arcrole="http://www.xbrl.org/2003/arcrole/concept-reference" xlink:from="loc_103" xlink:to="res_65"/>
    <link:referenceArc xlink:type="arc" xlink:arcrole="http://www.xbrl.org/2003/arcrole/concept-reference" xlink:from="loc_103" xlink:to="res_66"/>
    <link:loc xlink:type="locator" xlink:href="../../ifrs-cor_2011-03-25.xsd#ifrs_DescriptionOfMajorAssumptionsMadeConcerningFutureEventsContingentLiabilitiesInBusinessCombination" xlink:label="loc_104"/>
    <link:referenceArc xlink:type="arc" xlink:arcrole="http://www.xbrl.org/2003/arcrole/concept-reference" xlink:from="loc_104" xlink:to="res_2"/>
    <link:referenceArc xlink:type="arc" xlink:arcrole="http://www.xbrl.org/2003/arcrole/concept-reference" xlink:from="loc_104" xlink:to="res_65"/>
    <link:loc xlink:type="locator" xlink:href="../../ifrs-cor_2011-03-25.xsd#ifrs_ExpectedReimbursementContingentLiabilitiesInBusinessCombination" xlink:label="loc_105"/>
    <link:referenceArc xlink:type="arc" xlink:arcrole="http://www.xbrl.org/2003/arcrole/concept-reference" xlink:from="loc_105" xlink:to="res_2"/>
    <link:referenceArc xlink:type="arc" xlink:arcrole="http://www.xbrl.org/2003/arcrole/concept-reference" xlink:from="loc_105" xlink:to="res_65"/>
    <link:loc xlink:type="locator" xlink:href="../../ifrs-cor_2011-03-25.xsd#ifrs_AssetRecognisedForExpectedReimbursementContingentLiabilitiesInBusinessCombination" xlink:label="loc_106"/>
    <link:referenceArc xlink:type="arc" xlink:arcrole="http://www.xbrl.org/2003/arcrole/concept-reference" xlink:from="loc_106" xlink:to="res_2"/>
    <link:referenceArc xlink:type="arc" xlink:arcrole="http://www.xbrl.org/2003/arcrole/concept-reference" xlink:from="loc_106" xlink:to="res_65"/>
    <link:loc xlink:type="locator" xlink:href="../../ifrs-cor_2011-03-25.xsd#ifrs_DisclosureOfReconciliationOfChangesInGoodwillTable" xlink:label="loc_46"/>
    <link:referenceArc xlink:type="arc" xlink:arcrole="http://www.xbrl.org/2003/arcrole/concept-reference" xlink:from="loc_46" xlink:to="res"/>
    <link:loc xlink:type="locator" xlink:href="../../ifrs-cor_2011-03-25.xsd#ifrs_ContingentLiabilitiesRecognisedInBusinessCombination" xlink:label="loc_109"/>
    <link:referenceArc xlink:type="arc" xlink:arcrole="http://www.xbrl.org/2003/arcrole/concept-reference" xlink:from="loc_109" xlink:to="res_2"/>
    <link:loc xlink:type="locator" xlink:href="../../ifrs-cor_2011-03-25.xsd#ifrs_AdditionalLiabilitiesContingentLiabilitiesRecognisedInBusinessCombination" xlink:label="loc_110"/>
    <link:referenceArc xlink:type="arc" xlink:arcrole="http://www.xbrl.org/2003/arcrole/concept-reference" xlink:from="loc_110" xlink:to="res_2"/>
    <link:loc xlink:type="locator" xlink:href="../../ifrs-cor_2011-03-25.xsd#ifrs_IncreaseDecreaseInExistingLiabilitiesContingentLiabilitiesRecognisedInBusinessCombination" xlink:label="loc_111"/>
    <link:referenceArc xlink:type="arc" xlink:arcrole="http://www.xbrl.org/2003/arcrole/concept-reference" xlink:from="loc_111" xlink:to="res_2"/>
    <link:loc xlink:type="locator" xlink:href="../../ifrs-cor_2011-03-25.xsd#ifrs_SettledLiabilitiesContingentLiabilitiesRecognisedInBusinessCombination" xlink:label="loc_112"/>
    <link:referenceArc xlink:type="arc" xlink:arcrole="http://www.xbrl.org/2003/arcrole/concept-reference" xlink:from="loc_112" xlink:to="res_2"/>
    <link:loc xlink:type="locator" xlink:href="../../ifrs-cor_2011-03-25.xsd#ifrs_ReversedUnsettledLiabilitiesContingentLiabilitiesRecognisedInBusinessCombination" xlink:label="loc_113"/>
    <link:referenceArc xlink:type="arc" xlink:arcrole="http://www.xbrl.org/2003/arcrole/concept-reference" xlink:from="loc_113" xlink:to="res_2"/>
    <link:loc xlink:type="locator" xlink:href="../../ifrs-cor_2011-03-25.xsd#ifrs_IncreaseThroughAdjustmentsArisingFromPassageOfTimeContingentLiabilitiesRecognisedInBusinessCombination" xlink:label="loc_114"/>
    <link:referenceArc xlink:type="arc" xlink:arcrole="http://www.xbrl.org/2003/arcrole/concept-reference" xlink:from="loc_114" xlink:to="res_2"/>
    <link:loc xlink:type="locator" xlink:href="../../ifrs-cor_2011-03-25.xsd#ifrs_IncreaseDecreaseThroughChangeInDiscountRateContingentLiabilitiesRecognisedInBusinessCombination" xlink:label="loc_115"/>
    <link:referenceArc xlink:type="arc" xlink:arcrole="http://www.xbrl.org/2003/arcrole/concept-reference" xlink:from="loc_115" xlink:to="res_2"/>
    <link:loc xlink:type="locator" xlink:href="../../ifrs-cor_2011-03-25.xsd#ifrs_IncreaseDecreaseInContingentLiabilitiesRecognisedInBusinessCombination" xlink:label="loc_116"/>
    <link:referenceArc xlink:type="arc" xlink:arcrole="http://www.xbrl.org/2003/arcrole/concept-reference" xlink:from="loc_116" xlink:to="res_2"/>
    <link:loc xlink:type="locator" xlink:href="../../ifrs-cor_2011-03-25.xsd#ifrs_GoodwillDerecognisedWithoutHavingPreviouslyBeenIncludedInDisposalGroupClassifiedAsHeldForSale" xlink:label="loc_76"/>
    <link:referenceArc xlink:type="arc" xlink:arcrole="http://www.xbrl.org/2003/arcrole/concept-reference" xlink:from="loc_76" xlink:to="res_40"/>
    <link:loc xlink:type="locator" xlink:href="../../ifrs-cor_2011-03-25.xsd#ifrs_DescriptionOfPrimaryReasonsForBusinessCombination" xlink:label="loc_27"/>
    <link:referenceArc xlink:type="arc" xlink:arcrole="http://www.xbrl.org/2003/arcrole/concept-reference" xlink:from="loc_27" xlink:to="res_10"/>
    <link:loc xlink:type="locator" xlink:href="../../ifrs-cor_2011-03-25.xsd#ifrs_NumberOfInstrumentsOrInterestsIssuedOrIssuable" xlink:label="loc_35"/>
    <link:referenceArc xlink:type="arc" xlink:arcrole="http://www.xbrl.org/2003/arcrole/concept-reference" xlink:from="loc_35" xlink:to="res_18"/>
    <link:loc xlink:type="locator" xlink:href="../../ifrs-cor_2011-03-25.xsd#ifrs_MethodOfDeterminingFairValueOfInstrumentsOrInterests" xlink:label="loc_36"/>
    <link:referenceArc xlink:type="arc" xlink:arcrole="http://www.xbrl.org/2003/arcrole/concept-reference" xlink:from="loc_36" xlink:to="res_18"/>
    <link:loc xlink:type="locator" xlink:href="../../ifrs-cor_2011-03-25.xsd#ifrs_DescriptionOfBasisForDeterminingAmountOfPaymentForContingentConsiderationArrangementsAndIndemnificationAssets" xlink:label="loc_39"/>
    <link:referenceArc xlink:type="arc" xlink:arcrole="http://www.xbrl.org/2003/arcrole/concept-reference" xlink:from="loc_39" xlink:to="res_21"/>
    <link:loc xlink:type="locator" xlink:href="../../ifrs-cor_2011-03-25.xsd#ifrs_DescriptionOfExplanationOfFactAndReasonsWhyRangeOfOutcomesFromContingentConsiderationArrangementsAndIndemnificationAssetsCannotBeEstimated" xlink:label="loc_41"/>
    <link:referenceArc xlink:type="arc" xlink:arcrole="http://www.xbrl.org/2003/arcrole/concept-reference" xlink:from="loc_41" xlink:to="res_22"/>
    <link:loc xlink:type="locator" xlink:href="../../ifrs-cor_2011-03-25.xsd#ifrs_ExplanationOfFactThatMaximumAmountOfPaymentForContingentConsiderationArrangementsAndIndemnificationAssetsIsUnlimited" xlink:label="loc_42"/>
    <link:referenceArc xlink:type="arc" xlink:arcrole="http://www.xbrl.org/2003/arcrole/concept-reference" xlink:from="loc_42" xlink:to="res_22"/>
    <link:loc xlink:type="locator" xlink:href="../../ifrs-cor_2011-03-25.xsd#ifrs_DisclosureOfTransactionsRecognisedSeparatelyFromAcquisitionOfAssetsAndAssumptionOfLiabilitiesInBusinessCombinationTable" xlink:label="loc_82"/>
    <link:referenceArc xlink:type="arc" xlink:arcrole="http://www.xbrl.org/2003/arcrole/concept-reference" xlink:from="loc_82" xlink:to="res_32"/>
    <link:loc xlink:type="locator" xlink:href="../../ifrs-cor_2011-03-25.xsd#ifrs_TransactionsRecognisedSeparatelyFromAcquisitionOfAssetsAndAssumptionOfLiabilitiesInBusinessCombinationAxis" xlink:label="loc_83"/>
    <link:referenceArc xlink:type="arc" xlink:arcrole="http://www.xbrl.org/2003/arcrole/concept-reference" xlink:from="loc_83" xlink:to="res_32"/>
    <link:loc xlink:type="locator" xlink:href="../../ifrs-cor_2011-03-25.xsd#ifrs_TransactionsRecognisedSeparatelyFromAcquisitionOfAssetsAndAssumptionOfLiabilitiesInBusinessCombinationMember" xlink:label="loc_84"/>
    <link:referenceArc xlink:type="arc" xlink:arcrole="http://www.xbrl.org/2003/arcrole/concept-reference" xlink:from="loc_84" xlink:to="res_32"/>
    <link:loc xlink:type="locator" xlink:href="../../ifrs-cor_2011-03-25.xsd#ifrs_AcquisitionrelatedCostsForTransactionRecognisedSeparatelyFromAcquisitionOfAssetsAndAssumptionOfLiabilitiesInBusinessCombination" xlink:label="loc_87"/>
    <link:referenceArc xlink:type="arc" xlink:arcrole="http://www.xbrl.org/2003/arcrole/concept-reference" xlink:from="loc_87" xlink:to="res_33"/>
    <link:loc xlink:type="locator" xlink:href="../../ifrs-cor_2011-03-25.xsd#ifrs_AcquisitionrelatedCostsRecognisedAsExpenseForTransactionRecognisedSeparatelyFromAcquisitionOfAssetsAndAssumptionOfLiabilitiesInBusinessCombination" xlink:label="loc_88"/>
    <link:referenceArc xlink:type="arc" xlink:arcrole="http://www.xbrl.org/2003/arcrole/concept-reference" xlink:from="loc_88" xlink:to="res_33"/>
    <link:loc xlink:type="locator" xlink:href="../../ifrs-cor_2011-03-25.xsd#ifrs_IssueCostsNotRecognisedAsExpenseForTransactionRecognisedSeparatelyFromAcquisitionOfAssetsAndAssumptionOfLiabilitiesInBusinessCombination" xlink:label="loc_89"/>
    <link:referenceArc xlink:type="arc" xlink:arcrole="http://www.xbrl.org/2003/arcrole/concept-reference" xlink:from="loc_89" xlink:to="res_33"/>
    <link:loc xlink:type="locator" xlink:href="../../ifrs-cor_2011-03-25.xsd#ifrs_DescriptionOfLineItemsForAcquisitionRelatedCostsRecognisedAsExpenseForTransactionRecognisedSeparatelyFromAcquisitionOfAssetsAndAssumptionOfLiabilitiesInBusinessCombination" xlink:label="loc_91"/>
    <link:referenceArc xlink:type="arc" xlink:arcrole="http://www.xbrl.org/2003/arcrole/concept-reference" xlink:from="loc_91" xlink:to="res_33"/>
    <link:loc xlink:type="locator" xlink:href="../../ifrs-cor_2011-03-25.xsd#ifrs_DescriptionOfHowIssueCostsNotRecognisedAsExpenseWereRecognisedForTransactionRecognisedSeparatelyFromAcquisitionOfAssetsAndAssumptionOfLiabilitiesInBusinessCombination" xlink:label="loc_93"/>
    <link:referenceArc xlink:type="arc" xlink:arcrole="http://www.xbrl.org/2003/arcrole/concept-reference" xlink:from="loc_93" xlink:to="res_33"/>
    <link:loc xlink:type="locator" xlink:href="../../ifrs-cor_2011-03-25.xsd#ifrs_GainRecognisedInBargainPurchaseTransaction" xlink:label="loc_11"/>
    <link:referenceArc xlink:type="arc" xlink:arcrole="http://www.xbrl.org/2003/arcrole/concept-reference" xlink:from="loc_11" xlink:to="res_34"/>
    <link:loc xlink:type="locator" xlink:href="../../ifrs-cor_2011-03-25.xsd#ifrs_DescriptionOfMeasurementBasisForNoncontrollingInterestInAcquireeRecognisedAtAcquisitionDate" xlink:label="loc_55"/>
    <link:referenceArc xlink:type="arc" xlink:arcrole="http://www.xbrl.org/2003/arcrole/concept-reference" xlink:from="loc_55" xlink:to="res_35"/>
    <link:loc xlink:type="locator" xlink:href="../../ifrs-cor_2011-03-25.xsd#ifrs_ProfitLossOfAcquiree" xlink:label="loc_60"/>
    <link:referenceArc xlink:type="arc" xlink:arcrole="http://www.xbrl.org/2003/arcrole/concept-reference" xlink:from="loc_60" xlink:to="res_41"/>
    <link:loc xlink:type="locator" xlink:href="../../ifrs-cor_2011-03-25.xsd#ifrs_ProfitLossOfCombinedEntity" xlink:label="loc_62"/>
    <link:referenceArc xlink:type="arc" xlink:arcrole="http://www.xbrl.org/2003/arcrole/concept-reference" xlink:from="loc_62" xlink:to="res_44"/>
    <link:loc xlink:type="locator" xlink:href="../../ifrs-cor_2011-03-25.xsd#ifrs_MeasurementPeriodAdjustmentsRecognisedForParticularAssetsLiabilitiesNoncontrollingInterestsOrItemsOfConsideration" xlink:label="loc_120"/>
    <link:referenceArc xlink:type="arc" xlink:arcrole="http://www.xbrl.org/2003/arcrole/concept-reference" xlink:from="loc_120" xlink:to="res_47"/>
    <link:loc xlink:type="locator" xlink:href="../../ifrs-cor_2011-03-25.xsd#ifrs_ExplanationOfGainOrLossThatRelatesToIdentifiableAssetsAcquiredOrLiabilitiesAssumedInBusinessCombination" xlink:label="loc_77"/>
    <link:referenceArc xlink:type="arc" xlink:arcrole="http://www.xbrl.org/2003/arcrole/concept-reference" xlink:from="loc_77" xlink:to="res_52"/>
    <link:loc xlink:type="locator" xlink:href="../../ifrs-cor_2011-03-25.xsd#ifrs_GainLossRecognisedAsResultOfRemeasuringToFairValueEquityInterestInAcquireeHeldByAcquirerBeforeBusinessCombination" xlink:label="loc_79"/>
    <link:referenceArc xlink:type="arc" xlink:arcrole="http://www.xbrl.org/2003/arcrole/concept-reference" xlink:from="loc_79" xlink:to="res_61"/>
    <link:loc xlink:type="locator" xlink:href="../../ifrs-cor_2011-03-25.xsd#ifrs_DescriptionOfLineItemsInFinancialStatementsForAmountsRecognisedForTransactionRecognisedSeparatelyFromAcquisitionOfAssetsAndAssumptionOfLiabilitiesInBusinessCombination" xlink:label="loc_90"/>
    <link:referenceArc xlink:type="arc" xlink:arcrole="http://www.xbrl.org/2003/arcrole/concept-reference" xlink:from="loc_90" xlink:to="res_60"/>
    <link:loc xlink:type="locator" xlink:href="../../ifrs-cor_2011-03-25.xsd#ifrs_ClassesOfAcquiredReceivablesMember" xlink:label="loc_95"/>
    <link:referenceArc xlink:type="arc" xlink:arcrole="http://www.xbrl.org/2003/arcrole/concept-reference" xlink:from="loc_95" xlink:to="res_63"/>
    <link:loc xlink:type="locator" xlink:href="../../ifrs-cor_2011-03-25.xsd#ifrs_DisclosureOfAcquiredReceivablesTable" xlink:label="loc_117"/>
    <link:referenceArc xlink:type="arc" xlink:arcrole="http://www.xbrl.org/2003/arcrole/concept-reference" xlink:from="loc_117" xlink:to="res_63"/>
    <link:loc xlink:type="locator" xlink:href="../../ifrs-cor_2011-03-25.xsd#ifrs_ItemsOfContingentLiabilitiesAxis" xlink:label="loc_99"/>
    <link:referenceArc xlink:type="arc" xlink:arcrole="http://www.xbrl.org/2003/arcrole/concept-reference" xlink:from="loc_99" xlink:to="res_65"/>
    <link:loc xlink:type="locator" xlink:href="../../ifrs-cor_2011-03-25.xsd#ifrs_ItemsOfContingentLiabilitiesMember" xlink:label="loc_100"/>
    <link:referenceArc xlink:type="arc" xlink:arcrole="http://www.xbrl.org/2003/arcrole/concept-reference" xlink:from="loc_100" xlink:to="res_65"/>
    <link:loc xlink:type="locator" xlink:href="../../ifrs-cor_2011-03-25.xsd#ifrs_ExplanationOfEstimatedFinancialEffectContingentLiabilitiesInBusinessCombination" xlink:label="loc_107"/>
    <link:referenceArc xlink:type="arc" xlink:arcrole="http://www.xbrl.org/2003/arcrole/concept-reference" xlink:from="loc_107" xlink:to="res_66"/>
    <link:loc xlink:type="locator" xlink:href="../../ifrs-cor_2011-03-25.xsd#ifrs_ExplanationOfPossibilityOfReimbursementContingentLiabilitiesInBusinessCombination" xlink:label="loc_108"/>
    <link:referenceArc xlink:type="arc" xlink:arcrole="http://www.xbrl.org/2003/arcrole/concept-reference" xlink:from="loc_108" xlink:to="res_66"/>
    <link:loc xlink:type="locator" xlink:href="../../ifrs-cor_2011-03-25.xsd#ifrs_DirectFinanceLeasesAcquiredInBusinessCombinationMember" xlink:label="loc_97"/>
    <link:referenceArc xlink:type="arc" xlink:arcrole="http://www.xbrl.org/2003/arcrole/concept-reference" xlink:from="loc_97" xlink:to="res_64"/>
  </link:referenceLink>
</link:linkbase>
