<?xml version="1.0" encoding="UTF-8"?>
<?officialURI http://archprod.service.eogs.dk/taxonomy/20141220/mrv/labels/lab-mrv-en_2014-12-20.xml?>
<?taxonomy-version 0.2.0?>

<link:linkbase xmlns:xsi="http://www.w3.org/2001/XMLSchema-instance" xsi:schemaLocation="http://www.xbrl.org/2003/linkbase http://www.xbrl.org/2003/xbrl-linkbase-2003-12-31.xsd" xmlns:link="http://www.xbrl.org/2003/linkbase" xmlns:xbrli="http://www.xbrl.org/2003/instance" xmlns:xlink="http://www.w3.org/1999/xlink">
  <link:labelLink xlink:type="extended" xlink:role="http://www.xbrl.org/2003/role/link">
    <link:loc xlink:type="locator" xlink:href="../mrv-core_2014-12-20.xsd#mrv_DescriptionOfAnyUncertaintyConnectedWithRecognitionOrMeasurement" xlink:label="DescriptionOfAnyUncertaintyConnectedWithRecognitionOrMeasurement"/>
    <link:label xlink:type="resource" xlink:label="label_DescriptionOfAnyUncertaintyConnectedWithRecognitionOrMeasurement" xlink:role="http://www.xbrl.org/2003/role/label" xml:lang="en" id="label_DescriptionOfAnyUncertaintyConnectedWithRecognitionOrMeasurement">Description of any uncertainty connected with recognition or measurement</link:label>
    <link:labelArc xlink:type="arc" xlink:arcrole="http://www.xbrl.org/2003/arcrole/concept-label" xlink:from="DescriptionOfAnyUncertaintyConnectedWithRecognitionOrMeasurement" xlink:to="label_DescriptionOfAnyUncertaintyConnectedWithRecognitionOrMeasurement" order="10.0"/>
    <link:loc xlink:type="locator" xlink:href="../mrv-core_2014-12-20.xsd#mrv_DescriptionOfAnyUnusualMattersAffectingRecognitionOrMeasurement" xlink:label="DescriptionOfAnyUnusualMattersAffectingRecognitionOrMeasurement"/>
    <link:label xlink:type="resource" xlink:label="label_DescriptionOfAnyUnusualMattersAffectingRecognitionOrMeasurement" xlink:role="http://www.xbrl.org/2003/role/label" xml:lang="en" id="label_DescriptionOfAnyUnusualMattersAffectingRecognitionOrMeasurement">Description of any unusual matters affecting recognition or measurement</link:label>
    <link:labelArc xlink:type="arc" xlink:arcrole="http://www.xbrl.org/2003/arcrole/concept-label" xlink:from="DescriptionOfAnyUnusualMattersAffectingRecognitionOrMeasurement" xlink:to="label_DescriptionOfAnyUnusualMattersAffectingRecognitionOrMeasurement" order="10.0"/>
    <link:loc xlink:type="locator" xlink:href="../mrv-core_2014-12-20.xsd#mrv_DescriptionOfAssessmentOfAchievedResultsOfWorkWithCommunity" xlink:label="DescriptionOfAssessmentOfAchievedResultsOfWorkWithCommunity"/>
    <link:label xlink:type="resource" xlink:label="label_DescriptionOfAssessmentOfAchievedResultsOfWorkWithCommunity" xlink:role="http://www.xbrl.org/2003/role/label" xml:lang="en" id="label_DescriptionOfAssessmentOfAchievedResultsOfWorkWithCommunity">Description of assessment of achieved results of work with community</link:label>
    <link:labelArc xlink:type="arc" xlink:arcrole="http://www.xbrl.org/2003/arcrole/concept-label" xlink:from="DescriptionOfAssessmentOfAchievedResultsOfWorkWithCommunity" xlink:to="label_DescriptionOfAssessmentOfAchievedResultsOfWorkWithCommunity" order="10.0"/>
    <link:loc xlink:type="locator" xlink:href="../mrv-core_2014-12-20.xsd#mrv_DescriptionOfAssumedSpecificPrerequisitesAndUncertainFactorsForAssessmentOfExpectedDevelopment" xlink:label="DescriptionOfAssumedSpecificPrerequisitesAndUncertainFactorsForAssessmentOfExpectedDevelopment"/>
    <link:label xlink:type="resource" xlink:label="label_DescriptionOfAssumedSpecificPrerequisitesAndUncertainFactorsForAssessmentOfExpectedDevelopment" xlink:role="http://www.xbrl.org/2003/role/label" xml:lang="en" id="label_DescriptionOfAssumedSpecificPrerequisitesAndUncertainFactorsForAssessmentOfExpectedDevelopment">Description of assumed specific prerequisites and uncertain factors for assessment of expected development</link:label>
    <link:labelArc xlink:type="arc" xlink:arcrole="http://www.xbrl.org/2003/arcrole/concept-label" xlink:from="DescriptionOfAssumedSpecificPrerequisitesAndUncertainFactorsForAssessmentOfExpectedDevelopment" xlink:to="label_DescriptionOfAssumedSpecificPrerequisitesAndUncertainFactorsForAssessmentOfExpectedDevelopment" order="10.0"/>
    <link:loc xlink:type="locator" xlink:href="../mrv-core_2014-12-20.xsd#mrv_DescriptionOfBranchesAbroad" xlink:label="DescriptionOfBranchesAbroad"/>
    <link:label xlink:type="resource" xlink:label="label_DescriptionOfBranchesAbroad" xlink:role="http://www.xbrl.org/2003/role/label" xml:lang="en" id="label_DescriptionOfBranchesAbroad">Description of branches abroad</link:label>
    <link:labelArc xlink:type="arc" xlink:arcrole="http://www.xbrl.org/2003/arcrole/concept-label" xlink:from="DescriptionOfBranchesAbroad" xlink:to="label_DescriptionOfBranchesAbroad" order="10.0"/>
    <link:loc xlink:type="locator" xlink:href="../mrv-core_2014-12-20.xsd#mrv_DescriptionOfDevelopmentInActivitiesAndFinancialAffairs" xlink:label="DescriptionOfDevelopmentInActivitiesAndFinancialAffairs"/>
    <link:label xlink:type="resource" xlink:label="label_DescriptionOfDevelopmentInActivitiesAndFinancialAffairs" xlink:role="http://www.xbrl.org/2003/role/label" xml:lang="en" id="label_DescriptionOfDevelopmentInActivitiesAndFinancialAffairs">Description of development in activities and financial affairs</link:label>
    <link:labelArc xlink:type="arc" xlink:arcrole="http://www.xbrl.org/2003/arcrole/concept-label" xlink:from="DescriptionOfDevelopmentInActivitiesAndFinancialAffairs" xlink:to="label_DescriptionOfDevelopmentInActivitiesAndFinancialAffairs" order="10.0"/>
    <link:loc xlink:type="locator" xlink:href="../mrv-core_2014-12-20.xsd#mrv_DescriptionOfEmployeeMatters" xlink:label="DescriptionOfEmployeeMatters"/>
    <link:label xlink:type="resource" xlink:label="label_DescriptionOfEmployeeMatters" xlink:role="http://www.xbrl.org/2003/role/label" xml:lang="en" id="label_DescriptionOfEmployeeMatters">Description of employee matters</link:label>
    <link:labelArc xlink:type="arc" xlink:arcrole="http://www.xbrl.org/2003/arcrole/concept-label" xlink:from="DescriptionOfEmployeeMatters" xlink:to="label_DescriptionOfEmployeeMatters" order="10.0"/>
    <link:loc xlink:type="locator" xlink:href="../mrv-core_2014-12-20.xsd#mrv_DescriptionOfEnvironmentalMatters" xlink:label="DescriptionOfEnvironmentalMatters"/>
    <link:label xlink:type="resource" xlink:label="label_DescriptionOfEnvironmentalMatters" xlink:role="http://www.xbrl.org/2003/role/label" xml:lang="en" id="label_DescriptionOfEnvironmentalMatters">Description of environmental matters</link:label>
    <link:labelArc xlink:type="arc" xlink:arcrole="http://www.xbrl.org/2003/arcrole/concept-label" xlink:from="DescriptionOfEnvironmentalMatters" xlink:to="label_DescriptionOfEnvironmentalMatters" order="10.0"/>
    <link:loc xlink:type="locator" xlink:href="../mrv-core_2014-12-20.xsd#mrv_DescriptionOfExpectationsForFutureWorkWithCommunity" xlink:label="DescriptionOfExpectationsForFutureWorkWithCommunity"/>
    <link:label xlink:type="resource" xlink:label="label_DescriptionOfExpectationsForFutureWorkWithCommunity" xlink:role="http://www.xbrl.org/2003/role/label" xml:lang="en" id="label_DescriptionOfExpectationsForFutureWorkWithCommunity">Description of expectations for future work with community</link:label>
    <link:labelArc xlink:type="arc" xlink:arcrole="http://www.xbrl.org/2003/arcrole/concept-label" xlink:from="DescriptionOfExpectationsForFutureWorkWithCommunity" xlink:to="label_DescriptionOfExpectationsForFutureWorkWithCommunity" order="10.0"/>
    <link:loc xlink:type="locator" xlink:href="../mrv-core_2014-12-20.xsd#mrv_DescriptionOfExpectedDevelopment" xlink:label="DescriptionOfExpectedDevelopment"/>
    <link:label xlink:type="resource" xlink:label="label_DescriptionOfExpectedDevelopment" xlink:role="http://www.xbrl.org/2003/role/label" xml:lang="en" id="label_DescriptionOfExpectedDevelopment">Description of expected development</link:label>
    <link:labelArc xlink:type="arc" xlink:arcrole="http://www.xbrl.org/2003/arcrole/concept-label" xlink:from="DescriptionOfExpectedDevelopment" xlink:to="label_DescriptionOfExpectedDevelopment" order="10.0"/>
    <link:loc xlink:type="locator" xlink:href="../mrv-core_2014-12-20.xsd#mrv_DescriptionOfImpactOnExternalEnvironmentAndMeasuresOfPreventingReducingOrMitigatingDamage" xlink:label="DescriptionOfImpactOnExternalEnvironmentAndMeasuresOfPreventingReducingOrMitigatingDamage"/>
    <link:label xlink:type="resource" xlink:label="label_DescriptionOfImpactOnExternalEnvironmentAndMeasuresOfPreventingReducingOrMitigatingDamage" xlink:role="http://www.xbrl.org/2003/role/label" xml:lang="en" id="label_DescriptionOfImpactOnExternalEnvironmentAndMeasuresOfPreventingReducingOrMitigatingDamage">Description of impact on external environment and measures of preventing, reducing or mitigating damage</link:label>
    <link:labelArc xlink:type="arc" xlink:arcrole="http://www.xbrl.org/2003/arcrole/concept-label" xlink:from="DescriptionOfImpactOnExternalEnvironmentAndMeasuresOfPreventingReducingOrMitigatingDamage" xlink:to="label_DescriptionOfImpactOnExternalEnvironmentAndMeasuresOfPreventingReducingOrMitigatingDamage" order="10.0"/>
    <link:loc xlink:type="locator" xlink:href="../mrv-core_2014-12-20.xsd#mrv_DescriptionOfKeyFiguresAndFinancialRatios" xlink:label="DescriptionOfKeyFiguresAndFinancialRatios"/>
    <link:label xlink:type="resource" xlink:label="label_DescriptionOfKeyFiguresAndFinancialRatios" xlink:role="http://www.xbrl.org/2003/role/label" xml:lang="en" id="label_DescriptionOfKeyFiguresAndFinancialRatios">Description of key figures and financial ratios</link:label>
    <link:labelArc xlink:type="arc" xlink:arcrole="http://www.xbrl.org/2003/arcrole/concept-label" xlink:from="DescriptionOfKeyFiguresAndFinancialRatios" xlink:to="label_DescriptionOfKeyFiguresAndFinancialRatios" order="10.0"/>
    <link:loc xlink:type="locator" xlink:href="../mrv-core_2014-12-20.xsd#mrv_DescriptionOfKnowledgeResources" xlink:label="DescriptionOfKnowledgeResources"/>
    <link:label xlink:type="resource" xlink:label="label_DescriptionOfKnowledgeResources" xlink:role="http://www.xbrl.org/2003/role/label" xml:lang="en" id="label_DescriptionOfKnowledgeResources">Description of knowledge resources</link:label>
    <link:labelArc xlink:type="arc" xlink:arcrole="http://www.xbrl.org/2003/arcrole/concept-label" xlink:from="DescriptionOfKnowledgeResources" xlink:to="label_DescriptionOfKnowledgeResources" order="10.0"/>
    <link:loc xlink:type="locator" xlink:href="../mrv-core_2014-12-20.xsd#mrv_DescriptionOfMethodsAndMeasurementBasisUsedForPreparationOfSupplementaryReports" xlink:label="DescriptionOfMethodsAndMeasurementBasisUsedForPreparationOfSupplementaryReports"/>
    <link:label xlink:type="resource" xlink:label="label_DescriptionOfMethodsAndMeasurementBasisUsedForPreparationOfSupplementaryReports" xlink:role="http://www.xbrl.org/2003/role/label" xml:lang="en" id="label_DescriptionOfMethodsAndMeasurementBasisUsedForPreparationOfSupplementaryReports">Description of methods and measurement basis used for preparation of supplementary reports</link:label>
    <link:labelArc xlink:type="arc" xlink:arcrole="http://www.xbrl.org/2003/arcrole/concept-label" xlink:from="DescriptionOfMethodsAndMeasurementBasisUsedForPreparationOfSupplementaryReports" xlink:to="label_DescriptionOfMethodsAndMeasurementBasisUsedForPreparationOfSupplementaryReports" order="10.0"/>
    <link:loc xlink:type="locator" xlink:href="../mrv-core_2014-12-20.xsd#mrv_DescriptionOfNetProfitRelationToExpectedDevelopmentAssumedInPreviousReport" xlink:label="DescriptionOfNetProfitRelationToExpectedDevelopmentAssumedInPreviousReport"/>
    <link:label xlink:type="resource" xlink:label="label_DescriptionOfNetProfitRelationToExpectedDevelopmentAssumedInPreviousReport" xlink:role="http://www.xbrl.org/2003/role/label" xml:lang="en" id="label_DescriptionOfNetProfitRelationToExpectedDevelopmentAssumedInPreviousReport">Description of net profit relation to expected development assumed in previous report</link:label>
    <link:labelArc xlink:type="arc" xlink:arcrole="http://www.xbrl.org/2003/arcrole/concept-label" xlink:from="DescriptionOfNetProfitRelationToExpectedDevelopmentAssumedInPreviousReport" xlink:to="label_DescriptionOfNetProfitRelationToExpectedDevelopmentAssumedInPreviousReport" order="10.0"/>
    <link:loc xlink:type="locator" xlink:href="../mrv-core_2014-12-20.xsd#mrv_DescriptionOfNon-FinancialFactorsRelevantToSpecificActivities" xlink:label="DescriptionOfNon-FinancialFactorsRelevantToSpecificActivities"/>
    <link:label xlink:type="resource" xlink:label="label_DescriptionOfNon-FinancialFactorsRelevantToSpecificActivities" xlink:role="http://www.xbrl.org/2003/role/label" xml:lang="en" id="label_DescriptionOfNon-FinancialFactorsRelevantToSpecificActivities">Description of non-financial factors relevant to specific activities</link:label>
    <link:labelArc xlink:type="arc" xlink:arcrole="http://www.xbrl.org/2003/arcrole/concept-label" xlink:from="DescriptionOfNon-FinancialFactorsRelevantToSpecificActivities" xlink:to="label_DescriptionOfNon-FinancialFactorsRelevantToSpecificActivities" order="10.0"/>
    <link:loc xlink:type="locator" xlink:href="../mrv-core_2014-12-20.xsd#mrv_DescriptionOfOtherKeyFiguresAndFinancialRatios" xlink:label="DescriptionOfOtherKeyFiguresAndFinancialRatios"/>
    <link:label xlink:type="resource" xlink:label="label_DescriptionOfOtherKeyFiguresAndFinancialRatios" xlink:role="http://www.xbrl.org/2003/role/label" xml:lang="en" id="label_DescriptionOfOtherKeyFiguresAndFinancialRatios">Description of other key figures and financial ratios</link:label>
    <link:labelArc xlink:type="arc" xlink:arcrole="http://www.xbrl.org/2003/arcrole/concept-label" xlink:from="DescriptionOfOtherKeyFiguresAndFinancialRatios" xlink:to="label_DescriptionOfOtherKeyFiguresAndFinancialRatios" order="10.0"/>
    <link:loc xlink:type="locator" xlink:href="../mrv-core_2014-12-20.xsd#mrv_DescriptionOfPoliciesOnSocialResponsibility" xlink:label="DescriptionOfPoliciesOnSocialResponsibility"/>
    <link:label xlink:type="resource" xlink:label="label_DescriptionOfPoliciesOnSocialResponsibility" xlink:role="http://www.xbrl.org/2003/role/label" xml:lang="en" id="label_DescriptionOfPoliciesOnSocialResponsibility">Description of policies on social responsibility</link:label>
    <link:labelArc xlink:type="arc" xlink:arcrole="http://www.xbrl.org/2003/arcrole/concept-label" xlink:from="DescriptionOfPoliciesOnSocialResponsibility" xlink:to="label_DescriptionOfPoliciesOnSocialResponsibility" order="10.0"/>
    <link:loc xlink:type="locator" xlink:href="../mrv-core_2014-12-20.xsd#mrv_DescriptionOfPrimaryActivitiesOfEntity" xlink:label="DescriptionOfPrimaryActivitiesOfEntity"/>
    <link:label xlink:type="resource" xlink:label="label_DescriptionOfPrimaryActivitiesOfEntity" xlink:role="http://www.xbrl.org/2003/role/label" xml:lang="en" id="label_DescriptionOfPrimaryActivitiesOfEntity">Description of primary activities of entity</link:label>
    <link:labelArc xlink:type="arc" xlink:arcrole="http://www.xbrl.org/2003/arcrole/concept-label" xlink:from="DescriptionOfPrimaryActivitiesOfEntity" xlink:to="label_DescriptionOfPrimaryActivitiesOfEntity" order="10.0"/>
    <link:loc xlink:type="locator" xlink:href="../mrv-core_2014-12-20.xsd#mrv_DescriptionOfResearchAndDevelopmentActivitiesInAndForReportingEntity" xlink:label="DescriptionOfResearchAndDevelopmentActivitiesInAndForReportingEntity"/>
    <link:label xlink:type="resource" xlink:label="label_DescriptionOfResearchAndDevelopmentActivitiesInAndForReportingEntity" xlink:role="http://www.xbrl.org/2003/role/label" xml:lang="en" id="label_DescriptionOfResearchAndDevelopmentActivitiesInAndForReportingEntity">Description of research and development activities in and for reporting entity</link:label>
    <link:labelArc xlink:type="arc" xlink:arcrole="http://www.xbrl.org/2003/arcrole/concept-label" xlink:from="DescriptionOfResearchAndDevelopmentActivitiesInAndForReportingEntity" xlink:to="label_DescriptionOfResearchAndDevelopmentActivitiesInAndForReportingEntity" order="10.0"/>
    <link:loc xlink:type="locator" xlink:href="../mrv-core_2014-12-20.xsd#mrv_DescriptionOfSignificantChangesInBusinessAndEconomicConditions" xlink:label="DescriptionOfSignificantChangesInBusinessAndEconomicConditions"/>
    <link:label xlink:type="resource" xlink:label="label_DescriptionOfSignificantChangesInBusinessAndEconomicConditions" xlink:role="http://www.xbrl.org/2003/role/label" xml:lang="en" id="label_DescriptionOfSignificantChangesInBusinessAndEconomicConditions">Description of significant changes in business and economic conditions</link:label>
    <link:labelArc xlink:type="arc" xlink:arcrole="http://www.xbrl.org/2003/arcrole/concept-label" xlink:from="DescriptionOfSignificantChangesInBusinessAndEconomicConditions" xlink:to="label_DescriptionOfSignificantChangesInBusinessAndEconomicConditions" order="10.0"/>
    <link:loc xlink:type="locator" xlink:href="../mrv-core_2014-12-20.xsd#mrv_DescriptionOfSignificantEventsOccurringAfterEndOfReportingPeriod" xlink:label="DescriptionOfSignificantEventsOccurringAfterEndOfReportingPeriod"/>
    <link:label xlink:type="resource" xlink:label="label_DescriptionOfSignificantEventsOccurringAfterEndOfReportingPeriod" xlink:role="http://www.xbrl.org/2003/role/label" xml:lang="en" id="label_DescriptionOfSignificantEventsOccurringAfterEndOfReportingPeriod">Description of significant events occurring after end of reporting period</link:label>
    <link:labelArc xlink:type="arc" xlink:arcrole="http://www.xbrl.org/2003/arcrole/concept-label" xlink:from="DescriptionOfSignificantEventsOccurringAfterEndOfReportingPeriod" xlink:to="label_DescriptionOfSignificantEventsOccurringAfterEndOfReportingPeriod" order="10.0"/>
    <link:loc xlink:type="locator" xlink:href="../mrv-core_2014-12-20.xsd#mrv_DescriptionOfSpecificRisksInAdditionToCommonlyOccurringHazardsInIndustry" xlink:label="DescriptionOfSpecificRisksInAdditionToCommonlyOccurringHazardsInIndustry"/>
    <link:label xlink:type="resource" xlink:label="label_DescriptionOfSpecificRisksInAdditionToCommonlyOccurringHazardsInIndustry" xlink:role="http://www.xbrl.org/2003/role/label" xml:lang="en" id="label_DescriptionOfSpecificRisksInAdditionToCommonlyOccurringHazardsInIndustry">Description of specific risks in addition to commonly occurring hazards in industry</link:label>
    <link:labelArc xlink:type="arc" xlink:arcrole="http://www.xbrl.org/2003/arcrole/concept-label" xlink:from="DescriptionOfSpecificRisksInAdditionToCommonlyOccurringHazardsInIndustry" xlink:to="label_DescriptionOfSpecificRisksInAdditionToCommonlyOccurringHazardsInIndustry" order="10.0"/>
    <link:loc xlink:type="locator" xlink:href="../mrv-core_2014-12-20.xsd#mrv_DescriptionOfStandardsGuidelinesAndPrinciplesOfCorporateSocialResponsibility" xlink:label="DescriptionOfStandardsGuidelinesAndPrinciplesOfCorporateSocialResponsibility"/>
    <link:label xlink:type="resource" xlink:label="label_DescriptionOfStandardsGuidelinesAndPrinciplesOfCorporateSocialResponsibility" xlink:role="http://www.xbrl.org/2003/role/label" xml:lang="en" id="label_DescriptionOfStandardsGuidelinesAndPrinciplesOfCorporateSocialResponsibility">Description of standards, guidelines and principles of corporate social responsibility</link:label>
    <link:labelArc xlink:type="arc" xlink:arcrole="http://www.xbrl.org/2003/arcrole/concept-label" xlink:from="DescriptionOfStandardsGuidelinesAndPrinciplesOfCorporateSocialResponsibility" xlink:to="label_DescriptionOfStandardsGuidelinesAndPrinciplesOfCorporateSocialResponsibility" order="10.0"/>
    <link:loc xlink:type="locator" xlink:href="../mrv-core_2014-12-20.xsd#mrv_DescriptionOfSystemsAndProceduresOfTranslatingCorporateSocialResponsibilityPoliciesIntoAction" xlink:label="DescriptionOfSystemsAndProceduresOfTranslatingCorporateSocialResponsibilityPoliciesIntoAction"/>
    <link:label xlink:type="resource" xlink:label="label_DescriptionOfSystemsAndProceduresOfTranslatingCorporateSocialResponsibilityPoliciesIntoAction" xlink:role="http://www.xbrl.org/2003/role/label" xml:lang="en" id="label_DescriptionOfSystemsAndProceduresOfTranslatingCorporateSocialResponsibilityPoliciesIntoAction">Description of systems and procedures of translating corporate social responsibility policies into action</link:label>
    <link:labelArc xlink:type="arc" xlink:arcrole="http://www.xbrl.org/2003/arcrole/concept-label" xlink:from="DescriptionOfSystemsAndProceduresOfTranslatingCorporateSocialResponsibilityPoliciesIntoAction" xlink:to="label_DescriptionOfSystemsAndProceduresOfTranslatingCorporateSocialResponsibilityPoliciesIntoAction" order="10.0"/>
    <link:loc xlink:type="locator" xlink:href="../mrv-core_2014-12-20.xsd#mrv_DescriptionOfTranslatingCorporateSocialResponsibilityPoliciesIntoAction" xlink:label="DescriptionOfTranslatingCorporateSocialResponsibilityPoliciesIntoAction"/>
    <link:label xlink:type="resource" xlink:label="label_DescriptionOfTranslatingCorporateSocialResponsibilityPoliciesIntoAction" xlink:role="http://www.xbrl.org/2003/role/label" xml:lang="en" id="label_DescriptionOfTranslatingCorporateSocialResponsibilityPoliciesIntoAction">Description of translating corporate social responsibility policies into action</link:label>
    <link:labelArc xlink:type="arc" xlink:arcrole="http://www.xbrl.org/2003/arcrole/concept-label" xlink:from="DescriptionOfTranslatingCorporateSocialResponsibilityPoliciesIntoAction" xlink:to="label_DescriptionOfTranslatingCorporateSocialResponsibilityPoliciesIntoAction" order="10.0"/>
    <link:loc xlink:type="locator" xlink:href="../mrv-core_2014-12-20.xsd#mrv_DetailsOnKeyFiguresAndFinancialRatiosAbstract" xlink:label="DetailsOnKeyFiguresAndFinancialRatiosAbstract"/>
    <link:label xlink:type="resource" xlink:label="label_DetailsOnKeyFiguresAndFinancialRatiosAbstract" xlink:role="http://www.xbrl.org/2003/role/label" xml:lang="en" id="label_DetailsOnKeyFiguresAndFinancialRatiosAbstract">Details on key figures and financial ratios [abstract]</link:label>
    <link:labelArc xlink:type="arc" xlink:arcrole="http://www.xbrl.org/2003/arcrole/concept-label" xlink:from="DetailsOnKeyFiguresAndFinancialRatiosAbstract" xlink:to="label_DetailsOnKeyFiguresAndFinancialRatiosAbstract" order="10.0"/>
    <link:loc xlink:type="locator" xlink:href="../mrv-core_2014-12-20.xsd#mrv_DetailsOnKeyFiguresAndFinancialRatiosHypercube" xlink:label="DetailsOnKeyFiguresAndFinancialRatiosHypercube"/>
    <link:label xlink:type="resource" xlink:label="label_DetailsOnKeyFiguresAndFinancialRatiosHypercube" xlink:role="http://www.xbrl.org/2003/role/label" xml:lang="en" id="label_DetailsOnKeyFiguresAndFinancialRatiosHypercube">Details on key figures and financial ratios [table]</link:label>
    <link:labelArc xlink:type="arc" xlink:arcrole="http://www.xbrl.org/2003/arcrole/concept-label" xlink:from="DetailsOnKeyFiguresAndFinancialRatiosHypercube" xlink:to="label_DetailsOnKeyFiguresAndFinancialRatiosHypercube" order="10.0"/>
    <link:loc xlink:type="locator" xlink:href="../mrv-core_2014-12-20.xsd#mrv_DetailsOnOtherKeyFiguresAndFinancialRatiosAbstract" xlink:label="DetailsOnOtherKeyFiguresAndFinancialRatiosAbstract"/>
    <link:label xlink:type="resource" xlink:label="label_DetailsOnOtherKeyFiguresAndFinancialRatiosAbstract" xlink:role="http://www.xbrl.org/2003/role/label" xml:lang="en" id="label_DetailsOnOtherKeyFiguresAndFinancialRatiosAbstract">Details on other key figures and financial ratios [abstract]</link:label>
    <link:labelArc xlink:type="arc" xlink:arcrole="http://www.xbrl.org/2003/arcrole/concept-label" xlink:from="DetailsOnOtherKeyFiguresAndFinancialRatiosAbstract" xlink:to="label_DetailsOnOtherKeyFiguresAndFinancialRatiosAbstract" order="10.0"/>
    <link:loc xlink:type="locator" xlink:href="../mrv-core_2014-12-20.xsd#mrv_DetailsOnOtherKeyFiguresAndFinancialRatiosHypercube" xlink:label="DetailsOnOtherKeyFiguresAndFinancialRatiosHypercube"/>
    <link:label xlink:type="resource" xlink:label="label_DetailsOnOtherKeyFiguresAndFinancialRatiosHypercube" xlink:role="http://www.xbrl.org/2003/role/label" xml:lang="en" id="label_DetailsOnOtherKeyFiguresAndFinancialRatiosHypercube">Details on other key figures and financial ratios [table]</link:label>
    <link:labelArc xlink:type="arc" xlink:arcrole="http://www.xbrl.org/2003/arcrole/concept-label" xlink:from="DetailsOnOtherKeyFiguresAndFinancialRatiosHypercube" xlink:to="label_DetailsOnOtherKeyFiguresAndFinancialRatiosHypercube" order="10.0"/>
    <link:loc xlink:type="locator" xlink:href="../mrv-core_2014-12-20.xsd#mrv_EmployeeTurnover" xlink:label="EmployeeTurnover"/>
    <link:label xlink:type="resource" xlink:label="label_EmployeeTurnover" xlink:role="http://www.xbrl.org/2003/role/label" xml:lang="en" id="label_EmployeeTurnover">Employee turnover</link:label>
    <link:labelArc xlink:type="arc" xlink:arcrole="http://www.xbrl.org/2003/arcrole/concept-label" xlink:from="EmployeeTurnover" xlink:to="label_EmployeeTurnover" order="10.0"/>
    <link:loc xlink:type="locator" xlink:href="../mrv-core_2014-12-20.xsd#mrv_ExplanationThatEntityHasNoPoliciesOnSocialResponsibility" xlink:label="ExplanationThatEntityHasNoPoliciesOnSocialResponsibility"/>
    <link:label xlink:type="resource" xlink:label="label_ExplanationThatEntityHasNoPoliciesOnSocialResponsibility" xlink:role="http://www.xbrl.org/2003/role/label" xml:lang="en" id="label_ExplanationThatEntityHasNoPoliciesOnSocialResponsibility">Explanation that entity has no policies on social responsibility</link:label>
    <link:labelArc xlink:type="arc" xlink:arcrole="http://www.xbrl.org/2003/arcrole/concept-label" xlink:from="ExplanationThatEntityHasNoPoliciesOnSocialResponsibility" xlink:to="label_ExplanationThatEntityHasNoPoliciesOnSocialResponsibility" order="10.0"/>
    <link:loc xlink:type="locator" xlink:href="../mrv-core_2014-12-20.xsd#mrv_FinancialGearing" xlink:label="FinancialGearing"/>
    <link:label xlink:type="resource" xlink:label="label_FinancialGearing" xlink:role="http://www.xbrl.org/2003/role/label" xml:lang="en" id="label_FinancialGearing">Financial gearing</link:label>
    <link:labelArc xlink:type="arc" xlink:arcrole="http://www.xbrl.org/2003/arcrole/concept-label" xlink:from="FinancialGearing" xlink:to="label_FinancialGearing" order="10.0"/>
    <link:loc xlink:type="locator" xlink:href="../mrv-core_2014-12-20.xsd#mrv_GrossMargin" xlink:label="GrossMargin"/>
    <link:label xlink:type="resource" xlink:label="label_GrossMargin" xlink:role="http://www.xbrl.org/2003/role/label" xml:lang="en" id="label_GrossMargin">Gross margin</link:label>
    <link:labelArc xlink:type="arc" xlink:arcrole="http://www.xbrl.org/2003/arcrole/concept-label" xlink:from="GrossMargin" xlink:to="label_GrossMargin" order="10.0"/>
    <link:loc xlink:type="locator" xlink:href="../mrv-core_2014-12-20.xsd#mrv_IdentificationOfKeyFigureOrFinancialRatioDimension" xlink:label="IdentificationOfKeyFigureOrFinancialRatioDimension"/>
    <link:label xlink:type="resource" xlink:label="label_IdentificationOfKeyFigureOrFinancialRatioDimension" xlink:role="http://www.xbrl.org/2003/role/label" xml:lang="en" id="label_IdentificationOfKeyFigureOrFinancialRatioDimension">Identification of key figure or financial ratio [axis]</link:label>
    <link:labelArc xlink:type="arc" xlink:arcrole="http://www.xbrl.org/2003/arcrole/concept-label" xlink:from="IdentificationOfKeyFigureOrFinancialRatioDimension" xlink:to="label_IdentificationOfKeyFigureOrFinancialRatioDimension" order="10.0"/>
    <link:loc xlink:type="locator" xlink:href="../mrv-core_2014-12-20.xsd#mrv_InformationOnCalculationOfKeyFiguresAndFinancialRatios" xlink:label="InformationOnCalculationOfKeyFiguresAndFinancialRatios"/>
    <link:label xlink:type="resource" xlink:label="label_InformationOnCalculationOfKeyFiguresAndFinancialRatios" xlink:role="http://www.xbrl.org/2003/role/label" xml:lang="en" id="label_InformationOnCalculationOfKeyFiguresAndFinancialRatios">Information on calculation of key figures and financial ratios</link:label>
    <link:labelArc xlink:type="arc" xlink:arcrole="http://www.xbrl.org/2003/arcrole/concept-label" xlink:from="InformationOnCalculationOfKeyFiguresAndFinancialRatios" xlink:to="label_InformationOnCalculationOfKeyFiguresAndFinancialRatios" order="10.0"/>
    <link:loc xlink:type="locator" xlink:href="../mrv-core_2014-12-20.xsd#mrv_ManagementsReview" xlink:label="ManagementsReview"/>
    <link:label xlink:type="resource" xlink:label="label_ManagementsReview" xlink:role="http://www.xbrl.org/2003/role/label" xml:lang="en" id="label_ManagementsReview">Management’s review</link:label>
    <link:labelArc xlink:type="arc" xlink:arcrole="http://www.xbrl.org/2003/arcrole/concept-label" xlink:from="ManagementsReview" xlink:to="label_ManagementsReview" order="10.0"/>
    <link:loc xlink:type="locator" xlink:href="../mrv-core_2014-12-20.xsd#mrv_NameOfKeyFigureOrFinancialRatio" xlink:label="NameOfKeyFigureOrFinancialRatio"/>
    <link:label xlink:type="resource" xlink:label="label_NameOfKeyFigureOrFinancialRatio" xlink:role="http://www.xbrl.org/2003/role/label" xml:lang="en" id="label_NameOfKeyFigureOrFinancialRatio">Name of key figure or financial ratio</link:label>
    <link:labelArc xlink:type="arc" xlink:arcrole="http://www.xbrl.org/2003/arcrole/concept-label" xlink:from="NameOfKeyFigureOrFinancialRatio" xlink:to="label_NameOfKeyFigureOrFinancialRatio" order="10.0"/>
    <link:loc xlink:type="locator" xlink:href="../mrv-core_2014-12-20.xsd#mrv_OperatingMargin" xlink:label="OperatingMargin"/>
    <link:label xlink:type="resource" xlink:label="label_OperatingMargin" xlink:role="http://www.xbrl.org/2003/role/label" xml:lang="en" id="label_OperatingMargin">Operating margin</link:label>
    <link:labelArc xlink:type="arc" xlink:arcrole="http://www.xbrl.org/2003/arcrole/concept-label" xlink:from="OperatingMargin" xlink:to="label_OperatingMargin" order="10.0"/>
    <link:loc xlink:type="locator" xlink:href="../mrv-core_2014-12-20.xsd#mrv_RetrospectiveInformationFromLastFiveYearsAbstract" xlink:label="RetrospectiveInformationFromLastFiveYearsAbstract"/>
    <link:label xlink:type="resource" xlink:label="label_RetrospectiveInformationFromLastFiveYearsAbstract" xlink:role="http://www.xbrl.org/2003/role/label" xml:lang="en" id="label_RetrospectiveInformationFromLastFiveYearsAbstract">Retrospective information from last five years [abstract]</link:label>
    <link:labelArc xlink:type="arc" xlink:arcrole="http://www.xbrl.org/2003/arcrole/concept-label" xlink:from="RetrospectiveInformationFromLastFiveYearsAbstract" xlink:to="label_RetrospectiveInformationFromLastFiveYearsAbstract" order="10.0"/>
    <link:loc xlink:type="locator" xlink:href="../mrv-core_2014-12-20.xsd#mrv_ReturnOnCapitalEmployed" xlink:label="ReturnOnCapitalEmployed"/>
    <link:label xlink:type="resource" xlink:label="label_ReturnOnCapitalEmployed" xlink:role="http://www.xbrl.org/2003/role/label" xml:lang="en" id="label_ReturnOnCapitalEmployed">Return on capital employed</link:label>
    <link:labelArc xlink:type="arc" xlink:arcrole="http://www.xbrl.org/2003/arcrole/concept-label" xlink:from="ReturnOnCapitalEmployed" xlink:to="label_ReturnOnCapitalEmployed" order="10.0"/>
    <link:loc xlink:type="locator" xlink:href="../mrv-core_2014-12-20.xsd#mrv_ReturnOnEquity" xlink:label="ReturnOnEquity"/>
    <link:label xlink:type="resource" xlink:label="label_ReturnOnEquity" xlink:role="http://www.xbrl.org/2003/role/label" xml:lang="en" id="label_ReturnOnEquity">Return on equity</link:label>
    <link:labelArc xlink:type="arc" xlink:arcrole="http://www.xbrl.org/2003/arcrole/concept-label" xlink:from="ReturnOnEquity" xlink:to="label_ReturnOnEquity" order="10.0"/>
    <link:loc xlink:type="locator" xlink:href="../mrv-core_2014-12-20.xsd#mrv_ReturnOnInvestedCapital" xlink:label="ReturnOnInvestedCapital"/>
    <link:label xlink:type="resource" xlink:label="label_ReturnOnInvestedCapital" xlink:role="http://www.xbrl.org/2003/role/label" xml:lang="en" id="label_ReturnOnInvestedCapital">Return on invested capital</link:label>
    <link:labelArc xlink:type="arc" xlink:arcrole="http://www.xbrl.org/2003/arcrole/concept-label" xlink:from="ReturnOnInvestedCapital" xlink:to="label_ReturnOnInvestedCapital" order="10.0"/>
    <link:loc xlink:type="locator" xlink:href="../mrv-core_2014-12-20.xsd#mrv_SolvencyRatio" xlink:label="SolvencyRatio"/>
    <link:label xlink:type="resource" xlink:label="label_SolvencyRatio" xlink:role="http://www.xbrl.org/2003/role/label" xml:lang="en" id="label_SolvencyRatio">Solvency ratio</link:label>
    <link:labelArc xlink:type="arc" xlink:arcrole="http://www.xbrl.org/2003/arcrole/concept-label" xlink:from="SolvencyRatio" xlink:to="label_SolvencyRatio" order="10.0"/>
    <link:loc xlink:type="locator" xlink:href="../mrv-core_2014-12-20.xsd#mrv_StatementOfCorporateSocialResponsibility" xlink:label="StatementOfCorporateSocialResponsibility"/>
    <link:label xlink:type="resource" xlink:label="label_StatementOfCorporateSocialResponsibility" xlink:role="http://www.xbrl.org/2003/role/label" xml:lang="en" id="label_StatementOfCorporateSocialResponsibility">Statement of corporate social responsibility</link:label>
    <link:labelArc xlink:type="arc" xlink:arcrole="http://www.xbrl.org/2003/arcrole/concept-label" xlink:from="StatementOfCorporateSocialResponsibility" xlink:to="label_StatementOfCorporateSocialResponsibility" order="10.0"/>
    <link:loc xlink:type="locator" xlink:href="../mrv-core_2014-12-20.xsd#mrv_SupplementaryReports" xlink:label="SupplementaryReports"/>
    <link:label xlink:type="resource" xlink:label="label_SupplementaryReports" xlink:role="http://www.xbrl.org/2003/role/label" xml:lang="en" id="label_SupplementaryReports">Supplementary reports</link:label>
    <link:labelArc xlink:type="arc" xlink:arcrole="http://www.xbrl.org/2003/arcrole/concept-label" xlink:from="SupplementaryReports" xlink:to="label_SupplementaryReports" order="10.0"/>
    <link:loc xlink:type="locator" xlink:href="../mrv-core_2014-12-20.xsd#mrv_ValueOfKeyFigureOrFinancialRatio" xlink:label="ValueOfKeyFigureOrFinancialRatio"/>
    <link:label xlink:type="resource" xlink:label="label_ValueOfKeyFigureOrFinancialRatio" xlink:role="http://www.xbrl.org/2003/role/label" xml:lang="en" id="label_ValueOfKeyFigureOrFinancialRatio">Value of key figure or financial ratio</link:label>
    <link:labelArc xlink:type="arc" xlink:arcrole="http://www.xbrl.org/2003/arcrole/concept-label" xlink:from="ValueOfKeyFigureOrFinancialRatio" xlink:to="label_ValueOfKeyFigureOrFinancialRatio" order="10.0"/>
    <link:loc xlink:type="locator" xlink:href="../mrv-core_2014-12-20.xsd#mrv_DescriptionOfGroupRelations" xlink:label="DescriptionOfGroupRelations"/>
    <link:label xlink:type="resource" xlink:label="label_DescriptionOfGroupRelations" xlink:role="http://www.xbrl.org/2003/role/label" xml:lang="en" id="label_DescriptionOfGroupRelations">Description of group relations</link:label>
    <link:labelArc xlink:type="arc" xlink:arcrole="http://www.xbrl.org/2003/arcrole/concept-label" xlink:from="DescriptionOfGroupRelations" xlink:to="label_DescriptionOfGroupRelations" order="10.0"/>
    <link:loc xlink:type="locator" xlink:href="../mrv-core_2014-12-20.xsd#mrv_EquityRatio" xlink:label="EquityRatio"/>
    <link:label xlink:type="resource" xlink:label="label_EquityRatio" xlink:role="http://www.xbrl.org/2003/role/label" xml:lang="en" id="label_EquityRatio">Equity ratio</link:label>
    <link:labelArc xlink:type="arc" xlink:arcrole="http://www.xbrl.org/2003/arcrole/concept-label" xlink:from="EquityRatio" xlink:to="label_EquityRatio" order="10.0"/>
    <link:loc xlink:type="locator" xlink:href="../mrv-core_2014-12-20.xsd#mrv_CorporateGovernanceReport" xlink:label="copyOfStatementOfCorporateSocialResponsibility" xlink:title="copyOfStatementOfCorporateSocialResponsibility"/>
    <link:label xlink:type="resource" xlink:label="label_copyOfStatementOfCorporateSocialResponsibility" xlink:role="http://www.xbrl.org/2003/role/label" xlink:title="label_copyOfStatementOfCorporateSocialResponsibility" xml:lang="en" id="label_copyOfStatementOfCorporateSocialResponsibility">Corporate governance report</link:label>
    <link:labelArc xlink:type="arc" xlink:arcrole="http://www.xbrl.org/2003/arcrole/concept-label" xlink:from="copyOfStatementOfCorporateSocialResponsibility" xlink:to="label_copyOfStatementOfCorporateSocialResponsibility" xlink:title="label: copyOfStatementOfCorporateSocialResponsibility to label_copyOfStatementOfCorporateSocialResponsibility"/>
    <link:label xlink:type="resource" xlink:label="label_copyOfStatementOfCorporateSocialResponsibility_2" xlink:role="http://www.xbrl.org/2003/role/label" xlink:title="label_copyOfStatementOfCorporateSocialResponsibility" xml:lang="da" id="label_copyOfStatementOfCorporateSocialResponsibility_2">Redegørelse for virksomhedsledelse</link:label>
    <link:labelArc xlink:type="arc" xlink:arcrole="http://www.xbrl.org/2003/arcrole/concept-label" xlink:from="copyOfStatementOfCorporateSocialResponsibility" xlink:to="label_copyOfStatementOfCorporateSocialResponsibility_2" xlink:title="label: copyOfStatementOfCorporateSocialResponsibility to label_copyOfStatementOfCorporateSocialResponsibility"/>
    <link:loc xlink:type="locator" xlink:href="../mrv-core_2014-12-20.xsd#mrv_LinkToCorporateGovernanceReport" xlink:label="LinkStatementOfCorporateGovernanceReportListedCompanies" xlink:title="LinkStatementOfCorporateGovernanceReportListedCompanies"/>
    <link:label xlink:type="resource" xlink:label="label_LinkStatementOfCorporateGovernanceReportListedCompanies" xlink:role="http://www.xbrl.org/2003/role/label" xlink:title="label_LinkStatementOfCorporateGovernanceReportListedCompanies" xml:lang="da" id="label_LinkStatementOfCorporateGovernanceReportListedCompanies">Link til redegørelse for virksomhedsledelse</link:label>
    <link:labelArc xlink:type="arc" xlink:arcrole="http://www.xbrl.org/2003/arcrole/concept-label" xlink:from="LinkStatementOfCorporateGovernanceReportListedCompanies" xlink:to="label_LinkStatementOfCorporateGovernanceReportListedCompanies" xlink:title="label: LinkStatementOfCorporateGovernanceReportListedCompanies to label_LinkStatementOfCorporateGovernanceReportListedCompanies"/>
    <link:label xlink:type="resource" xlink:label="label_LinkStatementOfCorporateGovernanceReportListedCompanies_2" xlink:role="http://www.xbrl.org/2003/role/label" xlink:title="label_LinkStatementOfCorporateGovernanceReportListedCompanies" xml:lang="en" id="label_LinkStatementOfCorporateGovernanceReportListedCompanies_2">Link to corporate governance report</link:label>
    <link:labelArc xlink:type="arc" xlink:arcrole="http://www.xbrl.org/2003/arcrole/concept-label" xlink:from="LinkStatementOfCorporateGovernanceReportListedCompanies" xlink:to="label_LinkStatementOfCorporateGovernanceReportListedCompanies_2" xlink:title="label: LinkStatementOfCorporateGovernanceReportListedCompanies to label_LinkStatementOfCorporateGovernanceReportListedCompanies"/>
    <link:loc xlink:type="locator" xlink:href="../mrv-core_2014-12-20.xsd#mrv_LinkToStatementOfCorporateSocialResponsibility" xlink:label="fLinkToStatementOfCorporateSocialResponsibility" xlink:title="fLinkToStatementOfCorporateSocialResponsibility"/>
    <link:label xlink:type="resource" xlink:label="label_fLinkToStatementOfCorporateSocialResponsibility" xlink:role="http://www.xbrl.org/2003/role/label" xlink:title="label_fLinkToStatementOfCorporateSocialResponsibility" xml:lang="da" id="label_fLinkToStatementOfCorporateSocialResponsibility">Link til redegørelse for samfundsansvar</link:label>
    <link:labelArc xlink:type="arc" xlink:arcrole="http://www.xbrl.org/2003/arcrole/concept-label" xlink:from="fLinkToStatementOfCorporateSocialResponsibility" xlink:to="label_fLinkToStatementOfCorporateSocialResponsibility" xlink:title="label: fLinkToStatementOfCorporateSocialResponsibility to label_fLinkToStatementOfCorporateSocialResponsibility"/>
    <link:label xlink:type="resource" xlink:label="label_fLinkToStatementOfCorporateSocialResponsibility_2" xlink:role="http://www.xbrl.org/2003/role/label" xlink:title="label_fLinkToStatementOfCorporateSocialResponsibility" xml:lang="en" id="label_fLinkToStatementOfCorporateSocialResponsibility_2">Link statement of corporate social responsibility</link:label>
    <link:labelArc xlink:type="arc" xlink:arcrole="http://www.xbrl.org/2003/arcrole/concept-label" xlink:from="fLinkToStatementOfCorporateSocialResponsibility" xlink:to="label_fLinkToStatementOfCorporateSocialResponsibility_2" xlink:title="label: fLinkToStatementOfCorporateSocialResponsibility to label_fLinkToStatementOfCorporateSocialResponsibility"/>
    <link:loc xlink:type="locator" xlink:href="../mrv-core_2014-12-20.xsd#mrv_StatementOfTargetFiguresAndPoliciesForTheUnderrepresentedGender" xlink:label="copyOfStatementOfCorporateSocialResponsibility_2" xlink:title="copyOfStatementOfCorporateSocialResponsibility"/>
    <link:label xlink:type="resource" xlink:label="label_copyOfStatementOfCorporateSocialResponsibility_3" xlink:role="http://www.xbrl.org/2003/role/label" xlink:title="label_copyOfStatementOfCorporateSocialResponsibility" xml:lang="da" id="label_copyOfStatementOfCorporateSocialResponsibility_3">Redegørelse for måltal og politikker vedrørende det underrepræsenterede køn</link:label>
    <link:labelArc xlink:type="arc" xlink:arcrole="http://www.xbrl.org/2003/arcrole/concept-label" xlink:from="copyOfStatementOfCorporateSocialResponsibility_2" xlink:to="label_copyOfStatementOfCorporateSocialResponsibility_3" xlink:title="label: copyOfStatementOfCorporateSocialResponsibility to label_copyOfStatementOfCorporateSocialResponsibility"/>
    <link:label xlink:type="resource" xlink:label="label_copyOfStatementOfCorporateSocialResponsibility_4" xlink:role="http://www.xbrl.org/2003/role/label" xlink:title="label_copyOfStatementOfCorporateSocialResponsibility" xml:lang="en" id="label_copyOfStatementOfCorporateSocialResponsibility_4">Statement of target figures and policies for the underrepresented gender</link:label>
    <link:labelArc xlink:type="arc" xlink:arcrole="http://www.xbrl.org/2003/arcrole/concept-label" xlink:from="copyOfStatementOfCorporateSocialResponsibility_2" xlink:to="label_copyOfStatementOfCorporateSocialResponsibility_4" xlink:title="label: copyOfStatementOfCorporateSocialResponsibility to label_copyOfStatementOfCorporateSocialResponsibility"/>
    <link:loc xlink:type="locator" xlink:href="../mrv-core_2014-12-20.xsd#mrv_LinkToStatementOfTargetFiguresAndPoliciesForTheUnderrepresentedGender" xlink:label="copyOfLinkToStatementOfCorporateSocialResponsibility" xlink:title="copyOfLinkToStatementOfCorporateSocialResponsibility"/>
    <link:label xlink:type="resource" xlink:label="label_copyOfLinkToStatementOfCorporateSocialResponsibility" xlink:role="http://www.xbrl.org/2003/role/label" xlink:title="label_copyOfLinkToStatementOfCorporateSocialResponsibility" xml:lang="da" id="label_copyOfLinkToStatementOfCorporateSocialResponsibility">Link til redegørelse for måltal og politikker vedrørende det underrepræsenterede køn</link:label>
    <link:labelArc xlink:type="arc" xlink:arcrole="http://www.xbrl.org/2003/arcrole/concept-label" xlink:from="copyOfLinkToStatementOfCorporateSocialResponsibility" xlink:to="label_copyOfLinkToStatementOfCorporateSocialResponsibility" xlink:title="label: copyOfLinkToStatementOfCorporateSocialResponsibility to label_copyOfLinkToStatementOfCorporateSocialResponsibility"/>
    <link:label xlink:type="resource" xlink:label="label_copyOfLinkToStatementOfCorporateSocialResponsibility_2" xlink:role="http://www.xbrl.org/2003/role/label" xlink:title="label_copyOfLinkToStatementOfCorporateSocialResponsibility" xml:lang="en" id="label_copyOfLinkToStatementOfCorporateSocialResponsibility_2">Link to statement of target figures and policies for the underrepresented gender</link:label>
    <link:labelArc xlink:type="arc" xlink:arcrole="http://www.xbrl.org/2003/arcrole/concept-label" xlink:from="copyOfLinkToStatementOfCorporateSocialResponsibility" xlink:to="label_copyOfLinkToStatementOfCorporateSocialResponsibility_2" xlink:title="label: copyOfLinkToStatementOfCorporateSocialResponsibility to label_copyOfLinkToStatementOfCorporateSocialResponsibility"/>
  </link:labelLink>
</link:linkbase>
