<?xml version="1.0" encoding="UTF-8"?>
<?officialURI http://archprod.service.eogs.dk/taxonomy/20141220/cmn_lab.xml?>
<?taxonomy-version 0.2.0?>

<link:linkbase xmlns:xsi="http://www.w3.org/2001/XMLSchema-instance" xsi:schemaLocation="http://www.xbrl.org/2003/linkbase http://www.xbrl.org/2003/xbrl-linkbase-2003-12-31.xsd" xmlns:link="http://www.xbrl.org/2003/linkbase" xmlns:xlink="http://www.w3.org/1999/xlink" xmlns:xbrli="http://www.xbrl.org/2003/instance">
  <link:labelLink xlink:type="extended" xlink:role="http://www.xbrl.org/2003/role/link">
    <link:loc xlink:type="locator" xlink:href="cmn.xsd#cmn_CommonTable" xlink:label="CommonTable"/>
    <link:label xlink:type="resource" xlink:label="label_CommonTable" xlink:role="http://www.xbrl.org/2003/role/label" xml:lang="en" id="label_CommonTable">Common [table]</link:label>
    <link:labelArc xlink:type="arc" xlink:arcrole="http://www.xbrl.org/2003/arcrole/concept-label" xlink:from="CommonTable" xlink:to="label_CommonTable" order="10.0"/>
    <link:label xlink:type="resource" xlink:label="label_CommonTable_2" xlink:role="http://www.xbrl.org/2003/role/label" xml:lang="da" id="label_CommonTable_2">Fælles</link:label>
    <link:labelArc xlink:type="arc" xlink:arcrole="http://www.xbrl.org/2003/arcrole/concept-label" xlink:from="CommonTable" xlink:to="label_CommonTable_2" order="10.0"/>
	<link:loc xlink:type="locator" xlink:href="cmn.xsd#cmn_OrdinaryWriteoffsInRespectOfDebtors" xlink:label="OrdinaryWriteoffsInRespectOfDebtors"/>
    <link:label xlink:type="resource" xlink:label="label_OrdinaryWriteoffsInRespectOfDebtors" xlink:role="http://www.xbrl.org/2003/role/label" xml:lang="en" id="label_OrdinaryWriteoffsInRespectOfDebtors">Ordinary write-offs in respect of debtors</link:label>
    <link:labelArc xlink:type="arc" xlink:arcrole="http://www.xbrl.org/2003/arcrole/concept-label" xlink:from="OrdinaryWriteoffsInRespectOfDebtors" xlink:to="label_OrdinaryWriteoffsInRespectOfDebtors" order="10.0"/>
    <link:label xlink:type="resource" xlink:label="label_OrdinaryWriteoffsInRespectOfDebtors_2" xlink:role="http://www.xbrl.org/2003/role/label" xml:lang="da" id="label_OrdinaryWriteoffsInRespectOfDebtors_2">Tab på debitorer (konstaterede tab samt ændring i hensættelse til imødegåelse af tab)</link:label>
    <link:labelArc xlink:type="arc" xlink:arcrole="http://www.xbrl.org/2003/arcrole/concept-label" xlink:from="OrdinaryWriteoffsInRespectOfDebtors" xlink:to="label_OrdinaryWriteoffsInRespectOfDebtors_2" order="10.0"/>
    <link:loc xlink:type="locator" xlink:href="cmn.xsd#cmn_PreviousYearMember" xlink:label="PreviousYearMember"/>
    <link:label xlink:type="resource" xlink:label="label_PreviousYearMember" xlink:role="http://www.xbrl.org/2003/role/label" xml:lang="en" id="label_PreviousYearMember">Previous year [member]</link:label>
    <link:labelArc xlink:type="arc" xlink:arcrole="http://www.xbrl.org/2003/arcrole/concept-label" xlink:from="PreviousYearMember" xlink:to="label_PreviousYearMember" order="10.0"/>
    <link:label xlink:type="resource" xlink:label="label_PreviousYearMember_2" xlink:role="http://www.xbrl.org/2003/role/label" xml:lang="da" id="label_PreviousYearMember_2">Foregående regnskabsår</link:label>
    <link:labelArc xlink:type="arc" xlink:arcrole="http://www.xbrl.org/2003/arcrole/concept-label" xlink:from="PreviousYearMember" xlink:to="label_PreviousYearMember_2" order="10.0"/>
    <link:loc xlink:type="locator" xlink:href="cmn.xsd#cmn_CurrentYearMember" xlink:label="CurrentYearMember"/>
    <link:label xlink:type="resource" xlink:label="label_CurrentYearMember" xlink:role="http://www.xbrl.org/2003/role/label" xml:lang="en" id="label_CurrentYearMember">Current year [member]</link:label>
    <link:labelArc xlink:type="arc" xlink:arcrole="http://www.xbrl.org/2003/arcrole/concept-label" xlink:from="CurrentYearMember" xlink:to="label_CurrentYearMember" order="10.0"/>
    <link:label xlink:type="resource" xlink:label="label_CurrentYearMember_2" xlink:role="http://www.xbrl.org/2003/role/label" xml:lang="da" id="label_CurrentYearMember_2">Aktuelt regnskabsår</link:label>
    <link:labelArc xlink:type="arc" xlink:arcrole="http://www.xbrl.org/2003/arcrole/concept-label" xlink:from="CurrentYearMember" xlink:to="label_CurrentYearMember_2" order="10.0"/>
    <link:loc xlink:type="locator" xlink:href="cmn.xsd#cmn_TwoYearsAgoMember" xlink:label="TwoYearsAgoMember"/>
    <link:label xlink:type="resource" xlink:label="label_TwoYearsAgoMember" xlink:role="http://www.xbrl.org/2003/role/label" xml:lang="en" id="label_TwoYearsAgoMember">Two years ago [member]</link:label>
    <link:labelArc xlink:type="arc" xlink:arcrole="http://www.xbrl.org/2003/arcrole/concept-label" xlink:from="TwoYearsAgoMember" xlink:to="label_TwoYearsAgoMember" order="10.0"/>
    <link:label xlink:type="resource" xlink:label="label_TwoYearsAgoMember_2" xlink:role="http://www.xbrl.org/2003/role/label" xml:lang="da" id="label_TwoYearsAgoMember_2">To regnskabsår tilbage</link:label>
    <link:labelArc xlink:type="arc" xlink:arcrole="http://www.xbrl.org/2003/arcrole/concept-label" xlink:from="TwoYearsAgoMember" xlink:to="label_TwoYearsAgoMember_2" order="10.0"/>
    <link:loc xlink:type="locator" xlink:href="cmn.xsd#cmn_ThreeYearsAgoMember" xlink:label="ThreeYearsAgoMember"/>
    <link:label xlink:type="resource" xlink:label="label_ThreeYearsAgoMember" xlink:role="http://www.xbrl.org/2003/role/label" xml:lang="en" id="label_ThreeYearsAgoMember">Three years ago [member]</link:label>
    <link:labelArc xlink:type="arc" xlink:arcrole="http://www.xbrl.org/2003/arcrole/concept-label" xlink:from="ThreeYearsAgoMember" xlink:to="label_ThreeYearsAgoMember" order="10.0"/>
    <link:label xlink:type="resource" xlink:label="label_ThreeYearsAgoMember_2" xlink:role="http://www.xbrl.org/2003/role/label" xml:lang="da" id="label_ThreeYearsAgoMember_2">Tre regnskabsår tilbage</link:label>
    <link:labelArc xlink:type="arc" xlink:arcrole="http://www.xbrl.org/2003/arcrole/concept-label" xlink:from="ThreeYearsAgoMember" xlink:to="label_ThreeYearsAgoMember_2" order="10.0"/>
    <link:loc xlink:type="locator" xlink:href="cmn.xsd#cmn_FourYearsAgoMember" xlink:label="FourYearsAgoMember"/>
    <link:label xlink:type="resource" xlink:label="label_FourYearsAgoMember" xlink:role="http://www.xbrl.org/2003/role/label" xml:lang="en" id="label_FourYearsAgoMember">Four years ago [member]</link:label>
    <link:labelArc xlink:type="arc" xlink:arcrole="http://www.xbrl.org/2003/arcrole/concept-label" xlink:from="FourYearsAgoMember" xlink:to="label_FourYearsAgoMember" order="10.0"/>
    <link:label xlink:type="resource" xlink:label="label_FourYearsAgoMember_2" xlink:role="http://www.xbrl.org/2003/role/label" xml:lang="da" id="label_FourYearsAgoMember_2">Fire regnskabsår tilbage</link:label>
    <link:labelArc xlink:type="arc" xlink:arcrole="http://www.xbrl.org/2003/arcrole/concept-label" xlink:from="FourYearsAgoMember" xlink:to="label_FourYearsAgoMember_2" order="10.0"/>
    <link:loc xlink:type="locator" xlink:href="cmn.xsd#cmn_RetrospectiveInformationAxis" xlink:label="RetrospectiveInformationAxis"/>
    <link:label xlink:type="resource" xlink:label="label_RetrospectiveInformationAxis" xlink:role="http://www.xbrl.org/2003/role/label" xml:lang="en" id="label_RetrospectiveInformationAxis">Retrospective information [axis]</link:label>
    <link:labelArc xlink:type="arc" xlink:arcrole="http://www.xbrl.org/2003/arcrole/concept-label" xlink:from="RetrospectiveInformationAxis" xlink:to="label_RetrospectiveInformationAxis" order="10.0"/>
    <link:label xlink:type="resource" xlink:label="label_RetrospectiveInformationAxis_2" xlink:role="http://www.xbrl.org/2003/role/label" xml:lang="da" id="label_RetrospectiveInformationAxis_2">Oversigt</link:label>
    <link:labelArc xlink:type="arc" xlink:arcrole="http://www.xbrl.org/2003/arcrole/concept-label" xlink:from="RetrospectiveInformationAxis" xlink:to="label_RetrospectiveInformationAxis_2" order="10.0"/>
    <link:loc xlink:type="locator" xlink:href="cmn.xsd#cmn_NameAndSurnameOfMemberOfExecutiveBoard" xlink:label="NameAndSurnameOfMemberOfExecutiveBoard"/>
    <link:label xlink:type="resource" xlink:label="label_NameAndSurnameOfMemberOfExecutiveBoard" xlink:role="http://www.xbrl.org/2003/role/label" xml:lang="en" id="label_NameAndSurnameOfMemberOfExecutiveBoard">Name and surname of member of executive board</link:label>
    <link:labelArc xlink:type="arc" xlink:arcrole="http://www.xbrl.org/2003/arcrole/concept-label" xlink:from="NameAndSurnameOfMemberOfExecutiveBoard" xlink:to="label_NameAndSurnameOfMemberOfExecutiveBoard" order="10.0"/>
    <link:label xlink:type="resource" xlink:label="label_NameAndSurnameOfMemberOfExecutiveBoard_2" xlink:role="http://www.xbrl.org/2003/role/label" xml:lang="da" id="label_NameAndSurnameOfMemberOfExecutiveBoard_2">Navn på medlem af direktionen</link:label>
    <link:labelArc xlink:type="arc" xlink:arcrole="http://www.xbrl.org/2003/arcrole/concept-label" xlink:from="NameAndSurnameOfMemberOfExecutiveBoard" xlink:to="label_NameAndSurnameOfMemberOfExecutiveBoard_2" order="10.0"/>
    <link:loc xlink:type="locator" xlink:href="cmn.xsd#cmn_NameAndSurnameOfMemberOfSupervisoryBoard" xlink:label="NameAndSurnameOfMemberOfSupervisoryBoard"/>
    <link:label xlink:type="resource" xlink:label="label_NameAndSurnameOfMemberOfSupervisoryBoard" xlink:role="http://www.xbrl.org/2003/role/label" xml:lang="en" id="label_NameAndSurnameOfMemberOfSupervisoryBoard">Name and surname of member of supervisory board</link:label>
    <link:labelArc xlink:type="arc" xlink:arcrole="http://www.xbrl.org/2003/arcrole/concept-label" xlink:from="NameAndSurnameOfMemberOfSupervisoryBoard" xlink:to="label_NameAndSurnameOfMemberOfSupervisoryBoard" order="10.0"/>
    <link:label xlink:type="resource" xlink:label="label_NameAndSurnameOfMemberOfSupervisoryBoard_2" xlink:role="http://www.xbrl.org/2003/role/label" xml:lang="da" id="label_NameAndSurnameOfMemberOfSupervisoryBoard_2">Navn på medlem af bestyrelsen</link:label>
    <link:labelArc xlink:type="arc" xlink:arcrole="http://www.xbrl.org/2003/arcrole/concept-label" xlink:from="NameAndSurnameOfMemberOfSupervisoryBoard" xlink:to="label_NameAndSurnameOfMemberOfSupervisoryBoard_2" order="10.0"/>
    <link:loc xlink:type="locator" xlink:href="cmn.xsd#cmn_TitleOfMemberOfExecutiveBoard" xlink:label="TitleOfMemberOfExecutiveBoard"/>
    <link:label xlink:type="resource" xlink:label="label_TitleOfMemberOfExecutiveBoard" xlink:role="http://www.xbrl.org/2003/role/label" xml:lang="en" id="label_TitleOfMemberOfExecutiveBoard">Title of member of executive board</link:label>
    <link:labelArc xlink:type="arc" xlink:arcrole="http://www.xbrl.org/2003/arcrole/concept-label" xlink:from="TitleOfMemberOfExecutiveBoard" xlink:to="label_TitleOfMemberOfExecutiveBoard" order="10.0"/>
    <link:label xlink:type="resource" xlink:label="label_TitleOfMemberOfExecutiveBoard_2" xlink:role="http://www.xbrl.org/2003/role/label" xml:lang="da" id="label_TitleOfMemberOfExecutiveBoard_2">Titel på medlem af direktionen</link:label>
    <link:labelArc xlink:type="arc" xlink:arcrole="http://www.xbrl.org/2003/arcrole/concept-label" xlink:from="TitleOfMemberOfExecutiveBoard" xlink:to="label_TitleOfMemberOfExecutiveBoard_2" order="10.0"/>
    <link:loc xlink:type="locator" xlink:href="cmn.xsd#cmn_TitleOfMemberOfSupervisoryBoard" xlink:label="TitleOfMemberOfSupervisoryBoard"/>
    <link:label xlink:type="resource" xlink:label="label_TitleOfMemberOfSupervisoryBoard" xlink:role="http://www.xbrl.org/2003/role/label" xml:lang="da" id="label_TitleOfMemberOfSupervisoryBoard">Titel på medlem af bestyrelsen</link:label>
    <link:labelArc xlink:type="arc" xlink:arcrole="http://www.xbrl.org/2003/arcrole/concept-label" xlink:from="TitleOfMemberOfSupervisoryBoard" xlink:to="label_TitleOfMemberOfSupervisoryBoard" order="10.0"/>
    <link:label xlink:type="resource" xlink:label="label_TitleOfMemberOfSupervisoryBoard_2" xlink:role="http://www.xbrl.org/2003/role/label" xml:lang="en" id="label_TitleOfMemberOfSupervisoryBoard_2">Title of member of supervisory board</link:label>
    <link:labelArc xlink:type="arc" xlink:arcrole="http://www.xbrl.org/2003/arcrole/concept-label" xlink:from="TitleOfMemberOfSupervisoryBoard" xlink:to="label_TitleOfMemberOfSupervisoryBoard_2" order="10.0"/>
    <link:loc xlink:type="locator" xlink:href="cmn.xsd#cmn_IdentificationOfMemberOfExecutiveBoardAxis" xlink:label="IdentificationOfMemberOfExecutiveBoardAxis"/>
    <link:label xlink:type="resource" xlink:label="label_IdentificationOfMemberOfExecutiveBoardAxis" xlink:role="http://www.xbrl.org/2003/role/label" xml:lang="en" id="label_IdentificationOfMemberOfExecutiveBoardAxis">Identification of member of executive board [axis]</link:label>
    <link:labelArc xlink:type="arc" xlink:arcrole="http://www.xbrl.org/2003/arcrole/concept-label" xlink:from="IdentificationOfMemberOfExecutiveBoardAxis" xlink:to="label_IdentificationOfMemberOfExecutiveBoardAxis" order="10.0"/>
    <link:label xlink:type="resource" xlink:label="label_IdentificationOfMemberOfExecutiveBoardAxis_2" xlink:role="http://www.xbrl.org/2003/role/label" xml:lang="da" id="label_IdentificationOfMemberOfExecutiveBoardAxis_2">Identifikation af medlem af direktionen</link:label>
    <link:labelArc xlink:type="arc" xlink:arcrole="http://www.xbrl.org/2003/arcrole/concept-label" xlink:from="IdentificationOfMemberOfExecutiveBoardAxis" xlink:to="label_IdentificationOfMemberOfExecutiveBoardAxis_2" order="10.0"/>
    <link:loc xlink:type="locator" xlink:href="cmn.xsd#cmn_IdentificationOfMemberOfSupervisoryBoardAxis" xlink:label="IdentificationOfMemberOfSupervisoryBoardAxis"/>
    <link:label xlink:type="resource" xlink:label="label_IdentificationOfMemberOfSupervisoryBoardAxis" xlink:role="http://www.xbrl.org/2003/role/label" xml:lang="en" id="label_IdentificationOfMemberOfSupervisoryBoardAxis">Identification of member of supervisory board [axis]</link:label>
    <link:labelArc xlink:type="arc" xlink:arcrole="http://www.xbrl.org/2003/arcrole/concept-label" xlink:from="IdentificationOfMemberOfSupervisoryBoardAxis" xlink:to="label_IdentificationOfMemberOfSupervisoryBoardAxis" order="10.0"/>
    <link:label xlink:type="resource" xlink:label="label_IdentificationOfMemberOfSupervisoryBoardAxis_2" xlink:role="http://www.xbrl.org/2003/role/label" xml:lang="da" id="label_IdentificationOfMemberOfSupervisoryBoardAxis_2">Identifikation af medlem af bestyrelsen</link:label>
    <link:labelArc xlink:type="arc" xlink:arcrole="http://www.xbrl.org/2003/arcrole/concept-label" xlink:from="IdentificationOfMemberOfSupervisoryBoardAxis" xlink:to="label_IdentificationOfMemberOfSupervisoryBoardAxis_2" order="10.0"/>
    <link:loc xlink:type="locator" xlink:href="cmn.xsd#cmn_IdentificationNumberCprOfMemberOfExecutiveBoard" xlink:label="IdentificationNumberCprOfMemberOfExecutiveBoard"/>
    <link:label xlink:type="resource" xlink:label="label_IdentificationNumberCprOfMemberOfExecutiveBoard" xlink:role="http://www.xbrl.org/2003/role/label" xml:lang="en" id="label_IdentificationNumberCprOfMemberOfExecutiveBoard">Identification number [CPR] of member of executive board</link:label>
    <link:labelArc xlink:type="arc" xlink:arcrole="http://www.xbrl.org/2003/arcrole/concept-label" xlink:from="IdentificationNumberCprOfMemberOfExecutiveBoard" xlink:to="label_IdentificationNumberCprOfMemberOfExecutiveBoard" order="10.0"/>
    <link:label xlink:type="resource" xlink:label="label_IdentificationNumberCprOfMemberOfExecutiveBoard_2" xlink:role="http://www.xbrl.org/2003/role/label" xml:lang="da" id="label_IdentificationNumberCprOfMemberOfExecutiveBoard_2">Direktionsmedlems CPR-nr.</link:label>
    <link:labelArc xlink:type="arc" xlink:arcrole="http://www.xbrl.org/2003/arcrole/concept-label" xlink:from="IdentificationNumberCprOfMemberOfExecutiveBoard" xlink:to="label_IdentificationNumberCprOfMemberOfExecutiveBoard_2" order="10.0"/>
    <link:loc xlink:type="locator" xlink:href="cmn.xsd#cmn_IdentificationNumberCprOfMemberOfSupervisoryBoard" xlink:label="IdentificationNumberCprOfMemberOfSupervisoryBoard"/>
    <link:label xlink:type="resource" xlink:label="label_IdentificationNumberCprOfMemberOfSupervisoryBoard" xlink:role="http://www.xbrl.org/2003/role/label" xml:lang="en" id="label_IdentificationNumberCprOfMemberOfSupervisoryBoard">Identification number [CPR] of member of supervisory board</link:label>
    <link:labelArc xlink:type="arc" xlink:arcrole="http://www.xbrl.org/2003/arcrole/concept-label" xlink:from="IdentificationNumberCprOfMemberOfSupervisoryBoard" xlink:to="label_IdentificationNumberCprOfMemberOfSupervisoryBoard" order="10.0"/>
    <link:label xlink:type="resource" xlink:label="label_IdentificationNumberCprOfMemberOfSupervisoryBoard_2" xlink:role="http://www.xbrl.org/2003/role/label" xml:lang="da" id="label_IdentificationNumberCprOfMemberOfSupervisoryBoard_2">Bestyrelsesmedlems CPR-nr.</link:label>
    <link:labelArc xlink:type="arc" xlink:arcrole="http://www.xbrl.org/2003/arcrole/concept-label" xlink:from="IdentificationNumberCprOfMemberOfSupervisoryBoard" xlink:to="label_IdentificationNumberCprOfMemberOfSupervisoryBoard_2" order="10.0"/>
    <link:loc xlink:type="locator" xlink:href="../full_ifrs-cor_2014-03-05.xsd#ifrs-full_ConsolidatedMember" xlink:label="ConsolidatedMember"/>
    <link:label xlink:type="resource" xlink:label="label_ConsolidatedMember" xlink:role="http://www.xbrl.org/2003/role/label" xml:lang="da" id="label_ConsolidatedMember">Koncern regnskab</link:label>
    <link:labelArc xlink:type="arc" xlink:arcrole="http://www.xbrl.org/2003/arcrole/concept-label" xlink:from="ConsolidatedMember" xlink:to="label_ConsolidatedMember"/>
    <link:loc xlink:type="locator" xlink:href="../full_ifrs-cor_2014-03-05.xsd#ifrs-full_SeparateMember" xlink:label="SeparateMember"/>
    <link:label xlink:type="resource" xlink:label="label_SeparateMember" xlink:role="http://www.xbrl.org/2003/role/label" xml:lang="da" id="label_SeparateMember">Årsregnskab</link:label>
    <link:labelArc xlink:type="arc" xlink:arcrole="http://www.xbrl.org/2003/arcrole/concept-label" xlink:from="SeparateMember" xlink:to="label_SeparateMember"/>
    <link:loc xlink:type="locator" xlink:href="../full_ifrs-cor_2014-03-05.xsd#ifrs-full_ConsolidatedAndSeparateFinancialStatementsAxis" xlink:label="ConsolidatedAndSeparateFinancialStatementsAxis"/>
    <link:label xlink:type="resource" xlink:label="label_ConsolidatedAndSeparateFinancialStatementsAxis" xlink:role="http://www.xbrl.org/2003/role/label" xml:lang="da" id="label_ConsolidatedAndSeparateFinancialStatementsAxis">Koncern regnskaber og årsregnskaber</link:label>
    <link:labelArc xlink:type="arc" xlink:arcrole="http://www.xbrl.org/2003/arcrole/concept-label" xlink:from="ConsolidatedAndSeparateFinancialStatementsAxis" xlink:to="label_ConsolidatedAndSeparateFinancialStatementsAxis"/>
    <link:loc xlink:type="locator" xlink:href="cmn.xsd#cmn_IdentificationOfAuditorDimension" xlink:label="IdentificationOfAuditorDimension" xlink:title="IdentificationOfAuditorDimension"/>
    <link:label xlink:type="resource" xlink:label="label_IdentificationOfAuditorDimension" xlink:role="http://www.xbrl.org/2003/role/label" xlink:title="label_IdentificationOfAuditorDimension" xml:lang="da" id="label_IdentificationOfAuditorDimension">Identifikation af revisor</link:label>
    <link:labelArc xlink:type="arc" xlink:arcrole="http://www.xbrl.org/2003/arcrole/concept-label" xlink:from="IdentificationOfAuditorDimension" xlink:to="label_IdentificationOfAuditorDimension" xlink:title="label: IdentificationOfAuditorDimension to label_IdentificationOfAuditorDimension"/>
    <link:label xlink:type="resource" xlink:label="label_IdentificationOfAuditorDimension_2" xlink:role="http://www.xbrl.org/2003/role/label" xlink:title="label_IdentificationOfAuditorDimension" xml:lang="en" id="label_IdentificationOfAuditorDimension_2">Identification of auditor [axis]</link:label>
    <link:labelArc xlink:type="arc" xlink:arcrole="http://www.xbrl.org/2003/arcrole/concept-label" xlink:from="IdentificationOfAuditorDimension" xlink:to="label_IdentificationOfAuditorDimension_2" xlink:title="label: IdentificationOfAuditorDimension to label_IdentificationOfAuditorDimension"/>
    <link:loc xlink:type="locator" xlink:href="cmn.xsd#cmn_IdentificationNumberCprOfAuditor" xlink:label="IdentificationNumberCprOfAuditor" xlink:title="IdentificationNumberCprOfAuditor"/>
    <link:label xlink:type="resource" xlink:label="label_IdentificationNumberCprOfAuditor" xlink:role="http://www.xbrl.org/2003/role/label" xlink:title="label_IdentificationNumberCprOfAuditor" xml:lang="da" id="label_IdentificationNumberCprOfAuditor">Revisors CPR-nr.</link:label>
    <link:labelArc xlink:type="arc" xlink:arcrole="http://www.xbrl.org/2003/arcrole/concept-label" xlink:from="IdentificationNumberCprOfAuditor" xlink:to="label_IdentificationNumberCprOfAuditor" xlink:title="label: IdentificationNumberCprOfAuditor to label_IdentificationNumberCprOfAuditor"/>
    <link:label xlink:type="resource" xlink:label="label_IdentificationNumberCprOfAuditor_2" xlink:role="http://www.xbrl.org/2003/role/label" xlink:title="label_IdentificationNumberCprOfAuditor" xml:lang="en" id="label_IdentificationNumberCprOfAuditor_2">Identification number [CPR] of auditor</link:label>
    <link:labelArc xlink:type="arc" xlink:arcrole="http://www.xbrl.org/2003/arcrole/concept-label" xlink:from="IdentificationNumberCprOfAuditor" xlink:to="label_IdentificationNumberCprOfAuditor_2" xlink:title="label: IdentificationNumberCprOfAuditor to label_IdentificationNumberCprOfAuditor"/>
    <link:loc xlink:type="locator" xlink:href="cmn.xsd#cmn_NameAndSurnameOfAuditor" xlink:label="NameAndSurnameOfAuditor" xlink:title="NameAndSurnameOfAuditor"/>
    <link:label xlink:type="resource" xlink:label="label_NameAndSurnameOfAuditor" xlink:role="http://www.xbrl.org/2003/role/label" xlink:title="label_NameAndSurnameOfAuditor" xml:lang="da" id="label_NameAndSurnameOfAuditor">Navn og efternavn på revisor</link:label>
    <link:labelArc xlink:type="arc" xlink:arcrole="http://www.xbrl.org/2003/arcrole/concept-label" xlink:from="NameAndSurnameOfAuditor" xlink:to="label_NameAndSurnameOfAuditor" xlink:title="label: NameAndSurnameOfAuditor to label_NameAndSurnameOfAuditor"/>
    <link:label xlink:type="resource" xlink:label="label_NameAndSurnameOfAuditor_2" xlink:role="http://www.xbrl.org/2003/role/label" xlink:title="label_NameAndSurnameOfAuditor" xml:lang="en" id="label_NameAndSurnameOfAuditor_2">Name and surname of auditor</link:label>
    <link:labelArc xlink:type="arc" xlink:arcrole="http://www.xbrl.org/2003/arcrole/concept-label" xlink:from="NameAndSurnameOfAuditor" xlink:to="label_NameAndSurnameOfAuditor_2" xlink:title="label: NameAndSurnameOfAuditor to label_NameAndSurnameOfAuditor"/>
    <link:loc xlink:type="locator" xlink:href="cmn.xsd#cmn_IdentificationNumberCvrOfAuditFirm" xlink:label="IdentificationNumberCvrOfAuditFirm" xlink:title="IdentificationNumberCvrOfAuditFirm"/>
    <link:label xlink:type="resource" xlink:label="label_IdentificationNumberCvrOfAuditFirm" xlink:role="http://www.xbrl.org/2003/role/label" xlink:title="label_IdentificationNumberCvrOfAuditFirm" xml:lang="da" id="label_IdentificationNumberCvrOfAuditFirm">Revisionsvirksomhedens CVR-nr.</link:label>
    <link:labelArc xlink:type="arc" xlink:arcrole="http://www.xbrl.org/2003/arcrole/concept-label" xlink:from="IdentificationNumberCvrOfAuditFirm" xlink:to="label_IdentificationNumberCvrOfAuditFirm" xlink:title="label: IdentificationNumberCvrOfAuditFirm to label_IdentificationNumberCvrOfAuditFirm"/>
    <link:label xlink:type="resource" xlink:label="label_IdentificationNumberCvrOfAuditFirm_2" xlink:role="http://www.xbrl.org/2003/role/label" xlink:title="label_IdentificationNumberCvrOfAuditFirm" xml:lang="en" id="label_IdentificationNumberCvrOfAuditFirm_2">Identification number [CVR] of audit firm</link:label>
    <link:labelArc xlink:type="arc" xlink:arcrole="http://www.xbrl.org/2003/arcrole/concept-label" xlink:from="IdentificationNumberCvrOfAuditFirm" xlink:to="label_IdentificationNumberCvrOfAuditFirm_2" xlink:title="label: IdentificationNumberCvrOfAuditFirm to label_IdentificationNumberCvrOfAuditFirm"/>
    <link:loc xlink:type="locator" xlink:href="cmn.xsd#cmn_IdentificationNumberPnrOfAuditFirm" xlink:label="IdentificationNumberPnrOfAuditFirm" xlink:title="IdentificationNumberPnrOfAuditFirm"/>
    <link:label xlink:type="resource" xlink:label="label_IdentificationNumberPnrOfAuditFirm" xlink:role="http://www.xbrl.org/2003/role/label" xlink:title="label_IdentificationNumberPnrOfAuditFirm" xml:lang="da" id="label_IdentificationNumberPnrOfAuditFirm">Revisionsvirksomhedens P-nr.</link:label>
    <link:labelArc xlink:type="arc" xlink:arcrole="http://www.xbrl.org/2003/arcrole/concept-label" xlink:from="IdentificationNumberPnrOfAuditFirm" xlink:to="label_IdentificationNumberPnrOfAuditFirm" xlink:title="label: IdentificationNumberPnrOfAuditFirm to label_IdentificationNumberPnrOfAuditFirm"/>
    <link:label xlink:type="resource" xlink:label="label_IdentificationNumberPnrOfAuditFirm_2" xlink:role="http://www.xbrl.org/2003/role/label" xlink:title="label_IdentificationNumberPnrOfAuditFirm" xml:lang="en" id="label_IdentificationNumberPnrOfAuditFirm_2">Identification number [PNR] of audit firm</link:label>
    <link:labelArc xlink:type="arc" xlink:arcrole="http://www.xbrl.org/2003/arcrole/concept-label" xlink:from="IdentificationNumberPnrOfAuditFirm" xlink:to="label_IdentificationNumberPnrOfAuditFirm_2" xlink:title="label: IdentificationNumberPnrOfAuditFirm to label_IdentificationNumberPnrOfAuditFirm"/>
    <link:loc xlink:type="locator" xlink:href="cmn.xsd#cmn_NameOfAuditFirm" xlink:label="NameOfAuditFirm" xlink:title="NameOfAuditFirm"/>
    <link:label xlink:type="resource" xlink:label="label_NameOfAuditFirm" xlink:role="http://www.xbrl.org/2003/role/label" xlink:title="label_NameOfAuditFirm" xml:lang="da" id="label_NameOfAuditFirm">Navn på revisionsvirksomhed</link:label>
    <link:labelArc xlink:type="arc" xlink:arcrole="http://www.xbrl.org/2003/arcrole/concept-label" xlink:from="NameOfAuditFirm" xlink:to="label_NameOfAuditFirm" xlink:title="label: NameOfAuditFirm to label_NameOfAuditFirm"/>
    <link:label xlink:type="resource" xlink:label="label_NameOfAuditFirm_2" xlink:role="http://www.xbrl.org/2003/role/label" xlink:title="label_NameOfAuditFirm" xml:lang="en" id="label_NameOfAuditFirm_2">Name of audit firm</link:label>
    <link:labelArc xlink:type="arc" xlink:arcrole="http://www.xbrl.org/2003/arcrole/concept-label" xlink:from="NameOfAuditFirm" xlink:to="label_NameOfAuditFirm_2" xlink:title="label: NameOfAuditFirm to label_NameOfAuditFirm"/>
    <link:loc xlink:type="locator" xlink:href="cmn.xsd#cmn_DescriptionOfAuditor" xlink:label="DescriptionOfAuditor" xlink:title="DescriptionOfAuditor"/>
    <link:label xlink:type="resource" xlink:label="label_DescriptionOfAuditor" xlink:role="http://www.xbrl.org/2003/role/label" xlink:title="label_DescriptionOfAuditor" xml:lang="da" id="label_DescriptionOfAuditor">Beskrivelse af revisor</link:label>
    <link:labelArc xlink:type="arc" xlink:arcrole="http://www.xbrl.org/2003/arcrole/concept-label" xlink:from="DescriptionOfAuditor" xlink:to="label_DescriptionOfAuditor" xlink:title="label: DescriptionOfAuditor to label_DescriptionOfAuditor"/>
    <link:label xlink:type="resource" xlink:label="label_DescriptionOfAuditor_2" xlink:role="http://www.xbrl.org/2003/role/label" xlink:title="label_DescriptionOfAuditor" xml:lang="en" id="label_DescriptionOfAuditor_2">Description of auditor</link:label>
    <link:labelArc xlink:type="arc" xlink:arcrole="http://www.xbrl.org/2003/arcrole/concept-label" xlink:from="DescriptionOfAuditor" xlink:to="label_DescriptionOfAuditor_2" xlink:title="label: DescriptionOfAuditor to label_DescriptionOfAuditor"/>
    <link:loc xlink:type="locator" xlink:href="cmn.xsd#cmn_DescriptionOfMemberOfExecutiveBoard" xlink:label="DescriptionOfMemberOfExecutiveBoard" xlink:title="DescriptionOfMemberOfExecutiveBoard"/>
    <link:label xlink:type="resource" xlink:label="label_DescriptionOfMemberOfExecutiveBoard" xlink:role="http://www.xbrl.org/2003/role/label" xlink:title="label_DescriptionOfMemberOfExecutiveBoard" xml:lang="da" id="label_DescriptionOfMemberOfExecutiveBoard">Beskrivelse af medlem af direktionen</link:label>
    <link:labelArc xlink:type="arc" xlink:arcrole="http://www.xbrl.org/2003/arcrole/concept-label" xlink:from="DescriptionOfMemberOfExecutiveBoard" xlink:to="label_DescriptionOfMemberOfExecutiveBoard" xlink:title="label: DescriptionOfMemberOfExecutiveBoard to label_DescriptionOfMemberOfExecutiveBoard"/>
    <link:label xlink:type="resource" xlink:label="label_DescriptionOfMemberOfExecutiveBoard_2" xlink:role="http://www.xbrl.org/2003/role/label" xlink:title="label_DescriptionOfMemberOfExecutiveBoard" xml:lang="en" id="label_DescriptionOfMemberOfExecutiveBoard_2">Description of member of executive board</link:label>
    <link:labelArc xlink:type="arc" xlink:arcrole="http://www.xbrl.org/2003/arcrole/concept-label" xlink:from="DescriptionOfMemberOfExecutiveBoard" xlink:to="label_DescriptionOfMemberOfExecutiveBoard_2" xlink:title="label: DescriptionOfMemberOfExecutiveBoard to label_DescriptionOfMemberOfExecutiveBoard"/>
    <link:loc xlink:type="locator" xlink:href="cmn.xsd#cmn_DescriptionOfMemberOfSupervisoryBoard" xlink:label="DescriptionOfMemberOfSupervisoryBoard" xlink:title="DescriptionOfMemberOfSupervisoryBoard"/>
    <link:label xlink:type="resource" xlink:label="label_DescriptionOfMemberOfSupervisoryBoard" xlink:role="http://www.xbrl.org/2003/role/label" xlink:title="label_DescriptionOfMemberOfSupervisoryBoard" xml:lang="da" id="label_DescriptionOfMemberOfSupervisoryBoard">Beskrivelse af medlem af bestyrelsen</link:label>
    <link:labelArc xlink:type="arc" xlink:arcrole="http://www.xbrl.org/2003/arcrole/concept-label" xlink:from="DescriptionOfMemberOfSupervisoryBoard" xlink:to="label_DescriptionOfMemberOfSupervisoryBoard" xlink:title="label: DescriptionOfMemberOfSupervisoryBoard to label_DescriptionOfMemberOfSupervisoryBoard"/>
    <link:label xlink:type="resource" xlink:label="label_DescriptionOfMemberOfSupervisoryBoard_2" xlink:role="http://www.xbrl.org/2003/role/label" xlink:title="label_DescriptionOfMemberOfSupervisoryBoard" xml:lang="en" id="label_DescriptionOfMemberOfSupervisoryBoard_2">Description of member of supervisory board</link:label>
    <link:labelArc xlink:type="arc" xlink:arcrole="http://www.xbrl.org/2003/arcrole/concept-label" xlink:from="DescriptionOfMemberOfSupervisoryBoard" xlink:to="label_DescriptionOfMemberOfSupervisoryBoard_2" xlink:title="label: DescriptionOfMemberOfSupervisoryBoard to label_DescriptionOfMemberOfSupervisoryBoard"/>
    <link:loc xlink:type="locator" xlink:href="cmn.xsd#cmn_IdentificationOfLiquidatorDimension" xlink:label="IdentificationOfLiquidatorDimension" xlink:title="IdentificationOfLiquidatorDimension"/>
    <link:label xlink:type="resource" xlink:label="label_IdentificationOfLiquidatorDimension" xlink:role="http://www.xbrl.org/2003/role/label" xlink:title="label_IdentificationOfLiquidatorDimension" xml:lang="da" id="label_IdentificationOfLiquidatorDimension">Identifikation af likvidator</link:label>
    <link:labelArc xlink:type="arc" xlink:arcrole="http://www.xbrl.org/2003/arcrole/concept-label" xlink:from="IdentificationOfLiquidatorDimension" xlink:to="label_IdentificationOfLiquidatorDimension" xlink:title="label: IdentificationOfLiquidatorDimension to label_IdentificationOfLiquidatorDimension"/>
    <link:label xlink:type="resource" xlink:label="label_IdentificationOfLiquidatorDimension_2" xlink:role="http://www.xbrl.org/2003/role/label" xlink:title="label_IdentificationOfLiquidatorDimension" xml:lang="en" id="label_IdentificationOfLiquidatorDimension_2">Identification of liquidator [axis]</link:label>
    <link:labelArc xlink:type="arc" xlink:arcrole="http://www.xbrl.org/2003/arcrole/concept-label" xlink:from="IdentificationOfLiquidatorDimension" xlink:to="label_IdentificationOfLiquidatorDimension_2" xlink:title="label: IdentificationOfLiquidatorDimension to label_IdentificationOfLiquidatorDimension"/>
    <link:loc xlink:type="locator" xlink:href="cmn.xsd#cmn_IdentificationNumberCprOfLiquidator" xlink:label="IdentificationNumberCprOfLiquidator" xlink:title="IdentificationNumberCprOfLiquidator"/>
    <link:label xlink:type="resource" xlink:label="label_IdentificationNumberCprOfLiquidator" xlink:role="http://www.xbrl.org/2003/role/label" xlink:title="label_IdentificationNumberCprOfLiquidator" xml:lang="da" id="label_IdentificationNumberCprOfLiquidator">Likvidators CPR-nr.</link:label>
    <link:labelArc xlink:type="arc" xlink:arcrole="http://www.xbrl.org/2003/arcrole/concept-label" xlink:from="IdentificationNumberCprOfLiquidator" xlink:to="label_IdentificationNumberCprOfLiquidator" xlink:title="label: IdentificationNumberCprOfLiquidator to label_IdentificationNumberCprOfLiquidator"/>
    <link:label xlink:type="resource" xlink:label="label_IdentificationNumberCprOfLiquidator_2" xlink:role="http://www.xbrl.org/2003/role/label" xlink:title="label_IdentificationNumberCprOfLiquidator" xml:lang="en" id="label_IdentificationNumberCprOfLiquidator_2">Identification number [CPR] of likvidator</link:label>
    <link:labelArc xlink:type="arc" xlink:arcrole="http://www.xbrl.org/2003/arcrole/concept-label" xlink:from="IdentificationNumberCprOfLiquidator" xlink:to="label_IdentificationNumberCprOfLiquidator_2" xlink:title="label: IdentificationNumberCprOfLiquidator to label_IdentificationNumberCprOfLiquidator"/>
    <link:loc xlink:type="locator" xlink:href="cmn.xsd#cmn_NameAndSurnameOfLiquidator" xlink:label="NameAndSurnameOfLiquidator" xlink:title="NameAndSurnameOfLiquidator"/>
    <link:label xlink:type="resource" xlink:label="label_NameAndSurnameOfLiquidator" xlink:role="http://www.xbrl.org/2003/role/label" xlink:title="label_NameAndSurnameOfLiquidator" xml:lang="da" id="label_NameAndSurnameOfLiquidator">Navn på likvidator</link:label>
    <link:labelArc xlink:type="arc" xlink:arcrole="http://www.xbrl.org/2003/arcrole/concept-label" xlink:from="NameAndSurnameOfLiquidator" xlink:to="label_NameAndSurnameOfLiquidator" xlink:title="label: NameAndSurnameOfLiquidator to label_NameAndSurnameOfLiquidator"/>
    <link:label xlink:type="resource" xlink:label="label_NameAndSurnameOfLiquidator_2" xlink:role="http://www.xbrl.org/2003/role/label" xlink:title="label_NameAndSurnameOfLiquidator" xml:lang="en" id="label_NameAndSurnameOfLiquidator_2">Name and surname of liquidator</link:label>
    <link:labelArc xlink:type="arc" xlink:arcrole="http://www.xbrl.org/2003/arcrole/concept-label" xlink:from="NameAndSurnameOfLiquidator" xlink:to="label_NameAndSurnameOfLiquidator_2" xlink:title="label: NameAndSurnameOfLiquidator to label_NameAndSurnameOfLiquidator"/>
    <link:loc xlink:type="locator" xlink:href="cmn.xsd#cmn_TitleOfLiquidator" xlink:label="TitleOfLiquidator" xlink:title="TitleOfLiquidator"/>
    <link:label xlink:type="resource" xlink:label="label_TitleOfLiquidator" xlink:role="http://www.xbrl.org/2003/role/label" xlink:title="label_TitleOfLiquidator" xml:lang="da" id="label_TitleOfLiquidator">Titel på likvidator</link:label>
    <link:labelArc xlink:type="arc" xlink:arcrole="http://www.xbrl.org/2003/arcrole/concept-label" xlink:from="TitleOfLiquidator" xlink:to="label_TitleOfLiquidator" xlink:title="label: TitleOfLiquidator to label_TitleOfLiquidator"/>
    <link:label xlink:type="resource" xlink:label="label_TitleOfLiquidator_2" xlink:role="http://www.xbrl.org/2003/role/label" xlink:title="label_TitleOfLiquidator" xml:lang="en" id="label_TitleOfLiquidator_2">Title of liquidator</link:label>
    <link:labelArc xlink:type="arc" xlink:arcrole="http://www.xbrl.org/2003/arcrole/concept-label" xlink:from="TitleOfLiquidator" xlink:to="label_TitleOfLiquidator_2" xlink:title="label: TitleOfLiquidator to label_TitleOfLiquidator"/>
    <link:loc xlink:type="locator" xlink:href="cmn.xsd#cmn_DescriptionOfLiquidator" xlink:label="DescriptionOfLiquidator" xlink:title="DescriptionOfLiquidator"/>
    <link:label xlink:type="resource" xlink:label="label_DescriptionOfLiquidator" xlink:role="http://www.xbrl.org/2003/role/label" xlink:title="label_DescriptionOfLiquidator" xml:lang="da" id="label_DescriptionOfLiquidator">Beskrivelse af likvidator</link:label>
    <link:labelArc xlink:type="arc" xlink:arcrole="http://www.xbrl.org/2003/arcrole/concept-label" xlink:from="DescriptionOfLiquidator" xlink:to="label_DescriptionOfLiquidator" xlink:title="label: DescriptionOfLiquidator to label_DescriptionOfLiquidator"/>
    <link:label xlink:type="resource" xlink:label="label_DescriptionOfLiquidator_2" xlink:role="http://www.xbrl.org/2003/role/label" xlink:title="label_DescriptionOfLiquidator" xml:lang="en" id="label_DescriptionOfLiquidator_2">Description of liquidator</link:label>
    <link:labelArc xlink:type="arc" xlink:arcrole="http://www.xbrl.org/2003/arcrole/concept-label" xlink:from="DescriptionOfLiquidator" xlink:to="label_DescriptionOfLiquidator_2" xlink:title="label: DescriptionOfLiquidator to label_DescriptionOfLiquidator"/>
    <link:loc xlink:type="locator" xlink:href="cmn.xsd#cmn_IdentificationOfReportingEntitySecondaryNameAxis" xlink:label="IdentificationOfReportingEntitySecondaryNameAxis" xlink:title="IdentificationOfReportingEntitySecondaryNameAxis"/>
    <link:label xlink:type="resource" xlink:label="label_IdentificationOfReportingEntitySecondaryNameAxis" xlink:role="http://www.xbrl.org/2003/role/label" xlink:title="label_IdentificationOfReportingEntitySecondaryNameAxis" xml:lang="da" id="label_IdentificationOfReportingEntitySecondaryNameAxis">Identifikation af regnskabsaflæggende virksomheds binavn</link:label>
    <link:labelArc xlink:type="arc" xlink:arcrole="http://www.xbrl.org/2003/arcrole/concept-label" xlink:from="IdentificationOfReportingEntitySecondaryNameAxis" xlink:to="label_IdentificationOfReportingEntitySecondaryNameAxis" xlink:title="label: IdentificationOfReportingEntitySecondaryNameAxis to label_IdentificationOfReportingEntitySecondaryNameAxis"/>
    <link:label xlink:type="resource" xlink:label="label_IdentificationOfReportingEntitySecondaryNameAxis_2" xlink:role="http://www.xbrl.org/2003/role/label" xlink:title="label_IdentificationOfReportingEntitySecondaryNameAxis" xml:lang="en" id="label_IdentificationOfReportingEntitySecondaryNameAxis_2">Identification of reporting entity secondary name</link:label>
    <link:labelArc xlink:type="arc" xlink:arcrole="http://www.xbrl.org/2003/arcrole/concept-label" xlink:from="IdentificationOfReportingEntitySecondaryNameAxis" xlink:to="label_IdentificationOfReportingEntitySecondaryNameAxis_2" xlink:title="label: IdentificationOfReportingEntitySecondaryNameAxis to label_IdentificationOfReportingEntitySecondaryNameAxis"/>
    <link:loc xlink:type="locator" xlink:href="cmn.xsd#cmn_TypeOfParticipantAxis" xlink:label="TypeOfParticipantAxis" xlink:title="TypeOfParticipantAxis"/>
    <link:label xlink:type="resource" xlink:label="label_TypeOfParticipantAxis" xlink:role="http://www.xbrl.org/2003/role/label" xlink:title="label_TypeOfParticipantAxis" xml:lang="da" id="label_TypeOfParticipantAxis">Typer af deltagere</link:label>
    <link:labelArc xlink:type="arc" xlink:arcrole="http://www.xbrl.org/2003/arcrole/concept-label" xlink:from="TypeOfParticipantAxis" xlink:to="label_TypeOfParticipantAxis" xlink:title="label: TypeOfParticipantAxis to label_TypeOfParticipantAxis"/>
    <link:label xlink:type="resource" xlink:label="label_TypeOfParticipantAxis_2" xlink:role="http://www.xbrl.org/2003/role/label" xlink:title="label_TypeOfParticipantAxis" xml:lang="en" id="label_TypeOfParticipantAxis_2">Type of participant [axis]</link:label>
    <link:labelArc xlink:type="arc" xlink:arcrole="http://www.xbrl.org/2003/arcrole/concept-label" xlink:from="TypeOfParticipantAxis" xlink:to="label_TypeOfParticipantAxis_2" xlink:title="label: TypeOfParticipantAxis to label_TypeOfParticipantAxis"/>
    <link:loc xlink:type="locator" xlink:href="cmn.xsd#cmn_AllParticipantsMember" xlink:label="AllParticipantsMember" xlink:title="AllParticipantsMember"/>
    <link:label xlink:type="resource" xlink:label="label_AllParticipantsMember" xlink:role="http://www.xbrl.org/2003/role/label" xlink:title="label_AllParticipantsMember" xml:lang="da" id="label_AllParticipantsMember">Alle deltagere</link:label>
    <link:labelArc xlink:type="arc" xlink:arcrole="http://www.xbrl.org/2003/arcrole/concept-label" xlink:from="AllParticipantsMember" xlink:to="label_AllParticipantsMember" xlink:title="label: AllParticipantsMember to label_AllParticipantsMember"/>
    <link:label xlink:type="resource" xlink:label="label_AllParticipantsMember_2" xlink:role="http://www.xbrl.org/2003/role/label" xlink:title="label_AllParticipantsMember" xml:lang="en" id="label_AllParticipantsMember_2">All participants [member]</link:label>
    <link:labelArc xlink:type="arc" xlink:arcrole="http://www.xbrl.org/2003/arcrole/concept-label" xlink:from="AllParticipantsMember" xlink:to="label_AllParticipantsMember_2" xlink:title="label: AllParticipantsMember to label_AllParticipantsMember"/>
    <link:loc xlink:type="locator" xlink:href="cmn.xsd#cmn_ParticipantsNotPartOfRegisteredManagementMember" xlink:label="ParticipantsNotPartOfRegisteredManagementMember" xlink:title="ParticipantsNotPartOfRegisteredManagementMember"/>
    <link:label xlink:type="resource" xlink:label="label_ParticipantsNotPartOfRegisteredManagementMember" xlink:role="http://www.xbrl.org/2003/role/label" xlink:title="label_ParticipantsNotPartOfRegisteredManagementMember" xml:lang="da" id="label_ParticipantsNotPartOfRegisteredManagementMember">Deltager der IKKE er del af den registrerede ledelse</link:label>
    <link:labelArc xlink:type="arc" xlink:arcrole="http://www.xbrl.org/2003/arcrole/concept-label" xlink:from="ParticipantsNotPartOfRegisteredManagementMember" xlink:to="label_ParticipantsNotPartOfRegisteredManagementMember" xlink:title="label: ParticipantsNotPartOfRegisteredManagementMember to label_ParticipantsNotPartOfRegisteredManagementMember"/>
    <link:label xlink:type="resource" xlink:label="label_ParticipantsNotPartOfRegisteredManagementMember_2" xlink:role="http://www.xbrl.org/2003/role/label" xlink:title="label_ParticipantsNotPartOfRegisteredManagementMember" xml:lang="en" id="label_ParticipantsNotPartOfRegisteredManagementMember_2">Participant NOT part of the registered management [member]</link:label>
    <link:labelArc xlink:type="arc" xlink:arcrole="http://www.xbrl.org/2003/arcrole/concept-label" xlink:from="ParticipantsNotPartOfRegisteredManagementMember" xlink:to="label_ParticipantsNotPartOfRegisteredManagementMember_2" xlink:title="label: ParticipantsNotPartOfRegisteredManagementMember to label_ParticipantsNotPartOfRegisteredManagementMember"/>
    <link:loc xlink:type="locator" xlink:href="cmn.xsd#cmn_TypeOfAuditorAssistance" xlink:label="TypeOfAuditorAssistance" xlink:title="TypeOfAuditorAssistance"/>
    <link:label xlink:type="resource" xlink:label="label_TypeOfAuditorAssistance" xlink:role="http://www.xbrl.org/2003/role/label" xlink:title="label_TypeOfAuditorAssistance" xml:lang="da" id="label_TypeOfAuditorAssistance">Type af revisorbistand</link:label>
    <link:labelArc xlink:type="arc" xlink:arcrole="http://www.xbrl.org/2003/arcrole/concept-label" xlink:from="TypeOfAuditorAssistance" xlink:to="label_TypeOfAuditorAssistance" xlink:title="label: TypeOfAuditorAssistance to label_TypeOfAuditorAssistance"/>
    <link:label xlink:type="resource" xlink:label="label_TypeOfAuditorAssistance_2" xlink:role="http://www.xbrl.org/2003/role/label" xlink:title="label_TypeOfAuditorAssistance" xml:lang="en" id="label_TypeOfAuditorAssistance_2">Type of auditor assistance</link:label>
    <link:labelArc xlink:type="arc" xlink:arcrole="http://www.xbrl.org/2003/arcrole/concept-label" xlink:from="TypeOfAuditorAssistance" xlink:to="label_TypeOfAuditorAssistance_2" xlink:title="label: TypeOfAuditorAssistance to label_TypeOfAuditorAssistance"/>
    <link:loc xlink:type="locator" xlink:href="cmn.xsd#cmn_TypeOfAuditorAxis" xlink:label="TypeOfAuditorAxis" xlink:title="TypeOfAuditorAxis"/>
    <link:label xlink:type="resource" xlink:label="label_TypeOfAuditorAxis" xlink:role="http://www.xbrl.org/2003/role/label" xlink:title="label_TypeOfAuditorAxis" xml:lang="da" id="label_TypeOfAuditorAxis">Typer af revisorer</link:label>
    <link:labelArc xlink:type="arc" xlink:arcrole="http://www.xbrl.org/2003/arcrole/concept-label" xlink:from="TypeOfAuditorAxis" xlink:to="label_TypeOfAuditorAxis" xlink:title="label: TypeOfAuditorAxis to label_TypeOfAuditorAxis"/>
    <link:label xlink:type="resource" xlink:label="label_TypeOfAuditorAxis_2" xlink:role="http://www.xbrl.org/2003/role/label" xlink:title="label_TypeOfAuditorAxis" xml:lang="en" id="label_TypeOfAuditorAxis_2">Type of Auditor [axis]</link:label>
    <link:labelArc xlink:type="arc" xlink:arcrole="http://www.xbrl.org/2003/arcrole/concept-label" xlink:from="TypeOfAuditorAxis" xlink:to="label_TypeOfAuditorAxis_2" xlink:title="label: TypeOfAuditorAxis to label_TypeOfAuditorAxis"/>
    <link:loc xlink:type="locator" xlink:href="cmn.xsd#cmn_AllAuditorsMember" xlink:label="AllAuditorsMember" xlink:title="AllAuditorsMember"/>
    <link:label xlink:type="resource" xlink:label="label_AllAuditorsMember" xlink:role="http://www.xbrl.org/2003/role/label" xlink:title="label_AllAuditorsMember" xml:lang="da" id="label_AllAuditorsMember">Alle revisorer</link:label>
    <link:labelArc xlink:type="arc" xlink:arcrole="http://www.xbrl.org/2003/arcrole/concept-label" xlink:from="AllAuditorsMember" xlink:to="label_AllAuditorsMember" xlink:title="label: AllAuditorsMember to label_AllAuditorsMember"/>
    <link:label xlink:type="resource" xlink:label="label_AllAuditorsMember_2" xlink:role="http://www.xbrl.org/2003/role/label" xlink:title="label_AllAuditorsMember" xml:lang="en" id="label_AllAuditorsMember_2">All auditors [member]</link:label>
    <link:labelArc xlink:type="arc" xlink:arcrole="http://www.xbrl.org/2003/arcrole/concept-label" xlink:from="AllAuditorsMember" xlink:to="label_AllAuditorsMember_2" xlink:title="label: AllAuditorsMember to label_AllAuditorsMember"/>
    <link:loc xlink:type="locator" xlink:href="cmn.xsd#cmn_AuditorNotIncludedInAuditorsReportsMember" xlink:label="AuditorNotIncludedInAuditorsReportsMember" xlink:title="AuditorNotIncludedInAuditorsReportsMember"/>
    <link:label xlink:type="resource" xlink:label="label_AuditorNotIncludedInAuditorsReportsMember" xlink:role="http://www.xbrl.org/2003/role/label" xlink:title="label_AuditorNotIncludedInAuditorsReportsMember" xml:lang="da" id="label_AuditorNotIncludedInAuditorsReportsMember">Revisorer der IKKE indgår i [101] revisors erklæringer</link:label>
    <link:labelArc xlink:type="arc" xlink:arcrole="http://www.xbrl.org/2003/arcrole/concept-label" xlink:from="AuditorNotIncludedInAuditorsReportsMember" xlink:to="label_AuditorNotIncludedInAuditorsReportsMember" xlink:title="label: AuditorNotIncludedInAuditorsReportsMember to label_AuditorNotIncludedInAuditorsReportsMember"/>
    <link:label xlink:type="resource" xlink:label="label_AuditorNotIncludedInAuditorsReportsMember_2" xlink:role="http://www.xbrl.org/2003/role/label" xlink:title="label_AuditorNotIncludedInAuditorsReportsMember" xml:lang="en" id="label_AuditorNotIncludedInAuditorsReportsMember_2">Auditor NOT included in [101] Auditor's reports</link:label>
    <link:labelArc xlink:type="arc" xlink:arcrole="http://www.xbrl.org/2003/arcrole/concept-label" xlink:from="AuditorNotIncludedInAuditorsReportsMember" xlink:to="label_AuditorNotIncludedInAuditorsReportsMember_2" xlink:title="label: AuditorNotIncludedInAuditorsReportsMember to label_AuditorNotIncludedInAuditorsReportsMember"/>
  </link:labelLink>
</link:linkbase>
