<?xml version="1.0" encoding="UTF-8"?>
<?officialURI http://archprod.service.eogs.dk/taxonomy/20141220/cmn_def.xml?>
<?taxonomy-version 0.2.0?>

<link:linkbase xmlns:xsi="http://www.w3.org/2001/XMLSchema-instance" xsi:schemaLocation="http://www.xbrl.org/2003/linkbase http://www.xbrl.org/2003/xbrl-linkbase-2003-12-31.xsd" xmlns:link="http://www.xbrl.org/2003/linkbase" xmlns:xbrldt="http://xbrl.org/2005/xbrldt" xmlns:xbrli="http://www.xbrl.org/2003/instance" xmlns:xlink="http://www.w3.org/1999/xlink">
  <link:roleRef roleURI="http://xbrl.dcca.dk/role/900.01/AxisDefaultMembers" xlink:type="simple" xlink:href="cmn_rol.xsd#cmn_rol_RoleAxisDefaultMembers"/>
  <link:roleRef roleURI="http://xbrl.dcca.dk/role/902.01/AxisRetrospectiveInformation" xlink:type="simple" xlink:href="cmn_rol.xsd#cmn_rol_RoleAxisRetrospectiveInformation"/>
  <link:roleRef roleURI="http://xbrl.dcca.dk/role/916.01/DimensionTypeOfAuditor" xlink:type="simple" xlink:href="cmn_rol.xsd#cmn_rol_RoleDimensionTypeOfAuditor"/>
  <link:arcroleRef arcroleURI="http://xbrl.org/int/dim/arcrole/dimension-domain" xlink:type="simple" xlink:href="http://www.xbrl.org/2005/xbrldt-2005.xsd#dimension-domain"/>
  <link:arcroleRef arcroleURI="http://xbrl.org/int/dim/arcrole/dimension-default" xlink:type="simple" xlink:href="http://www.xbrl.org/2005/xbrldt-2005.xsd#dimension-default"/>
  <link:definitionLink xlink:type="extended" xlink:role="http://xbrl.dcca.dk/role/900.01/AxisDefaultMembers">
    <link:loc xlink:type="locator" xlink:href="cmn.xsd#cmn_RetrospectiveInformationAxis" xlink:label="RetrospectiveInformationAxis"/>
    <link:loc xlink:type="locator" xlink:href="cmn.xsd#cmn_CurrentYearMember" xlink:label="CurrentYearMember"/>
    <link:definitionArc xlink:type="arc" xlink:arcrole="http://xbrl.org/int/dim/arcrole/dimension-default" xlink:from="RetrospectiveInformationAxis" xlink:to="CurrentYearMember" order="1.0"/>
    <link:loc xlink:type="locator" xlink:href="cmn.xsd#cmn_TypeOfAuditorAxis" xlink:label="TypeOfAuditorAxis" xlink:title="TypeOfAuditorAxis"/>
    <link:loc xlink:type="locator" xlink:href="cmn.xsd#cmn_AllAuditorsMember" xlink:label="AllAuditorsMember" xlink:title="AllAuditorsMember"/>
    <link:definitionArc xlink:type="arc" xlink:arcrole="http://xbrl.org/int/dim/arcrole/dimension-default" xlink:from="TypeOfAuditorAxis" xlink:to="AllAuditorsMember" xlink:title="definition: TypeOfAuditorAxis to AllAuditorsMember" order="1.0" xbrldt:usable="true"/>
  </link:definitionLink>
  <link:definitionLink xlink:type="extended" xlink:role="http://xbrl.dcca.dk/role/902.01/AxisRetrospectiveInformation">
    <link:loc xlink:type="locator" xlink:href="cmn.xsd#cmn_RetrospectiveInformationAxis" xlink:label="RetrospectiveInformationAxis"/>
    <link:loc xlink:type="locator" xlink:href="cmn.xsd#cmn_CurrentYearMember" xlink:label="CurrentYearMember"/>
    <link:definitionArc xlink:type="arc" xlink:arcrole="http://xbrl.org/int/dim/arcrole/dimension-domain" xlink:from="RetrospectiveInformationAxis" xlink:to="CurrentYearMember" order="1.0"/>
    <link:loc xlink:type="locator" xlink:href="cmn.xsd#cmn_PreviousYearMember" xlink:label="PreviousYearMember"/>
    <link:definitionArc xlink:type="arc" xlink:arcrole="http://xbrl.org/int/dim/arcrole/dimension-domain" xlink:from="RetrospectiveInformationAxis" xlink:to="PreviousYearMember" order="2.0"/>
    <link:loc xlink:type="locator" xlink:href="cmn.xsd#cmn_TwoYearsAgoMember" xlink:label="TwoYearsAgoMember"/>
    <link:definitionArc xlink:type="arc" xlink:arcrole="http://xbrl.org/int/dim/arcrole/dimension-domain" xlink:from="RetrospectiveInformationAxis" xlink:to="TwoYearsAgoMember" order="3.0"/>
    <link:loc xlink:type="locator" xlink:href="cmn.xsd#cmn_ThreeYearsAgoMember" xlink:label="ThreeYearsAgoMember"/>
    <link:definitionArc xlink:type="arc" xlink:arcrole="http://xbrl.org/int/dim/arcrole/dimension-domain" xlink:from="RetrospectiveInformationAxis" xlink:to="ThreeYearsAgoMember" order="4.0"/>
    <link:loc xlink:type="locator" xlink:href="cmn.xsd#cmn_FourYearsAgoMember" xlink:label="FourYearsAgoMember"/>
    <link:definitionArc xlink:type="arc" xlink:arcrole="http://xbrl.org/int/dim/arcrole/dimension-domain" xlink:from="RetrospectiveInformationAxis" xlink:to="FourYearsAgoMember" order="5.0"/>
  </link:definitionLink>
  <link:definitionLink xlink:type="extended" xlink:role="http://xbrl.dcca.dk/role/916.01/DimensionTypeOfAuditor">
    <link:loc xlink:type="locator" xlink:href="cmn.xsd#cmn_TypeOfAuditorAxis" xlink:label="TypeOfAuditorAxis" xlink:title="TypeOfAuditorAxis"/>
    <link:loc xlink:type="locator" xlink:href="cmn.xsd#cmn_AllAuditorsMember" xlink:label="AllAuditorsMember" xlink:title="AllAuditorsMember"/>
    <link:definitionArc xlink:type="arc" xlink:arcrole="http://xbrl.org/int/dim/arcrole/dimension-domain" xlink:from="TypeOfAuditorAxis" xlink:to="AllAuditorsMember" xlink:title="definition: TypeOfAuditorAxis to AllAuditorsMember" order="1.0"/>
    <link:loc xlink:type="locator" xlink:href="cmn.xsd#cmn_AuditorNotIncludedInAuditorsReportsMember" xlink:label="AuditorNotIncludedInAuditorsReportsMember" xlink:title="AuditorNotIncludedInAuditorsReportsMember"/>
    <link:definitionArc xlink:type="arc" xlink:arcrole="http://xbrl.org/int/dim/arcrole/dimension-domain" xlink:from="TypeOfAuditorAxis" xlink:to="AuditorNotIncludedInAuditorsReportsMember" xlink:title="definition: TypeOfAuditorAxis to AuditorNotIncludedInAuditorsReportsMember" order="2.0"/>
  </link:definitionLink>
</link:linkbase>
