<?xml version="1.0" encoding="UTF-8"?>
<!-- Generated by Fujitsu Interstage XWand B0217 -->
<?officialURI http://archprod.service.eogs.dk/taxonomy/20141220/cmn_ref.xml?>

<?taxonomy-version 0.2.0?>

<link:linkbase xmlns:xsi="http://www.w3.org/2001/XMLSchema-instance" xsi:schemaLocation="http://www.xbrl.org/2006/ref http://www.xbrl.org/2006/ref-2006-02-27.xsd http://www.xbrl.org/2003/linkbase http://www.xbrl.org/2003/xbrl-linkbase-2003-12-31.xsd" xmlns:link="http://www.xbrl.org/2003/linkbase" xmlns:ref="http://www.xbrl.org/2006/ref" xmlns:xlink="http://www.w3.org/1999/xlink" xmlns:xbrli="http://www.xbrl.org/2003/instance">
  <link:referenceLink xlink:type="extended" xlink:role="http://www.xbrl.org/2003/role/link">
    <link:loc xlink:type="locator" xlink:href="cmn.xsd#cmn_OrdinaryWriteoffsInRespectOfDebtors" xlink:label="OrdinaryWriteoffsInRespectOfDebtors"/>
    <link:reference xlink:type="resource" xlink:label="reference_OrdinaryWriteoffsInRespectOfDebtors" xlink:role="http://www.xbrl.org/2003/role/reference" id="reference_OrdinaryWriteoffsInRespectOfDebtors">
      <ref:Publisher>Skat</ref:Publisher>
      <ref:Number>felt nr. 148</ref:Number>
    </link:reference>
    <link:referenceArc xlink:type="arc" xlink:arcrole="http://www.xbrl.org/2003/arcrole/concept-reference" xlink:from="OrdinaryWriteoffsInRespectOfDebtors" xlink:to="reference_OrdinaryWriteoffsInRespectOfDebtors" order="10.0"/>
    <link:reference xlink:type="resource" xlink:label="reference_OrdinaryWriteoffsInRespectOfDebtors_2" xlink:role="http://www.xbrl.org/2003/role/reference" id="reference_OrdinaryWriteoffsInRespectOfDebtors_2">
      <ref:Publisher>DST</ref:Publisher>
      <ref:Number>11</ref:Number>
      <ref:Note>OTDE</ref:Note>
    </link:reference>
    <link:referenceArc xlink:type="arc" xlink:arcrole="http://www.xbrl.org/2003/arcrole/concept-reference" xlink:from="OrdinaryWriteoffsInRespectOfDebtors" xlink:to="reference_OrdinaryWriteoffsInRespectOfDebtors_2" order="10.0"/>
    <link:loc xlink:type="locator" xlink:href="cmn.xsd#cmn_NameAndSurnameOfAuditor" xlink:label="NameAndSurnameOfAuditor" xlink:title="NameAndSurnameOfAuditor"/>
    <link:reference xlink:type="resource" xlink:label="reference_NameAndSurnameOfAuditor" xlink:role="http://www.xbrl.org/2003/role/reference" xlink:title="reference_NameAndSurnameOfAuditor" id="reference_NameAndSurnameOfAuditor">
      <ref:Publisher>Økonomi- og Erhvervsministeriet</ref:Publisher>
    </link:reference>
    <link:referenceArc xlink:type="arc" xlink:arcrole="http://www.xbrl.org/2003/arcrole/concept-reference" xlink:from="NameAndSurnameOfAuditor" xlink:to="reference_NameAndSurnameOfAuditor" xlink:title="reference: NameAndSurnameOfAuditor to reference_NameAndSurnameOfAuditor"/>
    <link:loc xlink:type="locator" xlink:href="cmn.xsd#cmn_NameOfAuditFirm" xlink:label="NameOfAuditFirm" xlink:title="NameOfAuditFirm"/>
    <link:reference xlink:type="resource" xlink:label="reference_NameOfAuditFirm" xlink:role="http://www.xbrl.org/2003/role/reference" xlink:title="reference_NameOfAuditFirm" id="reference_NameOfAuditFirm">
      <ref:Publisher>Økonomi- og Erhvervsministeriet</ref:Publisher>
    </link:reference>
    <link:referenceArc xlink:type="arc" xlink:arcrole="http://www.xbrl.org/2003/arcrole/concept-reference" xlink:from="NameOfAuditFirm" xlink:to="reference_NameOfAuditFirm" xlink:title="reference: NameOfAuditFirm to reference_NameOfAuditFirm"/>
  </link:referenceLink>
</link:linkbase>
