<?xml version="1.0" encoding="UTF-8"?>
<!-- Generated by Fujitsu Interstage XWand B0217 -->
<?officialURI http://archprod.service.eogs.dk/taxonomy/20161001/fsa/502pdr_pre.xml?>

<?taxonomy-version 1.7.0?>

<link:linkbase xmlns:xsi="http://www.w3.org/2001/XMLSchema-instance" xsi:schemaLocation="http://www.xbrl.org/2003/linkbase http://www.xbrl.org/2003/xbrl-linkbase-2003-12-31.xsd" xmlns:link="http://www.xbrl.org/2003/linkbase" xmlns:entry="http://xbrl.dcca.dk/entryBalanceSheetAccountByCurrentAndLongTermFormIncomeStatementByNature" xmlns:xbrli="http://www.xbrl.org/2003/instance" xmlns:xlink="http://www.w3.org/1999/xlink">
  <link:roleRef roleURI="http://xbrl.dcca.dk/role/502.00/ProposedDistributionOfResults" xlink:type="simple" xlink:href="fsa.xsd#fsa_RoleProposedDistributionOfResults"/>
  <link:presentationLink xlink:type="extended" xlink:role="http://xbrl.dcca.dk/role/502.00/ProposedDistributionOfResults">
    <link:loc xlink:type="locator" xlink:href="../cmn.xsd#cmn_ConsolidatedSoloDimension" xlink:label="ConsolidatedSoloDimension"/>
    <link:loc xlink:type="locator" xlink:href="../cmn.xsd#cmn_ConsolidatedMember" xlink:label="ConsolidatedMember"/>
    <link:presentationArc xlink:type="arc" xlink:arcrole="http://www.xbrl.org/2003/arcrole/parent-child" xlink:from="ConsolidatedSoloDimension" xlink:to="ConsolidatedMember" order="10.0"/>
    <link:loc xlink:type="locator" xlink:href="../cmn.xsd#cmn_SoloMember" xlink:label="SoloMember"/>
    <link:presentationArc xlink:type="arc" xlink:arcrole="http://www.xbrl.org/2003/arcrole/parent-child" xlink:from="ConsolidatedSoloDimension" xlink:to="SoloMember" order="20.0"/>
    <link:loc xlink:type="locator" xlink:href="fsa.xsd#fsa_ProposedDistributionOfResultsAbstract" xlink:label="ProposedDistributionOfResultsAbstract"/>
    <link:loc xlink:type="locator" xlink:href="fsa.xsd#fsa_DetailsOnResultDistributionAbstract" xlink:label="DetailsOnResultDistributionAbstract"/>
    <link:presentationArc xlink:type="arc" xlink:arcrole="http://www.xbrl.org/2003/arcrole/parent-child" xlink:from="ProposedDistributionOfResultsAbstract" xlink:to="DetailsOnResultDistributionAbstract" order="10.0"/>
    <link:loc xlink:type="locator" xlink:href="fsa.xsd#fsa_DetailsOnResultDistributionHypercube" xlink:label="DetailsOnResultDistributionHypercube"/>
    <link:presentationArc xlink:type="arc" xlink:arcrole="http://www.xbrl.org/2003/arcrole/parent-child" xlink:from="DetailsOnResultDistributionAbstract" xlink:to="DetailsOnResultDistributionHypercube" order="10.0"/>
    <link:loc xlink:type="locator" xlink:href="fsa.xsd#fsa_ResultDistributionDimension" xlink:label="ResultDistributionDimension"/>
    <link:presentationArc xlink:type="arc" xlink:arcrole="http://www.xbrl.org/2003/arcrole/parent-child" xlink:from="DetailsOnResultDistributionHypercube" xlink:to="ResultDistributionDimension" order="10.0"/>
    <link:loc xlink:type="locator" xlink:href="fsa.xsd#fsa_TotalDistributionMember" xlink:label="TotalDistributionMember"/>
    <link:presentationArc xlink:type="arc" xlink:arcrole="http://www.xbrl.org/2003/arcrole/parent-child" xlink:from="ResultDistributionDimension" xlink:to="TotalDistributionMember" order="10.0"/>
    <link:loc xlink:type="locator" xlink:href="fsa.xsd#fsa_ProposedDividendRecognisedInEquityMember" xlink:label="ProposedDividendRecognisedInEquityMember"/>
    <link:presentationArc xlink:type="arc" xlink:arcrole="http://www.xbrl.org/2003/arcrole/parent-child" xlink:from="TotalDistributionMember" xlink:to="ProposedDividendRecognisedInEquityMember" order="10.0"/>
    <link:loc xlink:type="locator" xlink:href="fsa.xsd#fsa_ProposedExtraordinaryDividendRecognisedInLiabilitiesMember" xlink:label="ProposedExtraordinaryDividendRecognisedInLiabilitiesMember"/>
    <link:presentationArc xlink:type="arc" xlink:arcrole="http://www.xbrl.org/2003/arcrole/parent-child" xlink:from="TotalDistributionMember" xlink:to="ProposedExtraordinaryDividendRecognisedInLiabilitiesMember" order="40.0"/>
    <link:loc xlink:type="locator" xlink:href="fsa.xsd#fsa_ReserveForNetRevaluationAccordingToEquityMethodMember" xlink:label="ReserveForNetRevaluationAccordingToEquityMethodMember"/>
    <link:presentationArc xlink:type="arc" xlink:arcrole="http://www.xbrl.org/2003/arcrole/parent-child" xlink:from="TotalDistributionMember" xlink:to="ReserveForNetRevaluationAccordingToEquityMethodMember" order="50.0"/>
    <link:loc xlink:type="locator" xlink:href="fsa.xsd#fsa_OtherStatutoryReservesMember" xlink:label="OtherStatutoryReservesMember"/>
    <link:presentationArc xlink:type="arc" xlink:arcrole="http://www.xbrl.org/2003/arcrole/parent-child" xlink:from="TotalDistributionMember" xlink:to="OtherStatutoryReservesMember" order="70.0"/>
    <link:loc xlink:type="locator" xlink:href="fsa.xsd#fsa_ReserveAccordingToArticlesOfAssociationMember" xlink:label="ReserveAccordingToArticlesOfAssociationMember"/>
    <link:presentationArc xlink:type="arc" xlink:arcrole="http://www.xbrl.org/2003/arcrole/parent-child" xlink:from="TotalDistributionMember" xlink:to="ReserveAccordingToArticlesOfAssociationMember" order="80.0"/>
    <link:loc xlink:type="locator" xlink:href="fsa.xsd#fsa_RestOfOtherReservesMember" xlink:label="RestOfOtherReservesMember"/>
    <link:presentationArc xlink:type="arc" xlink:arcrole="http://www.xbrl.org/2003/arcrole/parent-child" xlink:from="TotalDistributionMember" xlink:to="RestOfOtherReservesMember" order="90.0"/>
    <link:loc xlink:type="locator" xlink:href="fsa.xsd#fsa_DistributionsMember" xlink:label="DistributionsMember"/>
    <link:presentationArc xlink:type="arc" xlink:arcrole="http://www.xbrl.org/2003/arcrole/parent-child" xlink:from="TotalDistributionMember" xlink:to="DistributionsMember" order="100.0"/>
    <link:loc xlink:type="locator" xlink:href="fsa.xsd#fsa_RetainedEarningsMember" xlink:label="RetainedEarningsMember"/>
    <link:presentationArc xlink:type="arc" xlink:arcrole="http://www.xbrl.org/2003/arcrole/parent-child" xlink:from="TotalDistributionMember" xlink:to="RetainedEarningsMember" order="170.0"/>
    <link:loc xlink:type="locator" xlink:href="fsa.xsd#fsa_ReserveForNetRevaluationOfInvestmentAssetsMember" xlink:label="ReserveForNetRevaluationOfInvestmentAssetsMember" xlink:title="ReserveForNetRevaluationOfInvestmentAssetsMember"/>
    <link:presentationArc xlink:type="arc" xlink:arcrole="http://www.xbrl.org/2003/arcrole/parent-child" xlink:from="TotalDistributionMember" xlink:to="ReserveForNetRevaluationOfInvestmentAssetsMember" xlink:title="presentation: TotalDistributionMember to ReserveForNetRevaluationOfInvestmentAssetsMember" order="60.0"/>
    <link:loc xlink:type="locator" xlink:href="fsa.xsd#fsa_TransferredFromToHedgeFundMember" xlink:label="TransferredFromToHedgeFundMember" xlink:title="TransferredFromToHedgeFundMember"/>
    <link:presentationArc xlink:type="arc" xlink:arcrole="http://www.xbrl.org/2003/arcrole/parent-child" xlink:from="TotalDistributionMember" xlink:to="TransferredFromToHedgeFundMember" xlink:title="presentation: TotalDistributionMember to TransferredFromToHedgeFundMember" order="120.0"/>
    <link:loc xlink:type="locator" xlink:href="fsa.xsd#fsa_TransferredFromToReserveFundMember" xlink:label="TransferredFromToReserveFundMember" xlink:title="TransferredFromToReserveFundMember"/>
    <link:presentationArc xlink:type="arc" xlink:arcrole="http://www.xbrl.org/2003/arcrole/parent-child" xlink:from="TotalDistributionMember" xlink:to="TransferredFromToReserveFundMember" xlink:title="presentation: TotalDistributionMember to TransferredFromToReserveFundMember" order="130.0"/>
    <link:loc xlink:type="locator" xlink:href="fsa.xsd#fsa_TransferredFromToReservesAvailableMember" xlink:label="TransferredFromToReservesAvailableMember" xlink:title="TransferredFromToReservesAvailableMember"/>
    <link:presentationArc xlink:type="arc" xlink:arcrole="http://www.xbrl.org/2003/arcrole/parent-child" xlink:from="TotalDistributionMember" xlink:to="TransferredFromToReservesAvailableMember" xlink:title="presentation: TotalDistributionMember to TransferredFromToReservesAvailableMember" order="140.0"/>
    <link:loc xlink:type="locator" xlink:href="fsa.xsd#fsa_TransferredToReserveForEntrepreneurialCompanyMember" xlink:label="TransferredToReserveForEntrepreneurialCompanyMember" xlink:title="TransferredToReserveForEntrepreneurialCompanyMember"/>
    <link:presentationArc xlink:type="arc" xlink:arcrole="http://www.xbrl.org/2003/arcrole/parent-child" xlink:from="TotalDistributionMember" xlink:to="TransferredToReserveForEntrepreneurialCompanyMember" xlink:title="presentation: TotalDistributionMember to TransferredToReserveForEntrepreneurialCompanyMember" order="150.0"/>
    <link:loc xlink:type="locator" xlink:href="fsa.xsd#fsa_ProposedDividendRecognisedInLiabilitiesMember" xlink:label="ProposedDividendRecognisedInLiabilitiesMember"/>
    <link:presentationArc xlink:type="arc" xlink:arcrole="http://www.xbrl.org/2003/arcrole/parent-child" xlink:from="TotalDistributionMember" xlink:to="ProposedDividendRecognisedInLiabilitiesMember" order="30.0"/>
    <link:loc xlink:type="locator" xlink:href="fsa.xsd#fsa_ProposedExtraordinaryDividendRecognisedInEquityMember" xlink:label="ProposedExtraordinaryDividendRecognisedInEquityMember"/>
    <link:presentationArc xlink:type="arc" xlink:arcrole="http://www.xbrl.org/2003/arcrole/parent-child" xlink:from="TotalDistributionMember" xlink:to="ProposedExtraordinaryDividendRecognisedInEquityMember" order="20.0"/>
    <link:loc xlink:type="locator" xlink:href="fsa.xsd#fsa_ExtraordinaryDistributionsMember" xlink:label="ExtraordinaryDistributionsMember" xlink:title="ExtraordinaryDistributionsMember"/>
    <link:presentationArc xlink:type="arc" xlink:arcrole="http://www.xbrl.org/2003/arcrole/parent-child" xlink:from="TotalDistributionMember" xlink:to="ExtraordinaryDistributionsMember" xlink:title="presentation: TotalDistributionMember to ExtraordinaryDistributionsMember" order="110.0"/>
    <link:loc xlink:type="locator" xlink:href="fsa.xsd#fsa_MinorityInterestsMember" xlink:label="MinorityInterestsMember" xlink:title="MinorityInterestsMember"/>
    <link:presentationArc xlink:type="arc" xlink:arcrole="http://www.xbrl.org/2003/arcrole/parent-child" xlink:from="TotalDistributionMember" xlink:to="MinorityInterestsMember" xlink:title="presentation: TotalDistributionMember to MinorityInterestsMember" order="160.0"/>
    <link:presentationArc xlink:type="arc" xlink:arcrole="http://www.xbrl.org/2003/arcrole/parent-child" xlink:from="DetailsOnResultDistributionHypercube" xlink:to="ConsolidatedSoloDimension" order="20.0"/>
    <link:loc xlink:type="locator" xlink:href="fsa.xsd#fsa_ProfitLoss" xlink:label="ProfitLoss"/>
    <link:presentationArc xlink:type="arc" xlink:arcrole="http://www.xbrl.org/2003/arcrole/parent-child" xlink:from="DetailsOnResultDistributionAbstract" xlink:to="ProfitLoss" order="20.0"/>
    <link:loc xlink:type="locator" xlink:href="fsa.xsd#fsa_ProfitLossAfterAttributableToMinorityInterest" xlink:label="ProfitLossAfterAttributableToMinorityInterest" xlink:title="ProfitLossAfterAttributableToMinorityInterest"/>
    <link:presentationArc xlink:type="arc" xlink:arcrole="http://www.xbrl.org/2003/arcrole/parent-child" xlink:from="DetailsOnResultDistributionAbstract" xlink:to="ProfitLossAfterAttributableToMinorityInterest" xlink:title="presentation: DetailsOnResultDistributionAbstract to ProfitLossAfterAttributableToMinorityInterest" order="30.0"/>
    <link:loc xlink:type="locator" xlink:href="fsa.xsd#fsa_RelatedToProposedDistributionOfResultsAbstract" xlink:label="RelatedToProposedDistributionOfResultsAbstract" xlink:title="RelatedToProposedDistributionOfResultsAbstract"/>
    <link:presentationArc xlink:type="arc" xlink:arcrole="http://www.xbrl.org/2003/arcrole/parent-child" xlink:from="ProposedDistributionOfResultsAbstract" xlink:to="RelatedToProposedDistributionOfResultsAbstract" xlink:title="presentation: ProposedDistributionOfResultsAbstract to RelatedToProposedDistributionOfResultsAbstract" order="20.0"/>
    <link:loc xlink:type="locator" xlink:href="fsa.xsd#fsa_InformationOnExtraordinaryDividendDistributedAfterEndOfReportingPeriod" xlink:label="InformationOnExtraordinaryDividendDistributedAfterEndOfReportingPeriod" xlink:title="InformationOnExtraordinaryDividendDistributedAfterEndOfReportingPeriod"/>
    <link:presentationArc xlink:type="arc" xlink:arcrole="http://www.xbrl.org/2003/arcrole/parent-child" xlink:from="RelatedToProposedDistributionOfResultsAbstract" xlink:to="InformationOnExtraordinaryDividendDistributedAfterEndOfReportingPeriod" xlink:title="presentation: RelatedToProposedDistributionOfResultsAbstract to InformationOnExtraordinaryDividendDistributedAfterEndOfReportingPeriod" order="10.0"/>
    <link:loc xlink:type="locator" xlink:href="fsa.xsd#fsa_ExtraordinaryDividendDistributedAfterEndOfReportingPeriodGross" xlink:label="ExtraordinaryDividendDistributedAfterEndOfReportingPeriodGross" xlink:title="ExtraordinaryDividendDistributedAfterEndOfReportingPeriodGross"/>
    <link:presentationArc xlink:type="arc" xlink:arcrole="http://www.xbrl.org/2003/arcrole/parent-child" xlink:from="InformationOnExtraordinaryDividendDistributedAfterEndOfReportingPeriod" xlink:to="ExtraordinaryDividendDistributedAfterEndOfReportingPeriodGross" xlink:title="presentation: InformationOnExtraordinaryDividendDistributedAfterEndOfReportingPeriod to ExtraordinaryDividendDistributedAfterEndOfReportingPeriodGross" order="10.0"/>
    <link:loc xlink:type="locator" xlink:href="fsa.xsd#fsa_DetailsExtraordinaryDividendDistributedAfterEndOfReportingAbstract" xlink:label="DetailsExtraordinaryDividendDistributedAfterEndOfReportingAbstract" xlink:title="DetailsExtraordinaryDividendDistributedAfterEndOfReportingAbstract"/>
    <link:presentationArc xlink:type="arc" xlink:arcrole="http://www.xbrl.org/2003/arcrole/parent-child" xlink:from="ExtraordinaryDividendDistributedAfterEndOfReportingPeriodGross" xlink:to="DetailsExtraordinaryDividendDistributedAfterEndOfReportingAbstract" xlink:title="presentation: ExtraordinaryDividendDistributedAfterEndOfReportingPeriodGross to DetailsExtraordinaryDividendDistributedAfterEndOfReportingAbstract" order="10.0"/>
    <link:loc xlink:type="locator" xlink:href="fsa.xsd#fsa_DetailsExtraordinaryDividendDistributedAfterEndOfReportingHypercube" xlink:label="DetailsExtraordinaryDividendDistributedAfterEndOfReportingHypercube" xlink:title="DetailsExtraordinaryDividendDistributedAfterEndOfReportingHypercube"/>
    <link:presentationArc xlink:type="arc" xlink:arcrole="http://www.xbrl.org/2003/arcrole/parent-child" xlink:from="DetailsExtraordinaryDividendDistributedAfterEndOfReportingAbstract" xlink:to="DetailsExtraordinaryDividendDistributedAfterEndOfReportingHypercube" xlink:title="presentation: DetailsExtraordinaryDividendDistributedAfterEndOfReportingAbstract to DetailsExtraordinaryDividendDistributedAfterEndOfReportingHypercube" order="10.0"/>
    <link:loc xlink:type="locator" xlink:href="fsa.xsd#fsa_IdentificationOfExtraordinaryDividendDistributedAfterEndOfReportingDimension" xlink:label="IdentificationOfExtraordinaryDividendDistributedAfterEndOfReportingDimension" xlink:title="IdentificationOfExtraordinaryDividendDistributedAfterEndOfReportingDimension"/>
    <link:presentationArc xlink:type="arc" xlink:arcrole="http://www.xbrl.org/2003/arcrole/parent-child" xlink:from="DetailsExtraordinaryDividendDistributedAfterEndOfReportingHypercube" xlink:to="IdentificationOfExtraordinaryDividendDistributedAfterEndOfReportingDimension" xlink:title="presentation: DetailsExtraordinaryDividendDistributedAfterEndOfReportingHypercube to IdentificationOfExtraordinaryDividendDistributedAfterEndOfReportingDimension" order="10.0"/>
    <link:presentationArc xlink:type="arc" xlink:arcrole="http://www.xbrl.org/2003/arcrole/parent-child" xlink:from="DetailsExtraordinaryDividendDistributedAfterEndOfReportingHypercube" xlink:to="ConsolidatedSoloDimension" xlink:title="presentation: DetailsExtraordinaryDividendDistributedAfterEndOfReportingHypercube to ConsolidatedSoloDimension" order="20.0"/>
    <link:loc xlink:type="locator" xlink:href="fsa.xsd#fsa_ExtraordinaryDividendDistributedAfterEndOfReportingPeriod" xlink:label="ExtraordinaryDividendDistributedAfterEndOfReportingPeriod" xlink:title="ExtraordinaryDividendDistributedAfterEndOfReportingPeriod"/>
    <link:presentationArc xlink:type="arc" xlink:arcrole="http://www.xbrl.org/2003/arcrole/parent-child" xlink:from="DetailsExtraordinaryDividendDistributedAfterEndOfReportingAbstract" xlink:to="ExtraordinaryDividendDistributedAfterEndOfReportingPeriod" xlink:title="presentation: DetailsExtraordinaryDividendDistributedAfterEndOfReportingAbstract to ExtraordinaryDividendDistributedAfterEndOfReportingPeriod" order="20.0"/>
    <link:loc xlink:type="locator" xlink:href="fsa.xsd#fsa_DateOfExtraordinaryDividendDistributedAfterEndOfReportingPeriod" xlink:label="DateOfExtraordinaryDividendDistributedAfterEndOfReportingPeriod" xlink:title="DateOfExtraordinaryDividendDistributedAfterEndOfReportingPeriod"/>
    <link:presentationArc xlink:type="arc" xlink:arcrole="http://www.xbrl.org/2003/arcrole/parent-child" xlink:from="DetailsExtraordinaryDividendDistributedAfterEndOfReportingAbstract" xlink:to="DateOfExtraordinaryDividendDistributedAfterEndOfReportingPeriod" xlink:title="presentation: DetailsExtraordinaryDividendDistributedAfterEndOfReportingAbstract to DateOfExtraordinaryDividendDistributedAfterEndOfReportingPeriod" order="30.0"/>
  </link:presentationLink>
</link:linkbase>
