<?xml version="1.0" encoding="UTF-8"?>
<!-- Generated by Fujitsu Interstage XWand B0209 -->
<?officialURI http://archprod.service.eogs.dk/taxonomy/20141220/ifrs/full_ifrs_dk/ifrs-dk_310.00_2014-12-20/def_ifrs-dk_2014-12-20_role-310.00.xml?>

<?taxonomy-version 0.2.0?>

<link:linkbase xmlns:xsi="http://www.w3.org/2001/XMLSchema-instance" xsi:schemaLocation="http://www.xbrl.org/2003/linkbase http://www.xbrl.org/2003/xbrl-linkbase-2003-12-31.xsd" xmlns:link="http://www.xbrl.org/2003/linkbase" xmlns:ifrs-dk-entry-ifrs-dk_2014-12-20="http://xbrl.dcca.dk/ifrs-dk/entry-ifrs-dk_2014-12-20" xmlns:ifrs-dk-is="http://xbrl.dcca.dk/IncomeStatement" xmlns:xbrldt="http://xbrl.org/2005/xbrldt" xmlns:xbrli="http://www.xbrl.org/2003/instance" xmlns:xlink="http://www.w3.org/1999/xlink">
  <link:roleRef roleURI="http://xbrl.dcca.dk/role/310.00/IncomeStatementByFunctionOfExpense" xlink:type="simple" xlink:href="rol_ifrs-dk_310.00_2014-12-20.xsd#ifrs-dk_31000_IncomeStatementByFunctionOfExpense"/>
  <link:roleRef roleURI="http://xbrl.ifrs.org/role/ifrs/ifrs-dim_role-913000" xlink:type="simple" xlink:href="../../../../full_ifrs/dimensions_full_ifrs/rol_full_ifrs-dim_2014-03-05.xsd#ifrs-dim_role-913000"/>
  <link:arcroleRef arcroleURI="http://xbrl.org/int/dim/arcrole/all" xlink:type="simple" xlink:href="http://www.xbrl.org/2005/xbrldt-2005.xsd#all"/>
  <link:arcroleRef arcroleURI="http://xbrl.org/int/dim/arcrole/dimension-domain" xlink:type="simple" xlink:href="http://www.xbrl.org/2005/xbrldt-2005.xsd#dimension-domain"/>
  <link:arcroleRef arcroleURI="http://xbrl.org/int/dim/arcrole/domain-member" xlink:type="simple" xlink:href="http://www.xbrl.org/2005/xbrldt-2005.xsd#domain-member"/>
  <link:arcroleRef arcroleURI="http://xbrl.org/int/dim/arcrole/hypercube-dimension" xlink:type="simple" xlink:href="http://www.xbrl.org/2005/xbrldt-2005.xsd#hypercube-dimension"/>
  <link:definitionLink xlink:type="extended" xlink:role="http://xbrl.dcca.dk/role/310.00/IncomeStatementByFunctionOfExpense">
    <link:loc xlink:type="locator" xlink:href="../../../cmn.xsd#cmn_CommonTable" xlink:label="CommonTable" xlink:title="CommonTable"/>
    <link:loc xlink:type="locator" xlink:href="../../../../full_ifrs-cor_2014-03-05.xsd#ifrs-full_ConsolidatedAndSeparateFinancialStatementsAxis" xlink:label="ConsolidatedAndSeparateFinancialStatementsAxis" xlink:title="ConsolidatedAndSeparateFinancialStatementsAxis"/>
    <link:definitionArc xlink:type="arc" xlink:arcrole="http://xbrl.org/int/dim/arcrole/hypercube-dimension" xlink:from="CommonTable" xlink:to="ConsolidatedAndSeparateFinancialStatementsAxis" xlink:title="definition: CommonTable to ConsolidatedAndSeparateFinancialStatementsAxis" order="1.0" xbrldt:targetRole="http://xbrl.ifrs.org/role/ifrs/ifrs-dim_role-913000"/>
    <link:loc xlink:type="locator" xlink:href="../../../../full_ifrs-cor_2014-03-05.xsd#ifrs-full_IncomeStatementAbstract" xlink:label="IncomeStatementAbstract"/>
    <link:loc xlink:type="locator" xlink:href="../../../../full_ifrs-cor_2014-03-05.xsd#ifrs-full_ProfitLossAbstract" xlink:label="ProfitLossAbstract"/>
    <link:definitionArc xlink:type="arc" xlink:arcrole="http://xbrl.org/int/dim/arcrole/domain-member" xlink:from="IncomeStatementAbstract" xlink:to="ProfitLossAbstract" order="1.0"/>
    <link:loc xlink:type="locator" xlink:href="../../../../full_ifrs-cor_2014-03-05.xsd#ifrs-full_Revenue" xlink:label="Revenue"/>
    <link:definitionArc xlink:type="arc" xlink:arcrole="http://xbrl.org/int/dim/arcrole/domain-member" xlink:from="ProfitLossAbstract" xlink:to="Revenue" order="1.0"/>
    <link:loc xlink:type="locator" xlink:href="../../ifrs-dk-cor_2014-12-20.xsd#ifrs-dk_NetSales" xlink:label="NetSales"/>
    <link:definitionArc xlink:type="arc" xlink:arcrole="http://xbrl.org/int/dim/arcrole/domain-member" xlink:from="ProfitLossAbstract" xlink:to="NetSales" order="2.0"/>
    <link:loc xlink:type="locator" xlink:href="../../ifrs-dk-cor_2014-12-20.xsd#ifrs-dk_ProductionCost" xlink:label="ProductionCost"/>
    <link:definitionArc xlink:type="arc" xlink:arcrole="http://xbrl.org/int/dim/arcrole/domain-member" xlink:from="ProfitLossAbstract" xlink:to="ProductionCost" order="3.0"/>
    <link:loc xlink:type="locator" xlink:href="../../ifrs-dk-cor_2014-12-20.xsd#ifrs-dk_OperatingCost" xlink:label="OperatingCost"/>
    <link:definitionArc xlink:type="arc" xlink:arcrole="http://xbrl.org/int/dim/arcrole/domain-member" xlink:from="ProfitLossAbstract" xlink:to="OperatingCost" order="4.0"/>
    <link:loc xlink:type="locator" xlink:href="../../../../full_ifrs-cor_2014-03-05.xsd#ifrs-full_CostOfSales" xlink:label="CostOfSales"/>
    <link:definitionArc xlink:type="arc" xlink:arcrole="http://xbrl.org/int/dim/arcrole/domain-member" xlink:from="ProfitLossAbstract" xlink:to="CostOfSales" order="5.0"/>
    <link:loc xlink:type="locator" xlink:href="../../../../full_ifrs-cor_2014-03-05.xsd#ifrs-full_GrossProfit" xlink:label="GrossProfit"/>
    <link:definitionArc xlink:type="arc" xlink:arcrole="http://xbrl.org/int/dim/arcrole/domain-member" xlink:from="ProfitLossAbstract" xlink:to="GrossProfit" order="6.0"/>
    <link:loc xlink:type="locator" xlink:href="../../../../full_ifrs-cor_2014-03-05.xsd#ifrs-full_OtherIncome" xlink:label="OtherIncome"/>
    <link:definitionArc xlink:type="arc" xlink:arcrole="http://xbrl.org/int/dim/arcrole/domain-member" xlink:from="ProfitLossAbstract" xlink:to="OtherIncome" order="8.0"/>
    <link:loc xlink:type="locator" xlink:href="../../../../full_ifrs-cor_2014-03-05.xsd#ifrs-full_AdministrativeExpense" xlink:label="AdministrativeExpense"/>
    <link:definitionArc xlink:type="arc" xlink:arcrole="http://xbrl.org/int/dim/arcrole/domain-member" xlink:from="ProfitLossAbstract" xlink:to="AdministrativeExpense" order="11.0"/>
    <link:loc xlink:type="locator" xlink:href="../../../../full_ifrs-cor_2014-03-05.xsd#ifrs-full_OtherExpenseByFunction" xlink:label="OtherExpenseByFunction"/>
    <link:definitionArc xlink:type="arc" xlink:arcrole="http://xbrl.org/int/dim/arcrole/domain-member" xlink:from="ProfitLossAbstract" xlink:to="OtherExpenseByFunction" order="12.0"/>
    <link:loc xlink:type="locator" xlink:href="../../../../full_ifrs-cor_2014-03-05.xsd#ifrs-full_OtherGainsLosses" xlink:label="OtherGainsLosses"/>
    <link:definitionArc xlink:type="arc" xlink:arcrole="http://xbrl.org/int/dim/arcrole/domain-member" xlink:from="ProfitLossAbstract" xlink:to="OtherGainsLosses" order="13.0"/>
    <link:loc xlink:type="locator" xlink:href="../../ifrs-dk-cor_2014-12-20.xsd#ifrs-dk_SpecialItemsAbstract" xlink:label="SpecialItemsAbstract"/>
    <link:definitionArc xlink:type="arc" xlink:arcrole="http://xbrl.org/int/dim/arcrole/domain-member" xlink:from="ProfitLossAbstract" xlink:to="SpecialItemsAbstract" order="14.0"/>
    <link:loc xlink:type="locator" xlink:href="../../ifrs-dk-cor_2014-12-20.xsd#ifrs-dk_SpecialIncome" xlink:label="SpecialIncome"/>
    <link:definitionArc xlink:type="arc" xlink:arcrole="http://xbrl.org/int/dim/arcrole/domain-member" xlink:from="SpecialItemsAbstract" xlink:to="SpecialIncome" order="1.0"/>
    <link:loc xlink:type="locator" xlink:href="../../ifrs-dk-cor_2014-12-20.xsd#ifrs-dk_SpecialCost" xlink:label="SpecialCost"/>
    <link:definitionArc xlink:type="arc" xlink:arcrole="http://xbrl.org/int/dim/arcrole/domain-member" xlink:from="SpecialItemsAbstract" xlink:to="SpecialCost" order="2.0"/>
    <link:loc xlink:type="locator" xlink:href="../../ifrs-dk-cor_2014-12-20.xsd#ifrs-dk_SpecialItems" xlink:label="SpecialItems"/>
    <link:definitionArc xlink:type="arc" xlink:arcrole="http://xbrl.org/int/dim/arcrole/domain-member" xlink:from="SpecialItemsAbstract" xlink:to="SpecialItems" order="3.0"/>
    <link:loc xlink:type="locator" xlink:href="../../../../full_ifrs-cor_2014-03-05.xsd#ifrs-full_ProfitLossFromOperatingActivities" xlink:label="ProfitLossFromOperatingActivities"/>
    <link:definitionArc xlink:type="arc" xlink:arcrole="http://xbrl.org/int/dim/arcrole/domain-member" xlink:from="ProfitLossAbstract" xlink:to="ProfitLossFromOperatingActivities" order="15.0"/>
    <link:loc xlink:type="locator" xlink:href="../../../../full_ifrs-cor_2014-03-05.xsd#ifrs-full_DifferenceBetweenCarryingAmountOfDividendsPayableAndCarryingAmountOfNoncashAssetsDistributed" xlink:label="DifferenceBetweenCarryingAmountOfDividendsPayableAndCarryingAmountOfNoncashAssetsDistributed"/>
    <link:definitionArc xlink:type="arc" xlink:arcrole="http://xbrl.org/int/dim/arcrole/domain-member" xlink:from="ProfitLossAbstract" xlink:to="DifferenceBetweenCarryingAmountOfDividendsPayableAndCarryingAmountOfNoncashAssetsDistributed" order="16.0"/>
    <link:loc xlink:type="locator" xlink:href="../../../../full_ifrs-cor_2014-03-05.xsd#ifrs-full_GainsLossesOnNetMonetaryPosition" xlink:label="GainsLossesOnNetMonetaryPosition"/>
    <link:definitionArc xlink:type="arc" xlink:arcrole="http://xbrl.org/int/dim/arcrole/domain-member" xlink:from="ProfitLossAbstract" xlink:to="GainsLossesOnNetMonetaryPosition" order="17.0"/>
    <link:loc xlink:type="locator" xlink:href="../../../../full_ifrs-cor_2014-03-05.xsd#ifrs-full_GainLossArisingFromDerecognitionOfFinancialAssetsMeasuredAtAmortisedCost" xlink:label="GainLossArisingFromDerecognitionOfFinancialAssetsMeasuredAtAmortisedCost"/>
    <link:definitionArc xlink:type="arc" xlink:arcrole="http://xbrl.org/int/dim/arcrole/domain-member" xlink:from="ProfitLossAbstract" xlink:to="GainLossArisingFromDerecognitionOfFinancialAssetsMeasuredAtAmortisedCost" order="18.0"/>
    <link:loc xlink:type="locator" xlink:href="../../../../full_ifrs-cor_2014-03-05.xsd#ifrs-full_FinanceIncome" xlink:label="FinanceIncome"/>
    <link:definitionArc xlink:type="arc" xlink:arcrole="http://xbrl.org/int/dim/arcrole/domain-member" xlink:from="ProfitLossAbstract" xlink:to="FinanceIncome" order="19.0"/>
    <link:loc xlink:type="locator" xlink:href="../../../../full_ifrs-cor_2014-03-05.xsd#ifrs-full_FinanceCosts" xlink:label="FinanceCosts"/>
    <link:definitionArc xlink:type="arc" xlink:arcrole="http://xbrl.org/int/dim/arcrole/domain-member" xlink:from="ProfitLossAbstract" xlink:to="FinanceCosts" order="20.0"/>
    <link:loc xlink:type="locator" xlink:href="../../../../full_ifrs-cor_2014-03-05.xsd#ifrs-full_ShareOfProfitLossOfAssociatesAndJointVenturesAccountedForUsingEquityMethod" xlink:label="ShareOfProfitLossOfAssociatesAndJointVenturesAccountedForUsingEquityMethod"/>
    <link:definitionArc xlink:type="arc" xlink:arcrole="http://xbrl.org/int/dim/arcrole/domain-member" xlink:from="ProfitLossAbstract" xlink:to="ShareOfProfitLossOfAssociatesAndJointVenturesAccountedForUsingEquityMethod" order="21.0"/>
    <link:loc xlink:type="locator" xlink:href="../../ifrs-dk-cor_2014-12-20.xsd#ifrs-dk_ProfitLossInSubsidiariesJointVenturesAndAssociatesAbstract" xlink:label="ProfitLossInSubsidiariesJointVenturesAndAssociatesAbstract"/>
    <link:definitionArc xlink:type="arc" xlink:arcrole="http://xbrl.org/int/dim/arcrole/domain-member" xlink:from="ProfitLossAbstract" xlink:to="ProfitLossInSubsidiariesJointVenturesAndAssociatesAbstract" order="22.0"/>
    <link:loc xlink:type="locator" xlink:href="../../ifrs-dk-cor_2014-12-20.xsd#ifrs-dk_ProfitLossInSubsidiaries" xlink:label="ProfitLossInSubsidiaries"/>
    <link:definitionArc xlink:type="arc" xlink:arcrole="http://xbrl.org/int/dim/arcrole/domain-member" xlink:from="ProfitLossInSubsidiariesJointVenturesAndAssociatesAbstract" xlink:to="ProfitLossInSubsidiaries" order="1.0"/>
    <link:loc xlink:type="locator" xlink:href="../../ifrs-dk-cor_2014-12-20.xsd#ifrs-dk_ProfitLossInAssociates" xlink:label="ProfitLossInAssociates"/>
    <link:definitionArc xlink:type="arc" xlink:arcrole="http://xbrl.org/int/dim/arcrole/domain-member" xlink:from="ProfitLossInSubsidiariesJointVenturesAndAssociatesAbstract" xlink:to="ProfitLossInAssociates" order="2.0"/>
    <link:loc xlink:type="locator" xlink:href="../../ifrs-dk-cor_2014-12-20.xsd#ifrs-dk_ProfitLossInJointVentures" xlink:label="ProfitLossInJointVentures"/>
    <link:definitionArc xlink:type="arc" xlink:arcrole="http://xbrl.org/int/dim/arcrole/domain-member" xlink:from="ProfitLossInSubsidiariesJointVenturesAndAssociatesAbstract" xlink:to="ProfitLossInJointVentures" order="3.0"/>
    <link:loc xlink:type="locator" xlink:href="../../ifrs-dk-cor_2014-12-20.xsd#ifrs-dk_ProfitLossInSubsidiariesJointVenturesAndAssociates" xlink:label="ProfitLossInSubsidiariesJointVenturesAndAssociates"/>
    <link:definitionArc xlink:type="arc" xlink:arcrole="http://xbrl.org/int/dim/arcrole/domain-member" xlink:from="ProfitLossInSubsidiariesJointVenturesAndAssociatesAbstract" xlink:to="ProfitLossInSubsidiariesJointVenturesAndAssociates" order="4.0"/>
    <link:loc xlink:type="locator" xlink:href="../../../../full_ifrs-cor_2014-03-05.xsd#ifrs-full_OtherIncomeExpenseFromSubsidiariesJointlyControlledEntitiesAndAssociates" xlink:label="OtherIncomeExpenseFromSubsidiariesJointlyControlledEntitiesAndAssociates"/>
    <link:definitionArc xlink:type="arc" xlink:arcrole="http://xbrl.org/int/dim/arcrole/domain-member" xlink:from="ProfitLossAbstract" xlink:to="OtherIncomeExpenseFromSubsidiariesJointlyControlledEntitiesAndAssociates" order="23.0"/>
    <link:loc xlink:type="locator" xlink:href="../../../../full_ifrs-cor_2014-03-05.xsd#ifrs-full_GainsLossesArisingFromDifferenceBetweenPreviousCarryingAmountAndFairValueOfFinancialAssetsReclassifiedAsMeasuredAtFairValue" xlink:label="GainsLossesArisingFromDifferenceBetweenPreviousCarryingAmountAndFairValueOfFinancialAssetsReclassifiedAsMeasuredAtFairValue"/>
    <link:definitionArc xlink:type="arc" xlink:arcrole="http://xbrl.org/int/dim/arcrole/domain-member" xlink:from="ProfitLossAbstract" xlink:to="GainsLossesArisingFromDifferenceBetweenPreviousCarryingAmountAndFairValueOfFinancialAssetsReclassifiedAsMeasuredAtFairValue" order="24.0"/>
    <link:loc xlink:type="locator" xlink:href="../../../../full_ifrs-cor_2014-03-05.xsd#ifrs-full_ProfitLossBeforeTax" xlink:label="ProfitLossBeforeTax"/>
    <link:definitionArc xlink:type="arc" xlink:arcrole="http://xbrl.org/int/dim/arcrole/domain-member" xlink:from="ProfitLossAbstract" xlink:to="ProfitLossBeforeTax" order="25.0"/>
    <link:loc xlink:type="locator" xlink:href="../../../../full_ifrs-cor_2014-03-05.xsd#ifrs-full_IncomeTaxExpenseContinuingOperations" xlink:label="IncomeTaxExpenseContinuingOperations"/>
    <link:definitionArc xlink:type="arc" xlink:arcrole="http://xbrl.org/int/dim/arcrole/domain-member" xlink:from="ProfitLossAbstract" xlink:to="IncomeTaxExpenseContinuingOperations" order="26.0"/>
    <link:loc xlink:type="locator" xlink:href="../../../../full_ifrs-cor_2014-03-05.xsd#ifrs-full_ProfitLossFromContinuingOperations" xlink:label="ProfitLossFromContinuingOperations"/>
    <link:definitionArc xlink:type="arc" xlink:arcrole="http://xbrl.org/int/dim/arcrole/domain-member" xlink:from="ProfitLossAbstract" xlink:to="ProfitLossFromContinuingOperations" order="27.0"/>
    <link:loc xlink:type="locator" xlink:href="../../../../full_ifrs-cor_2014-03-05.xsd#ifrs-full_ProfitLossFromDiscontinuedOperations" xlink:label="ProfitLossFromDiscontinuedOperations"/>
    <link:definitionArc xlink:type="arc" xlink:arcrole="http://xbrl.org/int/dim/arcrole/domain-member" xlink:from="ProfitLossAbstract" xlink:to="ProfitLossFromDiscontinuedOperations" order="29.0"/>
    <link:loc xlink:type="locator" xlink:href="../../../../full_ifrs-cor_2014-03-05.xsd#ifrs-full_ProfitLoss" xlink:label="ProfitLoss"/>
    <link:definitionArc xlink:type="arc" xlink:arcrole="http://xbrl.org/int/dim/arcrole/domain-member" xlink:from="ProfitLossAbstract" xlink:to="ProfitLoss" order="30.0"/>
    <link:loc xlink:type="locator" xlink:href="../../../../full_ifrs-cor_2014-03-05.xsd#ifrs-full_DividendsClassifiedAsExpense" xlink:label="DividendsClassifiedAsExpense"/>
    <link:definitionArc xlink:type="arc" xlink:arcrole="http://xbrl.org/int/dim/arcrole/domain-member" xlink:from="ProfitLossAbstract" xlink:to="DividendsClassifiedAsExpense" order="31.0"/>
    <link:loc xlink:type="locator" xlink:href="../../../../full_ifrs-cor_2014-03-05.xsd#ifrs-full_TaxExpenseRelatingToGainLossOnDiscontinuance" xlink:label="TaxExpenseRelatingToGainLossOnDiscontinuance" xlink:title="TaxExpenseRelatingToGainLossOnDiscontinuance"/>
    <link:definitionArc xlink:type="arc" xlink:arcrole="http://xbrl.org/int/dim/arcrole/domain-member" xlink:from="ProfitLossAbstract" xlink:to="TaxExpenseRelatingToGainLossOnDiscontinuance" xlink:title="definition: ProfitLossAbstract to TaxExpenseRelatingToGainLossOnDiscontinuance" order="28.0"/>
    <link:loc xlink:type="locator" xlink:href="../../../../full_ifrs-cor_2014-03-05.xsd#ifrs-full_RetainedEarnings" xlink:label="RetainedEarnings_2" xlink:title="RetainedEarnings"/>
    <link:definitionArc xlink:type="arc" xlink:arcrole="http://xbrl.org/int/dim/arcrole/domain-member" xlink:from="ProfitLossAbstract" xlink:to="RetainedEarnings_2" xlink:title="definition: ProfitLossAbstract to RetainedEarnings" order="32.0"/>
    <link:loc xlink:type="locator" xlink:href="../../ifrs-dk-cor_2014-12-20.xsd#ifrs-dk_ResearchAndDevelopmentExpenseAbstract" xlink:label="ResearchAndDevelopmentExpenseAbstract" xlink:title="ResearchAndDevelopmentExpenseAbstract"/>
    <link:definitionArc xlink:type="arc" xlink:arcrole="http://xbrl.org/int/dim/arcrole/domain-member" xlink:from="ProfitLossAbstract" xlink:to="ResearchAndDevelopmentExpenseAbstract" xlink:title="definition: ProfitLossAbstract to ResearchAndDevelopmentExpenseAbstract" order="7.0"/>
    <link:loc xlink:type="locator" xlink:href="../../../../full_ifrs-cor_2014-03-05.xsd#ifrs-full_ResearchAndDevelopmentExpense" xlink:label="ResearchAndDevelopmentExpense" xlink:title="ResearchAndDevelopmentExpense"/>
    <link:definitionArc xlink:type="arc" xlink:arcrole="http://xbrl.org/int/dim/arcrole/domain-member" xlink:from="ResearchAndDevelopmentExpenseAbstract" xlink:to="ResearchAndDevelopmentExpense" xlink:title="definition: ResearchAndDevelopmentExpenseAbstract to ResearchAndDevelopmentExpense" order="4.0"/>
    <link:loc xlink:type="locator" xlink:href="../../ifrs-dk-cor_2014-12-20.xsd#ifrs-dk_DevelopmentExpenditure" xlink:label="DevelopmentExpenditure" xlink:title="DevelopmentExpenditure"/>
    <link:definitionArc xlink:type="arc" xlink:arcrole="http://xbrl.org/int/dim/arcrole/domain-member" xlink:from="ResearchAndDevelopmentExpenseAbstract" xlink:to="DevelopmentExpenditure" xlink:title="definition: ResearchAndDevelopmentExpenseAbstract to DevelopmentExpenditure" order="2.0"/>
    <link:loc xlink:type="locator" xlink:href="../../ifrs-dk-cor_2014-12-20.xsd#ifrs-dk_ResearchExpenditure" xlink:label="ResearchExpenditure" xlink:title="ResearchExpenditure"/>
    <link:definitionArc xlink:type="arc" xlink:arcrole="http://xbrl.org/int/dim/arcrole/domain-member" xlink:from="ResearchAndDevelopmentExpenseAbstract" xlink:to="ResearchExpenditure" xlink:title="definition: ResearchAndDevelopmentExpenseAbstract to ResearchExpenditure" order="3.0"/>
    <link:loc xlink:type="locator" xlink:href="../../ifrs-dk-cor_2014-12-20.xsd#ifrs-dk_SalesCostAndDistributionsCostsAbstract" xlink:label="SalesCostAndDistributionsCostsAbstract" xlink:title="SalesCostAndDistributionsCostsAbstract"/>
    <link:definitionArc xlink:type="arc" xlink:arcrole="http://xbrl.org/int/dim/arcrole/domain-member" xlink:from="ProfitLossAbstract" xlink:to="SalesCostAndDistributionsCostsAbstract" xlink:title="definition: ProfitLossAbstract to SalesCostAndDistributionsCostsAbstract" order="10.0"/>
    <link:loc xlink:type="locator" xlink:href="../../ifrs-dk-cor_2014-12-20.xsd#ifrs-dk_SalesCost" xlink:label="SalesCost"/>
    <link:definitionArc xlink:type="arc" xlink:arcrole="http://xbrl.org/int/dim/arcrole/domain-member" xlink:from="SalesCostAndDistributionsCostsAbstract" xlink:to="SalesCost" xlink:title="definition: SalesCostAndDistributionsCostsAbstract to SalesCost" order="1.0"/>
    <link:loc xlink:type="locator" xlink:href="../../../../full_ifrs-cor_2014-03-05.xsd#ifrs-full_DistributionCosts" xlink:label="DistributionCosts"/>
    <link:definitionArc xlink:type="arc" xlink:arcrole="http://xbrl.org/int/dim/arcrole/domain-member" xlink:from="SalesCostAndDistributionsCostsAbstract" xlink:to="DistributionCosts" xlink:title="definition: SalesCostAndDistributionsCostsAbstract to DistributionCosts" order="2.0"/>
    <link:loc xlink:type="locator" xlink:href="../../ifrs-dk-cor_2014-12-20.xsd#ifrs-dk_SalesCostAndDistributionsCosts" xlink:label="SalesCostAndDistributionsCosts" xlink:title="SalesCostAndDistributionsCosts"/>
    <link:definitionArc xlink:type="arc" xlink:arcrole="http://xbrl.org/int/dim/arcrole/domain-member" xlink:from="SalesCostAndDistributionsCostsAbstract" xlink:to="SalesCostAndDistributionsCosts" xlink:title="definition: SalesCostAndDistributionsCostsAbstract to SalesCostAndDistributionsCosts" order="3.0"/>
    <link:loc xlink:type="locator" xlink:href="../../ifrs-dk-cor_2014-12-20.xsd#ifrs-dk_TransferIncome" xlink:label="TransferIncome" xlink:title="TransferIncome"/>
    <link:definitionArc xlink:type="arc" xlink:arcrole="http://xbrl.org/int/dim/arcrole/domain-member" xlink:from="ProfitLossAbstract" xlink:to="TransferIncome" xlink:title="definition: ProfitLossAbstract to TransferIncome" order="8.5"/>
    <link:loc xlink:type="locator" xlink:href="../../../../full_ifrs-cor_2014-03-05.xsd#ifrs-full_ProfitLossAttributableToAbstract" xlink:label="ProfitLossAttributableToAbstract"/>
    <link:definitionArc xlink:type="arc" xlink:arcrole="http://xbrl.org/int/dim/arcrole/domain-member" xlink:from="IncomeStatementAbstract" xlink:to="ProfitLossAttributableToAbstract" order="2.0"/>
    <link:loc xlink:type="locator" xlink:href="../../../../full_ifrs-cor_2014-03-05.xsd#ifrs-full_ProfitLossAttributableToOwnersOfParent" xlink:label="ProfitLossAttributableToOwnersOfParent"/>
    <link:definitionArc xlink:type="arc" xlink:arcrole="http://xbrl.org/int/dim/arcrole/domain-member" xlink:from="ProfitLossAttributableToAbstract" xlink:to="ProfitLossAttributableToOwnersOfParent" order="1.0"/>
    <link:loc xlink:type="locator" xlink:href="../../../../full_ifrs-cor_2014-03-05.xsd#ifrs-full_ProfitLossAttributableToNoncontrollingInterests" xlink:label="ProfitLossAttributableToNoncontrollingInterests"/>
    <link:definitionArc xlink:type="arc" xlink:arcrole="http://xbrl.org/int/dim/arcrole/domain-member" xlink:from="ProfitLossAttributableToAbstract" xlink:to="ProfitLossAttributableToNoncontrollingInterests" order="2.0"/>
    <link:definitionArc xlink:type="arc" xlink:arcrole="http://xbrl.org/int/dim/arcrole/all" xlink:from="IncomeStatementAbstract" xlink:to="CommonTable" xlink:title="definition: IncomeStatementAbstract to CommonTable" order="4.0" xbrldt:contextElement="scenario"/>
  </link:definitionLink>
</link:linkbase>
