<?xml version="1.0" encoding="UTF-8"?>
<!-- Generated by Fujitsu Interstage XWand B0166 -->
<link:linkbase xmlns:xsi="http://www.w3.org/2001/XMLSchema-instance" xsi:schemaLocation="http://www.xbrl.org/2003/linkbase http://www.xbrl.org/2003/xbrl-linkbase-2003-12-31.xsd" xmlns:link="http://www.xbrl.org/2003/linkbase" xmlns:xlink="http://www.w3.org/1999/xlink" xmlns:xbrli="http://www.xbrl.org/2003/instance">
  <link:labelLink xlink:type="extended" xlink:role="http://www.xbrl.org/2003/role/link">
    <link:loc xlink:type="locator" xlink:href="mrv.xsd#mrv_LinkToStatementOfCorporateSocialResponsibility" xlink:label="newItem" xlink:title="newItem"/>
    <link:label xlink:type="resource" xlink:label="label_newItem" xlink:role="http://www.xbrl.org/2003/role/label" xlink:title="label_newItem" xml:lang="da" id="label_newItem">Link til redegørelse for samfundsansvar</link:label>
    <link:labelArc xlink:type="arc" xlink:arcrole="http://www.xbrl.org/2003/arcrole/concept-label" xlink:from="newItem" xlink:to="label_newItem" xlink:title="label: newItem to label_newItem"/>
    <link:label xlink:type="resource" xlink:label="label_newItem_2" xlink:role="http://www.xbrl.org/2003/role/label" xlink:title="label_newItem" xml:lang="en" id="label_newItem_2">Link statement of corporate social responsibility</link:label>
    <link:labelArc xlink:type="arc" xlink:arcrole="http://www.xbrl.org/2003/arcrole/concept-label" xlink:from="newItem" xlink:to="label_newItem_2" xlink:title="label: newItem to label_newItem"/>
    <link:loc xlink:type="locator" xlink:href="mrv.xsd#mrv_CorporateGovernanceReport" xlink:label="newItem_2" xlink:title="newItem"/>
    <link:label xlink:type="resource" xlink:label="label_newItem_3" xlink:role="http://www.xbrl.org/2003/role/label" xlink:title="label_newItem" xml:lang="da" id="label_newItem_3">Redegørelse for virksomhedsledelse</link:label>
    <link:labelArc xlink:type="arc" xlink:arcrole="http://www.xbrl.org/2003/arcrole/concept-label" xlink:from="newItem_2" xlink:to="label_newItem_3" xlink:title="label: newItem to label_newItem"/>
    <link:label xlink:type="resource" xlink:label="label_newItem_4" xlink:role="http://www.xbrl.org/2003/role/label" xlink:title="label_newItem" xml:lang="en" id="label_newItem_4">corporate governance report</link:label>
    <link:labelArc xlink:type="arc" xlink:arcrole="http://www.xbrl.org/2003/arcrole/concept-label" xlink:from="newItem_2" xlink:to="label_newItem_4" xlink:title="label: newItem to label_newItem"/>
    <link:loc xlink:type="locator" xlink:href="mrv.xsd#mrv_LinkToCorporateGovernanceReport" xlink:label="newItem2" xlink:title="newItem2"/>
    <link:label xlink:type="resource" xlink:label="label_newItem2" xlink:role="http://www.xbrl.org/2003/role/label" xlink:title="label_newItem2" xml:lang="da" id="label_newItem2">Link til redegørelse for virksomhedsledelse</link:label>
    <link:labelArc xlink:type="arc" xlink:arcrole="http://www.xbrl.org/2003/arcrole/concept-label" xlink:from="newItem2" xlink:to="label_newItem2" xlink:title="label: newItem2 to label_newItem2"/>
    <link:label xlink:type="resource" xlink:label="label_newItem2_2" xlink:role="http://www.xbrl.org/2003/role/label" xlink:title="label_newItem2" xml:lang="en" id="label_newItem2_2">Link to corporate governance report</link:label>
    <link:labelArc xlink:type="arc" xlink:arcrole="http://www.xbrl.org/2003/arcrole/concept-label" xlink:from="newItem2" xlink:to="label_newItem2_2" xlink:title="label: newItem2 to label_newItem2"/>
    <link:loc xlink:type="locator" xlink:href="mrv.xsd#mrv_StatementOfTargetFiguresAndPoliciesForTheUnderrepresentedGender" xlink:label="newItem3" xlink:title="newItem3"/>
    <link:label xlink:type="resource" xlink:label="label_newItem3" xlink:role="http://www.xbrl.org/2003/role/label" xlink:title="label_newItem3" xml:lang="da" id="label_newItem3">Redegørelse for måltal og politikker vedrørende det underrepræsenterede køn</link:label>
    <link:labelArc xlink:type="arc" xlink:arcrole="http://www.xbrl.org/2003/arcrole/concept-label" xlink:from="newItem3" xlink:to="label_newItem3" xlink:title="label: newItem3 to label_newItem3"/>
    <link:label xlink:type="resource" xlink:label="label_newItem3_2" xlink:role="http://www.xbrl.org/2003/role/label" xlink:title="label_newItem3" xml:lang="en" id="label_newItem3_2">Statement of target figures and policies for the underrepresented gender</link:label>
    <link:labelArc xlink:type="arc" xlink:arcrole="http://www.xbrl.org/2003/arcrole/concept-label" xlink:from="newItem3" xlink:to="label_newItem3_2" xlink:title="label: newItem3 to label_newItem3"/>
    <link:loc xlink:type="locator" xlink:href="mrv.xsd#mrv_LinkToStatementOfTargetFiguresAndPoliciesForTheUnderrepresentedGender" xlink:label="newItem4" xlink:title="newItem4"/>
    <link:label xlink:type="resource" xlink:label="label_newItem4" xlink:role="http://www.xbrl.org/2003/role/label" xlink:title="label_newItem4" xml:lang="da" id="label_newItem4">Link til redegørelse for måltal og politikker vedrørende det underrepræsenterede køn</link:label>
    <link:labelArc xlink:type="arc" xlink:arcrole="http://www.xbrl.org/2003/arcrole/concept-label" xlink:from="newItem4" xlink:to="label_newItem4" xlink:title="label: newItem4 to label_newItem4"/>
    <link:label xlink:type="resource" xlink:label="label_newItem4_2" xlink:role="http://www.xbrl.org/2003/role/label" xlink:title="label_newItem4" xml:lang="en" id="label_newItem4_2">Link to statement of target figures and policies for the underrepresented gender</link:label>
    <link:labelArc xlink:type="arc" xlink:arcrole="http://www.xbrl.org/2003/arcrole/concept-label" xlink:from="newItem4" xlink:to="label_newItem4_2" xlink:title="label: newItem4 to label_newItem4"/>
  </link:labelLink>
</link:linkbase>
