<?xml version="1.0" encoding="UTF-8"?>
<!-- Generated by Fujitsu Interstage XWand B0166 -->
<?officialURI http://archprod.service.eogs.dk/taxonomy/20131220/ifrs/full_ifrs_dk/ifrs-dk_320.00_2013-12-20/cal_ifrs-dk_2013-12-20_role-320.00.xml?>

<?taxonomy-version 0.1.0?>

<link:linkbase xmlns:xsi="http://www.w3.org/2001/XMLSchema-instance" xsi:schemaLocation="http://www.xbrl.org/2003/linkbase http://www.xbrl.org/2003/xbrl-linkbase-2003-12-31.xsd" xmlns:link="http://www.xbrl.org/2003/linkbase" xmlns:rol_ifrs-dk_320.00_2013-12-20="http://xbrl.dcca.dk/role/ifrs-dk/rol_ifrs-dk_320.00_2013-12-20" xmlns:xlink="http://www.w3.org/1999/xlink" xmlns:xbrli="http://www.xbrl.org/2003/instance">
  <link:roleRef roleURI="http://xbrl.dcca.dk/role/320.00/IncomeStatementByNatureOfExpense" xlink:type="simple" xlink:href="rol_ifrs-dk_320.00_2013-12-20.xsd#ifrs-dk_32000_IncomeStatementByNatureOfExpense"/>
  <link:calculationLink xlink:type="extended" xlink:role="http://xbrl.dcca.dk/role/320.00/IncomeStatementByNatureOfExpense">
    <link:loc xlink:type="locator" xlink:href="../../../../ifrs-cor_2011-03-25.xsd#ifrs_DepreciationAndAmortisationExpense" xlink:label="DepreciationAndAmortisationExpense"/>
    <link:loc xlink:type="locator" xlink:href="../../ifrs-dk-cor_2013-12-20.xsd#ifrs-dk_DepreciationExpense" xlink:label="DepreciationExpense"/>
    <link:calculationArc xlink:type="arc" xlink:arcrole="http://www.xbrl.org/2003/arcrole/summation-item" xlink:from="DepreciationAndAmortisationExpense" xlink:to="DepreciationExpense" order="1.0" weight="1.0"/>
    <link:loc xlink:type="locator" xlink:href="../../ifrs-dk-cor_2013-12-20.xsd#ifrs-dk_AmortisationExpense" xlink:label="AmortisationExpense"/>
    <link:calculationArc xlink:type="arc" xlink:arcrole="http://www.xbrl.org/2003/arcrole/summation-item" xlink:from="DepreciationAndAmortisationExpense" xlink:to="AmortisationExpense" order="2.0" weight="1.0"/>
    <link:loc xlink:type="locator" xlink:href="../../../../ifrs-cor_2011-03-25.xsd#ifrs_BasicEarningsLossPerShare" xlink:label="BasicEarningsLossPerShare"/>
    <link:loc xlink:type="locator" xlink:href="../../../../ifrs-cor_2011-03-25.xsd#ifrs_BasicEarningsLossPerShareFromContinuingOperations" xlink:label="BasicEarningsLossPerShareFromContinuingOperations"/>
    <link:calculationArc xlink:type="arc" xlink:arcrole="http://www.xbrl.org/2003/arcrole/summation-item" xlink:from="BasicEarningsLossPerShare" xlink:to="BasicEarningsLossPerShareFromContinuingOperations" order="1.0" weight="1"/>
    <link:loc xlink:type="locator" xlink:href="../../../../ifrs-cor_2011-03-25.xsd#ifrs_BasicEarningsLossPerShareFromDiscontinuedOperations" xlink:label="BasicEarningsLossPerShareFromDiscontinuedOperations"/>
    <link:calculationArc xlink:type="arc" xlink:arcrole="http://www.xbrl.org/2003/arcrole/summation-item" xlink:from="BasicEarningsLossPerShare" xlink:to="BasicEarningsLossPerShareFromDiscontinuedOperations" order="2.0" weight="1"/>
    <link:loc xlink:type="locator" xlink:href="../../../../ifrs-cor_2011-03-25.xsd#ifrs_DilutedEarningsLossPerShare" xlink:label="DilutedEarningsLossPerShare"/>
    <link:loc xlink:type="locator" xlink:href="../../../../ifrs-cor_2011-03-25.xsd#ifrs_DilutedEarningsLossPerShareFromContinuingOperations" xlink:label="DilutedEarningsLossPerShareFromContinuingOperations"/>
    <link:calculationArc xlink:type="arc" xlink:arcrole="http://www.xbrl.org/2003/arcrole/summation-item" xlink:from="DilutedEarningsLossPerShare" xlink:to="DilutedEarningsLossPerShareFromContinuingOperations" order="1.0" weight="1"/>
    <link:loc xlink:type="locator" xlink:href="../../../../ifrs-cor_2011-03-25.xsd#ifrs_DilutedEarningsLossPerShareFromDiscontinuedOperations" xlink:label="DilutedEarningsLossPerShareFromDiscontinuedOperations"/>
    <link:calculationArc xlink:type="arc" xlink:arcrole="http://www.xbrl.org/2003/arcrole/summation-item" xlink:from="DilutedEarningsLossPerShare" xlink:to="DilutedEarningsLossPerShareFromDiscontinuedOperations" order="2.0" weight="1"/>
    <link:loc xlink:type="locator" xlink:href="../../../../ifrs-cor_2011-03-25.xsd#ifrs_ProfitLoss" xlink:label="ProfitLoss"/>
    <link:loc xlink:type="locator" xlink:href="../../../../ifrs-cor_2011-03-25.xsd#ifrs_ProfitLossFromContinuingOperations" xlink:label="ProfitLossFromContinuingOperations"/>
    <link:calculationArc xlink:type="arc" xlink:arcrole="http://www.xbrl.org/2003/arcrole/summation-item" xlink:from="ProfitLoss" xlink:to="ProfitLossFromContinuingOperations" order="1.0" weight="1.0"/>
    <link:loc xlink:type="locator" xlink:href="../../../../ifrs-cor_2011-03-25.xsd#ifrs_ProfitLossBeforeTax" xlink:label="ProfitLossBeforeTax"/>
    <link:calculationArc xlink:type="arc" xlink:arcrole="http://www.xbrl.org/2003/arcrole/summation-item" xlink:from="ProfitLossFromContinuingOperations" xlink:to="ProfitLossBeforeTax" order="1.0" weight="1.0"/>
    <link:loc xlink:type="locator" xlink:href="../../../../ifrs-cor_2011-03-25.xsd#ifrs_FinanceIncome" xlink:label="FinanceIncome"/>
    <link:calculationArc xlink:type="arc" xlink:arcrole="http://www.xbrl.org/2003/arcrole/summation-item" xlink:from="ProfitLossBeforeTax" xlink:to="FinanceIncome" order="5.0" weight="1.0"/>
    <link:loc xlink:type="locator" xlink:href="../../../../ifrs-cor_2011-03-25.xsd#ifrs_FinanceCosts" xlink:label="FinanceCosts"/>
    <link:calculationArc xlink:type="arc" xlink:arcrole="http://www.xbrl.org/2003/arcrole/summation-item" xlink:from="ProfitLossBeforeTax" xlink:to="FinanceCosts" order="6.0" weight="-1.0"/>
    <link:loc xlink:type="locator" xlink:href="../../../../ifrs-cor_2011-03-25.xsd#ifrs_ShareOfProfitLossOfAssociatesAndJointVenturesAccountedForUsingEquityMethod" xlink:label="ShareOfProfitLossOfAssociatesAndJointVenturesAccountedForUsingEquityMethod"/>
    <link:calculationArc xlink:type="arc" xlink:arcrole="http://www.xbrl.org/2003/arcrole/summation-item" xlink:from="ProfitLossBeforeTax" xlink:to="ShareOfProfitLossOfAssociatesAndJointVenturesAccountedForUsingEquityMethod" order="7.0" weight="1.0"/>
    <link:loc xlink:type="locator" xlink:href="../../../../ifrs-cor_2011-03-25.xsd#ifrs_GainsLossesArisingFromDifferenceBetweenPreviousCarryingAmountAndFairValueOfFinancialAssetsReclassifiedAsMeasuredAtFairValue" xlink:label="GainsLossesArisingFromDifferenceBetweenPreviousCarryingAmountAndFairValueOfFinancialAssetsReclassifiedAsMeasuredAtFairValue"/>
    <link:calculationArc xlink:type="arc" xlink:arcrole="http://www.xbrl.org/2003/arcrole/summation-item" xlink:from="ProfitLossBeforeTax" xlink:to="GainsLossesArisingFromDifferenceBetweenPreviousCarryingAmountAndFairValueOfFinancialAssetsReclassifiedAsMeasuredAtFairValue" order="10.0" weight="1.0"/>
    <link:loc xlink:type="locator" xlink:href="../../../../ifrs-cor_2011-03-25.xsd#ifrs_GainsLossesOnNetMonetaryPosition" xlink:label="GainsLossesOnNetMonetaryPosition"/>
    <link:calculationArc xlink:type="arc" xlink:arcrole="http://www.xbrl.org/2003/arcrole/summation-item" xlink:from="ProfitLossBeforeTax" xlink:to="GainsLossesOnNetMonetaryPosition" order="3.0" weight="1.0"/>
    <link:loc xlink:type="locator" xlink:href="../../../../ifrs-cor_2011-03-25.xsd#ifrs_OtherIncomeExpenseFromSubsidiariesJointlyControlledEntitiesAndAssociates" xlink:label="OtherIncomeExpenseFromSubsidiariesJointlyControlledEntitiesAndAssociates"/>
    <link:calculationArc xlink:type="arc" xlink:arcrole="http://www.xbrl.org/2003/arcrole/summation-item" xlink:from="ProfitLossBeforeTax" xlink:to="OtherIncomeExpenseFromSubsidiariesJointlyControlledEntitiesAndAssociates" order="9.0" weight="1.0"/>
    <link:loc xlink:type="locator" xlink:href="../../../../ifrs-cor_2011-03-25.xsd#ifrs_ProfitLossFromOperatingActivities" xlink:label="ProfitLossFromOperatingActivities"/>
    <link:calculationArc xlink:type="arc" xlink:arcrole="http://www.xbrl.org/2003/arcrole/summation-item" xlink:from="ProfitLossBeforeTax" xlink:to="ProfitLossFromOperatingActivities" order="1.0" weight="1.0"/>
    <link:loc xlink:type="locator" xlink:href="../../../../ifrs-cor_2011-03-25.xsd#ifrs_OtherGainsLosses" xlink:label="OtherGainsLosses"/>
    <link:calculationArc xlink:type="arc" xlink:arcrole="http://www.xbrl.org/2003/arcrole/summation-item" xlink:from="ProfitLossFromOperatingActivities" xlink:to="OtherGainsLosses" order="6.0" weight="1.0"/>
    <link:loc xlink:type="locator" xlink:href="../../../../ifrs-cor_2011-03-25.xsd#ifrs_GrossProfit" xlink:label="GrossProfit"/>
    <link:calculationArc xlink:type="arc" xlink:arcrole="http://www.xbrl.org/2003/arcrole/summation-item" xlink:from="ProfitLossFromOperatingActivities" xlink:to="GrossProfit" use="optional" order="1.0" weight="1.0"/>
    <link:loc xlink:type="locator" xlink:href="../../ifrs-dk-cor_2013-12-20.xsd#ifrs-dk_NetSales" xlink:label="NetSales"/>
    <link:calculationArc xlink:type="arc" xlink:arcrole="http://www.xbrl.org/2003/arcrole/summation-item" xlink:from="GrossProfit" xlink:to="NetSales" use="optional" order="1.0" weight="1.0"/>
    <link:loc xlink:type="locator" xlink:href="../../../../ifrs-cor_2011-03-25.xsd#ifrs_Revenue" xlink:label="Revenue"/>
    <link:calculationArc xlink:type="arc" xlink:arcrole="http://www.xbrl.org/2003/arcrole/summation-item" xlink:from="NetSales" xlink:to="Revenue" order="1.0" weight="1.0"/>
    <link:loc xlink:type="locator" xlink:href="../../ifrs-dk-cor_2013-12-20.xsd#ifrs-dk_DirectCosts" xlink:label="DirectCosts"/>
    <link:calculationArc xlink:type="arc" xlink:arcrole="http://www.xbrl.org/2003/arcrole/summation-item" xlink:from="NetSales" xlink:to="DirectCosts" order="2.0" weight="-1.0"/>
    <link:loc xlink:type="locator" xlink:href="../../../../ifrs-cor_2011-03-25.xsd#ifrs_OtherIncome" xlink:label="OtherIncome"/>
    <link:calculationArc xlink:type="arc" xlink:arcrole="http://www.xbrl.org/2003/arcrole/summation-item" xlink:from="GrossProfit" xlink:to="OtherIncome" order="2.0" weight="1.0"/>
    <link:loc xlink:type="locator" xlink:href="../../../../ifrs-cor_2011-03-25.xsd#ifrs_ChangesInInventoriesOfFinishedGoodsAndWorkInProgress" xlink:label="ChangesInInventoriesOfFinishedGoodsAndWorkInProgress"/>
    <link:calculationArc xlink:type="arc" xlink:arcrole="http://www.xbrl.org/2003/arcrole/summation-item" xlink:from="GrossProfit" xlink:to="ChangesInInventoriesOfFinishedGoodsAndWorkInProgress" order="3.0" weight="-1.0"/>
    <link:loc xlink:type="locator" xlink:href="../../../../ifrs-cor_2011-03-25.xsd#ifrs_OtherWorkPerformedByEntityAndCapitalised" xlink:label="OtherWorkPerformedByEntityAndCapitalised"/>
    <link:calculationArc xlink:type="arc" xlink:arcrole="http://www.xbrl.org/2003/arcrole/summation-item" xlink:from="GrossProfit" xlink:to="OtherWorkPerformedByEntityAndCapitalised" order="4.0" weight="1.0"/>
    <link:loc xlink:type="locator" xlink:href="../../../../ifrs-cor_2011-03-25.xsd#ifrs_RawMaterialsAndConsumablesUsed" xlink:label="RawMaterialsAndConsumablesUsed"/>
    <link:calculationArc xlink:type="arc" xlink:arcrole="http://www.xbrl.org/2003/arcrole/summation-item" xlink:from="GrossProfit" xlink:to="RawMaterialsAndConsumablesUsed" order="5.0" weight="-1.0"/>
    <link:loc xlink:type="locator" xlink:href="../../ifrs-dk-cor_2013-12-20.xsd#ifrs-dk_SpecialItems" xlink:label="SpecialItems"/>
    <link:calculationArc xlink:type="arc" xlink:arcrole="http://www.xbrl.org/2003/arcrole/summation-item" xlink:from="ProfitLossFromOperatingActivities" xlink:to="SpecialItems" use="optional" order="7.0" weight="1.0"/>
    <link:loc xlink:type="locator" xlink:href="../../ifrs-dk-cor_2013-12-20.xsd#ifrs-dk_SpecialIncome" xlink:label="SpecialIncome"/>
    <link:calculationArc xlink:type="arc" xlink:arcrole="http://www.xbrl.org/2003/arcrole/summation-item" xlink:from="SpecialItems" xlink:to="SpecialIncome" use="optional" order="1.0" weight="1.0"/>
    <link:loc xlink:type="locator" xlink:href="../../ifrs-dk-cor_2013-12-20.xsd#ifrs-dk_SpecialCost" xlink:label="SpecialCost"/>
    <link:calculationArc xlink:type="arc" xlink:arcrole="http://www.xbrl.org/2003/arcrole/summation-item" xlink:from="SpecialItems" xlink:to="SpecialCost" use="optional" order="2.0" weight="-1.0"/>
    <link:loc xlink:type="locator" xlink:href="../../../../ifrs-cor_2011-03-25.xsd#ifrs_EmployeeBenefitsExpense" xlink:label="EmployeeBenefitsExpense"/>
    <link:calculationArc xlink:type="arc" xlink:arcrole="http://www.xbrl.org/2003/arcrole/summation-item" xlink:from="ProfitLossFromOperatingActivities" xlink:to="EmployeeBenefitsExpense" order="2.0" weight="-1.0"/>
    <link:calculationArc xlink:type="arc" xlink:arcrole="http://www.xbrl.org/2003/arcrole/summation-item" xlink:from="ProfitLossFromOperatingActivities" xlink:to="DepreciationAndAmortisationExpense" use="optional" order="3.0" weight="-1.0"/>
    <link:loc xlink:type="locator" xlink:href="../../../../ifrs-cor_2011-03-25.xsd#ifrs_ImpairmentLossReversalOfImpairmentLossRecognisedInProfitOrLoss" xlink:label="ImpairmentLossReversalOfImpairmentLossRecognisedInProfitOrLoss"/>
    <link:calculationArc xlink:type="arc" xlink:arcrole="http://www.xbrl.org/2003/arcrole/summation-item" xlink:from="ProfitLossFromOperatingActivities" xlink:to="ImpairmentLossReversalOfImpairmentLossRecognisedInProfitOrLoss" order="4.0" weight="-1.0"/>
    <link:loc xlink:type="locator" xlink:href="../../../../ifrs-cor_2011-03-25.xsd#ifrs_OtherExpenseByNature" xlink:label="OtherExpenseByNature"/>
    <link:calculationArc xlink:type="arc" xlink:arcrole="http://www.xbrl.org/2003/arcrole/summation-item" xlink:from="ProfitLossFromOperatingActivities" xlink:to="OtherExpenseByNature" order="5.0" weight="-1.0"/>
    <link:loc xlink:type="locator" xlink:href="../../../../ifrs-cor_2011-03-25.xsd#ifrs_DifferenceBetweenCarryingAmountOfDividendsPayableAndCarryingAmountOfNoncashAssetsDistributed" xlink:label="DifferenceBetweenCarryingAmountOfDividendsPayableAndCarryingAmountOfNoncashAssetsDistributed"/>
    <link:calculationArc xlink:type="arc" xlink:arcrole="http://www.xbrl.org/2003/arcrole/summation-item" xlink:from="ProfitLossBeforeTax" xlink:to="DifferenceBetweenCarryingAmountOfDividendsPayableAndCarryingAmountOfNoncashAssetsDistributed" order="2.0" weight="1.0"/>
    <link:loc xlink:type="locator" xlink:href="../../../../ifrs-cor_2011-03-25.xsd#ifrs_GainLossArisingFromDerecognitionOfFinancialAssetsMeasuredAtAmortisedCost" xlink:label="GainLossArisingFromDerecognitionOfFinancialAssetsMeasuredAtAmortisedCost"/>
    <link:calculationArc xlink:type="arc" xlink:arcrole="http://www.xbrl.org/2003/arcrole/summation-item" xlink:from="ProfitLossBeforeTax" xlink:to="GainLossArisingFromDerecognitionOfFinancialAssetsMeasuredAtAmortisedCost" order="4.0" weight="1.0"/>
    <link:loc xlink:type="locator" xlink:href="../../ifrs-dk-cor_2013-12-20.xsd#ifrs-dk_ProfitLossInSubsidiariesJointVenturesAndAssociates" xlink:label="ProfitLossInSubsidiariesJointVenturesAndAssociates"/>
    <link:calculationArc xlink:type="arc" xlink:arcrole="http://www.xbrl.org/2003/arcrole/summation-item" xlink:from="ProfitLossBeforeTax" xlink:to="ProfitLossInSubsidiariesJointVenturesAndAssociates" use="optional" order="8.0" weight="1.0"/>
    <link:loc xlink:type="locator" xlink:href="../../ifrs-dk-cor_2013-12-20.xsd#ifrs-dk_ProfitLossInAssociates" xlink:label="ProfitLossInAssociates"/>
    <link:calculationArc xlink:type="arc" xlink:arcrole="http://www.xbrl.org/2003/arcrole/summation-item" xlink:from="ProfitLossInSubsidiariesJointVenturesAndAssociates" xlink:to="ProfitLossInAssociates" use="optional" order="2.0" weight="1.0"/>
    <link:loc xlink:type="locator" xlink:href="../../ifrs-dk-cor_2013-12-20.xsd#ifrs-dk_ProfitLossInJointVentures" xlink:label="ProfitLossInJointVentures"/>
    <link:calculationArc xlink:type="arc" xlink:arcrole="http://www.xbrl.org/2003/arcrole/summation-item" xlink:from="ProfitLossInSubsidiariesJointVenturesAndAssociates" xlink:to="ProfitLossInJointVentures" use="optional" order="3.0" weight="1.0"/>
    <link:loc xlink:type="locator" xlink:href="../../ifrs-dk-cor_2013-12-20.xsd#ifrs-dk_ProfitLossInSubsidiaries" xlink:label="ProfitLossInSubsidiaries"/>
    <link:calculationArc xlink:type="arc" xlink:arcrole="http://www.xbrl.org/2003/arcrole/summation-item" xlink:from="ProfitLossInSubsidiariesJointVenturesAndAssociates" xlink:to="ProfitLossInSubsidiaries" use="optional" order="1.0" weight="1.0"/>
    <link:loc xlink:type="locator" xlink:href="../../../../ifrs-cor_2011-03-25.xsd#ifrs_IncomeTaxExpenseContinuingOperations" xlink:label="IncomeTaxExpenseContinuingOperations"/>
    <link:calculationArc xlink:type="arc" xlink:arcrole="http://www.xbrl.org/2003/arcrole/summation-item" xlink:from="ProfitLossFromContinuingOperations" xlink:to="IncomeTaxExpenseContinuingOperations" order="2.0" weight="-1.0"/>
    <link:loc xlink:type="locator" xlink:href="../../../../ifrs-cor_2011-03-25.xsd#ifrs_ProfitLossFromDiscontinuedOperations" xlink:label="ProfitLossFromDiscontinuedOperations"/>
    <link:calculationArc xlink:type="arc" xlink:arcrole="http://www.xbrl.org/2003/arcrole/summation-item" xlink:from="ProfitLoss" xlink:to="ProfitLossFromDiscontinuedOperations" order="3.0" weight="1.0"/>
    <link:loc xlink:type="locator" xlink:href="../../ifrs-dk-cor_2013-12-20.xsd#ifrs-dk_IncomeTaxExpenseDiscontinuedOperations" xlink:label="IncomeTaxExpenseDiscontinuedOperations"/>
    <link:calculationArc xlink:type="arc" xlink:arcrole="http://www.xbrl.org/2003/arcrole/summation-item" xlink:from="ProfitLoss" xlink:to="IncomeTaxExpenseDiscontinuedOperations" use="optional" order="2.0" weight="-1.0"/>
  </link:calculationLink>
</link:linkbase>
