<?xml version="1.0" encoding="UTF-8"?>
<!-- Generated by Fujitsu Interstage XWand B0217 -->
<link:linkbase xmlns:xsi="http://www.w3.org/2001/XMLSchema-instance" xsi:schemaLocation="http://www.xbrl.org/2003/linkbase http://www.xbrl.org/2003/xbrl-linkbase-2003-12-31.xsd" xmlns:link="http://www.xbrl.org/2003/linkbase" xmlns:xbrli="http://www.xbrl.org/2003/instance" xmlns:xlink="http://www.w3.org/1999/xlink">
  <link:labelLink xlink:type="extended" xlink:role="http://www.xbrl.org/2003/role/link">
    <link:loc xlink:type="locator" xlink:href="cmn.xsd#cmn_ConsolidatedSoloDimension" xlink:label="ConsolidatedSoloDimension" xlink:title="ConsolidatedSoloDimension"/>
    <link:label xlink:type="resource" xlink:label="label_ConsolidatedSoloDimension" xlink:role="http://www.xbrl.org/2003/role/label" xlink:title="label_ConsolidatedSoloDimension" xml:lang="ar" id="label_ConsolidatedSoloDimension">موحد / انفرادي</link:label>
    <link:labelArc xlink:type="arc" xlink:arcrole="http://www.xbrl.org/2003/arcrole/concept-label" xlink:from="ConsolidatedSoloDimension" xlink:to="label_ConsolidatedSoloDimension" xlink:title="label: ConsolidatedSoloDimension to label_ConsolidatedSoloDimension"/>
    <link:loc xlink:type="locator" xlink:href="cmn.xsd#cmn_SoloMember" xlink:label="SoloMember" xlink:title="SoloMember"/>
    <link:label xlink:type="resource" xlink:label="label_SoloMember" xlink:role="http://www.xbrl.org/2003/role/label" xlink:title="label_SoloMember" xml:lang="ar" id="label_SoloMember">انفرادي</link:label>
    <link:labelArc xlink:type="arc" xlink:arcrole="http://www.xbrl.org/2003/arcrole/concept-label" xlink:from="SoloMember" xlink:to="label_SoloMember" xlink:title="label: SoloMember to label_SoloMember"/>
    <link:loc xlink:type="locator" xlink:href="cmn.xsd#cmn_ConsolidatedMember" xlink:label="ConsolidatedMember" xlink:title="ConsolidatedMember"/>
    <link:label xlink:type="resource" xlink:label="label_ConsolidatedMember" xlink:role="http://www.xbrl.org/2003/role/label" xlink:title="label_ConsolidatedMember" xml:lang="ar" id="label_ConsolidatedMember">موحد </link:label>
    <link:labelArc xlink:type="arc" xlink:arcrole="http://www.xbrl.org/2003/arcrole/concept-label" xlink:from="ConsolidatedMember" xlink:to="label_ConsolidatedMember" xlink:title="label: ConsolidatedMember to label_ConsolidatedMember"/>
    <link:loc xlink:type="locator" xlink:href="cmn.xsd#cmn_CommonHypercube" xlink:label="CommonHypercube" xlink:title="CommonHypercube"/>
    <link:label xlink:type="resource" xlink:label="label_CommonHypercube" xlink:role="http://www.xbrl.org/2003/role/label" xlink:title="label_CommonHypercube" xml:lang="ar" id="label_CommonHypercube">انفرادي</link:label>
    <link:labelArc xlink:type="arc" xlink:arcrole="http://www.xbrl.org/2003/arcrole/concept-label" xlink:from="CommonHypercube" xlink:to="label_CommonHypercube" xlink:title="label: CommonHypercube to label_CommonHypercube"/>
    <link:loc xlink:type="locator" xlink:href="cmn.xsd#cmn_OrdinaryWriteoffsInRespectOfDebtors" xlink:label="OrdinaryWriteoffsInRespectOfDebtors" xlink:title="OrdinaryWriteoffsInRespectOfDebtors"/>
    <link:label xlink:type="resource" xlink:label="label_OrdinaryWriteoffsInRespectOfDebtors" xlink:role="http://www.xbrl.org/2003/role/label" xlink:title="label_OrdinaryWriteoffsInRespectOfDebtors" xml:lang="ar" id="label_OrdinaryWriteoffsInRespectOfDebtors">الديون العادية المشطبة للمدينين (بما فيها التغيير في مخصصات الديون الهالكة)</link:label>
    <link:labelArc xlink:type="arc" xlink:arcrole="http://www.xbrl.org/2003/arcrole/concept-label" xlink:from="OrdinaryWriteoffsInRespectOfDebtors" xlink:to="label_OrdinaryWriteoffsInRespectOfDebtors" xlink:title="label: OrdinaryWriteoffsInRespectOfDebtors to label_OrdinaryWriteoffsInRespectOfDebtors"/>
    <link:loc xlink:type="locator" xlink:href="cmn.xsd#cmn_PreviousYearMember" xlink:label="PreviousYearMember" xlink:title="PreviousYearMember"/>
    <link:label xlink:type="resource" xlink:label="label_PreviousYearMember" xlink:role="http://www.xbrl.org/2003/role/label" xlink:title="label_PreviousYearMember" xml:lang="ar" id="label_PreviousYearMember">السنة السابقة</link:label>
    <link:labelArc xlink:type="arc" xlink:arcrole="http://www.xbrl.org/2003/arcrole/concept-label" xlink:from="PreviousYearMember" xlink:to="label_PreviousYearMember" xlink:title="label: PreviousYearMember to label_PreviousYearMember"/>
    <link:loc xlink:type="locator" xlink:href="cmn.xsd#cmn_CurrentYearMember" xlink:label="CurrentYearMember" xlink:title="CurrentYearMember"/>
    <link:label xlink:type="resource" xlink:label="label_CurrentYearMember" xlink:role="http://www.xbrl.org/2003/role/label" xlink:title="label_CurrentYearMember" xml:lang="ar" id="label_CurrentYearMember">السنة الجارية</link:label>
    <link:labelArc xlink:type="arc" xlink:arcrole="http://www.xbrl.org/2003/arcrole/concept-label" xlink:from="CurrentYearMember" xlink:to="label_CurrentYearMember" xlink:title="label: CurrentYearMember to label_CurrentYearMember"/>
    <link:loc xlink:type="locator" xlink:href="cmn.xsd#cmn_TwoYearsAgoMember" xlink:label="TwoYearsAgoMember" xlink:title="TwoYearsAgoMember"/>
    <link:label xlink:type="resource" xlink:label="label_TwoYearsAgoMember" xlink:role="http://www.xbrl.org/2003/role/label" xlink:title="label_TwoYearsAgoMember" xml:lang="ar" id="label_TwoYearsAgoMember">قبل سنتين</link:label>
    <link:labelArc xlink:type="arc" xlink:arcrole="http://www.xbrl.org/2003/arcrole/concept-label" xlink:from="TwoYearsAgoMember" xlink:to="label_TwoYearsAgoMember" xlink:title="label: TwoYearsAgoMember to label_TwoYearsAgoMember"/>
    <link:loc xlink:type="locator" xlink:href="cmn.xsd#cmn_ThreeYearsAgoMember" xlink:label="ThreeYearsAgoMember" xlink:title="ThreeYearsAgoMember"/>
    <link:label xlink:type="resource" xlink:label="label_ThreeYearsAgoMember" xlink:role="http://www.xbrl.org/2003/role/label" xlink:title="label_ThreeYearsAgoMember" xml:lang="ar" id="label_ThreeYearsAgoMember">قبل ثلاث سنوات</link:label>
    <link:labelArc xlink:type="arc" xlink:arcrole="http://www.xbrl.org/2003/arcrole/concept-label" xlink:from="ThreeYearsAgoMember" xlink:to="label_ThreeYearsAgoMember" xlink:title="label: ThreeYearsAgoMember to label_ThreeYearsAgoMember"/>
    <link:loc xlink:type="locator" xlink:href="cmn.xsd#cmn_FourYearsAgoMember" xlink:label="FourYearsAgoMember" xlink:title="FourYearsAgoMember"/>
    <link:label xlink:type="resource" xlink:label="label_FourYearsAgoMember" xlink:role="http://www.xbrl.org/2003/role/label" xlink:title="label_FourYearsAgoMember" xml:lang="ar" id="label_FourYearsAgoMember">قبل أربع سنوات</link:label>
    <link:labelArc xlink:type="arc" xlink:arcrole="http://www.xbrl.org/2003/arcrole/concept-label" xlink:from="FourYearsAgoMember" xlink:to="label_FourYearsAgoMember" xlink:title="label: FourYearsAgoMember to label_FourYearsAgoMember"/>
    <link:loc xlink:type="locator" xlink:href="cmn.xsd#cmn_RetrospectiveInformationDimension" xlink:label="RetrospectiveInformationDimension" xlink:title="RetrospectiveInformationDimension"/>
    <link:label xlink:type="resource" xlink:label="label_RetrospectiveInformationDimension" xlink:role="http://www.xbrl.org/2003/role/label" xlink:title="label_RetrospectiveInformationDimension" xml:lang="ar" id="label_RetrospectiveInformationDimension">معلومات رجعية</link:label>
    <link:labelArc xlink:type="arc" xlink:arcrole="http://www.xbrl.org/2003/arcrole/concept-label" xlink:from="RetrospectiveInformationDimension" xlink:to="label_RetrospectiveInformationDimension" xlink:title="label: RetrospectiveInformationDimension to label_RetrospectiveInformationDimension"/>
    <link:loc xlink:type="locator" xlink:href="cmn.xsd#cmn_NameAndSurnameOfMemberOfExecutiveBoard" xlink:label="NameAndSurnameOfMemberOfExecutiveBoard" xlink:title="NameAndSurnameOfMemberOfExecutiveBoard"/>
    <link:label xlink:type="resource" xlink:label="label_NameAndSurnameOfMemberOfExecutiveBoard" xlink:role="http://www.xbrl.org/2003/role/label" xlink:title="label_NameAndSurnameOfMemberOfExecutiveBoard" xml:lang="ar" id="label_NameAndSurnameOfMemberOfExecutiveBoard">الاسم الشخصي والاسم العائلي لأعضاء المجلس التنفيذي</link:label>
    <link:labelArc xlink:type="arc" xlink:arcrole="http://www.xbrl.org/2003/arcrole/concept-label" xlink:from="NameAndSurnameOfMemberOfExecutiveBoard" xlink:to="label_NameAndSurnameOfMemberOfExecutiveBoard" xlink:title="label: NameAndSurnameOfMemberOfExecutiveBoard to label_NameAndSurnameOfMemberOfExecutiveBoard"/>
    <link:loc xlink:type="locator" xlink:href="cmn.xsd#cmn_NameAndSurnameOfMemberOfSupervisoryBoard" xlink:label="NameAndSurnameOfMemberOfSupervisoryBoard" xlink:title="NameAndSurnameOfMemberOfSupervisoryBoard"/>
    <link:label xlink:type="resource" xlink:label="label_NameAndSurnameOfMemberOfSupervisoryBoard" xlink:role="http://www.xbrl.org/2003/role/label" xlink:title="label_NameAndSurnameOfMemberOfSupervisoryBoard" xml:lang="ar" id="label_NameAndSurnameOfMemberOfSupervisoryBoard">الاسم الشخصي والاسم العائلي لأعضاء مجلس الإشراف</link:label>
    <link:labelArc xlink:type="arc" xlink:arcrole="http://www.xbrl.org/2003/arcrole/concept-label" xlink:from="NameAndSurnameOfMemberOfSupervisoryBoard" xlink:to="label_NameAndSurnameOfMemberOfSupervisoryBoard" xlink:title="label: NameAndSurnameOfMemberOfSupervisoryBoard to label_NameAndSurnameOfMemberOfSupervisoryBoard"/>
    <link:loc xlink:type="locator" xlink:href="cmn.xsd#cmn_TitleOfMemberOfExecutiveBoard" xlink:label="TitleOfMemberOfExecutiveBoard" xlink:title="TitleOfMemberOfExecutiveBoard"/>
    <link:label xlink:type="resource" xlink:label="label_TitleOfMemberOfExecutiveBoard" xlink:role="http://www.xbrl.org/2003/role/label" xlink:title="label_TitleOfMemberOfExecutiveBoard" xml:lang="ar" id="label_TitleOfMemberOfExecutiveBoard">لقب العضو في المجلس النتفيذي</link:label>
    <link:labelArc xlink:type="arc" xlink:arcrole="http://www.xbrl.org/2003/arcrole/concept-label" xlink:from="TitleOfMemberOfExecutiveBoard" xlink:to="label_TitleOfMemberOfExecutiveBoard" xlink:title="label: TitleOfMemberOfExecutiveBoard to label_TitleOfMemberOfExecutiveBoard"/>
    <link:loc xlink:type="locator" xlink:href="cmn.xsd#cmn_TitleOfMemberOfSupervisoryBoard" xlink:label="TitleOfMemberOfSupervisoryBoard" xlink:title="TitleOfMemberOfSupervisoryBoard"/>
    <link:label xlink:type="resource" xlink:label="label_TitleOfMemberOfSupervisoryBoard" xlink:role="http://www.xbrl.org/2003/role/label" xlink:title="label_TitleOfMemberOfSupervisoryBoard" xml:lang="ar" id="label_TitleOfMemberOfSupervisoryBoard">لقب العضو في مجلس الإشراف</link:label>
    <link:labelArc xlink:type="arc" xlink:arcrole="http://www.xbrl.org/2003/arcrole/concept-label" xlink:from="TitleOfMemberOfSupervisoryBoard" xlink:to="label_TitleOfMemberOfSupervisoryBoard" xlink:title="label: TitleOfMemberOfSupervisoryBoard to label_TitleOfMemberOfSupervisoryBoard"/>
    <link:loc xlink:type="locator" xlink:href="cmn.xsd#cmn_IdentificationOfMemberOfExecutiveBoardDimension" xlink:label="IdentificationOfMemberOfExecutiveBoardDimension" xlink:title="IdentificationOfMemberOfExecutiveBoardDimension"/>
    <link:label xlink:type="resource" xlink:label="label_IdentificationOfMemberOfExecutiveBoardDimension" xlink:role="http://www.xbrl.org/2003/role/label" xlink:title="label_IdentificationOfMemberOfExecutiveBoardDimension" xml:lang="ar" id="label_IdentificationOfMemberOfExecutiveBoardDimension">هوية العضو في المجلس التنفيذي</link:label>
    <link:labelArc xlink:type="arc" xlink:arcrole="http://www.xbrl.org/2003/arcrole/concept-label" xlink:from="IdentificationOfMemberOfExecutiveBoardDimension" xlink:to="label_IdentificationOfMemberOfExecutiveBoardDimension" xlink:title="label: IdentificationOfMemberOfExecutiveBoardDimension to label_IdentificationOfMemberOfExecutiveBoardDimension"/>
    <link:loc xlink:type="locator" xlink:href="cmn.xsd#cmn_IdentificationOfMemberOfSupervisoryBoardDimension" xlink:label="IdentificationOfMemberOfSupervisoryBoardDimension" xlink:title="IdentificationOfMemberOfSupervisoryBoardDimension"/>
    <link:label xlink:type="resource" xlink:label="label_IdentificationOfMemberOfSupervisoryBoardDimension" xlink:role="http://www.xbrl.org/2003/role/label" xlink:title="label_IdentificationOfMemberOfSupervisoryBoardDimension" xml:lang="ar" id="label_IdentificationOfMemberOfSupervisoryBoardDimension">هوية العضو في مجلس الإشراف</link:label>
    <link:labelArc xlink:type="arc" xlink:arcrole="http://www.xbrl.org/2003/arcrole/concept-label" xlink:from="IdentificationOfMemberOfSupervisoryBoardDimension" xlink:to="label_IdentificationOfMemberOfSupervisoryBoardDimension" xlink:title="label: IdentificationOfMemberOfSupervisoryBoardDimension to label_IdentificationOfMemberOfSupervisoryBoardDimension"/>
    <link:loc xlink:type="locator" xlink:href="cmn.xsd#cmn_IdentificationNumberCprOfMemberOfExecutiveBoard" xlink:label="IdentificationNumberCprOfMemberOfExecutiveBoard" xlink:title="IdentificationNumberCprOfMemberOfExecutiveBoard"/>
    <link:label xlink:type="resource" xlink:label="label_IdentificationNumberCprOfMemberOfExecutiveBoard" xlink:role="http://www.xbrl.org/2003/role/label" xlink:title="label_IdentificationNumberCprOfMemberOfExecutiveBoard" xml:lang="ar" id="label_IdentificationNumberCprOfMemberOfExecutiveBoard">رقم التعريف الشخصي (CPR) لأعضاء المجلس التنفيذي</link:label>
    <link:labelArc xlink:type="arc" xlink:arcrole="http://www.xbrl.org/2003/arcrole/concept-label" xlink:from="IdentificationNumberCprOfMemberOfExecutiveBoard" xlink:to="label_IdentificationNumberCprOfMemberOfExecutiveBoard" xlink:title="label: IdentificationNumberCprOfMemberOfExecutiveBoard to label_IdentificationNumberCprOfMemberOfExecutiveBoard"/>
    <link:loc xlink:type="locator" xlink:href="cmn.xsd#cmn_IdentificationNumberCprOfMemberOfSupervisoryBoard" xlink:label="IdentificationNumberCprOfMemberOfSupervisoryBoard" xlink:title="IdentificationNumberCprOfMemberOfSupervisoryBoard"/>
    <link:label xlink:type="resource" xlink:label="label_IdentificationNumberCprOfMemberOfSupervisoryBoard" xlink:role="http://www.xbrl.org/2003/role/label" xlink:title="label_IdentificationNumberCprOfMemberOfSupervisoryBoard" xml:lang="ar" id="label_IdentificationNumberCprOfMemberOfSupervisoryBoard">رقم التعريف الشخصي (CPR) لأعضاء  مجلس الإشراف</link:label>
    <link:labelArc xlink:type="arc" xlink:arcrole="http://www.xbrl.org/2003/arcrole/concept-label" xlink:from="IdentificationNumberCprOfMemberOfSupervisoryBoard" xlink:to="label_IdentificationNumberCprOfMemberOfSupervisoryBoard" xlink:title="label: IdentificationNumberCprOfMemberOfSupervisoryBoard to label_IdentificationNumberCprOfMemberOfSupervisoryBoard"/>
    <link:loc xlink:type="locator" xlink:href="cmn.xsd#cmn_IdentificationOfAuditorDimension" xlink:label="IdentificationOfAuditorDimension" xlink:title="IdentificationOfAuditorDimension"/>
    <link:label xlink:type="resource" xlink:label="label_IdentificationOfAuditorDimension" xlink:role="http://www.xbrl.org/2003/role/label" xlink:title="label_IdentificationOfAuditorDimension" xml:lang="ar" id="label_IdentificationOfAuditorDimension">هوية مدقق الحسابات</link:label>
    <link:labelArc xlink:type="arc" xlink:arcrole="http://www.xbrl.org/2003/arcrole/concept-label" xlink:from="IdentificationOfAuditorDimension" xlink:to="label_IdentificationOfAuditorDimension" xlink:title="label: IdentificationOfAuditorDimension to label_IdentificationOfAuditorDimension"/>
    <link:loc xlink:type="locator" xlink:href="cmn.xsd#cmn_IdentificationNumberCprOfAuditor" xlink:label="IdentificationNumberCprOfAuditor" xlink:title="IdentificationNumberCprOfAuditor"/>
    <link:label xlink:type="resource" xlink:label="label_IdentificationNumberCprOfAuditor" xlink:role="http://www.xbrl.org/2003/role/label" xlink:title="label_IdentificationNumberCprOfAuditor" xml:lang="ar" id="label_IdentificationNumberCprOfAuditor">رقم التعريف الشخصي (CPR) لمذقق الحسابات</link:label>
    <link:labelArc xlink:type="arc" xlink:arcrole="http://www.xbrl.org/2003/arcrole/concept-label" xlink:from="IdentificationNumberCprOfAuditor" xlink:to="label_IdentificationNumberCprOfAuditor" xlink:title="label: IdentificationNumberCprOfAuditor to label_IdentificationNumberCprOfAuditor"/>
    <link:loc xlink:type="locator" xlink:href="cmn.xsd#cmn_NameAndSurnameOfAuditor" xlink:label="NameAndSurnameOfAuditor" xlink:title="NameAndSurnameOfAuditor"/>
    <link:label xlink:type="resource" xlink:label="label_NameAndSurnameOfAuditor" xlink:role="http://www.xbrl.org/2003/role/label" xlink:title="label_NameAndSurnameOfAuditor" xml:lang="ar" id="label_NameAndSurnameOfAuditor">اسم وكنية مدقق الحسابات</link:label>
    <link:labelArc xlink:type="arc" xlink:arcrole="http://www.xbrl.org/2003/arcrole/concept-label" xlink:from="NameAndSurnameOfAuditor" xlink:to="label_NameAndSurnameOfAuditor" xlink:title="label: NameAndSurnameOfAuditor to label_NameAndSurnameOfAuditor"/>
    <link:loc xlink:type="locator" xlink:href="cmn.xsd#cmn_IdentificationNumberCvrOfAuditFirm" xlink:label="IdentificationNumberCvrOfAuditFirm" xlink:title="IdentificationNumberCvrOfAuditFirm"/>
    <link:label xlink:type="resource" xlink:label="label_IdentificationNumberCvrOfAuditFirm" xlink:role="http://www.xbrl.org/2003/role/label" xlink:title="label_IdentificationNumberCvrOfAuditFirm" xml:lang="ar" id="label_IdentificationNumberCvrOfAuditFirm">رقم السجل التجاري (CVR) لشركة تدقيق الحسابات</link:label>
    <link:labelArc xlink:type="arc" xlink:arcrole="http://www.xbrl.org/2003/arcrole/concept-label" xlink:from="IdentificationNumberCvrOfAuditFirm" xlink:to="label_IdentificationNumberCvrOfAuditFirm" xlink:title="label: IdentificationNumberCvrOfAuditFirm to label_IdentificationNumberCvrOfAuditFirm"/>
    <link:loc xlink:type="locator" xlink:href="cmn.xsd#cmn_IdentificationNumberPnrOfAuditFirm" xlink:label="IdentificationNumberPnrOfAuditFirm" xlink:title="IdentificationNumberPnrOfAuditFirm"/>
    <link:label xlink:type="resource" xlink:label="label_IdentificationNumberPnrOfAuditFirm" xlink:role="http://www.xbrl.org/2003/role/label" xlink:title="label_IdentificationNumberPnrOfAuditFirm" xml:lang="ar" id="label_IdentificationNumberPnrOfAuditFirm">رقم سجل التعريف (PNR) بشركة تدقيق الحسابات</link:label>
    <link:labelArc xlink:type="arc" xlink:arcrole="http://www.xbrl.org/2003/arcrole/concept-label" xlink:from="IdentificationNumberPnrOfAuditFirm" xlink:to="label_IdentificationNumberPnrOfAuditFirm" xlink:title="label: IdentificationNumberPnrOfAuditFirm to label_IdentificationNumberPnrOfAuditFirm"/>
    <link:loc xlink:type="locator" xlink:href="cmn.xsd#cmn_NameOfAuditFirm" xlink:label="NameOfAuditFirm" xlink:title="NameOfAuditFirm"/>
    <link:label xlink:type="resource" xlink:label="label_NameOfAuditFirm" xlink:role="http://www.xbrl.org/2003/role/label" xlink:title="label_NameOfAuditFirm" xml:lang="ar" id="label_NameOfAuditFirm">اسم شركة تدقيق الحسابات</link:label>
    <link:labelArc xlink:type="arc" xlink:arcrole="http://www.xbrl.org/2003/arcrole/concept-label" xlink:from="NameOfAuditFirm" xlink:to="label_NameOfAuditFirm" xlink:title="label: NameOfAuditFirm to label_NameOfAuditFirm"/>
    <link:loc xlink:type="locator" xlink:href="cmn.xsd#cmn_DescriptionOfAuditor" xlink:label="DescriptionOfAuditor" xlink:title="DescriptionOfAuditor"/>
    <link:label xlink:type="resource" xlink:label="label_DescriptionOfAuditor" xlink:role="http://www.xbrl.org/2003/role/label" xlink:title="label_DescriptionOfAuditor" xml:lang="ar" id="label_DescriptionOfAuditor">وصف مدقق الحسابات</link:label>
    <link:labelArc xlink:type="arc" xlink:arcrole="http://www.xbrl.org/2003/arcrole/concept-label" xlink:from="DescriptionOfAuditor" xlink:to="label_DescriptionOfAuditor" xlink:title="label: DescriptionOfAuditor to label_DescriptionOfAuditor"/>
    <link:loc xlink:type="locator" xlink:href="cmn.xsd#cmn_DescriptionOfMemberOfExecutiveBoard" xlink:label="DescriptionOfMemberOfExecutiveBoard" xlink:title="DescriptionOfMemberOfExecutiveBoard"/>
    <link:label xlink:type="resource" xlink:label="label_DescriptionOfMemberOfExecutiveBoard" xlink:role="http://www.xbrl.org/2003/role/label" xlink:title="label_DescriptionOfMemberOfExecutiveBoard" xml:lang="ar" id="label_DescriptionOfMemberOfExecutiveBoard">وصف عضو في المجلس التنفيذي</link:label>
    <link:labelArc xlink:type="arc" xlink:arcrole="http://www.xbrl.org/2003/arcrole/concept-label" xlink:from="DescriptionOfMemberOfExecutiveBoard" xlink:to="label_DescriptionOfMemberOfExecutiveBoard" xlink:title="label: DescriptionOfMemberOfExecutiveBoard to label_DescriptionOfMemberOfExecutiveBoard"/>
    <link:loc xlink:type="locator" xlink:href="cmn.xsd#cmn_DescriptionOfMemberOfSupervisoryBoard" xlink:label="DescriptionOfMemberOfSupervisoryBoard" xlink:title="DescriptionOfMemberOfSupervisoryBoard"/>
    <link:label xlink:type="resource" xlink:label="label_DescriptionOfMemberOfSupervisoryBoard" xlink:role="http://www.xbrl.org/2003/role/label" xlink:title="label_DescriptionOfMemberOfSupervisoryBoard" xml:lang="ar" id="label_DescriptionOfMemberOfSupervisoryBoard">وصف عضو في مجلس الإشراف</link:label>
    <link:labelArc xlink:type="arc" xlink:arcrole="http://www.xbrl.org/2003/arcrole/concept-label" xlink:from="DescriptionOfMemberOfSupervisoryBoard" xlink:to="label_DescriptionOfMemberOfSupervisoryBoard" xlink:title="label: DescriptionOfMemberOfSupervisoryBoard to label_DescriptionOfMemberOfSupervisoryBoard"/>
    <link:loc xlink:type="locator" xlink:href="cmn.xsd#cmn_IdentificationOfLiquidatorDimension" xlink:label="IdentificationOfLiquidatorDimension" xlink:title="IdentificationOfLiquidatorDimension"/>
    <link:label xlink:type="resource" xlink:label="label_IdentificationOfLiquidatorDimension" xlink:role="http://www.xbrl.org/2003/role/label" xlink:title="label_IdentificationOfLiquidatorDimension" xml:lang="ar" id="label_IdentificationOfLiquidatorDimension">هوية مأمور التصفية</link:label>
    <link:labelArc xlink:type="arc" xlink:arcrole="http://www.xbrl.org/2003/arcrole/concept-label" xlink:from="IdentificationOfLiquidatorDimension" xlink:to="label_IdentificationOfLiquidatorDimension" xlink:title="label: IdentificationOfLiquidatorDimension to label_IdentificationOfLiquidatorDimension"/>
    <link:loc xlink:type="locator" xlink:href="cmn.xsd#cmn_IdentificationNumberCprOfLiquidator" xlink:label="IdentificationNumberCprOfLiquidator" xlink:title="IdentificationNumberCprOfLiquidator"/>
    <link:label xlink:type="resource" xlink:label="label_IdentificationNumberCprOfLiquidator" xlink:role="http://www.xbrl.org/2003/role/label" xlink:title="label_IdentificationNumberCprOfLiquidator" xml:lang="ar" id="label_IdentificationNumberCprOfLiquidator">رقم التعريف الشخصي (CPR) لمأمور التصفية</link:label>
    <link:labelArc xlink:type="arc" xlink:arcrole="http://www.xbrl.org/2003/arcrole/concept-label" xlink:from="IdentificationNumberCprOfLiquidator" xlink:to="label_IdentificationNumberCprOfLiquidator" xlink:title="label: IdentificationNumberCprOfLiquidator to label_IdentificationNumberCprOfLiquidator"/>
    <link:loc xlink:type="locator" xlink:href="cmn.xsd#cmn_NameAndSurnameOfLiquidator" xlink:label="NameAndSurnameOfLiquidator" xlink:title="NameAndSurnameOfLiquidator"/>
    <link:label xlink:type="resource" xlink:label="label_NameAndSurnameOfLiquidator" xlink:role="http://www.xbrl.org/2003/role/label" xlink:title="label_NameAndSurnameOfLiquidator" xml:lang="ar" id="label_NameAndSurnameOfLiquidator">الاسم الشخصي والاسم العائلي لمأمور التصفية</link:label>
    <link:labelArc xlink:type="arc" xlink:arcrole="http://www.xbrl.org/2003/arcrole/concept-label" xlink:from="NameAndSurnameOfLiquidator" xlink:to="label_NameAndSurnameOfLiquidator" xlink:title="label: NameAndSurnameOfLiquidator to label_NameAndSurnameOfLiquidator"/>
    <link:loc xlink:type="locator" xlink:href="cmn.xsd#cmn_DescriptionOfLikvidator" xlink:label="DescriptionOfLikvidator" xlink:title="DescriptionOfLikvidator"/>
    <link:label xlink:type="resource" xlink:label="label_DescriptionOfLikvidator" xlink:role="http://www.xbrl.org/2003/role/label" xlink:title="label_DescriptionOfLikvidator" xml:lang="ar" id="label_DescriptionOfLikvidator">مواصفات  مأمور التصفية</link:label>
    <link:labelArc xlink:type="arc" xlink:arcrole="http://www.xbrl.org/2003/arcrole/concept-label" xlink:from="DescriptionOfLikvidator" xlink:to="label_DescriptionOfLikvidator" xlink:title="label: DescriptionOfLikvidator to label_DescriptionOfLikvidator"/>
    <link:loc xlink:type="locator" xlink:href="cmn.xsd#cmn_TitleOfLiquidator" xlink:label="TitleOfLiquidator" xlink:title="TitleOfLiquidator"/>
    <link:label xlink:type="resource" xlink:label="label_TitleOfLiquidator" xlink:role="http://www.xbrl.org/2003/role/label" xlink:title="label_TitleOfLiquidator" xml:lang="ar" id="label_TitleOfLiquidator">لقب مأمور التصفية</link:label>
    <link:labelArc xlink:type="arc" xlink:arcrole="http://www.xbrl.org/2003/arcrole/concept-label" xlink:from="TitleOfLiquidator" xlink:to="label_TitleOfLiquidator" xlink:title="label: TitleOfLiquidator to label_TitleOfLiquidator"/>
    <link:loc xlink:type="locator" xlink:href="cmn.xsd#cmn_IdentificationOfPerformerOfInternalAuditDimension" xlink:label="IdentificationOfPerformerOfInternalAuditDimension" xlink:title="IdentificationOfPerformerOfInternalAuditDimension"/>
    <link:label xlink:type="resource" xlink:label="label_IdentificationOfPerformerOfInternalAuditDimension" xlink:role="http://www.xbrl.org/2003/role/label" xlink:title="label_IdentificationOfPerformerOfInternalAuditDimension" xml:lang="ar" id="label_IdentificationOfPerformerOfInternalAuditDimension">هوية مدقق الحسابات الداخلية</link:label>
    <link:labelArc xlink:type="arc" xlink:arcrole="http://www.xbrl.org/2003/arcrole/concept-label" xlink:from="IdentificationOfPerformerOfInternalAuditDimension" xlink:to="label_IdentificationOfPerformerOfInternalAuditDimension" xlink:title="label: IdentificationOfPerformerOfInternalAuditDimension to label_IdentificationOfPerformerOfInternalAuditDimension"/>
    <link:loc xlink:type="locator" xlink:href="cmn.xsd#cmn_IdentificationNumberCprOfPerformerOfInternalAudit" xlink:label="IdentificationNumberCprOfPerformerOfInternalAudit" xlink:title="IdentificationNumberCprOfPerformerOfInternalAudit"/>
    <link:label xlink:type="resource" xlink:label="label_IdentificationNumberCprOfPerformerOfInternalAudit" xlink:role="http://www.xbrl.org/2003/role/label" xlink:title="label_IdentificationNumberCprOfPerformerOfInternalAudit" xml:lang="ar" id="label_IdentificationNumberCprOfPerformerOfInternalAudit">رقم التعريف الشخصي (CPR) لمدقق الحسابات الداخلية</link:label>
    <link:labelArc xlink:type="arc" xlink:arcrole="http://www.xbrl.org/2003/arcrole/concept-label" xlink:from="IdentificationNumberCprOfPerformerOfInternalAudit" xlink:to="label_IdentificationNumberCprOfPerformerOfInternalAudit" xlink:title="label: IdentificationNumberCprOfPerformerOfInternalAudit to label_IdentificationNumberCprOfPerformerOfInternalAudit"/>
    <link:loc xlink:type="locator" xlink:href="cmn.xsd#cmn_NameAndSurnameOfPerformerOfInternalAudit" xlink:label="NameAndSurnameOfPerformerOfInternalAudit" xlink:title="NameAndSurnameOfPerformerOfInternalAudit"/>
    <link:label xlink:type="resource" xlink:label="label_NameAndSurnameOfPerformerOfInternalAudit" xlink:role="http://www.xbrl.org/2003/role/label" xlink:title="label_NameAndSurnameOfPerformerOfInternalAudit" xml:lang="ar" id="label_NameAndSurnameOfPerformerOfInternalAudit">الاسم الشخصي والاسم العائلي لمدقق الحسابات الداخلية</link:label>
    <link:labelArc xlink:type="arc" xlink:arcrole="http://www.xbrl.org/2003/arcrole/concept-label" xlink:from="NameAndSurnameOfPerformerOfInternalAudit" xlink:to="label_NameAndSurnameOfPerformerOfInternalAudit" xlink:title="label: NameAndSurnameOfPerformerOfInternalAudit to label_NameAndSurnameOfPerformerOfInternalAudit"/>
    <link:loc xlink:type="locator" xlink:href="cmn.xsd#cmn_DescriptionOfPerformerOfInternalAudit" xlink:label="DescriptionOfPerformerOfInternalAudit" xlink:title="DescriptionOfPerformerOfInternalAudit"/>
    <link:label xlink:type="resource" xlink:label="label_DescriptionOfPerformerOfInternalAudit" xlink:role="http://www.xbrl.org/2003/role/label" xlink:title="label_DescriptionOfPerformerOfInternalAudit" xml:lang="ar" id="label_DescriptionOfPerformerOfInternalAudit">مواصفات مدقق الحسابات الداخلية</link:label>
    <link:labelArc xlink:type="arc" xlink:arcrole="http://www.xbrl.org/2003/arcrole/concept-label" xlink:from="DescriptionOfPerformerOfInternalAudit" xlink:to="label_DescriptionOfPerformerOfInternalAudit" xlink:title="label: DescriptionOfPerformerOfInternalAudit to label_DescriptionOfPerformerOfInternalAudit"/>
    <link:loc xlink:type="locator" xlink:href="cmn.xsd#cmn_TitleOfPerformerOfInternalAudit" xlink:label="TitleOfPerformerOfInternalAudit" xlink:title="TitleOfPerformerOfInternalAudit"/>
    <link:label xlink:type="resource" xlink:label="label_TitleOfPerformerOfInternalAudit" xlink:role="http://www.xbrl.org/2003/role/label" xlink:title="label_TitleOfPerformerOfInternalAudit" xml:lang="ar" id="label_TitleOfPerformerOfInternalAudit">لقب مدقق الحسابات الداخلية</link:label>
    <link:labelArc xlink:type="arc" xlink:arcrole="http://www.xbrl.org/2003/arcrole/concept-label" xlink:from="TitleOfPerformerOfInternalAudit" xlink:to="label_TitleOfPerformerOfInternalAudit" xlink:title="label: TitleOfPerformerOfInternalAudit to label_TitleOfPerformerOfInternalAudit"/>
    <link:loc xlink:type="locator" xlink:href="cmn.xsd#cmn_IdentificationOfPerformerOfOtherStatementsDimension" xlink:label="IdentificationOfPerformerOfOtherStatementsDimension" xlink:title="IdentificationOfPerformerOfOtherStatementsDimension"/>
    <link:label xlink:type="resource" xlink:label="label_IdentificationOfPerformerOfOtherStatementsDimension" xlink:role="http://www.xbrl.org/2003/role/label" xlink:title="label_IdentificationOfPerformerOfOtherStatementsDimension" xml:lang="ar" id="label_IdentificationOfPerformerOfOtherStatementsDimension">هوية منجز البيانات الآخرى</link:label>
    <link:labelArc xlink:type="arc" xlink:arcrole="http://www.xbrl.org/2003/arcrole/concept-label" xlink:from="IdentificationOfPerformerOfOtherStatementsDimension" xlink:to="label_IdentificationOfPerformerOfOtherStatementsDimension" xlink:title="label: IdentificationOfPerformerOfOtherStatementsDimension to label_IdentificationOfPerformerOfOtherStatementsDimension"/>
    <link:loc xlink:type="locator" xlink:href="cmn.xsd#cmn_IdentificationNumberCprOfPerformerOfOtherStatement" xlink:label="IdentificationNumberCprOfPerformerOfOtherStatement" xlink:title="IdentificationNumberCprOfPerformerOfOtherStatement"/>
    <link:label xlink:type="resource" xlink:label="label_IdentificationNumberCprOfPerformerOfOtherStatement" xlink:role="http://www.xbrl.org/2003/role/label" xlink:title="label_IdentificationNumberCprOfPerformerOfOtherStatement" xml:lang="ar" id="label_IdentificationNumberCprOfPerformerOfOtherStatement">رقم التعريف الشخصي (CPR) لمنجز البيانات الأخرى</link:label>
    <link:labelArc xlink:type="arc" xlink:arcrole="http://www.xbrl.org/2003/arcrole/concept-label" xlink:from="IdentificationNumberCprOfPerformerOfOtherStatement" xlink:to="label_IdentificationNumberCprOfPerformerOfOtherStatement" xlink:title="label: IdentificationNumberCprOfPerformerOfOtherStatement to label_IdentificationNumberCprOfPerformerOfOtherStatement"/>
    <link:loc xlink:type="locator" xlink:href="cmn.xsd#cmn_NameAndSurnameOfPerformerOfOtherStatement" xlink:label="NameAndSurnameOfPerformerOfOtherStatement" xlink:title="NameAndSurnameOfPerformerOfOtherStatement"/>
    <link:label xlink:type="resource" xlink:label="label_NameAndSurnameOfPerformerOfOtherStatement" xlink:role="http://www.xbrl.org/2003/role/label" xlink:title="label_NameAndSurnameOfPerformerOfOtherStatement" xml:lang="ar" id="label_NameAndSurnameOfPerformerOfOtherStatement">الاسم الشخصي والاسم العائلي لمنجز البيانات الأخرى</link:label>
    <link:labelArc xlink:type="arc" xlink:arcrole="http://www.xbrl.org/2003/arcrole/concept-label" xlink:from="NameAndSurnameOfPerformerOfOtherStatement" xlink:to="label_NameAndSurnameOfPerformerOfOtherStatement" xlink:title="label: NameAndSurnameOfPerformerOfOtherStatement to label_NameAndSurnameOfPerformerOfOtherStatement"/>
    <link:loc xlink:type="locator" xlink:href="cmn.xsd#cmn_IdentificationNumberCvrOfPerformerOfOtherStatement" xlink:label="IdentificationNumberCvrOfPerformerOfOtherStatement" xlink:title="IdentificationNumberCvrOfPerformerOfOtherStatement"/>
    <link:label xlink:type="resource" xlink:label="label_IdentificationNumberCvrOfPerformerOfOtherStatement" xlink:role="http://www.xbrl.org/2003/role/label" xlink:title="label_IdentificationNumberCvrOfPerformerOfOtherStatement" xml:lang="ar" id="label_IdentificationNumberCvrOfPerformerOfOtherStatement">رقم السجل التجاري (CVR) لمنجز البيانات الأخرى</link:label>
    <link:labelArc xlink:type="arc" xlink:arcrole="http://www.xbrl.org/2003/arcrole/concept-label" xlink:from="IdentificationNumberCvrOfPerformerOfOtherStatement" xlink:to="label_IdentificationNumberCvrOfPerformerOfOtherStatement" xlink:title="label: IdentificationNumberCvrOfPerformerOfOtherStatement to label_IdentificationNumberCvrOfPerformerOfOtherStatement"/>
    <link:loc xlink:type="locator" xlink:href="cmn.xsd#cmn_NameOfFirmperformingOtherStatement" xlink:label="NameOfFirmperformingOtherStatement" xlink:title="NameOfFirmperformingOtherStatement"/>
    <link:label xlink:type="resource" xlink:label="label_NameOfFirmperformingOtherStatement" xlink:role="http://www.xbrl.org/2003/role/label" xlink:title="label_NameOfFirmperformingOtherStatement" xml:lang="ar" id="label_NameOfFirmperformingOtherStatement">اسم الشركة المنجزة لبيانات أخرى</link:label>
    <link:labelArc xlink:type="arc" xlink:arcrole="http://www.xbrl.org/2003/arcrole/concept-label" xlink:from="NameOfFirmperformingOtherStatement" xlink:to="label_NameOfFirmperformingOtherStatement" xlink:title="label: NameOfFirmperformingOtherStatement to label_NameOfFirmperformingOtherStatement"/>
    <link:loc xlink:type="locator" xlink:href="cmn.xsd#cmn_DescriptionOfPerformerOfOtherStatement" xlink:label="DescriptionOfPerformerOfOtherStatement" xlink:title="DescriptionOfPerformerOfOtherStatement"/>
    <link:label xlink:type="resource" xlink:label="label_DescriptionOfPerformerOfOtherStatement" xlink:role="http://www.xbrl.org/2003/role/label" xlink:title="label_DescriptionOfPerformerOfOtherStatement" xml:lang="ar" id="label_DescriptionOfPerformerOfOtherStatement">مواصفات منجز البيانات الأخرى</link:label>
    <link:labelArc xlink:type="arc" xlink:arcrole="http://www.xbrl.org/2003/arcrole/concept-label" xlink:from="DescriptionOfPerformerOfOtherStatement" xlink:to="label_DescriptionOfPerformerOfOtherStatement" xlink:title="label: DescriptionOfPerformerOfOtherStatement to label_DescriptionOfPerformerOfOtherStatement"/>
    <link:loc xlink:type="locator" xlink:href="cmn.xsd#cmn_TitleOfPerformerOfOtherStatements" xlink:label="TitleOfPerformerOfOtherStatements" xlink:title="TitleOfPerformerOfOtherStatements"/>
    <link:label xlink:type="resource" xlink:label="label_TitleOfPerformerOfOtherStatements" xlink:role="http://www.xbrl.org/2003/role/label" xlink:title="label_TitleOfPerformerOfOtherStatements" xml:lang="ar" id="label_TitleOfPerformerOfOtherStatements">لقب منجز البيانات الإخرى</link:label>
    <link:labelArc xlink:type="arc" xlink:arcrole="http://www.xbrl.org/2003/arcrole/concept-label" xlink:from="TitleOfPerformerOfOtherStatements" xlink:to="label_TitleOfPerformerOfOtherStatements" xlink:title="label: TitleOfPerformerOfOtherStatements to label_TitleOfPerformerOfOtherStatements"/>
    <link:loc xlink:type="locator" xlink:href="cmn.xsd#cmn_TypeOfAuditorDimension" xlink:label="TypeOfAuditorDimension" xlink:title="TypeOfAuditorDimension"/>
    <link:label xlink:type="resource" xlink:label="label_TypeOfAuditorDimension" xlink:role="http://www.xbrl.org/2003/role/label" xlink:title="label_TypeOfAuditorDimension" xml:lang="ar" id="label_TypeOfAuditorDimension">نوع مدقق الحسابات</link:label>
    <link:labelArc xlink:type="arc" xlink:arcrole="http://www.xbrl.org/2003/arcrole/concept-label" xlink:from="TypeOfAuditorDimension" xlink:to="label_TypeOfAuditorDimension" xlink:title="label: TypeOfAuditorDimension to label_TypeOfAuditorDimension"/>
    <link:loc xlink:type="locator" xlink:href="cmn.xsd#cmn_AllAuditorsMember" xlink:label="AllAuditorsMember" xlink:title="AllAuditorsMember"/>
    <link:label xlink:type="resource" xlink:label="label_AllAuditorsMember" xlink:role="http://www.xbrl.org/2003/role/label" xlink:title="label_AllAuditorsMember" xml:lang="ar" id="label_AllAuditorsMember">جميع مدققي الحسابات</link:label>
    <link:labelArc xlink:type="arc" xlink:arcrole="http://www.xbrl.org/2003/arcrole/concept-label" xlink:from="AllAuditorsMember" xlink:to="label_AllAuditorsMember" xlink:title="label: AllAuditorsMember to label_AllAuditorsMember"/>
    <link:loc xlink:type="locator" xlink:href="cmn.xsd#cmn_AuditorNotIncludedInAuditorsReportsMember" xlink:label="AuditorNotIncludedInAuditorsReportsMember" xlink:title="AuditorNotIncludedInAuditorsReportsMember"/>
    <link:label xlink:type="resource" xlink:label="label_AuditorNotIncludedInAuditorsReportsMember" xlink:role="http://www.xbrl.org/2003/role/label" xlink:title="label_AuditorNotIncludedInAuditorsReportsMember" xml:lang="ar" id="label_AuditorNotIncludedInAuditorsReportsMember">مدقق حسابات غير مندرج في تقارير مدقق الحسابات (101)</link:label>
    <link:labelArc xlink:type="arc" xlink:arcrole="http://www.xbrl.org/2003/arcrole/concept-label" xlink:from="AuditorNotIncludedInAuditorsReportsMember" xlink:to="label_AuditorNotIncludedInAuditorsReportsMember" xlink:title="label: AuditorNotIncludedInAuditorsReportsMember to label_AuditorNotIncludedInAuditorsReportsMember"/>
    <link:loc xlink:type="locator" xlink:href="cmn.xsd#cmn_TypeOfAuditorAssistance" xlink:label="TypeOfAuditorAssistance" xlink:title="TypeOfAuditorAssistance"/>
    <link:label xlink:type="resource" xlink:label="label_TypeOfAuditorAssistance" xlink:role="http://www.xbrl.org/2003/role/label" xlink:title="label_TypeOfAuditorAssistance" xml:lang="ar" id="label_TypeOfAuditorAssistance">نوع مدقق الحسابات المساعد</link:label>
    <link:labelArc xlink:type="arc" xlink:arcrole="http://www.xbrl.org/2003/arcrole/concept-label" xlink:from="TypeOfAuditorAssistance" xlink:to="label_TypeOfAuditorAssistance" xlink:title="label: TypeOfAuditorAssistance to label_TypeOfAuditorAssistance"/>
    <link:loc xlink:type="locator" xlink:href="cmn.xsd#cmn_TypeOfParticipantDimension" xlink:label="TypeOfParticipantDimension" xlink:title="TypeOfParticipantDimension"/>
    <link:label xlink:type="resource" xlink:label="label_TypeOfParticipantDimension" xlink:role="http://www.xbrl.org/2003/role/label" xlink:title="label_TypeOfParticipantDimension" xml:lang="ar" id="label_TypeOfParticipantDimension">نوع المشارك</link:label>
    <link:labelArc xlink:type="arc" xlink:arcrole="http://www.xbrl.org/2003/arcrole/concept-label" xlink:from="TypeOfParticipantDimension" xlink:to="label_TypeOfParticipantDimension" xlink:title="label: TypeOfParticipantDimension to label_TypeOfParticipantDimension"/>
    <link:loc xlink:type="locator" xlink:href="cmn.xsd#cmn_AllParticipantsMember" xlink:label="AllParticipantsMember" xlink:title="AllParticipantsMember"/>
    <link:label xlink:type="resource" xlink:label="label_AllParticipantsMember" xlink:role="http://www.xbrl.org/2003/role/label" xlink:title="label_AllParticipantsMember" xml:lang="ar" id="label_AllParticipantsMember">جميع المشاركين</link:label>
    <link:labelArc xlink:type="arc" xlink:arcrole="http://www.xbrl.org/2003/arcrole/concept-label" xlink:from="AllParticipantsMember" xlink:to="label_AllParticipantsMember" xlink:title="label: AllParticipantsMember to label_AllParticipantsMember"/>
    <link:loc xlink:type="locator" xlink:href="cmn.xsd#cmn_ParticipantsNotPartOfRegisteredManagementMember" xlink:label="ParticipantsNotPartOfRegisteredManagementMember" xlink:title="ParticipantsNotPartOfRegisteredManagementMember"/>
    <link:label xlink:type="resource" xlink:label="label_ParticipantsNotPartOfRegisteredManagementMember" xlink:role="http://www.xbrl.org/2003/role/label" xlink:title="label_ParticipantsNotPartOfRegisteredManagementMember" xml:lang="ar" id="label_ParticipantsNotPartOfRegisteredManagementMember">مشارك غير مندرج في الإدارة المسجلة</link:label>
    <link:labelArc xlink:type="arc" xlink:arcrole="http://www.xbrl.org/2003/arcrole/concept-label" xlink:from="ParticipantsNotPartOfRegisteredManagementMember" xlink:to="label_ParticipantsNotPartOfRegisteredManagementMember" xlink:title="label: ParticipantsNotPartOfRegisteredManagementMember to label_ParticipantsNotPartOfRegisteredManagementMember"/>
    <link:loc xlink:type="locator" xlink:href="cmn.xsd#cmn_IdentificationOfReportingEntitySecondaryNameDimension" xlink:label="IdentificationOfReportingEntitySecondaryNameDimension" xlink:title="IdentificationOfReportingEntitySecondaryNameDimension"/>
    <link:label xlink:type="resource" xlink:label="label_IdentificationOfReportingEntitySecondaryNameDimension" xlink:role="http://www.xbrl.org/2003/role/label" xlink:title="label_IdentificationOfReportingEntitySecondaryNameDimension" xml:lang="ar" id="label_IdentificationOfReportingEntitySecondaryNameDimension">تحديد الاسم الثاني للكيان المحرر للتقرير</link:label>
    <link:labelArc xlink:type="arc" xlink:arcrole="http://www.xbrl.org/2003/arcrole/concept-label" xlink:from="IdentificationOfReportingEntitySecondaryNameDimension" xlink:to="label_IdentificationOfReportingEntitySecondaryNameDimension" xlink:title="label: IdentificationOfReportingEntitySecondaryNameDimension to label_IdentificationOfReportingEntitySecondaryNameDimension"/>
    <link:loc xlink:type="locator" xlink:href="cmn.xsd#cmn_StatementOfGoodManagementConcerningFoundation" xlink:label="StatementOfGoodManagementConcerningFoundation" xlink:title="StatementOfGoodManagementConcerningFoundation"/>
    <link:label xlink:type="resource" xlink:label="label_StatementOfGoodManagementConcerningFoundation_7" xlink:role="http://www.xbrl.org/2003/role/label" xlink:title="label_StatementOfGoodManagementConcerningFoundation" xml:lang="ar" id="label_StatementOfGoodManagementConcerningFoundation_7">تصريح الإدارة الجيدة بخصوص المنشأة</link:label>
    <link:labelArc xlink:type="arc" xlink:arcrole="http://www.xbrl.org/2003/arcrole/concept-label" xlink:from="StatementOfGoodManagementConcerningFoundation" xlink:to="label_StatementOfGoodManagementConcerningFoundation_7" xlink:title="label: StatementOfGoodManagementConcerningFoundation to label_StatementOfGoodManagementConcerningFoundation"/>
    <link:loc xlink:type="locator" xlink:href="cmn.xsd#cmn_LinkToStatementOfGoodManagementConcerningFoundation" xlink:label="LinkToStatementOfGoodManagementConcerningFoundation" xlink:title="LinkToStatementOfGoodManagementConcerningFoundation"/>
    <link:label xlink:type="resource" xlink:label="label_LinkToStatementOfGoodManagementConcerningFoundation_7" xlink:role="http://www.xbrl.org/2003/role/label" xlink:title="label_LinkToStatementOfGoodManagementConcerningFoundation" xml:lang="ar" id="label_LinkToStatementOfGoodManagementConcerningFoundation_7">الرابط إلى تصريح الإدارة الجيدة بخصوص المنشأة </link:label>
    <link:labelArc xlink:type="arc" xlink:arcrole="http://www.xbrl.org/2003/arcrole/concept-label" xlink:from="LinkToStatementOfGoodManagementConcerningFoundation" xlink:to="label_LinkToStatementOfGoodManagementConcerningFoundation_7" xlink:title="label: LinkToStatementOfGoodManagementConcerningFoundation to label_LinkToStatementOfGoodManagementConcerningFoundation"/>
    <link:loc xlink:type="locator" xlink:href="cmn.xsd#cmn_StatementOfTheFoundationsDistributionPolicy" xlink:label="StatementOfTheFoundationsDistributionPolicy" xlink:title="StatementOfTheFoundationsDistributionPolicy"/>
    <link:label xlink:type="resource" xlink:label="label_StatementOfTheFoundationsDistributionPolicy_7" xlink:role="http://www.xbrl.org/2003/role/label" xlink:title="label_StatementOfTheFoundationsDistributionPolicy" xml:lang="ar" id="label_StatementOfTheFoundationsDistributionPolicy_7">التصريح عن سياسة  المنشأة في التوزيع</link:label>
    <link:labelArc xlink:type="arc" xlink:arcrole="http://www.xbrl.org/2003/arcrole/concept-label" xlink:from="StatementOfTheFoundationsDistributionPolicy" xlink:to="label_StatementOfTheFoundationsDistributionPolicy_7" xlink:title="label: StatementOfTheFoundationsDistributionPolicy to label_StatementOfTheFoundationsDistributionPolicy"/>
    <link:loc xlink:type="locator" xlink:href="cmn.xsd#cmn_LinkToStatementOfTheFoundationsDistributionPolicy" xlink:label="LinkToStatementOfTheFoundationsDistributionPolicy" xlink:title="LinkToStatementOfTheFoundationsDistributionPolicy"/>
    <link:label xlink:type="resource" xlink:label="label_LinkToStatementOfTheFoundationsDistributionPolicy_7" xlink:role="http://www.xbrl.org/2003/role/label" xlink:title="label_LinkToStatementOfTheFoundationsDistributionPolicy" xml:lang="ar" id="label_LinkToStatementOfTheFoundationsDistributionPolicy_7">الرابط إلى سياسة المنشأة في التوزيع</link:label>
    <link:labelArc xlink:type="arc" xlink:arcrole="http://www.xbrl.org/2003/arcrole/concept-label" xlink:from="LinkToStatementOfTheFoundationsDistributionPolicy" xlink:to="label_LinkToStatementOfTheFoundationsDistributionPolicy_7" xlink:title="label: LinkToStatementOfTheFoundationsDistributionPolicy to label_LinkToStatementOfTheFoundationsDistributionPolicy"/>
  </link:labelLink>
</link:linkbase>
