<?xml version="1.0" encoding="UTF-8"?>
<!-- Generated by Fujitsu Interstage XWand B0217 -->
<?officialURI http://archprod.service.eogs.dk/taxonomy/20161001/cmn_lab-de.xml?>

<?taxonomy-version 1.7.0?>

<link:linkbase xmlns:xsi="http://www.w3.org/2001/XMLSchema-instance" xsi:schemaLocation="http://www.xbrl.org/2003/linkbase http://www.xbrl.org/2003/xbrl-linkbase-2003-12-31.xsd" xmlns:cmn="http://xbrl.dcca.dk/cmn" xmlns:link="http://www.xbrl.org/2003/linkbase" xmlns:gen="http://xbrl.org/2008/generic" xmlns:tch="http://xbrl.dcca.dk/tch" xmlns:ref="http://www.xbrl.org/2006/ref" xmlns:num="http://www.xbrl.org/dtr/type/numeric" xmlns:nonnum="http://www.xbrl.org/dtr/type/non-numeric" xmlns:xbrldt="http://xbrl.org/2005/xbrldt" xmlns:label="http://xbrl.org/2008/label" xmlns:xl="http://www.xbrl.org/2003/XLink" xmlns:xbrli="http://www.xbrl.org/2003/instance" xmlns:xsd="http://www.w3.org/2001/XMLSchema" xmlns:xlink="http://www.w3.org/1999/xlink">
  <link:labelLink xlink:type="extended" xlink:role="http://www.xbrl.org/2003/role/link">
    <link:loc xlink:type="locator" xlink:href="cmn.xsd#cmn_ConsolidatedSoloDimension" xlink:label="ConsolidatedSoloDimension"/>
    <link:label xlink:type="resource" xlink:label="label_ConsolidatedSoloDimension_2" xlink:role="http://www.xbrl.org/2003/role/label" xml:lang="de" id="label_ConsolidatedSoloDimension">Konsolidiert/Nichtkonsolidiert</link:label>
    <link:labelArc xlink:type="arc" xlink:arcrole="http://www.xbrl.org/2003/arcrole/concept-label" xlink:from="ConsolidatedSoloDimension" xlink:to="label_ConsolidatedSoloDimension_2" order="10.0"/>
    <link:loc xlink:type="locator" xlink:href="cmn.xsd#cmn_SoloMember" xlink:label="SoloMember"/>
    <link:label xlink:type="resource" xlink:label="label_SoloMember" xlink:role="http://www.xbrl.org/2003/role/label" xml:lang="de" id="label_SoloMember">Nichtkonsolidiert</link:label>
    <link:labelArc xlink:type="arc" xlink:arcrole="http://www.xbrl.org/2003/arcrole/concept-label" xlink:from="SoloMember" xlink:to="label_SoloMember" order="10.0"/>
    <link:loc xlink:type="locator" xlink:href="cmn.xsd#cmn_ConsolidatedMember" xlink:label="ConsolidatedMember"/>
    <link:label xlink:type="resource" xlink:label="label_ConsolidatedMember" xlink:role="http://www.xbrl.org/2003/role/label" xml:lang="de" id="label_ConsolidatedMember">Konsolidiert</link:label>
    <link:labelArc xlink:type="arc" xlink:arcrole="http://www.xbrl.org/2003/arcrole/concept-label" xlink:from="ConsolidatedMember" xlink:to="label_ConsolidatedMember" order="10.0"/>
    <link:loc xlink:type="locator" xlink:href="cmn.xsd#cmn_CommonHypercube" xlink:label="CommonHypercube"/>
    <link:label xlink:type="resource" xlink:label="label_CommonHypercube" xlink:role="http://www.xbrl.org/2003/role/label" xml:lang="de" id="label_CommonHypercube">Einheitlich</link:label>
    <link:labelArc xlink:type="arc" xlink:arcrole="http://www.xbrl.org/2003/arcrole/concept-label" xlink:from="CommonHypercube" xlink:to="label_CommonHypercube" order="10.0"/>
    <link:loc xlink:type="locator" xlink:href="cmn.xsd#cmn_OrdinaryWriteoffsInRespectOfDebtors" xlink:label="OrdinaryWriteoffsInRespectOfDebtors"/>
    <link:label xlink:type="resource" xlink:label="label_OrdinaryWriteoffsInRespectOfDebtors" xlink:role="http://www.xbrl.org/2003/role/label" xml:lang="de" id="label_OrdinaryWriteoffsInRespectOfDebtors">Forderungsausfälle (festgestellte Verluste sowie Änderung der Rückstellungen für Forderungsausfälle)</link:label>
    <link:labelArc xlink:type="arc" xlink:arcrole="http://www.xbrl.org/2003/arcrole/concept-label" xlink:from="OrdinaryWriteoffsInRespectOfDebtors" xlink:to="label_OrdinaryWriteoffsInRespectOfDebtors" order="10.0"/>
    <link:loc xlink:type="locator" xlink:href="cmn.xsd#cmn_PreviousYearMember" xlink:label="PreviousYearMember"/>
    <link:label xlink:type="resource" xlink:label="label_PreviousYearMember" xlink:role="http://www.xbrl.org/2003/role/label" xml:lang="de" id="label_PreviousYearMember">Vorherige Berichtsperiode</link:label>
    <link:labelArc xlink:type="arc" xlink:arcrole="http://www.xbrl.org/2003/arcrole/concept-label" xlink:from="PreviousYearMember" xlink:to="label_PreviousYearMember" order="10.0"/>
    <link:loc xlink:type="locator" xlink:href="cmn.xsd#cmn_CurrentYearMember" xlink:label="CurrentYearMember"/>
    <link:label xlink:type="resource" xlink:label="label_CurrentYearMember" xlink:role="http://www.xbrl.org/2003/role/label" xml:lang="de" id="label_CurrentYearMember">Laufende Berichtsperiode</link:label>
    <link:labelArc xlink:type="arc" xlink:arcrole="http://www.xbrl.org/2003/arcrole/concept-label" xlink:from="CurrentYearMember" xlink:to="label_CurrentYearMember" order="10.0"/>
    <link:loc xlink:type="locator" xlink:href="cmn.xsd#cmn_TwoYearsAgoMember" xlink:label="TwoYearsAgoMember"/>
    <link:label xlink:type="resource" xlink:label="label_TwoYearsAgoMember" xlink:role="http://www.xbrl.org/2003/role/label" xml:lang="de" id="label_TwoYearsAgoMember">Vor zwei Berichtsperioden</link:label>
    <link:labelArc xlink:type="arc" xlink:arcrole="http://www.xbrl.org/2003/arcrole/concept-label" xlink:from="TwoYearsAgoMember" xlink:to="label_TwoYearsAgoMember" order="10.0"/>
    <link:loc xlink:type="locator" xlink:href="cmn.xsd#cmn_ThreeYearsAgoMember" xlink:label="ThreeYearsAgoMember"/>
    <link:label xlink:type="resource" xlink:label="label_ThreeYearsAgoMember" xlink:role="http://www.xbrl.org/2003/role/label" xml:lang="de" id="label_ThreeYearsAgoMember">Vor drei Berichtsperioden</link:label>
    <link:labelArc xlink:type="arc" xlink:arcrole="http://www.xbrl.org/2003/arcrole/concept-label" xlink:from="ThreeYearsAgoMember" xlink:to="label_ThreeYearsAgoMember" order="10.0"/>
    <link:loc xlink:type="locator" xlink:href="cmn.xsd#cmn_FourYearsAgoMember" xlink:label="FourYearsAgoMember"/>
    <link:label xlink:type="resource" xlink:label="label_FourYearsAgoMember" xlink:role="http://www.xbrl.org/2003/role/label" xml:lang="de" id="label_FourYearsAgoMember">Vor vier Berichtsperioden</link:label>
    <link:labelArc xlink:type="arc" xlink:arcrole="http://www.xbrl.org/2003/arcrole/concept-label" xlink:from="FourYearsAgoMember" xlink:to="label_FourYearsAgoMember" order="10.0"/>
    <link:loc xlink:type="locator" xlink:href="cmn.xsd#cmn_RetrospectiveInformationDimension" xlink:label="RetrospectiveInformationDimension"/>
    <link:label xlink:type="resource" xlink:label="label_RetrospectiveInformationDimension" xlink:role="http://www.xbrl.org/2003/role/label" xml:lang="de" id="label_RetrospectiveInformationDimension">Übersicht</link:label>
    <link:labelArc xlink:type="arc" xlink:arcrole="http://www.xbrl.org/2003/arcrole/concept-label" xlink:from="RetrospectiveInformationDimension" xlink:to="label_RetrospectiveInformationDimension" order="10.0"/>
    <link:loc xlink:type="locator" xlink:href="cmn.xsd#cmn_NameAndSurnameOfMemberOfExecutiveBoard" xlink:label="NameAndSurnameOfMemberOfExecutiveBoard"/>
    <link:label xlink:type="resource" xlink:label="label_NameAndSurnameOfMemberOfExecutiveBoard" xlink:role="http://www.xbrl.org/2003/role/label" xml:lang="de" id="label_NameAndSurnameOfMemberOfExecutiveBoard">Name des Vorstandsmitglieds</link:label>
    <link:labelArc xlink:type="arc" xlink:arcrole="http://www.xbrl.org/2003/arcrole/concept-label" xlink:from="NameAndSurnameOfMemberOfExecutiveBoard" xlink:to="label_NameAndSurnameOfMemberOfExecutiveBoard" order="10.0"/>
    <link:loc xlink:type="locator" xlink:href="cmn.xsd#cmn_NameAndSurnameOfMemberOfSupervisoryBoard" xlink:label="NameAndSurnameOfMemberOfSupervisoryBoard"/>
    <link:label xlink:type="resource" xlink:label="label_NameAndSurnameOfMemberOfSupervisoryBoard" xlink:role="http://www.xbrl.org/2003/role/label" xml:lang="de" id="label_NameAndSurnameOfMemberOfSupervisoryBoard">Name des Aufsichtsratsmitglieds</link:label>
    <link:labelArc xlink:type="arc" xlink:arcrole="http://www.xbrl.org/2003/arcrole/concept-label" xlink:from="NameAndSurnameOfMemberOfSupervisoryBoard" xlink:to="label_NameAndSurnameOfMemberOfSupervisoryBoard" order="10.0"/>
    <link:loc xlink:type="locator" xlink:href="cmn.xsd#cmn_TitleOfMemberOfExecutiveBoard" xlink:label="TitleOfMemberOfExecutiveBoard"/>
    <link:label xlink:type="resource" xlink:label="label_TitleOfMemberOfExecutiveBoard" xlink:role="http://www.xbrl.org/2003/role/label" xml:lang="de" id="label_TitleOfMemberOfExecutiveBoard">Titel des Vorstandsmitglieds</link:label>
    <link:labelArc xlink:type="arc" xlink:arcrole="http://www.xbrl.org/2003/arcrole/concept-label" xlink:from="TitleOfMemberOfExecutiveBoard" xlink:to="label_TitleOfMemberOfExecutiveBoard" order="10.0"/>
    <link:loc xlink:type="locator" xlink:href="cmn.xsd#cmn_TitleOfMemberOfSupervisoryBoard" xlink:label="TitleOfMemberOfSupervisoryBoard"/>
    <link:label xlink:type="resource" xlink:label="label_TitleOfMemberOfSupervisoryBoard_2" xlink:role="http://www.xbrl.org/2003/role/label" xml:lang="de" id="label_TitleOfMemberOfSupervisoryBoard_2">Titel des Aufsichtsratsmitglieds</link:label>
    <link:labelArc xlink:type="arc" xlink:arcrole="http://www.xbrl.org/2003/arcrole/concept-label" xlink:from="TitleOfMemberOfSupervisoryBoard" xlink:to="label_TitleOfMemberOfSupervisoryBoard_2" order="10.0"/>
    <link:loc xlink:type="locator" xlink:href="cmn.xsd#cmn_IdentificationOfMemberOfExecutiveBoardDimension" xlink:label="IdentificationOfMemberOfExecutiveBoardDimension"/>
    <link:label xlink:type="resource" xlink:label="label_IdentificationOfMemberOfExecutiveBoardDimension" xlink:role="http://www.xbrl.org/2003/role/label" xml:lang="de" id="label_IdentificationOfMemberOfExecutiveBoardDimension">Identifikation des Vorstandsmitglieds</link:label>
    <link:labelArc xlink:type="arc" xlink:arcrole="http://www.xbrl.org/2003/arcrole/concept-label" xlink:from="IdentificationOfMemberOfExecutiveBoardDimension" xlink:to="label_IdentificationOfMemberOfExecutiveBoardDimension" order="10.0"/>
    <link:loc xlink:type="locator" xlink:href="cmn.xsd#cmn_IdentificationOfMemberOfSupervisoryBoardDimension" xlink:label="IdentificationOfMemberOfSupervisoryBoardDimension"/>
    <link:label xlink:type="resource" xlink:label="label_IdentificationOfMemberOfSupervisoryBoardDimension" xlink:role="http://www.xbrl.org/2003/role/label" xml:lang="de" id="label_IdentificationOfMemberOfSupervisoryBoardDimension">Identifikation des Aufsichtsratsmitglieds</link:label>
    <link:labelArc xlink:type="arc" xlink:arcrole="http://www.xbrl.org/2003/arcrole/concept-label" xlink:from="IdentificationOfMemberOfSupervisoryBoardDimension" xlink:to="label_IdentificationOfMemberOfSupervisoryBoardDimension" order="10.0"/>
    <link:loc xlink:type="locator" xlink:href="cmn.xsd#cmn_IdentificationNumberCprOfMemberOfExecutiveBoard" xlink:label="IdentificationNumberCprOfMemberOfExecutiveBoard"/>
    <link:label xlink:type="resource" xlink:label="label_IdentificationNumberCprOfMemberOfExecutiveBoard" xlink:role="http://www.xbrl.org/2003/role/label" xml:lang="de" id="label_IdentificationNumberCprOfMemberOfExecutiveBoard">Personennummer [CPR] des Vorstandsmitglieds</link:label>
    <link:labelArc xlink:type="arc" xlink:arcrole="http://www.xbrl.org/2003/arcrole/concept-label" xlink:from="IdentificationNumberCprOfMemberOfExecutiveBoard" xlink:to="label_IdentificationNumberCprOfMemberOfExecutiveBoard" order="10.0"/>
    <link:loc xlink:type="locator" xlink:href="cmn.xsd#cmn_IdentificationNumberCprOfMemberOfSupervisoryBoard" xlink:label="IdentificationNumberCprOfMemberOfSupervisoryBoard"/>
    <link:label xlink:type="resource" xlink:label="label_IdentificationNumberCprOfMemberOfSupervisoryBoard" xlink:role="http://www.xbrl.org/2003/role/label" xml:lang="de" id="label_IdentificationNumberCprOfMemberOfSupervisoryBoard">Personennummer [CPR] des Aufsichtsratsmitglieds</link:label>
    <link:labelArc xlink:type="arc" xlink:arcrole="http://www.xbrl.org/2003/arcrole/concept-label" xlink:from="IdentificationNumberCprOfMemberOfSupervisoryBoard" xlink:to="label_IdentificationNumberCprOfMemberOfSupervisoryBoard" order="10.0"/>
    <link:loc xlink:type="locator" xlink:href="cmn.xsd#cmn_IdentificationOfAuditorDimension" xlink:label="IdentificationOfAuditorDimension" xlink:title="IdentificationOfAuditorDimension"/>
    <link:label xlink:type="resource" xlink:label="label_IdentificationOfAuditorDimension_2" xlink:role="http://www.xbrl.org/2003/role/label" xlink:title="label_IdentificationOfAuditorDimension" xml:lang="de" id="label_IdentificationOfAuditorDimension_2">Identifikation des Prüfers</link:label>
    <link:labelArc xlink:type="arc" xlink:arcrole="http://www.xbrl.org/2003/arcrole/concept-label" xlink:from="IdentificationOfAuditorDimension" xlink:to="label_IdentificationOfAuditorDimension_2" xlink:title="label: IdentificationOfAuditorDimension to label_IdentificationOfAuditorDimension"/>
    <link:loc xlink:type="locator" xlink:href="cmn.xsd#cmn_IdentificationNumberCprOfAuditor" xlink:label="IdentificationNumberCprOfAuditor" xlink:title="IdentificationNumberCprOfAuditor"/>
    <link:label xlink:type="resource" xlink:label="label_IdentificationNumberCprOfAuditor_2" xlink:role="http://www.xbrl.org/2003/role/label" xlink:title="label_IdentificationNumberCprOfAuditor" xml:lang="de" id="label_IdentificationNumberCprOfAuditor_2">Personennummer [CPR] des Prüfers</link:label>
    <link:labelArc xlink:type="arc" xlink:arcrole="http://www.xbrl.org/2003/arcrole/concept-label" xlink:from="IdentificationNumberCprOfAuditor" xlink:to="label_IdentificationNumberCprOfAuditor_2" xlink:title="label: IdentificationNumberCprOfAuditor to label_IdentificationNumberCprOfAuditor"/>
    <link:loc xlink:type="locator" xlink:href="cmn.xsd#cmn_NameAndSurnameOfAuditor" xlink:label="NameAndSurnameOfAuditor" xlink:title="NameAndSurnameOfAuditor"/>
    <link:label xlink:type="resource" xlink:label="label_NameAndSurnameOfAuditor_2" xlink:role="http://www.xbrl.org/2003/role/label" xlink:title="label_NameAndSurnameOfAuditor" xml:lang="de" id="label_NameAndSurnameOfAuditor_2">Vorname und Nachname des Prüfers</link:label>
    <link:labelArc xlink:type="arc" xlink:arcrole="http://www.xbrl.org/2003/arcrole/concept-label" xlink:from="NameAndSurnameOfAuditor" xlink:to="label_NameAndSurnameOfAuditor_2" xlink:title="label: NameAndSurnameOfAuditor to label_NameAndSurnameOfAuditor"/>
    <link:loc xlink:type="locator" xlink:href="cmn.xsd#cmn_IdentificationNumberCvrOfAuditFirm" xlink:label="IdentificationNumberCvrOfAuditFirm" xlink:title="IdentificationNumberCvrOfAuditFirm"/>
    <link:label xlink:type="resource" xlink:label="label_IdentificationNumberCvrOfAuditFirm_2" xlink:role="http://www.xbrl.org/2003/role/label" xlink:title="label_IdentificationNumberCvrOfAuditFirm" xml:lang="de" id="label_IdentificationNumberCvrOfAuditFirm_2">Identifikationsnummer [CVR] des Wirtschaftsprüfungsunternehmens</link:label>
    <link:labelArc xlink:type="arc" xlink:arcrole="http://www.xbrl.org/2003/arcrole/concept-label" xlink:from="IdentificationNumberCvrOfAuditFirm" xlink:to="label_IdentificationNumberCvrOfAuditFirm_2" xlink:title="label: IdentificationNumberCvrOfAuditFirm to label_IdentificationNumberCvrOfAuditFirm"/>
    <link:loc xlink:type="locator" xlink:href="cmn.xsd#cmn_IdentificationNumberPnrOfAuditFirm" xlink:label="IdentificationNumberPnrOfAuditFirm" xlink:title="IdentificationNumberPnrOfAuditFirm"/>
    <link:label xlink:type="resource" xlink:label="label_IdentificationNumberPnrOfAuditFirm_2" xlink:role="http://www.xbrl.org/2003/role/label" xlink:title="label_IdentificationNumberPnrOfAuditFirm" xml:lang="de" id="label_IdentificationNumberPnrOfAuditFirm_2">Identifikationsnummer [PNR] des Wirtschaftsprüfungsunternehmens</link:label>
    <link:labelArc xlink:type="arc" xlink:arcrole="http://www.xbrl.org/2003/arcrole/concept-label" xlink:from="IdentificationNumberPnrOfAuditFirm" xlink:to="label_IdentificationNumberPnrOfAuditFirm_2" xlink:title="label: IdentificationNumberPnrOfAuditFirm to label_IdentificationNumberPnrOfAuditFirm"/>
    <link:loc xlink:type="locator" xlink:href="cmn.xsd#cmn_NameOfAuditFirm" xlink:label="NameOfAuditFirm" xlink:title="NameOfAuditFirm"/>
    <link:label xlink:type="resource" xlink:label="label_NameOfAuditFirm_2" xlink:role="http://www.xbrl.org/2003/role/label" xlink:title="label_NameOfAuditFirm" xml:lang="de" id="label_NameOfAuditFirm_2">Name des Wirtschaftsprüfungsunternehmens</link:label>
    <link:labelArc xlink:type="arc" xlink:arcrole="http://www.xbrl.org/2003/arcrole/concept-label" xlink:from="NameOfAuditFirm" xlink:to="label_NameOfAuditFirm_2" xlink:title="label: NameOfAuditFirm to label_NameOfAuditFirm"/>
    <link:loc xlink:type="locator" xlink:href="cmn.xsd#cmn_DescriptionOfAuditor" xlink:label="DescriptionOfAuditor" xlink:title="DescriptionOfAuditor"/>
    <link:label xlink:type="resource" xlink:label="label_DescriptionOfAuditor_2" xlink:role="http://www.xbrl.org/2003/role/label" xlink:title="label_DescriptionOfAuditor" xml:lang="de" id="label_DescriptionOfAuditor_2">Beschreibung des Prüfers</link:label>
    <link:labelArc xlink:type="arc" xlink:arcrole="http://www.xbrl.org/2003/arcrole/concept-label" xlink:from="DescriptionOfAuditor" xlink:to="label_DescriptionOfAuditor_2" xlink:title="label: DescriptionOfAuditor to label_DescriptionOfAuditor"/>
    <link:loc xlink:type="locator" xlink:href="cmn.xsd#cmn_DescriptionOfMemberOfExecutiveBoard" xlink:label="copyOfDescriptionOfAuditor" xlink:title="copyOfDescriptionOfAuditor"/>
    <link:label xlink:type="resource" xlink:label="label_copyOfDescriptionOfAuditor_2" xlink:role="http://www.xbrl.org/2003/role/label" xlink:title="label_copyOfDescriptionOfAuditor" xml:lang="de" id="label_copyOfDescriptionOfAuditor_2">Beschreibung des Vorstandsmitglieds</link:label>
    <link:labelArc xlink:type="arc" xlink:arcrole="http://www.xbrl.org/2003/arcrole/concept-label" xlink:from="copyOfDescriptionOfAuditor" xlink:to="label_copyOfDescriptionOfAuditor_2" xlink:title="label: copyOfDescriptionOfAuditor to label_copyOfDescriptionOfAuditor"/>
    <link:loc xlink:type="locator" xlink:href="cmn.xsd#cmn_DescriptionOfMemberOfSupervisoryBoard" xlink:label="copyOfDescriptionOfAuditor2" xlink:title="copyOfDescriptionOfAuditor2"/>
    <link:label xlink:type="resource" xlink:label="label_copyOfDescriptionOfAuditor2_2" xlink:role="http://www.xbrl.org/2003/role/label" xlink:title="label_copyOfDescriptionOfAuditor2" xml:lang="de" id="label_copyOfDescriptionOfAuditor2_2">Beschreibung des Aufsichtsratsmitglieds</link:label>
    <link:labelArc xlink:type="arc" xlink:arcrole="http://www.xbrl.org/2003/arcrole/concept-label" xlink:from="copyOfDescriptionOfAuditor2" xlink:to="label_copyOfDescriptionOfAuditor2_2" xlink:title="label: copyOfDescriptionOfAuditor2 to label_copyOfDescriptionOfAuditor2"/>
    <link:loc xlink:type="locator" xlink:href="cmn.xsd#cmn_IdentificationOfLiquidatorDimension" xlink:label="IdentificationOfLiquidatorDimension" xlink:title="IdentificationOfLiquidatorDimension"/>
    <link:label xlink:type="resource" xlink:label="label_IdentificationOfLiquidatorDimension_2" xlink:role="http://www.xbrl.org/2003/role/label" xlink:title="label_IdentificationOfLiquidatorDimension" xml:lang="de" id="label_IdentificationOfLiquidatorDimension_2">Identifikation des Liquidators</link:label>
    <link:labelArc xlink:type="arc" xlink:arcrole="http://www.xbrl.org/2003/arcrole/concept-label" xlink:from="IdentificationOfLiquidatorDimension" xlink:to="label_IdentificationOfLiquidatorDimension_2" xlink:title="label: IdentificationOfLiquidatorDimension to label_IdentificationOfLiquidatorDimension"/>
    <link:loc xlink:type="locator" xlink:href="cmn.xsd#cmn_IdentificationNumberCprOfLiquidator" xlink:label="IdentificationNumberCprOfLiquidator" xlink:title="IdentificationNumberCprOfLiquidator"/>
    <link:label xlink:type="resource" xlink:label="label_IdentificationNumberCprOfLiquidator_2" xlink:role="http://www.xbrl.org/2003/role/label" xlink:title="label_IdentificationNumberCprOfLiquidator" xml:lang="de" id="label_IdentificationNumberCprOfLiquidator_2">Personennummer [CPR] des Liquidators</link:label>
    <link:labelArc xlink:type="arc" xlink:arcrole="http://www.xbrl.org/2003/arcrole/concept-label" xlink:from="IdentificationNumberCprOfLiquidator" xlink:to="label_IdentificationNumberCprOfLiquidator_2" xlink:title="label: IdentificationNumberCprOfLiquidator to label_IdentificationNumberCprOfLiquidator"/>
    <link:loc xlink:type="locator" xlink:href="cmn.xsd#cmn_NameAndSurnameOfLiquidator" xlink:label="NameAndSurnameOfLiquidator" xlink:title="NameAndSurnameOfLiquidator"/>
    <link:label xlink:type="resource" xlink:label="label_NameAndSurnameOfLiquidator_2" xlink:role="http://www.xbrl.org/2003/role/label" xlink:title="label_NameAndSurnameOfLiquidator" xml:lang="de" id="label_NameAndSurnameOfLiquidator_2">Name des Liquidators</link:label>
    <link:labelArc xlink:type="arc" xlink:arcrole="http://www.xbrl.org/2003/arcrole/concept-label" xlink:from="NameAndSurnameOfLiquidator" xlink:to="label_NameAndSurnameOfLiquidator_2" xlink:title="label: NameAndSurnameOfLiquidator to label_NameAndSurnameOfLiquidator"/>
    <link:loc xlink:type="locator" xlink:href="cmn.xsd#cmn_DescriptionOfLikvidator" xlink:label="DescriptionOfLikvidator" xlink:title="DescriptionOfLikvidator"/>
    <link:label xlink:type="resource" xlink:label="label_DescriptionOfLikvidator_2" xlink:role="http://www.xbrl.org/2003/role/label" xlink:title="label_DescriptionOfLikvidator" xml:lang="de" id="label_DescriptionOfLikvidator_2">Beschreibung des Liquidators</link:label>
    <link:labelArc xlink:type="arc" xlink:arcrole="http://www.xbrl.org/2003/arcrole/concept-label" xlink:from="DescriptionOfLikvidator" xlink:to="label_DescriptionOfLikvidator_2" xlink:title="label: DescriptionOfLikvidator to label_DescriptionOfLikvidator"/>
    <link:loc xlink:type="locator" xlink:href="cmn.xsd#cmn_TitleOfLiquidator" xlink:label="TitleOfLiquidator" xlink:title="TitleOfLiquidator"/>
    <link:label xlink:type="resource" xlink:label="label_TitleOfLiquidator_2" xlink:role="http://www.xbrl.org/2003/role/label" xlink:title="label_TitleOfLiquidator" xml:lang="de" id="label_TitleOfLiquidator_2">Titel des Liquidators</link:label>
    <link:labelArc xlink:type="arc" xlink:arcrole="http://www.xbrl.org/2003/arcrole/concept-label" xlink:from="TitleOfLiquidator" xlink:to="label_TitleOfLiquidator_2" xlink:title="label: TitleOfLiquidator to label_TitleOfLiquidator"/>
    <link:loc xlink:type="locator" xlink:href="cmn.xsd#cmn_IdentificationOfPerformerOfInternalAuditDimension" xlink:label="IdentificationOfPerformerOfInternalAuditDimension" xlink:title="IdentificationOfPerformerOfInternalAuditDimension"/>
    <link:label xlink:type="resource" xlink:label="label_IdentificationOfPerformerOfInternalAuditDimension_2" xlink:role="http://www.xbrl.org/2003/role/label" xlink:title="label_IdentificationOfPerformerOfInternalAuditDimension" xml:lang="de" id="label_IdentificationOfPerformerOfInternalAuditDimension_2">Identifikation des Ausführenden der internen Prüfung</link:label>
    <link:labelArc xlink:type="arc" xlink:arcrole="http://www.xbrl.org/2003/arcrole/concept-label" xlink:from="IdentificationOfPerformerOfInternalAuditDimension" xlink:to="label_IdentificationOfPerformerOfInternalAuditDimension_2" xlink:title="label: IdentificationOfPerformerOfInternalAuditDimension to label_IdentificationOfPerformerOfInternalAuditDimension"/>
    <link:loc xlink:type="locator" xlink:href="cmn.xsd#cmn_IdentificationNumberCprOfPerformerOfInternalAudit" xlink:label="copyOfIdentificationNumberCprOfAuditor" xlink:title="copyOfIdentificationNumberCprOfAuditor"/>
    <link:label xlink:type="resource" xlink:label="label_copyOfIdentificationNumberCprOfAuditor_2" xlink:role="http://www.xbrl.org/2003/role/label" xlink:title="label_copyOfIdentificationNumberCprOfAuditor" xml:lang="de" id="label_copyOfIdentificationNumberCprOfAuditor_2">Personennummer [CPR] des Ausführenden der internen Prüfung</link:label>
    <link:labelArc xlink:type="arc" xlink:arcrole="http://www.xbrl.org/2003/arcrole/concept-label" xlink:from="copyOfIdentificationNumberCprOfAuditor" xlink:to="label_copyOfIdentificationNumberCprOfAuditor_2" xlink:title="label: copyOfIdentificationNumberCprOfAuditor to label_copyOfIdentificationNumberCprOfAuditor"/>
    <link:loc xlink:type="locator" xlink:href="cmn.xsd#cmn_NameAndSurnameOfPerformerOfInternalAudit" xlink:label="copyOfNameAndSurnameOfAuditor" xlink:title="copyOfNameAndSurnameOfAuditor"/>
    <link:label xlink:type="resource" xlink:label="label_copyOfNameAndSurnameOfAuditor_2" xlink:role="http://www.xbrl.org/2003/role/label" xlink:title="label_copyOfNameAndSurnameOfAuditor" xml:lang="de" id="label_copyOfNameAndSurnameOfAuditor_2">Vorname und Nachname des Ausführenden der internen Prüfung</link:label>
    <link:labelArc xlink:type="arc" xlink:arcrole="http://www.xbrl.org/2003/arcrole/concept-label" xlink:from="copyOfNameAndSurnameOfAuditor" xlink:to="label_copyOfNameAndSurnameOfAuditor_2" xlink:title="label: copyOfNameAndSurnameOfAuditor to label_copyOfNameAndSurnameOfAuditor"/>
    <link:loc xlink:type="locator" xlink:href="cmn.xsd#cmn_DescriptionOfPerformerOfInternalAudit" xlink:label="DescriptionOfPerformerOfInternalAudit" xlink:title="DescriptionOfPerformerOfInternalAudit"/>
    <link:label xlink:type="resource" xlink:label="label_DescriptionOfPerformerOfInternalAudit_2" xlink:role="http://www.xbrl.org/2003/role/label" xlink:title="label_DescriptionOfPerformerOfInternalAudit" xml:lang="de" id="label_DescriptionOfPerformerOfInternalAudit_2">Beschreibung des Ausführenden der internen Prüfung</link:label>
    <link:labelArc xlink:type="arc" xlink:arcrole="http://www.xbrl.org/2003/arcrole/concept-label" xlink:from="DescriptionOfPerformerOfInternalAudit" xlink:to="label_DescriptionOfPerformerOfInternalAudit_2" xlink:title="label: DescriptionOfPerformerOfInternalAudit to label_DescriptionOfPerformerOfInternalAudit"/>
    <link:loc xlink:type="locator" xlink:href="cmn.xsd#cmn_TitleOfPerformerOfInternalAudit" xlink:label="TitleOfPerformerOfInternalAudit" xlink:title="TitleOfPerformerOfInternalAudit"/>
    <link:label xlink:type="resource" xlink:label="label_TitleOfPerformerOfInternalAudit_2" xlink:role="http://www.xbrl.org/2003/role/label" xlink:title="label_TitleOfPerformerOfInternalAudit" xml:lang="de" id="label_TitleOfPerformerOfInternalAudit_2">Titel des Ausführenden der internen Prüfung</link:label>
    <link:labelArc xlink:type="arc" xlink:arcrole="http://www.xbrl.org/2003/arcrole/concept-label" xlink:from="TitleOfPerformerOfInternalAudit" xlink:to="label_TitleOfPerformerOfInternalAudit_2" xlink:title="label: TitleOfPerformerOfInternalAudit to label_TitleOfPerformerOfInternalAudit"/>
    <link:loc xlink:type="locator" xlink:href="cmn.xsd#cmn_IdentificationOfPerformerOfOtherStatementsDimension" xlink:label="copyOfIdentificationOfPerformerOfInternalAuditDimension" xlink:title="copyOfIdentificationOfPerformerOfInternalAuditDimension"/>
    <link:label xlink:type="resource" xlink:label="label_copyOfIdentificationOfPerformerOfInternalAuditDimension_2" xlink:role="http://www.xbrl.org/2003/role/label" xlink:title="label_copyOfIdentificationOfPerformerOfInternalAuditDimension" xml:lang="de" id="label_copyOfIdentificationOfPerformerOfInternalAuditDimension_2">Identifikation des Erstellers sonstiger Bescheinigungen</link:label>
    <link:labelArc xlink:type="arc" xlink:arcrole="http://www.xbrl.org/2003/arcrole/concept-label" xlink:from="copyOfIdentificationOfPerformerOfInternalAuditDimension" xlink:to="label_copyOfIdentificationOfPerformerOfInternalAuditDimension_2" xlink:title="label: copyOfIdentificationOfPerformerOfInternalAuditDimension to label_copyOfIdentificationOfPerformerOfInternalAuditDimension"/>
    <link:loc xlink:type="locator" xlink:href="cmn.xsd#cmn_IdentificationNumberCprOfPerformerOfOtherStatement" xlink:label="copyOfIdentificationNumberCprOfPerformerOfInternalAudit" xlink:title="copyOfIdentificationNumberCprOfPerformerOfInternalAudit"/>
    <link:label xlink:type="resource" xlink:label="label_copyOfIdentificationNumberCprOfPerformerOfInternalAudit_2" xlink:role="http://www.xbrl.org/2003/role/label" xlink:title="label_copyOfIdentificationNumberCprOfPerformerOfInternalAudit" xml:lang="de" id="label_copyOfIdentificationNumberCprOfPerformerOfInternalAudit_2">Personennummer [CPR] des Erstellers sonstiger Bescheinigungen</link:label>
    <link:labelArc xlink:type="arc" xlink:arcrole="http://www.xbrl.org/2003/arcrole/concept-label" xlink:from="copyOfIdentificationNumberCprOfPerformerOfInternalAudit" xlink:to="label_copyOfIdentificationNumberCprOfPerformerOfInternalAudit_2" xlink:title="label: copyOfIdentificationNumberCprOfPerformerOfInternalAudit to label_copyOfIdentificationNumberCprOfPerformerOfInternalAudit"/>
    <link:loc xlink:type="locator" xlink:href="cmn.xsd#cmn_NameAndSurnameOfPerformerOfOtherStatement" xlink:label="NameAndSurnameOfPerformerOfOtherStatement" xlink:title="NameAndSurnameOfPerformerOfOtherStatement"/>
    <link:label xlink:type="resource" xlink:label="label_NameAndSurnameOfPerformerOfOtherStatement_2" xlink:role="http://www.xbrl.org/2003/role/label" xlink:title="label_NameAndSurnameOfPerformerOfOtherStatement" xml:lang="de" id="label_NameAndSurnameOfPerformerOfOtherStatement_2">Vorname und Nachname des Erstellers sonstiger Bescheinigungen</link:label>
    <link:labelArc xlink:type="arc" xlink:arcrole="http://www.xbrl.org/2003/arcrole/concept-label" xlink:from="NameAndSurnameOfPerformerOfOtherStatement" xlink:to="label_NameAndSurnameOfPerformerOfOtherStatement_2" xlink:title="label: NameAndSurnameOfPerformerOfOtherStatement to label_NameAndSurnameOfPerformerOfOtherStatement"/>
    <link:loc xlink:type="locator" xlink:href="cmn.xsd#cmn_IdentificationNumberCvrOfPerformerOfOtherStatement" xlink:label="IdentificationNumberCvrOfPerformerOfOtherStatement" xlink:title="IdentificationNumberCvrOfPerformerOfOtherStatement"/>
    <link:label xlink:type="resource" xlink:label="label_IdentificationNumberCvrOfPerformerOfOtherStatement_2" xlink:role="http://www.xbrl.org/2003/role/label" xlink:title="label_IdentificationNumberCvrOfPerformerOfOtherStatement" xml:lang="de" id="label_IdentificationNumberCvrOfPerformerOfOtherStatement_2">Identifikationsnummer [CVR] des Erstellers sonstiger Bescheinigungen</link:label>
    <link:labelArc xlink:type="arc" xlink:arcrole="http://www.xbrl.org/2003/arcrole/concept-label" xlink:from="IdentificationNumberCvrOfPerformerOfOtherStatement" xlink:to="label_IdentificationNumberCvrOfPerformerOfOtherStatement_2" xlink:title="label: IdentificationNumberCvrOfPerformerOfOtherStatement to label_IdentificationNumberCvrOfPerformerOfOtherStatement"/>
    <link:loc xlink:type="locator" xlink:href="cmn.xsd#cmn_NameOfFirmperformingOtherStatement" xlink:label="NameOfFirmperformingOtherStatement" xlink:title="NameOfFirmperformingOtherStatement"/>
    <link:label xlink:type="resource" xlink:label="label_NameOfFirmperformingOtherStatement_2" xlink:role="http://www.xbrl.org/2003/role/label" xlink:title="label_NameOfFirmperformingOtherStatement" xml:lang="de" id="label_NameOfFirmperformingOtherStatement_2">Name des mit der Erstellung sonstiger Bescheinigungen beauftragten Unternehmens</link:label>
    <link:labelArc xlink:type="arc" xlink:arcrole="http://www.xbrl.org/2003/arcrole/concept-label" xlink:from="NameOfFirmperformingOtherStatement" xlink:to="label_NameOfFirmperformingOtherStatement_2" xlink:title="label: NameOfFirmperformingOtherStatement to label_NameOfFirmperformingOtherStatement"/>
    <link:loc xlink:type="locator" xlink:href="cmn.xsd#cmn_DescriptionOfPerformerOfOtherStatement" xlink:label="DescriptionOfPerformerOfOtherStatement" xlink:title="DescriptionOfPerformerOfOtherStatement"/>
    <link:label xlink:type="resource" xlink:label="label_DescriptionOfPerformerOfOtherStatement_2" xlink:role="http://www.xbrl.org/2003/role/label" xlink:title="label_DescriptionOfPerformerOfOtherStatement" xml:lang="de" id="label_DescriptionOfPerformerOfOtherStatement_2">Beschreibung des Erstellers sonstiger Bescheinigungen </link:label>
    <link:labelArc xlink:type="arc" xlink:arcrole="http://www.xbrl.org/2003/arcrole/concept-label" xlink:from="DescriptionOfPerformerOfOtherStatement" xlink:to="label_DescriptionOfPerformerOfOtherStatement_2" xlink:title="label: DescriptionOfPerformerOfOtherStatement to label_DescriptionOfPerformerOfOtherStatement"/>
    <link:loc xlink:type="locator" xlink:href="cmn.xsd#cmn_TitleOfPerformerOfOtherStatements" xlink:label="copyOfTitleOfPerformerOfInternalAudit" xlink:title="copyOfTitleOfPerformerOfInternalAudit"/>
    <link:label xlink:type="resource" xlink:label="label_copyOfTitleOfPerformerOfInternalAudit_2" xlink:role="http://www.xbrl.org/2003/role/label" xlink:title="label_copyOfTitleOfPerformerOfInternalAudit" xml:lang="de" id="label_copyOfTitleOfPerformerOfInternalAudit_2">Titel des Erstellers sonstiger Bescheinigungen</link:label>
    <link:labelArc xlink:type="arc" xlink:arcrole="http://www.xbrl.org/2003/arcrole/concept-label" xlink:from="copyOfTitleOfPerformerOfInternalAudit" xlink:to="label_copyOfTitleOfPerformerOfInternalAudit_2" xlink:title="label: copyOfTitleOfPerformerOfInternalAudit to label_copyOfTitleOfPerformerOfInternalAudit"/>
    <link:loc xlink:type="locator" xlink:href="cmn.xsd#cmn_TypeOfAuditorDimension" xlink:label="TypeOfAuditorDimension"/>
    <link:label xlink:type="resource" xlink:label="label_TypeOfAuditorDimension" xlink:role="http://www.xbrl.org/2003/role/label" xml:lang="de">Art des Prüfers</link:label>
    <link:labelArc xlink:type="arc" xlink:arcrole="http://www.xbrl.org/2003/arcrole/concept-label" xlink:from="TypeOfAuditorDimension" xlink:to="label_TypeOfAuditorDimension"/>
    <link:loc xlink:type="locator" xlink:href="cmn.xsd#cmn_AllAuditorsMember" xlink:label="AllAuditorsMember"/>
    <link:label xlink:type="resource" xlink:label="label_AllAuditorsMember" xlink:role="http://www.xbrl.org/2003/role/label" xml:lang="de">Alle Prüfer</link:label>
    <link:labelArc xlink:type="arc" xlink:arcrole="http://www.xbrl.org/2003/arcrole/concept-label" xlink:from="AllAuditorsMember" xlink:to="label_AllAuditorsMember"/>
    <link:loc xlink:type="locator" xlink:href="cmn.xsd#cmn_AuditorNotIncludedInAuditorsReportsMember" xlink:label="AuditorNotIncludedInAuditorsReportsMember"/>
    <link:label xlink:type="resource" xlink:label="label_AuditorNotIncludedInAuditorsReportsMember" xlink:role="http://www.xbrl.org/2003/role/label" xml:lang="de">Prüfer, der NICHT in [101] Prüferbescheinigungen aufgeführt ist</link:label>
    <link:labelArc xlink:type="arc" xlink:arcrole="http://www.xbrl.org/2003/arcrole/concept-label" xlink:from="AuditorNotIncludedInAuditorsReportsMember" xlink:to="label_AuditorNotIncludedInAuditorsReportsMember"/>
    <link:loc xlink:type="locator" xlink:href="cmn.xsd#cmn_TypeOfAuditorAssistance" xlink:label="TypeOfAuditorAssistance"/>
    <link:label xlink:type="resource" xlink:label="label_TypeOfAuditorAssistance" xlink:role="http://www.xbrl.org/2003/role/label" xml:lang="de">Art der Prüferunterstützung</link:label>
    <link:labelArc xlink:type="arc" xlink:arcrole="http://www.xbrl.org/2003/arcrole/concept-label" xlink:from="TypeOfAuditorAssistance" xlink:to="label_TypeOfAuditorAssistance"/>
    <link:loc xlink:type="locator" xlink:href="cmn.xsd#cmn_TypeOfParticipantDimension" xlink:label="TypeOfParticipantDimension"/>
    <link:label xlink:type="resource" xlink:label="label_TypeOfParticipantDimension" xlink:role="http://www.xbrl.org/2003/role/label" xml:lang="de">Art der Beteiligten</link:label>
    <link:labelArc xlink:type="arc" xlink:arcrole="http://www.xbrl.org/2003/arcrole/concept-label" xlink:from="TypeOfParticipantDimension" xlink:to="label_TypeOfParticipantDimension"/>
    <link:loc xlink:type="locator" xlink:href="cmn.xsd#cmn_AllParticipantsMember" xlink:label="AllParticipantsMember"/>
    <link:label xlink:type="resource" xlink:label="label_AllParticipantsMember" xlink:role="http://www.xbrl.org/2003/role/label" xml:lang="de">Alle Beteiligte</link:label>
    <link:labelArc xlink:type="arc" xlink:arcrole="http://www.xbrl.org/2003/arcrole/concept-label" xlink:from="AllParticipantsMember" xlink:to="label_AllParticipantsMember"/>
    <link:loc xlink:type="locator" xlink:href="cmn.xsd#cmn_ParticipantsNotPartOfRegisteredManagementMember" xlink:label="ParticipantsNotPartOfRegisteredManagementMember"/>
    <link:label xlink:type="resource" xlink:label="label_ParticipantsNotPartOfRegisteredManagementMember" xlink:role="http://www.xbrl.org/2003/role/label" xml:lang="de">Beteiligter, der NICHT Teil der eingetragenen Geschäftsleitung ist</link:label>
    <link:labelArc xlink:type="arc" xlink:arcrole="http://www.xbrl.org/2003/arcrole/concept-label" xlink:from="ParticipantsNotPartOfRegisteredManagementMember" xlink:to="label_ParticipantsNotPartOfRegisteredManagementMember"/>
    <link:loc xlink:type="locator" xlink:href="cmn.xsd#cmn_IdentificationOfReportingEntitySecondaryNameDimension" xlink:label="IdentificationOfReportingEntitySecondaryNameDimension"/>
    <link:label xlink:type="resource" xlink:label="label_IdentificationOfReportingEntitySecondaryNameDimension" xlink:role="http://www.xbrl.org/2003/role/label" xml:lang="de">Identifikation der Nebenbezeichnung des berichtenden Unternehmens</link:label>
    <link:labelArc xlink:type="arc" xlink:arcrole="http://www.xbrl.org/2003/arcrole/concept-label" xlink:from="IdentificationOfReportingEntitySecondaryNameDimension" xlink:to="label_IdentificationOfReportingEntitySecondaryNameDimension"/>
    <link:loc xlink:type="locator" xlink:href="cmn.xsd#cmn_StatementOfGoodManagementConcerningFoundation" xlink:label="StatementOfGoodManagementConcerningFoundation" xlink:title="StatementOfGoodManagementConcerningFoundation"/>
    <link:label xlink:type="resource" xlink:label="label_StatementOfGoodManagementConcerningFoundation" xlink:role="http://www.xbrl.org/2003/role/label" xlink:title="label_StatementOfGoodManagementConcerningFoundation" xml:lang="de" id="label_StatementOfGoodManagementConcerningFoundation">Foundation-Governance-Bericht</link:label>
    <link:labelArc xlink:type="arc" xlink:arcrole="http://www.xbrl.org/2003/arcrole/concept-label" xlink:from="StatementOfGoodManagementConcerningFoundation" xlink:to="label_StatementOfGoodManagementConcerningFoundation" xlink:title="label: StatementOfGoodManagementConcerningFoundation to label_StatementOfGoodManagementConcerningFoundation"/>
    <link:loc xlink:type="locator" xlink:href="cmn.xsd#cmn_LinkToStatementOfGoodManagementConcerningFoundation" xlink:label="LinkToStatementOfGoodManagementConcerningFoundation" xlink:title="LinkToStatementOfGoodManagementConcerningFoundation"/>
    <link:label xlink:type="resource" xlink:label="label_LinkToStatementOfGoodManagementConcerningFoundation" xlink:role="http://www.xbrl.org/2003/role/label" xlink:title="label_LinkToStatementOfGoodManagementConcerningFoundation" xml:lang="de" id="label_LinkToStatementOfGoodManagementConcerningFoundation">Link zum Foundation-Governance-Bericht</link:label>
    <link:labelArc xlink:type="arc" xlink:arcrole="http://www.xbrl.org/2003/arcrole/concept-label" xlink:from="LinkToStatementOfGoodManagementConcerningFoundation" xlink:to="label_LinkToStatementOfGoodManagementConcerningFoundation" xlink:title="label: LinkToStatementOfGoodManagementConcerningFoundation to label_LinkToStatementOfGoodManagementConcerningFoundation"/>
    <link:loc xlink:type="locator" xlink:href="cmn.xsd#cmn_StatementOfTheFoundationsDistributionPolicy" xlink:label="StatementOfTheFoundationsDistributionPolicy" xlink:title="StatementOfTheFoundationsDistributionPolicy"/>
    <link:label xlink:type="resource" xlink:label="label_StatementOfTheFoundationsDistributionPolicy" xlink:role="http://www.xbrl.org/2003/role/label" xlink:title="label_StatementOfTheFoundationsDistributionPolicy" xml:lang="de" id="label_StatementOfTheFoundationsDistributionPolicy">Bericht über das Verteilungskonzept der Stiftung</link:label>
    <link:labelArc xlink:type="arc" xlink:arcrole="http://www.xbrl.org/2003/arcrole/concept-label" xlink:from="StatementOfTheFoundationsDistributionPolicy" xlink:to="label_StatementOfTheFoundationsDistributionPolicy" xlink:title="label: StatementOfTheFoundationsDistributionPolicy to label_StatementOfTheFoundationsDistributionPolicy"/>
    <link:loc xlink:type="locator" xlink:href="cmn.xsd#cmn_LinkToStatementOfTheFoundationsDistributionPolicy" xlink:label="LinkToStatementOfTheFoundationsDistributionPolicy" xlink:title="LinkToStatementOfTheFoundationsDistributionPolicy"/>
    <link:label xlink:type="resource" xlink:label="label_LinkToStatementOfTheFoundationsDistributionPolicy" xlink:role="http://www.xbrl.org/2003/role/label" xlink:title="label_LinkToStatementOfTheFoundationsDistributionPolicy" xml:lang="de" id="label_LinkToStatementOfTheFoundationsDistributionPolicy">Link zum Bericht über das Verteilungskonzept der Stiftung</link:label>
    <link:labelArc xlink:type="arc" xlink:arcrole="http://www.xbrl.org/2003/arcrole/concept-label" xlink:from="LinkToStatementOfTheFoundationsDistributionPolicy" xlink:to="label_LinkToStatementOfTheFoundationsDistributionPolicy" xlink:title="label: LinkToStatementOfTheFoundationsDistributionPolicy to label_LinkToStatementOfTheFoundationsDistributionPolicy"/>
  </link:labelLink>
</link:linkbase>
