<?xml version="1.0" encoding="UTF-8"?>
<!-- Generated by Fujitsu Interstage XWand B0217 -->
<?officialURI http://archprod.service.eogs.dk/taxonomy/20161001/cmn_ref.xml?>

<?taxonomy-version 1.7.0?>

<link:linkbase xmlns:xsi="http://www.w3.org/2001/XMLSchema-instance" xsi:schemaLocation="http://www.xbrl.org/2006/ref http://www.xbrl.org/2006/ref-2006-02-27.xsd http://www.xbrl.org/2003/linkbase http://www.xbrl.org/2003/xbrl-linkbase-2003-12-31.xsd" xmlns:link="http://www.xbrl.org/2003/linkbase" xmlns:ref="http://www.xbrl.org/2006/ref" xmlns:xlink="http://www.w3.org/1999/xlink" xmlns:xbrli="http://www.xbrl.org/2003/instance">
  <link:referenceLink xlink:type="extended" xlink:role="http://www.xbrl.org/2003/role/link">
    <link:loc xlink:type="locator" xlink:href="cmn.xsd#cmn_OrdinaryWriteoffsInRespectOfDebtors" xlink:label="OrdinaryWriteoffsInRespectOfDebtors"/>
    <link:reference xlink:type="resource" xlink:label="reference_OrdinaryWriteoffsInRespectOfDebtors" xlink:role="http://www.xbrl.org/2003/role/reference" id="reference_OrdinaryWriteoffsInRespectOfDebtors">
      <ref:Publisher>Skat</ref:Publisher>
      <ref:Number>felt nr. 148</ref:Number>
    </link:reference>
    <link:referenceArc xlink:type="arc" xlink:arcrole="http://www.xbrl.org/2003/arcrole/concept-reference" xlink:from="OrdinaryWriteoffsInRespectOfDebtors" xlink:to="reference_OrdinaryWriteoffsInRespectOfDebtors" order="10.0"/>
    <link:reference xlink:type="resource" xlink:label="reference_OrdinaryWriteoffsInRespectOfDebtors_2" xlink:role="http://www.xbrl.org/2003/role/reference" id="reference_OrdinaryWriteoffsInRespectOfDebtors_2">
      <ref:Publisher>DST</ref:Publisher>
      <ref:Number>11</ref:Number>
      <ref:Note>OTDE</ref:Note>
    </link:reference>
    <link:referenceArc xlink:type="arc" xlink:arcrole="http://www.xbrl.org/2003/arcrole/concept-reference" xlink:from="OrdinaryWriteoffsInRespectOfDebtors" xlink:to="reference_OrdinaryWriteoffsInRespectOfDebtors_2" order="10.0"/>
    <link:loc xlink:type="locator" xlink:href="cmn.xsd#cmn_NameAndSurnameOfAuditor" xlink:label="NameAndSurnameOfAuditor" xlink:title="NameAndSurnameOfAuditor"/>
    <link:reference xlink:type="resource" xlink:label="reference_NameAndSurnameOfAuditor" xlink:role="http://www.xbrl.org/2003/role/reference" xlink:title="reference_NameAndSurnameOfAuditor" id="reference_NameAndSurnameOfAuditor">
      <ref:Publisher>Økonomi- og Erhvervsministeriet</ref:Publisher>
      <ref:Name>Erklæringsbekendtgørelsen</ref:Name>
      <ref:Paragraph>9</ref:Paragraph>
      <ref:Subparagraph>5</ref:Subparagraph>
    </link:reference>
    <link:referenceArc xlink:type="arc" xlink:arcrole="http://www.xbrl.org/2003/arcrole/concept-reference" xlink:from="NameAndSurnameOfAuditor" xlink:to="reference_NameAndSurnameOfAuditor" xlink:title="reference: NameAndSurnameOfAuditor to reference_NameAndSurnameOfAuditor"/>
    <link:loc xlink:type="locator" xlink:href="cmn.xsd#cmn_NameOfAuditFirm" xlink:label="NameOfAuditFirm" xlink:title="NameOfAuditFirm"/>
    <link:reference xlink:type="resource" xlink:label="reference_NameOfAuditFirm" xlink:role="http://www.xbrl.org/2003/role/reference" xlink:title="reference_NameOfAuditFirm" id="reference_NameOfAuditFirm">
      <ref:Publisher>Økonomi- og Erhvervsministeriet</ref:Publisher>
      <ref:Name>Erklæringsbekendtgørelsen</ref:Name>
      <ref:Paragraph>9</ref:Paragraph>
      <ref:Subparagraph>5</ref:Subparagraph>
    </link:reference>
    <link:referenceArc xlink:type="arc" xlink:arcrole="http://www.xbrl.org/2003/arcrole/concept-reference" xlink:from="NameOfAuditFirm" xlink:to="reference_NameOfAuditFirm" xlink:title="reference: NameOfAuditFirm to reference_NameOfAuditFirm"/>
    <link:loc xlink:type="locator" xlink:href="cmn.xsd#cmn_StatementOfGoodManagementConcerningFoundation" xlink:label="StatementOfGoodManagementConcerningFoundation" xlink:title="StatementOfGoodManagementConcerningFoundation"/>
    <link:reference xlink:type="resource" xlink:label="reference_StatementOfGoodManagementConcerningFoundation" xlink:role="http://www.xbrl.org/2003/role/reference" xlink:title="reference_StatementOfGoodManagementConcerningFoundation" id="reference_StatementOfGoodManagementConcerningFoundation">
      <ref:Publisher>Økonomi- og Erhvervsministeriet</ref:Publisher>
      <ref:Name>Årsregnskabsloven</ref:Name>
      <ref:Paragraph>77a</ref:Paragraph>
    </link:reference>
    <link:referenceArc xlink:type="arc" xlink:arcrole="http://www.xbrl.org/2003/arcrole/concept-reference" xlink:from="StatementOfGoodManagementConcerningFoundation" xlink:to="reference_StatementOfGoodManagementConcerningFoundation" xlink:title="reference: StatementOfGoodManagementConcerningFoundation to reference_StatementOfGoodManagementConcerningFoundation"/>
    <link:loc xlink:type="locator" xlink:href="cmn.xsd#cmn_LinkToStatementOfGoodManagementConcerningFoundation" xlink:label="LinkToStatementOfGoodManagementConcerningFoundation" xlink:title="LinkToStatementOfGoodManagementConcerningFoundation"/>
    <link:reference xlink:type="resource" xlink:label="reference_LinkToStatementOfGoodManagementConcerningFoundation" xlink:role="http://www.xbrl.org/2003/role/reference" xlink:title="reference_LinkToStatementOfGoodManagementConcerningFoundation" id="reference_LinkToStatementOfGoodManagementConcerningFoundation">
      <ref:Name>Årsregnskabsloven</ref:Name>
      <ref:Paragraph>77a</ref:Paragraph>
      <ref:Publisher>Økonomi- og Erhvervsministeriet</ref:Publisher>
    </link:reference>
    <link:referenceArc xlink:type="arc" xlink:arcrole="http://www.xbrl.org/2003/arcrole/concept-reference" xlink:from="LinkToStatementOfGoodManagementConcerningFoundation" xlink:to="reference_LinkToStatementOfGoodManagementConcerningFoundation" xlink:title="reference: LinkToStatementOfGoodManagementConcerningFoundation to reference_LinkToStatementOfGoodManagementConcerningFoundation"/>
    <link:loc xlink:type="locator" xlink:href="cmn.xsd#cmn_StatementOfTheFoundationsDistributionPolicy" xlink:label="StatementOfTheFoundationsDistributionPolicy" xlink:title="StatementOfTheFoundationsDistributionPolicy"/>
    <link:reference xlink:type="resource" xlink:label="reference_StatementOfTheFoundationsDistributionPolicy" xlink:role="http://www.xbrl.org/2003/role/reference" xlink:title="reference_StatementOfTheFoundationsDistributionPolicy" id="reference_StatementOfTheFoundationsDistributionPolicy">
      <ref:Publisher>Økonomi- og Erhvervsministeriet</ref:Publisher>
      <ref:Name>Årsregnskabsloven</ref:Name>
      <ref:Paragraph>77b</ref:Paragraph>
    </link:reference>
    <link:referenceArc xlink:type="arc" xlink:arcrole="http://www.xbrl.org/2003/arcrole/concept-reference" xlink:from="StatementOfTheFoundationsDistributionPolicy" xlink:to="reference_StatementOfTheFoundationsDistributionPolicy" xlink:title="reference: StatementOfTheFoundationsDistributionPolicy to reference_StatementOfTheFoundationsDistributionPolicy"/>
    <link:loc xlink:type="locator" xlink:href="cmn.xsd#cmn_LinkToStatementOfTheFoundationsDistributionPolicy" xlink:label="LinkToStatementOfTheFoundationsDistributionPolicy" xlink:title="LinkToStatementOfTheFoundationsDistributionPolicy"/>
    <link:reference xlink:type="resource" xlink:label="reference_LinkToStatementOfTheFoundationsDistributionPolicy" xlink:role="http://www.xbrl.org/2003/role/reference" xlink:title="reference_LinkToStatementOfTheFoundationsDistributionPolicy" id="reference_LinkToStatementOfTheFoundationsDistributionPolicy">
      <ref:Publisher>Økonomi- og Erhvervsministeriet</ref:Publisher>
      <ref:Name>Årsregnskabsloven</ref:Name>
      <ref:Paragraph>77b</ref:Paragraph>
    </link:reference>
    <link:referenceArc xlink:type="arc" xlink:arcrole="http://www.xbrl.org/2003/arcrole/concept-reference" xlink:from="LinkToStatementOfTheFoundationsDistributionPolicy" xlink:to="reference_LinkToStatementOfTheFoundationsDistributionPolicy" xlink:title="reference: LinkToStatementOfTheFoundationsDistributionPolicy to reference_LinkToStatementOfTheFoundationsDistributionPolicy"/>
  </link:referenceLink>
</link:linkbase>
