<?xml version="1.0" encoding="UTF-8"?>
<!-- Generated by Fujitsu Interstage XWand B0209 -->
<!--Taxonomy: 2014-03-05 (Final release)
        ********************** 
        Copyright © 2014 International Financial Reporting Standards (IFRS) Foundation
        All rights reserved.  No part of this publication may be translated, reprinted or reproduced 
        or utilised in any form either in whole or in part without prior permission in writing from the IFRS Foundation.
        For more information on the IFRS Foundation's copyright, please refer to http://www.ifrs.org/XBRL/Legal/
        **********************
-->
<link:linkbase xmlns:xsi="http://www.w3.org/2001/XMLSchema-instance" xsi:schemaLocation="http://www.xbrl.org/2006/ref http://www.xbrl.org/2006/ref-2006-02-27.xsd http://www.xbrl.org/2003/linkbase http://www.xbrl.org/2003/xbrl-linkbase-2003-12-31.xsd" xmlns:link="http://www.xbrl.org/2003/linkbase" xmlns:ref="http://www.xbrl.org/2006/ref" xmlns:xlink="http://www.w3.org/1999/xlink">
  <link:referenceLink xlink:type="extended" xlink:role="http://www.xbrl.org/2003/role/link">
    <link:loc xlink:type="locator" xlink:href="../../full_ifrs-cor_2014-03-05.xsd#ifrs-full_DisclosureOfEventsAfterReportingPeriodExplanatory" xlink:label="loc_1"/>
    <link:reference xlink:type="resource" xlink:label="res_1" xlink:role="http://www.xbrl.org/2003/role/disclosureRef">
      <ref:Name>IAS</ref:Name>
      <ref:Number>10</ref:Number>
      <ref:IssueDate>2014-01-01</ref:IssueDate>
      <ref:Section>Disclosure</ref:Section>
      <ref:URI>http://eifrs.ifrs.org/eifrs/XBRL?type=IAS&amp;num=10&amp;date=2014-03-17&amp;anchor=sect_Disclosure&amp;doctype=Standard</ref:URI>
      <ref:URIDate>2014-03-05</ref:URIDate>
    </link:reference>
    <link:referenceArc xlink:type="arc" xlink:arcrole="http://www.xbrl.org/2003/arcrole/concept-reference" xlink:from="loc_1" xlink:to="res_1"/>
    <link:loc xlink:type="locator" xlink:href="../../full_ifrs-cor_2014-03-05.xsd#ifrs-full_DisclosureOfNonadjustingEventsAfterReportingPeriodExplanatory" xlink:label="loc_2"/>
    <link:reference xlink:type="resource" xlink:label="res_2" xlink:role="http://www.xbrl.org/2003/role/disclosureRef">
      <ref:Name>IAS</ref:Name>
      <ref:Number>10</ref:Number>
      <ref:IssueDate>2014-01-01</ref:IssueDate>
      <ref:Paragraph>21</ref:Paragraph>
      <ref:URI>http://eifrs.ifrs.org/eifrs/XBRL?type=IAS&amp;num=10&amp;date=2014-03-17&amp;anchor=para_21&amp;doctype=Standard</ref:URI>
      <ref:URIDate>2014-03-05</ref:URIDate>
    </link:reference>
    <link:referenceArc xlink:type="arc" xlink:arcrole="http://www.xbrl.org/2003/arcrole/concept-reference" xlink:from="loc_2" xlink:to="res_2"/>
    <link:loc xlink:type="locator" xlink:href="../../full_ifrs-cor_2014-03-05.xsd#ifrs-full_ExplanationOfBodyOfAuthorisation" xlink:label="loc_3"/>
    <link:reference xlink:type="resource" xlink:label="res_3" xlink:role="http://www.xbrl.org/2003/role/disclosureRef">
      <ref:Name>IAS</ref:Name>
      <ref:Number>10</ref:Number>
      <ref:IssueDate>2014-01-01</ref:IssueDate>
      <ref:Paragraph>17</ref:Paragraph>
      <ref:URI>http://eifrs.ifrs.org/eifrs/XBRL?type=IAS&amp;num=10&amp;date=2014-03-17&amp;anchor=para_17&amp;doctype=Standard</ref:URI>
      <ref:URIDate>2014-03-05</ref:URIDate>
    </link:reference>
    <link:referenceArc xlink:type="arc" xlink:arcrole="http://www.xbrl.org/2003/arcrole/concept-reference" xlink:from="loc_3" xlink:to="res_3"/>
    <link:loc xlink:type="locator" xlink:href="../../full_ifrs-cor_2014-03-05.xsd#ifrs-full_ExplanationOfFactThatEntitysOwnersOrOthersHavePowerToAmendFinancialStatementsAfterIssue" xlink:label="loc_4"/>
    <link:referenceArc xlink:type="arc" xlink:arcrole="http://www.xbrl.org/2003/arcrole/concept-reference" xlink:from="loc_4" xlink:to="res_3"/>
    <link:loc xlink:type="locator" xlink:href="../../full_ifrs-cor_2014-03-05.xsd#ifrs-full_DescriptionOfNatureOfNonadjustingEventAfterReportingPeriod" xlink:label="loc_5"/>
    <link:reference xlink:type="resource" xlink:label="res_4" xlink:role="http://www.xbrl.org/2003/role/disclosureRef">
      <ref:Name>IAS</ref:Name>
      <ref:Number>10</ref:Number>
      <ref:IssueDate>2014-01-01</ref:IssueDate>
      <ref:Paragraph>21</ref:Paragraph>
      <ref:Subparagraph>a</ref:Subparagraph>
      <ref:URI>http://eifrs.ifrs.org/eifrs/XBRL?type=IAS&amp;num=10&amp;date=2014-03-17&amp;anchor=para_21_a&amp;doctype=Standard</ref:URI>
      <ref:URIDate>2014-03-05</ref:URIDate>
    </link:reference>
    <link:referenceArc xlink:type="arc" xlink:arcrole="http://www.xbrl.org/2003/arcrole/concept-reference" xlink:from="loc_5" xlink:to="res_4"/>
    <link:loc xlink:type="locator" xlink:href="../../full_ifrs-cor_2014-03-05.xsd#ifrs-full_ExplanationOfFinancialEffectOfNonadjustingEventAfterReportingPeriod" xlink:label="loc_6"/>
    <link:reference xlink:type="resource" xlink:label="res_5" xlink:role="http://www.xbrl.org/2003/role/disclosureRef">
      <ref:Name>IAS</ref:Name>
      <ref:Number>10</ref:Number>
      <ref:IssueDate>2014-01-01</ref:IssueDate>
      <ref:Paragraph>21</ref:Paragraph>
      <ref:Subparagraph>b</ref:Subparagraph>
      <ref:URI>http://eifrs.ifrs.org/eifrs/XBRL?type=IAS&amp;num=10&amp;date=2014-03-17&amp;anchor=para_21_b&amp;doctype=Standard</ref:URI>
      <ref:URIDate>2014-03-05</ref:URIDate>
    </link:reference>
    <link:referenceArc xlink:type="arc" xlink:arcrole="http://www.xbrl.org/2003/arcrole/concept-reference" xlink:from="loc_6" xlink:to="res_5"/>
    <link:loc xlink:type="locator" xlink:href="../../full_ifrs-cor_2014-03-05.xsd#ifrs-full_DisclosureOfNonadjustingEventsAfterReportingPeriodTable" xlink:label="loc_7"/>
    <link:referenceArc xlink:type="arc" xlink:arcrole="http://www.xbrl.org/2003/arcrole/concept-reference" xlink:from="loc_7" xlink:to="res_2"/>
    <link:loc xlink:type="locator" xlink:href="../../full_ifrs-cor_2014-03-05.xsd#ifrs-full_NonadjustingEventsAfterReportingPeriodAxis" xlink:label="loc_8"/>
    <link:referenceArc xlink:type="arc" xlink:arcrole="http://www.xbrl.org/2003/arcrole/concept-reference" xlink:from="loc_8" xlink:to="res_2"/>
    <link:loc xlink:type="locator" xlink:href="../../full_ifrs-cor_2014-03-05.xsd#ifrs-full_NonadjustingEventsMember" xlink:label="loc_9"/>
    <link:referenceArc xlink:type="arc" xlink:arcrole="http://www.xbrl.org/2003/arcrole/concept-reference" xlink:from="loc_9" xlink:to="res_2"/>
    <link:loc xlink:type="locator" xlink:href="../../full_ifrs-cor_2014-03-05.xsd#ifrs-full_MajorBusinessCombinationMember" xlink:label="loc_10"/>
    <link:reference xlink:type="resource" xlink:label="res_6" xlink:role="http://www.xbrl.org/2003/role/exampleRef">
      <ref:Name>IAS</ref:Name>
      <ref:Number>10</ref:Number>
      <ref:IssueDate>2014-01-01</ref:IssueDate>
      <ref:Paragraph>22</ref:Paragraph>
      <ref:Subparagraph>a</ref:Subparagraph>
      <ref:URI>http://eifrs.ifrs.org/eifrs/XBRL?type=IAS&amp;num=10&amp;date=2014-03-17&amp;anchor=para_22_a&amp;doctype=Standard</ref:URI>
      <ref:URIDate>2014-03-05</ref:URIDate>
    </link:reference>
    <link:referenceArc xlink:type="arc" xlink:arcrole="http://www.xbrl.org/2003/arcrole/concept-reference" xlink:from="loc_10" xlink:to="res_6"/>
    <link:loc xlink:type="locator" xlink:href="../../full_ifrs-cor_2014-03-05.xsd#ifrs-full_DisposalOfMajorSubsidiaryMember" xlink:label="loc_11"/>
    <link:referenceArc xlink:type="arc" xlink:arcrole="http://www.xbrl.org/2003/arcrole/concept-reference" xlink:from="loc_11" xlink:to="res_6"/>
    <link:loc xlink:type="locator" xlink:href="../../full_ifrs-cor_2014-03-05.xsd#ifrs-full_AnnouncementOfPlanToDiscontinueOperationMember" xlink:label="loc_12"/>
    <link:reference xlink:type="resource" xlink:label="res_7" xlink:role="http://www.xbrl.org/2003/role/exampleRef">
      <ref:Name>IAS</ref:Name>
      <ref:Number>10</ref:Number>
      <ref:IssueDate>2014-01-01</ref:IssueDate>
      <ref:Paragraph>22</ref:Paragraph>
      <ref:Subparagraph>b</ref:Subparagraph>
      <ref:URI>http://eifrs.ifrs.org/eifrs/XBRL?type=IAS&amp;num=10&amp;date=2014-03-17&amp;anchor=para_22_b&amp;doctype=Standard</ref:URI>
      <ref:URIDate>2014-03-05</ref:URIDate>
    </link:reference>
    <link:referenceArc xlink:type="arc" xlink:arcrole="http://www.xbrl.org/2003/arcrole/concept-reference" xlink:from="loc_12" xlink:to="res_7"/>
    <link:loc xlink:type="locator" xlink:href="../../full_ifrs-cor_2014-03-05.xsd#ifrs-full_MajorPurchasesOfAssetsMember" xlink:label="loc_13"/>
    <link:reference xlink:type="resource" xlink:label="res_8" xlink:role="http://www.xbrl.org/2003/role/exampleRef">
      <ref:Name>IAS</ref:Name>
      <ref:Number>10</ref:Number>
      <ref:IssueDate>2014-01-01</ref:IssueDate>
      <ref:Paragraph>22</ref:Paragraph>
      <ref:Subparagraph>c</ref:Subparagraph>
      <ref:URI>http://eifrs.ifrs.org/eifrs/XBRL?type=IAS&amp;num=10&amp;date=2014-03-17&amp;anchor=para_22_c&amp;doctype=Standard</ref:URI>
      <ref:URIDate>2014-03-05</ref:URIDate>
    </link:reference>
    <link:referenceArc xlink:type="arc" xlink:arcrole="http://www.xbrl.org/2003/arcrole/concept-reference" xlink:from="loc_13" xlink:to="res_8"/>
    <link:loc xlink:type="locator" xlink:href="../../full_ifrs-cor_2014-03-05.xsd#ifrs-full_OtherDisposalsOfAssetsMember" xlink:label="loc_14"/>
    <link:referenceArc xlink:type="arc" xlink:arcrole="http://www.xbrl.org/2003/arcrole/concept-reference" xlink:from="loc_14" xlink:to="res_8"/>
    <link:loc xlink:type="locator" xlink:href="../../full_ifrs-cor_2014-03-05.xsd#ifrs-full_ExpropriationOfMajorAssetsByGovernmentMember" xlink:label="loc_15"/>
    <link:referenceArc xlink:type="arc" xlink:arcrole="http://www.xbrl.org/2003/arcrole/concept-reference" xlink:from="loc_15" xlink:to="res_8"/>
    <link:loc xlink:type="locator" xlink:href="../../full_ifrs-cor_2014-03-05.xsd#ifrs-full_DestructionOfMajorProductionPlantMember" xlink:label="loc_16"/>
    <link:reference xlink:type="resource" xlink:label="res_9" xlink:role="http://www.xbrl.org/2003/role/exampleRef">
      <ref:Name>IAS</ref:Name>
      <ref:Number>10</ref:Number>
      <ref:IssueDate>2014-01-01</ref:IssueDate>
      <ref:Paragraph>22</ref:Paragraph>
      <ref:Subparagraph>d</ref:Subparagraph>
      <ref:URI>http://eifrs.ifrs.org/eifrs/XBRL?type=IAS&amp;num=10&amp;date=2014-03-17&amp;anchor=para_22_d&amp;doctype=Standard</ref:URI>
      <ref:URIDate>2014-03-05</ref:URIDate>
    </link:reference>
    <link:referenceArc xlink:type="arc" xlink:arcrole="http://www.xbrl.org/2003/arcrole/concept-reference" xlink:from="loc_16" xlink:to="res_9"/>
    <link:loc xlink:type="locator" xlink:href="../../full_ifrs-cor_2014-03-05.xsd#ifrs-full_AnnouncingOrCommencingImplementationOfMajorRestructuringMember" xlink:label="loc_17"/>
    <link:reference xlink:type="resource" xlink:label="res_10" xlink:role="http://www.xbrl.org/2003/role/exampleRef">
      <ref:Name>IAS</ref:Name>
      <ref:Number>10</ref:Number>
      <ref:IssueDate>2014-01-01</ref:IssueDate>
      <ref:Paragraph>22</ref:Paragraph>
      <ref:Subparagraph>e</ref:Subparagraph>
      <ref:URI>http://eifrs.ifrs.org/eifrs/XBRL?type=IAS&amp;num=10&amp;date=2014-03-17&amp;anchor=para_22_e&amp;doctype=Standard</ref:URI>
      <ref:URIDate>2014-03-05</ref:URIDate>
    </link:reference>
    <link:referenceArc xlink:type="arc" xlink:arcrole="http://www.xbrl.org/2003/arcrole/concept-reference" xlink:from="loc_17" xlink:to="res_10"/>
    <link:loc xlink:type="locator" xlink:href="../../full_ifrs-cor_2014-03-05.xsd#ifrs-full_AbnormallyLargeChangesInAssetPricesOrForeignExchangeRatesMember" xlink:label="loc_18"/>
    <link:reference xlink:type="resource" xlink:label="res_11" xlink:role="http://www.xbrl.org/2003/role/exampleRef">
      <ref:Name>IAS</ref:Name>
      <ref:Number>10</ref:Number>
      <ref:IssueDate>2014-01-01</ref:IssueDate>
      <ref:Paragraph>22</ref:Paragraph>
      <ref:Subparagraph>g</ref:Subparagraph>
      <ref:URI>http://eifrs.ifrs.org/eifrs/XBRL?type=IAS&amp;num=10&amp;date=2014-03-17&amp;anchor=para_22_g&amp;doctype=Standard</ref:URI>
      <ref:URIDate>2014-03-05</ref:URIDate>
    </link:reference>
    <link:referenceArc xlink:type="arc" xlink:arcrole="http://www.xbrl.org/2003/arcrole/concept-reference" xlink:from="loc_18" xlink:to="res_11"/>
    <link:loc xlink:type="locator" xlink:href="../../full_ifrs-cor_2014-03-05.xsd#ifrs-full_ChangesInTaxRatesOrTaxLawsEnactedOrAnnouncedMember" xlink:label="loc_19"/>
    <link:reference xlink:type="resource" xlink:label="res_12" xlink:role="http://www.xbrl.org/2003/role/exampleRef">
      <ref:Name>IAS</ref:Name>
      <ref:Number>10</ref:Number>
      <ref:IssueDate>2014-01-01</ref:IssueDate>
      <ref:Paragraph>22</ref:Paragraph>
      <ref:Subparagraph>h</ref:Subparagraph>
      <ref:URI>http://eifrs.ifrs.org/eifrs/XBRL?type=IAS&amp;num=10&amp;date=2014-03-17&amp;anchor=para_22_h&amp;doctype=Standard</ref:URI>
      <ref:URIDate>2014-03-05</ref:URIDate>
    </link:reference>
    <link:referenceArc xlink:type="arc" xlink:arcrole="http://www.xbrl.org/2003/arcrole/concept-reference" xlink:from="loc_19" xlink:to="res_12"/>
    <link:loc xlink:type="locator" xlink:href="../../full_ifrs-cor_2014-03-05.xsd#ifrs-full_EnteringIntoSignificantCommitmentsOrContingentLiabilitiesMember" xlink:label="loc_20"/>
    <link:reference xlink:type="resource" xlink:label="res_13" xlink:role="http://www.xbrl.org/2003/role/exampleRef">
      <ref:Name>IAS</ref:Name>
      <ref:Number>10</ref:Number>
      <ref:IssueDate>2014-01-01</ref:IssueDate>
      <ref:Paragraph>22</ref:Paragraph>
      <ref:Subparagraph>i</ref:Subparagraph>
      <ref:URI>http://eifrs.ifrs.org/eifrs/XBRL?type=IAS&amp;num=10&amp;date=2014-03-17&amp;anchor=para_22_i&amp;doctype=Standard</ref:URI>
      <ref:URIDate>2014-03-05</ref:URIDate>
    </link:reference>
    <link:referenceArc xlink:type="arc" xlink:arcrole="http://www.xbrl.org/2003/arcrole/concept-reference" xlink:from="loc_20" xlink:to="res_13"/>
    <link:loc xlink:type="locator" xlink:href="../../full_ifrs-cor_2014-03-05.xsd#ifrs-full_CommencementOfMajorLitigationMember" xlink:label="loc_21"/>
    <link:reference xlink:type="resource" xlink:label="res_14" xlink:role="http://www.xbrl.org/2003/role/exampleRef">
      <ref:Name>IAS</ref:Name>
      <ref:Number>10</ref:Number>
      <ref:IssueDate>2014-01-01</ref:IssueDate>
      <ref:Paragraph>22</ref:Paragraph>
      <ref:Subparagraph>j</ref:Subparagraph>
      <ref:URI>http://eifrs.ifrs.org/eifrs/XBRL?type=IAS&amp;num=10&amp;date=2014-03-17&amp;anchor=para_22_j&amp;doctype=Standard</ref:URI>
      <ref:URIDate>2014-03-05</ref:URIDate>
    </link:reference>
    <link:referenceArc xlink:type="arc" xlink:arcrole="http://www.xbrl.org/2003/arcrole/concept-reference" xlink:from="loc_21" xlink:to="res_14"/>
    <link:loc xlink:type="locator" xlink:href="../../full_ifrs-cor_2014-03-05.xsd#ifrs-full_DividendsProposedOrDeclaredBeforeFinancialStatementsAuthorisedForIssueButNotRecognisedAsDistributionToOwners" xlink:label="loc_22"/>
    <link:reference xlink:type="resource" xlink:label="res_15" xlink:role="http://www.xbrl.org/2003/role/disclosureRef">
      <ref:Name>IAS</ref:Name>
      <ref:Number>10</ref:Number>
      <ref:IssueDate>2014-01-01</ref:IssueDate>
      <ref:Paragraph>13</ref:Paragraph>
      <ref:URI>http://eifrs.ifrs.org/eifrs/XBRL?type=IAS&amp;num=10&amp;date=2014-03-17&amp;anchor=para_13&amp;doctype=Standard</ref:URI>
      <ref:URIDate>2014-03-05</ref:URIDate>
    </link:reference>
    <link:referenceArc xlink:type="arc" xlink:arcrole="http://www.xbrl.org/2003/arcrole/concept-reference" xlink:from="loc_22" xlink:to="res_15"/>
    <link:loc xlink:type="locator" xlink:href="../../full_ifrs-cor_2014-03-05.xsd#ifrs-full_MajorOrdinaryShareTransactionsMember" xlink:label="loc_23"/>
    <link:reference xlink:type="resource" xlink:label="res_16" xlink:role="http://www.xbrl.org/2003/role/exampleRef">
      <ref:Name>IAS</ref:Name>
      <ref:Number>10</ref:Number>
      <ref:IssueDate>2014-01-01</ref:IssueDate>
      <ref:Paragraph>22</ref:Paragraph>
      <ref:Subparagraph>f</ref:Subparagraph>
      <ref:URI>http://eifrs.ifrs.org/eifrs/XBRL?type=IAS&amp;num=10&amp;date=2014-03-17&amp;anchor=para_22_f&amp;doctype=Standard</ref:URI>
      <ref:URIDate>2014-03-05</ref:URIDate>
    </link:reference>
    <link:referenceArc xlink:type="arc" xlink:arcrole="http://www.xbrl.org/2003/arcrole/concept-reference" xlink:from="loc_23" xlink:to="res_16"/>
    <link:loc xlink:type="locator" xlink:href="../../full_ifrs-cor_2014-03-05.xsd#ifrs-full_ClassificationOfAssetsAsHeldForSaleMember" xlink:label="loc_24"/>
    <link:referenceArc xlink:type="arc" xlink:arcrole="http://www.xbrl.org/2003/arcrole/concept-reference" xlink:from="loc_24" xlink:to="res_8"/>
    <link:loc xlink:type="locator" xlink:href="../../full_ifrs-cor_2014-03-05.xsd#ifrs-full_PotentialOrdinaryShareTransactionsMember" xlink:label="loc_25"/>
    <link:referenceArc xlink:type="arc" xlink:arcrole="http://www.xbrl.org/2003/arcrole/concept-reference" xlink:from="loc_25" xlink:to="res_16"/>
    <link:loc xlink:type="locator" xlink:href="../../full_ifrs-cor_2014-03-05.xsd#ifrs-full_DateOfAuthorisationForIssueOfFinancialStatements2013" xlink:label="loc_26"/>
    <link:referenceArc xlink:type="arc" xlink:arcrole="http://www.xbrl.org/2003/arcrole/concept-reference" xlink:from="loc_26" xlink:to="res_3"/>
    <link:loc xlink:type="locator" xlink:href="../../20141220/ifrs/ifrs-dk-cor_2014-12-20.xsd#ifrs-dk_OtherExternalExpenses" xlink:label="OtherExternalExpenses" xlink:title="OtherExternalExpenses"/>
    <link:reference xlink:type="resource" xlink:label="reference_OtherExternalExpenses" xlink:role="http://www.xbrl.org/2003/role/disclosureRef" xlink:title="reference_OtherExternalExpenses" id="reference_OtherExternalExpenses">
      <ref:Name>Erhvervsstyrelsen praksis</ref:Name>
    </link:reference>
    <link:referenceArc xlink:type="arc" xlink:arcrole="http://www.xbrl.org/2003/arcrole/concept-reference" xlink:from="OtherExternalExpenses" xlink:to="reference_OtherExternalExpenses" xlink:title="reference: OtherExternalExpenses to reference_OtherExternalExpenses"/>
    <link:loc xlink:type="locator" xlink:href="../../20141220/ifrs/ifrs-dk-cor_2014-12-20.xsd#ifrs-dk_ResearchExpenditure" xlink:label="ResearchExpenditure" xlink:title="ResearchExpenditure"/>
    <link:reference xlink:type="resource" xlink:label="reference_ResearchExpenditure" xlink:role="http://www.xbrl.org/2003/role/disclosureRef" xlink:title="reference_ResearchExpenditure" id="reference_ResearchExpenditure">
      <ref:Name>Erhvervsstyrelsen praksis</ref:Name>
    </link:reference>
    <link:referenceArc xlink:type="arc" xlink:arcrole="http://www.xbrl.org/2003/arcrole/concept-reference" xlink:from="ResearchExpenditure" xlink:to="reference_ResearchExpenditure" xlink:title="reference: ResearchExpenditure to reference_ResearchExpenditure"/>
    <link:loc xlink:type="locator" xlink:href="../../20141220/ifrs/ifrs-dk-cor_2014-12-20.xsd#ifrs-dk_DevelopmentExpenditure" xlink:label="DevelopmentExpenditure" xlink:title="DevelopmentExpenditure"/>
    <link:reference xlink:type="resource" xlink:label="reference_DevelopmentExpenditure" xlink:role="http://www.xbrl.org/2003/role/disclosureRef" xlink:title="reference_DevelopmentExpenditure" id="reference_DevelopmentExpenditure">
      <ref:Name>Erhvervsstyrelsen praksis</ref:Name>
    </link:reference>
    <link:referenceArc xlink:type="arc" xlink:arcrole="http://www.xbrl.org/2003/arcrole/concept-reference" xlink:from="DevelopmentExpenditure" xlink:to="reference_DevelopmentExpenditure" xlink:title="reference: DevelopmentExpenditure to reference_DevelopmentExpenditure"/>
    <link:loc xlink:type="locator" xlink:href="../../20141220/ifrs/ifrs-dk-cor_2014-12-20.xsd#ifrs-dk_SalesCostAndDistributionsCosts" xlink:label="SalesCostAndDistributionsCosts" xlink:title="SalesCostAndDistributionsCosts"/>
    <link:reference xlink:type="resource" xlink:label="reference_SalesCostAndDistributionsCosts" xlink:role="http://www.xbrl.org/2003/role/disclosureRef" xlink:title="reference_SalesCostAndDistributionsCosts" id="reference_SalesCostAndDistributionsCosts">
      <ref:Name>Erhvervsstyrelsen praksis</ref:Name>
    </link:reference>
    <link:referenceArc xlink:type="arc" xlink:arcrole="http://www.xbrl.org/2003/arcrole/concept-reference" xlink:from="SalesCostAndDistributionsCosts" xlink:to="reference_SalesCostAndDistributionsCosts" xlink:title="reference: SalesCostAndDistributionsCosts to reference_SalesCostAndDistributionsCosts"/>
    <link:loc xlink:type="locator" xlink:href="../../20141220/ifrs/ifrs-dk-cor_2014-12-20.xsd#ifrs-dk_DepreciationAmortisationExpenseAndImpairmentLossesOfPropertyPlantAndEquipmentAndIntangibleAssetsRecognisedInProfitOrLoss" xlink:label="DepreciationAmortisationExpenseAndImpairmentLossesOfPropertyPlantAndEquipmentAndIntangibleAssetsRecognisedInProfitOrLoss" xlink:title="DepreciationAmortisationExpenseAndImpairmentLossesOfPropertyPlantAndEquipmentAndIntangibleAssetsRecognisedInProfitOrLoss"/>
    <link:reference xlink:type="resource" xlink:label="reference_DepreciationAmortisationExpenseAndImpairmentLossesOfPropertyPlantAndEquipmentAndIntangibleAssetsRecognisedInProfitOrLoss" xlink:role="http://www.xbrl.org/2003/role/disclosureRef" xlink:title="reference_DepreciationAmortisationExpenseAndImpairmentLossesOfPropertyPlantAndEquipmentAndIntangibleAssetsRecognisedInProfitOrLoss" id="reference_DepreciationAmortisationExpenseAndImpairmentLossesOfPropertyPlantAndEquipmentAndIntangibleAssetsRecognisedInProfitOrLoss">
      <ref:Name>Erhvervsstyrelsen praksis</ref:Name>
    </link:reference>
    <link:referenceArc xlink:type="arc" xlink:arcrole="http://www.xbrl.org/2003/arcrole/concept-reference" xlink:from="DepreciationAmortisationExpenseAndImpairmentLossesOfPropertyPlantAndEquipmentAndIntangibleAssetsRecognisedInProfitOrLoss" xlink:to="reference_DepreciationAmortisationExpenseAndImpairmentLossesOfPropertyPlantAndEquipmentAndIntangibleAssetsRecognisedInProfitOrLoss" xlink:title="reference: DepreciationAmortisationExpenseAndImpairmentLossesOfPropertyPlantAndEquipmentAndIntangibleAssetsRecognisedInProfitOrLoss to reference_DepreciationAmortisationExpenseAndImpairmentLossesOfPropertyPlantAndEquipmentAndIntangibleAssetsRecognisedInProfitOrLoss"/>
    <link:loc xlink:type="locator" xlink:href="../../20141220/ifrs/ifrs-dk-cor_2014-12-20.xsd#ifrs-dk_DepreciationAmortisationExpenseAndImpairmentLossesOfPropertyPlantAndEquipmentRecognisedInProfitOrLoss" xlink:label="DepreciationAmortisationExpenseAndImpairmentLossesOfPropertyPlantAndEquipmentRecognisedInProfitOrLoss" xlink:title="DepreciationAmortisationExpenseAndImpairmentLossesOfPropertyPlantAndEquipmentRecognisedInProfitOrLoss"/>
    <link:reference xlink:type="resource" xlink:label="reference_DepreciationAmortisationExpenseAndImpairmentLossesOfPropertyPlantAndEquipmentRecognisedInProfitOrLoss" xlink:role="http://www.xbrl.org/2003/role/disclosureRef" xlink:title="reference_DepreciationAmortisationExpenseAndImpairmentLossesOfPropertyPlantAndEquipmentRecognisedInProfitOrLoss" id="reference_DepreciationAmortisationExpenseAndImpairmentLossesOfPropertyPlantAndEquipmentRecognisedInProfitOrLoss">
      <ref:Name>Erhvervsstyrelsen praksis</ref:Name>
    </link:reference>
    <link:referenceArc xlink:type="arc" xlink:arcrole="http://www.xbrl.org/2003/arcrole/concept-reference" xlink:from="DepreciationAmortisationExpenseAndImpairmentLossesOfPropertyPlantAndEquipmentRecognisedInProfitOrLoss" xlink:to="reference_DepreciationAmortisationExpenseAndImpairmentLossesOfPropertyPlantAndEquipmentRecognisedInProfitOrLoss" xlink:title="reference: DepreciationAmortisationExpenseAndImpairmentLossesOfPropertyPlantAndEquipmentRecognisedInProfitOrLoss to reference_DepreciationAmortisationExpenseAndImpairmentLossesOfPropertyPlantAndEquipmentRecognisedInProfitOrLoss"/>
    <link:loc xlink:type="locator" xlink:href="../../20141220/ifrs/ifrs-dk-cor_2014-12-20.xsd#ifrs-dk_DepreciationAmortisationExpenseAndImpairmentLossesOfIntangibleAssetsRecognisedInProfitOrLoss" xlink:label="DepreciationAmortisationExpenseAndImpairmentLossesOfIntangibleAssetsRecognisedInProfitOrLoss" xlink:title="DepreciationAmortisationExpenseAndImpairmentLossesOfIntangibleAssetsRecognisedInProfitOrLoss"/>
    <link:reference xlink:type="resource" xlink:label="reference_DepreciationAmortisationExpenseAndImpairmentLossesOfIntangibleAssetsRecognisedInProfitOrLoss" xlink:role="http://www.xbrl.org/2003/role/disclosureRef" xlink:title="reference_DepreciationAmortisationExpenseAndImpairmentLossesOfIntangibleAssetsRecognisedInProfitOrLoss" id="reference_DepreciationAmortisationExpenseAndImpairmentLossesOfIntangibleAssetsRecognisedInProfitOrLoss">
      <ref:Name>Erhvervsstyrelsen praksis</ref:Name>
    </link:reference>
    <link:referenceArc xlink:type="arc" xlink:arcrole="http://www.xbrl.org/2003/arcrole/concept-reference" xlink:from="DepreciationAmortisationExpenseAndImpairmentLossesOfIntangibleAssetsRecognisedInProfitOrLoss" xlink:to="reference_DepreciationAmortisationExpenseAndImpairmentLossesOfIntangibleAssetsRecognisedInProfitOrLoss" xlink:title="reference: DepreciationAmortisationExpenseAndImpairmentLossesOfIntangibleAssetsRecognisedInProfitOrLoss to reference_DepreciationAmortisationExpenseAndImpairmentLossesOfIntangibleAssetsRecognisedInProfitOrLoss"/>
    <link:loc xlink:type="locator" xlink:href="../../20141220/ifrs/ifrs-dk-cor_2014-12-20.xsd#ifrs-dk_ImpairmentOfFinancialAssets" xlink:label="ImpairmentOfFinancialAssets" xlink:title="ImpairmentOfFinancialAssets"/>
    <link:reference xlink:type="resource" xlink:label="reference_ImpairmentOfFinancialAssets" xlink:role="http://www.xbrl.org/2003/role/disclosureRef" xlink:title="reference_ImpairmentOfFinancialAssets" id="reference_ImpairmentOfFinancialAssets">
      <ref:Name>Erhvervsstyrelsen praksis</ref:Name>
    </link:reference>
    <link:referenceArc xlink:type="arc" xlink:arcrole="http://www.xbrl.org/2003/arcrole/concept-reference" xlink:from="ImpairmentOfFinancialAssets" xlink:to="reference_ImpairmentOfFinancialAssets" xlink:title="reference: ImpairmentOfFinancialAssets to reference_ImpairmentOfFinancialAssets"/>
    <link:loc xlink:type="locator" xlink:href="../../20141220/ifrs/ifrs-dk-cor_2014-12-20.xsd#ifrs-dk_ImpairmentOfGoodwill" xlink:label="ImpairmentOfGoodwill" xlink:title="ImpairmentOfGoodwill"/>
    <link:reference xlink:type="resource" xlink:label="reference_ImpairmentOfGoodwill" xlink:role="http://www.xbrl.org/2003/role/disclosureRef" xlink:title="reference_ImpairmentOfGoodwill" id="reference_ImpairmentOfGoodwill">
      <ref:Name>Erhvervsstyrelsen praksis</ref:Name>
    </link:reference>
    <link:referenceArc xlink:type="arc" xlink:arcrole="http://www.xbrl.org/2003/arcrole/concept-reference" xlink:from="ImpairmentOfGoodwill" xlink:to="reference_ImpairmentOfGoodwill" xlink:title="reference: ImpairmentOfGoodwill to reference_ImpairmentOfGoodwill"/>
    <link:loc xlink:type="locator" xlink:href="../../20141220/ifrs/ifrs-dk-cor_2014-12-20.xsd#ifrs-dk_ProfitLossFromOperatingActivitiesBeforeDeprecitionAndAmortisationExpenses" xlink:label="ProfitLossFromOperatingActivitiesBeforeDeprecitionAndAmortisationExpenses" xlink:title="ProfitLossFromOperatingActivitiesBeforeDeprecitionAndAmortisationExpenses"/>
    <link:reference xlink:type="resource" xlink:label="reference_ProfitLossFromOperatingActivitiesBeforeDeprecitionAndAmortisationExpenses" xlink:role="http://www.xbrl.org/2003/role/disclosureRef" xlink:title="reference_ProfitLossFromOperatingActivitiesBeforeDeprecitionAndAmortisationExpenses" id="reference_ProfitLossFromOperatingActivitiesBeforeDeprecitionAndAmortisationExpenses">
      <ref:Name>Erhvervsstyrelsen praksis</ref:Name>
    </link:reference>
    <link:referenceArc xlink:type="arc" xlink:arcrole="http://www.xbrl.org/2003/arcrole/concept-reference" xlink:from="ProfitLossFromOperatingActivitiesBeforeDeprecitionAndAmortisationExpenses" xlink:to="reference_ProfitLossFromOperatingActivitiesBeforeDeprecitionAndAmortisationExpenses" xlink:title="reference: ProfitLossFromOperatingActivitiesBeforeDeprecitionAndAmortisationExpenses to reference_ProfitLossFromOperatingActivitiesBeforeDeprecitionAndAmortisationExpenses"/>
    <link:loc xlink:type="locator" xlink:href="../../20141220/ifrs/ifrs-dk-cor_2014-12-20.xsd#ifrs-dk_PlantAndMachinery" xlink:label="PlantAndMachinery" xlink:title="PlantAndMachinery"/>
    <link:reference xlink:type="resource" xlink:label="reference_PlantAndMachinery" xlink:role="http://www.xbrl.org/2003/role/disclosureRef" xlink:title="reference_PlantAndMachinery" id="reference_PlantAndMachinery">
      <ref:Name>Erhvervsstyrelsen praksis</ref:Name>
    </link:reference>
    <link:referenceArc xlink:type="arc" xlink:arcrole="http://www.xbrl.org/2003/arcrole/concept-reference" xlink:from="PlantAndMachinery" xlink:to="reference_PlantAndMachinery" xlink:title="reference: PlantAndMachinery to reference_PlantAndMachinery"/>
    <link:loc xlink:type="locator" xlink:href="../../20141220/ifrs/ifrs-dk-cor_2014-12-20.xsd#ifrs-dk_OtherPlantFixturesAndFittingsToolsAndEquipment" xlink:label="OtherPlantFixturesAndFittingsToolsAndEquipment" xlink:title="OtherPlantFixturesAndFittingsToolsAndEquipment"/>
    <link:reference xlink:type="resource" xlink:label="reference_OtherPlantFixturesAndFittingsToolsAndEquipment" xlink:role="http://www.xbrl.org/2003/role/disclosureRef" xlink:title="reference_OtherPlantFixturesAndFittingsToolsAndEquipment" id="reference_OtherPlantFixturesAndFittingsToolsAndEquipment">
      <ref:Name>Erhvervsstyrelsen praksis</ref:Name>
    </link:reference>
    <link:referenceArc xlink:type="arc" xlink:arcrole="http://www.xbrl.org/2003/arcrole/concept-reference" xlink:from="OtherPlantFixturesAndFittingsToolsAndEquipment" xlink:to="reference_OtherPlantFixturesAndFittingsToolsAndEquipment" xlink:title="reference: OtherPlantFixturesAndFittingsToolsAndEquipment to reference_OtherPlantFixturesAndFittingsToolsAndEquipment"/>
    <link:loc xlink:type="locator" xlink:href="../../20141220/ifrs/ifrs-dk-cor_2014-12-20.xsd#ifrs-dk_PropertyPlantAndEquipmentInProgressAndPrepaymentsForPropertyPlantAndEquipment" xlink:label="PropertyPlantAndEquipmentInProgressAndPrepaymentsForPropertyPlantAndEquipment" xlink:title="PropertyPlantAndEquipmentInProgressAndPrepaymentsForPropertyPlantAndEquipment"/>
    <link:reference xlink:type="resource" xlink:label="reference_PropertyPlantAndEquipmentInProgressAndPrepaymentsForPropertyPlantAndEquipment" xlink:role="http://www.xbrl.org/2003/role/disclosureRef" xlink:title="reference_PropertyPlantAndEquipmentInProgressAndPrepaymentsForPropertyPlantAndEquipment" id="reference_PropertyPlantAndEquipmentInProgressAndPrepaymentsForPropertyPlantAndEquipment">
      <ref:Name>Erhvervsstyrelsen praksis</ref:Name>
    </link:reference>
    <link:referenceArc xlink:type="arc" xlink:arcrole="http://www.xbrl.org/2003/arcrole/concept-reference" xlink:from="PropertyPlantAndEquipmentInProgressAndPrepaymentsForPropertyPlantAndEquipment" xlink:to="reference_PropertyPlantAndEquipmentInProgressAndPrepaymentsForPropertyPlantAndEquipment" xlink:title="reference: PropertyPlantAndEquipmentInProgressAndPrepaymentsForPropertyPlantAndEquipment to reference_PropertyPlantAndEquipmentInProgressAndPrepaymentsForPropertyPlantAndEquipment"/>
    <link:loc xlink:type="locator" xlink:href="../../20141220/ifrs/ifrs-dk-cor_2014-12-20.xsd#ifrs-dk_PropertyPlantAndEquipmentInProgress" xlink:label="PropertyPlantAndEquipmentInProgress" xlink:title="PropertyPlantAndEquipmentInProgress"/>
    <link:reference xlink:type="resource" xlink:label="reference_PropertyPlantAndEquipmentInProgress" xlink:role="http://www.xbrl.org/2003/role/disclosureRef" xlink:title="reference_PropertyPlantAndEquipmentInProgress" id="reference_PropertyPlantAndEquipmentInProgress">
      <ref:Name>Erhvervsstyrelsen praksis</ref:Name>
    </link:reference>
    <link:referenceArc xlink:type="arc" xlink:arcrole="http://www.xbrl.org/2003/arcrole/concept-reference" xlink:from="PropertyPlantAndEquipmentInProgress" xlink:to="reference_PropertyPlantAndEquipmentInProgress" xlink:title="reference: PropertyPlantAndEquipmentInProgress to reference_PropertyPlantAndEquipmentInProgress"/>
    <link:loc xlink:type="locator" xlink:href="../../20141220/ifrs/ifrs-dk-cor_2014-12-20.xsd#ifrs-dk_PrepaymentsForPropertyPlantAndEquipment" xlink:label="PrepaymentsForPropertyPlantAndEquipment" xlink:title="PrepaymentsForPropertyPlantAndEquipment"/>
    <link:reference xlink:type="resource" xlink:label="reference_PrepaymentsForPropertyPlantAndEquipment" xlink:role="http://www.xbrl.org/2003/role/disclosureRef" xlink:title="reference_PrepaymentsForPropertyPlantAndEquipment" id="reference_PrepaymentsForPropertyPlantAndEquipment">
      <ref:Name>Erhvervsstyrelsen praksis</ref:Name>
    </link:reference>
    <link:referenceArc xlink:type="arc" xlink:arcrole="http://www.xbrl.org/2003/arcrole/concept-reference" xlink:from="PrepaymentsForPropertyPlantAndEquipment" xlink:to="reference_PrepaymentsForPropertyPlantAndEquipment" xlink:title="reference: PrepaymentsForPropertyPlantAndEquipment to reference_PrepaymentsForPropertyPlantAndEquipment"/>
    <link:loc xlink:type="locator" xlink:href="../../20141220/ifrs/ifrs-dk-cor_2014-12-20.xsd#ifrs-dk_ProductionFacilityAndMachinery" xlink:label="ProductionFacilityAndMachinery" xlink:title="ProductionFacilityAndMachinery"/>
    <link:reference xlink:type="resource" xlink:label="reference_ProductionFacilityAndMachinery" xlink:role="http://www.xbrl.org/2003/role/disclosureRef" xlink:title="reference_ProductionFacilityAndMachinery" id="reference_ProductionFacilityAndMachinery">
      <ref:Name>Erhvervsstyrelsen praksis</ref:Name>
    </link:reference>
    <link:referenceArc xlink:type="arc" xlink:arcrole="http://www.xbrl.org/2003/arcrole/concept-reference" xlink:from="ProductionFacilityAndMachinery" xlink:to="reference_ProductionFacilityAndMachinery" xlink:title="reference: ProductionFacilityAndMachinery to reference_ProductionFacilityAndMachinery"/>
    <link:loc xlink:type="locator" xlink:href="../../20141220/ifrs/ifrs-dk-cor_2014-12-20.xsd#ifrs-dk_OtherPlantEquipmentAndFixtures" xlink:label="OtherPlantEquipmentAndFixtures" xlink:title="OtherPlantEquipmentAndFixtures"/>
    <link:reference xlink:type="resource" xlink:label="reference_OtherPlantEquipmentAndFixtures" xlink:role="http://www.xbrl.org/2003/role/disclosureRef" xlink:title="reference_OtherPlantEquipmentAndFixtures" id="reference_OtherPlantEquipmentAndFixtures">
      <ref:Name>Erhvervsstyrelsen praksis</ref:Name>
    </link:reference>
    <link:referenceArc xlink:type="arc" xlink:arcrole="http://www.xbrl.org/2003/arcrole/concept-reference" xlink:from="OtherPlantEquipmentAndFixtures" xlink:to="reference_OtherPlantEquipmentAndFixtures" xlink:title="reference: OtherPlantEquipmentAndFixtures to reference_OtherPlantEquipmentAndFixtures"/>
    <link:loc xlink:type="locator" xlink:href="../../20141220/ifrs/ifrs-dk-cor_2014-12-20.xsd#ifrs-dk_TangibleExplorationActivities" xlink:label="TangibleExplorationActivities" xlink:title="TangibleExplorationActivities"/>
    <link:reference xlink:type="resource" xlink:label="reference_TangibleExplorationActivities" xlink:role="http://www.xbrl.org/2003/role/disclosureRef" xlink:title="reference_TangibleExplorationActivities" id="reference_TangibleExplorationActivities">
      <ref:Name>IFRS 6 2014-01-01 15</ref:Name>
    </link:reference>
    <link:referenceArc xlink:type="arc" xlink:arcrole="http://www.xbrl.org/2003/arcrole/concept-reference" xlink:from="TangibleExplorationActivities" xlink:to="reference_TangibleExplorationActivities" xlink:title="reference: TangibleExplorationActivities to reference_TangibleExplorationActivities"/>
    <link:loc xlink:type="locator" xlink:href="../../20141220/ifrs/ifrs-dk-cor_2014-12-20.xsd#ifrs-dk_PatentsLicensesAndSoftware" xlink:label="PatentsLicensesAndSoftware" xlink:title="PatentsLicensesAndSoftware"/>
    <link:reference xlink:type="resource" xlink:label="reference_PatentsLicensesAndSoftware" xlink:role="http://www.xbrl.org/2003/role/disclosureRef" xlink:title="reference_PatentsLicensesAndSoftware" id="reference_PatentsLicensesAndSoftware">
      <ref:Name>Erhvervsstyrelsen praksis</ref:Name>
    </link:reference>
    <link:referenceArc xlink:type="arc" xlink:arcrole="http://www.xbrl.org/2003/arcrole/concept-reference" xlink:from="PatentsLicensesAndSoftware" xlink:to="reference_PatentsLicensesAndSoftware" xlink:title="reference: PatentsLicensesAndSoftware to reference_PatentsLicensesAndSoftware"/>
    <link:loc xlink:type="locator" xlink:href="../../20141220/ifrs/ifrs-dk-cor_2014-12-20.xsd#ifrs-dk_PatentsAndLicenses" xlink:label="PatentsAndLicenses" xlink:title="PatentsAndLicenses"/>
    <link:reference xlink:type="resource" xlink:label="reference_PatentsAndLicenses" xlink:role="http://www.xbrl.org/2003/role/disclosureRef" xlink:title="reference_PatentsAndLicenses" id="reference_PatentsAndLicenses">
      <ref:Name>Erhvervsstyrelsen praksis</ref:Name>
    </link:reference>
    <link:referenceArc xlink:type="arc" xlink:arcrole="http://www.xbrl.org/2003/arcrole/concept-reference" xlink:from="PatentsAndLicenses" xlink:to="reference_PatentsAndLicenses" xlink:title="reference: PatentsAndLicenses to reference_PatentsAndLicenses"/>
    <link:loc xlink:type="locator" xlink:href="../../20141220/ifrs/ifrs-dk-cor_2014-12-20.xsd#ifrs-dk_OtherSecuritiesAndInvestments" xlink:label="OtherSecuritiesAndInvestments" xlink:title="OtherSecuritiesAndInvestments"/>
    <link:reference xlink:type="resource" xlink:label="reference_OtherSecuritiesAndInvestments" xlink:role="http://www.xbrl.org/2003/role/disclosureRef" xlink:title="reference_OtherSecuritiesAndInvestments" id="reference_OtherSecuritiesAndInvestments">
      <ref:Name>Erhvervsstyrelsen praksis</ref:Name>
    </link:reference>
    <link:referenceArc xlink:type="arc" xlink:arcrole="http://www.xbrl.org/2003/arcrole/concept-reference" xlink:from="OtherSecuritiesAndInvestments" xlink:to="reference_OtherSecuritiesAndInvestments" xlink:title="reference: OtherSecuritiesAndInvestments to reference_OtherSecuritiesAndInvestments"/>
    <link:loc xlink:type="locator" xlink:href="../../20141220/ifrs/ifrs-dk-cor_2014-12-20.xsd#ifrs-dk_CurrentPortionOfNonCurrentPayables" xlink:label="CurrentPortionOfNonCurrentPayables" xlink:title="CurrentPortionOfNonCurrentPayables"/>
    <link:reference xlink:type="resource" xlink:label="reference_CurrentPortionOfNonCurrentPayables" xlink:role="http://www.xbrl.org/2003/role/disclosureRef" xlink:title="reference_CurrentPortionOfNonCurrentPayables" id="reference_CurrentPortionOfNonCurrentPayables">
      <ref:Name>Erhvervsstyrelsen praksis</ref:Name>
    </link:reference>
    <link:referenceArc xlink:type="arc" xlink:arcrole="http://www.xbrl.org/2003/arcrole/concept-reference" xlink:from="CurrentPortionOfNonCurrentPayables" xlink:to="reference_CurrentPortionOfNonCurrentPayables" xlink:title="reference: CurrentPortionOfNonCurrentPayables to reference_CurrentPortionOfNonCurrentPayables"/>
    <link:loc xlink:type="locator" xlink:href="../../20141220/ifrs/ifrs-dk-cor_2014-12-20.xsd#ifrs-dk_TradeAndOtherCurrentPayablesToSubsidiariesAndShareholdersAndManagement" xlink:label="TradeAndOtherCurrentPayablesToSubsidiariesAndShareholdersAndManagement" xlink:title="TradeAndOtherCurrentPayablesToSubsidiariesAndShareholdersAndManagement"/>
    <link:reference xlink:type="resource" xlink:label="reference_TradeAndOtherCurrentPayablesToSubsidiariesAndShareholdersAndManagement" xlink:role="http://www.xbrl.org/2003/role/disclosureRef" xlink:title="reference_TradeAndOtherCurrentPayablesToSubsidiariesAndShareholdersAndManagement" id="reference_TradeAndOtherCurrentPayablesToSubsidiariesAndShareholdersAndManagement">
      <ref:Name>Erhvervsstyrelsen praksis</ref:Name>
    </link:reference>
    <link:referenceArc xlink:type="arc" xlink:arcrole="http://www.xbrl.org/2003/arcrole/concept-reference" xlink:from="TradeAndOtherCurrentPayablesToSubsidiariesAndShareholdersAndManagement" xlink:to="reference_TradeAndOtherCurrentPayablesToSubsidiariesAndShareholdersAndManagement" xlink:title="reference: TradeAndOtherCurrentPayablesToSubsidiariesAndShareholdersAndManagement to reference_TradeAndOtherCurrentPayablesToSubsidiariesAndShareholdersAndManagement"/>
    <link:loc xlink:type="locator" xlink:href="../../20141220/ifrs/ifrs-dk-cor_2014-12-20.xsd#ifrs-dk_TradeandOtherCurrentPayablesToShareholdersAndManagement" xlink:label="TradeandOtherCurrentPayablesToShareholdersAndManagement" xlink:title="TradeandOtherCurrentPayablesToShareholdersAndManagement"/>
    <link:reference xlink:type="resource" xlink:label="reference_TradeandOtherCurrentPayablesToShareholdersAndManagement" xlink:role="http://www.xbrl.org/2003/role/disclosureRef" xlink:title="reference_TradeandOtherCurrentPayablesToShareholdersAndManagement" id="reference_TradeandOtherCurrentPayablesToShareholdersAndManagement">
      <ref:Name>Erhvervsstyrelsen praksis</ref:Name>
    </link:reference>
    <link:referenceArc xlink:type="arc" xlink:arcrole="http://www.xbrl.org/2003/arcrole/concept-reference" xlink:from="TradeandOtherCurrentPayablesToShareholdersAndManagement" xlink:to="reference_TradeandOtherCurrentPayablesToShareholdersAndManagement" xlink:title="reference: TradeandOtherCurrentPayablesToShareholdersAndManagement to reference_TradeandOtherCurrentPayablesToShareholdersAndManagement"/>
    <link:loc xlink:type="locator" xlink:href="../../20141220/ifrs/ifrs-dk-cor_2014-12-20.xsd#ifrs-dk_NonCurrentPayablesToSubsidiariesAndShareholdersAndManagement" xlink:label="NonCurrentPayablesToSubsidiariesAndShareholdersAndManagement" xlink:title="NonCurrentPayablesToSubsidiariesAndShareholdersAndManagement"/>
    <link:reference xlink:type="resource" xlink:label="reference_NonCurrentPayablesToSubsidiariesAndShareholdersAndManagement" xlink:role="http://www.xbrl.org/2003/role/disclosureRef" xlink:title="reference_NonCurrentPayablesToSubsidiariesAndShareholdersAndManagement" id="reference_NonCurrentPayablesToSubsidiariesAndShareholdersAndManagement">
      <ref:Name>Erhvervsstyrelsen praksis</ref:Name>
    </link:reference>
    <link:referenceArc xlink:type="arc" xlink:arcrole="http://www.xbrl.org/2003/arcrole/concept-reference" xlink:from="NonCurrentPayablesToSubsidiariesAndShareholdersAndManagement" xlink:to="reference_NonCurrentPayablesToSubsidiariesAndShareholdersAndManagement" xlink:title="reference: NonCurrentPayablesToSubsidiariesAndShareholdersAndManagement to reference_NonCurrentPayablesToSubsidiariesAndShareholdersAndManagement"/>
    <link:loc xlink:type="locator" xlink:href="../../20141220/ifrs/ifrs-dk-cor_2014-12-20.xsd#ifrs-dk_NonCurrentPayablesToShareholdersAndManagement" xlink:label="NonCurrentPayablesToShareholdersAndManagement" xlink:title="NonCurrentPayablesToShareholdersAndManagement"/>
    <link:reference xlink:type="resource" xlink:label="reference_NonCurrentPayablesToShareholdersAndManagement" xlink:role="http://www.xbrl.org/2003/role/disclosureRef" xlink:title="reference_NonCurrentPayablesToShareholdersAndManagement" id="reference_NonCurrentPayablesToShareholdersAndManagement">
      <ref:Name>Erhvervsstyrelsen praksis</ref:Name>
    </link:reference>
    <link:referenceArc xlink:type="arc" xlink:arcrole="http://www.xbrl.org/2003/arcrole/concept-reference" xlink:from="NonCurrentPayablesToShareholdersAndManagement" xlink:to="reference_NonCurrentPayablesToShareholdersAndManagement" xlink:title="reference: NonCurrentPayablesToShareholdersAndManagement to reference_NonCurrentPayablesToShareholdersAndManagement"/>
    <link:loc xlink:type="locator" xlink:href="../../20141220/ifrs/ifrs-dk-cor_2014-12-20.xsd#ifrs-dk_AdjustmentsForDecreaseIncreaseInWorkingCapital" xlink:label="AdjustmentsForDecreaseIncreaseInWorkingCapital" xlink:title="AdjustmentsForDecreaseIncreaseInWorkingCapital"/>
    <link:reference xlink:type="resource" xlink:label="reference_AdjustmentsForDecreaseIncreaseInWorkingCapital" xlink:role="http://www.xbrl.org/2003/role/disclosureRef" xlink:title="reference_AdjustmentsForDecreaseIncreaseInWorkingCapital" id="reference_AdjustmentsForDecreaseIncreaseInWorkingCapital">
      <ref:Name>Erhvervsstyrelsen praksis</ref:Name>
    </link:reference>
    <link:referenceArc xlink:type="arc" xlink:arcrole="http://www.xbrl.org/2003/arcrole/concept-reference" xlink:from="AdjustmentsForDecreaseIncreaseInWorkingCapital" xlink:to="reference_AdjustmentsForDecreaseIncreaseInWorkingCapital" xlink:title="reference: AdjustmentsForDecreaseIncreaseInWorkingCapital to reference_AdjustmentsForDecreaseIncreaseInWorkingCapital"/>
    <link:loc xlink:type="locator" xlink:href="../../20141220/ifrs/ifrs-dk-cor_2014-12-20.xsd#ifrs-dk_DecreaseIncreaseInInventories" xlink:label="DecreaseIncreaseInInventories" xlink:title="DecreaseIncreaseInInventories"/>
    <link:reference xlink:type="resource" xlink:label="reference_DecreaseIncreaseInInventories" xlink:role="http://www.xbrl.org/2003/role/disclosureRef" xlink:title="reference_DecreaseIncreaseInInventories" id="reference_DecreaseIncreaseInInventories">
      <ref:Name>Erhvervsstyrelsen praksis</ref:Name>
    </link:reference>
    <link:referenceArc xlink:type="arc" xlink:arcrole="http://www.xbrl.org/2003/arcrole/concept-reference" xlink:from="DecreaseIncreaseInInventories" xlink:to="reference_DecreaseIncreaseInInventories" xlink:title="reference: DecreaseIncreaseInInventories to reference_DecreaseIncreaseInInventories"/>
    <link:loc xlink:type="locator" xlink:href="../../20141220/ifrs/ifrs-dk-cor_2014-12-20.xsd#ifrs-dk_DecreaseIncreaseInReceivables" xlink:label="DecreaseIncreaseInReceivables" xlink:title="DecreaseIncreaseInReceivables"/>
    <link:reference xlink:type="resource" xlink:label="reference_DecreaseIncreaseInReceivables" xlink:role="http://www.xbrl.org/2003/role/disclosureRef" xlink:title="reference_DecreaseIncreaseInReceivables" id="reference_DecreaseIncreaseInReceivables">
      <ref:Name>Erhvervsstyrelsen praksis</ref:Name>
    </link:reference>
    <link:referenceArc xlink:type="arc" xlink:arcrole="http://www.xbrl.org/2003/arcrole/concept-reference" xlink:from="DecreaseIncreaseInReceivables" xlink:to="reference_DecreaseIncreaseInReceivables" xlink:title="reference: DecreaseIncreaseInReceivables to reference_DecreaseIncreaseInReceivables"/>
    <link:loc xlink:type="locator" xlink:href="../../20141220/ifrs/ifrs-dk-cor_2014-12-20.xsd#ifrs-dk_DecreaseIncreaseInTradePayables" xlink:label="DecreaseIncreaseInTradePayables" xlink:title="DecreaseIncreaseInTradePayables"/>
    <link:reference xlink:type="resource" xlink:label="reference_DecreaseIncreaseInTradePayables" xlink:role="http://www.xbrl.org/2003/role/disclosureRef" xlink:title="reference_DecreaseIncreaseInTradePayables" id="reference_DecreaseIncreaseInTradePayables">
      <ref:Name>Erhvervsstyrelsen praksis</ref:Name>
    </link:reference>
    <link:referenceArc xlink:type="arc" xlink:arcrole="http://www.xbrl.org/2003/arcrole/concept-reference" xlink:from="DecreaseIncreaseInTradePayables" xlink:to="reference_DecreaseIncreaseInTradePayables" xlink:title="reference: DecreaseIncreaseInTradePayables to reference_DecreaseIncreaseInTradePayables"/>
    <link:loc xlink:type="locator" xlink:href="../../20141220/ifrs/ifrs-dk-cor_2014-12-20.xsd#ifrs-dk_OtherAdjustmentsForDecreaseIncreaseInWorkingCapital" xlink:label="OtherAdjustmentsForDecreaseIncreaseInWorkingCapital" xlink:title="OtherAdjustmentsForDecreaseIncreaseInWorkingCapital"/>
    <link:reference xlink:type="resource" xlink:label="reference_OtherAdjustmentsForDecreaseIncreaseInWorkingCapital" xlink:role="http://www.xbrl.org/2003/role/disclosureRef" xlink:title="reference_OtherAdjustmentsForDecreaseIncreaseInWorkingCapital" id="reference_OtherAdjustmentsForDecreaseIncreaseInWorkingCapital">
      <ref:Name>Erhvervsstyrelsen praksis</ref:Name>
    </link:reference>
    <link:referenceArc xlink:type="arc" xlink:arcrole="http://www.xbrl.org/2003/arcrole/concept-reference" xlink:from="OtherAdjustmentsForDecreaseIncreaseInWorkingCapital" xlink:to="reference_OtherAdjustmentsForDecreaseIncreaseInWorkingCapital" xlink:title="reference: OtherAdjustmentsForDecreaseIncreaseInWorkingCapital to reference_OtherAdjustmentsForDecreaseIncreaseInWorkingCapital"/>
    <link:loc xlink:type="locator" xlink:href="../../20141220/ifrs/ifrs-dk-cor_2014-12-20.xsd#ifrs-dk_AdjustmentsForDepreciationAndImpairmentLoss" xlink:label="AdjustmentsForDepreciationAndImpairmentLoss" xlink:title="AdjustmentsForDepreciationAndImpairmentLoss"/>
    <link:reference xlink:type="resource" xlink:label="reference_AdjustmentsForDepreciationAndImpairmentLoss" xlink:role="http://www.xbrl.org/2003/role/disclosureRef" xlink:title="reference_AdjustmentsForDepreciationAndImpairmentLoss" id="reference_AdjustmentsForDepreciationAndImpairmentLoss">
      <ref:Name>Erhvervsstyrelsen praksis</ref:Name>
    </link:reference>
    <link:referenceArc xlink:type="arc" xlink:arcrole="http://www.xbrl.org/2003/arcrole/concept-reference" xlink:from="AdjustmentsForDepreciationAndImpairmentLoss" xlink:to="reference_AdjustmentsForDepreciationAndImpairmentLoss" xlink:title="reference: AdjustmentsForDepreciationAndImpairmentLoss to reference_AdjustmentsForDepreciationAndImpairmentLoss"/>
    <link:loc xlink:type="locator" xlink:href="../../20141220/ifrs/ifrs-dk-cor_2014-12-20.xsd#ifrs-dk_LoansToSubsidiaries" xlink:label="LoansToSubsidiaries" xlink:title="LoansToSubsidiaries"/>
    <link:reference xlink:type="resource" xlink:label="reference_LoansToSubsidiaries" xlink:role="http://www.xbrl.org/2003/role/disclosureRef" xlink:title="reference_LoansToSubsidiaries" id="reference_LoansToSubsidiaries">
      <ref:Name>Erhvervsstyrelsen praksis</ref:Name>
    </link:reference>
    <link:referenceArc xlink:type="arc" xlink:arcrole="http://www.xbrl.org/2003/arcrole/concept-reference" xlink:from="LoansToSubsidiaries" xlink:to="reference_LoansToSubsidiaries" xlink:title="reference: LoansToSubsidiaries to reference_LoansToSubsidiaries"/>
    <link:loc xlink:type="locator" xlink:href="../../20141220/ifrs/ifrs-dk-cor_2014-12-20.xsd#ifrs-dk_DividensDistributedToNonControllingInterests" xlink:label="DividensDistributedToNonControllingInterests" xlink:title="DividensDistributedToNonControllingInterests"/>
    <link:reference xlink:type="resource" xlink:label="reference_DividensDistributedToNonControllingInterests" xlink:role="http://www.xbrl.org/2003/role/disclosureRef" xlink:title="reference_DividensDistributedToNonControllingInterests" id="reference_DividensDistributedToNonControllingInterests">
      <ref:Name>Erhvervsstyrelsen praksis</ref:Name>
    </link:reference>
    <link:referenceArc xlink:type="arc" xlink:arcrole="http://www.xbrl.org/2003/arcrole/concept-reference" xlink:from="DividensDistributedToNonControllingInterests" xlink:to="reference_DividensDistributedToNonControllingInterests" xlink:title="reference: DividensDistributedToNonControllingInterests to reference_DividensDistributedToNonControllingInterests"/>
    <link:loc xlink:type="locator" xlink:href="../../20141220/ifrs/ifrs-dk-cor_2014-12-20.xsd#ifrs-dk_IncreaseOfShareCapital" xlink:label="IncreaseOfShareCapital" xlink:title="IncreaseOfShareCapital"/>
    <link:reference xlink:type="resource" xlink:label="reference_IncreaseOfShareCapital" xlink:role="http://www.xbrl.org/2003/role/disclosureRef" xlink:title="reference_IncreaseOfShareCapital" id="reference_IncreaseOfShareCapital">
      <ref:Name>Erhvervsstyrelsen praksis</ref:Name>
    </link:reference>
    <link:referenceArc xlink:type="arc" xlink:arcrole="http://www.xbrl.org/2003/arcrole/concept-reference" xlink:from="IncreaseOfShareCapital" xlink:to="reference_IncreaseOfShareCapital" xlink:title="reference: IncreaseOfShareCapital to reference_IncreaseOfShareCapital"/>
    <link:loc xlink:type="locator" xlink:href="../../20141220/ifrs/ifrs-dk-cor_2014-12-20.xsd#ifrs-dk_TransferIncome" xlink:label="TransferIncome" xlink:title="TransferIncome"/>
    <link:reference xlink:type="resource" xlink:label="reference_TransferIncome" xlink:role="http://www.xbrl.org/2003/role/disclosureRef" xlink:title="reference_TransferIncome" id="reference_TransferIncome">
      <ref:Name>Erhvervsstyrelsen praksis</ref:Name>
    </link:reference>
    <link:referenceArc xlink:type="arc" xlink:arcrole="http://www.xbrl.org/2003/arcrole/concept-reference" xlink:from="TransferIncome" xlink:to="reference_TransferIncome" xlink:title="reference: TransferIncome to reference_TransferIncome"/>
    <link:loc xlink:type="locator" xlink:href="../../20141220/ifrs/ifrs-dk-cor_2014-12-20.xsd#ifrs-dk_DepreciationOfTransferRights" xlink:label="DepreciationOfTransferRights" xlink:title="DepreciationOfTransferRights"/>
    <link:reference xlink:type="resource" xlink:label="reference_DepreciationOfTransferRights" xlink:role="http://www.xbrl.org/2003/role/disclosureRef" xlink:title="reference_DepreciationOfTransferRights" id="reference_DepreciationOfTransferRights">
      <ref:Name>Erhvervsstyrelsen praksis</ref:Name>
    </link:reference>
    <link:referenceArc xlink:type="arc" xlink:arcrole="http://www.xbrl.org/2003/arcrole/concept-reference" xlink:from="DepreciationOfTransferRights" xlink:to="reference_DepreciationOfTransferRights" xlink:title="reference: DepreciationOfTransferRights to reference_DepreciationOfTransferRights"/>
    <link:loc xlink:type="locator" xlink:href="../../20141220/ifrs/ifrs-dk-cor_2014-12-20.xsd#ifrs-dk_TransferRights" xlink:label="TransferRights" xlink:title="TransferRights"/>
    <link:reference xlink:type="resource" xlink:label="reference_TransferRights" xlink:role="http://www.xbrl.org/2003/role/disclosureRef" xlink:title="reference_TransferRights" id="reference_TransferRights">
      <ref:Name>Erhvervsstyrelsen praksis</ref:Name>
    </link:reference>
    <link:referenceArc xlink:type="arc" xlink:arcrole="http://www.xbrl.org/2003/arcrole/concept-reference" xlink:from="TransferRights" xlink:to="reference_TransferRights" xlink:title="reference: TransferRights to reference_TransferRights"/>
    <link:loc xlink:type="locator" xlink:href="../../20141220/ifrs/ifrs-dk-cor_2014-12-20.xsd#ifrs-dk_TransferToNetSalesNetOfTax" xlink:label="TransferToNetSales" xlink:title="TransferToNetSales"/>
    <link:reference xlink:type="resource" xlink:label="reference_TransferToNetSales" xlink:role="http://www.xbrl.org/2003/role/disclosureRef" xlink:title="reference_TransferToNetSales" id="reference_TransferToNetSales">
      <ref:Name>Erhvervsstyrelsen praksis</ref:Name>
    </link:reference>
    <link:referenceArc xlink:type="arc" xlink:arcrole="http://www.xbrl.org/2003/arcrole/concept-reference" xlink:from="TransferToNetSales" xlink:to="reference_TransferToNetSales" xlink:title="reference: TransferToNetSales to reference_TransferToNetSales"/>
    <link:loc xlink:type="locator" xlink:href="../../20141220/ifrs/ifrs-dk-cor_2014-12-20.xsd#ifrs-dk_TransferToProductionCostNetOfTax" xlink:label="TransferToProductionCost" xlink:title="TransferToProductionCost"/>
    <link:reference xlink:type="resource" xlink:label="reference_TransferToProductionCost" xlink:role="http://www.xbrl.org/2003/role/disclosureRef" xlink:title="reference_TransferToProductionCost" id="reference_TransferToProductionCost">
      <ref:Name>Erhvervsstyrelsen praksis</ref:Name>
    </link:reference>
    <link:referenceArc xlink:type="arc" xlink:arcrole="http://www.xbrl.org/2003/arcrole/concept-reference" xlink:from="TransferToProductionCost" xlink:to="reference_TransferToProductionCost" xlink:title="reference: TransferToProductionCost to reference_TransferToProductionCost"/>
    <link:loc xlink:type="locator" xlink:href="../../20141220/ifrs/ifrs-dk-cor_2014-12-20.xsd#ifrs-dk_TransferToCostOfSalesNetOfTax" xlink:label="TransferToCostOfSales" xlink:title="TransferToCostOfSales"/>
    <link:reference xlink:type="resource" xlink:label="reference_TransferToCostOfSales" xlink:role="http://www.xbrl.org/2003/role/disclosureRef" xlink:title="reference_TransferToCostOfSales" id="reference_TransferToCostOfSales">
      <ref:Name>Erhvervsstyrelsen praksis</ref:Name>
    </link:reference>
    <link:referenceArc xlink:type="arc" xlink:arcrole="http://www.xbrl.org/2003/arcrole/concept-reference" xlink:from="TransferToCostOfSales" xlink:to="reference_TransferToCostOfSales" xlink:title="reference: TransferToCostOfSales to reference_TransferToCostOfSales"/>
    <link:loc xlink:type="locator" xlink:href="../../20141220/ifrs/ifrs-dk-cor_2014-12-20.xsd#ifrs-dk_TransferToFinanceCostNetOfTax" xlink:label="TransferToFinanceCost" xlink:title="TransferToFinanceCost"/>
    <link:reference xlink:type="resource" xlink:label="reference_TransferToFinanceCost" xlink:role="http://www.xbrl.org/2003/role/disclosureRef" xlink:title="reference_TransferToFinanceCost" id="reference_TransferToFinanceCost">
      <ref:Name>Erhvervsstyrelsen praksis</ref:Name>
    </link:reference>
    <link:referenceArc xlink:type="arc" xlink:arcrole="http://www.xbrl.org/2003/arcrole/concept-reference" xlink:from="TransferToFinanceCost" xlink:to="reference_TransferToFinanceCost" xlink:title="reference: TransferToFinanceCost to reference_TransferToFinanceCost"/>
    <link:loc xlink:type="locator" xlink:href="../../20141220/ifrs/ifrs-dk-cor_2014-12-20.xsd#ifrs-dk_HedgesValueAdjustmentsNetOfTax" xlink:label="HedgesValueAdjustments" xlink:title="HedgesValueAdjustments"/>
    <link:reference xlink:type="resource" xlink:label="reference_HedgesValueAdjustments" xlink:role="http://www.xbrl.org/2003/role/disclosureRef" xlink:title="reference_HedgesValueAdjustments" id="reference_HedgesValueAdjustments">
      <ref:Name>Erhvervsstyrelsen praksis</ref:Name>
    </link:reference>
    <link:referenceArc xlink:type="arc" xlink:arcrole="http://www.xbrl.org/2003/arcrole/concept-reference" xlink:from="HedgesValueAdjustments" xlink:to="reference_HedgesValueAdjustments" xlink:title="reference: HedgesValueAdjustments to reference_HedgesValueAdjustments"/>
  </link:referenceLink>
</link:linkbase>
