<?xml version="1.0" encoding="UTF-8"?>
<?officialURI http://archprod.service.eogs.dk/taxonomy/20141220/arr/full_arr/arr_1NN.NN_2014-12-20/def_arr_2014-12-20_role-100.00.xml?>
<?taxonomy-version 0.2.0?>

<link:linkbase xmlns:xsi="http://www.w3.org/2001/XMLSchema-instance" xsi:schemaLocation="http://www.xbrl.org/2003/linkbase http://www.xbrl.org/2003/xbrl-linkbase-2003-12-31.xsd" xmlns:link="http://www.xbrl.org/2003/linkbase" xmlns:xbrli="http://www.xbrl.org/2003/instance" xmlns:xlink="http://www.w3.org/1999/xlink" xmlns:xbrldt="http://xbrl.org/2005/xbrldt">
  <link:roleRef roleURI="http://xbrl.dcca.dk/role/100.00/AuditorsReports" xlink:type="simple" xlink:href="rol_arr_1NN.NN_2014-12-20.xsd#arr_10000_AuditorsReports"/>
  <link:roleRef roleURI="http://xbrl.dcca.dk/role/101.00/AuditorsReportsFrom20101215" xlink:type="simple" xlink:href="rol_arr_1NN.NN_2014-12-20.xsd#arr_10100_AuditorsReportsFrom20101215"/>
  <link:roleRef roleURI="http://xbrl.dcca.dk/role/100.00/AuditorsReports/Details" xlink:type="simple" xlink:href="rol_arr_1NN.NN_2014-12-20.xsd#arr_10000_AuditorsReportsDetails"/>
  <link:roleRef roleURI="http://xbrl.dcca.dk/role/100.01/Hypercube/AuditorsReports/DetailsOnSignatureOfAuditorsAppointedToPerformAudit" xlink:type="simple" xlink:href="rol_arr_1NN.NN_2014-12-20.xsd#arr_10001_HypercubeAuditorsReportsDetailsOnSignatureOfAuditorsAppointedToPerformAudit"/>
  <link:roleRef roleURI="http://xbrl.dcca.dk/role/100.04/Hypercube/AuditorsReports/DetailsOnSignatureOfAuditorsAppointedToPerformOtherReport" xlink:type="simple" xlink:href="rol_arr_1NN.NN_2014-12-20.xsd#arr_10004_HypercubeAuditorsReportsDetailsOnSignatureOfAuditorsAppointedToPerformOtherReport"/>
  <link:roleRef roleURI="http://xbrl.dcca.dk/role/100.02/Hypercube/AuditorsReports/DetailsOnSignatureOfAuditorsAppointedToPerformReview" xlink:type="simple" xlink:href="rol_arr_1NN.NN_2014-12-20.xsd#arr_10002_HypercubeAuditorsReportsDetailsOnSignatureOfAuditorsAppointedToPerformReview"/>
  <link:roleRef roleURI="http://xbrl.dcca.dk/role/100.03/Hypercube/AuditorsReports/DetailsOnSignatureOfAuditorsAppointedToPerformAssuranceEngagement" xlink:type="simple" xlink:href="rol_arr_1NN.NN_2014-12-20.xsd#arr_10003_HypercubeAuditorsReportsDetailsOnSignatureOfAuditorsAppointedToPerformAssuranceEngagement"/>
  <link:roleRef roleURI="http://xbrl.ifrs.org/role/ifrs/ifrs-dim_role-913000" xlink:type="simple" xlink:href="../../../../full_ifrs/dimensions_full_ifrs/rol_full_ifrs-dim_2014-03-05.xsd#ifrs-dim_role-913000"/>
  <link:arcroleRef arcroleURI="http://xbrl.org/int/dim/arcrole/all" xlink:type="simple" xlink:href="http://www.xbrl.org/2005/xbrldt-2005.xsd#all"/>
  <link:arcroleRef arcroleURI="http://xbrl.org/int/dim/arcrole/domain-member" xlink:type="simple" xlink:href="http://www.xbrl.org/2005/xbrldt-2005.xsd#domain-member"/>
  <link:arcroleRef arcroleURI="http://xbrl.org/int/dim/arcrole/hypercube-dimension" xlink:type="simple" xlink:href="http://www.xbrl.org/2005/xbrldt-2005.xsd#hypercube-dimension"/>
  <link:definitionLink xlink:type="extended" xlink:role="http://xbrl.dcca.dk/role/101.00/AuditorsReportsFrom20101215"/>
</link:linkbase>
