<?xml version="1.0" encoding="UTF-8"?>
<!-- Generated by Fujitsu Interstage XWand B0209 -->
<!--Taxonomy: 2014-03-05 (Final release)
        ********************** 
        Copyright © 2014 International Financial Reporting Standards (IFRS) Foundation
        All rights reserved.  No part of this publication may be translated, reprinted or reproduced 
        or utilised in any form either in whole or in part without prior permission in writing from the IFRS Foundation.
        For more information on the IFRS Foundation's copyright, please refer to http://www.ifrs.org/XBRL/Legal/
        **********************
-->
<link:linkbase xmlns:xsi="http://www.w3.org/2001/XMLSchema-instance" xsi:schemaLocation="http://www.xbrl.org/2006/ref http://www.xbrl.org/2006/ref-2006-02-27.xsd http://www.xbrl.org/2003/linkbase http://www.xbrl.org/2003/xbrl-linkbase-2003-12-31.xsd" xmlns:link="http://www.xbrl.org/2003/linkbase" xmlns:ref="http://www.xbrl.org/2006/ref" xmlns:xlink="http://www.w3.org/1999/xlink">
  <link:roleRef roleURI="http://www.xbrl.org/2009/role/commonPracticeRef" xlink:type="simple" xlink:href="http://www.xbrl.org/lrr/role/reference-2009-12-16.xsd#commonPracticeRef"/>
  <link:referenceLink xlink:type="extended" xlink:role="http://www.xbrl.org/2003/role/link">
    <link:loc xlink:type="locator" xlink:href="../../full_ifrs-cor_2014-03-05.xsd#ifrs-full_GrossCarryingAmountMember" xlink:label="loc_52"/>
    <link:reference xlink:type="resource" xlink:label="res_4" xlink:role="http://www.xbrl.org/2003/role/disclosureRef">
      <ref:Name>IAS</ref:Name>
      <ref:Number>40</ref:Number>
      <ref:IssueDate>2014-01-01</ref:IssueDate>
      <ref:Paragraph>79</ref:Paragraph>
      <ref:Subparagraph>c</ref:Subparagraph>
      <ref:URI>http://eifrs.ifrs.org/eifrs/XBRL?type=IAS&amp;num=40&amp;date=2014-03-17&amp;anchor=para_79_c&amp;doctype=Standard</ref:URI>
      <ref:URIDate>2014-03-05</ref:URIDate>
    </link:reference>
    <link:referenceArc xlink:type="arc" xlink:arcrole="http://www.xbrl.org/2003/arcrole/concept-reference" xlink:from="loc_52" xlink:to="res_4"/>
    <link:loc xlink:type="locator" xlink:href="../../full_ifrs-cor_2014-03-05.xsd#ifrs-full_AccumulatedDepreciationAmortisationAndImpairmentMember" xlink:label="loc_53"/>
    <link:referenceArc xlink:type="arc" xlink:arcrole="http://www.xbrl.org/2003/arcrole/concept-reference" xlink:from="loc_53" xlink:to="res_4"/>
    <link:loc xlink:type="locator" xlink:href="../../full_ifrs-cor_2014-03-05.xsd#ifrs-full_CarryingAmountMember" xlink:label="loc_1"/>
    <link:reference xlink:type="resource" xlink:label="res_2" xlink:role="http://www.xbrl.org/2003/role/disclosureRef">
      <ref:Name>IAS</ref:Name>
      <ref:Number>40</ref:Number>
      <ref:IssueDate>2014-01-01</ref:IssueDate>
      <ref:Paragraph>76</ref:Paragraph>
      <ref:URI>http://eifrs.ifrs.org/eifrs/XBRL?type=IAS&amp;num=40&amp;date=2014-03-17&amp;anchor=para_76&amp;doctype=Standard</ref:URI>
      <ref:URIDate>2014-03-05</ref:URIDate>
    </link:reference>
    <link:referenceArc xlink:type="arc" xlink:arcrole="http://www.xbrl.org/2003/arcrole/concept-reference" xlink:from="loc_1" xlink:to="res_2"/>
    <link:reference xlink:type="resource" xlink:label="res_3" xlink:role="http://www.xbrl.org/2003/role/disclosureRef">
      <ref:Name>IAS</ref:Name>
      <ref:Number>40</ref:Number>
      <ref:IssueDate>2014-01-01</ref:IssueDate>
      <ref:Paragraph>79</ref:Paragraph>
      <ref:Subparagraph>d</ref:Subparagraph>
      <ref:URI>http://eifrs.ifrs.org/eifrs/XBRL?type=IAS&amp;num=40&amp;date=2014-03-17&amp;anchor=para_79_d&amp;doctype=Standard</ref:URI>
      <ref:URIDate>2014-03-05</ref:URIDate>
    </link:reference>
    <link:referenceArc xlink:type="arc" xlink:arcrole="http://www.xbrl.org/2003/arcrole/concept-reference" xlink:from="loc_1" xlink:to="res_3"/>
    <link:loc xlink:type="locator" xlink:href="../../full_ifrs-cor_2014-03-05.xsd#ifrs-full_CarryingAmountAccumulatedDepreciationAmortisationAndImpairmentAndGrossCarryingAmountAxis" xlink:label="loc_2"/>
    <link:referenceArc xlink:type="arc" xlink:arcrole="http://www.xbrl.org/2003/arcrole/concept-reference" xlink:from="loc_2" xlink:to="res_2"/>
    <link:referenceArc xlink:type="arc" xlink:arcrole="http://www.xbrl.org/2003/arcrole/concept-reference" xlink:from="loc_2" xlink:to="res_4"/>
    <link:referenceArc xlink:type="arc" xlink:arcrole="http://www.xbrl.org/2003/arcrole/concept-reference" xlink:from="loc_2" xlink:to="res_3"/>
    <link:loc xlink:type="locator" xlink:href="../../full_ifrs-cor_2014-03-05.xsd#ifrs-full_AccumulatedDepreciationAndAmortisationMember" xlink:label="loc_50"/>
    <link:reference xlink:type="resource" xlink:label="res_44" xlink:role="http://www.xbrl.org/2009/role/commonPracticeRef">
      <ref:Name>IAS</ref:Name>
      <ref:Number>40</ref:Number>
      <ref:IssueDate>2014-01-01</ref:IssueDate>
      <ref:Paragraph>79</ref:Paragraph>
      <ref:Subparagraph>c</ref:Subparagraph>
      <ref:URI>http://eifrs.ifrs.org/eifrs/XBRL?type=IAS&amp;num=40&amp;date=2014-03-17&amp;anchor=para_79_c&amp;doctype=Standard</ref:URI>
      <ref:URIDate>2014-03-05</ref:URIDate>
    </link:reference>
    <link:referenceArc xlink:type="arc" xlink:arcrole="http://www.xbrl.org/2003/arcrole/concept-reference" xlink:from="loc_50" xlink:to="res_44"/>
    <link:loc xlink:type="locator" xlink:href="../../full_ifrs-cor_2014-03-05.xsd#ifrs-full_AccumulatedImpairmentMember" xlink:label="loc_51"/>
    <link:referenceArc xlink:type="arc" xlink:arcrole="http://www.xbrl.org/2003/arcrole/concept-reference" xlink:from="loc_51" xlink:to="res_44"/>
    <link:loc xlink:type="locator" xlink:href="../../full_ifrs-cor_2014-03-05.xsd#ifrs-full_InvestmentProperty" xlink:label="loc_3"/>
    <link:referenceArc xlink:type="arc" xlink:arcrole="http://www.xbrl.org/2003/arcrole/concept-reference" xlink:from="loc_3" xlink:to="res_2"/>
    <link:referenceArc xlink:type="arc" xlink:arcrole="http://www.xbrl.org/2003/arcrole/concept-reference" xlink:from="loc_3" xlink:to="res_3"/>
    <link:loc xlink:type="locator" xlink:href="../../full_ifrs-cor_2014-03-05.xsd#ifrs-full_ExplanationOfContractualObligationsToPurchaseConstructOrDevelopInvestmentPropertyOrForRepairsMaintenanceOrEnhancements" xlink:label="loc_4"/>
    <link:reference xlink:type="resource" xlink:label="res_5" xlink:role="http://www.xbrl.org/2003/role/disclosureRef">
      <ref:Name>IAS</ref:Name>
      <ref:Number>40</ref:Number>
      <ref:IssueDate>2014-01-01</ref:IssueDate>
      <ref:Paragraph>75</ref:Paragraph>
      <ref:Subparagraph>h</ref:Subparagraph>
      <ref:URI>http://eifrs.ifrs.org/eifrs/XBRL?type=IAS&amp;num=40&amp;date=2014-03-17&amp;anchor=para_75_h&amp;doctype=Standard</ref:URI>
      <ref:URIDate>2014-03-05</ref:URIDate>
    </link:reference>
    <link:referenceArc xlink:type="arc" xlink:arcrole="http://www.xbrl.org/2003/arcrole/concept-reference" xlink:from="loc_4" xlink:to="res_5"/>
    <link:loc xlink:type="locator" xlink:href="../../full_ifrs-cor_2014-03-05.xsd#ifrs-full_ExplanationOfRestrictionsOnRemittanceOfIncomeAndDisposalProceedsOfInvestmentProperty" xlink:label="loc_5"/>
    <link:reference xlink:type="resource" xlink:label="res_6" xlink:role="http://www.xbrl.org/2003/role/disclosureRef">
      <ref:Name>IAS</ref:Name>
      <ref:Number>40</ref:Number>
      <ref:IssueDate>2014-01-01</ref:IssueDate>
      <ref:Paragraph>75</ref:Paragraph>
      <ref:Subparagraph>g</ref:Subparagraph>
      <ref:URI>http://eifrs.ifrs.org/eifrs/XBRL?type=IAS&amp;num=40&amp;date=2014-03-17&amp;anchor=para_75_g&amp;doctype=Standard</ref:URI>
      <ref:URIDate>2014-03-05</ref:URIDate>
    </link:reference>
    <link:referenceArc xlink:type="arc" xlink:arcrole="http://www.xbrl.org/2003/arcrole/concept-reference" xlink:from="loc_5" xlink:to="res_6"/>
    <link:loc xlink:type="locator" xlink:href="../../full_ifrs-cor_2014-03-05.xsd#ifrs-full_DescriptionOfExtentToWhichFairValueOfInvestmentPropertyIsBasedOnValuationByIndependentValuer" xlink:label="loc_6"/>
    <link:reference xlink:type="resource" xlink:label="res_7" xlink:role="http://www.xbrl.org/2003/role/disclosureRef">
      <ref:Name>IAS</ref:Name>
      <ref:Number>40</ref:Number>
      <ref:IssueDate>2014-01-01</ref:IssueDate>
      <ref:Paragraph>75</ref:Paragraph>
      <ref:Subparagraph>e</ref:Subparagraph>
      <ref:URI>http://eifrs.ifrs.org/eifrs/XBRL?type=IAS&amp;num=40&amp;date=2014-03-17&amp;anchor=para_75_e&amp;doctype=Standard</ref:URI>
      <ref:URIDate>2014-03-05</ref:URIDate>
    </link:reference>
    <link:referenceArc xlink:type="arc" xlink:arcrole="http://www.xbrl.org/2003/arcrole/concept-reference" xlink:from="loc_6" xlink:to="res_7"/>
    <link:loc xlink:type="locator" xlink:href="../../full_ifrs-cor_2014-03-05.xsd#ifrs-full_AdditionsOtherThanThroughBusinessCombinationsInvestmentProperty" xlink:label="loc_7"/>
    <link:reference xlink:type="resource" xlink:label="res_8" xlink:role="http://www.xbrl.org/2003/role/disclosureRef">
      <ref:Name>IAS</ref:Name>
      <ref:Number>40</ref:Number>
      <ref:IssueDate>2014-01-01</ref:IssueDate>
      <ref:Paragraph>76</ref:Paragraph>
      <ref:Subparagraph>a</ref:Subparagraph>
      <ref:URI>http://eifrs.ifrs.org/eifrs/XBRL?type=IAS&amp;num=40&amp;date=2014-03-17&amp;anchor=para_76_a&amp;doctype=Standard</ref:URI>
      <ref:URIDate>2014-03-05</ref:URIDate>
    </link:reference>
    <link:referenceArc xlink:type="arc" xlink:arcrole="http://www.xbrl.org/2003/arcrole/concept-reference" xlink:from="loc_7" xlink:to="res_8"/>
    <link:reference xlink:type="resource" xlink:label="res_9" xlink:role="http://www.xbrl.org/2003/role/disclosureRef">
      <ref:Name>IAS</ref:Name>
      <ref:Number>40</ref:Number>
      <ref:IssueDate>2014-01-01</ref:IssueDate>
      <ref:Paragraph>79</ref:Paragraph>
      <ref:Subparagraph>d</ref:Subparagraph>
      <ref:Clause>i</ref:Clause>
      <ref:URI>http://eifrs.ifrs.org/eifrs/XBRL?type=IAS&amp;num=40&amp;date=2014-03-17&amp;anchor=para_79_d_i&amp;doctype=Standard</ref:URI>
      <ref:URIDate>2014-03-05</ref:URIDate>
    </link:reference>
    <link:referenceArc xlink:type="arc" xlink:arcrole="http://www.xbrl.org/2003/arcrole/concept-reference" xlink:from="loc_7" xlink:to="res_9"/>
    <link:loc xlink:type="locator" xlink:href="../../full_ifrs-cor_2014-03-05.xsd#ifrs-full_ChangesInInvestmentProperty" xlink:label="loc_8"/>
    <link:referenceArc xlink:type="arc" xlink:arcrole="http://www.xbrl.org/2003/arcrole/concept-reference" xlink:from="loc_8" xlink:to="res_3"/>
    <link:referenceArc xlink:type="arc" xlink:arcrole="http://www.xbrl.org/2003/arcrole/concept-reference" xlink:from="loc_8" xlink:to="res_2"/>
    <link:loc xlink:type="locator" xlink:href="../../full_ifrs-cor_2014-03-05.xsd#ifrs-full_GainsLossesOnFairValueAdjustmentInvestmentProperty" xlink:label="loc_9"/>
    <link:reference xlink:type="resource" xlink:label="res_10" xlink:role="http://www.xbrl.org/2003/role/disclosureRef">
      <ref:Name>IAS</ref:Name>
      <ref:Number>40</ref:Number>
      <ref:IssueDate>2014-01-01</ref:IssueDate>
      <ref:Paragraph>76</ref:Paragraph>
      <ref:Subparagraph>d</ref:Subparagraph>
      <ref:URI>http://eifrs.ifrs.org/eifrs/XBRL?type=IAS&amp;num=40&amp;date=2014-03-17&amp;anchor=para_76_d&amp;doctype=Standard</ref:URI>
      <ref:URIDate>2014-03-05</ref:URIDate>
    </link:reference>
    <link:referenceArc xlink:type="arc" xlink:arcrole="http://www.xbrl.org/2003/arcrole/concept-reference" xlink:from="loc_9" xlink:to="res_10"/>
    <link:loc xlink:type="locator" xlink:href="../../full_ifrs-cor_2014-03-05.xsd#ifrs-full_IncreaseDecreaseThroughNetExchangeDifferencesInvestmentProperty" xlink:label="loc_10"/>
    <link:reference xlink:type="resource" xlink:label="res_11" xlink:role="http://www.xbrl.org/2003/role/disclosureRef">
      <ref:Name>IAS</ref:Name>
      <ref:Number>40</ref:Number>
      <ref:IssueDate>2014-01-01</ref:IssueDate>
      <ref:Paragraph>76</ref:Paragraph>
      <ref:Subparagraph>e</ref:Subparagraph>
      <ref:URI>http://eifrs.ifrs.org/eifrs/XBRL?type=IAS&amp;num=40&amp;date=2014-03-17&amp;anchor=para_76_e&amp;doctype=Standard</ref:URI>
      <ref:URIDate>2014-03-05</ref:URIDate>
    </link:reference>
    <link:referenceArc xlink:type="arc" xlink:arcrole="http://www.xbrl.org/2003/arcrole/concept-reference" xlink:from="loc_10" xlink:to="res_11"/>
    <link:reference xlink:type="resource" xlink:label="res_12" xlink:role="http://www.xbrl.org/2003/role/disclosureRef">
      <ref:Name>IAS</ref:Name>
      <ref:Number>40</ref:Number>
      <ref:IssueDate>2014-01-01</ref:IssueDate>
      <ref:Paragraph>79</ref:Paragraph>
      <ref:Subparagraph>d</ref:Subparagraph>
      <ref:Clause>vi</ref:Clause>
      <ref:URI>http://eifrs.ifrs.org/eifrs/XBRL?type=IAS&amp;num=40&amp;date=2014-03-17&amp;anchor=para_79_d_vi&amp;doctype=Standard</ref:URI>
      <ref:URIDate>2014-03-05</ref:URIDate>
    </link:reference>
    <link:referenceArc xlink:type="arc" xlink:arcrole="http://www.xbrl.org/2003/arcrole/concept-reference" xlink:from="loc_10" xlink:to="res_12"/>
    <link:loc xlink:type="locator" xlink:href="../../full_ifrs-cor_2014-03-05.xsd#ifrs-full_AcquisitionsThroughBusinessCombinationsInvestmentProperty" xlink:label="loc_11"/>
    <link:reference xlink:type="resource" xlink:label="res_13" xlink:role="http://www.xbrl.org/2003/role/disclosureRef">
      <ref:Name>IAS</ref:Name>
      <ref:Number>40</ref:Number>
      <ref:IssueDate>2014-01-01</ref:IssueDate>
      <ref:Paragraph>76</ref:Paragraph>
      <ref:Subparagraph>b</ref:Subparagraph>
      <ref:URI>http://eifrs.ifrs.org/eifrs/XBRL?type=IAS&amp;num=40&amp;date=2014-03-17&amp;anchor=para_76_b&amp;doctype=Standard</ref:URI>
      <ref:URIDate>2014-03-05</ref:URIDate>
    </link:reference>
    <link:referenceArc xlink:type="arc" xlink:arcrole="http://www.xbrl.org/2003/arcrole/concept-reference" xlink:from="loc_11" xlink:to="res_13"/>
    <link:reference xlink:type="resource" xlink:label="res_14" xlink:role="http://www.xbrl.org/2003/role/disclosureRef">
      <ref:Name>IAS</ref:Name>
      <ref:Number>40</ref:Number>
      <ref:IssueDate>2014-01-01</ref:IssueDate>
      <ref:Paragraph>79</ref:Paragraph>
      <ref:Subparagraph>d</ref:Subparagraph>
      <ref:Clause>ii</ref:Clause>
      <ref:URI>http://eifrs.ifrs.org/eifrs/XBRL?type=IAS&amp;num=40&amp;date=2014-03-17&amp;anchor=para_79_d_ii&amp;doctype=Standard</ref:URI>
      <ref:URIDate>2014-03-05</ref:URIDate>
    </link:reference>
    <link:referenceArc xlink:type="arc" xlink:arcrole="http://www.xbrl.org/2003/arcrole/concept-reference" xlink:from="loc_11" xlink:to="res_14"/>
    <link:loc xlink:type="locator" xlink:href="../../full_ifrs-cor_2014-03-05.xsd#ifrs-full_DisclosureOfInvestmentPropertyTable" xlink:label="loc_12"/>
    <link:reference xlink:type="resource" xlink:label="res_15" xlink:role="http://www.xbrl.org/2003/role/disclosureRef">
      <ref:Name>IAS</ref:Name>
      <ref:Number>40</ref:Number>
      <ref:IssueDate>2014-01-01</ref:IssueDate>
      <ref:Paragraph>32A</ref:Paragraph>
      <ref:URI>http://eifrs.ifrs.org/eifrs/XBRL?type=IAS&amp;num=40&amp;date=2014-03-17&amp;anchor=para_32A&amp;doctype=Standard</ref:URI>
      <ref:URIDate>2014-03-05</ref:URIDate>
    </link:reference>
    <link:referenceArc xlink:type="arc" xlink:arcrole="http://www.xbrl.org/2003/arcrole/concept-reference" xlink:from="loc_12" xlink:to="res_15"/>
    <link:loc xlink:type="locator" xlink:href="../../full_ifrs-cor_2014-03-05.xsd#ifrs-full_DisclosureOfInvestmentPropertyExplanatory" xlink:label="loc_13"/>
    <link:reference xlink:type="resource" xlink:label="res_16" xlink:role="http://www.xbrl.org/2003/role/disclosureRef">
      <ref:Name>IAS</ref:Name>
      <ref:Number>40</ref:Number>
      <ref:IssueDate>2014-01-01</ref:IssueDate>
      <ref:Section>Disclosure</ref:Section>
      <ref:URI>http://eifrs.ifrs.org/eifrs/XBRL?type=IAS&amp;num=40&amp;date=2014-03-17&amp;anchor=sect_Disclosure&amp;doctype=Standard</ref:URI>
      <ref:URIDate>2014-03-05</ref:URIDate>
    </link:reference>
    <link:referenceArc xlink:type="arc" xlink:arcrole="http://www.xbrl.org/2003/arcrole/concept-reference" xlink:from="loc_13" xlink:to="res_16"/>
    <link:loc xlink:type="locator" xlink:href="../../full_ifrs-cor_2014-03-05.xsd#ifrs-full_MeasurementAxis" xlink:label="loc_14"/>
    <link:referenceArc xlink:type="arc" xlink:arcrole="http://www.xbrl.org/2003/arcrole/concept-reference" xlink:from="loc_14" xlink:to="res_15"/>
    <link:loc xlink:type="locator" xlink:href="../../full_ifrs-cor_2014-03-05.xsd#ifrs-full_AtCostMember" xlink:label="loc_15"/>
    <link:referenceArc xlink:type="arc" xlink:arcrole="http://www.xbrl.org/2003/arcrole/concept-reference" xlink:from="loc_15" xlink:to="res_15"/>
    <link:loc xlink:type="locator" xlink:href="../../full_ifrs-cor_2014-03-05.xsd#ifrs-full_AtFairValueMember" xlink:label="loc_16"/>
    <link:referenceArc xlink:type="arc" xlink:arcrole="http://www.xbrl.org/2003/arcrole/concept-reference" xlink:from="loc_16" xlink:to="res_15"/>
    <link:loc xlink:type="locator" xlink:href="../../full_ifrs-cor_2014-03-05.xsd#ifrs-full_AggregatedMeasurementMember" xlink:label="loc_17"/>
    <link:referenceArc xlink:type="arc" xlink:arcrole="http://www.xbrl.org/2003/arcrole/concept-reference" xlink:from="loc_17" xlink:to="res_15"/>
    <link:loc xlink:type="locator" xlink:href="../../full_ifrs-cor_2014-03-05.xsd#ifrs-full_IncreaseDecreaseThroughOtherChangesInvestmentProperty" xlink:label="loc_18"/>
    <link:reference xlink:type="resource" xlink:label="res_17" xlink:role="http://www.xbrl.org/2003/role/disclosureRef">
      <ref:Name>IAS</ref:Name>
      <ref:Number>40</ref:Number>
      <ref:IssueDate>2014-01-01</ref:IssueDate>
      <ref:Paragraph>79</ref:Paragraph>
      <ref:Subparagraph>d</ref:Subparagraph>
      <ref:Clause>viii</ref:Clause>
      <ref:URI>http://eifrs.ifrs.org/eifrs/XBRL?type=IAS&amp;num=40&amp;date=2014-03-17&amp;anchor=para_79_d_viii&amp;doctype=Standard</ref:URI>
      <ref:URIDate>2014-03-05</ref:URIDate>
    </link:reference>
    <link:referenceArc xlink:type="arc" xlink:arcrole="http://www.xbrl.org/2003/arcrole/concept-reference" xlink:from="loc_18" xlink:to="res_17"/>
    <link:reference xlink:type="resource" xlink:label="res_18" xlink:role="http://www.xbrl.org/2003/role/disclosureRef">
      <ref:Name>IAS</ref:Name>
      <ref:Number>40</ref:Number>
      <ref:IssueDate>2014-01-01</ref:IssueDate>
      <ref:Paragraph>76</ref:Paragraph>
      <ref:Subparagraph>g</ref:Subparagraph>
      <ref:URI>http://eifrs.ifrs.org/eifrs/XBRL?type=IAS&amp;num=40&amp;date=2014-03-17&amp;anchor=para_76_g&amp;doctype=Standard</ref:URI>
      <ref:URIDate>2014-03-05</ref:URIDate>
    </link:reference>
    <link:referenceArc xlink:type="arc" xlink:arcrole="http://www.xbrl.org/2003/arcrole/concept-reference" xlink:from="loc_18" xlink:to="res_18"/>
    <link:loc xlink:type="locator" xlink:href="../../full_ifrs-cor_2014-03-05.xsd#ifrs-full_DisclosureOfDetailedInformationAboutInvestmentPropertyExplanatory" xlink:label="loc_19"/>
    <link:referenceArc xlink:type="arc" xlink:arcrole="http://www.xbrl.org/2003/arcrole/concept-reference" xlink:from="loc_19" xlink:to="res_15"/>
    <link:loc xlink:type="locator" xlink:href="../../full_ifrs-cor_2014-03-05.xsd#ifrs-full_TransferFromToInventoriesAndOwnerOccupiedPropertyInvestmentProperty" xlink:label="loc_20"/>
    <link:reference xlink:type="resource" xlink:label="res_19" xlink:role="http://www.xbrl.org/2003/role/disclosureRef">
      <ref:Name>IAS</ref:Name>
      <ref:Number>40</ref:Number>
      <ref:IssueDate>2014-01-01</ref:IssueDate>
      <ref:Paragraph>76</ref:Paragraph>
      <ref:Subparagraph>f</ref:Subparagraph>
      <ref:URI>http://eifrs.ifrs.org/eifrs/XBRL?type=IAS&amp;num=40&amp;date=2014-03-17&amp;anchor=para_76_f&amp;doctype=Standard</ref:URI>
      <ref:URIDate>2014-03-05</ref:URIDate>
    </link:reference>
    <link:referenceArc xlink:type="arc" xlink:arcrole="http://www.xbrl.org/2003/arcrole/concept-reference" xlink:from="loc_20" xlink:to="res_19"/>
    <link:reference xlink:type="resource" xlink:label="res_20" xlink:role="http://www.xbrl.org/2003/role/disclosureRef">
      <ref:Name>IAS</ref:Name>
      <ref:Number>40</ref:Number>
      <ref:IssueDate>2014-01-01</ref:IssueDate>
      <ref:Paragraph>79</ref:Paragraph>
      <ref:Subparagraph>d</ref:Subparagraph>
      <ref:Clause>vii</ref:Clause>
      <ref:URI>http://eifrs.ifrs.org/eifrs/XBRL?type=IAS&amp;num=40&amp;date=2014-03-17&amp;anchor=para_79_d_vii&amp;doctype=Standard</ref:URI>
      <ref:URIDate>2014-03-05</ref:URIDate>
    </link:reference>
    <link:referenceArc xlink:type="arc" xlink:arcrole="http://www.xbrl.org/2003/arcrole/concept-reference" xlink:from="loc_20" xlink:to="res_20"/>
    <link:loc xlink:type="locator" xlink:href="../../full_ifrs-cor_2014-03-05.xsd#ifrs-full_ReversalOfImpairmentLossRecognisedInProfitOrLossInvestmentProperty" xlink:label="loc_21"/>
    <link:referenceArc xlink:type="arc" xlink:arcrole="http://www.xbrl.org/2003/arcrole/concept-reference" xlink:from="loc_21" xlink:to="res_18"/>
    <link:reference xlink:type="resource" xlink:label="res_21" xlink:role="http://www.xbrl.org/2003/role/disclosureRef">
      <ref:Name>IAS</ref:Name>
      <ref:Number>40</ref:Number>
      <ref:IssueDate>2014-01-01</ref:IssueDate>
      <ref:Paragraph>79</ref:Paragraph>
      <ref:Subparagraph>d</ref:Subparagraph>
      <ref:Clause>v</ref:Clause>
      <ref:URI>http://eifrs.ifrs.org/eifrs/XBRL?type=IAS&amp;num=40&amp;date=2014-03-17&amp;anchor=para_79_d_v&amp;doctype=Standard</ref:URI>
      <ref:URIDate>2014-03-05</ref:URIDate>
    </link:reference>
    <link:referenceArc xlink:type="arc" xlink:arcrole="http://www.xbrl.org/2003/arcrole/concept-reference" xlink:from="loc_21" xlink:to="res_21"/>
    <link:loc xlink:type="locator" xlink:href="../../full_ifrs-cor_2014-03-05.xsd#ifrs-full_ImpairmentLossRecognisedInProfitOrLossInvestmentProperty" xlink:label="loc_22"/>
    <link:referenceArc xlink:type="arc" xlink:arcrole="http://www.xbrl.org/2003/arcrole/concept-reference" xlink:from="loc_22" xlink:to="res_18"/>
    <link:referenceArc xlink:type="arc" xlink:arcrole="http://www.xbrl.org/2003/arcrole/concept-reference" xlink:from="loc_22" xlink:to="res_21"/>
    <link:loc xlink:type="locator" xlink:href="../../full_ifrs-cor_2014-03-05.xsd#ifrs-full_AdditionsFromAcquisitionsInvestmentProperty" xlink:label="loc_23"/>
    <link:referenceArc xlink:type="arc" xlink:arcrole="http://www.xbrl.org/2003/arcrole/concept-reference" xlink:from="loc_23" xlink:to="res_8"/>
    <link:referenceArc xlink:type="arc" xlink:arcrole="http://www.xbrl.org/2003/arcrole/concept-reference" xlink:from="loc_23" xlink:to="res_9"/>
    <link:loc xlink:type="locator" xlink:href="../../full_ifrs-cor_2014-03-05.xsd#ifrs-full_AdditionsFromSubsequentExpenditureRecognisedAsAssetInvestmentProperty" xlink:label="loc_24"/>
    <link:referenceArc xlink:type="arc" xlink:arcrole="http://www.xbrl.org/2003/arcrole/concept-reference" xlink:from="loc_24" xlink:to="res_8"/>
    <link:referenceArc xlink:type="arc" xlink:arcrole="http://www.xbrl.org/2003/arcrole/concept-reference" xlink:from="loc_24" xlink:to="res_9"/>
    <link:loc xlink:type="locator" xlink:href="../../full_ifrs-cor_2014-03-05.xsd#ifrs-full_DepreciationInvestmentProperty" xlink:label="loc_25"/>
    <link:reference xlink:type="resource" xlink:label="res_22" xlink:role="http://www.xbrl.org/2003/role/disclosureRef">
      <ref:Name>IAS</ref:Name>
      <ref:Number>40</ref:Number>
      <ref:IssueDate>2014-01-01</ref:IssueDate>
      <ref:Paragraph>79</ref:Paragraph>
      <ref:Subparagraph>d</ref:Subparagraph>
      <ref:Clause>iv</ref:Clause>
      <ref:URI>http://eifrs.ifrs.org/eifrs/XBRL?type=IAS&amp;num=40&amp;date=2014-03-17&amp;anchor=para_79_d_iv&amp;doctype=Standard</ref:URI>
      <ref:URIDate>2014-03-05</ref:URIDate>
    </link:reference>
    <link:referenceArc xlink:type="arc" xlink:arcrole="http://www.xbrl.org/2003/arcrole/concept-reference" xlink:from="loc_25" xlink:to="res_22"/>
    <link:referenceArc xlink:type="arc" xlink:arcrole="http://www.xbrl.org/2003/arcrole/concept-reference" xlink:from="loc_25" xlink:to="res_2"/>
    <link:loc xlink:type="locator" xlink:href="../../full_ifrs-cor_2014-03-05.xsd#ifrs-full_ExplanationWhyFairValueCannotBeReliablyMeasuredForInvestmentPropertyCostModel" xlink:label="loc_26"/>
    <link:reference xlink:type="resource" xlink:label="res_23" xlink:role="http://www.xbrl.org/2003/role/disclosureRef">
      <ref:Name>IAS</ref:Name>
      <ref:Number>40</ref:Number>
      <ref:IssueDate>2014-01-01</ref:IssueDate>
      <ref:Paragraph>79</ref:Paragraph>
      <ref:Subparagraph>e</ref:Subparagraph>
      <ref:Clause>ii</ref:Clause>
      <ref:URI>http://eifrs.ifrs.org/eifrs/XBRL?type=IAS&amp;num=40&amp;date=2014-03-17&amp;anchor=para_79_e_ii&amp;doctype=Standard</ref:URI>
      <ref:URIDate>2014-03-05</ref:URIDate>
    </link:reference>
    <link:referenceArc xlink:type="arc" xlink:arcrole="http://www.xbrl.org/2003/arcrole/concept-reference" xlink:from="loc_26" xlink:to="res_23"/>
    <link:loc xlink:type="locator" xlink:href="../../full_ifrs-cor_2014-03-05.xsd#ifrs-full_CumulativeChangeInFairValueRecognisedInProfitOrLossOnSalesOfInvestmentPropertyBetweenPoolsOfAssetsMeasuredUsingDifferentModels" xlink:label="loc_27"/>
    <link:reference xlink:type="resource" xlink:label="res_24" xlink:role="http://www.xbrl.org/2003/role/disclosureRef">
      <ref:Name>IAS</ref:Name>
      <ref:Number>40</ref:Number>
      <ref:IssueDate>2014-01-01</ref:IssueDate>
      <ref:Paragraph>75</ref:Paragraph>
      <ref:Subparagraph>f</ref:Subparagraph>
      <ref:Clause>iv</ref:Clause>
      <ref:URI>http://eifrs.ifrs.org/eifrs/XBRL?type=IAS&amp;num=40&amp;date=2014-03-17&amp;anchor=para_75_f_iv&amp;doctype=Standard</ref:URI>
      <ref:URIDate>2014-03-05</ref:URIDate>
    </link:reference>
    <link:referenceArc xlink:type="arc" xlink:arcrole="http://www.xbrl.org/2003/arcrole/concept-reference" xlink:from="loc_27" xlink:to="res_24"/>
    <link:loc xlink:type="locator" xlink:href="../../full_ifrs-cor_2014-03-05.xsd#ifrs-full_ExplanationOfCircumstancesUnderWhichOperatingLeasesClassifiedAsInvestmentProperty" xlink:label="loc_28"/>
    <link:reference xlink:type="resource" xlink:label="res_25" xlink:role="http://www.xbrl.org/2003/role/disclosureRef">
      <ref:Name>IAS</ref:Name>
      <ref:Number>40</ref:Number>
      <ref:IssueDate>2014-01-01</ref:IssueDate>
      <ref:Paragraph>75</ref:Paragraph>
      <ref:Subparagraph>b</ref:Subparagraph>
      <ref:URI>http://eifrs.ifrs.org/eifrs/XBRL?type=IAS&amp;num=40&amp;date=2014-03-17&amp;anchor=para_75_b&amp;doctype=Standard</ref:URI>
      <ref:URIDate>2014-03-05</ref:URIDate>
    </link:reference>
    <link:referenceArc xlink:type="arc" xlink:arcrole="http://www.xbrl.org/2003/arcrole/concept-reference" xlink:from="loc_28" xlink:to="res_25"/>
    <link:loc xlink:type="locator" xlink:href="../../full_ifrs-cor_2014-03-05.xsd#ifrs-full_DirectOperatingExpenseFromInvestmentPropertyGeneratingRentalIncome" xlink:label="loc_29"/>
    <link:reference xlink:type="resource" xlink:label="res_26" xlink:role="http://www.xbrl.org/2003/role/disclosureRef">
      <ref:Name>IAS</ref:Name>
      <ref:Number>40</ref:Number>
      <ref:IssueDate>2014-01-01</ref:IssueDate>
      <ref:Paragraph>75</ref:Paragraph>
      <ref:Subparagraph>f</ref:Subparagraph>
      <ref:Clause>ii</ref:Clause>
      <ref:URI>http://eifrs.ifrs.org/eifrs/XBRL?type=IAS&amp;num=40&amp;date=2014-03-17&amp;anchor=para_75_f_ii&amp;doctype=Standard</ref:URI>
      <ref:URIDate>2014-03-05</ref:URIDate>
    </link:reference>
    <link:referenceArc xlink:type="arc" xlink:arcrole="http://www.xbrl.org/2003/arcrole/concept-reference" xlink:from="loc_29" xlink:to="res_26"/>
    <link:loc xlink:type="locator" xlink:href="../../full_ifrs-cor_2014-03-05.xsd#ifrs-full_ModelUsedToMeasureInvestmentProperty" xlink:label="loc_30"/>
    <link:reference xlink:type="resource" xlink:label="res_27" xlink:role="http://www.xbrl.org/2003/role/disclosureRef">
      <ref:Name>IAS</ref:Name>
      <ref:Number>40</ref:Number>
      <ref:IssueDate>2014-01-01</ref:IssueDate>
      <ref:Paragraph>75</ref:Paragraph>
      <ref:Subparagraph>a</ref:Subparagraph>
      <ref:URI>http://eifrs.ifrs.org/eifrs/XBRL?type=IAS&amp;num=40&amp;date=2014-03-17&amp;anchor=para_75_a&amp;doctype=Standard</ref:URI>
      <ref:URIDate>2014-03-05</ref:URIDate>
    </link:reference>
    <link:referenceArc xlink:type="arc" xlink:arcrole="http://www.xbrl.org/2003/arcrole/concept-reference" xlink:from="loc_30" xlink:to="res_27"/>
    <link:loc xlink:type="locator" xlink:href="../../full_ifrs-cor_2014-03-05.xsd#ifrs-full_RentalIncomeFromInvestmentProperty" xlink:label="loc_31"/>
    <link:reference xlink:type="resource" xlink:label="res_28" xlink:role="http://www.xbrl.org/2003/role/disclosureRef">
      <ref:Name>IAS</ref:Name>
      <ref:Number>40</ref:Number>
      <ref:IssueDate>2014-01-01</ref:IssueDate>
      <ref:Paragraph>75</ref:Paragraph>
      <ref:Subparagraph>f</ref:Subparagraph>
      <ref:Clause>i</ref:Clause>
      <ref:URI>http://eifrs.ifrs.org/eifrs/XBRL?type=IAS&amp;num=40&amp;date=2014-03-17&amp;anchor=para_75_f_i&amp;doctype=Standard</ref:URI>
      <ref:URIDate>2014-03-05</ref:URIDate>
    </link:reference>
    <link:referenceArc xlink:type="arc" xlink:arcrole="http://www.xbrl.org/2003/arcrole/concept-reference" xlink:from="loc_31" xlink:to="res_28"/>
    <link:loc xlink:type="locator" xlink:href="../../full_ifrs-cor_2014-03-05.xsd#ifrs-full_DecreaseThroughClassifiedAsHeldForSaleInvestmentProperty" xlink:label="loc_32"/>
    <link:reference xlink:type="resource" xlink:label="res_1" xlink:role="http://www.xbrl.org/2003/role/disclosureRef">
      <ref:Name>IAS</ref:Name>
      <ref:Number>40</ref:Number>
      <ref:IssueDate>2014-01-01</ref:IssueDate>
      <ref:Paragraph>76</ref:Paragraph>
      <ref:Subparagraph>c</ref:Subparagraph>
      <ref:URI>http://eifrs.ifrs.org/eifrs/XBRL?type=IAS&amp;num=40&amp;date=2014-03-17&amp;anchor=para_76_c&amp;doctype=Standard</ref:URI>
      <ref:URIDate>2014-03-05</ref:URIDate>
    </link:reference>
    <link:referenceArc xlink:type="arc" xlink:arcrole="http://www.xbrl.org/2003/arcrole/concept-reference" xlink:from="loc_32" xlink:to="res_1"/>
    <link:reference xlink:type="resource" xlink:label="res_29" xlink:role="http://www.xbrl.org/2003/role/disclosureRef">
      <ref:Name>IAS</ref:Name>
      <ref:Number>40</ref:Number>
      <ref:IssueDate>2014-01-01</ref:IssueDate>
      <ref:Paragraph>79</ref:Paragraph>
      <ref:Subparagraph>d</ref:Subparagraph>
      <ref:Clause>iii</ref:Clause>
      <ref:URI>http://eifrs.ifrs.org/eifrs/XBRL?type=IAS&amp;num=40&amp;date=2014-03-17&amp;anchor=para_79_d_iii&amp;doctype=Standard</ref:URI>
      <ref:URIDate>2014-03-05</ref:URIDate>
    </link:reference>
    <link:referenceArc xlink:type="arc" xlink:arcrole="http://www.xbrl.org/2003/arcrole/concept-reference" xlink:from="loc_32" xlink:to="res_29"/>
    <link:loc xlink:type="locator" xlink:href="../../full_ifrs-cor_2014-03-05.xsd#ifrs-full_DisposalsInvestmentProperty" xlink:label="loc_33"/>
    <link:referenceArc xlink:type="arc" xlink:arcrole="http://www.xbrl.org/2003/arcrole/concept-reference" xlink:from="loc_33" xlink:to="res_1"/>
    <link:referenceArc xlink:type="arc" xlink:arcrole="http://www.xbrl.org/2003/arcrole/concept-reference" xlink:from="loc_33" xlink:to="res_29"/>
    <link:loc xlink:type="locator" xlink:href="../../full_ifrs-cor_2014-03-05.xsd#ifrs-full_DisclosureOfSignificantAdjustmentsToValuationObtainedExplanatory" xlink:label="loc_34"/>
    <link:reference xlink:type="resource" xlink:label="res_30" xlink:role="http://www.xbrl.org/2003/role/disclosureRef">
      <ref:Name>IAS</ref:Name>
      <ref:Number>40</ref:Number>
      <ref:IssueDate>2014-01-01</ref:IssueDate>
      <ref:Paragraph>77</ref:Paragraph>
      <ref:URI>http://eifrs.ifrs.org/eifrs/XBRL?type=IAS&amp;num=40&amp;date=2014-03-17&amp;anchor=para_77&amp;doctype=Standard</ref:URI>
      <ref:URIDate>2014-03-05</ref:URIDate>
    </link:reference>
    <link:referenceArc xlink:type="arc" xlink:arcrole="http://www.xbrl.org/2003/arcrole/concept-reference" xlink:from="loc_34" xlink:to="res_30"/>
    <link:loc xlink:type="locator" xlink:href="../../full_ifrs-cor_2014-03-05.xsd#ifrs-full_RangeOfEstimatesWithinWhichFairValueIsLikelyToLieForInvestmentPropertyAtCostWithinFairValueModel" xlink:label="loc_35"/>
    <link:reference xlink:type="resource" xlink:label="res_31" xlink:role="http://www.xbrl.org/2003/role/disclosureRef">
      <ref:Name>IAS</ref:Name>
      <ref:Number>40</ref:Number>
      <ref:IssueDate>2014-01-01</ref:IssueDate>
      <ref:Paragraph>78</ref:Paragraph>
      <ref:Subparagraph>c</ref:Subparagraph>
      <ref:URI>http://eifrs.ifrs.org/eifrs/XBRL?type=IAS&amp;num=40&amp;date=2014-03-17&amp;anchor=para_78_c&amp;doctype=Standard</ref:URI>
      <ref:URIDate>2014-03-05</ref:URIDate>
    </link:reference>
    <link:referenceArc xlink:type="arc" xlink:arcrole="http://www.xbrl.org/2003/arcrole/concept-reference" xlink:from="loc_35" xlink:to="res_31"/>
    <link:loc xlink:type="locator" xlink:href="../../full_ifrs-cor_2014-03-05.xsd#ifrs-full_ExplanationWhyFairValueCannotBeReliablyMeasuredForInvestmentPropertyAtCostWithinFairValueModel" xlink:label="loc_36"/>
    <link:reference xlink:type="resource" xlink:label="res_32" xlink:role="http://www.xbrl.org/2003/role/disclosureRef">
      <ref:Name>IAS</ref:Name>
      <ref:Number>40</ref:Number>
      <ref:IssueDate>2014-01-01</ref:IssueDate>
      <ref:Paragraph>78</ref:Paragraph>
      <ref:Subparagraph>b</ref:Subparagraph>
      <ref:URI>http://eifrs.ifrs.org/eifrs/XBRL?type=IAS&amp;num=40&amp;date=2014-03-17&amp;anchor=para_78_b&amp;doctype=Standard</ref:URI>
      <ref:URIDate>2014-03-05</ref:URIDate>
    </link:reference>
    <link:referenceArc xlink:type="arc" xlink:arcrole="http://www.xbrl.org/2003/arcrole/concept-reference" xlink:from="loc_36" xlink:to="res_32"/>
    <link:loc xlink:type="locator" xlink:href="../../full_ifrs-cor_2014-03-05.xsd#ifrs-full_ExplanationOfDisposalOfInvestmentPropertyCarriedAtCostWithinFairValueModel" xlink:label="loc_37"/>
    <link:reference xlink:type="resource" xlink:label="res_33" xlink:role="http://www.xbrl.org/2003/role/disclosureRef">
      <ref:Name>IAS</ref:Name>
      <ref:Number>40</ref:Number>
      <ref:IssueDate>2014-01-01</ref:IssueDate>
      <ref:Paragraph>78</ref:Paragraph>
      <ref:Subparagraph>d</ref:Subparagraph>
      <ref:Clause>i</ref:Clause>
      <ref:URI>http://eifrs.ifrs.org/eifrs/XBRL?type=IAS&amp;num=40&amp;date=2014-03-17&amp;anchor=para_78_d_i&amp;doctype=Standard</ref:URI>
      <ref:URIDate>2014-03-05</ref:URIDate>
    </link:reference>
    <link:referenceArc xlink:type="arc" xlink:arcrole="http://www.xbrl.org/2003/arcrole/concept-reference" xlink:from="loc_37" xlink:to="res_33"/>
    <link:loc xlink:type="locator" xlink:href="../../full_ifrs-cor_2014-03-05.xsd#ifrs-full_GainsLossesOnDisposalsOfInvestmentPropertyCarriedAtCostWithinFairValueModel" xlink:label="loc_38"/>
    <link:reference xlink:type="resource" xlink:label="res_34" xlink:role="http://www.xbrl.org/2003/role/disclosureRef">
      <ref:Name>IAS</ref:Name>
      <ref:Number>40</ref:Number>
      <ref:IssueDate>2014-01-01</ref:IssueDate>
      <ref:Paragraph>78</ref:Paragraph>
      <ref:Subparagraph>d</ref:Subparagraph>
      <ref:Clause>iii</ref:Clause>
      <ref:URI>http://eifrs.ifrs.org/eifrs/XBRL?type=IAS&amp;num=40&amp;date=2014-03-17&amp;anchor=para_78_d_iii&amp;doctype=Standard</ref:URI>
      <ref:URIDate>2014-03-05</ref:URIDate>
    </link:reference>
    <link:referenceArc xlink:type="arc" xlink:arcrole="http://www.xbrl.org/2003/arcrole/concept-reference" xlink:from="loc_38" xlink:to="res_34"/>
    <link:loc xlink:type="locator" xlink:href="../../full_ifrs-cor_2014-03-05.xsd#ifrs-full_DescriptionOfInvestmentPropertyAtCostWithinFairValueModel" xlink:label="loc_39"/>
    <link:reference xlink:type="resource" xlink:label="res_35" xlink:role="http://www.xbrl.org/2003/role/disclosureRef">
      <ref:Name>IAS</ref:Name>
      <ref:Number>40</ref:Number>
      <ref:IssueDate>2014-01-01</ref:IssueDate>
      <ref:Paragraph>78</ref:Paragraph>
      <ref:Subparagraph>a</ref:Subparagraph>
      <ref:URI>http://eifrs.ifrs.org/eifrs/XBRL?type=IAS&amp;num=40&amp;date=2014-03-17&amp;anchor=para_78_a&amp;doctype=Standard</ref:URI>
      <ref:URIDate>2014-03-05</ref:URIDate>
    </link:reference>
    <link:referenceArc xlink:type="arc" xlink:arcrole="http://www.xbrl.org/2003/arcrole/concept-reference" xlink:from="loc_39" xlink:to="res_35"/>
    <link:loc xlink:type="locator" xlink:href="../../full_ifrs-cor_2014-03-05.xsd#ifrs-full_CarryingAmountAtTimeOfSaleOfInvestmentPropertyCarriedAtCostWithinFairValueModel" xlink:label="loc_40"/>
    <link:reference xlink:type="resource" xlink:label="res_36" xlink:role="http://www.xbrl.org/2003/role/disclosureRef">
      <ref:Name>IAS</ref:Name>
      <ref:Number>40</ref:Number>
      <ref:IssueDate>2014-01-01</ref:IssueDate>
      <ref:Paragraph>78</ref:Paragraph>
      <ref:Subparagraph>d</ref:Subparagraph>
      <ref:Clause>ii</ref:Clause>
      <ref:URI>http://eifrs.ifrs.org/eifrs/XBRL?type=IAS&amp;num=40&amp;date=2014-03-17&amp;anchor=para_78_d_ii&amp;doctype=Standard</ref:URI>
      <ref:URIDate>2014-03-05</ref:URIDate>
    </link:reference>
    <link:referenceArc xlink:type="arc" xlink:arcrole="http://www.xbrl.org/2003/arcrole/concept-reference" xlink:from="loc_40" xlink:to="res_36"/>
    <link:loc xlink:type="locator" xlink:href="../../full_ifrs-cor_2014-03-05.xsd#ifrs-full_RangeOfEstimatesWithinWhichFairValueIsLikelyToLieForInvestmentPropertyCostModel" xlink:label="loc_41"/>
    <link:reference xlink:type="resource" xlink:label="res_37" xlink:role="http://www.xbrl.org/2003/role/disclosureRef">
      <ref:Name>IAS</ref:Name>
      <ref:Number>40</ref:Number>
      <ref:IssueDate>2014-01-01</ref:IssueDate>
      <ref:Paragraph>79</ref:Paragraph>
      <ref:Subparagraph>e</ref:Subparagraph>
      <ref:Clause>iii</ref:Clause>
      <ref:URI>http://eifrs.ifrs.org/eifrs/XBRL?type=IAS&amp;num=40&amp;date=2014-03-17&amp;anchor=para_79_e_iii&amp;doctype=Standard</ref:URI>
      <ref:URIDate>2014-03-05</ref:URIDate>
    </link:reference>
    <link:referenceArc xlink:type="arc" xlink:arcrole="http://www.xbrl.org/2003/arcrole/concept-reference" xlink:from="loc_41" xlink:to="res_37"/>
    <link:loc xlink:type="locator" xlink:href="../../full_ifrs-cor_2014-03-05.xsd#ifrs-full_DescriptionOfInvestmentPropertyWhereFairValueInformationIsUnreliableCostModel" xlink:label="loc_42"/>
    <link:reference xlink:type="resource" xlink:label="res_38" xlink:role="http://www.xbrl.org/2003/role/disclosureRef">
      <ref:Name>IAS</ref:Name>
      <ref:Number>40</ref:Number>
      <ref:IssueDate>2014-01-01</ref:IssueDate>
      <ref:Paragraph>79</ref:Paragraph>
      <ref:Subparagraph>e</ref:Subparagraph>
      <ref:Clause>i</ref:Clause>
      <ref:URI>http://eifrs.ifrs.org/eifrs/XBRL?type=IAS&amp;num=40&amp;date=2014-03-17&amp;anchor=para_79_e_i&amp;doctype=Standard</ref:URI>
      <ref:URIDate>2014-03-05</ref:URIDate>
    </link:reference>
    <link:referenceArc xlink:type="arc" xlink:arcrole="http://www.xbrl.org/2003/arcrole/concept-reference" xlink:from="loc_42" xlink:to="res_38"/>
    <link:loc xlink:type="locator" xlink:href="../../full_ifrs-cor_2014-03-05.xsd#ifrs-full_UsefulLivesOrDepreciationRatesInvestmentPropertyCostModel" xlink:label="loc_43"/>
    <link:reference xlink:type="resource" xlink:label="res_39" xlink:role="http://www.xbrl.org/2003/role/disclosureRef">
      <ref:Name>IAS</ref:Name>
      <ref:Number>40</ref:Number>
      <ref:IssueDate>2014-01-01</ref:IssueDate>
      <ref:Paragraph>79</ref:Paragraph>
      <ref:Subparagraph>b</ref:Subparagraph>
      <ref:URI>http://eifrs.ifrs.org/eifrs/XBRL?type=IAS&amp;num=40&amp;date=2014-03-17&amp;anchor=para_79_b&amp;doctype=Standard</ref:URI>
      <ref:URIDate>2014-03-05</ref:URIDate>
    </link:reference>
    <link:referenceArc xlink:type="arc" xlink:arcrole="http://www.xbrl.org/2003/arcrole/concept-reference" xlink:from="loc_43" xlink:to="res_39"/>
    <link:loc xlink:type="locator" xlink:href="../../full_ifrs-cor_2014-03-05.xsd#ifrs-full_DepreciationMethodInvestmentPropertyCostModel" xlink:label="loc_44"/>
    <link:reference xlink:type="resource" xlink:label="res_40" xlink:role="http://www.xbrl.org/2003/role/disclosureRef">
      <ref:Name>IAS</ref:Name>
      <ref:Number>40</ref:Number>
      <ref:IssueDate>2014-01-01</ref:IssueDate>
      <ref:Paragraph>79</ref:Paragraph>
      <ref:Subparagraph>a</ref:Subparagraph>
      <ref:URI>http://eifrs.ifrs.org/eifrs/XBRL?type=IAS&amp;num=40&amp;date=2014-03-17&amp;anchor=para_79_a&amp;doctype=Standard</ref:URI>
      <ref:URIDate>2014-03-05</ref:URIDate>
    </link:reference>
    <link:referenceArc xlink:type="arc" xlink:arcrole="http://www.xbrl.org/2003/arcrole/concept-reference" xlink:from="loc_44" xlink:to="res_40"/>
    <link:loc xlink:type="locator" xlink:href="../../full_ifrs-cor_2014-03-05.xsd#ifrs-full_DescriptionOfCriteriaUsedToDistinguishInvestmentPropertyFromOwneroccupiedPropertyAndFromPropertyHeldSaleInOrdinaryCourseOfBusiness" xlink:label="loc_45"/>
    <link:reference xlink:type="resource" xlink:label="res_41" xlink:role="http://www.xbrl.org/2003/role/disclosureRef">
      <ref:Name>IAS</ref:Name>
      <ref:Number>40</ref:Number>
      <ref:IssueDate>2014-01-01</ref:IssueDate>
      <ref:Paragraph>75</ref:Paragraph>
      <ref:Subparagraph>c</ref:Subparagraph>
      <ref:URI>http://eifrs.ifrs.org/eifrs/XBRL?type=IAS&amp;num=40&amp;date=2014-03-17&amp;anchor=para_75_c&amp;doctype=Standard</ref:URI>
      <ref:URIDate>2014-03-05</ref:URIDate>
    </link:reference>
    <link:referenceArc xlink:type="arc" xlink:arcrole="http://www.xbrl.org/2003/arcrole/concept-reference" xlink:from="loc_45" xlink:to="res_41"/>
    <link:loc xlink:type="locator" xlink:href="../../full_ifrs-cor_2014-03-05.xsd#ifrs-full_DirectOperatingExpenseFromInvestmentPropertyNotGeneratingRentalIncome" xlink:label="loc_46"/>
    <link:reference xlink:type="resource" xlink:label="res_42" xlink:role="http://www.xbrl.org/2003/role/disclosureRef">
      <ref:Name>IAS</ref:Name>
      <ref:Number>40</ref:Number>
      <ref:IssueDate>2014-01-01</ref:IssueDate>
      <ref:Paragraph>75</ref:Paragraph>
      <ref:Subparagraph>f</ref:Subparagraph>
      <ref:Clause>iii</ref:Clause>
      <ref:URI>http://eifrs.ifrs.org/eifrs/XBRL?type=IAS&amp;num=40&amp;date=2014-03-17&amp;anchor=para_75_f_iii&amp;doctype=Standard</ref:URI>
      <ref:URIDate>2014-03-05</ref:URIDate>
    </link:reference>
    <link:referenceArc xlink:type="arc" xlink:arcrole="http://www.xbrl.org/2003/arcrole/concept-reference" xlink:from="loc_46" xlink:to="res_42"/>
    <link:loc xlink:type="locator" xlink:href="../../full_ifrs-cor_2014-03-05.xsd#ifrs-full_AtCostWithinFairValueModelMember" xlink:label="loc_47"/>
    <link:reference xlink:type="resource" xlink:label="res_43" xlink:role="http://www.xbrl.org/2003/role/disclosureRef">
      <ref:Name>IAS</ref:Name>
      <ref:Number>40</ref:Number>
      <ref:IssueDate>2014-01-01</ref:IssueDate>
      <ref:Paragraph>78</ref:Paragraph>
      <ref:URI>http://eifrs.ifrs.org/eifrs/XBRL?type=IAS&amp;num=40&amp;date=2014-03-17&amp;anchor=para_78&amp;doctype=Standard</ref:URI>
      <ref:URIDate>2014-03-05</ref:URIDate>
    </link:reference>
    <link:referenceArc xlink:type="arc" xlink:arcrole="http://www.xbrl.org/2003/arcrole/concept-reference" xlink:from="loc_47" xlink:to="res_43"/>
    <link:loc xlink:type="locator" xlink:href="../../full_ifrs-cor_2014-03-05.xsd#ifrs-full_FairValueModelMember" xlink:label="loc_48"/>
    <link:referenceArc xlink:type="arc" xlink:arcrole="http://www.xbrl.org/2003/arcrole/concept-reference" xlink:from="loc_48" xlink:to="res_15"/>
    <link:loc xlink:type="locator" xlink:href="../../full_ifrs-cor_2014-03-05.xsd#ifrs-full_RestrictionsOnRealisabilityOfInvestmentPropertyOrRemittanceOfIncomeAndProceedsOfDisposalOfInvestmentProperty" xlink:label="loc_49"/>
    <link:referenceArc xlink:type="arc" xlink:arcrole="http://www.xbrl.org/2003/arcrole/concept-reference" xlink:from="loc_49" xlink:to="res_6"/>
    <link:loc xlink:type="locator" xlink:href="../../full_ifrs-cor_2014-03-05.xsd#ifrs-full_DirectOperatingExpenseFromInvestmentProperty" xlink:label="loc_54"/>
    <link:reference xlink:type="resource" xlink:label="res_45" xlink:role="http://www.xbrl.org/2009/role/commonPracticeRef">
      <ref:Name>IAS</ref:Name>
      <ref:Number>40</ref:Number>
      <ref:IssueDate>2014-01-01</ref:IssueDate>
      <ref:Paragraph>75</ref:Paragraph>
      <ref:Subparagraph>f</ref:Subparagraph>
      <ref:URI>http://eifrs.ifrs.org/eifrs/XBRL?type=IAS&amp;num=40&amp;date=2014-03-17&amp;anchor=para_75_f&amp;doctype=Standard</ref:URI>
      <ref:URIDate>2014-03-05</ref:URIDate>
    </link:reference>
    <link:referenceArc xlink:type="arc" xlink:arcrole="http://www.xbrl.org/2003/arcrole/concept-reference" xlink:from="loc_54" xlink:to="res_45"/>
    <link:loc xlink:type="locator" xlink:href="../../full_ifrs-cor_2014-03-05.xsd#ifrs-full_TransferFromInvestmentPropertyUnderConstructionOrDevelopmentInvestmentProperty" xlink:label="loc_55"/>
    <link:reference xlink:type="resource" xlink:label="res_46" xlink:role="http://www.xbrl.org/2009/role/commonPracticeRef">
      <ref:Name>IAS</ref:Name>
      <ref:Number>40</ref:Number>
      <ref:IssueDate>2014-01-01</ref:IssueDate>
      <ref:Paragraph>76</ref:Paragraph>
      <ref:URI>http://eifrs.ifrs.org/eifrs/XBRL?type=IAS&amp;num=40&amp;date=2014-03-17&amp;anchor=para_76&amp;doctype=Standard</ref:URI>
      <ref:URIDate>2014-03-05</ref:URIDate>
    </link:reference>
    <link:referenceArc xlink:type="arc" xlink:arcrole="http://www.xbrl.org/2003/arcrole/concept-reference" xlink:from="loc_55" xlink:to="res_46"/>
    <link:reference xlink:type="resource" xlink:label="res_47" xlink:role="http://www.xbrl.org/2009/role/commonPracticeRef">
      <ref:Name>IAS</ref:Name>
      <ref:Number>40</ref:Number>
      <ref:IssueDate>2014-01-01</ref:IssueDate>
      <ref:Paragraph>79</ref:Paragraph>
      <ref:Subparagraph>d</ref:Subparagraph>
      <ref:URI>http://eifrs.ifrs.org/eifrs/XBRL?type=IAS&amp;num=40&amp;date=2014-03-17&amp;anchor=para_79_d&amp;doctype=Standard</ref:URI>
      <ref:URIDate>2014-03-05</ref:URIDate>
    </link:reference>
    <link:referenceArc xlink:type="arc" xlink:arcrole="http://www.xbrl.org/2003/arcrole/concept-reference" xlink:from="loc_55" xlink:to="res_47"/>
  </link:referenceLink>
</link:linkbase>
