<?xml version="1.0" encoding="UTF-8"?>
<?officialURI http://archprod.service.eogs.dk/taxonomy/20141220/sob/full_sob/sob_300.00_2014-12-20/def_sob_2014-12-20_role-300.00.xml?>
<?taxonomy-version 0.2.0?>

<link:linkbase xmlns:xsi="http://www.w3.org/2001/XMLSchema-instance" xsi:schemaLocation="http://www.xbrl.org/2003/linkbase http://www.xbrl.org/2003/xbrl-linkbase-2003-12-31.xsd" xmlns:link="http://www.xbrl.org/2003/linkbase" xmlns:xbrldt="http://xbrl.org/2005/xbrldt" xmlns:xlink="http://www.w3.org/1999/xlink" xmlns:xbrli="http://www.xbrl.org/2003/instance">
  <link:roleRef roleURI="http://xbrl.dcca.dk/role/300.00/StatementOfExecutiveAndSupervisoryBoards" xlink:type="simple" xlink:href="rol_sob_300.00_2014-12-20.xsd#sob_30000_StatementOfExecutiveAndSupervisoryBoards"/>
  <link:roleRef roleURI="http://xbrl.dcca.dk/role/300.01/Hypercube/StatementOfExecutiveAndSupervisoryBoards/DetailsOnMemberOfExecutiveBoardApprovingAnnualReport" xlink:type="simple" xlink:href="rol_sob_300.00_2014-12-20.xsd#sob_30001_HypercubeStatementOfExecutiveAndSupervisoryBoardsDetailsOnMemberOfExecutiveBoardApprovingAnnualReport"/>
  <link:roleRef roleURI="http://xbrl.dcca.dk/role/300.02/Hypercube/StatementOfExecutiveAndSupervisoryBoards/DetailsOnMemberOfSupervisoryBoardApprovingAnnualReport" xlink:type="simple" xlink:href="rol_sob_300.00_2014-12-20.xsd#sob_30002_HypercubeStatementOfExecutiveAndSupervisoryBoardsDetailsOnMemberOfSupervisoryBoardApprovingAnnualReport"/>
  <link:roleRef roleURI="http://xbrl.dcca.dk/role/300.03/Hypercube/StatementOfExecutiveAndSupervisoryBoards/DetailsOnLiquidatorApprovingAnnualReport" xlink:type="simple" xlink:href="rol_sob_300.00_2014-12-20.xsd#sob_30003_HypercubeStatementOfExecutiveAndSupervisoryBoardsDetailsOnLiquidatorApprovingAnnualReport"/>
  <link:roleRef roleURI="http://xbrl.dcca.dk/role/300.00/StatementOfExecutiveAndSupervisoryBoards/Details" xlink:type="simple" xlink:href="rol_sob_300.00_2014-12-20.xsd#sob_30000_StatementOfExecutiveAndSupervisoryBoardsDetails"/>
  <link:roleRef roleURI="http://xbrl.ifrs.org/role/ifrs/ifrs-dim_role-913000" xlink:type="simple" xlink:href="../../../../full_ifrs/dimensions_full_ifrs/rol_full_ifrs-dim_2014-03-05.xsd#ifrs-dim_role-913000"/>
  <link:roleRef roleURI="http://xbrl.dcca.dk/role/911.01/DimensionManagementCategory" xlink:type="simple" xlink:href="../../../cmn_rol.xsd#cmn_rol_RoleDimensionManagementCategory"/>
  <link:roleRef roleURI="http://xbrl.ifrs.org/role/ifrs/ifrs-dim_role-990000" xlink:type="simple" xlink:href="../../../../full_ifrs/dimensions_full_ifrs/rol_full_ifrs-dim_2014-03-05.xsd#ifrs-dim_role-990000"/>
  <link:arcroleRef arcroleURI="http://xbrl.org/int/dim/arcrole/all" xlink:type="simple" xlink:href="http://www.xbrl.org/2005/xbrldt-2005.xsd#all"/>
  <link:arcroleRef arcroleURI="http://xbrl.org/int/dim/arcrole/domain-member" xlink:type="simple" xlink:href="http://www.xbrl.org/2005/xbrldt-2005.xsd#domain-member"/>
  <link:arcroleRef arcroleURI="http://xbrl.org/int/dim/arcrole/hypercube-dimension" xlink:type="simple" xlink:href="http://www.xbrl.org/2005/xbrldt-2005.xsd#hypercube-dimension"/>
  <link:arcroleRef arcroleURI="http://xbrl.org/int/dim/arcrole/dimension-default" xlink:type="simple" xlink:href="http://www.xbrl.org/2005/xbrldt-2005.xsd#dimension-default"/>
  <link:arcroleRef arcroleURI="http://xbrl.org/int/dim/arcrole/dimension-domain" xlink:type="simple" xlink:href="http://www.xbrl.org/2005/xbrldt-2005.xsd#dimension-domain"/>
  <link:definitionLink xlink:type="extended" xlink:role="http://xbrl.ifrs.org/role/ifrs/ifrs-dim_role-990000">
    <link:loc xlink:type="locator" xlink:href="../../../cmn.xsd#cmn_TypeOfParticipantAxis" xlink:label="TypeOfParticipantAxis" xlink:title="TypeOfParticipantAxis"/>
    <link:loc xlink:type="locator" xlink:href="../../../cmn.xsd#cmn_AllParticipantsMember" xlink:label="AllParticipantsMember" xlink:title="AllParticipantsMember"/>
    <link:definitionArc xlink:type="arc" xlink:arcrole="http://xbrl.org/int/dim/arcrole/dimension-default" xlink:from="TypeOfParticipantAxis" xlink:to="AllParticipantsMember" xlink:title="definition: TypeOfParticipantAxis to AllParticipantsMember" order="1.0" xbrldt:usable="true"/>
  </link:definitionLink>
  <link:definitionLink xlink:type="extended" xlink:role="http://xbrl.dcca.dk/role/300.00/StatementOfExecutiveAndSupervisoryBoards">
    <link:loc xlink:type="locator" xlink:href="../../sob-cor-2014-12-20.xsd#sob_StatementEtcByExecutiveAndSupervisoryBoardsAbstract" xlink:label="StatementEtcByExecutiveAndSupervisoryBoardsAbstract" xlink:title="StatementEtcByExecutiveAndSupervisoryBoardsAbstract"/>
    <link:loc xlink:type="locator" xlink:href="../../sob-cor-2014-12-20.xsd#sob_StatementByExecutiveAndSupervisoryBoards" xlink:label="StatementByExecutiveAndSupervisoryBoards"/>
    <link:definitionArc xlink:type="arc" xlink:arcrole="http://xbrl.org/int/dim/arcrole/domain-member" xlink:from="StatementEtcByExecutiveAndSupervisoryBoardsAbstract" xlink:to="StatementByExecutiveAndSupervisoryBoards" xlink:title="definition: StatementEtcByExecutiveAndSupervisoryBoardsAbstract to StatementByExecutiveAndSupervisoryBoards" order="1.0"/>
    <link:loc xlink:type="locator" xlink:href="../../sob-cor-2014-12-20.xsd#sob_ConfirmationThatAnnualReportIsPresentedInAccordanceWithRequirementsProvidedForByLegislationAnyStandardsAndRequirementsProvidedByArticlesOfAssociationOrByAgreement" xlink:label="ConfirmationThatAnnualReportIsPresentedInAccordanceWithRequirementsProvidedForByLegislationAnyStandardsAndRequirementsProvidedByArticlesOfAssociationOrByAgreement"/>
    <link:definitionArc xlink:type="arc" xlink:arcrole="http://xbrl.org/int/dim/arcrole/domain-member" xlink:from="StatementByExecutiveAndSupervisoryBoards" xlink:to="ConfirmationThatAnnualReportIsPresentedInAccordanceWithRequirementsProvidedForByLegislationAnyStandardsAndRequirementsProvidedByArticlesOfAssociationOrByAgreement" order="2.0"/>
    <link:loc xlink:type="locator" xlink:href="../../sob-cor-2014-12-20.xsd#sob_ConfirmationThatFinancialStatementGivesTrueAndFairViewOfAssetsLiabilitiesEquityFinancialPositionAndResults" xlink:label="ConfirmationThatFinancialStatementGivesTrueAndFairViewOfAssetsLiabilitiesEquityFinancialPositionAndResults"/>
    <link:definitionArc xlink:type="arc" xlink:arcrole="http://xbrl.org/int/dim/arcrole/domain-member" xlink:from="StatementByExecutiveAndSupervisoryBoards" xlink:to="ConfirmationThatFinancialStatementGivesTrueAndFairViewOfAssetsLiabilitiesEquityFinancialPositionAndResults" order="3.0"/>
    <link:loc xlink:type="locator" xlink:href="../../sob-cor-2014-12-20.xsd#sob_ConfirmationThatFinancialStatementsAreExemptedFromAuditing" xlink:label="ConfirmationThatFinancialStatementsAreExemptedFromAuditing"/>
    <link:definitionArc xlink:type="arc" xlink:arcrole="http://xbrl.org/int/dim/arcrole/domain-member" xlink:from="StatementByExecutiveAndSupervisoryBoards" xlink:to="ConfirmationThatFinancialStatementsAreExemptedFromAuditing" order="4.0"/>
    <link:loc xlink:type="locator" xlink:href="../../sob-cor-2014-12-20.xsd#sob_ConfirmationThatSupplementaryReportsGiveTrueAndFairViewInAccordanceWithGenerallyAcceptedGuidelinesForSuchReports" xlink:label="ConfirmationThatSupplementaryReportsGiveTrueAndFairViewInAccordanceWithGenerallyAcceptedGuidelinesForSuchReports"/>
    <link:definitionArc xlink:type="arc" xlink:arcrole="http://xbrl.org/int/dim/arcrole/domain-member" xlink:from="StatementByExecutiveAndSupervisoryBoards" xlink:to="ConfirmationThatSupplementaryReportsGiveTrueAndFairViewInAccordanceWithGenerallyAcceptedGuidelinesForSuchReports" order="5.0"/>
    <link:loc xlink:type="locator" xlink:href="../../sob-cor-2014-12-20.xsd#sob_ApprovalOfAnnualReportAbstract" xlink:label="ApprovalOfAnnualReportAbstract"/>
    <link:definitionArc xlink:type="arc" xlink:arcrole="http://xbrl.org/int/dim/arcrole/domain-member" xlink:from="StatementByExecutiveAndSupervisoryBoards" xlink:to="ApprovalOfAnnualReportAbstract" order="9.0"/>
    <link:loc xlink:type="locator" xlink:href="../../sob-cor-2014-12-20.xsd#sob_DateOfApprovalOfAnnualReport" xlink:label="DateOfApprovalOfAnnualReport"/>
    <link:definitionArc xlink:type="arc" xlink:arcrole="http://xbrl.org/int/dim/arcrole/domain-member" xlink:from="ApprovalOfAnnualReportAbstract" xlink:to="DateOfApprovalOfAnnualReport" order="1.0"/>
    <link:loc xlink:type="locator" xlink:href="../../sob-cor-2014-12-20.xsd#sob_PlaceOfSignatureOfStatement" xlink:label="PlaceOfSignatureOfStatement"/>
    <link:definitionArc xlink:type="arc" xlink:arcrole="http://xbrl.org/int/dim/arcrole/domain-member" xlink:from="ApprovalOfAnnualReportAbstract" xlink:to="PlaceOfSignatureOfStatement" order="2.0"/>
    <link:loc xlink:type="locator" xlink:href="../../sob-cor-2014-12-20.xsd#sob_DetailsOnMemberOfExecutiveBoardApprovingAnnualReportAbstract" xlink:label="DetailsOnMemberOfExecutiveBoardApprovingAnnualReportAbstract"/>
    <link:definitionArc xlink:type="arc" xlink:arcrole="http://xbrl.org/int/dim/arcrole/domain-member" xlink:from="ApprovalOfAnnualReportAbstract" xlink:to="DetailsOnMemberOfExecutiveBoardApprovingAnnualReportAbstract" order="3.0" xbrldt:targetRole="http://xbrl.dcca.dk/role/300.00/StatementOfExecutiveAndSupervisoryBoards/Details"/>
    <link:loc xlink:type="locator" xlink:href="../../sob-cor-2014-12-20.xsd#sob_DetailsOnMemberOfSupervisoryBoardApprovingAnnualReportAbstract" xlink:label="DetailsOnMemberOfSupervisoryBoardApprovingAnnualReportAbstract"/>
    <link:definitionArc xlink:type="arc" xlink:arcrole="http://xbrl.org/int/dim/arcrole/domain-member" xlink:from="ApprovalOfAnnualReportAbstract" xlink:to="DetailsOnMemberOfSupervisoryBoardApprovingAnnualReportAbstract" order="4.0" xbrldt:targetRole="http://xbrl.dcca.dk/role/300.00/StatementOfExecutiveAndSupervisoryBoards/Details"/>
    <link:loc xlink:type="locator" xlink:href="../../sob-cor-2014-12-20.xsd#sob_DetailsOnLiquidatorApprovingAnnualReportAbstract" xlink:label="DetailsOnLiquidatorApprovingAnnualReportAbstract" xlink:title="DetailsOnLiquidatorApprovingAnnualReportAbstract"/>
    <link:definitionArc xlink:type="arc" xlink:arcrole="http://xbrl.org/int/dim/arcrole/domain-member" xlink:from="ApprovalOfAnnualReportAbstract" xlink:to="DetailsOnLiquidatorApprovingAnnualReportAbstract" xlink:title="definition: ApprovalOfAnnualReportAbstract to DetailsOnLiquidatorApprovingAnnualReportAbstract" order="5.0" xbrldt:targetRole="http://xbrl.dcca.dk/role/300.00/StatementOfExecutiveAndSupervisoryBoards/Details"/>
    <link:loc xlink:type="locator" xlink:href="../../sob-cor-2014-12-20.xsd#sob_IdentificationOfApprovedAnnualReport" xlink:label="IdentificationOfApprovedAnnualReport"/>
    <link:definitionArc xlink:type="arc" xlink:arcrole="http://xbrl.org/int/dim/arcrole/domain-member" xlink:from="StatementByExecutiveAndSupervisoryBoards" xlink:to="IdentificationOfApprovedAnnualReport" order="1.0"/>
    <link:loc xlink:type="locator" xlink:href="../../sob-cor-2014-12-20.xsd#sob_RecommendationForApprovalOfAnnualReportByGeneralMeeting" xlink:label="RecommendationForApprovalOfAnnualReportByGeneralMeeting"/>
    <link:definitionArc xlink:type="arc" xlink:arcrole="http://xbrl.org/int/dim/arcrole/domain-member" xlink:from="StatementByExecutiveAndSupervisoryBoards" xlink:to="RecommendationForApprovalOfAnnualReportByGeneralMeeting" order="6.0"/>
    <link:loc xlink:type="locator" xlink:href="../../sob-cor-2014-12-20.xsd#sob_ManagementsStatementAboutManagementsReview" xlink:label="ManagementsStatementAboutManagementsReview"/>
    <link:definitionArc xlink:type="arc" xlink:arcrole="http://xbrl.org/int/dim/arcrole/domain-member" xlink:from="StatementByExecutiveAndSupervisoryBoards" xlink:to="ManagementsStatementAboutManagementsReview" order="8.0"/>
    <link:loc xlink:type="locator" xlink:href="../../sob-cor-2014-12-20.xsd#sob_RelatedToStatementByExecutiveAndSupervisoryBoardsAbstract" xlink:label="RelatedToStatementByExecutiveAndSupervisoryBoardsAbstract" xlink:title="RelatedToStatementByExecutiveAndSupervisoryBoardsAbstract"/>
    <link:definitionArc xlink:type="arc" xlink:arcrole="http://xbrl.org/int/dim/arcrole/domain-member" xlink:from="StatementEtcByExecutiveAndSupervisoryBoardsAbstract" xlink:to="RelatedToStatementByExecutiveAndSupervisoryBoardsAbstract" xlink:title="definition: StatementEtcByExecutiveAndSupervisoryBoardsAbstract to RelatedToStatementByExecutiveAndSupervisoryBoardsAbstract" order="2.0"/>
    <link:loc xlink:type="locator" xlink:href="../../sob-cor-2014-12-20.xsd#sob_StatementOnOptingOutOfAuditingFinancialStatementsInNextReportingPeriodDueToExemption" xlink:label="StatementOnOptingOutOfAuditingFinancialStatementsInNextReportingPeriodDueToExemption"/>
    <link:definitionArc xlink:type="arc" xlink:arcrole="http://xbrl.org/int/dim/arcrole/domain-member" xlink:from="RelatedToStatementByExecutiveAndSupervisoryBoardsAbstract" xlink:to="StatementOnOptingOutOfAuditingFinancialStatementsInNextReportingPeriodDueToExemption" xlink:title="definition: RelatedToStatementByExecutiveAndSupervisoryBoardsAbstract to StatementOnOptingOutOfAuditingFinancialStatementsInNextReportingPeriodDueToExemption" order="1.0"/>
    <link:loc xlink:type="locator" xlink:href="../../../cmn.xsd#cmn_CommonTable" xlink:label="CommonTable"/>
    <link:definitionArc xlink:type="arc" xlink:arcrole="http://xbrl.org/int/dim/arcrole/all" xlink:from="StatementEtcByExecutiveAndSupervisoryBoardsAbstract" xlink:to="CommonTable" xlink:title="definition: StatementEtcByExecutiveAndSupervisoryBoardsAbstract to CommonTable" order="3.0" xbrldt:contextElement="scenario" xbrldt:closed="true"/>
    <link:loc xlink:type="locator" xlink:href="../../../../full_ifrs-cor_2014-03-05.xsd#ifrs-full_ConsolidatedAndSeparateFinancialStatementsAxis" xlink:label="ConsolidatedAndSeparateFinancialStatementsAxis"/>
    <link:definitionArc xlink:type="arc" xlink:arcrole="http://xbrl.org/int/dim/arcrole/hypercube-dimension" xlink:from="CommonTable" xlink:to="ConsolidatedAndSeparateFinancialStatementsAxis" order="1.0" xbrldt:targetRole="http://xbrl.ifrs.org/role/ifrs/ifrs-dim_role-913000"/>
  </link:definitionLink>
  <link:definitionLink xlink:type="extended" xlink:role="http://xbrl.dcca.dk/role/300.00/StatementOfExecutiveAndSupervisoryBoards/Details">
    <link:loc xlink:type="locator" xlink:href="../../sob-cor-2014-12-20.xsd#sob_DetailsOnMemberOfExecutiveBoardApprovingAnnualReportAbstract" xlink:label="DetailsOnMemberOfExecutiveBoardApprovingAnnualReportAbstract"/>
    <link:loc xlink:type="locator" xlink:href="../../sob-cor-2014-12-20.xsd#sob_DetailsOnMemberOfExecutiveBoardApprovingAnnualReportHypercube" xlink:label="DetailsOnMemberOfExecutiveBoardApprovingAnnualReportHypercube"/>
    <link:definitionArc xlink:type="arc" xlink:arcrole="http://xbrl.org/int/dim/arcrole/all" xlink:from="DetailsOnMemberOfExecutiveBoardApprovingAnnualReportAbstract" xlink:to="DetailsOnMemberOfExecutiveBoardApprovingAnnualReportHypercube" order="1.0" xbrldt:contextElement="scenario" xbrldt:targetRole="http://xbrl.dcca.dk/role/300.01/Hypercube/StatementOfExecutiveAndSupervisoryBoards/DetailsOnMemberOfExecutiveBoardApprovingAnnualReport" xbrldt:closed="true"/>
    <link:loc xlink:type="locator" xlink:href="../../../cmn.xsd#cmn_NameAndSurnameOfMemberOfExecutiveBoard" xlink:label="NameAndSurnameOfMemberOfExecutiveBoard"/>
    <link:definitionArc xlink:type="arc" xlink:arcrole="http://xbrl.org/int/dim/arcrole/domain-member" xlink:from="DetailsOnMemberOfExecutiveBoardApprovingAnnualReportAbstract" xlink:to="NameAndSurnameOfMemberOfExecutiveBoard" order="3.0"/>
    <link:loc xlink:type="locator" xlink:href="../../sob-cor-2014-12-20.xsd#sob_DescriptionOfObjectionsOfMemberOfExecutiveBoardOnAnnualReport" xlink:label="DescriptionOfObjectionsOfMemberOfExecutiveBoardOnAnnualReport"/>
    <link:definitionArc xlink:type="arc" xlink:arcrole="http://xbrl.org/int/dim/arcrole/domain-member" xlink:from="DetailsOnMemberOfExecutiveBoardApprovingAnnualReportAbstract" xlink:to="DescriptionOfObjectionsOfMemberOfExecutiveBoardOnAnnualReport" order="70.0"/>
    <link:loc xlink:type="locator" xlink:href="../../sob-cor-2014-12-20.xsd#sob_DescriptionOfSpecificAndAdequateGroundsForObjectionsOfMemberOfExecutiveBoardOnAnnualReport" xlink:label="DescriptionOfSpecificAndAdequateGroundsForObjectionsOfMemberOfExecutiveBoardOnAnnualReport"/>
    <link:definitionArc xlink:type="arc" xlink:arcrole="http://xbrl.org/int/dim/arcrole/domain-member" xlink:from="DescriptionOfObjectionsOfMemberOfExecutiveBoardOnAnnualReport" xlink:to="DescriptionOfSpecificAndAdequateGroundsForObjectionsOfMemberOfExecutiveBoardOnAnnualReport" order="1.0"/>
    <link:loc xlink:type="locator" xlink:href="../../../cmn.xsd#cmn_IdentificationNumberCprOfMemberOfExecutiveBoard" xlink:label="IdentificationNumberCprOfMemberOfExecutiveBoard"/>
    <link:definitionArc xlink:type="arc" xlink:arcrole="http://xbrl.org/int/dim/arcrole/domain-member" xlink:from="DetailsOnMemberOfExecutiveBoardApprovingAnnualReportAbstract" xlink:to="IdentificationNumberCprOfMemberOfExecutiveBoard" order="2.0"/>
    <link:loc xlink:type="locator" xlink:href="../../../cmn.xsd#cmn_TitleOfMemberOfExecutiveBoard" xlink:label="TitleOfMemberOfExecutiveBoard" xlink:title="TitleOfMemberOfExecutiveBoard"/>
    <link:definitionArc xlink:type="arc" xlink:arcrole="http://xbrl.org/int/dim/arcrole/domain-member" xlink:from="DetailsOnMemberOfExecutiveBoardApprovingAnnualReportAbstract" xlink:to="TitleOfMemberOfExecutiveBoard" xlink:title="definition: DetailsOnMemberOfExecutiveBoardApprovingAnnualReportAbstract to TitleOfMemberOfExecutiveBoard" order="6.0"/>
    <link:loc xlink:type="locator" xlink:href="../../../cmn.xsd#cmn_DescriptionOfMemberOfExecutiveBoard" xlink:label="DescriptionOfMemberOfExecutiveBoard" xlink:title="DescriptionOfMemberOfExecutiveBoard"/>
    <link:definitionArc xlink:type="arc" xlink:arcrole="http://xbrl.org/int/dim/arcrole/domain-member" xlink:from="DetailsOnMemberOfExecutiveBoardApprovingAnnualReportAbstract" xlink:to="DescriptionOfMemberOfExecutiveBoard" xlink:title="definition: DetailsOnMemberOfExecutiveBoardApprovingAnnualReportAbstract to DescriptionOfMemberOfExecutiveBoard" order="7.0"/>
    <link:loc xlink:type="locator" xlink:href="../../sob-cor-2014-12-20.xsd#sob_DetailsOnParticipantNotPartOfTheRegisteredManagementMemberOfExecutiveBoardAbstract" xlink:label="DetailsOnParticipantNotPartOfTheRegisteredManagementMemberOfExecutiveBoardAbstract" xlink:title="DetailsOnParticipantNotPartOfTheRegisteredManagementMemberOfExecutiveBoardAbstract"/>
    <link:definitionArc xlink:type="arc" xlink:arcrole="http://xbrl.org/int/dim/arcrole/domain-member" xlink:from="DetailsOnMemberOfExecutiveBoardApprovingAnnualReportAbstract" xlink:to="DetailsOnParticipantNotPartOfTheRegisteredManagementMemberOfExecutiveBoardAbstract" xlink:title="definition: DetailsOnMemberOfExecutiveBoardApprovingAnnualReportAbstract to DetailsOnParticipantNotPartOfTheRegisteredManagementMemberOfExecutiveBoardAbstract" order="71.0"/>
    <link:loc xlink:type="locator" xlink:href="../../sob-cor-2014-12-20.xsd#sob_IdentificationNumberCVRofParticipantNotPartOfTheRegisteredManagementMemberOfExecutiveBoard" xlink:label="IdentificationNumberCVRofParticipantNotPartOfTheRegisteredManagementMemberOfExecutiveBoard" xlink:title="IdentificationNumberCVRofParticipantNotPartOfTheRegisteredManagementMemberOfExecutiveBoard"/>
    <link:definitionArc xlink:type="arc" xlink:arcrole="http://xbrl.org/int/dim/arcrole/domain-member" xlink:from="DetailsOnParticipantNotPartOfTheRegisteredManagementMemberOfExecutiveBoardAbstract" xlink:to="IdentificationNumberCVRofParticipantNotPartOfTheRegisteredManagementMemberOfExecutiveBoard" xlink:title="definition: DetailsOnParticipantNotPartOfTheRegisteredManagementMemberOfExecutiveBoardAbstract to IdentificationNumberCVRofParticipantNotPartOfTheRegisteredManagementMemberOfExecutiveBoard" order="1.0"/>
    <link:loc xlink:type="locator" xlink:href="../../sob-cor-2014-12-20.xsd#sob_NameOfEntityParticipantNotPartOfTheRegisteredManagementMemberOfExecutiveBoard" xlink:label="NameOfEntityParticipantNotPartOfTheRegisteredManagementMemberOfExecutiveBoard" xlink:title="NameOfEntityParticipantNotPartOfTheRegisteredManagementMemberOfExecutiveBoard"/>
    <link:definitionArc xlink:type="arc" xlink:arcrole="http://xbrl.org/int/dim/arcrole/domain-member" xlink:from="DetailsOnParticipantNotPartOfTheRegisteredManagementMemberOfExecutiveBoardAbstract" xlink:to="NameOfEntityParticipantNotPartOfTheRegisteredManagementMemberOfExecutiveBoard" xlink:title="definition: DetailsOnParticipantNotPartOfTheRegisteredManagementMemberOfExecutiveBoardAbstract to NameOfEntityParticipantNotPartOfTheRegisteredManagementMemberOfExecutiveBoard" order="2.0"/>
    <link:loc xlink:type="locator" xlink:href="../../sob-cor-2014-12-20.xsd#sob_DescriptionOfParticipantNotPartOfTheRegisteredManagementMemberOfExecutiveBoard" xlink:label="DescriptionOfParticipantNotPartOfTheRegisteredManagementMemberOfExecutiveBoard" xlink:title="DescriptionOfParticipantNotPartOfTheRegisteredManagementMemberOfExecutiveBoard"/>
    <link:definitionArc xlink:type="arc" xlink:arcrole="http://xbrl.org/int/dim/arcrole/domain-member" xlink:from="DetailsOnParticipantNotPartOfTheRegisteredManagementMemberOfExecutiveBoardAbstract" xlink:to="DescriptionOfParticipantNotPartOfTheRegisteredManagementMemberOfExecutiveBoard" xlink:title="definition: DetailsOnParticipantNotPartOfTheRegisteredManagementMemberOfExecutiveBoardAbstract to DescriptionOfParticipantNotPartOfTheRegisteredManagementMemberOfExecutiveBoard" order="3.0"/>
    <link:loc xlink:type="locator" xlink:href="../../sob-cor-2014-12-20.xsd#sob_DetailsOnMemberOfSupervisoryBoardApprovingAnnualReportAbstract" xlink:label="DetailsOnMemberOfSupervisoryBoardApprovingAnnualReportAbstract"/>
    <link:loc xlink:type="locator" xlink:href="../../sob-cor-2014-12-20.xsd#sob_DetailsOnMemberOfSupervisoryBoardApprovingAnnualReportHypercube" xlink:label="DetailsOnMemberOfSupervisoryBoardApprovingAnnualReportHypercube"/>
    <link:definitionArc xlink:type="arc" xlink:arcrole="http://xbrl.org/int/dim/arcrole/all" xlink:from="DetailsOnMemberOfSupervisoryBoardApprovingAnnualReportAbstract" xlink:to="DetailsOnMemberOfSupervisoryBoardApprovingAnnualReportHypercube" order="1.0" xbrldt:contextElement="scenario" xbrldt:targetRole="http://xbrl.dcca.dk/role/300.02/Hypercube/StatementOfExecutiveAndSupervisoryBoards/DetailsOnMemberOfSupervisoryBoardApprovingAnnualReport" xbrldt:closed="true"/>
    <link:loc xlink:type="locator" xlink:href="../../../cmn.xsd#cmn_NameAndSurnameOfMemberOfSupervisoryBoard" xlink:label="NameAndSurnameOfMemberOfSupervisoryBoard"/>
    <link:definitionArc xlink:type="arc" xlink:arcrole="http://xbrl.org/int/dim/arcrole/domain-member" xlink:from="DetailsOnMemberOfSupervisoryBoardApprovingAnnualReportAbstract" xlink:to="NameAndSurnameOfMemberOfSupervisoryBoard" order="3.0"/>
    <link:loc xlink:type="locator" xlink:href="../../sob-cor-2014-12-20.xsd#sob_DescriptionOfObjectionsOfMemberOfSupervisoryBoardOnAnnualReport" xlink:label="DescriptionOfObjectionsOfMemberOfSupervisoryBoardOnAnnualReport"/>
    <link:definitionArc xlink:type="arc" xlink:arcrole="http://xbrl.org/int/dim/arcrole/domain-member" xlink:from="DetailsOnMemberOfSupervisoryBoardApprovingAnnualReportAbstract" xlink:to="DescriptionOfObjectionsOfMemberOfSupervisoryBoardOnAnnualReport" order="70.0"/>
    <link:loc xlink:type="locator" xlink:href="../../sob-cor-2014-12-20.xsd#sob_DescriptionOfSpecificAndAdequateGroundsForObjectionsOfMemberOfSupervisoryBoardOnAnnualReport" xlink:label="DescriptionOfSpecificAndAdequateGroundsForObjectionsOfMemberOfSupervisoryBoardOnAnnualReport"/>
    <link:definitionArc xlink:type="arc" xlink:arcrole="http://xbrl.org/int/dim/arcrole/domain-member" xlink:from="DescriptionOfObjectionsOfMemberOfSupervisoryBoardOnAnnualReport" xlink:to="DescriptionOfSpecificAndAdequateGroundsForObjectionsOfMemberOfSupervisoryBoardOnAnnualReport" order="1.0"/>
    <link:loc xlink:type="locator" xlink:href="../../../cmn.xsd#cmn_IdentificationNumberCprOfMemberOfSupervisoryBoard" xlink:label="IdentificationNumberCprOfMemberOfSupervisoryBoard"/>
    <link:definitionArc xlink:type="arc" xlink:arcrole="http://xbrl.org/int/dim/arcrole/domain-member" xlink:from="DetailsOnMemberOfSupervisoryBoardApprovingAnnualReportAbstract" xlink:to="IdentificationNumberCprOfMemberOfSupervisoryBoard" order="2.0"/>
    <link:loc xlink:type="locator" xlink:href="../../../cmn.xsd#cmn_TitleOfMemberOfSupervisoryBoard" xlink:label="TitleOfMemberOfSupervisoryBoard" xlink:title="TitleOfMemberOfSupervisoryBoard"/>
    <link:definitionArc xlink:type="arc" xlink:arcrole="http://xbrl.org/int/dim/arcrole/domain-member" xlink:from="DetailsOnMemberOfSupervisoryBoardApprovingAnnualReportAbstract" xlink:to="TitleOfMemberOfSupervisoryBoard" xlink:title="definition: DetailsOnMemberOfSupervisoryBoardApprovingAnnualReportAbstract to TitleOfMemberOfSupervisoryBoard" order="6.0"/>
    <link:loc xlink:type="locator" xlink:href="../../../cmn.xsd#cmn_DescriptionOfMemberOfSupervisoryBoard" xlink:label="DescriptionOfMemberOfSupervisoryBoard" xlink:title="DescriptionOfMemberOfSupervisoryBoard"/>
    <link:definitionArc xlink:type="arc" xlink:arcrole="http://xbrl.org/int/dim/arcrole/domain-member" xlink:from="DetailsOnMemberOfSupervisoryBoardApprovingAnnualReportAbstract" xlink:to="DescriptionOfMemberOfSupervisoryBoard" xlink:title="definition: DetailsOnMemberOfSupervisoryBoardApprovingAnnualReportAbstract to DescriptionOfMemberOfSupervisoryBoard" order="7.0"/>
    <link:loc xlink:type="locator" xlink:href="../../sob-cor-2014-12-20.xsd#sob_DetailsOnParticipantNotPartOfTheRegisteredManagementMemberOfSupervisoryBoardAbstract" xlink:label="DetailsOnParticipantNotPartOfTheRegisteredManagementMemberOfSupervisoryBoardAbstract" xlink:title="DetailsOnParticipantNotPartOfTheRegisteredManagementMemberOfSupervisoryBoardAbstract"/>
    <link:definitionArc xlink:type="arc" xlink:arcrole="http://xbrl.org/int/dim/arcrole/domain-member" xlink:from="DetailsOnMemberOfSupervisoryBoardApprovingAnnualReportAbstract" xlink:to="DetailsOnParticipantNotPartOfTheRegisteredManagementMemberOfSupervisoryBoardAbstract" xlink:title="definition: DetailsOnMemberOfSupervisoryBoardApprovingAnnualReportAbstract to DetailsOnParticipantNotPartOfTheRegisteredManagementMemberOfSupervisoryBoardAbstract" order="71.0"/>
    <link:loc xlink:type="locator" xlink:href="../../sob-cor-2014-12-20.xsd#sob_IdentificationNumberCVRofParticipantNotPartOfTheRegisteredManagementMemberOfSupervisoryBoard" xlink:label="IdentificationNumberCVRofParticipantNotPartOfTheRegisteredManagementMemberOfSupervisoryBoard" xlink:title="IdentificationNumberCVRofParticipantNotPartOfTheRegisteredManagementMemberOfSupervisoryBoard"/>
    <link:definitionArc xlink:type="arc" xlink:arcrole="http://xbrl.org/int/dim/arcrole/domain-member" xlink:from="DetailsOnParticipantNotPartOfTheRegisteredManagementMemberOfSupervisoryBoardAbstract" xlink:to="IdentificationNumberCVRofParticipantNotPartOfTheRegisteredManagementMemberOfSupervisoryBoard" xlink:title="definition: DetailsOnParticipantNotPartOfTheRegisteredManagementMemberOfSupervisoryBoardAbstract to IdentificationNumberCVRofParticipantNotPartOfTheRegisteredManagementMemberOfSupervisoryBoard" order="1.0"/>
    <link:loc xlink:type="locator" xlink:href="../../sob-cor-2014-12-20.xsd#sob_NameOfEntityParticipantNotPartOfTheRegisteredManagementMemberOfSupervisoryBoard" xlink:label="NameOfEntityParticipantNotPartOfTheRegisteredManagementMemberOfSupervisoryBoard" xlink:title="NameOfEntityParticipantNotPartOfTheRegisteredManagementMemberOfSupervisoryBoard"/>
    <link:definitionArc xlink:type="arc" xlink:arcrole="http://xbrl.org/int/dim/arcrole/domain-member" xlink:from="DetailsOnParticipantNotPartOfTheRegisteredManagementMemberOfSupervisoryBoardAbstract" xlink:to="NameOfEntityParticipantNotPartOfTheRegisteredManagementMemberOfSupervisoryBoard" xlink:title="definition: DetailsOnParticipantNotPartOfTheRegisteredManagementMemberOfSupervisoryBoardAbstract to NameOfEntityParticipantNotPartOfTheRegisteredManagementMemberOfSupervisoryBoard" order="2.0"/>
    <link:loc xlink:type="locator" xlink:href="../../sob-cor-2014-12-20.xsd#sob_DescriptionOfParticipantNotPartOfTheRegisteredManagementMemberOfSupervisoryBoard" xlink:label="DescriptionOfParticipantNotPartOfTheRegisteredManagementMemberOfSupervisoryBoard" xlink:title="DescriptionOfParticipantNotPartOfTheRegisteredManagementMemberOfSupervisoryBoard"/>
    <link:definitionArc xlink:type="arc" xlink:arcrole="http://xbrl.org/int/dim/arcrole/domain-member" xlink:from="DetailsOnParticipantNotPartOfTheRegisteredManagementMemberOfSupervisoryBoardAbstract" xlink:to="DescriptionOfParticipantNotPartOfTheRegisteredManagementMemberOfSupervisoryBoard" xlink:title="definition: DetailsOnParticipantNotPartOfTheRegisteredManagementMemberOfSupervisoryBoardAbstract to DescriptionOfParticipantNotPartOfTheRegisteredManagementMemberOfSupervisoryBoard" order="3.0"/>
    <link:loc xlink:type="locator" xlink:href="../../sob-cor-2014-12-20.xsd#sob_DetailsOnLiquidatorApprovingAnnualReportAbstract" xlink:label="DetailsOnLiquidatorApprovingAnnualReportAbstract" xlink:title="DetailsOnLiquidatorApprovingAnnualReportAbstract"/>
    <link:loc xlink:type="locator" xlink:href="../../sob-cor-2014-12-20.xsd#sob_DetailsOnLiquidatorApprovingAnnualReportHypercube" xlink:label="DetailsOnLiquidatorApprovingAnnualReportHypercube" xlink:title="DetailsOnLiquidatorApprovingAnnualReportHypercube"/>
    <link:definitionArc xlink:type="arc" xlink:arcrole="http://xbrl.org/int/dim/arcrole/all" xlink:from="DetailsOnLiquidatorApprovingAnnualReportAbstract" xlink:to="DetailsOnLiquidatorApprovingAnnualReportHypercube" xlink:title="definition: DetailsOnLiquidatorApprovingAnnualReportAbstract to DetailsOnLiquidatorApprovingAnnualReportHypercube" order="1.0" xbrldt:targetRole="http://xbrl.dcca.dk/role/300.03/Hypercube/StatementOfExecutiveAndSupervisoryBoards/DetailsOnLiquidatorApprovingAnnualReport" xbrldt:contextElement="scenario" xbrldt:closed="true"/>
    <link:loc xlink:type="locator" xlink:href="../../../cmn.xsd#cmn_IdentificationNumberCprOfLiquidator" xlink:label="IdentificationNumberCprOfLiquidator" xlink:title="IdentificationNumberCprOfLiquidator"/>
    <link:definitionArc xlink:type="arc" xlink:arcrole="http://xbrl.org/int/dim/arcrole/domain-member" xlink:from="DetailsOnLiquidatorApprovingAnnualReportAbstract" xlink:to="IdentificationNumberCprOfLiquidator" xlink:title="definition: DetailsOnLiquidatorApprovingAnnualReportAbstract to IdentificationNumberCprOfLiquidator" order="2.0"/>
    <link:loc xlink:type="locator" xlink:href="../../../cmn.xsd#cmn_NameAndSurnameOfLiquidator" xlink:label="NameAndSurnameOfLiquidator" xlink:title="NameAndSurnameOfLiquidator"/>
    <link:definitionArc xlink:type="arc" xlink:arcrole="http://xbrl.org/int/dim/arcrole/domain-member" xlink:from="DetailsOnLiquidatorApprovingAnnualReportAbstract" xlink:to="NameAndSurnameOfLiquidator" xlink:title="definition: DetailsOnLiquidatorApprovingAnnualReportAbstract to NameAndSurnameOfLiquidator" order="3.0"/>
    <link:loc xlink:type="locator" xlink:href="../../../cmn.xsd#cmn_TitleOfLiquidator" xlink:label="TitleOfLiquidator" xlink:title="TitleOfLiquidator"/>
    <link:definitionArc xlink:type="arc" xlink:arcrole="http://xbrl.org/int/dim/arcrole/domain-member" xlink:from="DetailsOnLiquidatorApprovingAnnualReportAbstract" xlink:to="TitleOfLiquidator" xlink:title="definition: DetailsOnLiquidatorApprovingAnnualReportAbstract to TitleOfLiquidator" order="4.0"/>
    <link:loc xlink:type="locator" xlink:href="../../../cmn.xsd#cmn_DescriptionOfLiquidator" xlink:label="DescriptionOfLiquidator" xlink:title="DescriptionOfLiquidator"/>
    <link:definitionArc xlink:type="arc" xlink:arcrole="http://xbrl.org/int/dim/arcrole/domain-member" xlink:from="DetailsOnLiquidatorApprovingAnnualReportAbstract" xlink:to="DescriptionOfLiquidator" xlink:title="definition: DetailsOnLiquidatorApprovingAnnualReportAbstract to DescriptionOfLiquidator" order="5.0"/>
    <link:loc xlink:type="locator" xlink:href="../../sob-cor-2014-12-20.xsd#sob_DescriptionOfObjectionsOfLiquidatorOnAnnualReport" xlink:label="DescriptionOfObjectionsOfLiquidatorOnAnnualReport" xlink:title="DescriptionOfObjectionsOfLiquidatorOnAnnualReport"/>
    <link:definitionArc xlink:type="arc" xlink:arcrole="http://xbrl.org/int/dim/arcrole/domain-member" xlink:from="DetailsOnLiquidatorApprovingAnnualReportAbstract" xlink:to="DescriptionOfObjectionsOfLiquidatorOnAnnualReport" xlink:title="definition: DetailsOnLiquidatorApprovingAnnualReportAbstract to DescriptionOfObjectionsOfLiquidatorOnAnnualReport" order="6.0"/>
    <link:loc xlink:type="locator" xlink:href="../../sob-cor-2014-12-20.xsd#sob_DescriptionOfSpecificAndAdequateGroundsForObjectionsOfLiquidatorOnAnnualReport" xlink:label="DescriptionOfSpecificAndAdequateGroundsForObjectionsOfLiquidatorOnAnnualReport" xlink:title="DescriptionOfSpecificAndAdequateGroundsForObjectionsOfLiquidatorOnAnnualReport"/>
    <link:definitionArc xlink:type="arc" xlink:arcrole="http://xbrl.org/int/dim/arcrole/domain-member" xlink:from="DescriptionOfObjectionsOfLiquidatorOnAnnualReport" xlink:to="DescriptionOfSpecificAndAdequateGroundsForObjectionsOfLiquidatorOnAnnualReport" xlink:title="definition: DescriptionOfObjectionsOfLiquidatorOnAnnualReport to DescriptionOfSpecificAndAdequateGroundsForObjectionsOfLiquidatorOnAnnualReport" order="1.0"/>
  </link:definitionLink>
  <link:definitionLink xlink:type="extended" xlink:role="http://xbrl.dcca.dk/role/300.01/Hypercube/StatementOfExecutiveAndSupervisoryBoards/DetailsOnMemberOfExecutiveBoardApprovingAnnualReport">
    <link:loc xlink:type="locator" xlink:href="../../sob-cor-2014-12-20.xsd#sob_DetailsOnMemberOfExecutiveBoardApprovingAnnualReportHypercube" xlink:label="DetailsOnMemberOfExecutiveBoardApprovingAnnualReportHypercube"/>
    <link:loc xlink:type="locator" xlink:href="../../../cmn.xsd#cmn_IdentificationOfMemberOfExecutiveBoardAxis" xlink:label="IdentificationOfMemberOfExecutiveBoardAxis"/>
    <link:definitionArc xlink:type="arc" xlink:arcrole="http://xbrl.org/int/dim/arcrole/hypercube-dimension" xlink:from="DetailsOnMemberOfExecutiveBoardApprovingAnnualReportHypercube" xlink:to="IdentificationOfMemberOfExecutiveBoardAxis" order="10.0"/>
    <link:loc xlink:type="locator" xlink:href="../../../../full_ifrs-cor_2014-03-05.xsd#ifrs-full_ConsolidatedAndSeparateFinancialStatementsAxis" xlink:label="ConsolidatedAndSeparateFinancialStatementsAxis"/>
    <link:definitionArc xlink:type="arc" xlink:arcrole="http://xbrl.org/int/dim/arcrole/hypercube-dimension" xlink:from="DetailsOnMemberOfExecutiveBoardApprovingAnnualReportHypercube" xlink:to="ConsolidatedAndSeparateFinancialStatementsAxis" order="30.0" xbrldt:targetRole="http://xbrl.ifrs.org/role/ifrs/ifrs-dim_role-913000"/>
    <link:loc xlink:type="locator" xlink:href="../../../cmn.xsd#cmn_TypeOfParticipantAxis" xlink:label="TypeOfParticipantAxis" xlink:title="TypeOfParticipantAxis"/>
    <link:definitionArc xlink:type="arc" xlink:arcrole="http://xbrl.org/int/dim/arcrole/hypercube-dimension" xlink:from="DetailsOnMemberOfExecutiveBoardApprovingAnnualReportHypercube" xlink:to="TypeOfParticipantAxis" xlink:title="definition: DetailsOnMemberOfExecutiveBoardApprovingAnnualReportHypercube to TypeOfParticipantAxis" order="20.0" xbrldt:targetRole="http://xbrl.dcca.dk/role/911.01/DimensionManagementCategory"/>
  </link:definitionLink>
  <link:definitionLink xlink:type="extended" xlink:role="http://xbrl.dcca.dk/role/300.02/Hypercube/StatementOfExecutiveAndSupervisoryBoards/DetailsOnMemberOfSupervisoryBoardApprovingAnnualReport">
    <link:loc xlink:type="locator" xlink:href="../../sob-cor-2014-12-20.xsd#sob_DetailsOnMemberOfSupervisoryBoardApprovingAnnualReportHypercube" xlink:label="DetailsOnMemberOfSupervisoryBoardApprovingAnnualReportHypercube"/>
    <link:loc xlink:type="locator" xlink:href="../../../cmn.xsd#cmn_IdentificationOfMemberOfSupervisoryBoardAxis" xlink:label="IdentificationOfMemberOfSupervisoryBoardAxis"/>
    <link:definitionArc xlink:type="arc" xlink:arcrole="http://xbrl.org/int/dim/arcrole/hypercube-dimension" xlink:from="DetailsOnMemberOfSupervisoryBoardApprovingAnnualReportHypercube" xlink:to="IdentificationOfMemberOfSupervisoryBoardAxis" order="1.0"/>
    <link:loc xlink:type="locator" xlink:href="../../../../full_ifrs-cor_2014-03-05.xsd#ifrs-full_ConsolidatedAndSeparateFinancialStatementsAxis" xlink:label="ConsolidatedAndSeparateFinancialStatementsAxis"/>
    <link:definitionArc xlink:type="arc" xlink:arcrole="http://xbrl.org/int/dim/arcrole/hypercube-dimension" xlink:from="DetailsOnMemberOfSupervisoryBoardApprovingAnnualReportHypercube" xlink:to="ConsolidatedAndSeparateFinancialStatementsAxis" order="30.0" xbrldt:targetRole="http://xbrl.ifrs.org/role/ifrs/ifrs-dim_role-913000"/>
    <link:loc xlink:type="locator" xlink:href="../../../cmn.xsd#cmn_TypeOfParticipantAxis" xlink:label="TypeOfParticipantAxis" xlink:title="TypeOfParticipantAxis"/>
    <link:definitionArc xlink:type="arc" xlink:arcrole="http://xbrl.org/int/dim/arcrole/hypercube-dimension" xlink:from="DetailsOnMemberOfSupervisoryBoardApprovingAnnualReportHypercube" xlink:to="TypeOfParticipantAxis" xlink:title="definition: DetailsOnMemberOfSupervisoryBoardApprovingAnnualReportHypercube to TypeOfParticipantAxis" order="20.0" xbrldt:targetRole="http://xbrl.dcca.dk/role/911.01/DimensionManagementCategory"/>
  </link:definitionLink>
  <link:definitionLink xlink:type="extended" xlink:role="http://xbrl.dcca.dk/role/300.03/Hypercube/StatementOfExecutiveAndSupervisoryBoards/DetailsOnLiquidatorApprovingAnnualReport">
    <link:loc xlink:type="locator" xlink:href="../../sob-cor-2014-12-20.xsd#sob_DetailsOnLiquidatorApprovingAnnualReportHypercube" xlink:label="DetailsOnLiquidatorApprovingAnnualReportHypercube" xlink:title="DetailsOnLiquidatorApprovingAnnualReportHypercube"/>
    <link:loc xlink:type="locator" xlink:href="../../../cmn.xsd#cmn_IdentificationOfLiquidatorDimension" xlink:label="IdentificationOfLiquidatorDimension" xlink:title="IdentificationOfLiquidatorDimension"/>
    <link:definitionArc xlink:type="arc" xlink:arcrole="http://xbrl.org/int/dim/arcrole/hypercube-dimension" xlink:from="DetailsOnLiquidatorApprovingAnnualReportHypercube" xlink:to="IdentificationOfLiquidatorDimension" xlink:title="definition: DetailsOnLiquidatorApprovingAnnualReportHypercube to IdentificationOfLiquidatorDimension" order="1.0"/>
    <link:loc xlink:type="locator" xlink:href="../../../../full_ifrs-cor_2014-03-05.xsd#ifrs-full_ConsolidatedAndSeparateFinancialStatementsAxis" xlink:label="ConsolidatedAndSeparateFinancialStatementsAxis"/>
    <link:definitionArc xlink:type="arc" xlink:arcrole="http://xbrl.org/int/dim/arcrole/hypercube-dimension" xlink:from="DetailsOnLiquidatorApprovingAnnualReportHypercube" xlink:to="ConsolidatedAndSeparateFinancialStatementsAxis" xlink:title="definition: DetailsOnLiquidatorApprovingAnnualReportHypercube to ConsolidatedAndSeparateFinancialStatementsAxis" order="2.0" xbrldt:targetRole="http://xbrl.ifrs.org/role/ifrs/ifrs-dim_role-913000"/>
  </link:definitionLink>
  <link:definitionLink xlink:type="extended" xlink:role="http://xbrl.dcca.dk/role/911.01/DimensionManagementCategory">
    <link:loc xlink:type="locator" xlink:href="../../../cmn.xsd#cmn_TypeOfParticipantAxis" xlink:label="TypeOfParticipantAxis" xlink:title="TypeOfParticipantAxis"/>
    <link:loc xlink:type="locator" xlink:href="../../../cmn.xsd#cmn_AllParticipantsMember" xlink:label="AllParticipantsMember" xlink:title="AllParticipantsMember"/>
    <link:definitionArc xlink:type="arc" xlink:arcrole="http://xbrl.org/int/dim/arcrole/dimension-domain" xlink:from="TypeOfParticipantAxis" xlink:to="AllParticipantsMember" xlink:title="definition: TypeOfParticipantAxis to AllParticipantsMember" order="1.0"/>
    <link:loc xlink:type="locator" xlink:href="../../../cmn.xsd#cmn_ParticipantsNotPartOfRegisteredManagementMember" xlink:label="ParticipantsNotPartOfRegisteredManagementMember" xlink:title="ParticipantsNotPartOfRegisteredManagementMember"/>
    <link:definitionArc xlink:type="arc" xlink:arcrole="http://xbrl.org/int/dim/arcrole/dimension-domain" xlink:from="TypeOfParticipantAxis" xlink:to="ParticipantsNotPartOfRegisteredManagementMember" xlink:title="definition: TypeOfParticipantAxis to ParticipantsNotPartOfRegisteredManagementMember" order="2.0"/>
  </link:definitionLink>
</link:linkbase>
