<?xml version="1.0" encoding="UTF-8"?>
<?officialURI http://archprod.service.eogs.dk/taxonomy/20141220/sob/full_sob/sob_300.00_2014-12-20/pre_sob_2014-12-20_role-300.00.xml?>
<?taxonomy-version 0.2.0?>

<link:linkbase xmlns:xsi="http://www.w3.org/2001/XMLSchema-instance" xsi:schemaLocation="http://www.xbrl.org/2003/linkbase http://www.xbrl.org/2003/xbrl-linkbase-2003-12-31.xsd" xmlns:link="http://www.xbrl.org/2003/linkbase" xmlns:xbrldt="http://xbrl.org/2005/xbrldt" xmlns:xbrli="http://www.xbrl.org/2003/instance" xmlns:xlink="http://www.w3.org/1999/xlink">
  <link:roleRef roleURI="http://xbrl.dcca.dk/role/300.00/StatementOfExecutiveAndSupervisoryBoards" xlink:type="simple" xlink:href="rol_sob_300.00_2014-12-20.xsd#sob_30000_StatementOfExecutiveAndSupervisoryBoards"/>
  <link:presentationLink xlink:type="extended" xlink:role="http://xbrl.dcca.dk/role/300.00/StatementOfExecutiveAndSupervisoryBoards">
    <link:loc xlink:type="locator" xlink:href="../../sob-cor-2014-12-20.xsd#sob_StatementEtcByExecutiveAndSupervisoryBoardsAbstract" xlink:label="StatementEtcByExecutiveAndSupervisoryBoardsAbstract" xlink:title="StatementEtcByExecutiveAndSupervisoryBoardsAbstract"/>
    <link:loc xlink:type="locator" xlink:href="../../sob-cor-2014-12-20.xsd#sob_StatementByExecutiveAndSupervisoryBoards" xlink:label="StatementByExecutiveAndSupervisoryBoards"/>
    <link:presentationArc xlink:type="arc" xlink:arcrole="http://www.xbrl.org/2003/arcrole/parent-child" xlink:from="StatementEtcByExecutiveAndSupervisoryBoardsAbstract" xlink:to="StatementByExecutiveAndSupervisoryBoards" xlink:title="presentation: StatementEtcByExecutiveAndSupervisoryBoardsAbstract to StatementByExecutiveAndSupervisoryBoards" order="1.0"/>
    <link:loc xlink:type="locator" xlink:href="../../sob-cor-2014-12-20.xsd#sob_IdentificationOfApprovedAnnualReport" xlink:label="IdentificationOfApprovedAnnualReport"/>
    <link:presentationArc xlink:type="arc" xlink:arcrole="http://www.xbrl.org/2003/arcrole/parent-child" xlink:from="StatementByExecutiveAndSupervisoryBoards" xlink:to="IdentificationOfApprovedAnnualReport" order="2.0"/>
    <link:loc xlink:type="locator" xlink:href="../../sob-cor-2014-12-20.xsd#sob_ConfirmationThatAnnualReportIsPresentedInAccordanceWithRequirementsProvidedForByLegislationAnyStandardsAndRequirementsProvidedByArticlesOfAssociationOrByAgreement" xlink:label="ConfirmationThatAnnualReportIsPresentedInAccordanceWithRequirementsProvidedForByLegislationAnyStandardsAndRequirementsProvidedByArticlesOfAssociationOrByAgreement"/>
    <link:presentationArc xlink:type="arc" xlink:arcrole="http://www.xbrl.org/2003/arcrole/parent-child" xlink:from="StatementByExecutiveAndSupervisoryBoards" xlink:to="ConfirmationThatAnnualReportIsPresentedInAccordanceWithRequirementsProvidedForByLegislationAnyStandardsAndRequirementsProvidedByArticlesOfAssociationOrByAgreement" order="3.0"/>
    <link:loc xlink:type="locator" xlink:href="../../sob-cor-2014-12-20.xsd#sob_ConfirmationThatFinancialStatementGivesTrueAndFairViewOfAssetsLiabilitiesEquityFinancialPositionAndResults" xlink:label="ConfirmationThatFinancialStatementGivesTrueAndFairViewOfAssetsLiabilitiesEquityFinancialPositionAndResults"/>
    <link:presentationArc xlink:type="arc" xlink:arcrole="http://www.xbrl.org/2003/arcrole/parent-child" xlink:from="StatementByExecutiveAndSupervisoryBoards" xlink:to="ConfirmationThatFinancialStatementGivesTrueAndFairViewOfAssetsLiabilitiesEquityFinancialPositionAndResults" order="4.0"/>
    <link:loc xlink:type="locator" xlink:href="../../sob-cor-2014-12-20.xsd#sob_ConfirmationThatFinancialStatementsAreExemptedFromAuditing" xlink:label="ConfirmationThatFinancialStatementsAreExemptedFromAuditing"/>
    <link:presentationArc xlink:type="arc" xlink:arcrole="http://www.xbrl.org/2003/arcrole/parent-child" xlink:from="StatementByExecutiveAndSupervisoryBoards" xlink:to="ConfirmationThatFinancialStatementsAreExemptedFromAuditing" order="5.0"/>
    <link:loc xlink:type="locator" xlink:href="../../sob-cor-2014-12-20.xsd#sob_ConfirmationThatSupplementaryReportsGiveTrueAndFairViewInAccordanceWithGenerallyAcceptedGuidelinesForSuchReports" xlink:label="ConfirmationThatSupplementaryReportsGiveTrueAndFairViewInAccordanceWithGenerallyAcceptedGuidelinesForSuchReports"/>
    <link:presentationArc xlink:type="arc" xlink:arcrole="http://www.xbrl.org/2003/arcrole/parent-child" xlink:from="StatementByExecutiveAndSupervisoryBoards" xlink:to="ConfirmationThatSupplementaryReportsGiveTrueAndFairViewInAccordanceWithGenerallyAcceptedGuidelinesForSuchReports" order="6.0"/>
    <link:loc xlink:type="locator" xlink:href="../../sob-cor-2014-12-20.xsd#sob_RecommendationForApprovalOfAnnualReportByGeneralMeeting" xlink:label="RecommendationForApprovalOfAnnualReportByGeneralMeeting"/>
    <link:presentationArc xlink:type="arc" xlink:arcrole="http://www.xbrl.org/2003/arcrole/parent-child" xlink:from="StatementByExecutiveAndSupervisoryBoards" xlink:to="RecommendationForApprovalOfAnnualReportByGeneralMeeting" order="7.0"/>
    <link:loc xlink:type="locator" xlink:href="../../sob-cor-2014-12-20.xsd#sob_ManagementsStatementAboutManagementsReview" xlink:label="ManagementsStatementAboutManagementsReview"/>
    <link:presentationArc xlink:type="arc" xlink:arcrole="http://www.xbrl.org/2003/arcrole/parent-child" xlink:from="StatementByExecutiveAndSupervisoryBoards" xlink:to="ManagementsStatementAboutManagementsReview" order="9.0"/>
    <link:loc xlink:type="locator" xlink:href="../../sob-cor-2014-12-20.xsd#sob_ApprovalOfAnnualReportAbstract" xlink:label="ApprovalOfAnnualReportAbstract"/>
    <link:presentationArc xlink:type="arc" xlink:arcrole="http://www.xbrl.org/2003/arcrole/parent-child" xlink:from="StatementByExecutiveAndSupervisoryBoards" xlink:to="ApprovalOfAnnualReportAbstract" order="10.0"/>
    <link:loc xlink:type="locator" xlink:href="../../sob-cor-2014-12-20.xsd#sob_DateOfApprovalOfAnnualReport" xlink:label="DateOfApprovalOfAnnualReport"/>
    <link:presentationArc xlink:type="arc" xlink:arcrole="http://www.xbrl.org/2003/arcrole/parent-child" xlink:from="ApprovalOfAnnualReportAbstract" xlink:to="DateOfApprovalOfAnnualReport" order="1.0"/>
    <link:loc xlink:type="locator" xlink:href="../../sob-cor-2014-12-20.xsd#sob_PlaceOfSignatureOfStatement" xlink:label="PlaceOfSignatureOfStatement"/>
    <link:presentationArc xlink:type="arc" xlink:arcrole="http://www.xbrl.org/2003/arcrole/parent-child" xlink:from="ApprovalOfAnnualReportAbstract" xlink:to="PlaceOfSignatureOfStatement" order="2.0"/>
    <link:loc xlink:type="locator" xlink:href="../../sob-cor-2014-12-20.xsd#sob_DetailsOnMemberOfExecutiveBoardApprovingAnnualReportAbstract" xlink:label="DetailsOnMemberOfExecutiveBoardApprovingAnnualReportAbstract"/>
    <link:presentationArc xlink:type="arc" xlink:arcrole="http://www.xbrl.org/2003/arcrole/parent-child" xlink:from="ApprovalOfAnnualReportAbstract" xlink:to="DetailsOnMemberOfExecutiveBoardApprovingAnnualReportAbstract" order="3.0"/>
    <link:loc xlink:type="locator" xlink:href="../../sob-cor-2014-12-20.xsd#sob_DetailsOnMemberOfExecutiveBoardApprovingAnnualReportHypercube" xlink:label="DetailsOnMemberOfExecutiveBoardApprovingAnnualReportHypercube"/>
    <link:presentationArc xlink:type="arc" xlink:arcrole="http://www.xbrl.org/2003/arcrole/parent-child" xlink:from="DetailsOnMemberOfExecutiveBoardApprovingAnnualReportAbstract" xlink:to="DetailsOnMemberOfExecutiveBoardApprovingAnnualReportHypercube" order="1.0"/>
    <link:loc xlink:type="locator" xlink:href="../../../cmn.xsd#cmn_IdentificationOfMemberOfExecutiveBoardAxis" xlink:label="IdentificationOfMemberOfExecutiveBoardAxis"/>
    <link:presentationArc xlink:type="arc" xlink:arcrole="http://www.xbrl.org/2003/arcrole/parent-child" xlink:from="DetailsOnMemberOfExecutiveBoardApprovingAnnualReportHypercube" xlink:to="IdentificationOfMemberOfExecutiveBoardAxis" order="1.0"/>
    <link:loc xlink:type="locator" xlink:href="../../../cmn.xsd#cmn_TypeOfParticipantAxis" xlink:label="TypeOfParticipantAxis" xlink:title="TypeOfParticipantAxis"/>
    <link:presentationArc xlink:type="arc" xlink:arcrole="http://www.xbrl.org/2003/arcrole/parent-child" xlink:from="DetailsOnMemberOfExecutiveBoardApprovingAnnualReportHypercube" xlink:to="TypeOfParticipantAxis" xlink:title="presentation: DetailsOnMemberOfExecutiveBoardApprovingAnnualReportHypercube to TypeOfParticipantAxis" order="2.0"/>
    <link:loc xlink:type="locator" xlink:href="../../../cmn.xsd#cmn_AllParticipantsMember" xlink:label="AllParticipantsMember" xlink:title="AllParticipantsMember"/>
    <link:presentationArc xlink:type="arc" xlink:arcrole="http://www.xbrl.org/2003/arcrole/parent-child" xlink:from="TypeOfParticipantAxis" xlink:to="AllParticipantsMember" xlink:title="presentation: TypeOfParticipantAxis to AllParticipantsMember" order="1.0"/>
    <link:loc xlink:type="locator" xlink:href="../../../cmn.xsd#cmn_ParticipantsNotPartOfRegisteredManagementMember" xlink:label="ParticipantsNotPartOfRegisteredManagementMember" xlink:title="ParticipantsNotPartOfRegisteredManagementMember"/>
    <link:presentationArc xlink:type="arc" xlink:arcrole="http://www.xbrl.org/2003/arcrole/parent-child" xlink:from="TypeOfParticipantAxis" xlink:to="ParticipantsNotPartOfRegisteredManagementMember" xlink:title="presentation: TypeOfParticipantAxis to ParticipantsNotPartOfRegisteredManagementMember" order="2.0"/>
    <link:loc xlink:type="locator" xlink:href="../../../cmn.xsd#cmn_IdentificationNumberCprOfMemberOfExecutiveBoard" xlink:label="IdentificationNumberCprOfMemberOfExecutiveBoard"/>
    <link:presentationArc xlink:type="arc" xlink:arcrole="http://www.xbrl.org/2003/arcrole/parent-child" xlink:from="DetailsOnMemberOfExecutiveBoardApprovingAnnualReportAbstract" xlink:to="IdentificationNumberCprOfMemberOfExecutiveBoard" order="2.0"/>
    <link:loc xlink:type="locator" xlink:href="../../../cmn.xsd#cmn_NameAndSurnameOfMemberOfExecutiveBoard" xlink:label="NameAndSurnameOfMemberOfExecutiveBoard"/>
    <link:presentationArc xlink:type="arc" xlink:arcrole="http://www.xbrl.org/2003/arcrole/parent-child" xlink:from="DetailsOnMemberOfExecutiveBoardApprovingAnnualReportAbstract" xlink:to="NameAndSurnameOfMemberOfExecutiveBoard" order="3.0"/>
    <link:loc xlink:type="locator" xlink:href="../../sob-cor-2014-12-20.xsd#sob_DescriptionOfObjectionsOfMemberOfExecutiveBoardOnAnnualReport" xlink:label="DescriptionOfObjectionsOfMemberOfExecutiveBoardOnAnnualReport"/>
    <link:presentationArc xlink:type="arc" xlink:arcrole="http://www.xbrl.org/2003/arcrole/parent-child" xlink:from="DetailsOnMemberOfExecutiveBoardApprovingAnnualReportAbstract" xlink:to="DescriptionOfObjectionsOfMemberOfExecutiveBoardOnAnnualReport" order="70.0"/>
    <link:loc xlink:type="locator" xlink:href="../../sob-cor-2014-12-20.xsd#sob_DescriptionOfSpecificAndAdequateGroundsForObjectionsOfMemberOfExecutiveBoardOnAnnualReport" xlink:label="DescriptionOfSpecificAndAdequateGroundsForObjectionsOfMemberOfExecutiveBoardOnAnnualReport"/>
    <link:presentationArc xlink:type="arc" xlink:arcrole="http://www.xbrl.org/2003/arcrole/parent-child" xlink:from="DescriptionOfObjectionsOfMemberOfExecutiveBoardOnAnnualReport" xlink:to="DescriptionOfSpecificAndAdequateGroundsForObjectionsOfMemberOfExecutiveBoardOnAnnualReport" order="1.0"/>
    <link:loc xlink:type="locator" xlink:href="../../../cmn.xsd#cmn_TitleOfMemberOfExecutiveBoard" xlink:label="TitleOfMemberOfExecutiveBoard" xlink:title="TitleOfMemberOfExecutiveBoard"/>
    <link:presentationArc xlink:type="arc" xlink:arcrole="http://www.xbrl.org/2003/arcrole/parent-child" xlink:from="DetailsOnMemberOfExecutiveBoardApprovingAnnualReportAbstract" xlink:to="TitleOfMemberOfExecutiveBoard" xlink:title="presentation: DetailsOnMemberOfExecutiveBoardApprovingAnnualReportAbstract to TitleOfMemberOfExecutiveBoard" order="6.0"/>
    <link:loc xlink:type="locator" xlink:href="../../../cmn.xsd#cmn_DescriptionOfMemberOfExecutiveBoard" xlink:label="DescriptionOfMemberOfExecutiveBoard" xlink:title="DescriptionOfMemberOfExecutiveBoard"/>
    <link:presentationArc xlink:type="arc" xlink:arcrole="http://www.xbrl.org/2003/arcrole/parent-child" xlink:from="DetailsOnMemberOfExecutiveBoardApprovingAnnualReportAbstract" xlink:to="DescriptionOfMemberOfExecutiveBoard" xlink:title="presentation: DetailsOnMemberOfExecutiveBoardApprovingAnnualReportAbstract to DescriptionOfMemberOfExecutiveBoard" order="60.0"/>
    <link:loc xlink:type="locator" xlink:href="../../sob-cor-2014-12-20.xsd#sob_DetailsOnMemberOfSupervisoryBoardApprovingAnnualReportAbstract" xlink:label="DetailsOnMemberOfSupervisoryBoardApprovingAnnualReportAbstract"/>
    <link:presentationArc xlink:type="arc" xlink:arcrole="http://www.xbrl.org/2003/arcrole/parent-child" xlink:from="ApprovalOfAnnualReportAbstract" xlink:to="DetailsOnMemberOfSupervisoryBoardApprovingAnnualReportAbstract" order="4.0"/>
    <link:loc xlink:type="locator" xlink:href="../../sob-cor-2014-12-20.xsd#sob_DetailsOnMemberOfSupervisoryBoardApprovingAnnualReportHypercube" xlink:label="DetailsOnMemberOfSupervisoryBoardApprovingAnnualReportHypercube"/>
    <link:presentationArc xlink:type="arc" xlink:arcrole="http://www.xbrl.org/2003/arcrole/parent-child" xlink:from="DetailsOnMemberOfSupervisoryBoardApprovingAnnualReportAbstract" xlink:to="DetailsOnMemberOfSupervisoryBoardApprovingAnnualReportHypercube" order="1.0"/>
    <link:loc xlink:type="locator" xlink:href="../../../cmn.xsd#cmn_IdentificationOfMemberOfSupervisoryBoardAxis" xlink:label="IdentificationOfMemberOfSupervisoryBoardAxis"/>
    <link:presentationArc xlink:type="arc" xlink:arcrole="http://www.xbrl.org/2003/arcrole/parent-child" xlink:from="DetailsOnMemberOfSupervisoryBoardApprovingAnnualReportHypercube" xlink:to="IdentificationOfMemberOfSupervisoryBoardAxis" order="1.0"/>
    <link:presentationArc xlink:type="arc" xlink:arcrole="http://www.xbrl.org/2003/arcrole/parent-child" xlink:from="DetailsOnMemberOfSupervisoryBoardApprovingAnnualReportHypercube" xlink:to="TypeOfParticipantAxis" xlink:title="presentation: DetailsOnMemberOfSupervisoryBoardApprovingAnnualReportHypercube to TypeOfParticipantAxis" order="2.0"/>
    <link:loc xlink:type="locator" xlink:href="../../../cmn.xsd#cmn_IdentificationNumberCprOfMemberOfSupervisoryBoard" xlink:label="IdentificationNumberCprOfMemberOfSupervisoryBoard"/>
    <link:presentationArc xlink:type="arc" xlink:arcrole="http://www.xbrl.org/2003/arcrole/parent-child" xlink:from="DetailsOnMemberOfSupervisoryBoardApprovingAnnualReportAbstract" xlink:to="IdentificationNumberCprOfMemberOfSupervisoryBoard" order="2.0"/>
    <link:loc xlink:type="locator" xlink:href="../../../cmn.xsd#cmn_NameAndSurnameOfMemberOfSupervisoryBoard" xlink:label="NameAndSurnameOfMemberOfSupervisoryBoard"/>
    <link:presentationArc xlink:type="arc" xlink:arcrole="http://www.xbrl.org/2003/arcrole/parent-child" xlink:from="DetailsOnMemberOfSupervisoryBoardApprovingAnnualReportAbstract" xlink:to="NameAndSurnameOfMemberOfSupervisoryBoard" order="3.0"/>
    <link:loc xlink:type="locator" xlink:href="../../sob-cor-2014-12-20.xsd#sob_DescriptionOfObjectionsOfMemberOfSupervisoryBoardOnAnnualReport" xlink:label="DescriptionOfObjectionsOfMemberOfSupervisoryBoardOnAnnualReport"/>
    <link:presentationArc xlink:type="arc" xlink:arcrole="http://www.xbrl.org/2003/arcrole/parent-child" xlink:from="DetailsOnMemberOfSupervisoryBoardApprovingAnnualReportAbstract" xlink:to="DescriptionOfObjectionsOfMemberOfSupervisoryBoardOnAnnualReport" order="70.0"/>
    <link:loc xlink:type="locator" xlink:href="../../sob-cor-2014-12-20.xsd#sob_DescriptionOfSpecificAndAdequateGroundsForObjectionsOfMemberOfSupervisoryBoardOnAnnualReport" xlink:label="DescriptionOfSpecificAndAdequateGroundsForObjectionsOfMemberOfSupervisoryBoardOnAnnualReport"/>
    <link:presentationArc xlink:type="arc" xlink:arcrole="http://www.xbrl.org/2003/arcrole/parent-child" xlink:from="DescriptionOfObjectionsOfMemberOfSupervisoryBoardOnAnnualReport" xlink:to="DescriptionOfSpecificAndAdequateGroundsForObjectionsOfMemberOfSupervisoryBoardOnAnnualReport" order="1.0"/>
    <link:loc xlink:type="locator" xlink:href="../../../cmn.xsd#cmn_TitleOfMemberOfSupervisoryBoard" xlink:label="TitleOfMemberOfSupervisoryBoard" xlink:title="TitleOfMemberOfSupervisoryBoard"/>
    <link:presentationArc xlink:type="arc" xlink:arcrole="http://www.xbrl.org/2003/arcrole/parent-child" xlink:from="DetailsOnMemberOfSupervisoryBoardApprovingAnnualReportAbstract" xlink:to="TitleOfMemberOfSupervisoryBoard" xlink:title="presentation: DetailsOnMemberOfSupervisoryBoardApprovingAnnualReportAbstract to TitleOfMemberOfSupervisoryBoard" order="6.0"/>
    <link:loc xlink:type="locator" xlink:href="../../../cmn.xsd#cmn_DescriptionOfMemberOfSupervisoryBoard" xlink:label="DescriptionOfMemberOfSupervisoryBoard" xlink:title="DescriptionOfMemberOfSupervisoryBoard"/>
    <link:presentationArc xlink:type="arc" xlink:arcrole="http://www.xbrl.org/2003/arcrole/parent-child" xlink:from="DetailsOnMemberOfSupervisoryBoardApprovingAnnualReportAbstract" xlink:to="DescriptionOfMemberOfSupervisoryBoard" xlink:title="presentation: DetailsOnMemberOfSupervisoryBoardApprovingAnnualReportAbstract to DescriptionOfMemberOfSupervisoryBoard" order="60.0"/>
    <link:loc xlink:type="locator" xlink:href="../../sob-cor-2014-12-20.xsd#sob_DetailsOnParticipantNotPartOfTheRegisteredManagementMemberOfSupervisoryBoardAbstract" xlink:label="DetailsOnParticipantNotPartOfTheRegisteredManagementMemberOfSupervisoryBoardAbstract" xlink:title="DetailsOnParticipantNotPartOfTheRegisteredManagementMemberOfSupervisoryBoardAbstract"/>
    <link:presentationArc xlink:type="arc" xlink:arcrole="http://www.xbrl.org/2003/arcrole/parent-child" xlink:from="DetailsOnMemberOfSupervisoryBoardApprovingAnnualReportAbstract" xlink:to="DetailsOnParticipantNotPartOfTheRegisteredManagementMemberOfSupervisoryBoardAbstract" xlink:title="presentation: DetailsOnMemberOfSupervisoryBoardApprovingAnnualReportAbstract to DetailsOnParticipantNotPartOfTheRegisteredManagementMemberOfSupervisoryBoardAbstract" order="71.0"/>
    <link:loc xlink:type="locator" xlink:href="../../sob-cor-2014-12-20.xsd#sob_IdentificationNumberCVRofParticipantNotPartOfTheRegisteredManagementMemberOfSupervisoryBoard" xlink:label="IdentificationNumberCVRofParticipantNotPartOfTheRegisteredManagementMemberOfSupervisoryBoard" xlink:title="IdentificationNumberCVRofParticipantNotPartOfTheRegisteredManagementMemberOfSupervisoryBoard"/>
    <link:presentationArc xlink:type="arc" xlink:arcrole="http://www.xbrl.org/2003/arcrole/parent-child" xlink:from="DetailsOnParticipantNotPartOfTheRegisteredManagementMemberOfSupervisoryBoardAbstract" xlink:to="IdentificationNumberCVRofParticipantNotPartOfTheRegisteredManagementMemberOfSupervisoryBoard" xlink:title="presentation: DetailsOnParticipantNotPartOfTheRegisteredManagementMemberOfSupervisoryBoardAbstract to IdentificationNumberCVRofParticipantNotPartOfTheRegisteredManagementMemberOfSupervisoryBoard" order="1.0"/>
    <link:loc xlink:type="locator" xlink:href="../../sob-cor-2014-12-20.xsd#sob_NameOfEntityParticipantNotPartOfTheRegisteredManagementMemberOfSupervisoryBoard" xlink:label="NameOfEntityParticipantNotPartOfTheRegisteredManagementMemberOfSupervisoryBoard" xlink:title="NameOfEntityParticipantNotPartOfTheRegisteredManagementMemberOfSupervisoryBoard"/>
    <link:presentationArc xlink:type="arc" xlink:arcrole="http://www.xbrl.org/2003/arcrole/parent-child" xlink:from="DetailsOnParticipantNotPartOfTheRegisteredManagementMemberOfSupervisoryBoardAbstract" xlink:to="NameOfEntityParticipantNotPartOfTheRegisteredManagementMemberOfSupervisoryBoard" xlink:title="presentation: DetailsOnParticipantNotPartOfTheRegisteredManagementMemberOfSupervisoryBoardAbstract to NameOfEntityParticipantNotPartOfTheRegisteredManagementMemberOfSupervisoryBoard" order="2.0"/>
    <link:loc xlink:type="locator" xlink:href="../../sob-cor-2014-12-20.xsd#sob_DescriptionOfParticipantNotPartOfTheRegisteredManagementMemberOfSupervisoryBoard" xlink:label="DescriptionOfParticipantNotPartOfTheRegisteredManagementMemberOfSupervisoryBoard" xlink:title="DescriptionOfParticipantNotPartOfTheRegisteredManagementMemberOfSupervisoryBoard"/>
    <link:presentationArc xlink:type="arc" xlink:arcrole="http://www.xbrl.org/2003/arcrole/parent-child" xlink:from="DetailsOnParticipantNotPartOfTheRegisteredManagementMemberOfSupervisoryBoardAbstract" xlink:to="DescriptionOfParticipantNotPartOfTheRegisteredManagementMemberOfSupervisoryBoard" xlink:title="presentation: DetailsOnParticipantNotPartOfTheRegisteredManagementMemberOfSupervisoryBoardAbstract to DescriptionOfParticipantNotPartOfTheRegisteredManagementMemberOfSupervisoryBoard" order="3.0"/>
    <link:loc xlink:type="locator" xlink:href="../../sob-cor-2014-12-20.xsd#sob_DetailsOnLiquidatorApprovingAnnualReportAbstract" xlink:label="DetailsOnLiquidatorApprovingAnnualReportAbstract" xlink:title="DetailsOnLiquidatorApprovingAnnualReportAbstract"/>
    <link:presentationArc xlink:type="arc" xlink:arcrole="http://www.xbrl.org/2003/arcrole/parent-child" xlink:from="ApprovalOfAnnualReportAbstract" xlink:to="DetailsOnLiquidatorApprovingAnnualReportAbstract" xlink:title="presentation: ApprovalOfAnnualReportAbstract to DetailsOnLiquidatorApprovingAnnualReportAbstract" order="5.0"/>
    <link:loc xlink:type="locator" xlink:href="../../sob-cor-2014-12-20.xsd#sob_DetailsOnLiquidatorApprovingAnnualReportHypercube" xlink:label="DetailsOnLiquidatorApprovingAnnualReportHypercube" xlink:title="DetailsOnLiquidatorApprovingAnnualReportHypercube"/>
    <link:presentationArc xlink:type="arc" xlink:arcrole="http://www.xbrl.org/2003/arcrole/parent-child" xlink:from="DetailsOnLiquidatorApprovingAnnualReportAbstract" xlink:to="DetailsOnLiquidatorApprovingAnnualReportHypercube" xlink:title="presentation: DetailsOnLiquidatorApprovingAnnualReportAbstract to DetailsOnLiquidatorApprovingAnnualReportHypercube" order="1.0"/>
    <link:loc xlink:type="locator" xlink:href="../../../cmn.xsd#cmn_IdentificationOfLiquidatorDimension" xlink:label="IdentificationOfLiquidatorDimension" xlink:title="IdentificationOfLiquidatorDimension"/>
    <link:presentationArc xlink:type="arc" xlink:arcrole="http://www.xbrl.org/2003/arcrole/parent-child" xlink:from="DetailsOnLiquidatorApprovingAnnualReportHypercube" xlink:to="IdentificationOfLiquidatorDimension" xlink:title="presentation: DetailsOnLiquidatorApprovingAnnualReportHypercube to IdentificationOfLiquidatorDimension" order="1.0"/>
    <link:loc xlink:type="locator" xlink:href="../../../cmn.xsd#cmn_IdentificationNumberCprOfLiquidator" xlink:label="IdentificationNumberCprOfLiquidator" xlink:title="IdentificationNumberCprOfLiquidator"/>
    <link:presentationArc xlink:type="arc" xlink:arcrole="http://www.xbrl.org/2003/arcrole/parent-child" xlink:from="DetailsOnLiquidatorApprovingAnnualReportAbstract" xlink:to="IdentificationNumberCprOfLiquidator" xlink:title="presentation: DetailsOnLiquidatorApprovingAnnualReportAbstract to IdentificationNumberCprOfLiquidator" order="2.0"/>
    <link:loc xlink:type="locator" xlink:href="../../../cmn.xsd#cmn_NameAndSurnameOfLiquidator" xlink:label="NameAndSurnameOfLiquidator" xlink:title="NameAndSurnameOfLiquidator"/>
    <link:presentationArc xlink:type="arc" xlink:arcrole="http://www.xbrl.org/2003/arcrole/parent-child" xlink:from="DetailsOnLiquidatorApprovingAnnualReportAbstract" xlink:to="NameAndSurnameOfLiquidator" xlink:title="presentation: DetailsOnLiquidatorApprovingAnnualReportAbstract to NameAndSurnameOfLiquidator" order="3.0"/>
    <link:loc xlink:type="locator" xlink:href="../../../cmn.xsd#cmn_TitleOfLiquidator" xlink:label="TitleOfLiquidator" xlink:title="TitleOfLiquidator"/>
    <link:presentationArc xlink:type="arc" xlink:arcrole="http://www.xbrl.org/2003/arcrole/parent-child" xlink:from="DetailsOnLiquidatorApprovingAnnualReportAbstract" xlink:to="TitleOfLiquidator" xlink:title="presentation: DetailsOnLiquidatorApprovingAnnualReportAbstract to TitleOfLiquidator" order="4.0"/>
    <link:loc xlink:type="locator" xlink:href="../../../cmn.xsd#cmn_DescriptionOfLiquidator" xlink:label="DescriptionOfLiquidator" xlink:title="DescriptionOfLiquidator"/>
    <link:presentationArc xlink:type="arc" xlink:arcrole="http://www.xbrl.org/2003/arcrole/parent-child" xlink:from="DetailsOnLiquidatorApprovingAnnualReportAbstract" xlink:to="DescriptionOfLiquidator" xlink:title="presentation: DetailsOnLiquidatorApprovingAnnualReportAbstract to DescriptionOfLiquidator" order="5.0"/>
    <link:loc xlink:type="locator" xlink:href="../../sob-cor-2014-12-20.xsd#sob_DescriptionOfObjectionsOfLiquidatorOnAnnualReport" xlink:label="DescriptionOfObjectionsOfLiquidatorOnAnnualReport" xlink:title="DescriptionOfObjectionsOfLiquidatorOnAnnualReport"/>
    <link:presentationArc xlink:type="arc" xlink:arcrole="http://www.xbrl.org/2003/arcrole/parent-child" xlink:from="DetailsOnLiquidatorApprovingAnnualReportAbstract" xlink:to="DescriptionOfObjectionsOfLiquidatorOnAnnualReport" xlink:title="presentation: DetailsOnLiquidatorApprovingAnnualReportAbstract to DescriptionOfObjectionsOfLiquidatorOnAnnualReport" order="6.0"/>
    <link:loc xlink:type="locator" xlink:href="../../sob-cor-2014-12-20.xsd#sob_DescriptionOfSpecificAndAdequateGroundsForObjectionsOfLiquidatorOnAnnualReport" xlink:label="DescriptionOfSpecificAndAdequateGroundsForObjectionsOfLiquidatorOnAnnualReport" xlink:title="DescriptionOfSpecificAndAdequateGroundsForObjectionsOfLiquidatorOnAnnualReport"/>
    <link:presentationArc xlink:type="arc" xlink:arcrole="http://www.xbrl.org/2003/arcrole/parent-child" xlink:from="DescriptionOfObjectionsOfLiquidatorOnAnnualReport" xlink:to="DescriptionOfSpecificAndAdequateGroundsForObjectionsOfLiquidatorOnAnnualReport" xlink:title="presentation: DescriptionOfObjectionsOfLiquidatorOnAnnualReport to DescriptionOfSpecificAndAdequateGroundsForObjectionsOfLiquidatorOnAnnualReport" order="1.0"/>
    <link:loc xlink:type="locator" xlink:href="../../sob-cor-2014-12-20.xsd#sob_RelatedToStatementByExecutiveAndSupervisoryBoardsAbstract" xlink:label="RelatedToStatementByExecutiveAndSupervisoryBoardsAbstract" xlink:title="RelatedToStatementByExecutiveAndSupervisoryBoardsAbstract"/>
    <link:presentationArc xlink:type="arc" xlink:arcrole="http://www.xbrl.org/2003/arcrole/parent-child" xlink:from="StatementEtcByExecutiveAndSupervisoryBoardsAbstract" xlink:to="RelatedToStatementByExecutiveAndSupervisoryBoardsAbstract" xlink:title="presentation: StatementEtcByExecutiveAndSupervisoryBoardsAbstract to RelatedToStatementByExecutiveAndSupervisoryBoardsAbstract" order="2.0"/>
    <link:loc xlink:type="locator" xlink:href="../../sob-cor-2014-12-20.xsd#sob_StatementOnOptingOutOfAuditingFinancialStatementsInNextReportingPeriodDueToExemption" xlink:label="StatementOnOptingOutOfAuditingFinancialStatementsInNextReportingPeriodDueToExemption"/>
    <link:presentationArc xlink:type="arc" xlink:arcrole="http://www.xbrl.org/2003/arcrole/parent-child" xlink:from="RelatedToStatementByExecutiveAndSupervisoryBoardsAbstract" xlink:to="StatementOnOptingOutOfAuditingFinancialStatementsInNextReportingPeriodDueToExemption" xlink:title="presentation: RelatedToStatementByExecutiveAndSupervisoryBoardsAbstract to StatementOnOptingOutOfAuditingFinancialStatementsInNextReportingPeriodDueToExemption" order="1.0"/>
    <link:loc xlink:type="locator" xlink:href="../../../cmn.xsd#cmn_CommonTable" xlink:label="CommonTable"/>
    <link:presentationArc xlink:type="arc" xlink:arcrole="http://www.xbrl.org/2003/arcrole/parent-child" xlink:from="StatementEtcByExecutiveAndSupervisoryBoardsAbstract" xlink:to="CommonTable" xlink:title="presentation: StatementEtcByExecutiveAndSupervisoryBoardsAbstract to CommonTable" order="3.0"/>
    <link:loc xlink:type="locator" xlink:href="../../../../full_ifrs-cor_2014-03-05.xsd#ifrs-full_ConsolidatedAndSeparateFinancialStatementsAxis" xlink:label="ConsolidatedAndSeparateFinancialStatementsAxis"/>
    <link:presentationArc xlink:type="arc" xlink:arcrole="http://www.xbrl.org/2003/arcrole/parent-child" xlink:from="CommonTable" xlink:to="ConsolidatedAndSeparateFinancialStatementsAxis" order="1.0"/>
    <link:loc xlink:type="locator" xlink:href="../../../../full_ifrs-cor_2014-03-05.xsd#ifrs-full_ConsolidatedMember" xlink:label="ConsolidatedMember"/>
    <link:presentationArc xlink:type="arc" xlink:arcrole="http://www.xbrl.org/2003/arcrole/parent-child" xlink:from="ConsolidatedAndSeparateFinancialStatementsAxis" xlink:to="ConsolidatedMember" order="1.0"/>
    <link:loc xlink:type="locator" xlink:href="../../../../full_ifrs-cor_2014-03-05.xsd#ifrs-full_SeparateMember" xlink:label="SeparateMember"/>
    <link:presentationArc xlink:type="arc" xlink:arcrole="http://www.xbrl.org/2003/arcrole/parent-child" xlink:from="ConsolidatedAndSeparateFinancialStatementsAxis" xlink:to="SeparateMember" xlink:title="presentation: ConsolidatedAndSeparateFinancialStatementsAxis to SeparateMember" order="2.0"/>
  </link:presentationLink>
</link:linkbase>
