<?xml version="1.0" encoding="UTF-8"?>
<!-- Generated by Fujitsu Interstage XWand B0166 -->
<?officialURI http://archprod.service.eogs.dk/taxonomy/20130401/arr/arr_ref.xml?>

<?taxonomy-version 1.5.0?>

<link:linkbase xmlns:xsi="http://www.w3.org/2001/XMLSchema-instance" xsi:schemaLocation="http://www.xbrl.org/2006/ref http://www.xbrl.org/2006/ref-2006-02-27.xsd http://www.xbrl.org/2003/linkbase http://www.xbrl.org/2003/xbrl-linkbase-2003-12-31.xsd" xmlns:link="http://www.xbrl.org/2003/linkbase" xmlns:ref="http://www.xbrl.org/2006/ref" xmlns:xbrli="http://www.xbrl.org/2003/instance" xmlns:xlink="http://www.w3.org/1999/xlink">
  <link:referenceLink xlink:type="extended" xlink:role="http://www.xbrl.org/2003/role/link">
    <link:loc xlink:type="locator" xlink:href="arr.xsd#arr_AuditorsReportsAbstract" xlink:label="AuditorsReportsAbstract"/>
    <link:reference xlink:type="resource" xlink:label="reference_AuditorsReportsAbstract" xlink:role="http://www.xbrl.org/2003/role/reference" id="reference_AuditorsReportsAbstract">
      <ref:Publisher>Økonomi- og Erhvervsministeriet</ref:Publisher>
      <ref:Name>Årsregnskabsloven</ref:Name>
      <ref:Paragraph>135</ref:Paragraph>
    </link:reference>
    <link:referenceArc xlink:type="arc" xlink:arcrole="http://www.xbrl.org/2003/arcrole/concept-reference" xlink:from="AuditorsReportsAbstract" xlink:to="reference_AuditorsReportsAbstract" order="10.0"/>
    <link:loc xlink:type="locator" xlink:href="arr.xsd#arr_AddresseeOfAuditorsReportOnAuditedFinancialStatements" xlink:label="AddresseeOfAuditorsReportOnAuditedFinancialStatements"/>
    <link:reference xlink:type="resource" xlink:label="reference_AddresseeOfAuditorsReportOnAuditedFinancialStatements" xlink:role="http://www.xbrl.org/2003/role/reference" id="reference_AddresseeOfAuditorsReportOnAuditedFinancialStatements">
      <ref:Publisher>Erhvervs- og Selskabsstyrelsen</ref:Publisher>
      <ref:Name>Praksis</ref:Name>
    </link:reference>
    <link:referenceArc xlink:type="arc" xlink:arcrole="http://www.xbrl.org/2003/arcrole/concept-reference" xlink:from="AddresseeOfAuditorsReportOnAuditedFinancialStatements" xlink:to="reference_AddresseeOfAuditorsReportOnAuditedFinancialStatements" order="10.0"/>
    <link:loc xlink:type="locator" xlink:href="arr.xsd#arr_AddresseeOfAuditorsReportOnReviewOfFinancialStatements" xlink:label="AddresseeOfAuditorsReportOnReviewOfFinancialStatements"/>
    <link:reference xlink:type="resource" xlink:label="reference_AddresseeOfAuditorsReportOnReviewOfFinancialStatements" xlink:role="http://www.xbrl.org/2003/role/reference" id="reference_AddresseeOfAuditorsReportOnReviewOfFinancialStatements">
      <ref:Publisher>Økonomi- og Erhvervsministeriet</ref:Publisher>
      <ref:Name>Erklæringsbekendtgørelsen</ref:Name>
    </link:reference>
    <link:referenceArc xlink:type="arc" xlink:arcrole="http://www.xbrl.org/2003/arcrole/concept-reference" xlink:from="AddresseeOfAuditorsReportOnReviewOfFinancialStatements" xlink:to="reference_AddresseeOfAuditorsReportOnReviewOfFinancialStatements" order="10.0"/>
    <link:loc xlink:type="locator" xlink:href="arr.xsd#arr_AuditorsReportOnAuditedFinancialStatements" xlink:label="AuditorsReportOnAuditedFinancialStatements"/>
    <link:reference xlink:type="resource" xlink:label="reference_AuditorsReportOnAuditedFinancialStatements" xlink:role="http://www.xbrl.org/2003/role/reference" id="reference_AuditorsReportOnAuditedFinancialStatements">
      <ref:Publisher>Økonomi- og Erhvervsministeriet</ref:Publisher>
      <ref:Name>Erklæringsbekendtgørelsen</ref:Name>
      <ref:Paragraph>3</ref:Paragraph>
    </link:reference>
    <link:referenceArc xlink:type="arc" xlink:arcrole="http://www.xbrl.org/2003/arcrole/concept-reference" xlink:from="AuditorsReportOnAuditedFinancialStatements" xlink:to="reference_AuditorsReportOnAuditedFinancialStatements" order="10.0"/>
    <link:loc xlink:type="locator" xlink:href="arr.xsd#arr_AuditorsReportOnReviewOfFinancialStatements" xlink:label="AuditorsReportOnReviewOfFinancialStatements"/>
    <link:reference xlink:type="resource" xlink:label="reference_AuditorsReportOnReviewOfFinancialStatements" xlink:role="http://www.xbrl.org/2003/role/reference" id="reference_AuditorsReportOnReviewOfFinancialStatements">
      <ref:Publisher>Erhvervs- og vækstministeriet</ref:Publisher>
      <ref:Name>Erklæringsbekendtgørelsen</ref:Name>
      <ref:Paragraph>9</ref:Paragraph>
    </link:reference>
    <link:referenceArc xlink:type="arc" xlink:arcrole="http://www.xbrl.org/2003/arcrole/concept-reference" xlink:from="AuditorsReportOnReviewOfFinancialStatements" xlink:to="reference_AuditorsReportOnReviewOfFinancialStatements" order="10.0"/>
    <link:loc xlink:type="locator" xlink:href="arr.xsd#arr_DescriptionOfQualificationsOfAssuranceEngagementPerformed" xlink:label="DescriptionOfQualificationsOfAssuranceEngagementPerformed"/>
    <link:reference xlink:type="resource" xlink:label="reference_DescriptionOfQualificationsOfAssuranceEngagementPerformed" xlink:role="http://www.xbrl.org/2003/role/reference" id="reference_DescriptionOfQualificationsOfAssuranceEngagementPerformed">
      <ref:Publisher>Erhvervs- og vækstministeriet</ref:Publisher>
      <ref:Name>Erklæringsbekendtgørelsen</ref:Name>
      <ref:Paragraph>9</ref:Paragraph>
      <ref:Subparagraph>1</ref:Subparagraph>
      <ref:Clause>3</ref:Clause>
    </link:reference>
    <link:referenceArc xlink:type="arc" xlink:arcrole="http://www.xbrl.org/2003/arcrole/concept-reference" xlink:from="DescriptionOfQualificationsOfAssuranceEngagementPerformed" xlink:to="reference_DescriptionOfQualificationsOfAssuranceEngagementPerformed" order="10.0"/>
    <link:loc xlink:type="locator" xlink:href="arr.xsd#arr_DescriptionOfQualificationsOfAuditedFinancialStatements" xlink:label="DescriptionOfQualificationsOfAuditedFinancialStatements"/>
    <link:reference xlink:type="resource" xlink:label="reference_DescriptionOfQualificationsOfAuditedFinancialStatements" xlink:role="http://www.xbrl.org/2003/role/reference" id="reference_DescriptionOfQualificationsOfAuditedFinancialStatements">
      <ref:Publisher>Erhvervs- og vækstministeriet</ref:Publisher>
      <ref:Name>Erklæringsbekendtgørelsen</ref:Name>
      <ref:Paragraph>6</ref:Paragraph>
      <ref:Subparagraph>3</ref:Subparagraph>
    </link:reference>
    <link:referenceArc xlink:type="arc" xlink:arcrole="http://www.xbrl.org/2003/arcrole/concept-reference" xlink:from="DescriptionOfQualificationsOfAuditedFinancialStatements" xlink:to="reference_DescriptionOfQualificationsOfAuditedFinancialStatements" order="10.0"/>
    <link:reference xlink:type="resource" xlink:label="reference_DescriptionOfQualificationsOfAuditedFinancialStatements_2" xlink:role="http://www.xbrl.org/2003/role/reference" id="reference_DescriptionOfQualificationsOfAuditedFinancialStatements_2">
      <ref:Publisher>Erhvervs- og vækstministeriet </ref:Publisher>
      <ref:Name>Erklæringsbekendtgørelsen</ref:Name>
      <ref:Paragraph>6</ref:Paragraph>
      <ref:Subparagraph>1</ref:Subparagraph>
      <ref:Clause>3</ref:Clause>
    </link:reference>
    <link:referenceArc xlink:type="arc" xlink:arcrole="http://www.xbrl.org/2003/arcrole/concept-reference" xlink:from="DescriptionOfQualificationsOfAuditedFinancialStatements" xlink:to="reference_DescriptionOfQualificationsOfAuditedFinancialStatements_2" order="10.0"/>
    <link:reference xlink:type="resource" xlink:label="reference_DescriptionOfQualificationsOfAuditedFinancialStatements_3" xlink:role="http://www.xbrl.org/2003/role/reference" id="reference_DescriptionOfQualificationsOfAuditedFinancialStatements_3">
      <ref:Publisher>Erhvervs- og vækstministeriet </ref:Publisher>
      <ref:Name>Erklæringsbekendtgørelsen</ref:Name>
      <ref:Paragraph>5</ref:Paragraph>
      <ref:Subparagraph>1</ref:Subparagraph>
      <ref:Clause>3</ref:Clause>
    </link:reference>
    <link:referenceArc xlink:type="arc" xlink:arcrole="http://www.xbrl.org/2003/arcrole/concept-reference" xlink:from="DescriptionOfQualificationsOfAuditedFinancialStatements" xlink:to="reference_DescriptionOfQualificationsOfAuditedFinancialStatements_3" order="10.0"/>
    <link:loc xlink:type="locator" xlink:href="arr.xsd#arr_DescriptionsOfQualificationsOfReviewedFinancialStatements" xlink:label="DescriptionsOfQualificationsOfReviewedFinancialStatements"/>
    <link:reference xlink:type="resource" xlink:label="reference_DescriptionsOfQualificationsOfReviewedFinancialStatements" xlink:role="http://www.xbrl.org/2003/role/reference" id="reference_DescriptionsOfQualificationsOfReviewedFinancialStatements">
      <ref:Publisher>Erhvervs- og vækstministeriet </ref:Publisher>
      <ref:Name>Erklæringsbekendtgørelsen</ref:Name>
      <ref:Paragraph>9</ref:Paragraph>
      <ref:Subparagraph>1</ref:Subparagraph>
      <ref:Clause>4</ref:Clause>
    </link:reference>
    <link:referenceArc xlink:type="arc" xlink:arcrole="http://www.xbrl.org/2003/arcrole/concept-reference" xlink:from="DescriptionsOfQualificationsOfReviewedFinancialStatements" xlink:to="reference_DescriptionsOfQualificationsOfReviewedFinancialStatements" order="10.0"/>
    <link:reference xlink:type="resource" xlink:label="reference_DescriptionsOfQualificationsOfReviewedFinancialStatements_2" xlink:role="http://www.xbrl.org/2003/role/reference" id="reference_DescriptionsOfQualificationsOfReviewedFinancialStatements_2">
      <ref:Publisher>Erhvervs- og vækstministeriet </ref:Publisher>
      <ref:Name>Erklæringsbekendtgørelsen</ref:Name>
      <ref:Paragraph>9</ref:Paragraph>
      <ref:Subparagraph>4</ref:Subparagraph>
    </link:reference>
    <link:referenceArc xlink:type="arc" xlink:arcrole="http://www.xbrl.org/2003/arcrole/concept-reference" xlink:from="DescriptionsOfQualificationsOfReviewedFinancialStatements" xlink:to="reference_DescriptionsOfQualificationsOfReviewedFinancialStatements_2" order="10.0"/>
    <link:reference xlink:type="resource" xlink:label="reference_DescriptionsOfQualificationsOfReviewedFinancialStatements_3" xlink:role="http://www.xbrl.org/2003/role/reference" id="reference_DescriptionsOfQualificationsOfReviewedFinancialStatements_3">
      <ref:Publisher>Erhvervs- og vækstministeriet </ref:Publisher>
      <ref:Name>Erklæringsbekendtgørelsen</ref:Name>
      <ref:Paragraph>10</ref:Paragraph>
      <ref:Subparagraph>2</ref:Subparagraph>
    </link:reference>
    <link:referenceArc xlink:type="arc" xlink:arcrole="http://www.xbrl.org/2003/arcrole/concept-reference" xlink:from="DescriptionsOfQualificationsOfReviewedFinancialStatements" xlink:to="reference_DescriptionsOfQualificationsOfReviewedFinancialStatements_3" order="10.0"/>
    <link:loc xlink:type="locator" xlink:href="arr.xsd#arr_DetailsOnSignatureOfAuditorsAppointedToPerformAssuranceEngagementHypercube" xlink:label="DetailsOnSignatureOfAuditorsAppointedToPerformAssuranceEngagementHypercube"/>
    <link:reference xlink:type="resource" xlink:label="reference_DetailsOnSignatureOfAuditorsAppointedToPerformAssuranceEngagementHypercube" xlink:role="http://www.xbrl.org/2003/role/reference" id="reference_DetailsOnSignatureOfAuditorsAppointedToPerformAssuranceEngagementHypercube">
      <ref:Publisher>Erhvervs- og vækstministeriet</ref:Publisher>
      <ref:Name>Erklæringsbekendtgørelsen</ref:Name>
    </link:reference>
    <link:referenceArc xlink:type="arc" xlink:arcrole="http://www.xbrl.org/2003/arcrole/concept-reference" xlink:from="DetailsOnSignatureOfAuditorsAppointedToPerformAssuranceEngagementHypercube" xlink:to="reference_DetailsOnSignatureOfAuditorsAppointedToPerformAssuranceEngagementHypercube" order="10.0"/>
    <link:loc xlink:type="locator" xlink:href="arr.xsd#arr_DetailsOnSignatureOfAuditorsAppointedToPerformAuditHypercube" xlink:label="DetailsOnSignatureOfAuditorsAppointedToPerformAuditHypercube"/>
    <link:reference xlink:type="resource" xlink:label="reference_DetailsOnSignatureOfAuditorsAppointedToPerformAuditHypercube" xlink:role="http://www.xbrl.org/2003/role/reference" id="reference_DetailsOnSignatureOfAuditorsAppointedToPerformAuditHypercube">
      <ref:Publisher>Erhvervs- og vækstministeriet</ref:Publisher>
      <ref:Name>Erklæringsbekendtgørelsen</ref:Name>
    </link:reference>
    <link:referenceArc xlink:type="arc" xlink:arcrole="http://www.xbrl.org/2003/arcrole/concept-reference" xlink:from="DetailsOnSignatureOfAuditorsAppointedToPerformAuditHypercube" xlink:to="reference_DetailsOnSignatureOfAuditorsAppointedToPerformAuditHypercube" order="10.0"/>
    <link:loc xlink:type="locator" xlink:href="arr.xsd#arr_DetailsOnSignatureOfAuditorsAppointedToPerformReviewHypercube" xlink:label="DetailsOnSignatureOfAuditorsAppointedToPerformReviewHypercube"/>
    <link:reference xlink:type="resource" xlink:label="reference_DetailsOnSignatureOfAuditorsAppointedToPerformReviewHypercube" xlink:role="http://www.xbrl.org/2003/role/reference" id="reference_DetailsOnSignatureOfAuditorsAppointedToPerformReviewHypercube">
      <ref:Publisher>Erhvervs- og vækstministeriet</ref:Publisher>
      <ref:Name>Erklæringsbekendtgørelsen</ref:Name>
    </link:reference>
    <link:referenceArc xlink:type="arc" xlink:arcrole="http://www.xbrl.org/2003/arcrole/concept-reference" xlink:from="DetailsOnSignatureOfAuditorsAppointedToPerformReviewHypercube" xlink:to="reference_DetailsOnSignatureOfAuditorsAppointedToPerformReviewHypercube" order="10.0"/>
    <link:loc xlink:type="locator" xlink:href="arr.xsd#arr_IdentificationOfAuditedFinancialStatements" xlink:label="IdentificationOfAuditedFinancialStatements"/>
    <link:reference xlink:type="resource" xlink:label="reference_IdentificationOfAuditedFinancialStatements" xlink:role="http://www.xbrl.org/2003/role/reference" id="reference_IdentificationOfAuditedFinancialStatements">
      <ref:Publisher>Erhvervs- og vækstministeriet</ref:Publisher>
      <ref:Name>Erklæringsbekendtgørelsen</ref:Name>
      <ref:Paragraph>5</ref:Paragraph>
      <ref:Subparagraph>1</ref:Subparagraph>
      <ref:Clause>1</ref:Clause>
    </link:reference>
    <link:referenceArc xlink:type="arc" xlink:arcrole="http://www.xbrl.org/2003/arcrole/concept-reference" xlink:from="IdentificationOfAuditedFinancialStatements" xlink:to="reference_IdentificationOfAuditedFinancialStatements" order="10.0"/>
    <link:loc xlink:type="locator" xlink:href="arr.xsd#arr_IdentificationOfReviewedFinancialStatement" xlink:label="IdentificationOfReviewedFinancialStatement"/>
    <link:reference xlink:type="resource" xlink:label="reference_IdentificationOfReviewedFinancialStatement" xlink:role="http://www.xbrl.org/2003/role/reference" id="reference_IdentificationOfReviewedFinancialStatement">
      <ref:Publisher>Erhvervs- og vækstministeriet</ref:Publisher>
      <ref:Name>Erklæringsbekendtgørelsen</ref:Name>
      <ref:Paragraph>9</ref:Paragraph>
      <ref:Subparagraph>1</ref:Subparagraph>
      <ref:Clause>1</ref:Clause>
    </link:reference>
    <link:referenceArc xlink:type="arc" xlink:arcrole="http://www.xbrl.org/2003/arcrole/concept-reference" xlink:from="IdentificationOfReviewedFinancialStatement" xlink:to="reference_IdentificationOfReviewedFinancialStatement" order="10.0"/>
    <link:loc xlink:type="locator" xlink:href="arr.xsd#arr_OpinionOnAuditedFinancialStatements" xlink:label="OpinionOnAuditedFinancialStatements"/>
    <link:reference xlink:type="resource" xlink:label="reference_OpinionOnAuditedFinancialStatements" xlink:role="http://www.xbrl.org/2003/role/reference" id="reference_OpinionOnAuditedFinancialStatements">
      <ref:Publisher>Erhvervs- og vækstministeriet</ref:Publisher>
      <ref:Name>Erklæringsbekendtgørelsen</ref:Name>
      <ref:Paragraph>5</ref:Paragraph>
      <ref:Subparagraph>1</ref:Subparagraph>
      <ref:Clause>4</ref:Clause>
    </link:reference>
    <link:referenceArc xlink:type="arc" xlink:arcrole="http://www.xbrl.org/2003/arcrole/concept-reference" xlink:from="OpinionOnAuditedFinancialStatements" xlink:to="reference_OpinionOnAuditedFinancialStatements" order="10.0"/>
    <link:reference xlink:type="resource" xlink:label="reference_OpinionOnAuditedFinancialStatements_2" xlink:role="http://www.xbrl.org/2003/role/reference" id="reference_OpinionOnAuditedFinancialStatements_2">
      <ref:Publisher>Erhvervs- og vækstministeriet</ref:Publisher>
      <ref:Name>Årsregnskabsloven</ref:Name>
      <ref:Paragraph>5</ref:Paragraph>
      <ref:Subparagraph>5</ref:Subparagraph>
    </link:reference>
    <link:referenceArc xlink:type="arc" xlink:arcrole="http://www.xbrl.org/2003/arcrole/concept-reference" xlink:from="OpinionOnAuditedFinancialStatements" xlink:to="reference_OpinionOnAuditedFinancialStatements_2" order="10.0"/>
    <link:loc xlink:type="locator" xlink:href="arr.xsd#arr_OpinionOnReviewedFinancialStatements" xlink:label="OpinionOnReviewedFinancialStatements"/>
    <link:reference xlink:type="resource" xlink:label="reference_OpinionOnReviewedFinancialStatements" xlink:role="http://www.xbrl.org/2003/role/reference" id="reference_OpinionOnReviewedFinancialStatements">
      <ref:Publisher>Erhvervs- og vækstministeriet</ref:Publisher>
      <ref:Name>Erklæringsbekendtgørelsen</ref:Name>
      <ref:Paragraph>9</ref:Paragraph>
      <ref:Subparagraph>1</ref:Subparagraph>
      <ref:Clause>5</ref:Clause>
    </link:reference>
    <link:referenceArc xlink:type="arc" xlink:arcrole="http://www.xbrl.org/2003/arcrole/concept-reference" xlink:from="OpinionOnReviewedFinancialStatements" xlink:to="reference_OpinionOnReviewedFinancialStatements" order="10.0"/>
    <link:loc xlink:type="locator" xlink:href="arr.xsd#arr_OpinionOnSubjectMatterOfAssuranceReport" xlink:label="OpinionOnSubjectMatterOfAssuranceReport"/>
    <link:reference xlink:type="resource" xlink:label="reference_OpinionOnSubjectMatterOfAssuranceReport" xlink:role="http://www.xbrl.org/2003/role/reference" id="reference_OpinionOnSubjectMatterOfAssuranceReport">
      <ref:Publisher>Erhvervs- og vækstministeriet</ref:Publisher>
      <ref:Name>Erklæringsbekendtgørelsen</ref:Name>
      <ref:Paragraph>14</ref:Paragraph>
      <ref:Subparagraph>1</ref:Subparagraph>
      <ref:Clause>4</ref:Clause>
    </link:reference>
    <link:referenceArc xlink:type="arc" xlink:arcrole="http://www.xbrl.org/2003/arcrole/concept-reference" xlink:from="OpinionOnSubjectMatterOfAssuranceReport" xlink:to="reference_OpinionOnSubjectMatterOfAssuranceReport" order="10.0"/>
    <link:loc xlink:type="locator" xlink:href="arr.xsd#arr_OtherAssuranceReports" xlink:label="OtherAssuranceReports"/>
    <link:reference xlink:type="resource" xlink:label="reference_OtherAssuranceReports" xlink:role="http://www.xbrl.org/2003/role/reference" id="reference_OtherAssuranceReports">
      <ref:Publisher>Erhvervs- og vækstministeriet</ref:Publisher>
      <ref:Name>Erklæringsbekendtgørelsen</ref:Name>
      <ref:Paragraph>13</ref:Paragraph>
    </link:reference>
    <link:referenceArc xlink:type="arc" xlink:arcrole="http://www.xbrl.org/2003/arcrole/concept-reference" xlink:from="OtherAssuranceReports" xlink:to="reference_OtherAssuranceReports" order="10.0"/>
    <link:loc xlink:type="locator" xlink:href="arr.xsd#arr_StatementOfAuditorsResponsibilityOtherAssuranceReports" xlink:label="StatementOfAuditorsResponsibilityForAssuranceEngagementAndAssuranceEngagementPerformed"/>
    <link:reference xlink:type="resource" xlink:label="reference_StatementOfAuditorsResponsibilityForAssuranceEngagementAndAssuranceEngagementPerformed" xlink:role="http://www.xbrl.org/2003/role/reference" id="reference_StatementOfAuditorsResponsibilityForAssuranceEngagementAndAssuranceEngagementPerformed">
      <ref:Publisher>Erhvervs- og vækstministeriet</ref:Publisher>
      <ref:Name>Erklæringsbekendtgørelsen</ref:Name>
      <ref:Paragraph>14</ref:Paragraph>
      <ref:Subparagraph>1</ref:Subparagraph>
      <ref:Clause>2</ref:Clause>
    </link:reference>
    <link:referenceArc xlink:type="arc" xlink:arcrole="http://www.xbrl.org/2003/arcrole/concept-reference" xlink:from="StatementOfAuditorsResponsibilityForAssuranceEngagementAndAssuranceEngagementPerformed" xlink:to="reference_StatementOfAuditorsResponsibilityForAssuranceEngagementAndAssuranceEngagementPerformed" order="10.0"/>
    <link:loc xlink:type="locator" xlink:href="arr.xsd#arr_StatementOfAuditorsResponsibilityForAuditAndAuditPerformed" xlink:label="StatementOfAuditorsResponsibilityForAuditAndAuditPerformed"/>
    <link:reference xlink:type="resource" xlink:label="reference_StatementOfAuditorsResponsibilityForAuditAndAuditPerformed" xlink:role="http://www.xbrl.org/2003/role/reference" id="reference_StatementOfAuditorsResponsibilityForAuditAndAuditPerformed">
      <ref:Publisher>Erhvervs- og vækstministeriet</ref:Publisher>
      <ref:Name>Erklæringsbekendtgørelsen</ref:Name>
      <ref:Paragraph>5</ref:Paragraph>
      <ref:Subparagraph>1</ref:Subparagraph>
      <ref:Clause>2</ref:Clause>
    </link:reference>
    <link:referenceArc xlink:type="arc" xlink:arcrole="http://www.xbrl.org/2003/arcrole/concept-reference" xlink:from="StatementOfAuditorsResponsibilityForAuditAndAuditPerformed" xlink:to="reference_StatementOfAuditorsResponsibilityForAuditAndAuditPerformed" order="10.0"/>
    <link:loc xlink:type="locator" xlink:href="arr.xsd#arr_StatementOfAuditorsResponsibilityForReview" xlink:label="StatementOfAuditorsResponsibilityForReview"/>
    <link:reference xlink:type="resource" xlink:label="reference_StatementOfAuditorsResponsibilityForReview" xlink:role="http://www.xbrl.org/2003/role/reference" id="reference_StatementOfAuditorsResponsibilityForReview">
      <ref:Publisher>Erhvervs- og vækstministeriet</ref:Publisher>
      <ref:Name>Erklæringsbekendtgørelsen</ref:Name>
      <ref:Paragraph>9</ref:Paragraph>
      <ref:Subparagraph>1</ref:Subparagraph>
      <ref:Clause>2</ref:Clause>
    </link:reference>
    <link:referenceArc xlink:type="arc" xlink:arcrole="http://www.xbrl.org/2003/arcrole/concept-reference" xlink:from="StatementOfAuditorsResponsibilityForReview" xlink:to="reference_StatementOfAuditorsResponsibilityForReview" order="10.0"/>
    <link:loc xlink:type="locator" xlink:href="arr.xsd#arr_StatementOnManagementsReviewAuditorsReportOnAuditedFinancialStatements" xlink:label="StatementOnManagementsReviewAuditorsReportOnAuditedFinancialStatements"/>
    <link:reference xlink:type="resource" xlink:label="reference_StatementOnManagementsReviewAuditorsReportOnAuditedFinancialStatements" xlink:role="http://www.xbrl.org/2003/role/reference" id="reference_StatementOnManagementsReviewAuditorsReportOnAuditedFinancialStatements">
      <ref:Publisher>Erhvervs- og vækstministeriet</ref:Publisher>
      <ref:Name>Erklæringsbekendtgørelsen</ref:Name>
      <ref:Paragraph>5</ref:Paragraph>
      <ref:Subparagraph>8</ref:Subparagraph>
    </link:reference>
    <link:referenceArc xlink:type="arc" xlink:arcrole="http://www.xbrl.org/2003/arcrole/concept-reference" xlink:from="StatementOnManagementsReviewAuditorsReportOnAuditedFinancialStatements" xlink:to="reference_StatementOnManagementsReviewAuditorsReportOnAuditedFinancialStatements" order="10.0"/>
    <link:loc xlink:type="locator" xlink:href="arr.xsd#arr_StatementOnReviewPerformed" xlink:label="StatementOnReviewPerformed"/>
    <link:reference xlink:type="resource" xlink:label="reference_StatementOnReviewPerformed" xlink:role="http://www.xbrl.org/2003/role/reference" id="reference_StatementOnReviewPerformed">
      <ref:Publisher>Erhvervs- og vækstministeriet</ref:Publisher>
      <ref:Name>Erklæringsbekendtgørelsen</ref:Name>
      <ref:Paragraph>9</ref:Paragraph>
      <ref:Subparagraph>1</ref:Subparagraph>
      <ref:Clause>3</ref:Clause>
    </link:reference>
    <link:referenceArc xlink:type="arc" xlink:arcrole="http://www.xbrl.org/2003/arcrole/concept-reference" xlink:from="StatementOnReviewPerformed" xlink:to="reference_StatementOnReviewPerformed" order="10.0"/>
    <link:loc xlink:type="locator" xlink:href="arr.xsd#arr_StatementWhetherQualificationsOfAuditedFinancialStatementsAreOfSuchDecisiveImportanceThatAnnualGeneralMeetingShouldNotApproveFinancialStatements" xlink:label="StatementWhetherQualificationsOfAuditedFinancialStatementsAreOfSuchDecisiveImportanceThatAnnualGeneralMeetingShouldNotApproveFinancialStatements"/>
    <link:reference xlink:type="resource" xlink:label="reference_StatementWhetherQualificationsOfAuditedFinancialStatementsAreOfSuchDecisiveImportanceThatAnnualGeneralMeetingShouldNotApproveFinancialStatements" xlink:role="http://www.xbrl.org/2003/role/reference" id="reference_StatementWhetherQualificationsOfAuditedFinancialStatementsAreOfSuchDecisiveImportanceThatAnnualGeneralMeetingShouldNotApproveFinancialStatements">
      <ref:Publisher>Erhvervs- og vækstministeriet</ref:Publisher>
      <ref:Name>Erklæringsbekendtgørelsen</ref:Name>
      <ref:Paragraph>6</ref:Paragraph>
      <ref:Subparagraph>5</ref:Subparagraph>
    </link:reference>
    <link:referenceArc xlink:type="arc" xlink:arcrole="http://www.xbrl.org/2003/arcrole/concept-reference" xlink:from="StatementWhetherQualificationsOfAuditedFinancialStatementsAreOfSuchDecisiveImportanceThatAnnualGeneralMeetingShouldNotApproveFinancialStatements" xlink:to="reference_StatementWhetherQualificationsOfAuditedFinancialStatementsAreOfSuchDecisiveImportanceThatAnnualGeneralMeetingShouldNotApproveFinancialStatements" order="10.0"/>
    <link:loc xlink:type="locator" xlink:href="arr.xsd#arr_SupplementaryInformationOnAssurance" xlink:label="SupplementaryInformationOnAssurance"/>
    <link:reference xlink:type="resource" xlink:label="reference_SupplementaryInformationOnAssurance" xlink:role="http://www.xbrl.org/2003/role/reference" id="reference_SupplementaryInformationOnAssurance">
      <ref:Publisher>Erhvervs- og vækstministeriet</ref:Publisher>
      <ref:Name>Erklæringsbekendtgørelsen</ref:Name>
      <ref:Paragraph>14</ref:Paragraph>
      <ref:Subparagraph>1</ref:Subparagraph>
      <ref:Clause>5</ref:Clause>
    </link:reference>
    <link:referenceArc xlink:type="arc" xlink:arcrole="http://www.xbrl.org/2003/arcrole/concept-reference" xlink:from="SupplementaryInformationOnAssurance" xlink:to="reference_SupplementaryInformationOnAssurance" order="10.0"/>
    <link:loc xlink:type="locator" xlink:href="arr.xsd#arr_SupplementaryInformationOnAuditorsReview" xlink:label="SupplementaryInformationOnAuditorsReview"/>
    <link:reference xlink:type="resource" xlink:label="reference_SupplementaryInformationOnAuditorsReview" xlink:role="http://www.xbrl.org/2003/role/reference" id="reference_SupplementaryInformationOnAuditorsReview">
      <ref:Publisher>Erhvervs- og vækstministeriet</ref:Publisher>
      <ref:Name>Erklæringsbekendtgørelsen</ref:Name>
      <ref:Paragraph>9</ref:Paragraph>
      <ref:Subparagraph>1</ref:Subparagraph>
      <ref:Clause>6</ref:Clause>
    </link:reference>
    <link:referenceArc xlink:type="arc" xlink:arcrole="http://www.xbrl.org/2003/arcrole/concept-reference" xlink:from="SupplementaryInformationOnAuditorsReview" xlink:to="reference_SupplementaryInformationOnAuditorsReview" order="10.0"/>
    <link:loc xlink:type="locator" xlink:href="arr.xsd#arr_SupplementaryInformationOnMattersPertainingToAuditedFinancialStatement" xlink:label="SupplementaryInformationOnMattersPertainingToAuditedFinancialStatement"/>
    <link:reference xlink:type="resource" xlink:label="reference_SupplementaryInformationOnMattersPertainingToAuditedFinancialStatement" xlink:role="http://www.xbrl.org/2003/role/reference" id="reference_SupplementaryInformationOnMattersPertainingToAuditedFinancialStatement">
      <ref:Publisher>Erhvervs- og vækstministeriet</ref:Publisher>
      <ref:Name>Erklæringsbekendtgørelsen</ref:Name>
      <ref:Paragraph>5</ref:Paragraph>
      <ref:Subparagraph>1</ref:Subparagraph>
      <ref:Clause>5</ref:Clause>
    </link:reference>
    <link:referenceArc xlink:type="arc" xlink:arcrole="http://www.xbrl.org/2003/arcrole/concept-reference" xlink:from="SupplementaryInformationOnMattersPertainingToAuditedFinancialStatement" xlink:to="reference_SupplementaryInformationOnMattersPertainingToAuditedFinancialStatement" order="10.0"/>
    <link:reference xlink:type="resource" xlink:label="reference_SupplementaryInformationOnMattersPertainingToAuditedFinancialStatement_2" xlink:role="http://www.xbrl.org/2003/role/reference" id="reference_SupplementaryInformationOnMattersPertainingToAuditedFinancialStatement_2">
      <ref:Publisher>Erhvervs- og vækstministeriet</ref:Publisher>
      <ref:Name>Erklæringsbekendtgørelsen</ref:Name>
      <ref:Paragraph>7</ref:Paragraph>
      <ref:Subparagraph>1</ref:Subparagraph>
    </link:reference>
    <link:referenceArc xlink:type="arc" xlink:arcrole="http://www.xbrl.org/2003/arcrole/concept-reference" xlink:from="SupplementaryInformationOnMattersPertainingToAuditedFinancialStatement" xlink:to="reference_SupplementaryInformationOnMattersPertainingToAuditedFinancialStatement_2" order="10.0"/>
    <link:reference xlink:type="resource" xlink:label="reference_SupplementaryInformationOnMattersPertainingToAuditedFinancialStatement_3" xlink:role="http://www.xbrl.org/2003/role/reference" id="reference_SupplementaryInformationOnMattersPertainingToAuditedFinancialStatement_3">
      <ref:Publisher>Erhvervs- og vækstministeriet</ref:Publisher>
      <ref:Name>Erklæringsbekendtgørelsen</ref:Name>
      <ref:Paragraph>7</ref:Paragraph>
      <ref:Subparagraph>4</ref:Subparagraph>
    </link:reference>
    <link:referenceArc xlink:type="arc" xlink:arcrole="http://www.xbrl.org/2003/arcrole/concept-reference" xlink:from="SupplementaryInformationOnMattersPertainingToAuditedFinancialStatement" xlink:to="reference_SupplementaryInformationOnMattersPertainingToAuditedFinancialStatement_3" order="10.0"/>
    <link:loc xlink:type="locator" xlink:href="arr.xsd#arr_SupplementaryInformationOnOtherMatters" xlink:label="SupplementaryInformationOnOtherMatters"/>
    <link:reference xlink:type="resource" xlink:label="reference_SupplementaryInformationOnOtherMatters" xlink:role="http://www.xbrl.org/2003/role/reference" id="reference_SupplementaryInformationOnOtherMatters">
      <ref:Publisher>Erhvervs- og vækstministeriet</ref:Publisher>
      <ref:Name>Erklæringsbekendtgørelsen</ref:Name>
      <ref:Paragraph>5</ref:Paragraph>
      <ref:Subparagraph>1</ref:Subparagraph>
      <ref:Clause>5</ref:Clause>
    </link:reference>
    <link:referenceArc xlink:type="arc" xlink:arcrole="http://www.xbrl.org/2003/arcrole/concept-reference" xlink:from="SupplementaryInformationOnOtherMatters" xlink:to="reference_SupplementaryInformationOnOtherMatters" order="10.0"/>
    <link:reference xlink:type="resource" xlink:label="reference_SupplementaryInformationOnOtherMatters_2" xlink:role="http://www.xbrl.org/2003/role/reference" id="reference_SupplementaryInformationOnOtherMatters_2">
      <ref:Publisher>Erhvervs- og vækstministeriet</ref:Publisher>
      <ref:Name>Erklæringsbekendtgørelsen</ref:Name>
      <ref:Paragraph>7</ref:Paragraph>
      <ref:Subparagraph>2</ref:Subparagraph>
    </link:reference>
    <link:referenceArc xlink:type="arc" xlink:arcrole="http://www.xbrl.org/2003/arcrole/concept-reference" xlink:from="SupplementaryInformationOnOtherMatters" xlink:to="reference_SupplementaryInformationOnOtherMatters_2" order="10.0"/>
    <link:reference xlink:type="resource" xlink:label="reference_SupplementaryInformationOnOtherMatters_3" xlink:role="http://www.xbrl.org/2003/role/reference" id="reference_SupplementaryInformationOnOtherMatters_3">
      <ref:Publisher>Erhvervs- og vækstministeriet</ref:Publisher>
      <ref:Name>Erklæringsbekendtgørelsen</ref:Name>
      <ref:Paragraph>7</ref:Paragraph>
      <ref:Subparagraph>4</ref:Subparagraph>
    </link:reference>
    <link:referenceArc xlink:type="arc" xlink:arcrole="http://www.xbrl.org/2003/arcrole/concept-reference" xlink:from="SupplementaryInformationOnOtherMatters" xlink:to="reference_SupplementaryInformationOnOtherMatters_3" order="10.0"/>
    <link:loc xlink:type="locator" xlink:href="arr.xsd#arr_SupplementaryInformationOnAudit" xlink:label="SupplementaryInformationOnAudit"/>
    <link:reference xlink:type="resource" xlink:label="reference_SupplementaryInformationOnAudit" xlink:role="http://www.xbrl.org/2003/role/reference" id="reference_SupplementaryInformationOnAudit">
      <ref:Publisher>Erhvervs- og vækstministeriet</ref:Publisher>
      <ref:Name>Erklæringsbekendtgørelsen</ref:Name>
    </link:reference>
    <link:referenceArc xlink:type="arc" xlink:arcrole="http://www.xbrl.org/2003/arcrole/concept-reference" xlink:from="SupplementaryInformationOnAudit" xlink:to="reference_SupplementaryInformationOnAudit" order="10.0"/>
    <link:loc xlink:type="locator" xlink:href="arr.xsd#arr_IndependentAuditorsReportsAudit" xlink:label="newItem" xlink:title="newItem"/>
    <link:reference xlink:type="resource" xlink:label="reference_newItem" xlink:role="http://www.xbrl.org/2003/role/reference" xlink:title="reference_newItem" id="reference_newItem">
      <ref:Publisher>Erhvervs- og vækstministeriet</ref:Publisher>
      <ref:Name>Erklæringsbekendtgørelsen</ref:Name>
      <ref:Paragraph>3</ref:Paragraph>
    </link:reference>
    <link:referenceArc xlink:type="arc" xlink:arcrole="http://www.xbrl.org/2003/arcrole/concept-reference" xlink:from="newItem" xlink:to="reference_newItem" xlink:title="reference: newItem to reference_newItem"/>
    <link:loc xlink:type="locator" xlink:href="arr.xsd#arr_AuditorsReportOnFinancialStatements" xlink:label="AuditorsReportOnFinancialStatements" xlink:title="AuditorsReportOnFinancialStatements"/>
    <link:reference xlink:type="resource" xlink:label="reference_AuditorsReportOnFinancialStatements" xlink:role="http://www.xbrl.org/2003/role/reference" xlink:title="reference_AuditorsReportOnFinancialStatements" id="reference_AuditorsReportOnFinancialStatements">
      <ref:Publisher>Erhvervs- og vækstministeriet</ref:Publisher>
      <ref:Name>Erklæringsbekendtgørelsen</ref:Name>
      <ref:Paragraph>3</ref:Paragraph>
    </link:reference>
    <link:referenceArc xlink:type="arc" xlink:arcrole="http://www.xbrl.org/2003/arcrole/concept-reference" xlink:from="AuditorsReportOnFinancialStatements" xlink:to="reference_AuditorsReportOnFinancialStatements" xlink:title="reference: AuditorsReportOnFinancialStatements to reference_AuditorsReportOnFinancialStatements"/>
    <link:loc xlink:type="locator" xlink:href="arr.xsd#arr_AuditorsReportsAccordingToOtherLegislationAndRegulation" xlink:label="newItem_2" xlink:title="newItem"/>
    <link:reference xlink:type="resource" xlink:label="reference_newItem_2" xlink:role="http://www.xbrl.org/2003/role/reference" xlink:title="reference_newItem" id="reference_newItem_2">
      <ref:Publisher>Erhvervs- og vækstministeriet</ref:Publisher>
      <ref:Name>Erklæringsbekendtgørelsen</ref:Name>
    </link:reference>
    <link:referenceArc xlink:type="arc" xlink:arcrole="http://www.xbrl.org/2003/arcrole/concept-reference" xlink:from="newItem_2" xlink:to="reference_newItem_2" xlink:title="reference: newItem to reference_newItem"/>
    <link:loc xlink:type="locator" xlink:href="arr.xsd#arr_OtherReportsAuditorsReport" xlink:label="newItem_3" xlink:title="newItem"/>
    <link:reference xlink:type="resource" xlink:label="reference_newItem_3" xlink:role="http://www.xbrl.org/2003/role/reference" xlink:title="reference_newItem" id="reference_newItem_3">
      <ref:Publisher>Erhvervs- og vækstministeriet</ref:Publisher>
      <ref:Name>Erklæringsbekendtgørelsen</ref:Name>
    </link:reference>
    <link:referenceArc xlink:type="arc" xlink:arcrole="http://www.xbrl.org/2003/arcrole/concept-reference" xlink:from="newItem_3" xlink:to="reference_newItem_3" xlink:title="reference: newItem to reference_newItem"/>
    <link:loc xlink:type="locator" xlink:href="arr.xsd#arr_DetailsOnSignatureAuditorsHypercube" xlink:label="DetailsOnSignatureAuditorsHypercube" xlink:title="DetailsOnSignatureAuditorsHypercube"/>
    <link:reference xlink:type="resource" xlink:label="reference_DetailsOnSignatureAuditorsHypercube" xlink:role="http://www.xbrl.org/2003/role/reference" xlink:title="reference_DetailsOnSignatureAuditorsHypercube" id="reference_DetailsOnSignatureAuditorsHypercube">
      <ref:Publisher>Erhvervs- og vækstministeriet</ref:Publisher>
      <ref:Name>Erklæringsbekendtgørelsen</ref:Name>
    </link:reference>
    <link:referenceArc xlink:type="arc" xlink:arcrole="http://www.xbrl.org/2003/arcrole/concept-reference" xlink:from="DetailsOnSignatureAuditorsHypercube" xlink:to="reference_DetailsOnSignatureAuditorsHypercube" xlink:title="reference: DetailsOnSignatureAuditorsHypercube to reference_DetailsOnSignatureAuditorsHypercube"/>
    <link:loc xlink:type="locator" xlink:href="arr.xsd#arr_DetailsOnSignatureAuditorsAbstract" xlink:label="DetailsOnSignatureAuditorsAbstract" xlink:title="DetailsOnSignatureAuditorsAbstract"/>
    <link:reference xlink:type="resource" xlink:label="reference_DetailsOnSignatureAuditorsAbstract" xlink:role="http://www.xbrl.org/2003/role/reference" xlink:title="reference_DetailsOnSignatureAuditorsAbstract" id="reference_DetailsOnSignatureAuditorsAbstract">
      <ref:Publisher>Erhvervs- og vækstministeriet</ref:Publisher>
      <ref:Name>Erklæringsbekendtgørelsen</ref:Name>
    </link:reference>
    <link:referenceArc xlink:type="arc" xlink:arcrole="http://www.xbrl.org/2003/arcrole/concept-reference" xlink:from="DetailsOnSignatureAuditorsAbstract" xlink:to="reference_DetailsOnSignatureAuditorsAbstract" xlink:title="reference: DetailsOnSignatureAuditorsAbstract to reference_DetailsOnSignatureAuditorsAbstract"/>
    <link:loc xlink:type="locator" xlink:href="arr.xsd#arr_InformationOnSignatureOfAuditors" xlink:label="InformationOnSignatureOfAuditors" xlink:title="InformationOnSignatureOfAuditors"/>
    <link:reference xlink:type="resource" xlink:label="reference_InformationOnSignatureOfAuditors" xlink:role="http://www.xbrl.org/2003/role/reference" xlink:title="reference_InformationOnSignatureOfAuditors" id="reference_InformationOnSignatureOfAuditors">
      <ref:Publisher>Erhvervs- og vækstministeriet</ref:Publisher>
      <ref:Name>Erklæringsbekendtgørelsen</ref:Name>
      <ref:Paragraph>9</ref:Paragraph>
      <ref:Subparagraph>5</ref:Subparagraph>
    </link:reference>
    <link:referenceArc xlink:type="arc" xlink:arcrole="http://www.xbrl.org/2003/arcrole/concept-reference" xlink:from="InformationOnSignatureOfAuditors" xlink:to="reference_InformationOnSignatureOfAuditors" xlink:title="reference: InformationOnSignatureOfAuditors to reference_InformationOnSignatureOfAuditors"/>
    <link:loc xlink:type="locator" xlink:href="arr.xsd#arr_IndependentAuditorsReportsReview" xlink:label="IndependentAuditorsReportsReview" xlink:title="IndependentAuditorsReportsReview"/>
    <link:reference xlink:type="resource" xlink:label="reference_IndependentAuditorsReportsReview" xlink:role="http://www.xbrl.org/2003/role/reference" xlink:title="reference_IndependentAuditorsReportsReview" id="reference_IndependentAuditorsReportsReview">
      <ref:Publisher>Erhvervs- og vækstministeriet</ref:Publisher>
      <ref:Name>Erklæringsbekendtgørelsen</ref:Name>
      <ref:Paragraph>3</ref:Paragraph>
    </link:reference>
    <link:referenceArc xlink:type="arc" xlink:arcrole="http://www.xbrl.org/2003/arcrole/concept-reference" xlink:from="IndependentAuditorsReportsReview" xlink:to="reference_IndependentAuditorsReportsReview" xlink:title="reference: IndependentAuditorsReportsReview to reference_IndependentAuditorsReportsReview"/>
    <link:loc xlink:type="locator" xlink:href="arr.xsd#arr_IndependentAuditorsReportsOtherAssuranceReports" xlink:label="newItem2" xlink:title="newItem2"/>
    <link:reference xlink:type="resource" xlink:label="reference_newItem2" xlink:role="http://www.xbrl.org/2003/role/reference" xlink:title="reference_newItem2" id="reference_newItem2">
      <ref:Publisher>Erhvervs- og vækstministeriet</ref:Publisher>
      <ref:Name>Erklæringsbekendtgørelsen</ref:Name>
      <ref:Paragraph>3</ref:Paragraph>
    </link:reference>
    <link:referenceArc xlink:type="arc" xlink:arcrole="http://www.xbrl.org/2003/arcrole/concept-reference" xlink:from="newItem2" xlink:to="reference_newItem2" xlink:title="reference: newItem2 to reference_newItem2"/>
    <link:loc xlink:type="locator" xlink:href="arr.xsd#arr_AuditorsReportsOtherReports" xlink:label="newItem3" xlink:title="newItem3"/>
    <link:reference xlink:type="resource" xlink:label="reference_newItem3" xlink:role="http://www.xbrl.org/2003/role/reference" xlink:title="reference_newItem3" id="reference_newItem3">
      <ref:Publisher>Økonomi- og Erhvervsministeriet</ref:Publisher>
    </link:reference>
    <link:referenceArc xlink:type="arc" xlink:arcrole="http://www.xbrl.org/2003/arcrole/concept-reference" xlink:from="newItem3" xlink:to="reference_newItem3" xlink:title="reference: newItem3 to reference_newItem3"/>
    <link:loc xlink:type="locator" xlink:href="arr.xsd#arr_IdentificationOfMattersOnWhichAssuranceReportIsProvidedAndDescriptionOfAssuranceEngagement" xlink:label="newItem_4" xlink:title="newItem"/>
    <link:reference xlink:type="resource" xlink:label="reference_newItem_4" xlink:role="http://www.xbrl.org/2003/role/reference" xlink:title="reference_newItem" id="reference_newItem_4">
      <ref:Publisher>Erhvervs- og vækstministeriet</ref:Publisher>
      <ref:Name>Erklæringsbekendtgørelsen</ref:Name>
      <ref:Paragraph>14</ref:Paragraph>
      <ref:Subparagraph>1</ref:Subparagraph>
      <ref:Clause>1</ref:Clause>
    </link:reference>
    <link:referenceArc xlink:type="arc" xlink:arcrole="http://www.xbrl.org/2003/arcrole/concept-reference" xlink:from="newItem_4" xlink:to="reference_newItem_4" xlink:title="reference: newItem to reference_newItem"/>
    <link:loc xlink:type="locator" xlink:href="arr.xsd#arr_SignatureOfAuditorsDate" xlink:label="newItem_5" xlink:title="newItem"/>
    <link:reference xlink:type="resource" xlink:label="reference_newItem_5" xlink:role="http://www.xbrl.org/2003/role/reference" xlink:title="reference_newItem" id="reference_newItem_5">
      <ref:Publisher>Erhvervs- og vækstministeriet</ref:Publisher>
      <ref:Name>Erklæringsbekendtgørelsen</ref:Name>
    </link:reference>
    <link:referenceArc xlink:type="arc" xlink:arcrole="http://www.xbrl.org/2003/arcrole/concept-reference" xlink:from="newItem_5" xlink:to="reference_newItem_5" xlink:title="reference: newItem to reference_newItem"/>
    <link:loc xlink:type="locator" xlink:href="arr.xsd#arr_SignatureOfAuditorsPlace" xlink:label="newItem2_2" xlink:title="newItem2"/>
    <link:reference xlink:type="resource" xlink:label="reference_newItem2_2" xlink:role="http://www.xbrl.org/2003/role/reference" xlink:title="reference_newItem2" id="reference_newItem2_2">
      <ref:Publisher>Erhvervs- og vækstministeriet</ref:Publisher>
      <ref:Name>Erklæringsbekendtgørelsen</ref:Name>
    </link:reference>
    <link:referenceArc xlink:type="arc" xlink:arcrole="http://www.xbrl.org/2003/arcrole/concept-reference" xlink:from="newItem2_2" xlink:to="reference_newItem2_2" xlink:title="reference: newItem2 to reference_newItem2"/>
    <link:loc xlink:type="locator" xlink:href="arr.xsd#arr_AddresseeOfAuditorsReportOnOtherAssuranceReports" xlink:label="AddresseeOfAuditorsReportOnOtherAssuranceReports" xlink:title="AddresseeOfAuditorsReportOnOtherAssuranceReports"/>
    <link:reference xlink:type="resource" xlink:label="reference_AddresseeOfAuditorsReportOnOtherAssuranceReports" xlink:role="http://www.xbrl.org/2003/role/reference" xlink:title="reference_AddresseeOfAuditorsReportOnOtherAssuranceReports" id="reference_AddresseeOfAuditorsReportOnOtherAssuranceReports">
      <ref:Publisher>Økonomi- og Erhvervsministeriet</ref:Publisher>
      <ref:Name>Erklæringsbekendtgørelsen</ref:Name>
    </link:reference>
    <link:referenceArc xlink:type="arc" xlink:arcrole="http://www.xbrl.org/2003/arcrole/concept-reference" xlink:from="AddresseeOfAuditorsReportOnOtherAssuranceReports" xlink:to="reference_AddresseeOfAuditorsReportOnOtherAssuranceReports" xlink:title="reference: AddresseeOfAuditorsReportOnOtherAssuranceReports to reference_AddresseeOfAuditorsReportOnOtherAssuranceReports"/>
    <link:loc xlink:type="locator" xlink:href="arr.xsd#arr_AddresseeOfAuditorsReportOnOtherReport" xlink:label="AddresseeOfAuditorsReportOnOtherReport" xlink:title="AddresseeOfAuditorsReportOnOtherReport"/>
    <link:reference xlink:type="resource" xlink:label="reference_AddresseeOfAuditorsReportOnOtherReport" xlink:role="http://www.xbrl.org/2003/role/reference" xlink:title="reference_AddresseeOfAuditorsReportOnOtherReport" id="reference_AddresseeOfAuditorsReportOnOtherReport">
      <ref:Publisher>Økonomi- og Erhvervsministeriet</ref:Publisher>
      <ref:Name>Erklæringsbekendtgørelsen</ref:Name>
    </link:reference>
    <link:referenceArc xlink:type="arc" xlink:arcrole="http://www.xbrl.org/2003/arcrole/concept-reference" xlink:from="AddresseeOfAuditorsReportOnOtherReport" xlink:to="reference_AddresseeOfAuditorsReportOnOtherReport" xlink:title="reference: AddresseeOfAuditorsReportOnOtherReport to reference_AddresseeOfAuditorsReportOnOtherReport"/>
    <link:loc xlink:type="locator" xlink:href="arr.xsd#arr_TypeOfBasisForModifiedOpinionOnAuditedFinancialStatements" xlink:label="TypeOfModifiedOpinionOnAuditedFinancialStatements" xlink:title="TypeOfModifiedOpinionOnAuditedFinancialStatements"/>
    <link:reference xlink:type="resource" xlink:label="reference_TypeOfModifiedOpinionOnAuditedFinancialStatements" xlink:role="http://www.xbrl.org/2003/role/reference" xlink:title="reference_TypeOfModifiedOpinionOnAuditedFinancialStatements" id="reference_TypeOfModifiedOpinionOnAuditedFinancialStatements">
      <ref:Publisher>IAASB</ref:Publisher>
      <ref:Name>ISA</ref:Name>
      <ref:Number>705</ref:Number>
      <ref:IssueDate>April 2009</ref:IssueDate>
    </link:reference>
    <link:referenceArc xlink:type="arc" xlink:arcrole="http://www.xbrl.org/2003/arcrole/concept-reference" xlink:from="TypeOfModifiedOpinionOnAuditedFinancialStatements" xlink:to="reference_TypeOfModifiedOpinionOnAuditedFinancialStatements" xlink:title="reference: TypeOfModifiedOpinionOnAuditedFinancialStatements to reference_TypeOfModifiedOpinionOnAuditedFinancialStatements"/>
    <link:loc xlink:type="locator" xlink:href="arr.xsd#arr_AuditorsReportOnExtendedReview" xlink:label="newItem_6" xlink:title="newItem"/>
    <link:reference xlink:type="resource" xlink:label="reference_newItem_6" xlink:role="http://www.xbrl.org/2003/role/reference" xlink:title="reference_newItem" id="reference_newItem_6">
      <ref:Publisher>Erhvervs- og vækstministeriet</ref:Publisher>
      <ref:Name>Erklæringsbekendtgørelsen</ref:Name>
      <ref:Paragraph>8a</ref:Paragraph>
    </link:reference>
    <link:referenceArc xlink:type="arc" xlink:arcrole="http://www.xbrl.org/2003/arcrole/concept-reference" xlink:from="newItem_6" xlink:to="reference_newItem_6" xlink:title="reference: newItem to reference_newItem"/>
    <link:loc xlink:type="locator" xlink:href="arr.xsd#arr_TypeOfModifiedOpinionOnAuditedFinancialStatements" xlink:label="newItem2_3" xlink:title="newItem2"/>
    <link:reference xlink:type="resource" xlink:label="reference_newItem2_3" xlink:role="http://www.xbrl.org/2003/role/reference" xlink:title="reference_newItem2" id="reference_newItem2_3">
      <ref:Publisher>IAASB</ref:Publisher>
      <ref:Number>705</ref:Number>
      <ref:Name>ISA</ref:Name>
      <ref:IssueDate>April 2009</ref:IssueDate>
    </link:reference>
    <link:referenceArc xlink:type="arc" xlink:arcrole="http://www.xbrl.org/2003/arcrole/concept-reference" xlink:from="newItem2_3" xlink:to="reference_newItem2_3" xlink:title="reference: newItem2 to reference_newItem2"/>
    <link:loc xlink:type="locator" xlink:href="arr.xsd#arr_IndependentAuditorsReportsExtendedReview" xlink:label="copyOfIndependentAuditorsReportsOtherAssuranceReports" xlink:title="copyOfIndependentAuditorsReportsOtherAssuranceReports"/>
    <link:reference xlink:type="resource" xlink:label="reference_copyOfIndependentAuditorsReportsOtherAssuranceReports" xlink:role="http://www.xbrl.org/2003/role/reference" xlink:title="reference_copyOfIndependentAuditorsReportsOtherAssuranceReports" id="reference_copyOfIndependentAuditorsReportsOtherAssuranceReports">
      <ref:Publisher>Erhvervs- og vækstministeriet</ref:Publisher>
      <ref:Name>Erklæringsbekendtgørelsen</ref:Name>
      <ref:Paragraph>3</ref:Paragraph>
    </link:reference>
    <link:referenceArc xlink:type="arc" xlink:arcrole="http://www.xbrl.org/2003/arcrole/concept-reference" xlink:from="copyOfIndependentAuditorsReportsOtherAssuranceReports" xlink:to="reference_copyOfIndependentAuditorsReportsOtherAssuranceReports" xlink:title="reference: copyOfIndependentAuditorsReportsOtherAssuranceReports to reference_copyOfIndependentAuditorsReportsOtherAssuranceReports"/>
    <link:loc xlink:type="locator" xlink:href="arr.xsd#arr_AddresseeOfAuditorsReportOnExtendedReviewOfFinancialStatements" xlink:label="AddresseeOfAuditorsReportOnExtendedReviewOfFinancialStatements" xlink:title="AddresseeOfAuditorsReportOnExtendedReviewOfFinancialStatements"/>
    <link:reference xlink:type="resource" xlink:label="reference_AddresseeOfAuditorsReportOnExtendedReviewOfFinancialStatements" xlink:role="http://www.xbrl.org/2003/role/reference" xlink:title="reference_AddresseeOfAuditorsReportOnExtendedReviewOfFinancialStatements" id="reference_AddresseeOfAuditorsReportOnExtendedReviewOfFinancialStatements">
      <ref:Publisher>Erhvervs- og vækstministeriet</ref:Publisher>
      <ref:Name>Erklæringsbekendtgørelsen</ref:Name>
    </link:reference>
    <link:referenceArc xlink:type="arc" xlink:arcrole="http://www.xbrl.org/2003/arcrole/concept-reference" xlink:from="AddresseeOfAuditorsReportOnExtendedReviewOfFinancialStatements" xlink:to="reference_AddresseeOfAuditorsReportOnExtendedReviewOfFinancialStatements" xlink:title="reference: AddresseeOfAuditorsReportOnExtendedReviewOfFinancialStatements to reference_AddresseeOfAuditorsReportOnExtendedReviewOfFinancialStatements"/>
    <link:loc xlink:type="locator" xlink:href="arr.xsd#arr_AuditorsReportsAccordingToOtherLegislationAndRegulationExtendedReview" xlink:label="AuditorsReportsAccordingToOtherLegislationAndRegulationExtendedReview" xlink:title="AuditorsReportsAccordingToOtherLegislationAndRegulationExtendedReview"/>
    <link:reference xlink:type="resource" xlink:label="reference_AuditorsReportsAccordingToOtherLegislationAndRegulationExtendedReview" xlink:role="http://www.xbrl.org/2003/role/reference" xlink:title="reference_AuditorsReportsAccordingToOtherLegislationAndRegulationExtendedReview" id="reference_AuditorsReportsAccordingToOtherLegislationAndRegulationExtendedReview">
      <ref:Publisher>Erhvervs- og vækstministeriet</ref:Publisher>
      <ref:Name>Erklæringsbekendtgørelsen</ref:Name>
    </link:reference>
    <link:referenceArc xlink:type="arc" xlink:arcrole="http://www.xbrl.org/2003/arcrole/concept-reference" xlink:from="AuditorsReportsAccordingToOtherLegislationAndRegulationExtendedReview" xlink:to="reference_AuditorsReportsAccordingToOtherLegislationAndRegulationExtendedReview" xlink:title="reference: AuditorsReportsAccordingToOtherLegislationAndRegulationExtendedReview to reference_AuditorsReportsAccordingToOtherLegislationAndRegulationExtendedReview"/>
    <link:loc xlink:type="locator" xlink:href="arr.xsd#arr_OpinionOnFinancialStatementsExtendedReview" xlink:label="OpinionOnAuditedFinancialStatementsExtendedReview" xlink:title="OpinionOnAuditedFinancialStatementsExtendedReview"/>
    <link:reference xlink:type="resource" xlink:label="reference_OpinionOnAuditedFinancialStatementsExtendedReview" xlink:role="http://www.xbrl.org/2003/role/reference" xlink:title="reference_OpinionOnAuditedFinancialStatementsExtendedReview" id="reference_OpinionOnAuditedFinancialStatementsExtendedReview">
      <ref:Publisher>Erhvervs- og vækstministeriet</ref:Publisher>
      <ref:Name>Erklæringsbekendtgørelsen</ref:Name>
    </link:reference>
    <link:referenceArc xlink:type="arc" xlink:arcrole="http://www.xbrl.org/2003/arcrole/concept-reference" xlink:from="OpinionOnAuditedFinancialStatementsExtendedReview" xlink:to="reference_OpinionOnAuditedFinancialStatementsExtendedReview" xlink:title="reference: OpinionOnAuditedFinancialStatementsExtendedReview to reference_OpinionOnAuditedFinancialStatementsExtendedReview"/>
    <link:loc xlink:type="locator" xlink:href="arr.xsd#arr_StatementWhetherQualificationsOfFinancialStatementsAreOfSuchDecisiveImportanceThatAnnualGeneralMeetingShouldNotApproveFinancialStatementsExtendedReview" xlink:label="StatementWhetherQualificationsOfAuditedFinancialStatementsAreOfSuchDecisiveImportanceThatAnnualGeneralMeetingShouldNotApproveFinancialStatementsExtendedReview" xlink:title="StatementWhetherQualificationsOfAuditedFinancialStatementsAreOfSuchDecisiveImportanceThatAnnualGeneralMeetingShouldNotApproveFinancialStatementsExtendedReview"/>
    <link:reference xlink:type="resource" xlink:label="reference_StatementWhetherQualificationsOfAuditedFinancialStatementsAreOfSuchDecisiveImportanceThatAnnualGeneralMeetingShouldNotApproveFinancialStatementsExtendedReview" xlink:role="http://www.xbrl.org/2003/role/reference" xlink:title="reference_StatementWhetherQualificationsOfAuditedFinancialStatementsAreOfSuchDecisiveImportanceThatAnnualGeneralMeetingShouldNotApproveFinancialStatementsExtendedReview" id="reference_StatementWhetherQualificationsOfAuditedFinancialStatementsAreOfSuchDecisiveImportanceThatAnnualGeneralMeetingShouldNotApproveFinancialStatementsExtendedReview">
      <ref:Publisher>Erhvervs- og vækstministeriet</ref:Publisher>
      <ref:Name>Erklæringsbekendtgørelsen</ref:Name>
      <ref:Paragraph>6</ref:Paragraph>
      <ref:Subparagraph>5</ref:Subparagraph>
    </link:reference>
    <link:referenceArc xlink:type="arc" xlink:arcrole="http://www.xbrl.org/2003/arcrole/concept-reference" xlink:from="StatementWhetherQualificationsOfAuditedFinancialStatementsAreOfSuchDecisiveImportanceThatAnnualGeneralMeetingShouldNotApproveFinancialStatementsExtendedReview" xlink:to="reference_StatementWhetherQualificationsOfAuditedFinancialStatementsAreOfSuchDecisiveImportanceThatAnnualGeneralMeetingShouldNotApproveFinancialStatementsExtendedReview" xlink:title="reference: StatementWhetherQualificationsOfAuditedFinancialStatementsAreOfSuchDecisiveImportanceThatAnnualGeneralMeetingShouldNotApproveFinancialStatementsExtendedReview to reference_StatementWhetherQualificationsOfAuditedFinancialStatementsAreOfSuchDecisiveImportanceThatAnnualGeneralMeetingShouldNotApproveFinancialStatementsExtendedReview"/>
    <link:loc xlink:type="locator" xlink:href="arr.xsd#arr_SupplementaryInformationOnMattersPertainingToFinancialStatementExtendedReview" xlink:label="SupplementaryInformationOnMattersPertainingToAuditedFinancialStatementExtendedReview" xlink:title="SupplementaryInformationOnMattersPertainingToAuditedFinancialStatementExtendedReview"/>
    <link:reference xlink:type="resource" xlink:label="reference_SupplementaryInformationOnMattersPertainingToAuditedFinancialStatementExtendedReview" xlink:role="http://www.xbrl.org/2003/role/reference" xlink:title="reference_SupplementaryInformationOnMattersPertainingToAuditedFinancialStatementExtendedReview" id="reference_SupplementaryInformationOnMattersPertainingToAuditedFinancialStatementExtendedReview">
      <ref:Publisher>Erhvervs- og vækstministeriet</ref:Publisher>
      <ref:Name>Erklæringsbekendtgørelsen</ref:Name>
    </link:reference>
    <link:referenceArc xlink:type="arc" xlink:arcrole="http://www.xbrl.org/2003/arcrole/concept-reference" xlink:from="SupplementaryInformationOnMattersPertainingToAuditedFinancialStatementExtendedReview" xlink:to="reference_SupplementaryInformationOnMattersPertainingToAuditedFinancialStatementExtendedReview" xlink:title="reference: SupplementaryInformationOnMattersPertainingToAuditedFinancialStatementExtendedReview to reference_SupplementaryInformationOnMattersPertainingToAuditedFinancialStatementExtendedReview"/>
    <link:loc xlink:type="locator" xlink:href="arr.xsd#arr_SupplementaryInformationOnExtendedReview" xlink:label="SupplementaryInformationOnAuditExtendedReview" xlink:title="SupplementaryInformationOnAuditExtendedReview"/>
    <link:reference xlink:type="resource" xlink:label="reference_SupplementaryInformationOnAuditExtendedReview" xlink:role="http://www.xbrl.org/2003/role/reference" xlink:title="reference_SupplementaryInformationOnAuditExtendedReview" id="reference_SupplementaryInformationOnAuditExtendedReview">
      <ref:Publisher>Erhvervs- og vækstministeriet</ref:Publisher>
      <ref:Name>Erklæringsbekendtgørelsen</ref:Name>
    </link:reference>
    <link:referenceArc xlink:type="arc" xlink:arcrole="http://www.xbrl.org/2003/arcrole/concept-reference" xlink:from="SupplementaryInformationOnAuditExtendedReview" xlink:to="reference_SupplementaryInformationOnAuditExtendedReview" xlink:title="reference: SupplementaryInformationOnAuditExtendedReview to reference_SupplementaryInformationOnAuditExtendedReview"/>
    <link:loc xlink:type="locator" xlink:href="arr.xsd#arr_SupplementaryInformationOnOtherMattersExtendedReview" xlink:label="SupplementaryInformationOnOtherMattersExtendedReview" xlink:title="SupplementaryInformationOnOtherMattersExtendedReview"/>
    <link:reference xlink:type="resource" xlink:label="reference_SupplementaryInformationOnOtherMattersExtendedReview" xlink:role="http://www.xbrl.org/2003/role/reference" xlink:title="reference_SupplementaryInformationOnOtherMattersExtendedReview" id="reference_SupplementaryInformationOnOtherMattersExtendedReview">
      <ref:Publisher>Erhvervs- og vækstministeriet</ref:Publisher>
      <ref:Name>Erklæringsbekendtgørelsen</ref:Name>
    </link:reference>
    <link:referenceArc xlink:type="arc" xlink:arcrole="http://www.xbrl.org/2003/arcrole/concept-reference" xlink:from="SupplementaryInformationOnOtherMattersExtendedReview" xlink:to="reference_SupplementaryInformationOnOtherMattersExtendedReview" xlink:title="reference: SupplementaryInformationOnOtherMattersExtendedReview to reference_SupplementaryInformationOnOtherMattersExtendedReview"/>
    <link:loc xlink:type="locator" xlink:href="arr.xsd#arr_StatementOnManagementsReviewAuditorsReportOnExtendedReviewFinancialStatementsExtendedReview" xlink:label="StatementOnManagementsReviewAuditorsReportOnExtendedReviewFinancialStatementsExtendedReview" xlink:title="StatementOnManagementsReviewAuditorsReportOnExtendedReviewFinancialStatementsExtendedReview"/>
    <link:reference xlink:type="resource" xlink:label="reference_StatementOnManagementsReviewAuditorsReportOnExtendedReviewFinancialStatementsExtendedReview" xlink:role="http://www.xbrl.org/2003/role/reference" xlink:title="reference_StatementOnManagementsReviewAuditorsReportOnExtendedReviewFinancialStatementsExtendedReview" id="reference_StatementOnManagementsReviewAuditorsReportOnExtendedReviewFinancialStatementsExtendedReview">
      <ref:Publisher>Erhvervs- og vækstministeriet</ref:Publisher>
      <ref:Name>Erklæringsbekendtgørelsen</ref:Name>
      <ref:Paragraph>5</ref:Paragraph>
      <ref:Subparagraph>8</ref:Subparagraph>
    </link:reference>
    <link:referenceArc xlink:type="arc" xlink:arcrole="http://www.xbrl.org/2003/arcrole/concept-reference" xlink:from="StatementOnManagementsReviewAuditorsReportOnExtendedReviewFinancialStatementsExtendedReview" xlink:to="reference_StatementOnManagementsReviewAuditorsReportOnExtendedReviewFinancialStatementsExtendedReview" xlink:title="reference: StatementOnManagementsReviewAuditorsReportOnExtendedReviewFinancialStatementsExtendedReview to reference_StatementOnManagementsReviewAuditorsReportOnExtendedReviewFinancialStatementsExtendedReview"/>
    <link:loc xlink:type="locator" xlink:href="arr.xsd#arr_OtherReportsExtendedReview" xlink:label="OtherReportsExtendedReview" xlink:title="OtherReportsExtendedReview"/>
    <link:reference xlink:type="resource" xlink:label="reference_OtherReportsExtendedReview" xlink:role="http://www.xbrl.org/2003/role/reference" xlink:title="reference_OtherReportsExtendedReview" id="reference_OtherReportsExtendedReview">
      <ref:Publisher>Erhvervs- og vækstministeriet</ref:Publisher>
      <ref:Name>Erklæringsbekendtgørelsen</ref:Name>
    </link:reference>
    <link:referenceArc xlink:type="arc" xlink:arcrole="http://www.xbrl.org/2003/arcrole/concept-reference" xlink:from="OtherReportsExtendedReview" xlink:to="reference_OtherReportsExtendedReview" xlink:title="reference: OtherReportsExtendedReview to reference_OtherReportsExtendedReview"/>
    <link:loc xlink:type="locator" xlink:href="arr.xsd#arr_AuditorsReportOnExtendedReviewOfFinancialStatements" xlink:label="copyOfAuditorsReportOnFinancialStatementsExtendedReview" xlink:title="copyOfAuditorsReportOnFinancialStatementsExtendedReview"/>
    <link:reference xlink:type="resource" xlink:label="reference_copyOfAuditorsReportOnFinancialStatementsExtendedReview" xlink:role="http://www.xbrl.org/2003/role/reference" xlink:title="reference_copyOfAuditorsReportOnFinancialStatementsExtendedReview" id="reference_copyOfAuditorsReportOnFinancialStatementsExtendedReview">
      <ref:Publisher>Erhvervs- og vækstministeriet</ref:Publisher>
      <ref:Name>Erklæringsbekendtgørelsen</ref:Name>
      <ref:Paragraph>3</ref:Paragraph>
    </link:reference>
    <link:referenceArc xlink:type="arc" xlink:arcrole="http://www.xbrl.org/2003/arcrole/concept-reference" xlink:from="copyOfAuditorsReportOnFinancialStatementsExtendedReview" xlink:to="reference_copyOfAuditorsReportOnFinancialStatementsExtendedReview" xlink:title="reference: copyOfAuditorsReportOnFinancialStatementsExtendedReview to reference_copyOfAuditorsReportOnFinancialStatementsExtendedReview"/>
    <link:loc xlink:type="locator" xlink:href="arr.xsd#arr_IdentificationOfFinancialStatementsAndDescriptionOfFinancialReportingFrameworkAppliedInPreparationOfFinancialStatementsExtendedReview" xlink:label="copyOfIdentificationOfAuditedFinancialStatementsExtendedReview" xlink:title="copyOfIdentificationOfAuditedFinancialStatementsExtendedReview"/>
    <link:reference xlink:type="resource" xlink:label="reference_copyOfIdentificationOfAuditedFinancialStatementsExtendedReview" xlink:role="http://www.xbrl.org/2003/role/reference" xlink:title="reference_copyOfIdentificationOfAuditedFinancialStatementsExtendedReview" id="reference_copyOfIdentificationOfAuditedFinancialStatementsExtendedReview">
      <ref:Publisher>Erhvervs- og vækstministeriet</ref:Publisher>
      <ref:Name>Erklæringsbekendtgørelsen</ref:Name>
      <ref:Paragraph>5</ref:Paragraph>
      <ref:Subparagraph>1</ref:Subparagraph>
      <ref:Clause>1</ref:Clause>
    </link:reference>
    <link:referenceArc xlink:type="arc" xlink:arcrole="http://www.xbrl.org/2003/arcrole/concept-reference" xlink:from="copyOfIdentificationOfAuditedFinancialStatementsExtendedReview" xlink:to="reference_copyOfIdentificationOfAuditedFinancialStatementsExtendedReview" xlink:title="reference: copyOfIdentificationOfAuditedFinancialStatementsExtendedReview to reference_copyOfIdentificationOfAuditedFinancialStatementsExtendedReview"/>
    <link:loc xlink:type="locator" xlink:href="arr.xsd#arr_StatementOfAuditorsResponsibilityExtendedReview" xlink:label="copyOfStatementOfAuditorsResponsibilityForAuditAndAuditPerformedExtendedReview" xlink:title="copyOfStatementOfAuditorsResponsibilityForAuditAndAuditPerformedExtendedReview"/>
    <link:reference xlink:type="resource" xlink:label="reference_copyOfStatementOfAuditorsResponsibilityForAuditAndAuditPerformedExtendedReview" xlink:role="http://www.xbrl.org/2003/role/reference" xlink:title="reference_copyOfStatementOfAuditorsResponsibilityForAuditAndAuditPerformedExtendedReview" id="reference_copyOfStatementOfAuditorsResponsibilityForAuditAndAuditPerformedExtendedReview">
      <ref:Publisher>Erhvervs- og vækstministeriet</ref:Publisher>
      <ref:Name>Erklæringsbekendtgørelsen</ref:Name>
      <ref:Paragraph>5</ref:Paragraph>
      <ref:Subparagraph>1</ref:Subparagraph>
      <ref:Clause>2</ref:Clause>
    </link:reference>
    <link:referenceArc xlink:type="arc" xlink:arcrole="http://www.xbrl.org/2003/arcrole/concept-reference" xlink:from="copyOfStatementOfAuditorsResponsibilityForAuditAndAuditPerformedExtendedReview" xlink:to="reference_copyOfStatementOfAuditorsResponsibilityForAuditAndAuditPerformedExtendedReview" xlink:title="reference: copyOfStatementOfAuditorsResponsibilityForAuditAndAuditPerformedExtendedReview to reference_copyOfStatementOfAuditorsResponsibilityForAuditAndAuditPerformedExtendedReview"/>
    <link:loc xlink:type="locator" xlink:href="arr.xsd#arr_DescriptionOfQualificationsOfFinancialStatementsExtendedReview" xlink:label="copyOfDescriptionOfQualificationsOfAuditedFinancialStatementsExtendedReview" xlink:title="copyOfDescriptionOfQualificationsOfAuditedFinancialStatementsExtendedReview"/>
    <link:reference xlink:type="resource" xlink:label="reference_copyOfDescriptionOfQualificationsOfAuditedFinancialStatementsExtendedReview" xlink:role="http://www.xbrl.org/2003/role/reference" xlink:title="reference_copyOfDescriptionOfQualificationsOfAuditedFinancialStatementsExtendedReview" id="reference_copyOfDescriptionOfQualificationsOfAuditedFinancialStatementsExtendedReview">
      <ref:Publisher>Erhvervs- og vækstministeriet</ref:Publisher>
      <ref:Name>Erklæringsbekendtgørelsen</ref:Name>
    </link:reference>
    <link:referenceArc xlink:type="arc" xlink:arcrole="http://www.xbrl.org/2003/arcrole/concept-reference" xlink:from="copyOfDescriptionOfQualificationsOfAuditedFinancialStatementsExtendedReview" xlink:to="reference_copyOfDescriptionOfQualificationsOfAuditedFinancialStatementsExtendedReview" xlink:title="reference: copyOfDescriptionOfQualificationsOfAuditedFinancialStatementsExtendedReview to reference_copyOfDescriptionOfQualificationsOfAuditedFinancialStatementsExtendedReview"/>
    <link:loc xlink:type="locator" xlink:href="arr.xsd#arr_AuditorsReportsAccordingToOtherLegislationAndRegulationReview" xlink:label="copyOfAuditorsReportsAccordingToOtherLegislationAndRegulationExtendedReview" xlink:title="copyOfAuditorsReportsAccordingToOtherLegislationAndRegulationExtendedReview"/>
    <link:reference xlink:type="resource" xlink:label="reference_copyOfAuditorsReportsAccordingToOtherLegislationAndRegulationExtendedReview" xlink:role="http://www.xbrl.org/2003/role/reference" xlink:title="reference_copyOfAuditorsReportsAccordingToOtherLegislationAndRegulationExtendedReview" id="reference_copyOfAuditorsReportsAccordingToOtherLegislationAndRegulationExtendedReview">
      <ref:Publisher>Erhvervs- og vækstministeriet</ref:Publisher>
      <ref:Name>Erklæringsbekendtgørelsen</ref:Name>
    </link:reference>
    <link:referenceArc xlink:type="arc" xlink:arcrole="http://www.xbrl.org/2003/arcrole/concept-reference" xlink:from="copyOfAuditorsReportsAccordingToOtherLegislationAndRegulationExtendedReview" xlink:to="reference_copyOfAuditorsReportsAccordingToOtherLegislationAndRegulationExtendedReview" xlink:title="reference: copyOfAuditorsReportsAccordingToOtherLegislationAndRegulationExtendedReview to reference_copyOfAuditorsReportsAccordingToOtherLegislationAndRegulationExtendedReview"/>
    <link:loc xlink:type="locator" xlink:href="arr.xsd#arr_OtherReportsReview" xlink:label="OtherReportsReview" xlink:title="OtherReportsReview"/>
    <link:reference xlink:type="resource" xlink:label="reference_OtherReportsReview" xlink:role="http://www.xbrl.org/2003/role/reference" xlink:title="reference_OtherReportsReview" id="reference_OtherReportsReview">
      <ref:Name>Erklæringsbekendtgørelsen</ref:Name>
      <ref:Publisher>Erhvervs- og vækstministeriet</ref:Publisher>
    </link:reference>
    <link:referenceArc xlink:type="arc" xlink:arcrole="http://www.xbrl.org/2003/arcrole/concept-reference" xlink:from="OtherReportsReview" xlink:to="reference_OtherReportsReview" xlink:title="reference: OtherReportsReview to reference_OtherReportsReview"/>
  </link:referenceLink>
</link:linkbase>
