<?xml version="1.0" encoding="UTF-8"?>
<!-- Generated by Fujitsu Interstage XWand B0166 -->
<?officialURI http://archprod.service.eogs.dk/taxonomy/20131220/ifrs/full_ifrs_dk/ifrs-dk_520.00_2013-12-20/pre_ifrs-dk_2013-12-20_role-520.00.xml?>

<?taxonomy-version 0.1.0?>

<link:linkbase xmlns:xsi="http://www.w3.org/2001/XMLSchema-instance" xsi:schemaLocation="http://www.xbrl.org/2003/linkbase http://www.xbrl.org/2003/xbrl-linkbase-2003-12-31.xsd" xmlns:rol_ifrs-dk_520.00_2013-12-20="http://xbrl.dcca.dk/role/ifrs-dk/rol_ifrs-dk_520.00_2013-12-20" xmlns:link="http://www.xbrl.org/2003/linkbase" xmlns:xlink="http://www.w3.org/1999/xlink" xmlns:xbrli="http://www.xbrl.org/2003/instance" xmlns:xbrldt="http://xbrl.org/2005/xbrldt">
  <link:roleRef roleURI="http://www.xbrl.org/2009/role/negatedLabel" xlink:type="simple" xlink:href="http://www.xbrl.org/lrr/role/negated-2009-12-16.xsd#negatedLabel"/>
  <link:roleRef roleURI="http://www.xbrl.org/2009/role/negatedTerseLabel" xlink:type="simple" xlink:href="http://www.xbrl.org/lrr/role/negated-2009-12-16.xsd#negatedTerseLabel"/>
  <link:roleRef roleURI="http://www.xbrl.org/2009/role/negatedTotalLabel" xlink:type="simple" xlink:href="http://www.xbrl.org/lrr/role/negated-2009-12-16.xsd#negatedTotalLabel"/>
  <link:roleRef roleURI="http://www.xbrl.org/2009/role/netLabel" xlink:type="simple" xlink:href="http://www.xbrl.org/lrr/role/net-2009-12-16.xsd#netLabel"/>
  <link:roleRef roleURI="http://xbrl.dcca.dk/role/520.00/StatementOfCashFlowsIndirectMethod" xlink:type="simple" xlink:href="rol_ifrs-dk_520.00_2013-12-20.xsd#ifrs-dk_52000_StatementOfCashFlowsIndirectMethod"/>
  <link:presentationLink xlink:type="extended" xlink:role="http://xbrl.dcca.dk/role/520.00/StatementOfCashFlowsIndirectMethod">
    <link:loc xlink:type="locator" xlink:href="../../../../ifrs-cor_2011-03-25.xsd#ifrs_StatementOfCashFlowsAbstract" xlink:label="StatementOfCashFlowsAbstract"/>
    <link:loc xlink:type="locator" xlink:href="../../../../ifrs-cor_2011-03-25.xsd#ifrs_CashFlowsFromUsedInOperatingActivitiesAbstract" xlink:label="CashFlowsFromUsedInOperatingActivitiesAbstract"/>
    <link:presentationArc xlink:type="arc" xlink:arcrole="http://www.xbrl.org/2003/arcrole/parent-child" xlink:from="StatementOfCashFlowsAbstract" xlink:to="CashFlowsFromUsedInOperatingActivitiesAbstract" order="2.0"/>
    <link:loc xlink:type="locator" xlink:href="../../../../ifrs-cor_2011-03-25.xsd#ifrs_CashFlowsFromUsedInOperatingActivities" xlink:label="CashFlowsFromUsedInOperatingActivities"/>
    <link:presentationArc xlink:type="arc" xlink:arcrole="http://www.xbrl.org/2003/arcrole/parent-child" xlink:from="CashFlowsFromUsedInOperatingActivitiesAbstract" xlink:to="CashFlowsFromUsedInOperatingActivities" order="10.0" preferredLabel="http://www.xbrl.org/2009/role/netLabel"/>
    <link:loc xlink:type="locator" xlink:href="../../../../ifrs-cor_2011-03-25.xsd#ifrs_DividendsPaidClassifiedAsOperatingActivities" xlink:label="DividendsPaidClassifiedAsOperatingActivities"/>
    <link:presentationArc xlink:type="arc" xlink:arcrole="http://www.xbrl.org/2003/arcrole/parent-child" xlink:from="CashFlowsFromUsedInOperatingActivitiesAbstract" xlink:to="DividendsPaidClassifiedAsOperatingActivities" order="4.0" preferredLabel="http://www.xbrl.org/2009/role/negatedTerseLabel"/>
    <link:loc xlink:type="locator" xlink:href="../../../../ifrs-cor_2011-03-25.xsd#ifrs_DividendsReceivedClassifiedAsOperatingActivities" xlink:label="DividendsReceivedClassifiedAsOperatingActivities"/>
    <link:presentationArc xlink:type="arc" xlink:arcrole="http://www.xbrl.org/2003/arcrole/parent-child" xlink:from="CashFlowsFromUsedInOperatingActivitiesAbstract" xlink:to="DividendsReceivedClassifiedAsOperatingActivities" order="5.0" preferredLabel="http://www.xbrl.org/2003/role/terseLabel"/>
    <link:loc xlink:type="locator" xlink:href="../../../../ifrs-cor_2011-03-25.xsd#ifrs_InterestPaidClassifiedAsOperatingActivities" xlink:label="InterestPaidClassifiedAsOperatingActivities"/>
    <link:presentationArc xlink:type="arc" xlink:arcrole="http://www.xbrl.org/2003/arcrole/parent-child" xlink:from="CashFlowsFromUsedInOperatingActivitiesAbstract" xlink:to="InterestPaidClassifiedAsOperatingActivities" order="6.0" preferredLabel="http://www.xbrl.org/2009/role/negatedTerseLabel"/>
    <link:loc xlink:type="locator" xlink:href="../../../../ifrs-cor_2011-03-25.xsd#ifrs_InterestReceivedClassifiedAsOperatingActivities" xlink:label="InterestReceivedClassifiedAsOperatingActivities"/>
    <link:presentationArc xlink:type="arc" xlink:arcrole="http://www.xbrl.org/2003/arcrole/parent-child" xlink:from="CashFlowsFromUsedInOperatingActivitiesAbstract" xlink:to="InterestReceivedClassifiedAsOperatingActivities" order="7.0" preferredLabel="http://www.xbrl.org/2003/role/terseLabel"/>
    <link:loc xlink:type="locator" xlink:href="../../../../ifrs-cor_2011-03-25.xsd#ifrs_IncomeTaxesPaidRefundClassifiedAsOperatingActivities" xlink:label="IncomeTaxesPaidRefundClassifiedAsOperatingActivities"/>
    <link:presentationArc xlink:type="arc" xlink:arcrole="http://www.xbrl.org/2003/arcrole/parent-child" xlink:from="CashFlowsFromUsedInOperatingActivitiesAbstract" xlink:to="IncomeTaxesPaidRefundClassifiedAsOperatingActivities" order="8.0" preferredLabel="http://www.xbrl.org/2009/role/negatedTerseLabel"/>
    <link:loc xlink:type="locator" xlink:href="../../../../ifrs-cor_2011-03-25.xsd#ifrs_OtherInflowsOutflowsOfCashClassifiedAsOperatingActivities" xlink:label="OtherInflowsOutflowsOfCashClassifiedAsOperatingActivities"/>
    <link:presentationArc xlink:type="arc" xlink:arcrole="http://www.xbrl.org/2003/arcrole/parent-child" xlink:from="CashFlowsFromUsedInOperatingActivitiesAbstract" xlink:to="OtherInflowsOutflowsOfCashClassifiedAsOperatingActivities" order="9.0" preferredLabel="http://www.xbrl.org/2003/role/terseLabel"/>
    <link:loc xlink:type="locator" xlink:href="../../../../ifrs-cor_2011-03-25.xsd#ifrs_CashFlowsFromUsedInOperations" xlink:label="CashFlowsFromUsedInOperations"/>
    <link:presentationArc xlink:type="arc" xlink:arcrole="http://www.xbrl.org/2003/arcrole/parent-child" xlink:from="CashFlowsFromUsedInOperatingActivitiesAbstract" xlink:to="CashFlowsFromUsedInOperations" order="3.0" preferredLabel="http://www.xbrl.org/2009/role/netLabel"/>
    <link:loc xlink:type="locator" xlink:href="../../../../ifrs-cor_2011-03-25.xsd#ifrs_AdjustmentsForReconcileProfitLossAbstract" xlink:label="AdjustmentsForReconcileProfitLossAbstract"/>
    <link:presentationArc xlink:type="arc" xlink:arcrole="http://www.xbrl.org/2003/arcrole/parent-child" xlink:from="CashFlowsFromUsedInOperatingActivitiesAbstract" xlink:to="AdjustmentsForReconcileProfitLossAbstract" order="2.0"/>
    <link:loc xlink:type="locator" xlink:href="../../../../ifrs-cor_2011-03-25.xsd#ifrs_AdjustmentsForReconcileProfitLoss" xlink:label="AdjustmentsForReconcileProfitLoss"/>
    <link:presentationArc xlink:type="arc" xlink:arcrole="http://www.xbrl.org/2003/arcrole/parent-child" xlink:from="AdjustmentsForReconcileProfitLossAbstract" xlink:to="AdjustmentsForReconcileProfitLoss" order="28.0" preferredLabel="http://www.xbrl.org/2003/role/totalLabel"/>
    <link:loc xlink:type="locator" xlink:href="../../../../ifrs-cor_2011-03-25.xsd#ifrs_AdjustmentsForDecreaseIncreaseInTradeAccountReceivable" xlink:label="AdjustmentsForDecreaseIncreaseInTradeAccountReceivable"/>
    <link:presentationArc xlink:type="arc" xlink:arcrole="http://www.xbrl.org/2003/arcrole/parent-child" xlink:from="AdjustmentsForReconcileProfitLossAbstract" xlink:to="AdjustmentsForDecreaseIncreaseInTradeAccountReceivable" order="12.0"/>
    <link:loc xlink:type="locator" xlink:href="../../../../ifrs-cor_2011-03-25.xsd#ifrs_AdjustmentsForDecreaseIncreaseInOtherOperatingReceivables" xlink:label="AdjustmentsForDecreaseIncreaseInOtherOperatingReceivables"/>
    <link:presentationArc xlink:type="arc" xlink:arcrole="http://www.xbrl.org/2003/arcrole/parent-child" xlink:from="AdjustmentsForReconcileProfitLossAbstract" xlink:to="AdjustmentsForDecreaseIncreaseInOtherOperatingReceivables" order="13.0"/>
    <link:loc xlink:type="locator" xlink:href="../../../../ifrs-cor_2011-03-25.xsd#ifrs_AdjustmentsForIncreaseDecreaseInTradeAccountPayable" xlink:label="AdjustmentsForIncreaseDecreaseInTradeAccountPayable"/>
    <link:presentationArc xlink:type="arc" xlink:arcrole="http://www.xbrl.org/2003/arcrole/parent-child" xlink:from="AdjustmentsForReconcileProfitLossAbstract" xlink:to="AdjustmentsForIncreaseDecreaseInTradeAccountPayable" order="14.0"/>
    <link:loc xlink:type="locator" xlink:href="../../../../ifrs-cor_2011-03-25.xsd#ifrs_AdjustmentsForIncreaseDecreaseInOtherOperatingPayables" xlink:label="AdjustmentsForIncreaseDecreaseInOtherOperatingPayables"/>
    <link:presentationArc xlink:type="arc" xlink:arcrole="http://www.xbrl.org/2003/arcrole/parent-child" xlink:from="AdjustmentsForReconcileProfitLossAbstract" xlink:to="AdjustmentsForIncreaseDecreaseInOtherOperatingPayables" order="15.0"/>
    <link:loc xlink:type="locator" xlink:href="../../../../ifrs-cor_2011-03-25.xsd#ifrs_AdjustmentsForProvisions" xlink:label="AdjustmentsForProvisions"/>
    <link:presentationArc xlink:type="arc" xlink:arcrole="http://www.xbrl.org/2003/arcrole/parent-child" xlink:from="AdjustmentsForReconcileProfitLossAbstract" xlink:to="AdjustmentsForProvisions" order="19.0"/>
    <link:loc xlink:type="locator" xlink:href="../../../../ifrs-cor_2011-03-25.xsd#ifrs_AdjustmentsForUnrealisedForeignExchangeLossesGains" xlink:label="AdjustmentsForUnrealisedForeignExchangeLossesGains"/>
    <link:presentationArc xlink:type="arc" xlink:arcrole="http://www.xbrl.org/2003/arcrole/parent-child" xlink:from="AdjustmentsForReconcileProfitLossAbstract" xlink:to="AdjustmentsForUnrealisedForeignExchangeLossesGains" order="20.0"/>
    <link:loc xlink:type="locator" xlink:href="../../../../ifrs-cor_2011-03-25.xsd#ifrs_AdjustmentsForUndistributedProfitsOfAssociates" xlink:label="AdjustmentsForUndistributedProfitsOfAssociates"/>
    <link:presentationArc xlink:type="arc" xlink:arcrole="http://www.xbrl.org/2003/arcrole/parent-child" xlink:from="AdjustmentsForReconcileProfitLossAbstract" xlink:to="AdjustmentsForUndistributedProfitsOfAssociates" order="23.0" preferredLabel="http://www.xbrl.org/2009/role/negatedLabel"/>
    <link:loc xlink:type="locator" xlink:href="../../../../ifrs-cor_2011-03-25.xsd#ifrs_OtherAdjustmentsForNoncashItems" xlink:label="OtherAdjustmentsForNoncashItems"/>
    <link:presentationArc xlink:type="arc" xlink:arcrole="http://www.xbrl.org/2003/arcrole/parent-child" xlink:from="AdjustmentsForReconcileProfitLossAbstract" xlink:to="OtherAdjustmentsForNoncashItems" order="24.0"/>
    <link:loc xlink:type="locator" xlink:href="../../../../ifrs-cor_2011-03-25.xsd#ifrs_AdjustmentsForLossesGainsOnDisposalOfNoncurrentAssets" xlink:label="AdjustmentsForLossesGainsOnDisposalOfNoncurrentAssets"/>
    <link:presentationArc xlink:type="arc" xlink:arcrole="http://www.xbrl.org/2003/arcrole/parent-child" xlink:from="AdjustmentsForReconcileProfitLossAbstract" xlink:to="AdjustmentsForLossesGainsOnDisposalOfNoncurrentAssets" order="25.0"/>
    <link:loc xlink:type="locator" xlink:href="../../../../ifrs-cor_2011-03-25.xsd#ifrs_OtherAdjustmentsForWhichCashEffectsAreInvestingOrFinancingCashFlow" xlink:label="OtherAdjustmentsForWhichCashEffectsAreInvestingOrFinancingCashFlow"/>
    <link:presentationArc xlink:type="arc" xlink:arcrole="http://www.xbrl.org/2003/arcrole/parent-child" xlink:from="AdjustmentsForReconcileProfitLossAbstract" xlink:to="OtherAdjustmentsForWhichCashEffectsAreInvestingOrFinancingCashFlow" order="26.0"/>
    <link:loc xlink:type="locator" xlink:href="../../../../ifrs-cor_2011-03-25.xsd#ifrs_AdjustmentsForIncomeTaxExpense" xlink:label="AdjustmentsForIncomeTaxExpense"/>
    <link:presentationArc xlink:type="arc" xlink:arcrole="http://www.xbrl.org/2003/arcrole/parent-child" xlink:from="AdjustmentsForReconcileProfitLossAbstract" xlink:to="AdjustmentsForIncomeTaxExpense" order="7.0"/>
    <link:loc xlink:type="locator" xlink:href="../../../../ifrs-cor_2011-03-25.xsd#ifrs_AdjustmentsForDepreciationAndAmortisationExpense" xlink:label="AdjustmentsForDepreciationAndAmortisationExpense"/>
    <link:presentationArc xlink:type="arc" xlink:arcrole="http://www.xbrl.org/2003/arcrole/parent-child" xlink:from="AdjustmentsForReconcileProfitLossAbstract" xlink:to="AdjustmentsForDepreciationAndAmortisationExpense" order="17.0"/>
    <link:loc xlink:type="locator" xlink:href="../../../../ifrs-cor_2011-03-25.xsd#ifrs_AdjustmentsForImpairmentLossReversalOfImpairmentLossRecognisedInProfitOrLoss" xlink:label="AdjustmentsForImpairmentLossReversalOfImpairmentLossRecognisedInProfitOrLoss"/>
    <link:presentationArc xlink:type="arc" xlink:arcrole="http://www.xbrl.org/2003/arcrole/parent-child" xlink:from="AdjustmentsForReconcileProfitLossAbstract" xlink:to="AdjustmentsForImpairmentLossReversalOfImpairmentLossRecognisedInProfitOrLoss" order="18.0"/>
    <link:loc xlink:type="locator" xlink:href="../../../../ifrs-cor_2011-03-25.xsd#ifrs_AdjustmentsForSharebasedPayments" xlink:label="AdjustmentsForSharebasedPayments"/>
    <link:presentationArc xlink:type="arc" xlink:arcrole="http://www.xbrl.org/2003/arcrole/parent-child" xlink:from="AdjustmentsForReconcileProfitLossAbstract" xlink:to="AdjustmentsForSharebasedPayments" order="21.0"/>
    <link:loc xlink:type="locator" xlink:href="../../../../ifrs-cor_2011-03-25.xsd#ifrs_AdjustmentsForFairValueGainsLosses" xlink:label="AdjustmentsForFairValueGainsLosses"/>
    <link:presentationArc xlink:type="arc" xlink:arcrole="http://www.xbrl.org/2003/arcrole/parent-child" xlink:from="AdjustmentsForReconcileProfitLossAbstract" xlink:to="AdjustmentsForFairValueGainsLosses" order="22.0"/>
    <link:loc xlink:type="locator" xlink:href="../../../../ifrs-cor_2011-03-25.xsd#ifrs_AdjustmentsForFinanceCosts" xlink:label="AdjustmentsForFinanceCosts"/>
    <link:presentationArc xlink:type="arc" xlink:arcrole="http://www.xbrl.org/2003/arcrole/parent-child" xlink:from="AdjustmentsForReconcileProfitLossAbstract" xlink:to="AdjustmentsForFinanceCosts" order="8.0"/>
    <link:loc xlink:type="locator" xlink:href="../../../../ifrs-cor_2011-03-25.xsd#ifrs_OtherAdjustmentsToReconcileProfitLoss" xlink:label="OtherAdjustmentsToReconcileProfitLoss"/>
    <link:presentationArc xlink:type="arc" xlink:arcrole="http://www.xbrl.org/2003/arcrole/parent-child" xlink:from="AdjustmentsForReconcileProfitLossAbstract" xlink:to="OtherAdjustmentsToReconcileProfitLoss" order="27.0"/>
    <link:loc xlink:type="locator" xlink:href="../../ifrs-dk-cor_2013-12-20.xsd#ifrs-dk_GainsLossesFromSubsidiariesJointVenturesAndAssociates" xlink:label="GainsLossesFromSubsidiariesJointVenturesAndAssociates"/>
    <link:presentationArc xlink:type="arc" xlink:arcrole="http://www.xbrl.org/2003/arcrole/parent-child" xlink:from="AdjustmentsForReconcileProfitLossAbstract" xlink:to="GainsLossesFromSubsidiariesJointVenturesAndAssociates" order="1.0"/>
    <link:loc xlink:type="locator" xlink:href="../../ifrs-dk-cor_2013-12-20.xsd#ifrs-dk_GainsLossesOnWorkingCapital" xlink:label="GainsLossesOnWorkingCapital"/>
    <link:presentationArc xlink:type="arc" xlink:arcrole="http://www.xbrl.org/2003/arcrole/parent-child" xlink:from="AdjustmentsForReconcileProfitLossAbstract" xlink:to="GainsLossesOnWorkingCapital" order="3.0"/>
    <link:loc xlink:type="locator" xlink:href="../../ifrs-dk-cor_2013-12-20.xsd#ifrs-dk_GainsLossesOnOperationCapital" xlink:label="GainsLossesOnOperationCapital"/>
    <link:presentationArc xlink:type="arc" xlink:arcrole="http://www.xbrl.org/2003/arcrole/parent-child" xlink:from="AdjustmentsForReconcileProfitLossAbstract" xlink:to="GainsLossesOnOperationCapital" order="5.0"/>
    <link:loc xlink:type="locator" xlink:href="../../ifrs-dk-cor_2013-12-20.xsd#ifrs-dk_CashFlowFromUsedInOperatingActivitiesBeforeChangesInOperatingCapital" xlink:label="CashFlowFromUsedInOperatingActivitiesBeforeChangesInOperatingCapital"/>
    <link:presentationArc xlink:type="arc" xlink:arcrole="http://www.xbrl.org/2003/arcrole/parent-child" xlink:from="AdjustmentsForReconcileProfitLossAbstract" xlink:to="CashFlowFromUsedInOperatingActivitiesBeforeChangesInOperatingCapital" order="2.0"/>
    <link:loc xlink:type="locator" xlink:href="../../../../ifrs-cor_2011-03-25.xsd#ifrs_ProfitLossFromContinuingOperations" xlink:label="ProfitLossFromContinuingOperations"/>
    <link:presentationArc xlink:type="arc" xlink:arcrole="http://www.xbrl.org/2003/arcrole/parent-child" xlink:from="AdjustmentsForReconcileProfitLossAbstract" xlink:to="ProfitLossFromContinuingOperations" use="optional" order="4.0" preferredLabel="http://www.xbrl.org/2003/role/totalLabel"/>
    <link:loc xlink:type="locator" xlink:href="../../ifrs-dk-cor_2013-12-20.xsd#ifrs-dk_CashFlowsFromUsedInOperatingActivitiesBeforeTax" xlink:label="CashFlowsFromUsedInOperatingActivitiesBeforeTax"/>
    <link:presentationArc xlink:type="arc" xlink:arcrole="http://www.xbrl.org/2003/arcrole/parent-child" xlink:from="AdjustmentsForReconcileProfitLossAbstract" xlink:to="CashFlowsFromUsedInOperatingActivitiesBeforeTax" order="6.0"/>
    <link:loc xlink:type="locator" xlink:href="../../ifrs-dk-cor_2013-12-20.xsd#ifrs-dk_AdjustmentsForFinanceGains" xlink:label="AdjustmentsForFinanceGains"/>
    <link:presentationArc xlink:type="arc" xlink:arcrole="http://www.xbrl.org/2003/arcrole/parent-child" xlink:from="AdjustmentsForReconcileProfitLossAbstract" xlink:to="AdjustmentsForFinanceGains" order="9.0"/>
    <link:loc xlink:type="locator" xlink:href="../../ifrs-dk-cor_2013-12-20.xsd#ifrs-dk_AdjustmentsForLossesGainsOnConstructionContracts" xlink:label="AdjustmentsForLossesGainsOnConstructionContracts"/>
    <link:presentationArc xlink:type="arc" xlink:arcrole="http://www.xbrl.org/2003/arcrole/parent-child" xlink:from="AdjustmentsForReconcileProfitLossAbstract" xlink:to="AdjustmentsForLossesGainsOnConstructionContracts" order="16.0"/>
    <link:loc xlink:type="locator" xlink:href="../../ifrs-dk-cor_2013-12-20.xsd#ifrs-dk_AdjustmentsForDecreaseIncreaseInTradePayablesAndOtherPayables" xlink:label="AdjustmentsForDecreaseIncreaseInTradePayablesAndOtherPayables"/>
    <link:presentationArc xlink:type="arc" xlink:arcrole="http://www.xbrl.org/2003/arcrole/parent-child" xlink:from="AdjustmentsForReconcileProfitLossAbstract" xlink:to="AdjustmentsForDecreaseIncreaseInTradePayablesAndOtherPayables" order="11.0"/>
    <link:loc xlink:type="locator" xlink:href="../../../../ifrs-cor_2011-03-25.xsd#ifrs_AdjustmentsForDecreaseIncreaseInInventories" xlink:label="AdjustmentsForDecreaseIncreaseInInventories"/>
    <link:presentationArc xlink:type="arc" xlink:arcrole="http://www.xbrl.org/2003/arcrole/parent-child" xlink:from="AdjustmentsForReconcileProfitLossAbstract" xlink:to="AdjustmentsForDecreaseIncreaseInInventories" order="10.0"/>
    <link:loc xlink:type="locator" xlink:href="../../../../ifrs-cor_2011-03-25.xsd#ifrs_ProfitLoss" xlink:label="ProfitLoss"/>
    <link:presentationArc xlink:type="arc" xlink:arcrole="http://www.xbrl.org/2003/arcrole/parent-child" xlink:from="CashFlowsFromUsedInOperatingActivitiesAbstract" xlink:to="ProfitLoss" order="1.0"/>
    <link:loc xlink:type="locator" xlink:href="../../../../ifrs-cor_2011-03-25.xsd#ifrs_CashFlowsFromUsedInInvestingActivitiesAbstract" xlink:label="CashFlowsFromUsedInInvestingActivitiesAbstract"/>
    <link:presentationArc xlink:type="arc" xlink:arcrole="http://www.xbrl.org/2003/arcrole/parent-child" xlink:from="StatementOfCashFlowsAbstract" xlink:to="CashFlowsFromUsedInInvestingActivitiesAbstract" order="3.0"/>
    <link:loc xlink:type="locator" xlink:href="../../../../ifrs-cor_2011-03-25.xsd#ifrs_CashFlowsFromUsedInInvestingActivities" xlink:label="CashFlowsFromUsedInInvestingActivities"/>
    <link:presentationArc xlink:type="arc" xlink:arcrole="http://www.xbrl.org/2003/arcrole/parent-child" xlink:from="CashFlowsFromUsedInInvestingActivitiesAbstract" xlink:to="CashFlowsFromUsedInInvestingActivities" order="28.0" preferredLabel="http://www.xbrl.org/2009/role/netLabel"/>
    <link:loc xlink:type="locator" xlink:href="../../../../ifrs-cor_2011-03-25.xsd#ifrs_CashFlowsFromLosingControlOfSubsidiariesOrOtherBusinessesClassifiedAsInvestingActivities" xlink:label="CashFlowsFromLosingControlOfSubsidiariesOrOtherBusinessesClassifiedAsInvestingActivities"/>
    <link:presentationArc xlink:type="arc" xlink:arcrole="http://www.xbrl.org/2003/arcrole/parent-child" xlink:from="CashFlowsFromUsedInInvestingActivitiesAbstract" xlink:to="CashFlowsFromLosingControlOfSubsidiariesOrOtherBusinessesClassifiedAsInvestingActivities" order="1.0" preferredLabel="http://www.xbrl.org/2003/role/terseLabel"/>
    <link:loc xlink:type="locator" xlink:href="../../../../ifrs-cor_2011-03-25.xsd#ifrs_CashFlowsUsedInObtainingControlOfSubsidiariesOrOtherBusinessesClassifiedAsInvestingActivities" xlink:label="CashFlowsUsedInObtainingControlOfSubsidiariesOrOtherBusinessesClassifiedAsInvestingActivities"/>
    <link:presentationArc xlink:type="arc" xlink:arcrole="http://www.xbrl.org/2003/arcrole/parent-child" xlink:from="CashFlowsFromUsedInInvestingActivitiesAbstract" xlink:to="CashFlowsUsedInObtainingControlOfSubsidiariesOrOtherBusinessesClassifiedAsInvestingActivities" order="2.0" preferredLabel="http://www.xbrl.org/2009/role/negatedTerseLabel"/>
    <link:loc xlink:type="locator" xlink:href="../../../../ifrs-cor_2011-03-25.xsd#ifrs_OtherCashReceiptsFromSalesOfEquityOrDebtInstrumentsOfOtherEntitiesClassifiedAsInvestingActivities" xlink:label="OtherCashReceiptsFromSalesOfEquityOrDebtInstrumentsOfOtherEntitiesClassifiedAsInvestingActivities"/>
    <link:presentationArc xlink:type="arc" xlink:arcrole="http://www.xbrl.org/2003/arcrole/parent-child" xlink:from="CashFlowsFromUsedInInvestingActivitiesAbstract" xlink:to="OtherCashReceiptsFromSalesOfEquityOrDebtInstrumentsOfOtherEntitiesClassifiedAsInvestingActivities" order="3.0" preferredLabel="http://www.xbrl.org/2003/role/terseLabel"/>
    <link:loc xlink:type="locator" xlink:href="../../../../ifrs-cor_2011-03-25.xsd#ifrs_OtherCashPaymentsToAcquireEquityOrDebtInstrumentsOfOtherEntitiesClassifiedAsInvestingActivities" xlink:label="OtherCashPaymentsToAcquireEquityOrDebtInstrumentsOfOtherEntitiesClassifiedAsInvestingActivities"/>
    <link:presentationArc xlink:type="arc" xlink:arcrole="http://www.xbrl.org/2003/arcrole/parent-child" xlink:from="CashFlowsFromUsedInInvestingActivitiesAbstract" xlink:to="OtherCashPaymentsToAcquireEquityOrDebtInstrumentsOfOtherEntitiesClassifiedAsInvestingActivities" order="4.0" preferredLabel="http://www.xbrl.org/2009/role/negatedTerseLabel"/>
    <link:loc xlink:type="locator" xlink:href="../../../../ifrs-cor_2011-03-25.xsd#ifrs_OtherCashReceiptsFromSalesOfInterestsInJointVenturesClassifiedAsInvestingActivities" xlink:label="OtherCashReceiptsFromSalesOfInterestsInJointVenturesClassifiedAsInvestingActivities"/>
    <link:presentationArc xlink:type="arc" xlink:arcrole="http://www.xbrl.org/2003/arcrole/parent-child" xlink:from="CashFlowsFromUsedInInvestingActivitiesAbstract" xlink:to="OtherCashReceiptsFromSalesOfInterestsInJointVenturesClassifiedAsInvestingActivities" order="5.0" preferredLabel="http://www.xbrl.org/2003/role/terseLabel"/>
    <link:loc xlink:type="locator" xlink:href="../../../../ifrs-cor_2011-03-25.xsd#ifrs_OtherCashPaymentsToAcquireInterestsInJointVenturesClassifiedAsInvestingActivities" xlink:label="OtherCashPaymentsToAcquireInterestsInJointVenturesClassifiedAsInvestingActivities"/>
    <link:presentationArc xlink:type="arc" xlink:arcrole="http://www.xbrl.org/2003/arcrole/parent-child" xlink:from="CashFlowsFromUsedInInvestingActivitiesAbstract" xlink:to="OtherCashPaymentsToAcquireInterestsInJointVenturesClassifiedAsInvestingActivities" order="6.0" preferredLabel="http://www.xbrl.org/2009/role/negatedTerseLabel"/>
    <link:loc xlink:type="locator" xlink:href="../../../../ifrs-cor_2011-03-25.xsd#ifrs_ProceedsFromSalesOfPropertyPlantAndEquipmentClassifiedAsInvestingActivities" xlink:label="ProceedsFromSalesOfPropertyPlantAndEquipmentClassifiedAsInvestingActivities"/>
    <link:presentationArc xlink:type="arc" xlink:arcrole="http://www.xbrl.org/2003/arcrole/parent-child" xlink:from="CashFlowsFromUsedInInvestingActivitiesAbstract" xlink:to="ProceedsFromSalesOfPropertyPlantAndEquipmentClassifiedAsInvestingActivities" order="7.0" preferredLabel="http://www.xbrl.org/2003/role/terseLabel"/>
    <link:loc xlink:type="locator" xlink:href="../../../../ifrs-cor_2011-03-25.xsd#ifrs_PurchaseOfPropertyPlantAndEquipmentClassifiedAsInvestingActivities" xlink:label="PurchaseOfPropertyPlantAndEquipmentClassifiedAsInvestingActivities"/>
    <link:presentationArc xlink:type="arc" xlink:arcrole="http://www.xbrl.org/2003/arcrole/parent-child" xlink:from="CashFlowsFromUsedInInvestingActivitiesAbstract" xlink:to="PurchaseOfPropertyPlantAndEquipmentClassifiedAsInvestingActivities" order="8.0" preferredLabel="http://www.xbrl.org/2009/role/negatedTerseLabel"/>
    <link:loc xlink:type="locator" xlink:href="../../../../ifrs-cor_2011-03-25.xsd#ifrs_ProceedsFromSalesOfIntangibleAssetsClassifiedAsInvestingActivities" xlink:label="ProceedsFromSalesOfIntangibleAssetsClassifiedAsInvestingActivities"/>
    <link:presentationArc xlink:type="arc" xlink:arcrole="http://www.xbrl.org/2003/arcrole/parent-child" xlink:from="CashFlowsFromUsedInInvestingActivitiesAbstract" xlink:to="ProceedsFromSalesOfIntangibleAssetsClassifiedAsInvestingActivities" order="9.0" preferredLabel="http://www.xbrl.org/2003/role/terseLabel"/>
    <link:loc xlink:type="locator" xlink:href="../../../../ifrs-cor_2011-03-25.xsd#ifrs_PurchaseOfIntangibleAssetsClassifiedAsInvestingActivities" xlink:label="PurchaseOfIntangibleAssetsClassifiedAsInvestingActivities"/>
    <link:presentationArc xlink:type="arc" xlink:arcrole="http://www.xbrl.org/2003/arcrole/parent-child" xlink:from="CashFlowsFromUsedInInvestingActivitiesAbstract" xlink:to="PurchaseOfIntangibleAssetsClassifiedAsInvestingActivities" order="10.0" preferredLabel="http://www.xbrl.org/2009/role/negatedTerseLabel"/>
    <link:loc xlink:type="locator" xlink:href="../../../../ifrs-cor_2011-03-25.xsd#ifrs_ProceedsFromOtherLongtermAssetsClassifiedAsInvestingActivities" xlink:label="ProceedsFromOtherLongtermAssetsClassifiedAsInvestingActivities"/>
    <link:presentationArc xlink:type="arc" xlink:arcrole="http://www.xbrl.org/2003/arcrole/parent-child" xlink:from="CashFlowsFromUsedInInvestingActivitiesAbstract" xlink:to="ProceedsFromOtherLongtermAssetsClassifiedAsInvestingActivities" order="11.0" preferredLabel="http://www.xbrl.org/2003/role/terseLabel"/>
    <link:loc xlink:type="locator" xlink:href="../../../../ifrs-cor_2011-03-25.xsd#ifrs_PurchaseOfOtherLongtermAssetsClassifiedAsInvestingActivities" xlink:label="PurchaseOfOtherLongtermAssetsClassifiedAsInvestingActivities"/>
    <link:presentationArc xlink:type="arc" xlink:arcrole="http://www.xbrl.org/2003/arcrole/parent-child" xlink:from="CashFlowsFromUsedInInvestingActivitiesAbstract" xlink:to="PurchaseOfOtherLongtermAssetsClassifiedAsInvestingActivities" order="12.0" preferredLabel="http://www.xbrl.org/2009/role/negatedTerseLabel"/>
    <link:loc xlink:type="locator" xlink:href="../../../../ifrs-cor_2011-03-25.xsd#ifrs_CashAdvancesAndLoansMadeToOtherPartiesClassifiedAsInvestingActivities" xlink:label="CashAdvancesAndLoansMadeToOtherPartiesClassifiedAsInvestingActivities"/>
    <link:presentationArc xlink:type="arc" xlink:arcrole="http://www.xbrl.org/2003/arcrole/parent-child" xlink:from="CashFlowsFromUsedInInvestingActivitiesAbstract" xlink:to="CashAdvancesAndLoansMadeToOtherPartiesClassifiedAsInvestingActivities" order="19.0" preferredLabel="http://www.xbrl.org/2009/role/negatedTerseLabel"/>
    <link:loc xlink:type="locator" xlink:href="../../../../ifrs-cor_2011-03-25.xsd#ifrs_CashReceiptsFromRepaymentOfAdvancesAndLoansMadeToOtherPartiesClassifiedAsInvestingActivities" xlink:label="CashReceiptsFromRepaymentOfAdvancesAndLoansMadeToOtherPartiesClassifiedAsInvestingActivities"/>
    <link:presentationArc xlink:type="arc" xlink:arcrole="http://www.xbrl.org/2003/arcrole/parent-child" xlink:from="CashFlowsFromUsedInInvestingActivitiesAbstract" xlink:to="CashReceiptsFromRepaymentOfAdvancesAndLoansMadeToOtherPartiesClassifiedAsInvestingActivities" order="20.0" preferredLabel="http://www.xbrl.org/2003/role/terseLabel"/>
    <link:loc xlink:type="locator" xlink:href="../../../../ifrs-cor_2011-03-25.xsd#ifrs_CashPaymentsForFutureContractsForwardContractsOptionContractsAndSwapContractsClassifiedAsInvestingActivities" xlink:label="CashPaymentsForFutureContractsForwardContractsOptionContractsAndSwapContractsClassifiedAsInvestingActivities"/>
    <link:presentationArc xlink:type="arc" xlink:arcrole="http://www.xbrl.org/2003/arcrole/parent-child" xlink:from="CashFlowsFromUsedInInvestingActivitiesAbstract" xlink:to="CashPaymentsForFutureContractsForwardContractsOptionContractsAndSwapContractsClassifiedAsInvestingActivities" order="21.0" preferredLabel="http://www.xbrl.org/2009/role/negatedTerseLabel"/>
    <link:loc xlink:type="locator" xlink:href="../../../../ifrs-cor_2011-03-25.xsd#ifrs_CashReceiptsFromFutureContractsForwardContractsOptionContractsAndSwapContractsClassifiedAsInvestingActivities" xlink:label="CashReceiptsFromFutureContractsForwardContractsOptionContractsAndSwapContractsClassifiedAsInvestingActivities"/>
    <link:presentationArc xlink:type="arc" xlink:arcrole="http://www.xbrl.org/2003/arcrole/parent-child" xlink:from="CashFlowsFromUsedInInvestingActivitiesAbstract" xlink:to="CashReceiptsFromFutureContractsForwardContractsOptionContractsAndSwapContractsClassifiedAsInvestingActivities" order="22.0" preferredLabel="http://www.xbrl.org/2003/role/terseLabel"/>
    <link:loc xlink:type="locator" xlink:href="../../../../ifrs-cor_2011-03-25.xsd#ifrs_DividendsReceivedClassifiedAsInvestingActivities" xlink:label="DividendsReceivedClassifiedAsInvestingActivities"/>
    <link:presentationArc xlink:type="arc" xlink:arcrole="http://www.xbrl.org/2003/arcrole/parent-child" xlink:from="CashFlowsFromUsedInInvestingActivitiesAbstract" xlink:to="DividendsReceivedClassifiedAsInvestingActivities" order="23.0" preferredLabel="http://www.xbrl.org/2003/role/terseLabel"/>
    <link:loc xlink:type="locator" xlink:href="../../../../ifrs-cor_2011-03-25.xsd#ifrs_InterestReceivedClassifiedAsInvestingActivities" xlink:label="InterestReceivedClassifiedAsInvestingActivities"/>
    <link:presentationArc xlink:type="arc" xlink:arcrole="http://www.xbrl.org/2003/arcrole/parent-child" xlink:from="CashFlowsFromUsedInInvestingActivitiesAbstract" xlink:to="InterestReceivedClassifiedAsInvestingActivities" order="25.0" preferredLabel="http://www.xbrl.org/2003/role/terseLabel"/>
    <link:loc xlink:type="locator" xlink:href="../../../../ifrs-cor_2011-03-25.xsd#ifrs_IncomeTaxesPaidRefundClassifiedAsInvestingActivities" xlink:label="IncomeTaxesPaidRefundClassifiedAsInvestingActivities"/>
    <link:presentationArc xlink:type="arc" xlink:arcrole="http://www.xbrl.org/2003/arcrole/parent-child" xlink:from="CashFlowsFromUsedInInvestingActivitiesAbstract" xlink:to="IncomeTaxesPaidRefundClassifiedAsInvestingActivities" order="26.0" preferredLabel="http://www.xbrl.org/2009/role/negatedTerseLabel"/>
    <link:loc xlink:type="locator" xlink:href="../../../../ifrs-cor_2011-03-25.xsd#ifrs_OtherInflowsOutflowsOfCashClassifiedAsInvestingActivities" xlink:label="OtherInflowsOutflowsOfCashClassifiedAsInvestingActivities"/>
    <link:presentationArc xlink:type="arc" xlink:arcrole="http://www.xbrl.org/2003/arcrole/parent-child" xlink:from="CashFlowsFromUsedInInvestingActivitiesAbstract" xlink:to="OtherInflowsOutflowsOfCashClassifiedAsInvestingActivities" order="27.0" preferredLabel="http://www.xbrl.org/2003/role/terseLabel"/>
    <link:loc xlink:type="locator" xlink:href="../../../../ifrs-cor_2011-03-25.xsd#ifrs_InterestPaidClassifiedAsInvestingActivities" xlink:label="InterestPaidClassifiedAsInvestingActivities"/>
    <link:presentationArc xlink:type="arc" xlink:arcrole="http://www.xbrl.org/2003/arcrole/parent-child" xlink:from="CashFlowsFromUsedInInvestingActivitiesAbstract" xlink:to="InterestPaidClassifiedAsInvestingActivities" order="24.0" preferredLabel="http://www.xbrl.org/2009/role/negatedTerseLabel"/>
    <link:loc xlink:type="locator" xlink:href="../../../../ifrs-cor_2011-03-25.xsd#ifrs_ProceedsFromGovernmentGrantsClassifiedAsInvestingActivities" xlink:label="ProceedsFromGovernmentGrantsClassifiedAsInvestingActivities"/>
    <link:presentationArc xlink:type="arc" xlink:arcrole="http://www.xbrl.org/2003/arcrole/parent-child" xlink:from="CashFlowsFromUsedInInvestingActivitiesAbstract" xlink:to="ProceedsFromGovernmentGrantsClassifiedAsInvestingActivities" order="17.0" preferredLabel="http://www.xbrl.org/2003/role/terseLabel"/>
    <link:loc xlink:type="locator" xlink:href="../../ifrs-dk-cor_2013-12-20.xsd#ifrs-dk_ProceedsFromSalesOfFinancialAssetsClassifiedAsInvestingActivities" xlink:label="ProceedsFromSalesOfFinancialAssetsClassifiedAsInvestingActivities"/>
    <link:presentationArc xlink:type="arc" xlink:arcrole="http://www.xbrl.org/2003/arcrole/parent-child" xlink:from="CashFlowsFromUsedInInvestingActivitiesAbstract" xlink:to="ProceedsFromSalesOfFinancialAssetsClassifiedAsInvestingActivities" order="13.0" preferredLabel="http://www.xbrl.org/2003/role/terseLabel"/>
    <link:loc xlink:type="locator" xlink:href="../../ifrs-dk-cor_2013-12-20.xsd#ifrs-dk_PurchaseOfFinancialAssetsClassifiedAsInvestingActivities" xlink:label="PurchaseOfFinancialAssetsClassifiedAsInvestingActivities"/>
    <link:presentationArc xlink:type="arc" xlink:arcrole="http://www.xbrl.org/2003/arcrole/parent-child" xlink:from="CashFlowsFromUsedInInvestingActivitiesAbstract" xlink:to="PurchaseOfFinancialAssetsClassifiedAsInvestingActivities" order="14.0" preferredLabel="http://www.xbrl.org/2009/role/negatedTerseLabel"/>
    <link:loc xlink:type="locator" xlink:href="../../ifrs-dk-cor_2013-12-20.xsd#ifrs-dk_ProceedsFromSalesOfExplorationAndEvaluationAssetsClassifiedAsInvestingActivities" xlink:label="ProceedsFromSalesOfExplorationAndEvaluationAssetsClassifiedAsInvestingActivities"/>
    <link:presentationArc xlink:type="arc" xlink:arcrole="http://www.xbrl.org/2003/arcrole/parent-child" xlink:from="CashFlowsFromUsedInInvestingActivitiesAbstract" xlink:to="ProceedsFromSalesOfExplorationAndEvaluationAssetsClassifiedAsInvestingActivities" order="15.0" preferredLabel="http://www.xbrl.org/2003/role/terseLabel"/>
    <link:loc xlink:type="locator" xlink:href="../../ifrs-dk-cor_2013-12-20.xsd#ifrs-dk_PurchaseOfExplorationAndEvaluationAssets" xlink:label="PurchaseOfExplorationAndEvaluationAssets"/>
    <link:presentationArc xlink:type="arc" xlink:arcrole="http://www.xbrl.org/2003/arcrole/parent-child" xlink:from="CashFlowsFromUsedInInvestingActivitiesAbstract" xlink:to="PurchaseOfExplorationAndEvaluationAssets" order="16.0" preferredLabel="http://www.xbrl.org/2009/role/negatedLabel"/>
    <link:loc xlink:type="locator" xlink:href="../../ifrs-dk-cor_2013-12-20.xsd#ifrs-dk_AdjustmentsForDecreaseIncreaseInFinancialReceivables" xlink:label="AdjustmentsForDecreaseIncreaseInFinancialReceivables"/>
    <link:presentationArc xlink:type="arc" xlink:arcrole="http://www.xbrl.org/2003/arcrole/parent-child" xlink:from="CashFlowsFromUsedInInvestingActivitiesAbstract" xlink:to="AdjustmentsForDecreaseIncreaseInFinancialReceivables" order="18.0"/>
    <link:loc xlink:type="locator" xlink:href="../../ifrs-dk-cor_2013-12-20.xsd#ifrs-dk_CashFlowsFromHedgesOfNetInvestments" xlink:label="CashFlowsFromHedgesOfNetInvestments"/>
    <link:presentationArc xlink:type="arc" xlink:arcrole="http://www.xbrl.org/2003/arcrole/parent-child" xlink:from="CashFlowsFromUsedInInvestingActivitiesAbstract" xlink:to="CashFlowsFromHedgesOfNetInvestments" order="29.0"/>
    <link:loc xlink:type="locator" xlink:href="../../../../ifrs-cor_2011-03-25.xsd#ifrs_CashFlowsFromUsedInFinancingActivitiesAbstract" xlink:label="CashFlowsFromUsedInFinancingActivitiesAbstract"/>
    <link:presentationArc xlink:type="arc" xlink:arcrole="http://www.xbrl.org/2003/arcrole/parent-child" xlink:from="StatementOfCashFlowsAbstract" xlink:to="CashFlowsFromUsedInFinancingActivitiesAbstract" order="5.0"/>
    <link:loc xlink:type="locator" xlink:href="../../../../ifrs-cor_2011-03-25.xsd#ifrs_CashFlowsFromUsedInFinancingActivities" xlink:label="CashFlowsFromUsedInFinancingActivities"/>
    <link:presentationArc xlink:type="arc" xlink:arcrole="http://www.xbrl.org/2003/arcrole/parent-child" xlink:from="CashFlowsFromUsedInFinancingActivitiesAbstract" xlink:to="CashFlowsFromUsedInFinancingActivities" order="22.0" preferredLabel="http://www.xbrl.org/2009/role/netLabel"/>
    <link:loc xlink:type="locator" xlink:href="../../../../ifrs-cor_2011-03-25.xsd#ifrs_ProceedsFromIssuingShares" xlink:label="ProceedsFromIssuingShares"/>
    <link:presentationArc xlink:type="arc" xlink:arcrole="http://www.xbrl.org/2003/arcrole/parent-child" xlink:from="CashFlowsFromUsedInFinancingActivitiesAbstract" xlink:to="ProceedsFromIssuingShares" order="3.0"/>
    <link:loc xlink:type="locator" xlink:href="../../../../ifrs-cor_2011-03-25.xsd#ifrs_ProceedsFromIssuingOtherEquityInstruments" xlink:label="ProceedsFromIssuingOtherEquityInstruments"/>
    <link:presentationArc xlink:type="arc" xlink:arcrole="http://www.xbrl.org/2003/arcrole/parent-child" xlink:from="CashFlowsFromUsedInFinancingActivitiesAbstract" xlink:to="ProceedsFromIssuingOtherEquityInstruments" order="4.0"/>
    <link:loc xlink:type="locator" xlink:href="../../../../ifrs-cor_2011-03-25.xsd#ifrs_PaymentsToAcquireOrRedeemEntitysShares" xlink:label="PaymentsToAcquireOrRedeemEntitysShares"/>
    <link:presentationArc xlink:type="arc" xlink:arcrole="http://www.xbrl.org/2003/arcrole/parent-child" xlink:from="CashFlowsFromUsedInFinancingActivitiesAbstract" xlink:to="PaymentsToAcquireOrRedeemEntitysShares" order="5.0" preferredLabel="http://www.xbrl.org/2009/role/negatedLabel"/>
    <link:loc xlink:type="locator" xlink:href="../../../../ifrs-cor_2011-03-25.xsd#ifrs_PaymentsOfOtherEquityInstruments" xlink:label="PaymentsOfOtherEquityInstruments"/>
    <link:presentationArc xlink:type="arc" xlink:arcrole="http://www.xbrl.org/2003/arcrole/parent-child" xlink:from="CashFlowsFromUsedInFinancingActivitiesAbstract" xlink:to="PaymentsOfOtherEquityInstruments" order="6.0" preferredLabel="http://www.xbrl.org/2009/role/negatedLabel"/>
    <link:loc xlink:type="locator" xlink:href="../../../../ifrs-cor_2011-03-25.xsd#ifrs_PaymentsOfFinanceLeaseLiabilitiesClassifiedAsFinancingActivities" xlink:label="PaymentsOfFinanceLeaseLiabilitiesClassifiedAsFinancingActivities"/>
    <link:presentationArc xlink:type="arc" xlink:arcrole="http://www.xbrl.org/2003/arcrole/parent-child" xlink:from="CashFlowsFromUsedInFinancingActivitiesAbstract" xlink:to="PaymentsOfFinanceLeaseLiabilitiesClassifiedAsFinancingActivities" order="14.0" preferredLabel="http://www.xbrl.org/2009/role/negatedTerseLabel"/>
    <link:loc xlink:type="locator" xlink:href="../../../../ifrs-cor_2011-03-25.xsd#ifrs_DividendsPaidClassifiedAsFinancingActivities" xlink:label="DividendsPaidClassifiedAsFinancingActivities"/>
    <link:presentationArc xlink:type="arc" xlink:arcrole="http://www.xbrl.org/2003/arcrole/parent-child" xlink:from="CashFlowsFromUsedInFinancingActivitiesAbstract" xlink:to="DividendsPaidClassifiedAsFinancingActivities" order="16.0" preferredLabel="http://www.xbrl.org/2009/role/negatedTerseLabel"/>
    <link:loc xlink:type="locator" xlink:href="../../../../ifrs-cor_2011-03-25.xsd#ifrs_InterestPaidClassifiedAsFinancingActivities" xlink:label="InterestPaidClassifiedAsFinancingActivities"/>
    <link:presentationArc xlink:type="arc" xlink:arcrole="http://www.xbrl.org/2003/arcrole/parent-child" xlink:from="CashFlowsFromUsedInFinancingActivitiesAbstract" xlink:to="InterestPaidClassifiedAsFinancingActivities" order="18.0" preferredLabel="http://www.xbrl.org/2009/role/negatedTerseLabel"/>
    <link:loc xlink:type="locator" xlink:href="../../../../ifrs-cor_2011-03-25.xsd#ifrs_IncomeTaxesPaidRefundClassifiedAsFinancingActivities" xlink:label="IncomeTaxesPaidRefundClassifiedAsFinancingActivities"/>
    <link:presentationArc xlink:type="arc" xlink:arcrole="http://www.xbrl.org/2003/arcrole/parent-child" xlink:from="CashFlowsFromUsedInFinancingActivitiesAbstract" xlink:to="IncomeTaxesPaidRefundClassifiedAsFinancingActivities" order="20.0" preferredLabel="http://www.xbrl.org/2009/role/negatedTerseLabel"/>
    <link:loc xlink:type="locator" xlink:href="../../../../ifrs-cor_2011-03-25.xsd#ifrs_OtherInflowsOutflowsOfCashClassifiedAsFinancingActivities" xlink:label="OtherInflowsOutflowsOfCashClassifiedAsFinancingActivities"/>
    <link:presentationArc xlink:type="arc" xlink:arcrole="http://www.xbrl.org/2003/arcrole/parent-child" xlink:from="CashFlowsFromUsedInFinancingActivitiesAbstract" xlink:to="OtherInflowsOutflowsOfCashClassifiedAsFinancingActivities" order="21.0" preferredLabel="http://www.xbrl.org/2003/role/terseLabel"/>
    <link:loc xlink:type="locator" xlink:href="../../../../ifrs-cor_2011-03-25.xsd#ifrs_ProceedsFromBorrowingsClassifiedAsFinancingActivities" xlink:label="ProceedsFromBorrowingsClassifiedAsFinancingActivities"/>
    <link:presentationArc xlink:type="arc" xlink:arcrole="http://www.xbrl.org/2003/arcrole/parent-child" xlink:from="CashFlowsFromUsedInFinancingActivitiesAbstract" xlink:to="ProceedsFromBorrowingsClassifiedAsFinancingActivities" order="12.0" preferredLabel="http://www.xbrl.org/2003/role/terseLabel"/>
    <link:loc xlink:type="locator" xlink:href="../../../../ifrs-cor_2011-03-25.xsd#ifrs_InterestReceivedClassifiedAsFinancingActivities" xlink:label="InterestReceivedClassifiedAsFinancingActivities"/>
    <link:presentationArc xlink:type="arc" xlink:arcrole="http://www.xbrl.org/2003/arcrole/parent-child" xlink:from="CashFlowsFromUsedInFinancingActivitiesAbstract" xlink:to="InterestReceivedClassifiedAsFinancingActivities" order="19.0" preferredLabel="http://www.xbrl.org/2003/role/terseLabel"/>
    <link:loc xlink:type="locator" xlink:href="../../../../ifrs-cor_2011-03-25.xsd#ifrs_DividendsReceivedClassifiedAsFinancingActivities" xlink:label="DividendsReceivedClassifiedAsFinancingActivities"/>
    <link:presentationArc xlink:type="arc" xlink:arcrole="http://www.xbrl.org/2003/arcrole/parent-child" xlink:from="CashFlowsFromUsedInFinancingActivitiesAbstract" xlink:to="DividendsReceivedClassifiedAsFinancingActivities" order="17.0" preferredLabel="http://www.xbrl.org/2003/role/terseLabel"/>
    <link:loc xlink:type="locator" xlink:href="../../../../ifrs-cor_2011-03-25.xsd#ifrs_ProceedsFromGovernmentGrantsClassifiedAsFinancingActivities" xlink:label="ProceedsFromGovernmentGrantsClassifiedAsFinancingActivities"/>
    <link:presentationArc xlink:type="arc" xlink:arcrole="http://www.xbrl.org/2003/arcrole/parent-child" xlink:from="CashFlowsFromUsedInFinancingActivitiesAbstract" xlink:to="ProceedsFromGovernmentGrantsClassifiedAsFinancingActivities" order="15.0" preferredLabel="http://www.xbrl.org/2003/role/terseLabel"/>
    <link:loc xlink:type="locator" xlink:href="../../../../ifrs-cor_2011-03-25.xsd#ifrs_ProceedsFromChangesInOwnershipInterestsInSubsidiaries" xlink:label="ProceedsFromChangesInOwnershipInterestsInSubsidiaries"/>
    <link:presentationArc xlink:type="arc" xlink:arcrole="http://www.xbrl.org/2003/arcrole/parent-child" xlink:from="CashFlowsFromUsedInFinancingActivitiesAbstract" xlink:to="ProceedsFromChangesInOwnershipInterestsInSubsidiaries" order="1.0"/>
    <link:loc xlink:type="locator" xlink:href="../../../../ifrs-cor_2011-03-25.xsd#ifrs_PaymentsFromChangesInOwnershipInterestsInSubsidiaries" xlink:label="PaymentsFromChangesInOwnershipInterestsInSubsidiaries"/>
    <link:presentationArc xlink:type="arc" xlink:arcrole="http://www.xbrl.org/2003/arcrole/parent-child" xlink:from="CashFlowsFromUsedInFinancingActivitiesAbstract" xlink:to="PaymentsFromChangesInOwnershipInterestsInSubsidiaries" order="2.0" preferredLabel="http://www.xbrl.org/2009/role/negatedLabel"/>
    <link:loc xlink:type="locator" xlink:href="../../ifrs-dk-cor_2013-12-20.xsd#ifrs-dk_ProceedsFromSalesOfCompanyAssets" xlink:label="ProceedsFromSalesOfCompanyAssets"/>
    <link:presentationArc xlink:type="arc" xlink:arcrole="http://www.xbrl.org/2003/arcrole/parent-child" xlink:from="CashFlowsFromUsedInFinancingActivitiesAbstract" xlink:to="ProceedsFromSalesOfCompanyAssets" order="7.0"/>
    <link:loc xlink:type="locator" xlink:href="../../ifrs-dk-cor_2013-12-20.xsd#ifrs-dk_PurchaseSaleOfTreasuryAssets" xlink:label="PurchaseSaleOfTreasuryAssets"/>
    <link:presentationArc xlink:type="arc" xlink:arcrole="http://www.xbrl.org/2003/arcrole/parent-child" xlink:from="CashFlowsFromUsedInFinancingActivitiesAbstract" xlink:to="PurchaseSaleOfTreasuryAssets" order="8.0"/>
    <link:loc xlink:type="locator" xlink:href="../../ifrs-dk-cor_2013-12-20.xsd#ifrs-dk_ProceedsFromSaleOfWarrants" xlink:label="ProceedsFromSaleOfWarrants"/>
    <link:presentationArc xlink:type="arc" xlink:arcrole="http://www.xbrl.org/2003/arcrole/parent-child" xlink:from="CashFlowsFromUsedInFinancingActivitiesAbstract" xlink:to="ProceedsFromSaleOfWarrants" order="9.0"/>
    <link:loc xlink:type="locator" xlink:href="../../ifrs-dk-cor_2013-12-20.xsd#ifrs-dk_IssuanceCost" xlink:label="IssuanceCost"/>
    <link:presentationArc xlink:type="arc" xlink:arcrole="http://www.xbrl.org/2003/arcrole/parent-child" xlink:from="CashFlowsFromUsedInFinancingActivitiesAbstract" xlink:to="IssuanceCost" order="10.0"/>
    <link:loc xlink:type="locator" xlink:href="../../ifrs-dk-cor_2013-12-20.xsd#ifrs-dk_EmployeeBonds" xlink:label="EmployeeBonds"/>
    <link:presentationArc xlink:type="arc" xlink:arcrole="http://www.xbrl.org/2003/arcrole/parent-child" xlink:from="CashFlowsFromUsedInFinancingActivitiesAbstract" xlink:to="EmployeeBonds" order="11.0"/>
    <link:loc xlink:type="locator" xlink:href="../../ifrs-dk-cor_2013-12-20.xsd#ifrs-dk_RepaymentsOfBorrowingsClassifiedAsFinancingActivitiesAbstract" xlink:label="RepaymentsOfBorrowingsClassifiedAsFinancingActivitiesAbstract"/>
    <link:presentationArc xlink:type="arc" xlink:arcrole="http://www.xbrl.org/2003/arcrole/parent-child" xlink:from="CashFlowsFromUsedInFinancingActivitiesAbstract" xlink:to="RepaymentsOfBorrowingsClassifiedAsFinancingActivitiesAbstract" order="13.0"/>
    <link:loc xlink:type="locator" xlink:href="../../../../ifrs-cor_2011-03-25.xsd#ifrs_RepaymentsOfBorrowingsClassifiedAsFinancingActivities" xlink:label="RepaymentsOfBorrowingsClassifiedAsFinancingActivities"/>
    <link:presentationArc xlink:type="arc" xlink:arcrole="http://www.xbrl.org/2003/arcrole/parent-child" xlink:from="RepaymentsOfBorrowingsClassifiedAsFinancingActivitiesAbstract" xlink:to="RepaymentsOfBorrowingsClassifiedAsFinancingActivities" use="optional" order="3.0" preferredLabel="http://www.xbrl.org/2009/role/negatedTotalLabel"/>
    <link:loc xlink:type="locator" xlink:href="../../ifrs-dk-cor_2013-12-20.xsd#ifrs-dk_RepaymentsOfNoncurrentBorrowingsClassifiedAsFinancingActivities" xlink:label="RepaymentsOfNoncurrentBorrowingsClassifiedAsFinancingActivities"/>
    <link:presentationArc xlink:type="arc" xlink:arcrole="http://www.xbrl.org/2003/arcrole/parent-child" xlink:from="RepaymentsOfBorrowingsClassifiedAsFinancingActivitiesAbstract" xlink:to="RepaymentsOfNoncurrentBorrowingsClassifiedAsFinancingActivities" order="2.0" preferredLabel="http://www.xbrl.org/2009/role/negatedTerseLabel"/>
    <link:loc xlink:type="locator" xlink:href="../../ifrs-dk-cor_2013-12-20.xsd#ifrs-dk_RepaymentsOfCurrentBorrowingsClassifiedAsFinancingActivities" xlink:label="RepaymentsOfCurrentBorrowingsClassifiedAsFinancingActivities"/>
    <link:presentationArc xlink:type="arc" xlink:arcrole="http://www.xbrl.org/2003/arcrole/parent-child" xlink:from="RepaymentsOfBorrowingsClassifiedAsFinancingActivitiesAbstract" xlink:to="RepaymentsOfCurrentBorrowingsClassifiedAsFinancingActivities" order="1.0" preferredLabel="http://www.xbrl.org/2009/role/negatedTerseLabel"/>
    <link:loc xlink:type="locator" xlink:href="../../../../ifrs-cor_2011-03-25.xsd#ifrs_IncreaseDecreaseInCashAndCashEquivalentsBeforeEffectOfExchangeRateChanges" xlink:label="IncreaseDecreaseInCashAndCashEquivalentsBeforeEffectOfExchangeRateChanges"/>
    <link:presentationArc xlink:type="arc" xlink:arcrole="http://www.xbrl.org/2003/arcrole/parent-child" xlink:from="StatementOfCashFlowsAbstract" xlink:to="IncreaseDecreaseInCashAndCashEquivalentsBeforeEffectOfExchangeRateChanges" order="7.0" preferredLabel="http://www.xbrl.org/2009/role/netLabel"/>
    <link:loc xlink:type="locator" xlink:href="../../../../ifrs-cor_2011-03-25.xsd#ifrs_EffectOfExchangeRateChangesOnCashAndCashEquivalentsAbstract" xlink:label="EffectOfExchangeRateChangesOnCashAndCashEquivalentsAbstract"/>
    <link:presentationArc xlink:type="arc" xlink:arcrole="http://www.xbrl.org/2003/arcrole/parent-child" xlink:from="StatementOfCashFlowsAbstract" xlink:to="EffectOfExchangeRateChangesOnCashAndCashEquivalentsAbstract" order="8.0"/>
    <link:loc xlink:type="locator" xlink:href="../../../../ifrs-cor_2011-03-25.xsd#ifrs_EffectOfExchangeRateChangesOnCashAndCashEquivalents" xlink:label="EffectOfExchangeRateChangesOnCashAndCashEquivalents"/>
    <link:presentationArc xlink:type="arc" xlink:arcrole="http://www.xbrl.org/2003/arcrole/parent-child" xlink:from="EffectOfExchangeRateChangesOnCashAndCashEquivalentsAbstract" xlink:to="EffectOfExchangeRateChangesOnCashAndCashEquivalents" order="1.0"/>
    <link:loc xlink:type="locator" xlink:href="../../../../ifrs-cor_2011-03-25.xsd#ifrs_IncreaseDecreaseInCashAndCashEquivalents" xlink:label="IncreaseDecreaseInCashAndCashEquivalents"/>
    <link:presentationArc xlink:type="arc" xlink:arcrole="http://www.xbrl.org/2003/arcrole/parent-child" xlink:from="StatementOfCashFlowsAbstract" xlink:to="IncreaseDecreaseInCashAndCashEquivalents" order="9.0" preferredLabel="http://www.xbrl.org/2009/role/netLabel"/>
    <link:loc xlink:type="locator" xlink:href="../../../../ifrs-cor_2011-03-25.xsd#ifrs_CashAndCashEquivalents" xlink:label="CashAndCashEquivalents"/>
    <link:presentationArc xlink:type="arc" xlink:arcrole="http://www.xbrl.org/2003/arcrole/parent-child" xlink:from="StatementOfCashFlowsAbstract" xlink:to="CashAndCashEquivalents" order="10.0" preferredLabel="http://www.xbrl.org/2003/role/periodStartLabel"/>
    <link:loc xlink:type="locator" xlink:href="../../../../ifrs-cor_2011-03-25.xsd#ifrs_CashAndCashEquivalents" xlink:label="CashAndCashEquivalents_2"/>
    <link:presentationArc xlink:type="arc" xlink:arcrole="http://www.xbrl.org/2003/arcrole/parent-child" xlink:from="StatementOfCashFlowsAbstract" xlink:to="CashAndCashEquivalents_2" priority="1" order="11.0" preferredLabel="http://www.xbrl.org/2003/role/periodEndLabel"/>
    <link:loc xlink:type="locator" xlink:href="../../ifrs-dk-cor_2013-12-20.xsd#ifrs-dk_CashFlowsFromDiscontinuedOperations" xlink:label="CashFlowsFromDiscontinuedOperations"/>
    <link:presentationArc xlink:type="arc" xlink:arcrole="http://www.xbrl.org/2003/arcrole/parent-child" xlink:from="StatementOfCashFlowsAbstract" xlink:to="CashFlowsFromDiscontinuedOperations" use="optional" order="6.0"/>
    <link:loc xlink:type="locator" xlink:href="../../ifrs-dk-cor_2013-12-20.xsd#ifrs-dk_FreeCashFlowsFromUsedInOperatingInvestingActivities" xlink:label="FreeCashFlowsFromUsedInOperatingInvestingActivities"/>
    <link:presentationArc xlink:type="arc" xlink:arcrole="http://www.xbrl.org/2003/arcrole/parent-child" xlink:from="StatementOfCashFlowsAbstract" xlink:to="FreeCashFlowsFromUsedInOperatingInvestingActivities" order="4.0"/>
    <link:loc xlink:type="locator" xlink:href="../../../../ifrs-cor_2011-03-25.xsd#ifrs_ProfitLossFromOperatingActivities" xlink:label="ProfitLossFromOperatingActivities"/>
    <link:presentationArc xlink:type="arc" xlink:arcrole="http://www.xbrl.org/2003/arcrole/parent-child" xlink:from="StatementOfCashFlowsAbstract" xlink:to="ProfitLossFromOperatingActivities" use="optional" order="1.0" preferredLabel="http://www.xbrl.org/2003/role/totalLabel"/>
    <link:loc xlink:type="locator" xlink:href="../../../cmn.xsd#cmn_CommonTable" xlink:label="CommonTable"/>
    <link:presentationArc xlink:type="arc" xlink:arcrole="http://www.xbrl.org/2003/arcrole/parent-child" xlink:from="StatementOfCashFlowsAbstract" xlink:to="CommonTable" xlink:title="presentation: StatementOfCashFlowsAbstract to CommonTable" order="12.0"/>
    <link:loc xlink:type="locator" xlink:href="../../../../ifrs-cor_2011-03-25.xsd#ifrs_ConsolidatedAndSeparateFinancialStatementsAxis" xlink:label="ConsolidatedAndSeparateFinancialStatementsAxis"/>
    <link:presentationArc xlink:type="arc" xlink:arcrole="http://www.xbrl.org/2003/arcrole/parent-child" xlink:from="CommonTable" xlink:to="ConsolidatedAndSeparateFinancialStatementsAxis" xlink:title="presentation: CommonTable to ConsolidatedAndSeparateFinancialStatementsAxis" order="1.0"/>
    <link:loc xlink:type="locator" xlink:href="../../../../ifrs-cor_2011-03-25.xsd#ifrs_ConsolidatedMember" xlink:label="ConsolidatedMember"/>
    <link:presentationArc xlink:type="arc" xlink:arcrole="http://www.xbrl.org/2003/arcrole/parent-child" xlink:from="ConsolidatedAndSeparateFinancialStatementsAxis" xlink:to="ConsolidatedMember" xlink:title="presentation: ConsolidatedAndSeparateFinancialStatementsAxis to ConsolidatedMember" order="1.0"/>
    <link:loc xlink:type="locator" xlink:href="../../../../ifrs-cor_2011-03-25.xsd#ifrs_SeparateMember" xlink:label="SeparateMember"/>
    <link:presentationArc xlink:type="arc" xlink:arcrole="http://www.xbrl.org/2003/arcrole/parent-child" xlink:from="ConsolidatedAndSeparateFinancialStatementsAxis" xlink:to="SeparateMember" xlink:title="presentation: ConsolidatedAndSeparateFinancialStatementsAxis to SeparateMember" order="2.0"/>
  </link:presentationLink>
</link:linkbase>
