<?xml version="1.0" encoding="UTF-8"?><!--Taxonomy: 2014-03-05 (Final release)
        ********************** 
        Copyright © 2014 International Financial Reporting Standards (IFRS) Foundation
        All rights reserved.  No part of this publication may be translated, reprinted or reproduced 
        or utilised in any form either in whole or in part without prior permission in writing from the IFRS Foundation.
        For more information on the IFRS Foundation's copyright, please refer to http://www.ifrs.org/XBRL/Legal/
        **********************
--><link:linkbase xmlns:link="http://www.xbrl.org/2003/linkbase" xmlns:xbrldt="http://xbrl.org/2005/xbrldt" xmlns:xlink="http://www.w3.org/1999/xlink" xmlns:xsi="http://www.w3.org/2001/XMLSchema-instance" xsi:schemaLocation="http://www.xbrl.org/2003/linkbase http://www.xbrl.org/2003/xbrl-linkbase-2003-12-31.xsd">
  <link:roleRef roleURI="http://xbrl.ifrs.org/role/ifrs/ias_19_2014-03-05_role-834480" xlink:href="rol_ias_19_2014-03-05.xsd#ias_19_2014-03-05_role-834480" xlink:type="simple"/>
  <link:roleRef roleURI="http://xbrl.ifrs.org/role/ifrs/ias_19_2014-03-05_role-834480a" xlink:href="rol_ias_19_2014-03-05.xsd#ias_19_2014-03-05_role-834480a" xlink:type="simple"/>
  <link:roleRef roleURI="http://xbrl.ifrs.org/role/ifrs/ias_19_2014-03-05_role-834480b" xlink:href="rol_ias_19_2014-03-05.xsd#ias_19_2014-03-05_role-834480b" xlink:type="simple"/>
  <link:roleRef roleURI="http://xbrl.ifrs.org/role/ifrs/ias_19_2014-03-05_role-834480c" xlink:href="rol_ias_19_2014-03-05.xsd#ias_19_2014-03-05_role-834480c" xlink:type="simple"/>
  <link:roleRef roleURI="http://xbrl.ifrs.org/role/ifrs/ias_19_2014-03-05_role-834480d" xlink:href="rol_ias_19_2014-03-05.xsd#ias_19_2014-03-05_role-834480d" xlink:type="simple"/>
  <link:arcroleRef arcroleURI="http://xbrl.org/int/dim/arcrole/domain-member" xlink:href="http://www.xbrl.org/2005/xbrldt-2005.xsd#domain-member" xlink:type="simple"/>
  <link:arcroleRef arcroleURI="http://xbrl.org/int/dim/arcrole/all" xlink:href="http://www.xbrl.org/2005/xbrldt-2005.xsd#all" xlink:type="simple"/>
  <link:arcroleRef arcroleURI="http://xbrl.org/int/dim/arcrole/dimension-domain" xlink:href="http://www.xbrl.org/2005/xbrldt-2005.xsd#dimension-domain" xlink:type="simple"/>
  <link:arcroleRef arcroleURI="http://xbrl.org/int/dim/arcrole/hypercube-dimension" xlink:href="http://www.xbrl.org/2005/xbrldt-2005.xsd#hypercube-dimension" xlink:type="simple"/>
  <link:definitionLink xlink:role="http://xbrl.ifrs.org/role/ifrs/ias_19_2014-03-05_role-834480" xlink:type="extended">
    <link:loc xlink:href="../../full_ifrs-cor_2014-03-05.xsd#ifrs-full_DisclosureOfDefinedBenefitPlansTable" xlink:label="loc_1" xlink:type="locator"/>
    <link:loc xlink:href="../../full_ifrs-cor_2014-03-05.xsd#ifrs-full_DisclosureOfDefinedBenefitPlansAbstract" xlink:label="loc_2" xlink:type="locator"/>
    <link:definitionArc order="10.0" xbrldt:closed="true" xbrldt:contextElement="scenario" xlink:arcrole="http://xbrl.org/int/dim/arcrole/all" xlink:from="loc_2" xlink:to="loc_1" xlink:type="arc"/>
    <link:loc xlink:href="../../full_ifrs-cor_2014-03-05.xsd#ifrs-full_DefinedBenefitPlansAxis" xlink:label="loc_3" xlink:type="locator"/>
    <link:definitionArc order="10.0" xlink:arcrole="http://xbrl.org/int/dim/arcrole/hypercube-dimension" xlink:from="loc_1" xlink:to="loc_3" xlink:type="arc"/>
    <link:loc xlink:href="../../full_ifrs-cor_2014-03-05.xsd#ifrs-full_DefinedBenefitPlansMember" xlink:label="loc_4" xlink:type="locator"/>
    <link:definitionArc order="10.0" xlink:arcrole="http://xbrl.org/int/dim/arcrole/dimension-domain" xlink:from="loc_3" xlink:to="loc_4" xlink:type="arc"/>
    <link:loc xlink:href="../../full_ifrs-cor_2014-03-05.xsd#ifrs-full_ForeignDefinedBenefitPlansMember" xlink:label="loc_5" xlink:type="locator"/>
    <link:definitionArc order="10.0" xlink:arcrole="http://xbrl.org/int/dim/arcrole/domain-member" xlink:from="loc_4" xlink:to="loc_5" xlink:type="arc"/>
    <link:loc xlink:href="../../full_ifrs-cor_2014-03-05.xsd#ifrs-full_DescriptionOfNatureOfBenefitsProvidedByPlan" xlink:label="loc_6" xlink:type="locator"/>
    <link:loc xlink:href="../../full_ifrs-cor_2014-03-05.xsd#ifrs-full_DescriptionOfTypeOfPlan" xlink:label="loc_7" xlink:type="locator"/>
    <link:definitionArc order="10.0" xlink:arcrole="http://xbrl.org/int/dim/arcrole/domain-member" xlink:from="loc_7" xlink:to="loc_6" xlink:type="arc"/>
    <link:loc xlink:href="../../full_ifrs-cor_2014-03-05.xsd#ifrs-full_WeightedAverageDurationOfDefinedBenefitObligation" xlink:label="loc_8" xlink:type="locator"/>
    <link:loc xlink:href="../../full_ifrs-cor_2014-03-05.xsd#ifrs-full_DisclosureOfInformationAboutMaturityProfileOfDefinedBenefitObligationExplanatory" xlink:label="loc_9" xlink:type="locator"/>
    <link:definitionArc order="10.0" xlink:arcrole="http://xbrl.org/int/dim/arcrole/domain-member" xlink:from="loc_9" xlink:to="loc_8" xlink:type="arc"/>
    <link:loc xlink:href="../../full_ifrs-cor_2014-03-05.xsd#ifrs-full_DefinedBenefitObligationAtPresentValue" xlink:label="loc_10" xlink:type="locator"/>
    <link:loc xlink:href="../../full_ifrs-cor_2014-03-05.xsd#ifrs-full_SurplusDeficitInPlanAbstract" xlink:label="loc_11" xlink:type="locator"/>
    <link:definitionArc order="10.0" xlink:arcrole="http://xbrl.org/int/dim/arcrole/domain-member" xlink:from="loc_11" xlink:to="loc_10" xlink:type="arc"/>
    <link:loc xlink:href="../../full_ifrs-cor_2014-03-05.xsd#ifrs-full_DisclosureOfDefinedBenefitPlansLineItems" xlink:label="loc_12" xlink:type="locator"/>
    <link:definitionArc order="10.0" xlink:arcrole="http://xbrl.org/int/dim/arcrole/domain-member" xlink:from="loc_12" xlink:to="loc_7" xlink:type="arc"/>
    <link:loc xlink:href="../../full_ifrs-cor_2014-03-05.xsd#ifrs-full_DomesticDefinedBenefitPlansMember" xlink:label="loc_13" xlink:type="locator"/>
    <link:definitionArc order="20.0" xlink:arcrole="http://xbrl.org/int/dim/arcrole/domain-member" xlink:from="loc_4" xlink:to="loc_13" xlink:type="arc"/>
    <link:definitionArc order="20.0" xlink:arcrole="http://xbrl.org/int/dim/arcrole/domain-member" xlink:from="loc_2" xlink:to="loc_12" xlink:type="arc"/>
    <link:loc xlink:href="../../full_ifrs-cor_2014-03-05.xsd#ifrs-full_DescriptionOfRegulatoryFrameworkInWhichPlanOperates" xlink:label="loc_14" xlink:type="locator"/>
    <link:definitionArc order="20.0" xlink:arcrole="http://xbrl.org/int/dim/arcrole/domain-member" xlink:from="loc_7" xlink:to="loc_14" xlink:type="arc"/>
    <link:loc xlink:href="../../full_ifrs-cor_2014-03-05.xsd#ifrs-full_PlanAssetsAtFairValue" xlink:label="loc_15" xlink:type="locator"/>
    <link:definitionArc order="20.0" xlink:arcrole="http://xbrl.org/int/dim/arcrole/domain-member" xlink:from="loc_11" xlink:to="loc_15" xlink:type="arc"/>
    <link:loc xlink:href="../../full_ifrs-cor_2014-03-05.xsd#ifrs-full_DescriptionOfRisksToWhichPlanExposesEntity" xlink:label="loc_16" xlink:type="locator"/>
    <link:definitionArc order="20.0" xlink:arcrole="http://xbrl.org/int/dim/arcrole/domain-member" xlink:from="loc_12" xlink:to="loc_16" xlink:type="arc"/>
    <link:loc xlink:href="../../full_ifrs-cor_2014-03-05.xsd#ifrs-full_MultiemployerDefinedBenefitPlansMember" xlink:label="loc_17" xlink:type="locator"/>
    <link:definitionArc order="30.0" xlink:arcrole="http://xbrl.org/int/dim/arcrole/domain-member" xlink:from="loc_4" xlink:to="loc_17" xlink:type="arc"/>
    <link:loc xlink:href="../../full_ifrs-cor_2014-03-05.xsd#ifrs-full_DescriptionOfEffectOfRegulatoryFrameworkOnPlan" xlink:label="loc_18" xlink:type="locator"/>
    <link:definitionArc order="30.0" xlink:arcrole="http://xbrl.org/int/dim/arcrole/domain-member" xlink:from="loc_7" xlink:to="loc_18" xlink:type="arc"/>
    <link:loc xlink:href="../../full_ifrs-cor_2014-03-05.xsd#ifrs-full_SurplusDeficitInPlan" xlink:label="loc_19" xlink:type="locator"/>
    <link:definitionArc order="30.0" xlink:arcrole="http://xbrl.org/int/dim/arcrole/domain-member" xlink:from="loc_11" xlink:to="loc_19" xlink:type="arc"/>
    <link:loc xlink:href="../../full_ifrs-cor_2014-03-05.xsd#ifrs-full_DescriptionOfSignificantConcentrationsOfRiskRelatedToPlan" xlink:label="loc_20" xlink:type="locator"/>
    <link:definitionArc order="30.0" xlink:arcrole="http://xbrl.org/int/dim/arcrole/domain-member" xlink:from="loc_12" xlink:to="loc_20" xlink:type="arc"/>
    <link:loc xlink:href="../../full_ifrs-cor_2014-03-05.xsd#ifrs-full_StateDefinedBenefitPlansMember" xlink:label="loc_21" xlink:type="locator"/>
    <link:definitionArc order="40.0" xlink:arcrole="http://xbrl.org/int/dim/arcrole/domain-member" xlink:from="loc_4" xlink:to="loc_21" xlink:type="arc"/>
    <link:loc xlink:href="../../full_ifrs-cor_2014-03-05.xsd#ifrs-full_DescriptionOfAnyOtherEntitysResponsibilitiesForGovernanceOfPlan" xlink:label="loc_22" xlink:type="locator"/>
    <link:definitionArc order="40.0" xlink:arcrole="http://xbrl.org/int/dim/arcrole/domain-member" xlink:from="loc_7" xlink:to="loc_22" xlink:type="arc"/>
    <link:loc xlink:href="../../full_ifrs-cor_2014-03-05.xsd#ifrs-full_DescriptionOfPlanAmendmentsCurtailmentsAndSettlements" xlink:label="loc_23" xlink:type="locator"/>
    <link:definitionArc order="40.0" xlink:arcrole="http://xbrl.org/int/dim/arcrole/domain-member" xlink:from="loc_12" xlink:to="loc_23" xlink:type="arc"/>
    <link:loc xlink:href="../../full_ifrs-cor_2014-03-05.xsd#ifrs-full_DefinedBenefitPlansThatShareRisksBetweenEntitiesUnderCommonControlMember" xlink:label="loc_24" xlink:type="locator"/>
    <link:definitionArc order="50.0" xlink:arcrole="http://xbrl.org/int/dim/arcrole/domain-member" xlink:from="loc_4" xlink:to="loc_24" xlink:type="arc"/>
    <link:definitionArc order="50.0" xlink:arcrole="http://xbrl.org/int/dim/arcrole/domain-member" xlink:from="loc_12" xlink:to="loc_11" xlink:type="arc"/>
    <link:loc xlink:href="../../full_ifrs-cor_2014-03-05.xsd#ifrs-full_DescriptionOfLinkBetweenReimbursementRightAndRelatedObligation" xlink:label="loc_25" xlink:type="locator"/>
    <link:definitionArc order="60.0" xlink:arcrole="http://xbrl.org/int/dim/arcrole/domain-member" xlink:from="loc_12" xlink:to="loc_25" xlink:type="arc"/>
    <link:loc xlink:href="../../full_ifrs-cor_2014-03-05.xsd#ifrs-full_DescriptionOfHowEntityDeterminedMaximumEconomicBenefitAvailable" xlink:label="loc_26" xlink:type="locator"/>
    <link:definitionArc order="70.0" xlink:arcrole="http://xbrl.org/int/dim/arcrole/domain-member" xlink:from="loc_12" xlink:to="loc_26" xlink:type="arc"/>
    <link:loc xlink:href="../../full_ifrs-cor_2014-03-05.xsd#ifrs-full_DescriptionOfAmountsOfEntitysOwnFinancialInstrumentsIncludedInFairValueOfPlanAssets" xlink:label="loc_27" xlink:type="locator"/>
    <link:definitionArc order="80.0" xlink:arcrole="http://xbrl.org/int/dim/arcrole/domain-member" xlink:from="loc_12" xlink:to="loc_27" xlink:type="arc"/>
    <link:loc xlink:href="../../full_ifrs-cor_2014-03-05.xsd#ifrs-full_DescriptionOfAmountsOfPropertyOccupiedByEntityIncludedInFairValueOfPlanAssets" xlink:label="loc_28" xlink:type="locator"/>
    <link:definitionArc order="90.0" xlink:arcrole="http://xbrl.org/int/dim/arcrole/domain-member" xlink:from="loc_12" xlink:to="loc_28" xlink:type="arc"/>
    <link:loc xlink:href="../../full_ifrs-cor_2014-03-05.xsd#ifrs-full_DescriptionOfAmountsOfOtherAssetsUsedByEntityIncludedInFairValueOfPlanAssets" xlink:label="loc_29" xlink:type="locator"/>
    <link:definitionArc order="100.0" xlink:arcrole="http://xbrl.org/int/dim/arcrole/domain-member" xlink:from="loc_12" xlink:to="loc_29" xlink:type="arc"/>
    <link:loc xlink:href="../../full_ifrs-cor_2014-03-05.xsd#ifrs-full_ActuarialAssumptionOfDiscountRates" xlink:label="loc_30" xlink:type="locator"/>
    <link:definitionArc order="110.0" xlink:arcrole="http://xbrl.org/int/dim/arcrole/domain-member" xlink:from="loc_12" xlink:to="loc_30" xlink:type="arc"/>
    <link:loc xlink:href="../../full_ifrs-cor_2014-03-05.xsd#ifrs-full_ActuarialAssumptionOfExpectedRatesOfSalaryIncreases" xlink:label="loc_31" xlink:type="locator"/>
    <link:definitionArc order="120.0" xlink:arcrole="http://xbrl.org/int/dim/arcrole/domain-member" xlink:from="loc_12" xlink:to="loc_31" xlink:type="arc"/>
    <link:loc xlink:href="../../full_ifrs-cor_2014-03-05.xsd#ifrs-full_ActuarialAssumptionOfMedicalCostTrendRates" xlink:label="loc_32" xlink:type="locator"/>
    <link:definitionArc order="130.0" xlink:arcrole="http://xbrl.org/int/dim/arcrole/domain-member" xlink:from="loc_12" xlink:to="loc_32" xlink:type="arc"/>
    <link:loc xlink:href="../../full_ifrs-cor_2014-03-05.xsd#ifrs-full_ActuarialAssumptionOfExpectedRatesOfPensionIncreases" xlink:label="loc_33" xlink:type="locator"/>
    <link:definitionArc order="140.0" xlink:arcrole="http://xbrl.org/int/dim/arcrole/domain-member" xlink:from="loc_12" xlink:to="loc_33" xlink:type="arc"/>
    <link:loc xlink:href="../../full_ifrs-cor_2014-03-05.xsd#ifrs-full_ActuarialAssumptionOfExpectedRatesOfInflation" xlink:label="loc_34" xlink:type="locator"/>
    <link:definitionArc order="150.0" xlink:arcrole="http://xbrl.org/int/dim/arcrole/domain-member" xlink:from="loc_12" xlink:to="loc_34" xlink:type="arc"/>
    <link:loc xlink:href="../../full_ifrs-cor_2014-03-05.xsd#ifrs-full_OtherMaterialActuarialAssumptions" xlink:label="loc_35" xlink:type="locator"/>
    <link:definitionArc order="160.0" xlink:arcrole="http://xbrl.org/int/dim/arcrole/domain-member" xlink:from="loc_12" xlink:to="loc_35" xlink:type="arc"/>
    <link:loc xlink:href="../../full_ifrs-cor_2014-03-05.xsd#ifrs-full_DescriptionOfAssetliabilityMatchingStrategiesUsedByPlanOrEntityToManageRisk" xlink:label="loc_36" xlink:type="locator"/>
    <link:definitionArc order="170.0" xlink:arcrole="http://xbrl.org/int/dim/arcrole/domain-member" xlink:from="loc_12" xlink:to="loc_36" xlink:type="arc"/>
    <link:loc xlink:href="../../full_ifrs-cor_2014-03-05.xsd#ifrs-full_DescriptionOfFundingArrangementsAndFundingPolicyThatAffectFutureContributions" xlink:label="loc_37" xlink:type="locator"/>
    <link:definitionArc order="180.0" xlink:arcrole="http://xbrl.org/int/dim/arcrole/domain-member" xlink:from="loc_12" xlink:to="loc_37" xlink:type="arc"/>
    <link:loc xlink:href="../../full_ifrs-cor_2014-03-05.xsd#ifrs-full_EstimateOfContributionsExpectedToBePaidToPlan" xlink:label="loc_38" xlink:type="locator"/>
    <link:definitionArc order="190.0" xlink:arcrole="http://xbrl.org/int/dim/arcrole/domain-member" xlink:from="loc_12" xlink:to="loc_38" xlink:type="arc"/>
    <link:definitionArc order="200.0" xlink:arcrole="http://xbrl.org/int/dim/arcrole/domain-member" xlink:from="loc_12" xlink:to="loc_9" xlink:type="arc"/>
    <link:loc xlink:href="../../full_ifrs-cor_2014-03-05.xsd#ifrs-full_DescriptionOfExtentToWhichEntityCanBeLiableToMultiemployerOrStatePlanForOtherEntitiesObligations" xlink:label="loc_39" xlink:type="locator"/>
    <link:definitionArc order="210.0" xlink:arcrole="http://xbrl.org/int/dim/arcrole/domain-member" xlink:from="loc_12" xlink:to="loc_39" xlink:type="arc"/>
    <link:loc xlink:href="../../full_ifrs-cor_2014-03-05.xsd#ifrs-full_DescriptionOfAgreedAllocationOfDeficitOrSurplusOfMultiemployerOrStatePlanOnWindupOfPlan" xlink:label="loc_40" xlink:type="locator"/>
    <link:definitionArc order="220.0" xlink:arcrole="http://xbrl.org/int/dim/arcrole/domain-member" xlink:from="loc_12" xlink:to="loc_40" xlink:type="arc"/>
    <link:loc xlink:href="../../full_ifrs-cor_2014-03-05.xsd#ifrs-full_DescriptionOfAgreedAllocationOfDeficitOrSurplusOfMultiemployerOrStatePlanOnEntitysWithdrawalFromPlan" xlink:label="loc_41" xlink:type="locator"/>
    <link:definitionArc order="230.0" xlink:arcrole="http://xbrl.org/int/dim/arcrole/domain-member" xlink:from="loc_12" xlink:to="loc_41" xlink:type="arc"/>
    <link:loc xlink:href="../../full_ifrs-cor_2014-03-05.xsd#ifrs-full_DescriptionOfFactThatMultiemployerPlanIsDefinedBenefitPlan" xlink:label="loc_42" xlink:type="locator"/>
    <link:definitionArc order="240.0" xlink:arcrole="http://xbrl.org/int/dim/arcrole/domain-member" xlink:from="loc_12" xlink:to="loc_42" xlink:type="arc"/>
    <link:loc xlink:href="../../full_ifrs-cor_2014-03-05.xsd#ifrs-full_DescriptionOfReasonWhySufficientInformationIsNotAvailableToAccountForMultiemployerPlanAsDefinedBenefitPlan" xlink:label="loc_43" xlink:type="locator"/>
    <link:definitionArc order="250.0" xlink:arcrole="http://xbrl.org/int/dim/arcrole/domain-member" xlink:from="loc_12" xlink:to="loc_43" xlink:type="arc"/>
    <link:loc xlink:href="../../full_ifrs-cor_2014-03-05.xsd#ifrs-full_DescriptionOfInformationAboutSurplusOrDeficitOfMultiemployerPlan" xlink:label="loc_44" xlink:type="locator"/>
    <link:definitionArc order="260.0" xlink:arcrole="http://xbrl.org/int/dim/arcrole/domain-member" xlink:from="loc_12" xlink:to="loc_44" xlink:type="arc"/>
    <link:loc xlink:href="../../full_ifrs-cor_2014-03-05.xsd#ifrs-full_DescriptionOfBasisUsedToDetermineSurplusOrDeficitOfMultiemployerPlan" xlink:label="loc_45" xlink:type="locator"/>
    <link:definitionArc order="270.0" xlink:arcrole="http://xbrl.org/int/dim/arcrole/domain-member" xlink:from="loc_12" xlink:to="loc_45" xlink:type="arc"/>
    <link:loc xlink:href="../../full_ifrs-cor_2014-03-05.xsd#ifrs-full_ImplicationsOfSurplusOrDeficitOnMultiemployerPlanForEntity" xlink:label="loc_46" xlink:type="locator"/>
    <link:definitionArc order="280.0" xlink:arcrole="http://xbrl.org/int/dim/arcrole/domain-member" xlink:from="loc_12" xlink:to="loc_46" xlink:type="arc"/>
    <link:loc xlink:href="../../full_ifrs-cor_2014-03-05.xsd#ifrs-full_LevelOfParticipationOfEntityComparedWithOtherParticipatingEntities" xlink:label="loc_47" xlink:type="locator"/>
    <link:definitionArc order="290.0" xlink:arcrole="http://xbrl.org/int/dim/arcrole/domain-member" xlink:from="loc_12" xlink:to="loc_47" xlink:type="arc"/>
    <link:loc xlink:href="../../full_ifrs-cor_2014-03-05.xsd#ifrs-full_DescriptionOfContractualAgreementOrStatedPolicyForChargingNetDefinedBenefitCost" xlink:label="loc_48" xlink:type="locator"/>
    <link:definitionArc order="300.0" xlink:arcrole="http://xbrl.org/int/dim/arcrole/domain-member" xlink:from="loc_12" xlink:to="loc_48" xlink:type="arc"/>
    <link:loc xlink:href="../../full_ifrs-cor_2014-03-05.xsd#ifrs-full_DescriptionOfPolicyForDeterminingContributionOfDefinedBenefitPlansThatShareRisksBetweenVariousEntities" xlink:label="loc_49" xlink:type="locator"/>
    <link:definitionArc order="310.0" xlink:arcrole="http://xbrl.org/int/dim/arcrole/domain-member" xlink:from="loc_12" xlink:to="loc_49" xlink:type="arc"/>
    <link:loc xlink:href="../../full_ifrs-cor_2014-03-05.xsd#ifrs-full_DescriptionOfCrossreferenceToDisclosuresAboutPlansThatShareRisksBetweenEntitiesUnderCommonControlInAnotherGroupEntitysFinancialStatements" xlink:label="loc_50" xlink:type="locator"/>
    <link:definitionArc order="320.0" xlink:arcrole="http://xbrl.org/int/dim/arcrole/domain-member" xlink:from="loc_12" xlink:to="loc_50" xlink:type="arc"/>
  </link:definitionLink>
  <link:definitionLink xlink:role="http://xbrl.ifrs.org/role/ifrs/ias_19_2014-03-05_role-834480a" xlink:type="extended">
    <link:loc xlink:href="../../full_ifrs-cor_2014-03-05.xsd#ifrs-full_DefinedBenefitPlansMember" xlink:label="loc_1" xlink:type="locator"/>
    <link:loc xlink:href="../../full_ifrs-cor_2014-03-05.xsd#ifrs-full_DefinedBenefitPlansAxis" xlink:label="loc_2" xlink:type="locator"/>
    <link:definitionArc order="10.0" xlink:arcrole="http://xbrl.org/int/dim/arcrole/dimension-domain" xlink:from="loc_2" xlink:to="loc_1" xlink:type="arc"/>
    <link:loc xlink:href="../../full_ifrs-cor_2014-03-05.xsd#ifrs-full_ForeignDefinedBenefitPlansMember" xlink:label="loc_3" xlink:type="locator"/>
    <link:definitionArc order="10.0" xlink:arcrole="http://xbrl.org/int/dim/arcrole/domain-member" xlink:from="loc_1" xlink:to="loc_3" xlink:type="arc"/>
    <link:loc xlink:href="../../full_ifrs-cor_2014-03-05.xsd#ifrs-full_DisclosureOfNetDefinedBenefitLiabilityAssetTable" xlink:label="loc_4" xlink:type="locator"/>
    <link:loc xlink:href="../../full_ifrs-cor_2014-03-05.xsd#ifrs-full_DisclosureOfNetDefinedBenefitLiabilityAssetAbstract" xlink:label="loc_5" xlink:type="locator"/>
    <link:definitionArc order="10.0" xbrldt:closed="true" xbrldt:contextElement="scenario" xlink:arcrole="http://xbrl.org/int/dim/arcrole/all" xlink:from="loc_5" xlink:to="loc_4" xlink:type="arc"/>
    <link:definitionArc order="10.0" xlink:arcrole="http://xbrl.org/int/dim/arcrole/hypercube-dimension" xlink:from="loc_4" xlink:to="loc_2" xlink:type="arc"/>
    <link:loc xlink:href="../../full_ifrs-cor_2014-03-05.xsd#ifrs-full_NetDefinedBenefitLiabilityAssetMember" xlink:label="loc_6" xlink:type="locator"/>
    <link:loc xlink:href="../../full_ifrs-cor_2014-03-05.xsd#ifrs-full_NetDefinedBenefitLiabilityAssetAxis" xlink:label="loc_7" xlink:type="locator"/>
    <link:definitionArc order="10.0" xlink:arcrole="http://xbrl.org/int/dim/arcrole/dimension-domain" xlink:from="loc_7" xlink:to="loc_6" xlink:type="arc"/>
    <link:loc xlink:href="../../full_ifrs-cor_2014-03-05.xsd#ifrs-full_PresentValueOfDefinedBenefitObligationMember" xlink:label="loc_8" xlink:type="locator"/>
    <link:definitionArc order="10.0" xlink:arcrole="http://xbrl.org/int/dim/arcrole/domain-member" xlink:from="loc_6" xlink:to="loc_8" xlink:type="arc"/>
    <link:loc xlink:href="../../full_ifrs-cor_2014-03-05.xsd#ifrs-full_CurrentServiceCostNetDefinedBenefitLiabilityAsset" xlink:label="loc_9" xlink:type="locator"/>
    <link:loc xlink:href="../../full_ifrs-cor_2014-03-05.xsd#ifrs-full_ChangesInNetDefinedBenefitLiabilityAssetAbstract" xlink:label="loc_10" xlink:type="locator"/>
    <link:definitionArc order="10.0" xlink:arcrole="http://xbrl.org/int/dim/arcrole/domain-member" xlink:from="loc_10" xlink:to="loc_9" xlink:type="arc"/>
    <link:loc xlink:href="../../full_ifrs-cor_2014-03-05.xsd#ifrs-full_PaymentsInRespectOfSettlementsNetDefinedBenefitLiabilityAsset" xlink:label="loc_11" xlink:type="locator"/>
    <link:loc xlink:href="../../full_ifrs-cor_2014-03-05.xsd#ifrs-full_PaymentsFromPlanNetDefinedBenefitLiabilityAsset" xlink:label="loc_12" xlink:type="locator"/>
    <link:definitionArc order="10.0" xlink:arcrole="http://xbrl.org/int/dim/arcrole/domain-member" xlink:from="loc_12" xlink:to="loc_11" xlink:type="arc"/>
    <link:loc xlink:href="../../full_ifrs-cor_2014-03-05.xsd#ifrs-full_ReturnOnPlanAssetsNetDefinedBenefitLiabilityAsset" xlink:label="loc_13" xlink:type="locator"/>
    <link:loc xlink:href="../../full_ifrs-cor_2014-03-05.xsd#ifrs-full_GainLossOnRemeasurementOfNetDefinedBenefitLiabilityAssetAbstract" xlink:label="loc_14" xlink:type="locator"/>
    <link:definitionArc order="10.0" xlink:arcrole="http://xbrl.org/int/dim/arcrole/domain-member" xlink:from="loc_14" xlink:to="loc_13" xlink:type="arc"/>
    <link:loc xlink:href="../../full_ifrs-cor_2014-03-05.xsd#ifrs-full_PastServiceCostNetDefinedBenefitLiabilityAsset" xlink:label="loc_15" xlink:type="locator"/>
    <link:loc xlink:href="../../full_ifrs-cor_2014-03-05.xsd#ifrs-full_PastServiceCostAndGainsLossesArisingFromSettlementsNetDefinedBenefitLiabilityAssetAbstract" xlink:label="loc_16" xlink:type="locator"/>
    <link:definitionArc order="10.0" xlink:arcrole="http://xbrl.org/int/dim/arcrole/domain-member" xlink:from="loc_16" xlink:to="loc_15" xlink:type="arc"/>
    <link:loc xlink:href="../../full_ifrs-cor_2014-03-05.xsd#ifrs-full_ContributionsToPlanByEmployerNetDefinedBenefitLiabilityAsset" xlink:label="loc_17" xlink:type="locator"/>
    <link:loc xlink:href="../../full_ifrs-cor_2014-03-05.xsd#ifrs-full_ContributionsToPlanNetDefinedBenefitLiabilityAssetAbstract" xlink:label="loc_18" xlink:type="locator"/>
    <link:definitionArc order="10.0" xlink:arcrole="http://xbrl.org/int/dim/arcrole/domain-member" xlink:from="loc_18" xlink:to="loc_17" xlink:type="arc"/>
    <link:loc xlink:href="../../full_ifrs-cor_2014-03-05.xsd#ifrs-full_DisclosureOfNetDefinedBenefitLiabilityAssetLineItems" xlink:label="loc_19" xlink:type="locator"/>
    <link:definitionArc order="10.0" xlink:arcrole="http://xbrl.org/int/dim/arcrole/domain-member" xlink:from="loc_19" xlink:to="loc_10" xlink:type="arc"/>
    <link:loc xlink:href="../../full_ifrs-cor_2014-03-05.xsd#ifrs-full_DomesticDefinedBenefitPlansMember" xlink:label="loc_20" xlink:type="locator"/>
    <link:definitionArc order="20.0" xlink:arcrole="http://xbrl.org/int/dim/arcrole/domain-member" xlink:from="loc_1" xlink:to="loc_20" xlink:type="arc"/>
    <link:definitionArc order="20.0" xlink:arcrole="http://xbrl.org/int/dim/arcrole/hypercube-dimension" xlink:from="loc_4" xlink:to="loc_7" xlink:type="arc"/>
    <link:loc xlink:href="../../full_ifrs-cor_2014-03-05.xsd#ifrs-full_PlanAssetsMember" xlink:label="loc_21" xlink:type="locator"/>
    <link:definitionArc order="20.0" xlink:arcrole="http://xbrl.org/int/dim/arcrole/domain-member" xlink:from="loc_6" xlink:to="loc_21" xlink:type="arc"/>
    <link:definitionArc order="20.0" xlink:arcrole="http://xbrl.org/int/dim/arcrole/domain-member" xlink:from="loc_5" xlink:to="loc_19" xlink:type="arc"/>
    <link:loc xlink:href="../../full_ifrs-cor_2014-03-05.xsd#ifrs-full_InterestExpenseIncomeNetDefinedBenefitLiabilityAsset" xlink:label="loc_22" xlink:type="locator"/>
    <link:definitionArc order="20.0" xlink:arcrole="http://xbrl.org/int/dim/arcrole/domain-member" xlink:from="loc_10" xlink:to="loc_22" xlink:type="arc"/>
    <link:loc xlink:href="../../full_ifrs-cor_2014-03-05.xsd#ifrs-full_ActuarialGainsLossesArisingFromChangesInDemographicAssumptionsNetDefinedBenefitLiabilityAsset" xlink:label="loc_23" xlink:type="locator"/>
    <link:definitionArc order="20.0" xlink:arcrole="http://xbrl.org/int/dim/arcrole/domain-member" xlink:from="loc_14" xlink:to="loc_23" xlink:type="arc"/>
    <link:loc xlink:href="../../full_ifrs-cor_2014-03-05.xsd#ifrs-full_GainsLossesArisingFromSettlementsNetDefinedBenefitLiabilityAsset" xlink:label="loc_24" xlink:type="locator"/>
    <link:definitionArc order="20.0" xlink:arcrole="http://xbrl.org/int/dim/arcrole/domain-member" xlink:from="loc_16" xlink:to="loc_24" xlink:type="arc"/>
    <link:loc xlink:href="../../full_ifrs-cor_2014-03-05.xsd#ifrs-full_ContributionsToPlanByPlanParticipantsNetDefinedBenefitLiabilityAsset" xlink:label="loc_25" xlink:type="locator"/>
    <link:definitionArc order="20.0" xlink:arcrole="http://xbrl.org/int/dim/arcrole/domain-member" xlink:from="loc_18" xlink:to="loc_25" xlink:type="arc"/>
    <link:loc xlink:href="../../full_ifrs-cor_2014-03-05.xsd#ifrs-full_LiabilityAssetOfDefinedBenefitPlans" xlink:label="loc_26" xlink:type="locator"/>
    <link:definitionArc order="20.0" xlink:arcrole="http://xbrl.org/int/dim/arcrole/domain-member" xlink:from="loc_19" xlink:to="loc_26" xlink:type="arc"/>
    <link:loc xlink:href="../../full_ifrs-cor_2014-03-05.xsd#ifrs-full_MultiemployerDefinedBenefitPlansMember" xlink:label="loc_27" xlink:type="locator"/>
    <link:definitionArc order="30.0" xlink:arcrole="http://xbrl.org/int/dim/arcrole/domain-member" xlink:from="loc_1" xlink:to="loc_27" xlink:type="arc"/>
    <link:loc xlink:href="../../full_ifrs-cor_2014-03-05.xsd#ifrs-full_EffectOfAssetCeilingMember" xlink:label="loc_28" xlink:type="locator"/>
    <link:definitionArc order="30.0" xlink:arcrole="http://xbrl.org/int/dim/arcrole/domain-member" xlink:from="loc_6" xlink:to="loc_28" xlink:type="arc"/>
    <link:definitionArc order="30.0" xlink:arcrole="http://xbrl.org/int/dim/arcrole/domain-member" xlink:from="loc_10" xlink:to="loc_14" xlink:type="arc"/>
    <link:loc xlink:href="../../full_ifrs-cor_2014-03-05.xsd#ifrs-full_ActuarialGainsLossesArisingFromChangesInFinancialAssumptionsNetDefinedBenefitLiabilityAsset" xlink:label="loc_29" xlink:type="locator"/>
    <link:definitionArc order="30.0" xlink:arcrole="http://xbrl.org/int/dim/arcrole/domain-member" xlink:from="loc_14" xlink:to="loc_29" xlink:type="arc"/>
    <link:loc xlink:href="../../full_ifrs-cor_2014-03-05.xsd#ifrs-full_PastServiceCostAndGainsLossesArisingFromSettlementsNetDefinedBenefitLiabilityAsset" xlink:label="loc_30" xlink:type="locator"/>
    <link:definitionArc order="30.0" xlink:arcrole="http://xbrl.org/int/dim/arcrole/domain-member" xlink:from="loc_16" xlink:to="loc_30" xlink:type="arc"/>
    <link:loc xlink:href="../../full_ifrs-cor_2014-03-05.xsd#ifrs-full_ContributionsToPlanNetDefinedBenefitLiabilityAsset" xlink:label="loc_31" xlink:type="locator"/>
    <link:definitionArc order="30.0" xlink:arcrole="http://xbrl.org/int/dim/arcrole/domain-member" xlink:from="loc_18" xlink:to="loc_31" xlink:type="arc"/>
    <link:loc xlink:href="../../full_ifrs-cor_2014-03-05.xsd#ifrs-full_StateDefinedBenefitPlansMember" xlink:label="loc_32" xlink:type="locator"/>
    <link:definitionArc order="40.0" xlink:arcrole="http://xbrl.org/int/dim/arcrole/domain-member" xlink:from="loc_1" xlink:to="loc_32" xlink:type="arc"/>
    <link:loc xlink:href="../../full_ifrs-cor_2014-03-05.xsd#ifrs-full_GainLossOnChangesInEffectOfLimitingNetDefinedBenefitAssetToAssetCeiling" xlink:label="loc_33" xlink:type="locator"/>
    <link:definitionArc order="40.0" xlink:arcrole="http://xbrl.org/int/dim/arcrole/domain-member" xlink:from="loc_14" xlink:to="loc_33" xlink:type="arc"/>
    <link:definitionArc order="40.0" xlink:arcrole="http://xbrl.org/int/dim/arcrole/domain-member" xlink:from="loc_10" xlink:to="loc_16" xlink:type="arc"/>
    <link:loc xlink:href="../../full_ifrs-cor_2014-03-05.xsd#ifrs-full_DefinedBenefitPlansThatShareRisksBetweenEntitiesUnderCommonControlMember" xlink:label="loc_34" xlink:type="locator"/>
    <link:definitionArc order="50.0" xlink:arcrole="http://xbrl.org/int/dim/arcrole/domain-member" xlink:from="loc_1" xlink:to="loc_34" xlink:type="arc"/>
    <link:loc xlink:href="../../full_ifrs-cor_2014-03-05.xsd#ifrs-full_IncreaseDecreaseThroughChangesInForeignExchangeRatesNetDefinedBenefitLiabilityAsset" xlink:label="loc_35" xlink:type="locator"/>
    <link:definitionArc order="50.0" xlink:arcrole="http://xbrl.org/int/dim/arcrole/domain-member" xlink:from="loc_10" xlink:to="loc_35" xlink:type="arc"/>
    <link:loc xlink:href="../../full_ifrs-cor_2014-03-05.xsd#ifrs-full_GainLossOnRemeasurementOfNetDefinedBenefitLiabilityAsset" xlink:label="loc_36" xlink:type="locator"/>
    <link:definitionArc order="50.0" xlink:arcrole="http://xbrl.org/int/dim/arcrole/domain-member" xlink:from="loc_14" xlink:to="loc_36" xlink:type="arc"/>
    <link:definitionArc order="60.0" xlink:arcrole="http://xbrl.org/int/dim/arcrole/domain-member" xlink:from="loc_10" xlink:to="loc_18" xlink:type="arc"/>
    <link:definitionArc order="70.0" xlink:arcrole="http://xbrl.org/int/dim/arcrole/domain-member" xlink:from="loc_10" xlink:to="loc_12" xlink:type="arc"/>
    <link:loc xlink:href="../../full_ifrs-cor_2014-03-05.xsd#ifrs-full_IncreaseDecreaseThroughBusinessCombinationsAndDisposalsNetDefinedBenefitLiabilityAsset" xlink:label="loc_37" xlink:type="locator"/>
    <link:definitionArc order="80.0" xlink:arcrole="http://xbrl.org/int/dim/arcrole/domain-member" xlink:from="loc_10" xlink:to="loc_37" xlink:type="arc"/>
    <link:loc xlink:href="../../full_ifrs-cor_2014-03-05.xsd#ifrs-full_IncreaseDecreaseThroughOtherChangesNetDefinedBenefitLiabilityAsset" xlink:label="loc_38" xlink:type="locator"/>
    <link:definitionArc order="90.0" xlink:arcrole="http://xbrl.org/int/dim/arcrole/domain-member" xlink:from="loc_10" xlink:to="loc_38" xlink:type="arc"/>
    <link:loc xlink:href="../../full_ifrs-cor_2014-03-05.xsd#ifrs-full_IncreaseDecreaseInNetDefinedBenefitLiabilityAsset" xlink:label="loc_39" xlink:type="locator"/>
    <link:definitionArc order="100.0" xlink:arcrole="http://xbrl.org/int/dim/arcrole/domain-member" xlink:from="loc_10" xlink:to="loc_39" xlink:type="arc"/>
  </link:definitionLink>
  <link:definitionLink xlink:role="http://xbrl.ifrs.org/role/ifrs/ias_19_2014-03-05_role-834480b" xlink:type="extended">
    <link:loc xlink:href="../../full_ifrs-cor_2014-03-05.xsd#ifrs-full_DefinedBenefitPlansMember" xlink:label="loc_1" xlink:type="locator"/>
    <link:loc xlink:href="../../full_ifrs-cor_2014-03-05.xsd#ifrs-full_DefinedBenefitPlansAxis" xlink:label="loc_2" xlink:type="locator"/>
    <link:definitionArc order="10.0" xlink:arcrole="http://xbrl.org/int/dim/arcrole/dimension-domain" xlink:from="loc_2" xlink:to="loc_1" xlink:type="arc"/>
    <link:loc xlink:href="../../full_ifrs-cor_2014-03-05.xsd#ifrs-full_ForeignDefinedBenefitPlansMember" xlink:label="loc_3" xlink:type="locator"/>
    <link:definitionArc order="10.0" xlink:arcrole="http://xbrl.org/int/dim/arcrole/domain-member" xlink:from="loc_1" xlink:to="loc_3" xlink:type="arc"/>
    <link:loc xlink:href="../../full_ifrs-cor_2014-03-05.xsd#ifrs-full_PaymentsInRespectOfSettlementsReimbursementRights" xlink:label="loc_4" xlink:type="locator"/>
    <link:loc xlink:href="../../full_ifrs-cor_2014-03-05.xsd#ifrs-full_DecreaseThroughBenefitsPaidReimbursementRightsAtFairValue" xlink:label="loc_5" xlink:type="locator"/>
    <link:definitionArc order="10.0" xlink:arcrole="http://xbrl.org/int/dim/arcrole/domain-member" xlink:from="loc_5" xlink:to="loc_4" xlink:type="arc"/>
    <link:loc xlink:href="../../full_ifrs-cor_2014-03-05.xsd#ifrs-full_DisclosureOfReimbursementRightsTable" xlink:label="loc_6" xlink:type="locator"/>
    <link:loc xlink:href="../../full_ifrs-cor_2014-03-05.xsd#ifrs-full_DisclosureOfReimbursementRightsAbstract" xlink:label="loc_7" xlink:type="locator"/>
    <link:definitionArc order="10.0" xbrldt:closed="true" xbrldt:contextElement="scenario" xlink:arcrole="http://xbrl.org/int/dim/arcrole/all" xlink:from="loc_7" xlink:to="loc_6" xlink:type="arc"/>
    <link:definitionArc order="10.0" xlink:arcrole="http://xbrl.org/int/dim/arcrole/hypercube-dimension" xlink:from="loc_6" xlink:to="loc_2" xlink:type="arc"/>
    <link:loc xlink:href="../../full_ifrs-cor_2014-03-05.xsd#ifrs-full_InterestIncomeReimbursementRights" xlink:label="loc_8" xlink:type="locator"/>
    <link:loc xlink:href="../../full_ifrs-cor_2014-03-05.xsd#ifrs-full_ChangesInReimbursementRightsAbstract" xlink:label="loc_9" xlink:type="locator"/>
    <link:definitionArc order="10.0" xlink:arcrole="http://xbrl.org/int/dim/arcrole/domain-member" xlink:from="loc_9" xlink:to="loc_8" xlink:type="arc"/>
    <link:loc xlink:href="../../full_ifrs-cor_2014-03-05.xsd#ifrs-full_ReturnOnReimbursementRights" xlink:label="loc_10" xlink:type="locator"/>
    <link:loc xlink:href="../../full_ifrs-cor_2014-03-05.xsd#ifrs-full_GainLossOnRemeasurementOfReimbursementRightsAbstract" xlink:label="loc_11" xlink:type="locator"/>
    <link:definitionArc order="10.0" xlink:arcrole="http://xbrl.org/int/dim/arcrole/domain-member" xlink:from="loc_11" xlink:to="loc_10" xlink:type="arc"/>
    <link:loc xlink:href="../../full_ifrs-cor_2014-03-05.xsd#ifrs-full_DisclosureOfReimbursementRightsLineItems" xlink:label="loc_12" xlink:type="locator"/>
    <link:definitionArc order="10.0" xlink:arcrole="http://xbrl.org/int/dim/arcrole/domain-member" xlink:from="loc_12" xlink:to="loc_9" xlink:type="arc"/>
    <link:loc xlink:href="../../full_ifrs-cor_2014-03-05.xsd#ifrs-full_DomesticDefinedBenefitPlansMember" xlink:label="loc_13" xlink:type="locator"/>
    <link:definitionArc order="20.0" xlink:arcrole="http://xbrl.org/int/dim/arcrole/domain-member" xlink:from="loc_1" xlink:to="loc_13" xlink:type="arc"/>
    <link:definitionArc order="20.0" xlink:arcrole="http://xbrl.org/int/dim/arcrole/domain-member" xlink:from="loc_7" xlink:to="loc_12" xlink:type="arc"/>
    <link:definitionArc order="20.0" xlink:arcrole="http://xbrl.org/int/dim/arcrole/domain-member" xlink:from="loc_9" xlink:to="loc_11" xlink:type="arc"/>
    <link:loc xlink:href="../../full_ifrs-cor_2014-03-05.xsd#ifrs-full_GainLossOnChangesInEffectOfLimitingReimbursementRightsToAssetCeiling" xlink:label="loc_14" xlink:type="locator"/>
    <link:definitionArc order="20.0" xlink:arcrole="http://xbrl.org/int/dim/arcrole/domain-member" xlink:from="loc_11" xlink:to="loc_14" xlink:type="arc"/>
    <link:loc xlink:href="../../full_ifrs-cor_2014-03-05.xsd#ifrs-full_ReimbursementRightsAtFairValue" xlink:label="loc_15" xlink:type="locator"/>
    <link:definitionArc order="20.0" xlink:arcrole="http://xbrl.org/int/dim/arcrole/domain-member" xlink:from="loc_12" xlink:to="loc_15" xlink:type="arc"/>
    <link:loc xlink:href="../../full_ifrs-cor_2014-03-05.xsd#ifrs-full_MultiemployerDefinedBenefitPlansMember" xlink:label="loc_16" xlink:type="locator"/>
    <link:definitionArc order="30.0" xlink:arcrole="http://xbrl.org/int/dim/arcrole/domain-member" xlink:from="loc_1" xlink:to="loc_16" xlink:type="arc"/>
    <link:loc xlink:href="../../full_ifrs-cor_2014-03-05.xsd#ifrs-full_IncreaseDecreaseThroughNetExchangeDifferencesReimbursementRightsAtFairValue" xlink:label="loc_17" xlink:type="locator"/>
    <link:definitionArc order="30.0" xlink:arcrole="http://xbrl.org/int/dim/arcrole/domain-member" xlink:from="loc_9" xlink:to="loc_17" xlink:type="arc"/>
    <link:loc xlink:href="../../full_ifrs-cor_2014-03-05.xsd#ifrs-full_GainLossOnRemeasurementOfReimbursementRights" xlink:label="loc_18" xlink:type="locator"/>
    <link:definitionArc order="30.0" xlink:arcrole="http://xbrl.org/int/dim/arcrole/domain-member" xlink:from="loc_11" xlink:to="loc_18" xlink:type="arc"/>
    <link:loc xlink:href="../../full_ifrs-cor_2014-03-05.xsd#ifrs-full_StateDefinedBenefitPlansMember" xlink:label="loc_19" xlink:type="locator"/>
    <link:definitionArc order="40.0" xlink:arcrole="http://xbrl.org/int/dim/arcrole/domain-member" xlink:from="loc_1" xlink:to="loc_19" xlink:type="arc"/>
    <link:definitionArc order="40.0" xlink:arcrole="http://xbrl.org/int/dim/arcrole/domain-member" xlink:from="loc_9" xlink:to="loc_5" xlink:type="arc"/>
    <link:loc xlink:href="../../full_ifrs-cor_2014-03-05.xsd#ifrs-full_DefinedBenefitPlansThatShareRisksBetweenEntitiesUnderCommonControlMember" xlink:label="loc_20" xlink:type="locator"/>
    <link:definitionArc order="50.0" xlink:arcrole="http://xbrl.org/int/dim/arcrole/domain-member" xlink:from="loc_1" xlink:to="loc_20" xlink:type="arc"/>
    <link:loc xlink:href="../../full_ifrs-cor_2014-03-05.xsd#ifrs-full_IncreaseDecreaseThroughBusinessCombinationsAndDisposalsReimbursementRights" xlink:label="loc_21" xlink:type="locator"/>
    <link:definitionArc order="50.0" xlink:arcrole="http://xbrl.org/int/dim/arcrole/domain-member" xlink:from="loc_9" xlink:to="loc_21" xlink:type="arc"/>
    <link:loc xlink:href="../../full_ifrs-cor_2014-03-05.xsd#ifrs-full_ChangesInReimbursementRightsAtFairValue" xlink:label="loc_22" xlink:type="locator"/>
    <link:definitionArc order="60.0" xlink:arcrole="http://xbrl.org/int/dim/arcrole/domain-member" xlink:from="loc_9" xlink:to="loc_22" xlink:type="arc"/>
  </link:definitionLink>
  <link:definitionLink xlink:role="http://xbrl.ifrs.org/role/ifrs/ias_19_2014-03-05_role-834480c" xlink:type="extended">
    <link:loc xlink:href="../../full_ifrs-cor_2014-03-05.xsd#ifrs-full_DefinedBenefitPlansMember" xlink:label="loc_1" xlink:type="locator"/>
    <link:loc xlink:href="../../full_ifrs-cor_2014-03-05.xsd#ifrs-full_DefinedBenefitPlansAxis" xlink:label="loc_2" xlink:type="locator"/>
    <link:definitionArc order="10.0" xlink:arcrole="http://xbrl.org/int/dim/arcrole/dimension-domain" xlink:from="loc_2" xlink:to="loc_1" xlink:type="arc"/>
    <link:loc xlink:href="../../full_ifrs-cor_2014-03-05.xsd#ifrs-full_ForeignDefinedBenefitPlansMember" xlink:label="loc_3" xlink:type="locator"/>
    <link:definitionArc order="10.0" xlink:arcrole="http://xbrl.org/int/dim/arcrole/domain-member" xlink:from="loc_1" xlink:to="loc_3" xlink:type="arc"/>
    <link:loc xlink:href="../../full_ifrs-cor_2014-03-05.xsd#ifrs-full_DisclosureOfFairValueOfPlanAssetsTable" xlink:label="loc_4" xlink:type="locator"/>
    <link:loc xlink:href="../../full_ifrs-cor_2014-03-05.xsd#ifrs-full_DisclosureOfFairValueOfPlanAssetsAbstract" xlink:label="loc_5" xlink:type="locator"/>
    <link:definitionArc order="10.0" xbrldt:closed="true" xbrldt:contextElement="scenario" xlink:arcrole="http://xbrl.org/int/dim/arcrole/all" xlink:from="loc_5" xlink:to="loc_4" xlink:type="arc"/>
    <link:definitionArc order="10.0" xlink:arcrole="http://xbrl.org/int/dim/arcrole/hypercube-dimension" xlink:from="loc_4" xlink:to="loc_2" xlink:type="arc"/>
    <link:loc xlink:href="../../full_ifrs-cor_2014-03-05.xsd#ifrs-full_AllLevelsOfFairValueHierarchyMember" xlink:label="loc_6" xlink:type="locator"/>
    <link:loc xlink:href="../../full_ifrs-cor_2014-03-05.xsd#ifrs-full_LevelsOfFairValueHierarchyAxis" xlink:label="loc_7" xlink:type="locator"/>
    <link:definitionArc order="10.0" xlink:arcrole="http://xbrl.org/int/dim/arcrole/dimension-domain" xlink:from="loc_7" xlink:to="loc_6" xlink:type="arc"/>
    <link:loc xlink:href="../../full_ifrs-cor_2014-03-05.xsd#ifrs-full_Level1OfFairValueHierarchyMember" xlink:label="loc_8" xlink:type="locator"/>
    <link:definitionArc order="10.0" xlink:arcrole="http://xbrl.org/int/dim/arcrole/domain-member" xlink:from="loc_6" xlink:to="loc_8" xlink:type="arc"/>
    <link:loc xlink:href="../../full_ifrs-cor_2014-03-05.xsd#ifrs-full_CashAndCashEquivalentsAmountContributedToFairValueOfPlanAssets" xlink:label="loc_9" xlink:type="locator"/>
    <link:loc xlink:href="../../full_ifrs-cor_2014-03-05.xsd#ifrs-full_DisclosureOfFairValueOfPlanAssetsLineItems" xlink:label="loc_10" xlink:type="locator"/>
    <link:definitionArc order="10.0" xlink:arcrole="http://xbrl.org/int/dim/arcrole/domain-member" xlink:from="loc_10" xlink:to="loc_9" xlink:type="arc"/>
    <link:loc xlink:href="../../full_ifrs-cor_2014-03-05.xsd#ifrs-full_DomesticDefinedBenefitPlansMember" xlink:label="loc_11" xlink:type="locator"/>
    <link:definitionArc order="20.0" xlink:arcrole="http://xbrl.org/int/dim/arcrole/domain-member" xlink:from="loc_1" xlink:to="loc_11" xlink:type="arc"/>
    <link:definitionArc order="20.0" xlink:arcrole="http://xbrl.org/int/dim/arcrole/hypercube-dimension" xlink:from="loc_4" xlink:to="loc_7" xlink:type="arc"/>
    <link:loc xlink:href="../../full_ifrs-cor_2014-03-05.xsd#ifrs-full_Level2And3OfFairValueHierarchyMember" xlink:label="loc_12" xlink:type="locator"/>
    <link:definitionArc order="20.0" xlink:arcrole="http://xbrl.org/int/dim/arcrole/domain-member" xlink:from="loc_6" xlink:to="loc_12" xlink:type="arc"/>
    <link:definitionArc order="20.0" xlink:arcrole="http://xbrl.org/int/dim/arcrole/domain-member" xlink:from="loc_5" xlink:to="loc_10" xlink:type="arc"/>
    <link:loc xlink:href="../../full_ifrs-cor_2014-03-05.xsd#ifrs-full_EquityInstrumentsAmountContributedToFairValueOfPlanAssets" xlink:label="loc_13" xlink:type="locator"/>
    <link:definitionArc order="20.0" xlink:arcrole="http://xbrl.org/int/dim/arcrole/domain-member" xlink:from="loc_10" xlink:to="loc_13" xlink:type="arc"/>
    <link:loc xlink:href="../../full_ifrs-cor_2014-03-05.xsd#ifrs-full_MultiemployerDefinedBenefitPlansMember" xlink:label="loc_14" xlink:type="locator"/>
    <link:definitionArc order="30.0" xlink:arcrole="http://xbrl.org/int/dim/arcrole/domain-member" xlink:from="loc_1" xlink:to="loc_14" xlink:type="arc"/>
    <link:loc xlink:href="../../full_ifrs-cor_2014-03-05.xsd#ifrs-full_DebtInstrumentsAmountContributedToFairValueOfPlanAssets" xlink:label="loc_15" xlink:type="locator"/>
    <link:definitionArc order="30.0" xlink:arcrole="http://xbrl.org/int/dim/arcrole/domain-member" xlink:from="loc_10" xlink:to="loc_15" xlink:type="arc"/>
    <link:loc xlink:href="../../full_ifrs-cor_2014-03-05.xsd#ifrs-full_StateDefinedBenefitPlansMember" xlink:label="loc_16" xlink:type="locator"/>
    <link:definitionArc order="40.0" xlink:arcrole="http://xbrl.org/int/dim/arcrole/domain-member" xlink:from="loc_1" xlink:to="loc_16" xlink:type="arc"/>
    <link:loc xlink:href="../../full_ifrs-cor_2014-03-05.xsd#ifrs-full_PropertyAmountContributedToFairValueOfPlanAssets" xlink:label="loc_17" xlink:type="locator"/>
    <link:definitionArc order="40.0" xlink:arcrole="http://xbrl.org/int/dim/arcrole/domain-member" xlink:from="loc_10" xlink:to="loc_17" xlink:type="arc"/>
    <link:loc xlink:href="../../full_ifrs-cor_2014-03-05.xsd#ifrs-full_DefinedBenefitPlansThatShareRisksBetweenEntitiesUnderCommonControlMember" xlink:label="loc_18" xlink:type="locator"/>
    <link:definitionArc order="50.0" xlink:arcrole="http://xbrl.org/int/dim/arcrole/domain-member" xlink:from="loc_1" xlink:to="loc_18" xlink:type="arc"/>
    <link:loc xlink:href="../../full_ifrs-cor_2014-03-05.xsd#ifrs-full_DerivativesAmountContributedToFairValueOfPlanAssets" xlink:label="loc_19" xlink:type="locator"/>
    <link:definitionArc order="50.0" xlink:arcrole="http://xbrl.org/int/dim/arcrole/domain-member" xlink:from="loc_10" xlink:to="loc_19" xlink:type="arc"/>
    <link:loc xlink:href="../../full_ifrs-cor_2014-03-05.xsd#ifrs-full_InvestmentFundsAmountContributedToFairValueOfPlanAssets" xlink:label="loc_20" xlink:type="locator"/>
    <link:definitionArc order="60.0" xlink:arcrole="http://xbrl.org/int/dim/arcrole/domain-member" xlink:from="loc_10" xlink:to="loc_20" xlink:type="arc"/>
    <link:loc xlink:href="../../full_ifrs-cor_2014-03-05.xsd#ifrs-full_AssetbackedSecuritiesAmountContributedToFairValueOfPlanAssets" xlink:label="loc_21" xlink:type="locator"/>
    <link:definitionArc order="70.0" xlink:arcrole="http://xbrl.org/int/dim/arcrole/domain-member" xlink:from="loc_10" xlink:to="loc_21" xlink:type="arc"/>
    <link:loc xlink:href="../../full_ifrs-cor_2014-03-05.xsd#ifrs-full_StructuredDebtAmountContributedToFairValueOfPlanAssets" xlink:label="loc_22" xlink:type="locator"/>
    <link:definitionArc order="80.0" xlink:arcrole="http://xbrl.org/int/dim/arcrole/domain-member" xlink:from="loc_10" xlink:to="loc_22" xlink:type="arc"/>
    <link:loc xlink:href="../../full_ifrs-cor_2014-03-05.xsd#ifrs-full_OtherAssetsAmountContributedToFairValueOfPlanAssets" xlink:label="loc_23" xlink:type="locator"/>
    <link:definitionArc order="90.0" xlink:arcrole="http://xbrl.org/int/dim/arcrole/domain-member" xlink:from="loc_10" xlink:to="loc_23" xlink:type="arc"/>
  </link:definitionLink>
  <link:definitionLink xlink:role="http://xbrl.ifrs.org/role/ifrs/ias_19_2014-03-05_role-834480d" xlink:type="extended">
    <link:loc xlink:href="../../full_ifrs-cor_2014-03-05.xsd#ifrs-full_DefinedBenefitPlansMember" xlink:label="loc_1" xlink:type="locator"/>
    <link:loc xlink:href="../../full_ifrs-cor_2014-03-05.xsd#ifrs-full_DefinedBenefitPlansAxis" xlink:label="loc_2" xlink:type="locator"/>
    <link:definitionArc order="10.0" xlink:arcrole="http://xbrl.org/int/dim/arcrole/dimension-domain" xlink:from="loc_2" xlink:to="loc_1" xlink:type="arc"/>
    <link:loc xlink:href="../../full_ifrs-cor_2014-03-05.xsd#ifrs-full_ForeignDefinedBenefitPlansMember" xlink:label="loc_3" xlink:type="locator"/>
    <link:definitionArc order="10.0" xlink:arcrole="http://xbrl.org/int/dim/arcrole/domain-member" xlink:from="loc_1" xlink:to="loc_3" xlink:type="arc"/>
    <link:loc xlink:href="../../full_ifrs-cor_2014-03-05.xsd#ifrs-full_DisclosureOfSensitivityAnalysisForActuarialAssumptionsTable" xlink:label="loc_4" xlink:type="locator"/>
    <link:loc xlink:href="../../full_ifrs-cor_2014-03-05.xsd#ifrs-full_DisclosureOfSensitivityAnalysisForActuarialAssumptionsAbstract" xlink:label="loc_5" xlink:type="locator"/>
    <link:definitionArc order="10.0" xbrldt:closed="true" xbrldt:contextElement="scenario" xlink:arcrole="http://xbrl.org/int/dim/arcrole/all" xlink:from="loc_5" xlink:to="loc_4" xlink:type="arc"/>
    <link:definitionArc order="10.0" xlink:arcrole="http://xbrl.org/int/dim/arcrole/hypercube-dimension" xlink:from="loc_4" xlink:to="loc_2" xlink:type="arc"/>
    <link:loc xlink:href="../../full_ifrs-cor_2014-03-05.xsd#ifrs-full_ActuarialAssumptionsMember" xlink:label="loc_6" xlink:type="locator"/>
    <link:loc xlink:href="../../full_ifrs-cor_2014-03-05.xsd#ifrs-full_ActuarialAssumptionsAxis" xlink:label="loc_7" xlink:type="locator"/>
    <link:definitionArc order="10.0" xlink:arcrole="http://xbrl.org/int/dim/arcrole/dimension-domain" xlink:from="loc_7" xlink:to="loc_6" xlink:type="arc"/>
    <link:loc xlink:href="../../full_ifrs-cor_2014-03-05.xsd#ifrs-full_ActuarialAssumptionOfDiscountRatesMember" xlink:label="loc_8" xlink:type="locator"/>
    <link:definitionArc order="10.0" xlink:arcrole="http://xbrl.org/int/dim/arcrole/domain-member" xlink:from="loc_6" xlink:to="loc_8" xlink:type="arc"/>
    <link:loc xlink:href="../../full_ifrs-cor_2014-03-05.xsd#ifrs-full_PercentageOfReasonablyPossibleIncreaseInActuarialAssumption" xlink:label="loc_9" xlink:type="locator"/>
    <link:loc xlink:href="../../full_ifrs-cor_2014-03-05.xsd#ifrs-full_DisclosureOfSensitivityAnalysisForActuarialAssumptionsLineItems" xlink:label="loc_10" xlink:type="locator"/>
    <link:definitionArc order="10.0" xlink:arcrole="http://xbrl.org/int/dim/arcrole/domain-member" xlink:from="loc_10" xlink:to="loc_9" xlink:type="arc"/>
    <link:loc xlink:href="../../full_ifrs-cor_2014-03-05.xsd#ifrs-full_DomesticDefinedBenefitPlansMember" xlink:label="loc_11" xlink:type="locator"/>
    <link:definitionArc order="20.0" xlink:arcrole="http://xbrl.org/int/dim/arcrole/domain-member" xlink:from="loc_1" xlink:to="loc_11" xlink:type="arc"/>
    <link:definitionArc order="20.0" xlink:arcrole="http://xbrl.org/int/dim/arcrole/hypercube-dimension" xlink:from="loc_4" xlink:to="loc_7" xlink:type="arc"/>
    <link:loc xlink:href="../../full_ifrs-cor_2014-03-05.xsd#ifrs-full_ActuarialAssumptionOfExpectedRatesOfSalaryIncreasesMember" xlink:label="loc_12" xlink:type="locator"/>
    <link:definitionArc order="20.0" xlink:arcrole="http://xbrl.org/int/dim/arcrole/domain-member" xlink:from="loc_6" xlink:to="loc_12" xlink:type="arc"/>
    <link:definitionArc order="20.0" xlink:arcrole="http://xbrl.org/int/dim/arcrole/domain-member" xlink:from="loc_5" xlink:to="loc_10" xlink:type="arc"/>
    <link:loc xlink:href="../../full_ifrs-cor_2014-03-05.xsd#ifrs-full_IncreaseDecreaseInDefinedBenefitObligationDueToReasonablyPossibleIncreaseInActuarialAssumption" xlink:label="loc_13" xlink:type="locator"/>
    <link:definitionArc order="20.0" xlink:arcrole="http://xbrl.org/int/dim/arcrole/domain-member" xlink:from="loc_10" xlink:to="loc_13" xlink:type="arc"/>
    <link:loc xlink:href="../../full_ifrs-cor_2014-03-05.xsd#ifrs-full_MultiemployerDefinedBenefitPlansMember" xlink:label="loc_14" xlink:type="locator"/>
    <link:definitionArc order="30.0" xlink:arcrole="http://xbrl.org/int/dim/arcrole/domain-member" xlink:from="loc_1" xlink:to="loc_14" xlink:type="arc"/>
    <link:loc xlink:href="../../full_ifrs-cor_2014-03-05.xsd#ifrs-full_ActuarialAssumptionOfMedicalCostTrendRatesMember" xlink:label="loc_15" xlink:type="locator"/>
    <link:definitionArc order="30.0" xlink:arcrole="http://xbrl.org/int/dim/arcrole/domain-member" xlink:from="loc_6" xlink:to="loc_15" xlink:type="arc"/>
    <link:loc xlink:href="../../full_ifrs-cor_2014-03-05.xsd#ifrs-full_PercentageOfReasonablyPossibleDecreaseInActuarialAssumption" xlink:label="loc_16" xlink:type="locator"/>
    <link:definitionArc order="30.0" xlink:arcrole="http://xbrl.org/int/dim/arcrole/domain-member" xlink:from="loc_10" xlink:to="loc_16" xlink:type="arc"/>
    <link:loc xlink:href="../../full_ifrs-cor_2014-03-05.xsd#ifrs-full_ActuarialAssumptionOfExpectedRatesOfPensionIncreasesMember" xlink:label="loc_17" xlink:type="locator"/>
    <link:definitionArc order="40.0" xlink:arcrole="http://xbrl.org/int/dim/arcrole/domain-member" xlink:from="loc_6" xlink:to="loc_17" xlink:type="arc"/>
    <link:loc xlink:href="../../full_ifrs-cor_2014-03-05.xsd#ifrs-full_StateDefinedBenefitPlansMember" xlink:label="loc_18" xlink:type="locator"/>
    <link:definitionArc order="40.0" xlink:arcrole="http://xbrl.org/int/dim/arcrole/domain-member" xlink:from="loc_1" xlink:to="loc_18" xlink:type="arc"/>
    <link:loc xlink:href="../../full_ifrs-cor_2014-03-05.xsd#ifrs-full_IncreaseDecreaseInDefinedBenefitObligationDueToReasonablyPossibleDecreaseInActuarialAssumption" xlink:label="loc_19" xlink:type="locator"/>
    <link:definitionArc order="40.0" xlink:arcrole="http://xbrl.org/int/dim/arcrole/domain-member" xlink:from="loc_10" xlink:to="loc_19" xlink:type="arc"/>
    <link:loc xlink:href="../../full_ifrs-cor_2014-03-05.xsd#ifrs-full_ActuarialAssumptionOfExpectedRatesOfInflationMember" xlink:label="loc_20" xlink:type="locator"/>
    <link:definitionArc order="50.0" xlink:arcrole="http://xbrl.org/int/dim/arcrole/domain-member" xlink:from="loc_6" xlink:to="loc_20" xlink:type="arc"/>
    <link:loc xlink:href="../../full_ifrs-cor_2014-03-05.xsd#ifrs-full_DefinedBenefitPlansThatShareRisksBetweenEntitiesUnderCommonControlMember" xlink:label="loc_21" xlink:type="locator"/>
    <link:definitionArc order="50.0" xlink:arcrole="http://xbrl.org/int/dim/arcrole/domain-member" xlink:from="loc_1" xlink:to="loc_21" xlink:type="arc"/>
    <link:loc xlink:href="../../full_ifrs-cor_2014-03-05.xsd#ifrs-full_DescriptionOfMethodsAndAssumptionsUsedInPreparingSensitivityAnalysisForActuarialAssumptions" xlink:label="loc_22" xlink:type="locator"/>
    <link:definitionArc order="50.0" xlink:arcrole="http://xbrl.org/int/dim/arcrole/domain-member" xlink:from="loc_10" xlink:to="loc_22" xlink:type="arc"/>
    <link:loc xlink:href="../../full_ifrs-cor_2014-03-05.xsd#ifrs-full_OtherMaterialActuarialAssumptionsMember" xlink:label="loc_23" xlink:type="locator"/>
    <link:definitionArc order="60.0" xlink:arcrole="http://xbrl.org/int/dim/arcrole/domain-member" xlink:from="loc_6" xlink:to="loc_23" xlink:type="arc"/>
    <link:loc xlink:href="../../full_ifrs-cor_2014-03-05.xsd#ifrs-full_DescriptionOfLimitationsOfMethodsUsedInPreparingSensitivityAnalysisForActuarialAssumptions" xlink:label="loc_24" xlink:type="locator"/>
    <link:definitionArc order="60.0" xlink:arcrole="http://xbrl.org/int/dim/arcrole/domain-member" xlink:from="loc_10" xlink:to="loc_24" xlink:type="arc"/>
    <link:loc xlink:href="../../full_ifrs-cor_2014-03-05.xsd#ifrs-full_DescriptionOfChangesInMethodsAndAssumptionsUsedInPreparingSensitivityAnalysisForActuarialAssumptions" xlink:label="loc_25" xlink:type="locator"/>
    <link:definitionArc order="70.0" xlink:arcrole="http://xbrl.org/int/dim/arcrole/domain-member" xlink:from="loc_10" xlink:to="loc_25" xlink:type="arc"/>
    <link:loc xlink:href="../../full_ifrs-cor_2014-03-05.xsd#ifrs-full_DescriptionOfReasonsForChangesInMethodsAndAssumptionsUsedInPreparingSensitivityAnalysisForActuarialAssumptions" xlink:label="loc_26" xlink:type="locator"/>
    <link:definitionArc order="80.0" xlink:arcrole="http://xbrl.org/int/dim/arcrole/domain-member" xlink:from="loc_10" xlink:to="loc_26" xlink:type="arc"/>
  </link:definitionLink>
</link:linkbase>
