<?xml version="1.0" encoding="UTF-8"?><!--Taxonomy: 2014-03-05 (Final release)
        ********************** 
        Copyright © 2014 International Financial Reporting Standards (IFRS) Foundation
        All rights reserved.  No part of this publication may be translated, reprinted or reproduced 
        or utilised in any form either in whole or in part without prior permission in writing from the IFRS Foundation.
        For more information on the IFRS Foundation's copyright, please refer to http://www.ifrs.org/XBRL/Legal/
        **********************
--><link:linkbase xmlns:link="http://www.xbrl.org/2003/linkbase" xmlns:xlink="http://www.w3.org/1999/xlink" xmlns:xsi="http://www.w3.org/2001/XMLSchema-instance" xsi:schemaLocation="http://www.xbrl.org/2003/linkbase http://www.xbrl.org/2003/xbrl-linkbase-2003-12-31.xsd">
  <link:roleRef roleURI="http://xbrl.ifrs.org/role/ifrs/ifrs_13_2014-03-05_role-823000" xlink:href="rol_ifrs_13_2014-03-05.xsd#ifrs_13_2014-03-05_role-823000" xlink:type="simple"/>
  <link:roleRef roleURI="http://www.xbrl.org/2009/role/negatedLabel" xlink:href="http://www.xbrl.org/lrr/role/negated-2009-12-16.xsd#negatedLabel" xlink:type="simple"/>
  <link:presentationLink xlink:role="http://xbrl.ifrs.org/role/ifrs/ifrs_13_2014-03-05_role-823000" xlink:type="extended">
    <link:loc xlink:href="../../full_ifrs-cor_2014-03-05.xsd#ifrs-full_ClassesOfAssetsMember" xlink:label="loc_1" xlink:type="locator"/>
    <link:loc xlink:href="../../full_ifrs-cor_2014-03-05.xsd#ifrs-full_ClassesOfAssetsAxis" xlink:label="loc_2" xlink:type="locator"/>
    <link:presentationArc order="10.0" xlink:arcrole="http://www.xbrl.org/2003/arcrole/parent-child" xlink:from="loc_2" xlink:to="loc_1" xlink:type="arc"/>
    <link:loc xlink:href="../../full_ifrs-cor_2014-03-05.xsd#ifrs-full_TradingEquitySecuritiesMember" xlink:label="loc_3" xlink:type="locator"/>
    <link:presentationArc order="10.0" xlink:arcrole="http://www.xbrl.org/2003/arcrole/parent-child" xlink:from="loc_1" xlink:to="loc_3" xlink:type="arc"/>
    <link:loc xlink:href="../../full_ifrs-cor_2014-03-05.xsd#ifrs-full_AggregatedMeasurementMember" xlink:label="loc_4" xlink:type="locator"/>
    <link:loc xlink:href="../../full_ifrs-cor_2014-03-05.xsd#ifrs-full_MeasurementAxis" xlink:label="loc_5" xlink:type="locator"/>
    <link:presentationArc order="10.0" xlink:arcrole="http://www.xbrl.org/2003/arcrole/parent-child" xlink:from="loc_5" xlink:to="loc_4" xlink:type="arc"/>
    <link:loc xlink:href="../../full_ifrs-cor_2014-03-05.xsd#ifrs-full_RecurringFairValueMeasurementMember" xlink:label="loc_6" xlink:type="locator"/>
    <link:loc xlink:href="../../full_ifrs-cor_2014-03-05.xsd#ifrs-full_AtFairValueMember" xlink:label="loc_7" xlink:type="locator"/>
    <link:presentationArc order="10.0" xlink:arcrole="http://www.xbrl.org/2003/arcrole/parent-child" xlink:from="loc_7" xlink:to="loc_6" xlink:type="arc"/>
    <link:presentationArc order="10.0" xlink:arcrole="http://www.xbrl.org/2003/arcrole/parent-child" xlink:from="loc_4" xlink:to="loc_7" xlink:type="arc"/>
    <link:loc xlink:href="../../full_ifrs-cor_2014-03-05.xsd#ifrs-full_DisclosureOfFairValueMeasurementOfAssetsExplanatory" xlink:label="loc_8" xlink:type="locator"/>
    <link:loc xlink:href="../../full_ifrs-cor_2014-03-05.xsd#ifrs-full_DisclosureOfFairValueMeasurementExplanatory" xlink:label="loc_9" xlink:type="locator"/>
    <link:presentationArc order="10.0" xlink:arcrole="http://www.xbrl.org/2003/arcrole/parent-child" xlink:from="loc_9" xlink:to="loc_8" xlink:type="arc"/>
    <link:loc xlink:href="../../full_ifrs-cor_2014-03-05.xsd#ifrs-full_DisclosureOfFairValueMeasurementOfAssetsAbstract" xlink:label="loc_10" xlink:type="locator"/>
    <link:presentationArc order="10.0" xlink:arcrole="http://www.xbrl.org/2003/arcrole/parent-child" xlink:from="loc_8" xlink:to="loc_10" xlink:type="arc"/>
    <link:loc xlink:href="../../full_ifrs-cor_2014-03-05.xsd#ifrs-full_DisclosureOfFairValueMeasurementOfAssetsTable" xlink:label="loc_11" xlink:type="locator"/>
    <link:presentationArc order="10.0" xlink:arcrole="http://www.xbrl.org/2003/arcrole/parent-child" xlink:from="loc_10" xlink:to="loc_11" xlink:type="arc"/>
    <link:presentationArc order="10.0" xlink:arcrole="http://www.xbrl.org/2003/arcrole/parent-child" xlink:from="loc_11" xlink:to="loc_5" xlink:type="arc"/>
    <link:loc xlink:href="../../full_ifrs-cor_2014-03-05.xsd#ifrs-full_AllLevelsOfFairValueHierarchyMember" xlink:label="loc_12" xlink:type="locator"/>
    <link:loc xlink:href="../../full_ifrs-cor_2014-03-05.xsd#ifrs-full_LevelsOfFairValueHierarchyAxis" xlink:label="loc_13" xlink:type="locator"/>
    <link:presentationArc order="10.0" xlink:arcrole="http://www.xbrl.org/2003/arcrole/parent-child" xlink:from="loc_13" xlink:to="loc_12" xlink:type="arc"/>
    <link:loc xlink:href="../../full_ifrs-cor_2014-03-05.xsd#ifrs-full_Level1OfFairValueHierarchyMember" xlink:label="loc_14" xlink:type="locator"/>
    <link:presentationArc order="10.0" xlink:arcrole="http://www.xbrl.org/2003/arcrole/parent-child" xlink:from="loc_12" xlink:to="loc_14" xlink:type="arc"/>
    <link:loc xlink:href="../../full_ifrs-cor_2014-03-05.xsd#ifrs-full_Assets" xlink:label="loc_15" xlink:type="locator"/>
    <link:loc xlink:href="../../full_ifrs-cor_2014-03-05.xsd#ifrs-full_DisclosureOfFairValueMeasurementOfAssetsLineItems" xlink:label="loc_16" xlink:type="locator"/>
    <link:presentationArc order="10.0" xlink:arcrole="http://www.xbrl.org/2003/arcrole/parent-child" xlink:from="loc_16" xlink:to="loc_15" xlink:type="arc"/>
    <link:loc xlink:href="../../full_ifrs-cor_2014-03-05.xsd#ifrs-full_ReconciliationOfChangesInFairValueMeasurementAssetsAbstract" xlink:label="loc_17" xlink:type="locator"/>
    <link:presentationArc order="10.0" preferredLabel="http://www.xbrl.org/2003/role/periodStartLabel" xlink:arcrole="http://www.xbrl.org/2003/arcrole/parent-child" xlink:from="loc_17" xlink:to="loc_15" xlink:type="arc"/>
    <link:loc xlink:href="../../full_ifrs-cor_2014-03-05.xsd#ifrs-full_GainsLossesRecognisedInProfitOrLossFairValueMeasurementAssets" xlink:label="loc_18" xlink:type="locator"/>
    <link:loc xlink:href="../../full_ifrs-cor_2014-03-05.xsd#ifrs-full_ChangesInFairValueMeasurementAssetsAbstract" xlink:label="loc_19" xlink:type="locator"/>
    <link:presentationArc order="10.0" xlink:arcrole="http://www.xbrl.org/2003/arcrole/parent-child" xlink:from="loc_19" xlink:to="loc_18" xlink:type="arc"/>
    <link:loc xlink:href="../../full_ifrs-cor_2014-03-05.xsd#ifrs-full_DescriptionOfGroupWithinEntityThatDecidesEntitysValuationPoliciesAndProceduresAssets" xlink:label="loc_20" xlink:type="locator"/>
    <link:loc xlink:href="../../full_ifrs-cor_2014-03-05.xsd#ifrs-full_DescriptionOfValuationProcessesUsedInFairValueMeasurementAssets" xlink:label="loc_21" xlink:type="locator"/>
    <link:presentationArc order="10.0" xlink:arcrole="http://www.xbrl.org/2003/arcrole/parent-child" xlink:from="loc_21" xlink:to="loc_20" xlink:type="arc"/>
    <link:loc xlink:href="../../full_ifrs-cor_2014-03-05.xsd#ifrs-full_DisclosureOfFairValueMeasurementOfLiabilitiesAbstract" xlink:label="loc_22" xlink:type="locator"/>
    <link:loc xlink:href="../../full_ifrs-cor_2014-03-05.xsd#ifrs-full_DisclosureOfFairValueMeasurementOfLiabilitiesExplanatory" xlink:label="loc_23" xlink:type="locator"/>
    <link:presentationArc order="10.0" xlink:arcrole="http://www.xbrl.org/2003/arcrole/parent-child" xlink:from="loc_23" xlink:to="loc_22" xlink:type="arc"/>
    <link:loc xlink:href="../../full_ifrs-cor_2014-03-05.xsd#ifrs-full_DisclosureOfFairValueMeasurementOfLiabilitiesTable" xlink:label="loc_24" xlink:type="locator"/>
    <link:presentationArc order="10.0" xlink:arcrole="http://www.xbrl.org/2003/arcrole/parent-child" xlink:from="loc_22" xlink:to="loc_24" xlink:type="arc"/>
    <link:presentationArc order="10.0" xlink:arcrole="http://www.xbrl.org/2003/arcrole/parent-child" xlink:from="loc_24" xlink:to="loc_5" xlink:type="arc"/>
    <link:loc xlink:href="../../full_ifrs-cor_2014-03-05.xsd#ifrs-full_LiabilitiesMember" xlink:label="loc_25" xlink:type="locator"/>
    <link:loc xlink:href="../../full_ifrs-cor_2014-03-05.xsd#ifrs-full_ClassesOfLiabilitiesAxis" xlink:label="loc_26" xlink:type="locator"/>
    <link:presentationArc order="10.0" xlink:arcrole="http://www.xbrl.org/2003/arcrole/parent-child" xlink:from="loc_26" xlink:to="loc_25" xlink:type="arc"/>
    <link:loc xlink:href="../../full_ifrs-cor_2014-03-05.xsd#ifrs-full_DescriptionOfGroupWithinEntityThatDecidesEntitysValuationPoliciesAndProceduresLiabilities" xlink:label="loc_27" xlink:type="locator"/>
    <link:loc xlink:href="../../full_ifrs-cor_2014-03-05.xsd#ifrs-full_DescriptionOfValuationProcessesUsedInFairValueMeasurementLiabilities" xlink:label="loc_28" xlink:type="locator"/>
    <link:presentationArc order="10.0" xlink:arcrole="http://www.xbrl.org/2003/arcrole/parent-child" xlink:from="loc_28" xlink:to="loc_27" xlink:type="arc"/>
    <link:loc xlink:href="../../full_ifrs-cor_2014-03-05.xsd#ifrs-full_Liabilities" xlink:label="loc_29" xlink:type="locator"/>
    <link:loc xlink:href="../../full_ifrs-cor_2014-03-05.xsd#ifrs-full_ReconciliationOfChangesInFairValueMeasurementLiabilitiesAbstract" xlink:label="loc_30" xlink:type="locator"/>
    <link:presentationArc order="10.0" preferredLabel="http://www.xbrl.org/2003/role/periodStartLabel" xlink:arcrole="http://www.xbrl.org/2003/arcrole/parent-child" xlink:from="loc_30" xlink:to="loc_29" xlink:type="arc"/>
    <link:loc xlink:href="../../full_ifrs-cor_2014-03-05.xsd#ifrs-full_GainsLossesRecognisedInProfitOrLossFairValueMeasurementLiabilities" xlink:label="loc_31" xlink:type="locator"/>
    <link:loc xlink:href="../../full_ifrs-cor_2014-03-05.xsd#ifrs-full_ChangesInFairValueMeasurementLiabilitiesAbstract" xlink:label="loc_32" xlink:type="locator"/>
    <link:presentationArc order="10.0" preferredLabel="http://www.xbrl.org/2009/role/negatedLabel" xlink:arcrole="http://www.xbrl.org/2003/arcrole/parent-child" xlink:from="loc_32" xlink:to="loc_31" xlink:type="arc"/>
    <link:loc xlink:href="../../full_ifrs-cor_2014-03-05.xsd#ifrs-full_DisclosureOfFairValueMeasurementOfLiabilitiesLineItems" xlink:label="loc_33" xlink:type="locator"/>
    <link:presentationArc order="10.0" xlink:arcrole="http://www.xbrl.org/2003/arcrole/parent-child" xlink:from="loc_33" xlink:to="loc_29" xlink:type="arc"/>
    <link:loc xlink:href="../../full_ifrs-cor_2014-03-05.xsd#ifrs-full_DisclosureOfFairValueMeasurementOfEquityAbstract" xlink:label="loc_34" xlink:type="locator"/>
    <link:loc xlink:href="../../full_ifrs-cor_2014-03-05.xsd#ifrs-full_DisclosureOfFairValueMeasurementOfEquityExplanatory" xlink:label="loc_35" xlink:type="locator"/>
    <link:presentationArc order="10.0" xlink:arcrole="http://www.xbrl.org/2003/arcrole/parent-child" xlink:from="loc_35" xlink:to="loc_34" xlink:type="arc"/>
    <link:loc xlink:href="../../full_ifrs-cor_2014-03-05.xsd#ifrs-full_DisclosureOfFairValueMeasurementOfEquityTable" xlink:label="loc_36" xlink:type="locator"/>
    <link:presentationArc order="10.0" xlink:arcrole="http://www.xbrl.org/2003/arcrole/parent-child" xlink:from="loc_34" xlink:to="loc_36" xlink:type="arc"/>
    <link:presentationArc order="10.0" xlink:arcrole="http://www.xbrl.org/2003/arcrole/parent-child" xlink:from="loc_36" xlink:to="loc_5" xlink:type="arc"/>
    <link:loc xlink:href="../../full_ifrs-cor_2014-03-05.xsd#ifrs-full_EntitysOwnEquityInstrumentsMember" xlink:label="loc_37" xlink:type="locator"/>
    <link:loc xlink:href="../../full_ifrs-cor_2014-03-05.xsd#ifrs-full_ClassesOfEntitysOwnEquityInstrumentsAxis" xlink:label="loc_38" xlink:type="locator"/>
    <link:presentationArc order="10.0" xlink:arcrole="http://www.xbrl.org/2003/arcrole/parent-child" xlink:from="loc_38" xlink:to="loc_37" xlink:type="arc"/>
    <link:loc xlink:href="../../full_ifrs-cor_2014-03-05.xsd#ifrs-full_Equity" xlink:label="loc_39" xlink:type="locator"/>
    <link:loc xlink:href="../../full_ifrs-cor_2014-03-05.xsd#ifrs-full_DisclosureOfFairValueMeasurementOfEquityLineItems" xlink:label="loc_40" xlink:type="locator"/>
    <link:presentationArc order="10.0" xlink:arcrole="http://www.xbrl.org/2003/arcrole/parent-child" xlink:from="loc_40" xlink:to="loc_39" xlink:type="arc"/>
    <link:loc xlink:href="../../full_ifrs-cor_2014-03-05.xsd#ifrs-full_Equity" xlink:label="loc_41" xlink:type="locator"/>
    <link:loc xlink:href="../../full_ifrs-cor_2014-03-05.xsd#ifrs-full_ReconciliationOfChangesInFairValueMeasurementEntitysOwnEquityInstrumentsAbstract" xlink:label="loc_42" xlink:type="locator"/>
    <link:presentationArc order="10.0" preferredLabel="http://www.xbrl.org/2003/role/periodStartLabel" xlink:arcrole="http://www.xbrl.org/2003/arcrole/parent-child" xlink:from="loc_42" xlink:to="loc_41" xlink:type="arc"/>
    <link:loc xlink:href="../../full_ifrs-cor_2014-03-05.xsd#ifrs-full_GainsLossesRecognisedInProfitOrLossFairValueMeasurementEntitysOwnEquityInstruments" xlink:label="loc_43" xlink:type="locator"/>
    <link:loc xlink:href="../../full_ifrs-cor_2014-03-05.xsd#ifrs-full_ChangesInFairValueMeasurementEntitysOwnEquityInstrumentsAbstract" xlink:label="loc_44" xlink:type="locator"/>
    <link:presentationArc order="10.0" preferredLabel="http://www.xbrl.org/2009/role/negatedLabel" xlink:arcrole="http://www.xbrl.org/2003/arcrole/parent-child" xlink:from="loc_44" xlink:to="loc_43" xlink:type="arc"/>
    <link:loc xlink:href="../../full_ifrs-cor_2014-03-05.xsd#ifrs-full_DescriptionOfGroupWithinEntityThatDecidesEntitysValuationPoliciesAndProceduresEntitysOwnEquityInstruments" xlink:label="loc_45" xlink:type="locator"/>
    <link:loc xlink:href="../../full_ifrs-cor_2014-03-05.xsd#ifrs-full_DescriptionOfValuationProcessesUsedInFairValueMeasurementEntitysOwnEquityInstruments" xlink:label="loc_46" xlink:type="locator"/>
    <link:presentationArc order="10.0" xlink:arcrole="http://www.xbrl.org/2003/arcrole/parent-child" xlink:from="loc_46" xlink:to="loc_45" xlink:type="arc"/>
    <link:loc xlink:href="../../full_ifrs-cor_2014-03-05.xsd#ifrs-full_DisclosureOfSignificantUnobservableInputsUsedInFairValueMeasurementOfAssetsAbstract" xlink:label="loc_47" xlink:type="locator"/>
    <link:loc xlink:href="../../full_ifrs-cor_2014-03-05.xsd#ifrs-full_DisclosureOfSignificantUnobservableInputsUsedInFairValueMeasurementOfAssetsExplanatory" xlink:label="loc_48" xlink:type="locator"/>
    <link:presentationArc order="10.0" xlink:arcrole="http://www.xbrl.org/2003/arcrole/parent-child" xlink:from="loc_48" xlink:to="loc_47" xlink:type="arc"/>
    <link:loc xlink:href="../../full_ifrs-cor_2014-03-05.xsd#ifrs-full_DisclosureOfSignificantUnobservableInputsUsedInFairValueMeasurementOfAssetsTable" xlink:label="loc_49" xlink:type="locator"/>
    <link:presentationArc order="10.0" xlink:arcrole="http://www.xbrl.org/2003/arcrole/parent-child" xlink:from="loc_47" xlink:to="loc_49" xlink:type="arc"/>
    <link:presentationArc order="10.0" xlink:arcrole="http://www.xbrl.org/2003/arcrole/parent-child" xlink:from="loc_49" xlink:to="loc_5" xlink:type="arc"/>
    <link:loc xlink:href="../../full_ifrs-cor_2014-03-05.xsd#ifrs-full_ValuationTechniquesMember" xlink:label="loc_50" xlink:type="locator"/>
    <link:loc xlink:href="../../full_ifrs-cor_2014-03-05.xsd#ifrs-full_ValuationTechniquesUsedInFairValueMeasurementAxis" xlink:label="loc_51" xlink:type="locator"/>
    <link:presentationArc order="10.0" xlink:arcrole="http://www.xbrl.org/2003/arcrole/parent-child" xlink:from="loc_51" xlink:to="loc_50" xlink:type="arc"/>
    <link:loc xlink:href="../../full_ifrs-cor_2014-03-05.xsd#ifrs-full_MarketApproachMember" xlink:label="loc_52" xlink:type="locator"/>
    <link:presentationArc order="10.0" xlink:arcrole="http://www.xbrl.org/2003/arcrole/parent-child" xlink:from="loc_50" xlink:to="loc_52" xlink:type="arc"/>
    <link:loc xlink:href="../../full_ifrs-cor_2014-03-05.xsd#ifrs-full_MarketComparableCompaniesMember" xlink:label="loc_53" xlink:type="locator"/>
    <link:presentationArc order="10.0" xlink:arcrole="http://www.xbrl.org/2003/arcrole/parent-child" xlink:from="loc_52" xlink:to="loc_53" xlink:type="arc"/>
    <link:loc xlink:href="../../full_ifrs-cor_2014-03-05.xsd#ifrs-full_DiscountedCashFlowMember" xlink:label="loc_54" xlink:type="locator"/>
    <link:loc xlink:href="../../full_ifrs-cor_2014-03-05.xsd#ifrs-full_IncomeApproachMember" xlink:label="loc_55" xlink:type="locator"/>
    <link:presentationArc order="10.0" xlink:arcrole="http://www.xbrl.org/2003/arcrole/parent-child" xlink:from="loc_55" xlink:to="loc_54" xlink:type="arc"/>
    <link:loc xlink:href="../../full_ifrs-cor_2014-03-05.xsd#ifrs-full_RangesMember" xlink:label="loc_56" xlink:type="locator"/>
    <link:loc xlink:href="../../full_ifrs-cor_2014-03-05.xsd#ifrs-full_RangeAxis" xlink:label="loc_57" xlink:type="locator"/>
    <link:presentationArc order="10.0" xlink:arcrole="http://www.xbrl.org/2003/arcrole/parent-child" xlink:from="loc_57" xlink:to="loc_56" xlink:type="arc"/>
    <link:loc xlink:href="../../full_ifrs-cor_2014-03-05.xsd#ifrs-full_BottomOfRangeMember" xlink:label="loc_58" xlink:type="locator"/>
    <link:presentationArc order="10.0" xlink:arcrole="http://www.xbrl.org/2003/arcrole/parent-child" xlink:from="loc_56" xlink:to="loc_58" xlink:type="arc"/>
    <link:loc xlink:href="../../full_ifrs-cor_2014-03-05.xsd#ifrs-full_InterestRateSignificantUnobservableInputsAssets" xlink:label="loc_59" xlink:type="locator"/>
    <link:loc xlink:href="../../full_ifrs-cor_2014-03-05.xsd#ifrs-full_DisclosureOfSignificantUnobservableInputsUsedInFairValueMeasurementOfAssetsLineItems" xlink:label="loc_60" xlink:type="locator"/>
    <link:presentationArc order="10.0" xlink:arcrole="http://www.xbrl.org/2003/arcrole/parent-child" xlink:from="loc_60" xlink:to="loc_59" xlink:type="arc"/>
    <link:loc xlink:href="../../full_ifrs-cor_2014-03-05.xsd#ifrs-full_DisclosureOfSignificantUnobservableInputsUsedInFairValueMeasurementOfLiabilitiesAbstract" xlink:label="loc_61" xlink:type="locator"/>
    <link:loc xlink:href="../../full_ifrs-cor_2014-03-05.xsd#ifrs-full_DisclosureOfSignificantUnobservableInputsUsedInFairValueMeasurementOfLiabilitiesExplanatory" xlink:label="loc_62" xlink:type="locator"/>
    <link:presentationArc order="10.0" xlink:arcrole="http://www.xbrl.org/2003/arcrole/parent-child" xlink:from="loc_62" xlink:to="loc_61" xlink:type="arc"/>
    <link:loc xlink:href="../../full_ifrs-cor_2014-03-05.xsd#ifrs-full_DisclosureOfSignificantUnobservableInputsUsedInFairValueMeasurementOfLiabilitiesTable" xlink:label="loc_63" xlink:type="locator"/>
    <link:presentationArc order="10.0" xlink:arcrole="http://www.xbrl.org/2003/arcrole/parent-child" xlink:from="loc_61" xlink:to="loc_63" xlink:type="arc"/>
    <link:presentationArc order="10.0" xlink:arcrole="http://www.xbrl.org/2003/arcrole/parent-child" xlink:from="loc_63" xlink:to="loc_5" xlink:type="arc"/>
    <link:loc xlink:href="../../full_ifrs-cor_2014-03-05.xsd#ifrs-full_InterestRateSignificantUnobservableInputsLiabilities" xlink:label="loc_64" xlink:type="locator"/>
    <link:loc xlink:href="../../full_ifrs-cor_2014-03-05.xsd#ifrs-full_DisclosureOfSignificantUnobservableInputsUsedInFairValueMeasurementOfLiabilitiesLineItems" xlink:label="loc_65" xlink:type="locator"/>
    <link:presentationArc order="10.0" xlink:arcrole="http://www.xbrl.org/2003/arcrole/parent-child" xlink:from="loc_65" xlink:to="loc_64" xlink:type="arc"/>
    <link:loc xlink:href="../../full_ifrs-cor_2014-03-05.xsd#ifrs-full_DisclosureOfSignificantUnobservableInputsUsedInFairValueMeasurementOfEquityAbstract" xlink:label="loc_66" xlink:type="locator"/>
    <link:loc xlink:href="../../full_ifrs-cor_2014-03-05.xsd#ifrs-full_DisclosureOfSignificantUnobservableInputsUsedInFairValueMeasurementOfEquityExplanatory" xlink:label="loc_67" xlink:type="locator"/>
    <link:presentationArc order="10.0" xlink:arcrole="http://www.xbrl.org/2003/arcrole/parent-child" xlink:from="loc_67" xlink:to="loc_66" xlink:type="arc"/>
    <link:loc xlink:href="../../full_ifrs-cor_2014-03-05.xsd#ifrs-full_DisclosureOfSignificantUnobservableInputsUsedInFairValueMeasurementOfEquityTable" xlink:label="loc_68" xlink:type="locator"/>
    <link:presentationArc order="10.0" xlink:arcrole="http://www.xbrl.org/2003/arcrole/parent-child" xlink:from="loc_66" xlink:to="loc_68" xlink:type="arc"/>
    <link:presentationArc order="10.0" xlink:arcrole="http://www.xbrl.org/2003/arcrole/parent-child" xlink:from="loc_68" xlink:to="loc_5" xlink:type="arc"/>
    <link:loc xlink:href="../../full_ifrs-cor_2014-03-05.xsd#ifrs-full_InterestRateSignificantUnobservableInputsEntitysOwnEquityInstruments" xlink:label="loc_69" xlink:type="locator"/>
    <link:loc xlink:href="../../full_ifrs-cor_2014-03-05.xsd#ifrs-full_DisclosureOfSignificantUnobservableInputsUsedInFairValueMeasurementOfEquityLineItems" xlink:label="loc_70" xlink:type="locator"/>
    <link:presentationArc order="10.0" xlink:arcrole="http://www.xbrl.org/2003/arcrole/parent-child" xlink:from="loc_70" xlink:to="loc_69" xlink:type="arc"/>
    <link:loc xlink:href="../../full_ifrs-cor_2014-03-05.xsd#ifrs-full_DisclosureOfLiabilitiesMeasuredAtFairValueAndIssuedWithInseparableThirdpartyCreditEnhancementAbstract" xlink:label="loc_71" xlink:type="locator"/>
    <link:loc xlink:href="../../full_ifrs-cor_2014-03-05.xsd#ifrs-full_DisclosureOfLiabilitiesMeasuredAtFairValueAndIssuedWithInseparableThirdpartyCreditEnhancementExplanatory" xlink:label="loc_72" xlink:type="locator"/>
    <link:presentationArc order="10.0" xlink:arcrole="http://www.xbrl.org/2003/arcrole/parent-child" xlink:from="loc_72" xlink:to="loc_71" xlink:type="arc"/>
    <link:loc xlink:href="../../full_ifrs-cor_2014-03-05.xsd#ifrs-full_DisclosureOfLiabilitiesMeasuredAtFairValueAndIssuedWithInseparableThirdpartyCreditEnhancementTable" xlink:label="loc_73" xlink:type="locator"/>
    <link:presentationArc order="10.0" xlink:arcrole="http://www.xbrl.org/2003/arcrole/parent-child" xlink:from="loc_71" xlink:to="loc_73" xlink:type="arc"/>
    <link:loc xlink:href="../../full_ifrs-cor_2014-03-05.xsd#ifrs-full_LiabilitiesMeasuredAtFairValueAndIssuedWithInseparableThirdpartyCreditEnhancementAxis" xlink:label="loc_74" xlink:type="locator"/>
    <link:presentationArc order="10.0" xlink:arcrole="http://www.xbrl.org/2003/arcrole/parent-child" xlink:from="loc_73" xlink:to="loc_74" xlink:type="arc"/>
    <link:loc xlink:href="../../full_ifrs-cor_2014-03-05.xsd#ifrs-full_LiabilitiesMeasuredAtFairValueAndIssuedWithInseparableThirdpartyCreditEnhancementMember" xlink:label="loc_75" xlink:type="locator"/>
    <link:presentationArc order="10.0" xlink:arcrole="http://www.xbrl.org/2003/arcrole/parent-child" xlink:from="loc_74" xlink:to="loc_75" xlink:type="arc"/>
    <link:loc xlink:href="../../full_ifrs-cor_2014-03-05.xsd#ifrs-full_DescriptionOfExistenceOfThirdpartyCreditEnhancement" xlink:label="loc_76" xlink:type="locator"/>
    <link:loc xlink:href="../../full_ifrs-cor_2014-03-05.xsd#ifrs-full_DisclosureOfLiabilitiesMeasuredAtFairValueAndIssuedWithInseparableThirdpartyCreditEnhancementLineItems" xlink:label="loc_77" xlink:type="locator"/>
    <link:presentationArc order="10.0" xlink:arcrole="http://www.xbrl.org/2003/arcrole/parent-child" xlink:from="loc_77" xlink:to="loc_76" xlink:type="arc"/>
    <link:loc xlink:href="../../full_ifrs-cor_2014-03-05.xsd#ifrs-full_IncreaseInFairValueMeasurementDueToChangeInOneOrMoreUnobservableInputsToReflectReasonablyPossibleAlternativeAssumptionsAssets" xlink:label="loc_78" xlink:type="locator"/>
    <link:loc xlink:href="../../full_ifrs-cor_2014-03-05.xsd#ifrs-full_IncreaseDecreaseInFairValueMeasurementDueToChangeInOneOrMoreUnobservableInputsToReflectReasonablyPossibleAlternativeAssumptionsAssets" xlink:label="loc_79" xlink:type="locator"/>
    <link:presentationArc order="10.0" xlink:arcrole="http://www.xbrl.org/2003/arcrole/parent-child" xlink:from="loc_79" xlink:to="loc_78" xlink:type="arc"/>
    <link:loc xlink:href="../../full_ifrs-cor_2014-03-05.xsd#ifrs-full_IncreaseInFairValueMeasurementDueToChangeInOneOrMoreUnobservableInputsToReflectReasonablyPossibleAlternativeAssumptionsLiabilities" xlink:label="loc_80" xlink:type="locator"/>
    <link:loc xlink:href="../../full_ifrs-cor_2014-03-05.xsd#ifrs-full_IncreaseDecreaseInFairValueMeasurementDueToChangeInOneOrMoreUnobservableInputsToReflectReasonablyPossibleAlternativeAssumptionsLiabilities" xlink:label="loc_81" xlink:type="locator"/>
    <link:presentationArc order="10.0" xlink:arcrole="http://www.xbrl.org/2003/arcrole/parent-child" xlink:from="loc_81" xlink:to="loc_80" xlink:type="arc"/>
    <link:loc xlink:href="../../full_ifrs-cor_2014-03-05.xsd#ifrs-full_IncreaseInFairValueMeasurementDueToChangeInOneOrMoreUnobservableInputsToReflectReasonablyPossibleAlternativeAssumptionsEntitysOwnEquityInstruments" xlink:label="loc_82" xlink:type="locator"/>
    <link:loc xlink:href="../../full_ifrs-cor_2014-03-05.xsd#ifrs-full_IncreaseDecreaseInFairValueMeasurementDueToChangeInOneOrMoreUnobservableInputsToReflectReasonablyPossibleAlternativeAssumptionsEntitysOwnEquityInstruments" xlink:label="loc_83" xlink:type="locator"/>
    <link:presentationArc order="10.0" xlink:arcrole="http://www.xbrl.org/2003/arcrole/parent-child" xlink:from="loc_83" xlink:to="loc_82" xlink:type="arc"/>
    <link:loc xlink:href="../../full_ifrs-cor_2014-03-05.xsd#ifrs-full_OtherEquitySecuritiesMember" xlink:label="loc_84" xlink:type="locator"/>
    <link:presentationArc order="20.0" xlink:arcrole="http://www.xbrl.org/2003/arcrole/parent-child" xlink:from="loc_1" xlink:to="loc_84" xlink:type="arc"/>
    <link:loc xlink:href="../../full_ifrs-cor_2014-03-05.xsd#ifrs-full_NonrecurringFairValueMeasurementMember" xlink:label="loc_85" xlink:type="locator"/>
    <link:presentationArc order="20.0" xlink:arcrole="http://www.xbrl.org/2003/arcrole/parent-child" xlink:from="loc_7" xlink:to="loc_85" xlink:type="arc"/>
    <link:loc xlink:href="../../full_ifrs-cor_2014-03-05.xsd#ifrs-full_NotMeasuredAtFairValueInStatementOfFinancialPositionButForWhichFairValueIsDisclosedMember" xlink:label="loc_86" xlink:type="locator"/>
    <link:presentationArc order="20.0" xlink:arcrole="http://www.xbrl.org/2003/arcrole/parent-child" xlink:from="loc_4" xlink:to="loc_86" xlink:type="arc"/>
    <link:presentationArc order="20.0" xlink:arcrole="http://www.xbrl.org/2003/arcrole/parent-child" xlink:from="loc_11" xlink:to="loc_2" xlink:type="arc"/>
    <link:loc xlink:href="../../full_ifrs-cor_2014-03-05.xsd#ifrs-full_Level2OfFairValueHierarchyMember" xlink:label="loc_87" xlink:type="locator"/>
    <link:presentationArc order="20.0" xlink:arcrole="http://www.xbrl.org/2003/arcrole/parent-child" xlink:from="loc_12" xlink:to="loc_87" xlink:type="arc"/>
    <link:presentationArc order="20.0" xlink:arcrole="http://www.xbrl.org/2003/arcrole/parent-child" xlink:from="loc_10" xlink:to="loc_16" xlink:type="arc"/>
    <link:loc xlink:href="../../full_ifrs-cor_2014-03-05.xsd#ifrs-full_DescriptionOfReasonsForFairValueMeasurementAssets" xlink:label="loc_88" xlink:type="locator"/>
    <link:presentationArc order="20.0" xlink:arcrole="http://www.xbrl.org/2003/arcrole/parent-child" xlink:from="loc_16" xlink:to="loc_88" xlink:type="arc"/>
    <link:presentationArc order="20.0" xlink:arcrole="http://www.xbrl.org/2003/arcrole/parent-child" xlink:from="loc_17" xlink:to="loc_19" xlink:type="arc"/>
    <link:loc xlink:href="../../full_ifrs-cor_2014-03-05.xsd#ifrs-full_GainsLossesRecognisedInOtherComprehensiveIncomeFairValueMeasurementAssets" xlink:label="loc_89" xlink:type="locator"/>
    <link:presentationArc order="20.0" xlink:arcrole="http://www.xbrl.org/2003/arcrole/parent-child" xlink:from="loc_19" xlink:to="loc_89" xlink:type="arc"/>
    <link:loc xlink:href="../../full_ifrs-cor_2014-03-05.xsd#ifrs-full_DescriptionOfToWhomGroupWithinEntityThatDecidesEntitysValuationPoliciesAndProceduresReportsAssets" xlink:label="loc_90" xlink:type="locator"/>
    <link:presentationArc order="20.0" xlink:arcrole="http://www.xbrl.org/2003/arcrole/parent-child" xlink:from="loc_21" xlink:to="loc_90" xlink:type="arc"/>
    <link:presentationArc order="20.0" xlink:arcrole="http://www.xbrl.org/2003/arcrole/parent-child" xlink:from="loc_9" xlink:to="loc_23" xlink:type="arc"/>
    <link:presentationArc order="20.0" xlink:arcrole="http://www.xbrl.org/2003/arcrole/parent-child" xlink:from="loc_24" xlink:to="loc_26" xlink:type="arc"/>
    <link:presentationArc order="20.0" xlink:arcrole="http://www.xbrl.org/2003/arcrole/parent-child" xlink:from="loc_22" xlink:to="loc_33" xlink:type="arc"/>
    <link:loc xlink:href="../../full_ifrs-cor_2014-03-05.xsd#ifrs-full_DescriptionOfToWhomGroupWithinEntityThatDecidesEntitysValuationPoliciesAndProceduresReportsLiabilities" xlink:label="loc_91" xlink:type="locator"/>
    <link:presentationArc order="20.0" xlink:arcrole="http://www.xbrl.org/2003/arcrole/parent-child" xlink:from="loc_28" xlink:to="loc_91" xlink:type="arc"/>
    <link:presentationArc order="20.0" xlink:arcrole="http://www.xbrl.org/2003/arcrole/parent-child" xlink:from="loc_30" xlink:to="loc_32" xlink:type="arc"/>
    <link:loc xlink:href="../../full_ifrs-cor_2014-03-05.xsd#ifrs-full_GainsLossesRecognisedInOtherComprehensiveIncomeFairValueMeasurementLiabilities" xlink:label="loc_92" xlink:type="locator"/>
    <link:presentationArc order="20.0" preferredLabel="http://www.xbrl.org/2009/role/negatedLabel" xlink:arcrole="http://www.xbrl.org/2003/arcrole/parent-child" xlink:from="loc_32" xlink:to="loc_92" xlink:type="arc"/>
    <link:loc xlink:href="../../full_ifrs-cor_2014-03-05.xsd#ifrs-full_DescriptionOfReasonsForFairValueMeasurementLiabilities" xlink:label="loc_93" xlink:type="locator"/>
    <link:presentationArc order="20.0" xlink:arcrole="http://www.xbrl.org/2003/arcrole/parent-child" xlink:from="loc_33" xlink:to="loc_93" xlink:type="arc"/>
    <link:presentationArc order="20.0" xlink:arcrole="http://www.xbrl.org/2003/arcrole/parent-child" xlink:from="loc_36" xlink:to="loc_38" xlink:type="arc"/>
    <link:presentationArc order="20.0" xlink:arcrole="http://www.xbrl.org/2003/arcrole/parent-child" xlink:from="loc_34" xlink:to="loc_40" xlink:type="arc"/>
    <link:loc xlink:href="../../full_ifrs-cor_2014-03-05.xsd#ifrs-full_DescriptionOfReasonsForFairValueMeasurementEntitysOwnEquityInstruments" xlink:label="loc_94" xlink:type="locator"/>
    <link:presentationArc order="20.0" xlink:arcrole="http://www.xbrl.org/2003/arcrole/parent-child" xlink:from="loc_40" xlink:to="loc_94" xlink:type="arc"/>
    <link:presentationArc order="20.0" xlink:arcrole="http://www.xbrl.org/2003/arcrole/parent-child" xlink:from="loc_42" xlink:to="loc_44" xlink:type="arc"/>
    <link:loc xlink:href="../../full_ifrs-cor_2014-03-05.xsd#ifrs-full_GainsLossesRecognisedInOtherComprehensiveIncomeFairValueMeasurementEntitysOwnEquityInstruments" xlink:label="loc_95" xlink:type="locator"/>
    <link:presentationArc order="20.0" preferredLabel="http://www.xbrl.org/2009/role/negatedLabel" xlink:arcrole="http://www.xbrl.org/2003/arcrole/parent-child" xlink:from="loc_44" xlink:to="loc_95" xlink:type="arc"/>
    <link:loc xlink:href="../../full_ifrs-cor_2014-03-05.xsd#ifrs-full_DescriptionOfToWhomGroupWithinEntityThatDecidesEntitysValuationPoliciesAndProceduresReportsEntitysOwnEquityInstruments" xlink:label="loc_96" xlink:type="locator"/>
    <link:presentationArc order="20.0" xlink:arcrole="http://www.xbrl.org/2003/arcrole/parent-child" xlink:from="loc_46" xlink:to="loc_96" xlink:type="arc"/>
    <link:presentationArc order="20.0" xlink:arcrole="http://www.xbrl.org/2003/arcrole/parent-child" xlink:from="loc_49" xlink:to="loc_2" xlink:type="arc"/>
    <link:loc xlink:href="../../full_ifrs-cor_2014-03-05.xsd#ifrs-full_MarketComparablePricesMember" xlink:label="loc_97" xlink:type="locator"/>
    <link:presentationArc order="20.0" xlink:arcrole="http://www.xbrl.org/2003/arcrole/parent-child" xlink:from="loc_52" xlink:to="loc_97" xlink:type="arc"/>
    <link:loc xlink:href="../../full_ifrs-cor_2014-03-05.xsd#ifrs-full_CostApproachMember" xlink:label="loc_98" xlink:type="locator"/>
    <link:presentationArc order="20.0" xlink:arcrole="http://www.xbrl.org/2003/arcrole/parent-child" xlink:from="loc_50" xlink:to="loc_98" xlink:type="arc"/>
    <link:loc xlink:href="../../full_ifrs-cor_2014-03-05.xsd#ifrs-full_OptionPricingModelMember" xlink:label="loc_99" xlink:type="locator"/>
    <link:presentationArc order="20.0" xlink:arcrole="http://www.xbrl.org/2003/arcrole/parent-child" xlink:from="loc_55" xlink:to="loc_99" xlink:type="arc"/>
    <link:loc xlink:href="../../full_ifrs-cor_2014-03-05.xsd#ifrs-full_WeightedAverageMember" xlink:label="loc_100" xlink:type="locator"/>
    <link:presentationArc order="20.0" xlink:arcrole="http://www.xbrl.org/2003/arcrole/parent-child" xlink:from="loc_56" xlink:to="loc_100" xlink:type="arc"/>
    <link:presentationArc order="20.0" xlink:arcrole="http://www.xbrl.org/2003/arcrole/parent-child" xlink:from="loc_47" xlink:to="loc_60" xlink:type="arc"/>
    <link:loc xlink:href="../../full_ifrs-cor_2014-03-05.xsd#ifrs-full_HistoricalVolatilityForSharesSignificantUnobservableInputsAssets" xlink:label="loc_101" xlink:type="locator"/>
    <link:presentationArc order="20.0" xlink:arcrole="http://www.xbrl.org/2003/arcrole/parent-child" xlink:from="loc_60" xlink:to="loc_101" xlink:type="arc"/>
    <link:presentationArc order="20.0" xlink:arcrole="http://www.xbrl.org/2003/arcrole/parent-child" xlink:from="loc_63" xlink:to="loc_26" xlink:type="arc"/>
    <link:presentationArc order="20.0" xlink:arcrole="http://www.xbrl.org/2003/arcrole/parent-child" xlink:from="loc_61" xlink:to="loc_65" xlink:type="arc"/>
    <link:loc xlink:href="../../full_ifrs-cor_2014-03-05.xsd#ifrs-full_HistoricalVolatilityForSharesSignificantUnobservableInputsLiabilities" xlink:label="loc_102" xlink:type="locator"/>
    <link:presentationArc order="20.0" xlink:arcrole="http://www.xbrl.org/2003/arcrole/parent-child" xlink:from="loc_65" xlink:to="loc_102" xlink:type="arc"/>
    <link:presentationArc order="20.0" xlink:arcrole="http://www.xbrl.org/2003/arcrole/parent-child" xlink:from="loc_68" xlink:to="loc_38" xlink:type="arc"/>
    <link:presentationArc order="20.0" xlink:arcrole="http://www.xbrl.org/2003/arcrole/parent-child" xlink:from="loc_66" xlink:to="loc_70" xlink:type="arc"/>
    <link:loc xlink:href="../../full_ifrs-cor_2014-03-05.xsd#ifrs-full_HistoricalVolatilityForSharesSignificantUnobservableInputsEntitysOwnEquityInstruments" xlink:label="loc_103" xlink:type="locator"/>
    <link:presentationArc order="20.0" xlink:arcrole="http://www.xbrl.org/2003/arcrole/parent-child" xlink:from="loc_70" xlink:to="loc_103" xlink:type="arc"/>
    <link:presentationArc order="20.0" xlink:arcrole="http://www.xbrl.org/2003/arcrole/parent-child" xlink:from="loc_71" xlink:to="loc_77" xlink:type="arc"/>
    <link:loc xlink:href="../../full_ifrs-cor_2014-03-05.xsd#ifrs-full_DescriptionOfWhetherThirdpartyCreditEnhancementIsReflectedInFairValueMeasurement" xlink:label="loc_104" xlink:type="locator"/>
    <link:presentationArc order="20.0" xlink:arcrole="http://www.xbrl.org/2003/arcrole/parent-child" xlink:from="loc_77" xlink:to="loc_104" xlink:type="arc"/>
    <link:loc xlink:href="../../full_ifrs-cor_2014-03-05.xsd#ifrs-full_DecreaseInFairValueMeasurementDueToChangeInOneOrMoreUnobservableInputsToReflectReasonablyPossibleAlternativeAssumptionsAssets" xlink:label="loc_105" xlink:type="locator"/>
    <link:presentationArc order="20.0" xlink:arcrole="http://www.xbrl.org/2003/arcrole/parent-child" xlink:from="loc_79" xlink:to="loc_105" xlink:type="arc"/>
    <link:loc xlink:href="../../full_ifrs-cor_2014-03-05.xsd#ifrs-full_DecreaseInFairValueMeasurementDueToChangeInOneOrMoreUnobservableInputsToReflectReasonablyPossibleAlternativeAssumptionsLiabilities" xlink:label="loc_106" xlink:type="locator"/>
    <link:presentationArc order="20.0" xlink:arcrole="http://www.xbrl.org/2003/arcrole/parent-child" xlink:from="loc_81" xlink:to="loc_106" xlink:type="arc"/>
    <link:loc xlink:href="../../full_ifrs-cor_2014-03-05.xsd#ifrs-full_DecreaseInFairValueMeasurementDueToChangeInOneOrMoreUnobservableInputsToReflectReasonablyPossibleAlternativeAssumptionsEntitysOwnEquityInstruments" xlink:label="loc_107" xlink:type="locator"/>
    <link:presentationArc order="20.0" xlink:arcrole="http://www.xbrl.org/2003/arcrole/parent-child" xlink:from="loc_83" xlink:to="loc_107" xlink:type="arc"/>
    <link:loc xlink:href="../../full_ifrs-cor_2014-03-05.xsd#ifrs-full_DebtSecuritiesMember" xlink:label="loc_108" xlink:type="locator"/>
    <link:presentationArc order="30.0" xlink:arcrole="http://www.xbrl.org/2003/arcrole/parent-child" xlink:from="loc_1" xlink:to="loc_108" xlink:type="arc"/>
    <link:presentationArc order="30.0" xlink:arcrole="http://www.xbrl.org/2003/arcrole/parent-child" xlink:from="loc_11" xlink:to="loc_13" xlink:type="arc"/>
    <link:loc xlink:href="../../full_ifrs-cor_2014-03-05.xsd#ifrs-full_Level3OfFairValueHierarchyMember" xlink:label="loc_109" xlink:type="locator"/>
    <link:presentationArc order="30.0" xlink:arcrole="http://www.xbrl.org/2003/arcrole/parent-child" xlink:from="loc_12" xlink:to="loc_109" xlink:type="arc"/>
    <link:loc xlink:href="../../full_ifrs-cor_2014-03-05.xsd#ifrs-full_TransfersOutOfLevel1IntoLevel2OfFairValueHierarchyAssets" xlink:label="loc_110" xlink:type="locator"/>
    <link:presentationArc order="30.0" xlink:arcrole="http://www.xbrl.org/2003/arcrole/parent-child" xlink:from="loc_16" xlink:to="loc_110" xlink:type="arc"/>
    <link:loc xlink:href="../../full_ifrs-cor_2014-03-05.xsd#ifrs-full_Assets" xlink:label="loc_111" xlink:type="locator"/>
    <link:presentationArc order="30.0" preferredLabel="http://www.xbrl.org/2003/role/periodEndLabel" xlink:arcrole="http://www.xbrl.org/2003/arcrole/parent-child" xlink:from="loc_17" xlink:to="loc_111" xlink:type="arc"/>
    <link:loc xlink:href="../../full_ifrs-cor_2014-03-05.xsd#ifrs-full_PurchasesFairValueMeasurementAssets" xlink:label="loc_112" xlink:type="locator"/>
    <link:presentationArc order="30.0" xlink:arcrole="http://www.xbrl.org/2003/arcrole/parent-child" xlink:from="loc_19" xlink:to="loc_112" xlink:type="arc"/>
    <link:loc xlink:href="../../full_ifrs-cor_2014-03-05.xsd#ifrs-full_DescriptionOfInternalReportingProceduresForDiscussingAndAssessingFairValueMeasurementsAssets" xlink:label="loc_113" xlink:type="locator"/>
    <link:presentationArc order="30.0" xlink:arcrole="http://www.xbrl.org/2003/arcrole/parent-child" xlink:from="loc_21" xlink:to="loc_113" xlink:type="arc"/>
    <link:presentationArc order="30.0" xlink:arcrole="http://www.xbrl.org/2003/arcrole/parent-child" xlink:from="loc_24" xlink:to="loc_13" xlink:type="arc"/>
    <link:loc xlink:href="../../full_ifrs-cor_2014-03-05.xsd#ifrs-full_DescriptionOfInternalReportingProceduresForDiscussingAndAssessingFairValueMeasurementsLiabilities" xlink:label="loc_114" xlink:type="locator"/>
    <link:presentationArc order="30.0" xlink:arcrole="http://www.xbrl.org/2003/arcrole/parent-child" xlink:from="loc_28" xlink:to="loc_114" xlink:type="arc"/>
    <link:loc xlink:href="../../full_ifrs-cor_2014-03-05.xsd#ifrs-full_Liabilities" xlink:label="loc_115" xlink:type="locator"/>
    <link:presentationArc order="30.0" preferredLabel="http://www.xbrl.org/2003/role/periodEndLabel" xlink:arcrole="http://www.xbrl.org/2003/arcrole/parent-child" xlink:from="loc_30" xlink:to="loc_115" xlink:type="arc"/>
    <link:loc xlink:href="../../full_ifrs-cor_2014-03-05.xsd#ifrs-full_PurchasesFairValueMeasurementLiabilities" xlink:label="loc_116" xlink:type="locator"/>
    <link:presentationArc order="30.0" xlink:arcrole="http://www.xbrl.org/2003/arcrole/parent-child" xlink:from="loc_32" xlink:to="loc_116" xlink:type="arc"/>
    <link:loc xlink:href="../../full_ifrs-cor_2014-03-05.xsd#ifrs-full_TransfersOutOfLevel1IntoLevel2OfFairValueHierarchyLiabilities" xlink:label="loc_117" xlink:type="locator"/>
    <link:presentationArc order="30.0" xlink:arcrole="http://www.xbrl.org/2003/arcrole/parent-child" xlink:from="loc_33" xlink:to="loc_117" xlink:type="arc"/>
    <link:presentationArc order="30.0" xlink:arcrole="http://www.xbrl.org/2003/arcrole/parent-child" xlink:from="loc_9" xlink:to="loc_35" xlink:type="arc"/>
    <link:presentationArc order="30.0" xlink:arcrole="http://www.xbrl.org/2003/arcrole/parent-child" xlink:from="loc_36" xlink:to="loc_13" xlink:type="arc"/>
    <link:loc xlink:href="../../full_ifrs-cor_2014-03-05.xsd#ifrs-full_TransfersOutOfLevel1IntoLevel2OfFairValueHierarchyEntitysOwnEquityInstruments" xlink:label="loc_118" xlink:type="locator"/>
    <link:presentationArc order="30.0" xlink:arcrole="http://www.xbrl.org/2003/arcrole/parent-child" xlink:from="loc_40" xlink:to="loc_118" xlink:type="arc"/>
    <link:presentationArc order="30.0" preferredLabel="http://www.xbrl.org/2003/role/periodEndLabel" xlink:arcrole="http://www.xbrl.org/2003/arcrole/parent-child" xlink:from="loc_42" xlink:to="loc_39" xlink:type="arc"/>
    <link:loc xlink:href="../../full_ifrs-cor_2014-03-05.xsd#ifrs-full_PurchasesFairValueMeasurementEntitysOwnEquityInstruments" xlink:label="loc_119" xlink:type="locator"/>
    <link:presentationArc order="30.0" xlink:arcrole="http://www.xbrl.org/2003/arcrole/parent-child" xlink:from="loc_44" xlink:to="loc_119" xlink:type="arc"/>
    <link:loc xlink:href="../../full_ifrs-cor_2014-03-05.xsd#ifrs-full_DescriptionOfInternalReportingProceduresForDiscussingAndAssessingFairValueMeasurementsEntitysOwnEquityInstruments" xlink:label="loc_120" xlink:type="locator"/>
    <link:presentationArc order="30.0" xlink:arcrole="http://www.xbrl.org/2003/arcrole/parent-child" xlink:from="loc_46" xlink:to="loc_120" xlink:type="arc"/>
    <link:presentationArc order="30.0" xlink:arcrole="http://www.xbrl.org/2003/arcrole/parent-child" xlink:from="loc_49" xlink:to="loc_51" xlink:type="arc"/>
    <link:loc xlink:href="../../full_ifrs-cor_2014-03-05.xsd#ifrs-full_MatrixPricingMember" xlink:label="loc_121" xlink:type="locator"/>
    <link:presentationArc order="30.0" xlink:arcrole="http://www.xbrl.org/2003/arcrole/parent-child" xlink:from="loc_52" xlink:to="loc_121" xlink:type="arc"/>
    <link:presentationArc order="30.0" xlink:arcrole="http://www.xbrl.org/2003/arcrole/parent-child" xlink:from="loc_50" xlink:to="loc_55" xlink:type="arc"/>
    <link:loc xlink:href="../../full_ifrs-cor_2014-03-05.xsd#ifrs-full_MultiperiodExcessEarningsMethodMember" xlink:label="loc_122" xlink:type="locator"/>
    <link:presentationArc order="30.0" xlink:arcrole="http://www.xbrl.org/2003/arcrole/parent-child" xlink:from="loc_55" xlink:to="loc_122" xlink:type="arc"/>
    <link:loc xlink:href="../../full_ifrs-cor_2014-03-05.xsd#ifrs-full_TopOfRangeMember" xlink:label="loc_123" xlink:type="locator"/>
    <link:presentationArc order="30.0" xlink:arcrole="http://www.xbrl.org/2003/arcrole/parent-child" xlink:from="loc_56" xlink:to="loc_123" xlink:type="arc"/>
    <link:loc xlink:href="../../full_ifrs-cor_2014-03-05.xsd#ifrs-full_AdjustmentToMidmarketConsensusPriceSignificantUnobservableInputsAssets" xlink:label="loc_124" xlink:type="locator"/>
    <link:presentationArc order="30.0" xlink:arcrole="http://www.xbrl.org/2003/arcrole/parent-child" xlink:from="loc_60" xlink:to="loc_124" xlink:type="arc"/>
    <link:presentationArc order="30.0" xlink:arcrole="http://www.xbrl.org/2003/arcrole/parent-child" xlink:from="loc_63" xlink:to="loc_51" xlink:type="arc"/>
    <link:loc xlink:href="../../full_ifrs-cor_2014-03-05.xsd#ifrs-full_AdjustmentToMidmarketConsensusPriceSignificantUnobservableInputsLiabilities" xlink:label="loc_125" xlink:type="locator"/>
    <link:presentationArc order="30.0" xlink:arcrole="http://www.xbrl.org/2003/arcrole/parent-child" xlink:from="loc_65" xlink:to="loc_125" xlink:type="arc"/>
    <link:presentationArc order="30.0" xlink:arcrole="http://www.xbrl.org/2003/arcrole/parent-child" xlink:from="loc_68" xlink:to="loc_51" xlink:type="arc"/>
    <link:loc xlink:href="../../full_ifrs-cor_2014-03-05.xsd#ifrs-full_AdjustmentToMidmarketConsensusPriceSignificantUnobservableInputsEntitysOwnEquityInstruments" xlink:label="loc_126" xlink:type="locator"/>
    <link:presentationArc order="30.0" xlink:arcrole="http://www.xbrl.org/2003/arcrole/parent-child" xlink:from="loc_70" xlink:to="loc_126" xlink:type="arc"/>
    <link:loc xlink:href="../../full_ifrs-cor_2014-03-05.xsd#ifrs-full_HedgeFundInvestmentsMember" xlink:label="loc_127" xlink:type="locator"/>
    <link:presentationArc order="40.0" xlink:arcrole="http://www.xbrl.org/2003/arcrole/parent-child" xlink:from="loc_1" xlink:to="loc_127" xlink:type="arc"/>
    <link:loc xlink:href="../../full_ifrs-cor_2014-03-05.xsd#ifrs-full_DescriptionOfReasonsForTransfersOutOfLevel1IntoLevel2OfFairValueHierarchyAssets" xlink:label="loc_128" xlink:type="locator"/>
    <link:presentationArc order="40.0" xlink:arcrole="http://www.xbrl.org/2003/arcrole/parent-child" xlink:from="loc_16" xlink:to="loc_128" xlink:type="arc"/>
    <link:loc xlink:href="../../full_ifrs-cor_2014-03-05.xsd#ifrs-full_SalesFairValueMeasurementAssets" xlink:label="loc_129" xlink:type="locator"/>
    <link:presentationArc order="40.0" preferredLabel="http://www.xbrl.org/2009/role/negatedLabel" xlink:arcrole="http://www.xbrl.org/2003/arcrole/parent-child" xlink:from="loc_19" xlink:to="loc_129" xlink:type="arc"/>
    <link:loc xlink:href="../../full_ifrs-cor_2014-03-05.xsd#ifrs-full_DescriptionOfFrequencyAndMethodsForTestingProceduresOfPricingModelsAssets" xlink:label="loc_130" xlink:type="locator"/>
    <link:presentationArc order="40.0" xlink:arcrole="http://www.xbrl.org/2003/arcrole/parent-child" xlink:from="loc_21" xlink:to="loc_130" xlink:type="arc"/>
    <link:loc xlink:href="../../full_ifrs-cor_2014-03-05.xsd#ifrs-full_DescriptionOfFrequencyAndMethodsForTestingProceduresOfPricingModelsLiabilities" xlink:label="loc_131" xlink:type="locator"/>
    <link:presentationArc order="40.0" xlink:arcrole="http://www.xbrl.org/2003/arcrole/parent-child" xlink:from="loc_28" xlink:to="loc_131" xlink:type="arc"/>
    <link:loc xlink:href="../../full_ifrs-cor_2014-03-05.xsd#ifrs-full_SalesFairValueMeasurementLiabilities" xlink:label="loc_132" xlink:type="locator"/>
    <link:presentationArc order="40.0" preferredLabel="http://www.xbrl.org/2009/role/negatedLabel" xlink:arcrole="http://www.xbrl.org/2003/arcrole/parent-child" xlink:from="loc_32" xlink:to="loc_132" xlink:type="arc"/>
    <link:loc xlink:href="../../full_ifrs-cor_2014-03-05.xsd#ifrs-full_DescriptionOfReasonsForTransfersOutOfLevel1IntoLevel2OfFairValueHierarchyLiabilities" xlink:label="loc_133" xlink:type="locator"/>
    <link:presentationArc order="40.0" xlink:arcrole="http://www.xbrl.org/2003/arcrole/parent-child" xlink:from="loc_33" xlink:to="loc_133" xlink:type="arc"/>
    <link:loc xlink:href="../../full_ifrs-cor_2014-03-05.xsd#ifrs-full_DescriptionOfReasonsForTransfersOutOfLevel1IntoLevel2OfFairValueHierarchyEntitysOwnEquityInstruments" xlink:label="loc_134" xlink:type="locator"/>
    <link:presentationArc order="40.0" xlink:arcrole="http://www.xbrl.org/2003/arcrole/parent-child" xlink:from="loc_40" xlink:to="loc_134" xlink:type="arc"/>
    <link:loc xlink:href="../../full_ifrs-cor_2014-03-05.xsd#ifrs-full_SalesFairValueMeasurementEntitysOwnEquityInstruments" xlink:label="loc_135" xlink:type="locator"/>
    <link:presentationArc order="40.0" preferredLabel="http://www.xbrl.org/2009/role/negatedLabel" xlink:arcrole="http://www.xbrl.org/2003/arcrole/parent-child" xlink:from="loc_44" xlink:to="loc_135" xlink:type="arc"/>
    <link:loc xlink:href="../../full_ifrs-cor_2014-03-05.xsd#ifrs-full_DescriptionOfFrequencyAndMethodsForTestingProceduresOfPricingModelsEntitysOwnEquityInstruments" xlink:label="loc_136" xlink:type="locator"/>
    <link:presentationArc order="40.0" xlink:arcrole="http://www.xbrl.org/2003/arcrole/parent-child" xlink:from="loc_46" xlink:to="loc_136" xlink:type="arc"/>
    <link:presentationArc order="40.0" xlink:arcrole="http://www.xbrl.org/2003/arcrole/parent-child" xlink:from="loc_9" xlink:to="loc_48" xlink:type="arc"/>
    <link:loc xlink:href="../../full_ifrs-cor_2014-03-05.xsd#ifrs-full_ConsensusPricingMember" xlink:label="loc_137" xlink:type="locator"/>
    <link:presentationArc order="40.0" xlink:arcrole="http://www.xbrl.org/2003/arcrole/parent-child" xlink:from="loc_52" xlink:to="loc_137" xlink:type="arc"/>
    <link:presentationArc order="40.0" xlink:arcrole="http://www.xbrl.org/2003/arcrole/parent-child" xlink:from="loc_49" xlink:to="loc_57" xlink:type="arc"/>
    <link:loc xlink:href="../../full_ifrs-cor_2014-03-05.xsd#ifrs-full_CurrentEstimateOfFutureCashOutflowsToBePaidToFulfilObligationSignificantUnobservableInputsAssets" xlink:label="loc_138" xlink:type="locator"/>
    <link:presentationArc order="40.0" xlink:arcrole="http://www.xbrl.org/2003/arcrole/parent-child" xlink:from="loc_60" xlink:to="loc_138" xlink:type="arc"/>
    <link:presentationArc order="40.0" xlink:arcrole="http://www.xbrl.org/2003/arcrole/parent-child" xlink:from="loc_63" xlink:to="loc_57" xlink:type="arc"/>
    <link:loc xlink:href="../../full_ifrs-cor_2014-03-05.xsd#ifrs-full_CurrentEstimateOfFutureCashOutflowsToBePaidToFulfilObligationSignificantUnobservableInputsLiabilities" xlink:label="loc_139" xlink:type="locator"/>
    <link:presentationArc order="40.0" xlink:arcrole="http://www.xbrl.org/2003/arcrole/parent-child" xlink:from="loc_65" xlink:to="loc_139" xlink:type="arc"/>
    <link:presentationArc order="40.0" xlink:arcrole="http://www.xbrl.org/2003/arcrole/parent-child" xlink:from="loc_68" xlink:to="loc_57" xlink:type="arc"/>
    <link:loc xlink:href="../../full_ifrs-cor_2014-03-05.xsd#ifrs-full_CurrentEstimateOfFutureCashOutflowsToBePaidToFulfilObligationSignificantUnobservableInputsEntitysOwnEquityInstruments" xlink:label="loc_140" xlink:type="locator"/>
    <link:presentationArc order="40.0" xlink:arcrole="http://www.xbrl.org/2003/arcrole/parent-child" xlink:from="loc_70" xlink:to="loc_140" xlink:type="arc"/>
    <link:loc xlink:href="../../full_ifrs-cor_2014-03-05.xsd#ifrs-full_DerivativesMember" xlink:label="loc_141" xlink:type="locator"/>
    <link:presentationArc order="50.0" xlink:arcrole="http://www.xbrl.org/2003/arcrole/parent-child" xlink:from="loc_1" xlink:to="loc_141" xlink:type="arc"/>
    <link:loc xlink:href="../../full_ifrs-cor_2014-03-05.xsd#ifrs-full_TransfersOutOfLevel2IntoLevel1OfFairValueHierarchyAssets" xlink:label="loc_142" xlink:type="locator"/>
    <link:presentationArc order="50.0" xlink:arcrole="http://www.xbrl.org/2003/arcrole/parent-child" xlink:from="loc_16" xlink:to="loc_142" xlink:type="arc"/>
    <link:loc xlink:href="../../full_ifrs-cor_2014-03-05.xsd#ifrs-full_IssuesFairValueMeasurementAssets" xlink:label="loc_143" xlink:type="locator"/>
    <link:presentationArc order="50.0" xlink:arcrole="http://www.xbrl.org/2003/arcrole/parent-child" xlink:from="loc_19" xlink:to="loc_143" xlink:type="arc"/>
    <link:loc xlink:href="../../full_ifrs-cor_2014-03-05.xsd#ifrs-full_DescriptionOfProcessForAnalysingChangesInFairValueMeasurementsAssets" xlink:label="loc_144" xlink:type="locator"/>
    <link:presentationArc order="50.0" xlink:arcrole="http://www.xbrl.org/2003/arcrole/parent-child" xlink:from="loc_21" xlink:to="loc_144" xlink:type="arc"/>
    <link:loc xlink:href="../../full_ifrs-cor_2014-03-05.xsd#ifrs-full_DescriptionOfProcessForAnalysingChangesInFairValueMeasurementsLiabilities" xlink:label="loc_145" xlink:type="locator"/>
    <link:presentationArc order="50.0" xlink:arcrole="http://www.xbrl.org/2003/arcrole/parent-child" xlink:from="loc_28" xlink:to="loc_145" xlink:type="arc"/>
    <link:loc xlink:href="../../full_ifrs-cor_2014-03-05.xsd#ifrs-full_IssuesFairValueMeasurementLiabilities" xlink:label="loc_146" xlink:type="locator"/>
    <link:presentationArc order="50.0" xlink:arcrole="http://www.xbrl.org/2003/arcrole/parent-child" xlink:from="loc_32" xlink:to="loc_146" xlink:type="arc"/>
    <link:loc xlink:href="../../full_ifrs-cor_2014-03-05.xsd#ifrs-full_TransfersOutOfLevel2IntoLevel1OfFairValueHierarchyLiabilities" xlink:label="loc_147" xlink:type="locator"/>
    <link:presentationArc order="50.0" xlink:arcrole="http://www.xbrl.org/2003/arcrole/parent-child" xlink:from="loc_33" xlink:to="loc_147" xlink:type="arc"/>
    <link:loc xlink:href="../../full_ifrs-cor_2014-03-05.xsd#ifrs-full_TransfersOutOfLevel2IntoLevel1OfFairValueHierarchyEntitysOwnEquityInstruments" xlink:label="loc_148" xlink:type="locator"/>
    <link:presentationArc order="50.0" xlink:arcrole="http://www.xbrl.org/2003/arcrole/parent-child" xlink:from="loc_40" xlink:to="loc_148" xlink:type="arc"/>
    <link:loc xlink:href="../../full_ifrs-cor_2014-03-05.xsd#ifrs-full_IssuesFairValueMeasurementEntitysOwnEquityInstruments" xlink:label="loc_149" xlink:type="locator"/>
    <link:presentationArc order="50.0" xlink:arcrole="http://www.xbrl.org/2003/arcrole/parent-child" xlink:from="loc_44" xlink:to="loc_149" xlink:type="arc"/>
    <link:loc xlink:href="../../full_ifrs-cor_2014-03-05.xsd#ifrs-full_DescriptionOfProcessForAnalysingChangesInFairValueMeasurementsEntitysOwnEquityInstruments" xlink:label="loc_150" xlink:type="locator"/>
    <link:presentationArc order="50.0" xlink:arcrole="http://www.xbrl.org/2003/arcrole/parent-child" xlink:from="loc_46" xlink:to="loc_150" xlink:type="arc"/>
    <link:loc xlink:href="../../full_ifrs-cor_2014-03-05.xsd#ifrs-full_FinancialForecastOfProfitOrLossForCashgeneratingUnitSignificantUnobservableInputsAssets" xlink:label="loc_151" xlink:type="locator"/>
    <link:presentationArc order="50.0" xlink:arcrole="http://www.xbrl.org/2003/arcrole/parent-child" xlink:from="loc_60" xlink:to="loc_151" xlink:type="arc"/>
    <link:presentationArc order="50.0" xlink:arcrole="http://www.xbrl.org/2003/arcrole/parent-child" xlink:from="loc_9" xlink:to="loc_62" xlink:type="arc"/>
    <link:loc xlink:href="../../full_ifrs-cor_2014-03-05.xsd#ifrs-full_FinancialForecastOfProfitOrLossForCashgeneratingUnitSignificantUnobservableInputsLiabilities" xlink:label="loc_152" xlink:type="locator"/>
    <link:presentationArc order="50.0" xlink:arcrole="http://www.xbrl.org/2003/arcrole/parent-child" xlink:from="loc_65" xlink:to="loc_152" xlink:type="arc"/>
    <link:loc xlink:href="../../full_ifrs-cor_2014-03-05.xsd#ifrs-full_FinancialForecastOfProfitOrLossForCashgeneratingUnitSignificantUnobservableInputsEntitysOwnEquityInstruments" xlink:label="loc_153" xlink:type="locator"/>
    <link:presentationArc order="50.0" xlink:arcrole="http://www.xbrl.org/2003/arcrole/parent-child" xlink:from="loc_70" xlink:to="loc_153" xlink:type="arc"/>
    <link:loc xlink:href="../../full_ifrs-cor_2014-03-05.xsd#ifrs-full_InvestmentPropertyMember" xlink:label="loc_154" xlink:type="locator"/>
    <link:presentationArc order="60.0" xlink:arcrole="http://www.xbrl.org/2003/arcrole/parent-child" xlink:from="loc_1" xlink:to="loc_154" xlink:type="arc"/>
    <link:loc xlink:href="../../full_ifrs-cor_2014-03-05.xsd#ifrs-full_DescriptionOfReasonsForTransfersOutOfLevel2IntoLevel1OfFairValueHierarchyAssets" xlink:label="loc_155" xlink:type="locator"/>
    <link:presentationArc order="60.0" xlink:arcrole="http://www.xbrl.org/2003/arcrole/parent-child" xlink:from="loc_16" xlink:to="loc_155" xlink:type="arc"/>
    <link:loc xlink:href="../../full_ifrs-cor_2014-03-05.xsd#ifrs-full_SettlementsFairValueMeasurementAssets" xlink:label="loc_156" xlink:type="locator"/>
    <link:presentationArc order="60.0" preferredLabel="http://www.xbrl.org/2009/role/negatedLabel" xlink:arcrole="http://www.xbrl.org/2003/arcrole/parent-child" xlink:from="loc_19" xlink:to="loc_156" xlink:type="arc"/>
    <link:loc xlink:href="../../full_ifrs-cor_2014-03-05.xsd#ifrs-full_DescriptionOfHowEntityDeterminedThatThirdpartyInformationUsedInFairValueMeasurementWasDevelopedInAccordanceWithIFRS13Assets" xlink:label="loc_157" xlink:type="locator"/>
    <link:presentationArc order="60.0" xlink:arcrole="http://www.xbrl.org/2003/arcrole/parent-child" xlink:from="loc_21" xlink:to="loc_157" xlink:type="arc"/>
    <link:loc xlink:href="../../full_ifrs-cor_2014-03-05.xsd#ifrs-full_DescriptionOfHowEntityDeterminedThatThirdpartyInformationUsedInFairValueMeasurementWasDevelopedInAccordanceWithIFRS13Liabilities" xlink:label="loc_158" xlink:type="locator"/>
    <link:presentationArc order="60.0" xlink:arcrole="http://www.xbrl.org/2003/arcrole/parent-child" xlink:from="loc_28" xlink:to="loc_158" xlink:type="arc"/>
    <link:loc xlink:href="../../full_ifrs-cor_2014-03-05.xsd#ifrs-full_SettlementsFairValueMeasurementLiabilities" xlink:label="loc_159" xlink:type="locator"/>
    <link:presentationArc order="60.0" preferredLabel="http://www.xbrl.org/2009/role/negatedLabel" xlink:arcrole="http://www.xbrl.org/2003/arcrole/parent-child" xlink:from="loc_32" xlink:to="loc_159" xlink:type="arc"/>
    <link:loc xlink:href="../../full_ifrs-cor_2014-03-05.xsd#ifrs-full_DescriptionOfReasonsForTransfersOutOfLevel2IntoLevel1OfFairValueHierarchyLiabilities" xlink:label="loc_160" xlink:type="locator"/>
    <link:presentationArc order="60.0" xlink:arcrole="http://www.xbrl.org/2003/arcrole/parent-child" xlink:from="loc_33" xlink:to="loc_160" xlink:type="arc"/>
    <link:loc xlink:href="../../full_ifrs-cor_2014-03-05.xsd#ifrs-full_DescriptionOfReasonsForTransfersOutOfLevel2IntoLevel1OfFairValueHierarchyEntitysOwnEquityInstruments" xlink:label="loc_161" xlink:type="locator"/>
    <link:presentationArc order="60.0" xlink:arcrole="http://www.xbrl.org/2003/arcrole/parent-child" xlink:from="loc_40" xlink:to="loc_161" xlink:type="arc"/>
    <link:loc xlink:href="../../full_ifrs-cor_2014-03-05.xsd#ifrs-full_SettlementsFairValueMeasurementEntitysOwnEquityInstruments" xlink:label="loc_162" xlink:type="locator"/>
    <link:presentationArc order="60.0" preferredLabel="http://www.xbrl.org/2009/role/negatedLabel" xlink:arcrole="http://www.xbrl.org/2003/arcrole/parent-child" xlink:from="loc_44" xlink:to="loc_162" xlink:type="arc"/>
    <link:loc xlink:href="../../full_ifrs-cor_2014-03-05.xsd#ifrs-full_DescriptionOfHowEntityDeterminedThatThirdpartyInformationUsedInFairValueMeasurementWasDevelopedInAccordanceWithIFRS13EntitysOwnEquityInstruments" xlink:label="loc_163" xlink:type="locator"/>
    <link:presentationArc order="60.0" xlink:arcrole="http://www.xbrl.org/2003/arcrole/parent-child" xlink:from="loc_46" xlink:to="loc_163" xlink:type="arc"/>
    <link:loc xlink:href="../../full_ifrs-cor_2014-03-05.xsd#ifrs-full_FinancialForecastOfCashFlowsForCashgeneratingUnitSignificantUnobservableInputsAssets" xlink:label="loc_164" xlink:type="locator"/>
    <link:presentationArc order="60.0" xlink:arcrole="http://www.xbrl.org/2003/arcrole/parent-child" xlink:from="loc_60" xlink:to="loc_164" xlink:type="arc"/>
    <link:loc xlink:href="../../full_ifrs-cor_2014-03-05.xsd#ifrs-full_FinancialForecastOfCashFlowsForCashgeneratingUnitSignificantUnobservableInputsLiabilities" xlink:label="loc_165" xlink:type="locator"/>
    <link:presentationArc order="60.0" xlink:arcrole="http://www.xbrl.org/2003/arcrole/parent-child" xlink:from="loc_65" xlink:to="loc_165" xlink:type="arc"/>
    <link:presentationArc order="60.0" xlink:arcrole="http://www.xbrl.org/2003/arcrole/parent-child" xlink:from="loc_9" xlink:to="loc_67" xlink:type="arc"/>
    <link:loc xlink:href="../../full_ifrs-cor_2014-03-05.xsd#ifrs-full_FinancialForecastOfCashFlowsForCashgeneratingUnitSignificantUnobservableInputsEntitysOwnEquityInstruments" xlink:label="loc_166" xlink:type="locator"/>
    <link:presentationArc order="60.0" xlink:arcrole="http://www.xbrl.org/2003/arcrole/parent-child" xlink:from="loc_70" xlink:to="loc_166" xlink:type="arc"/>
    <link:loc xlink:href="../../full_ifrs-cor_2014-03-05.xsd#ifrs-full_NoncurrentAssetsHeldForSaleMember" xlink:label="loc_167" xlink:type="locator"/>
    <link:presentationArc order="70.0" xlink:arcrole="http://www.xbrl.org/2003/arcrole/parent-child" xlink:from="loc_1" xlink:to="loc_167" xlink:type="arc"/>
    <link:loc xlink:href="../../full_ifrs-cor_2014-03-05.xsd#ifrs-full_DescriptionOfPolicyForDeterminingWhenTransfersBetweenLevelsAreDeemedToHaveOccurredAssets" xlink:label="loc_168" xlink:type="locator"/>
    <link:presentationArc order="70.0" xlink:arcrole="http://www.xbrl.org/2003/arcrole/parent-child" xlink:from="loc_16" xlink:to="loc_168" xlink:type="arc"/>
    <link:loc xlink:href="../../full_ifrs-cor_2014-03-05.xsd#ifrs-full_TransfersIntoLevel3OfFairValueHierarchyAssets" xlink:label="loc_169" xlink:type="locator"/>
    <link:presentationArc order="70.0" xlink:arcrole="http://www.xbrl.org/2003/arcrole/parent-child" xlink:from="loc_19" xlink:to="loc_169" xlink:type="arc"/>
    <link:loc xlink:href="../../full_ifrs-cor_2014-03-05.xsd#ifrs-full_DescriptionOfMethodsUsedToDevelopAndSubstantiateUnobservableInputsUsedInFairValueMeasurementAssets" xlink:label="loc_170" xlink:type="locator"/>
    <link:presentationArc order="70.0" xlink:arcrole="http://www.xbrl.org/2003/arcrole/parent-child" xlink:from="loc_21" xlink:to="loc_170" xlink:type="arc"/>
    <link:loc xlink:href="../../full_ifrs-cor_2014-03-05.xsd#ifrs-full_DescriptionOfMethodsUsedToDevelopAndSubstantiateUnobservableInputsUsedInFairValueMeasurementLiabilities" xlink:label="loc_171" xlink:type="locator"/>
    <link:presentationArc order="70.0" xlink:arcrole="http://www.xbrl.org/2003/arcrole/parent-child" xlink:from="loc_28" xlink:to="loc_171" xlink:type="arc"/>
    <link:loc xlink:href="../../full_ifrs-cor_2014-03-05.xsd#ifrs-full_TransfersIntoLevel3OfFairValueHierarchyLiabilities" xlink:label="loc_172" xlink:type="locator"/>
    <link:presentationArc order="70.0" xlink:arcrole="http://www.xbrl.org/2003/arcrole/parent-child" xlink:from="loc_32" xlink:to="loc_172" xlink:type="arc"/>
    <link:loc xlink:href="../../full_ifrs-cor_2014-03-05.xsd#ifrs-full_DescriptionOfPolicyForDeterminingWhenTransfersBetweenLevelsAreDeemedToHaveOccurredLiabilities" xlink:label="loc_173" xlink:type="locator"/>
    <link:presentationArc order="70.0" xlink:arcrole="http://www.xbrl.org/2003/arcrole/parent-child" xlink:from="loc_33" xlink:to="loc_173" xlink:type="arc"/>
    <link:loc xlink:href="../../full_ifrs-cor_2014-03-05.xsd#ifrs-full_DescriptionOfPolicyForDeterminingWhenTransfersBetweenLevelsAreDeemedToHaveOccurredEntitysOwnEquityInstruments" xlink:label="loc_174" xlink:type="locator"/>
    <link:presentationArc order="70.0" xlink:arcrole="http://www.xbrl.org/2003/arcrole/parent-child" xlink:from="loc_40" xlink:to="loc_174" xlink:type="arc"/>
    <link:loc xlink:href="../../full_ifrs-cor_2014-03-05.xsd#ifrs-full_TransfersIntoLevel3OfFairValueHierarchyEntitysOwnEquityInstruments" xlink:label="loc_175" xlink:type="locator"/>
    <link:presentationArc order="70.0" xlink:arcrole="http://www.xbrl.org/2003/arcrole/parent-child" xlink:from="loc_44" xlink:to="loc_175" xlink:type="arc"/>
    <link:loc xlink:href="../../full_ifrs-cor_2014-03-05.xsd#ifrs-full_DescriptionOfMethodsUsedToDevelopAndSubstantiateUnobservableInputsUsedInFairValueMeasurementEntitysOwnEquityInstruments" xlink:label="loc_176" xlink:type="locator"/>
    <link:presentationArc order="70.0" xlink:arcrole="http://www.xbrl.org/2003/arcrole/parent-child" xlink:from="loc_46" xlink:to="loc_176" xlink:type="arc"/>
    <link:loc xlink:href="../../full_ifrs-cor_2014-03-05.xsd#ifrs-full_WeightedAverageCostOfCapitalSignificantUnobservableInputsAssets" xlink:label="loc_177" xlink:type="locator"/>
    <link:presentationArc order="70.0" xlink:arcrole="http://www.xbrl.org/2003/arcrole/parent-child" xlink:from="loc_60" xlink:to="loc_177" xlink:type="arc"/>
    <link:loc xlink:href="../../full_ifrs-cor_2014-03-05.xsd#ifrs-full_WeightedAverageCostOfCapitalSignificantUnobservableInputsLiabilities" xlink:label="loc_178" xlink:type="locator"/>
    <link:presentationArc order="70.0" xlink:arcrole="http://www.xbrl.org/2003/arcrole/parent-child" xlink:from="loc_65" xlink:to="loc_178" xlink:type="arc"/>
    <link:loc xlink:href="../../full_ifrs-cor_2014-03-05.xsd#ifrs-full_WeightedAverageCostOfCapitalSignificantUnobservableInputsEntitysOwnEquityInstruments" xlink:label="loc_179" xlink:type="locator"/>
    <link:presentationArc order="70.0" xlink:arcrole="http://www.xbrl.org/2003/arcrole/parent-child" xlink:from="loc_70" xlink:to="loc_179" xlink:type="arc"/>
    <link:presentationArc order="70.0" xlink:arcrole="http://www.xbrl.org/2003/arcrole/parent-child" xlink:from="loc_9" xlink:to="loc_72" xlink:type="arc"/>
    <link:loc xlink:href="../../full_ifrs-cor_2014-03-05.xsd#ifrs-full_DescriptionOfValuationTechniquesUsedInFairValueMeasurementAssets" xlink:label="loc_180" xlink:type="locator"/>
    <link:presentationArc order="80.0" xlink:arcrole="http://www.xbrl.org/2003/arcrole/parent-child" xlink:from="loc_16" xlink:to="loc_180" xlink:type="arc"/>
    <link:loc xlink:href="../../full_ifrs-cor_2014-03-05.xsd#ifrs-full_TransfersOutOfLevel3OfFairValueHierarchyAssets" xlink:label="loc_181" xlink:type="locator"/>
    <link:presentationArc order="80.0" preferredLabel="http://www.xbrl.org/2009/role/negatedLabel" xlink:arcrole="http://www.xbrl.org/2003/arcrole/parent-child" xlink:from="loc_19" xlink:to="loc_181" xlink:type="arc"/>
    <link:loc xlink:href="../../full_ifrs-cor_2014-03-05.xsd#ifrs-full_TransfersOutOfLevel3OfFairValueHierarchyLiabilities" xlink:label="loc_182" xlink:type="locator"/>
    <link:presentationArc order="80.0" preferredLabel="http://www.xbrl.org/2009/role/negatedLabel" xlink:arcrole="http://www.xbrl.org/2003/arcrole/parent-child" xlink:from="loc_32" xlink:to="loc_182" xlink:type="arc"/>
    <link:loc xlink:href="../../full_ifrs-cor_2014-03-05.xsd#ifrs-full_DescriptionOfValuationTechniquesUsedInFairValueMeasurementLiabilities" xlink:label="loc_183" xlink:type="locator"/>
    <link:presentationArc order="80.0" xlink:arcrole="http://www.xbrl.org/2003/arcrole/parent-child" xlink:from="loc_33" xlink:to="loc_183" xlink:type="arc"/>
    <link:loc xlink:href="../../full_ifrs-cor_2014-03-05.xsd#ifrs-full_DescriptionOfValuationTechniquesUsedInFairValueMeasurementEntitysOwnEquityInstruments" xlink:label="loc_184" xlink:type="locator"/>
    <link:presentationArc order="80.0" xlink:arcrole="http://www.xbrl.org/2003/arcrole/parent-child" xlink:from="loc_40" xlink:to="loc_184" xlink:type="arc"/>
    <link:loc xlink:href="../../full_ifrs-cor_2014-03-05.xsd#ifrs-full_TransfersOutOfLevel3OfFairValueHierarchyEntitysOwnEquityInstruments" xlink:label="loc_185" xlink:type="locator"/>
    <link:presentationArc order="80.0" preferredLabel="http://www.xbrl.org/2009/role/negatedLabel" xlink:arcrole="http://www.xbrl.org/2003/arcrole/parent-child" xlink:from="loc_44" xlink:to="loc_185" xlink:type="arc"/>
    <link:loc xlink:href="../../full_ifrs-cor_2014-03-05.xsd#ifrs-full_RevenueMultipleSignificantUnobservableInputsAssets" xlink:label="loc_186" xlink:type="locator"/>
    <link:presentationArc order="80.0" xlink:arcrole="http://www.xbrl.org/2003/arcrole/parent-child" xlink:from="loc_60" xlink:to="loc_186" xlink:type="arc"/>
    <link:loc xlink:href="../../full_ifrs-cor_2014-03-05.xsd#ifrs-full_RevenueMultipleSignificantUnobservableInputsLiabilities" xlink:label="loc_187" xlink:type="locator"/>
    <link:presentationArc order="80.0" xlink:arcrole="http://www.xbrl.org/2003/arcrole/parent-child" xlink:from="loc_65" xlink:to="loc_187" xlink:type="arc"/>
    <link:loc xlink:href="../../full_ifrs-cor_2014-03-05.xsd#ifrs-full_RevenueMultipleSignificantUnobservableInputsEntitysOwnEquityInstruments" xlink:label="loc_188" xlink:type="locator"/>
    <link:presentationArc order="80.0" xlink:arcrole="http://www.xbrl.org/2003/arcrole/parent-child" xlink:from="loc_70" xlink:to="loc_188" xlink:type="arc"/>
    <link:loc xlink:href="../../full_ifrs-cor_2014-03-05.xsd#ifrs-full_DescriptionOfInputsUsedInFairValueMeasurementAssets" xlink:label="loc_189" xlink:type="locator"/>
    <link:presentationArc order="90.0" xlink:arcrole="http://www.xbrl.org/2003/arcrole/parent-child" xlink:from="loc_16" xlink:to="loc_189" xlink:type="arc"/>
    <link:loc xlink:href="../../full_ifrs-cor_2014-03-05.xsd#ifrs-full_IncreaseDecreaseInFairValueMeasurementAssets" xlink:label="loc_190" xlink:type="locator"/>
    <link:presentationArc order="90.0" preferredLabel="http://www.xbrl.org/2003/role/totalLabel" xlink:arcrole="http://www.xbrl.org/2003/arcrole/parent-child" xlink:from="loc_19" xlink:to="loc_190" xlink:type="arc"/>
    <link:loc xlink:href="../../full_ifrs-cor_2014-03-05.xsd#ifrs-full_IncreaseDecreaseInFairValueMeasurementLiabilities" xlink:label="loc_191" xlink:type="locator"/>
    <link:presentationArc order="90.0" preferredLabel="http://www.xbrl.org/2003/role/totalLabel" xlink:arcrole="http://www.xbrl.org/2003/arcrole/parent-child" xlink:from="loc_32" xlink:to="loc_191" xlink:type="arc"/>
    <link:loc xlink:href="../../full_ifrs-cor_2014-03-05.xsd#ifrs-full_DescriptionOfInputsUsedInFairValueMeasurementLiabilities" xlink:label="loc_192" xlink:type="locator"/>
    <link:presentationArc order="90.0" xlink:arcrole="http://www.xbrl.org/2003/arcrole/parent-child" xlink:from="loc_33" xlink:to="loc_192" xlink:type="arc"/>
    <link:loc xlink:href="../../full_ifrs-cor_2014-03-05.xsd#ifrs-full_DescriptionOfInputsUsedInFairValueMeasurementEntitysOwnEquityInstruments" xlink:label="loc_193" xlink:type="locator"/>
    <link:presentationArc order="90.0" xlink:arcrole="http://www.xbrl.org/2003/arcrole/parent-child" xlink:from="loc_40" xlink:to="loc_193" xlink:type="arc"/>
    <link:loc xlink:href="../../full_ifrs-cor_2014-03-05.xsd#ifrs-full_IncreaseDecreaseInFairValueMeasurementEntitysOwnEquityInstruments" xlink:label="loc_194" xlink:type="locator"/>
    <link:presentationArc order="90.0" preferredLabel="http://www.xbrl.org/2003/role/totalLabel" xlink:arcrole="http://www.xbrl.org/2003/arcrole/parent-child" xlink:from="loc_44" xlink:to="loc_194" xlink:type="arc"/>
    <link:loc xlink:href="../../full_ifrs-cor_2014-03-05.xsd#ifrs-full_ConstantPrepaymentRateSignificantUnobservableInputsAssets" xlink:label="loc_195" xlink:type="locator"/>
    <link:presentationArc order="90.0" xlink:arcrole="http://www.xbrl.org/2003/arcrole/parent-child" xlink:from="loc_60" xlink:to="loc_195" xlink:type="arc"/>
    <link:loc xlink:href="../../full_ifrs-cor_2014-03-05.xsd#ifrs-full_ConstantPrepaymentRateSignificantUnobservableInputsLiabilities" xlink:label="loc_196" xlink:type="locator"/>
    <link:presentationArc order="90.0" xlink:arcrole="http://www.xbrl.org/2003/arcrole/parent-child" xlink:from="loc_65" xlink:to="loc_196" xlink:type="arc"/>
    <link:loc xlink:href="../../full_ifrs-cor_2014-03-05.xsd#ifrs-full_ConstantPrepaymentRateSignificantUnobservableInputsEntitysOwnEquityInstruments" xlink:label="loc_197" xlink:type="locator"/>
    <link:presentationArc order="90.0" xlink:arcrole="http://www.xbrl.org/2003/arcrole/parent-child" xlink:from="loc_70" xlink:to="loc_197" xlink:type="arc"/>
    <link:loc xlink:href="../../full_ifrs-cor_2014-03-05.xsd#ifrs-full_DescriptionOfChangeInValuationTechniqueUsedInFairValueMeasurementAssets" xlink:label="loc_198" xlink:type="locator"/>
    <link:presentationArc order="100.0" xlink:arcrole="http://www.xbrl.org/2003/arcrole/parent-child" xlink:from="loc_16" xlink:to="loc_198" xlink:type="arc"/>
    <link:loc xlink:href="../../full_ifrs-cor_2014-03-05.xsd#ifrs-full_DescriptionOfChangeInValuationTechniqueUsedInFairValueMeasurementLiabilities" xlink:label="loc_199" xlink:type="locator"/>
    <link:presentationArc order="100.0" xlink:arcrole="http://www.xbrl.org/2003/arcrole/parent-child" xlink:from="loc_33" xlink:to="loc_199" xlink:type="arc"/>
    <link:loc xlink:href="../../full_ifrs-cor_2014-03-05.xsd#ifrs-full_DescriptionOfChangeInValuationTechniqueUsedInFairValueMeasurementEntitysOwnEquityInstruments" xlink:label="loc_200" xlink:type="locator"/>
    <link:presentationArc order="100.0" xlink:arcrole="http://www.xbrl.org/2003/arcrole/parent-child" xlink:from="loc_40" xlink:to="loc_200" xlink:type="arc"/>
    <link:loc xlink:href="../../full_ifrs-cor_2014-03-05.xsd#ifrs-full_ProbabilityOfDefaultSignificantUnobservableInputsAssets" xlink:label="loc_201" xlink:type="locator"/>
    <link:presentationArc order="100.0" xlink:arcrole="http://www.xbrl.org/2003/arcrole/parent-child" xlink:from="loc_60" xlink:to="loc_201" xlink:type="arc"/>
    <link:loc xlink:href="../../full_ifrs-cor_2014-03-05.xsd#ifrs-full_ProbabilityOfDefaultSignificantUnobservableInputsLiabilities" xlink:label="loc_202" xlink:type="locator"/>
    <link:presentationArc order="100.0" xlink:arcrole="http://www.xbrl.org/2003/arcrole/parent-child" xlink:from="loc_65" xlink:to="loc_202" xlink:type="arc"/>
    <link:loc xlink:href="../../full_ifrs-cor_2014-03-05.xsd#ifrs-full_ProbabilityOfDefaultSignificantUnobservableInputsEntitysOwnEquityInstruments" xlink:label="loc_203" xlink:type="locator"/>
    <link:presentationArc order="100.0" xlink:arcrole="http://www.xbrl.org/2003/arcrole/parent-child" xlink:from="loc_70" xlink:to="loc_203" xlink:type="arc"/>
    <link:loc xlink:href="../../full_ifrs-cor_2014-03-05.xsd#ifrs-full_DescriptionOfReasonsForChangeInValuationTechniqueUsedInFairValueMeasurementAssets" xlink:label="loc_204" xlink:type="locator"/>
    <link:presentationArc order="110.0" xlink:arcrole="http://www.xbrl.org/2003/arcrole/parent-child" xlink:from="loc_16" xlink:to="loc_204" xlink:type="arc"/>
    <link:loc xlink:href="../../full_ifrs-cor_2014-03-05.xsd#ifrs-full_DescriptionOfReasonsForChangeInValuationTechniqueUsedInFairValueMeasurementLiabilities" xlink:label="loc_205" xlink:type="locator"/>
    <link:presentationArc order="110.0" xlink:arcrole="http://www.xbrl.org/2003/arcrole/parent-child" xlink:from="loc_33" xlink:to="loc_205" xlink:type="arc"/>
    <link:loc xlink:href="../../full_ifrs-cor_2014-03-05.xsd#ifrs-full_DescriptionOfReasonsForChangeInValuationTechniqueUsedInFairValueMeasurementEntitysOwnEquityInstruments" xlink:label="loc_206" xlink:type="locator"/>
    <link:presentationArc order="110.0" xlink:arcrole="http://www.xbrl.org/2003/arcrole/parent-child" xlink:from="loc_40" xlink:to="loc_206" xlink:type="arc"/>
    <link:presentationArc order="120.0" xlink:arcrole="http://www.xbrl.org/2003/arcrole/parent-child" xlink:from="loc_16" xlink:to="loc_17" xlink:type="arc"/>
    <link:presentationArc order="120.0" xlink:arcrole="http://www.xbrl.org/2003/arcrole/parent-child" xlink:from="loc_33" xlink:to="loc_30" xlink:type="arc"/>
    <link:presentationArc order="120.0" xlink:arcrole="http://www.xbrl.org/2003/arcrole/parent-child" xlink:from="loc_40" xlink:to="loc_42" xlink:type="arc"/>
    <link:loc xlink:href="../../full_ifrs-cor_2014-03-05.xsd#ifrs-full_DescriptionOfLineItemsInProfitOrLossWhereGainsLossesAreRecognisedFairValueMeasurementAssets" xlink:label="loc_207" xlink:type="locator"/>
    <link:presentationArc order="130.0" xlink:arcrole="http://www.xbrl.org/2003/arcrole/parent-child" xlink:from="loc_16" xlink:to="loc_207" xlink:type="arc"/>
    <link:loc xlink:href="../../full_ifrs-cor_2014-03-05.xsd#ifrs-full_DescriptionOfLineItemsInProfitOrLossWhereGainsLossesAreRecognisedFairValueMeasurementLiabilities" xlink:label="loc_208" xlink:type="locator"/>
    <link:presentationArc order="130.0" xlink:arcrole="http://www.xbrl.org/2003/arcrole/parent-child" xlink:from="loc_33" xlink:to="loc_208" xlink:type="arc"/>
    <link:loc xlink:href="../../full_ifrs-cor_2014-03-05.xsd#ifrs-full_DescriptionOfLineItemsInProfitOrLossWhereGainsLossesAreRecognisedFairValueMeasurementEntitysOwnEquityInstruments" xlink:label="loc_209" xlink:type="locator"/>
    <link:presentationArc order="130.0" xlink:arcrole="http://www.xbrl.org/2003/arcrole/parent-child" xlink:from="loc_40" xlink:to="loc_209" xlink:type="arc"/>
    <link:loc xlink:href="../../full_ifrs-cor_2014-03-05.xsd#ifrs-full_DescriptionOfLineItemsInOtherComprehensiveIncomeWhereGainsLossesAreRecognisedFairValueMeasurementAssets" xlink:label="loc_210" xlink:type="locator"/>
    <link:presentationArc order="140.0" xlink:arcrole="http://www.xbrl.org/2003/arcrole/parent-child" xlink:from="loc_16" xlink:to="loc_210" xlink:type="arc"/>
    <link:loc xlink:href="../../full_ifrs-cor_2014-03-05.xsd#ifrs-full_DescriptionOfLineItemsInOtherComprehensiveIncomeWhereGainsLossesAreRecognisedFairValueMeasurementLiabilities" xlink:label="loc_211" xlink:type="locator"/>
    <link:presentationArc order="140.0" xlink:arcrole="http://www.xbrl.org/2003/arcrole/parent-child" xlink:from="loc_33" xlink:to="loc_211" xlink:type="arc"/>
    <link:loc xlink:href="../../full_ifrs-cor_2014-03-05.xsd#ifrs-full_DescriptionOfLineItemsInOtherComprehensiveIncomeWhereGainsLossesAreRecognisedFairValueMeasurementEntitysOwnEquityInstruments" xlink:label="loc_212" xlink:type="locator"/>
    <link:presentationArc order="140.0" xlink:arcrole="http://www.xbrl.org/2003/arcrole/parent-child" xlink:from="loc_40" xlink:to="loc_212" xlink:type="arc"/>
    <link:loc xlink:href="../../full_ifrs-cor_2014-03-05.xsd#ifrs-full_DescriptionOfReasonsForTransfersIntoLevel3OfFairValueHierarchyAssets" xlink:label="loc_213" xlink:type="locator"/>
    <link:presentationArc order="150.0" xlink:arcrole="http://www.xbrl.org/2003/arcrole/parent-child" xlink:from="loc_16" xlink:to="loc_213" xlink:type="arc"/>
    <link:loc xlink:href="../../full_ifrs-cor_2014-03-05.xsd#ifrs-full_DescriptionOfReasonsForTransfersIntoLevel3OfFairValueHierarchyLiabilities" xlink:label="loc_214" xlink:type="locator"/>
    <link:presentationArc order="150.0" xlink:arcrole="http://www.xbrl.org/2003/arcrole/parent-child" xlink:from="loc_33" xlink:to="loc_214" xlink:type="arc"/>
    <link:loc xlink:href="../../full_ifrs-cor_2014-03-05.xsd#ifrs-full_DescriptionOfReasonsForTransfersIntoLevel3OfFairValueHierarchyEntitysOwnEquityInstruments" xlink:label="loc_215" xlink:type="locator"/>
    <link:presentationArc order="150.0" xlink:arcrole="http://www.xbrl.org/2003/arcrole/parent-child" xlink:from="loc_40" xlink:to="loc_215" xlink:type="arc"/>
    <link:loc xlink:href="../../full_ifrs-cor_2014-03-05.xsd#ifrs-full_DescriptionOfReasonsForTransfersOutOfLevel3OfFairValueHierarchyAssets" xlink:label="loc_216" xlink:type="locator"/>
    <link:presentationArc order="160.0" xlink:arcrole="http://www.xbrl.org/2003/arcrole/parent-child" xlink:from="loc_16" xlink:to="loc_216" xlink:type="arc"/>
    <link:loc xlink:href="../../full_ifrs-cor_2014-03-05.xsd#ifrs-full_DescriptionOfReasonsForTransfersOutOfLevel3OfFairValueHierarchyLiabilities" xlink:label="loc_217" xlink:type="locator"/>
    <link:presentationArc order="160.0" xlink:arcrole="http://www.xbrl.org/2003/arcrole/parent-child" xlink:from="loc_33" xlink:to="loc_217" xlink:type="arc"/>
    <link:loc xlink:href="../../full_ifrs-cor_2014-03-05.xsd#ifrs-full_DescriptionOfReasonsForTransfersOutOfLevel3OfFairValueHierarchyEntitysOwnEquityInstruments" xlink:label="loc_218" xlink:type="locator"/>
    <link:presentationArc order="160.0" xlink:arcrole="http://www.xbrl.org/2003/arcrole/parent-child" xlink:from="loc_40" xlink:to="loc_218" xlink:type="arc"/>
    <link:loc xlink:href="../../full_ifrs-cor_2014-03-05.xsd#ifrs-full_GainsLossesRecognisedInProfitOrLossAttributableToChangeInUnrealisedGainsOrLossesForAssetsHeldAtEndOfPeriodFairValueMeasurement" xlink:label="loc_219" xlink:type="locator"/>
    <link:presentationArc order="170.0" xlink:arcrole="http://www.xbrl.org/2003/arcrole/parent-child" xlink:from="loc_16" xlink:to="loc_219" xlink:type="arc"/>
    <link:loc xlink:href="../../full_ifrs-cor_2014-03-05.xsd#ifrs-full_GainsLossesRecognisedInProfitOrLossAttributableToChangeInUnrealisedGainsOrLossesForLiabilitiesHeldAtEndOfPeriodFairValueMeasurement" xlink:label="loc_220" xlink:type="locator"/>
    <link:presentationArc order="170.0" xlink:arcrole="http://www.xbrl.org/2003/arcrole/parent-child" xlink:from="loc_33" xlink:to="loc_220" xlink:type="arc"/>
    <link:loc xlink:href="../../full_ifrs-cor_2014-03-05.xsd#ifrs-full_GainsLossesRecognisedInProfitOrLossAttributableToChangeInUnrealisedGainsOrLossesForEntitysOwnEquityInstrumentsHeldAtEndOfPeriodFairValueMeasurement" xlink:label="loc_221" xlink:type="locator"/>
    <link:presentationArc order="170.0" xlink:arcrole="http://www.xbrl.org/2003/arcrole/parent-child" xlink:from="loc_40" xlink:to="loc_221" xlink:type="arc"/>
    <link:loc xlink:href="../../full_ifrs-cor_2014-03-05.xsd#ifrs-full_DescriptionOfLineItemsInProfitOrLossWhereGainsLossesAttributableToChangeInUnrealisedGainsOrLossesForAssetsHeldAtEndOfPeriodAreRecognisedFairValueMeasurement" xlink:label="loc_222" xlink:type="locator"/>
    <link:presentationArc order="180.0" xlink:arcrole="http://www.xbrl.org/2003/arcrole/parent-child" xlink:from="loc_16" xlink:to="loc_222" xlink:type="arc"/>
    <link:loc xlink:href="../../full_ifrs-cor_2014-03-05.xsd#ifrs-full_DescriptionOfLineItemsInProfitOrLossWhereGainsLossesAttributableToChangeInUnrealisedGainsOrLossesForLiabilitiesHeldAtEndOfPeriodAreRecognisedFairValueMeasurement" xlink:label="loc_223" xlink:type="locator"/>
    <link:presentationArc order="180.0" xlink:arcrole="http://www.xbrl.org/2003/arcrole/parent-child" xlink:from="loc_33" xlink:to="loc_223" xlink:type="arc"/>
    <link:loc xlink:href="../../full_ifrs-cor_2014-03-05.xsd#ifrs-full_DescriptionOfLineItemsInProfitOrLossWhereGainsLossesAttributableToChangeInUnrealisedGainsOrLossesForEntitysOwnEquityInstrumentsHeldAtEndOfPeriodAreRecognisedFairValueMeasurement" xlink:label="loc_224" xlink:type="locator"/>
    <link:presentationArc order="180.0" xlink:arcrole="http://www.xbrl.org/2003/arcrole/parent-child" xlink:from="loc_40" xlink:to="loc_224" xlink:type="arc"/>
    <link:presentationArc order="190.0" xlink:arcrole="http://www.xbrl.org/2003/arcrole/parent-child" xlink:from="loc_16" xlink:to="loc_21" xlink:type="arc"/>
    <link:presentationArc order="190.0" xlink:arcrole="http://www.xbrl.org/2003/arcrole/parent-child" xlink:from="loc_33" xlink:to="loc_28" xlink:type="arc"/>
    <link:presentationArc order="190.0" xlink:arcrole="http://www.xbrl.org/2003/arcrole/parent-child" xlink:from="loc_40" xlink:to="loc_46" xlink:type="arc"/>
    <link:loc xlink:href="../../full_ifrs-cor_2014-03-05.xsd#ifrs-full_DescriptionOfSensitivityOfFairValueMeasurementToChangesInUnobservableInputsAssets" xlink:label="loc_225" xlink:type="locator"/>
    <link:presentationArc order="200.0" xlink:arcrole="http://www.xbrl.org/2003/arcrole/parent-child" xlink:from="loc_16" xlink:to="loc_225" xlink:type="arc"/>
    <link:loc xlink:href="../../full_ifrs-cor_2014-03-05.xsd#ifrs-full_DescriptionOfSensitivityOfFairValueMeasurementToChangesInUnobservableInputsLiabilities" xlink:label="loc_226" xlink:type="locator"/>
    <link:presentationArc order="200.0" xlink:arcrole="http://www.xbrl.org/2003/arcrole/parent-child" xlink:from="loc_33" xlink:to="loc_226" xlink:type="arc"/>
    <link:loc xlink:href="../../full_ifrs-cor_2014-03-05.xsd#ifrs-full_DescriptionOfSensitivityOfFairValueMeasurementToChangesInUnobservableInputsEntitysOwnEquityInstruments" xlink:label="loc_227" xlink:type="locator"/>
    <link:presentationArc order="200.0" xlink:arcrole="http://www.xbrl.org/2003/arcrole/parent-child" xlink:from="loc_40" xlink:to="loc_227" xlink:type="arc"/>
    <link:loc xlink:href="../../full_ifrs-cor_2014-03-05.xsd#ifrs-full_DescriptionOfInterrelationshipsBetweenUnobservableInputsAndOfHowTheyMightMagnifyOrMitigateEffectOfChangesInUnobservableInputsOnFairValueMeasurementAssets" xlink:label="loc_228" xlink:type="locator"/>
    <link:presentationArc order="210.0" xlink:arcrole="http://www.xbrl.org/2003/arcrole/parent-child" xlink:from="loc_16" xlink:to="loc_228" xlink:type="arc"/>
    <link:loc xlink:href="../../full_ifrs-cor_2014-03-05.xsd#ifrs-full_DescriptionOfInterrelationshipsBetweenUnobservableInputsAndOfHowTheyMightMagnifyOrMitigateEffectOfChangesInUnobservableInputsOnFairValueMeasurementLiabilities" xlink:label="loc_229" xlink:type="locator"/>
    <link:presentationArc order="210.0" xlink:arcrole="http://www.xbrl.org/2003/arcrole/parent-child" xlink:from="loc_33" xlink:to="loc_229" xlink:type="arc"/>
    <link:loc xlink:href="../../full_ifrs-cor_2014-03-05.xsd#ifrs-full_DescriptionOfInterrelationshipsBetweenUnobservableInputsAndOfHowTheyMightMagnifyOrMitigateEffectOfChangesInUnobservableInputsOnFairValueMeasurementEntitysOwnEquityInstruments" xlink:label="loc_230" xlink:type="locator"/>
    <link:presentationArc order="210.0" xlink:arcrole="http://www.xbrl.org/2003/arcrole/parent-child" xlink:from="loc_40" xlink:to="loc_230" xlink:type="arc"/>
    <link:loc xlink:href="../../full_ifrs-cor_2014-03-05.xsd#ifrs-full_DescriptionOfFactThatChangingOneOrMoreUnobservableInputsToReflectReasonablyPossibleAlternativeAssumptionsWouldChangeFairValueSignificantlyAssets" xlink:label="loc_231" xlink:type="locator"/>
    <link:presentationArc order="220.0" xlink:arcrole="http://www.xbrl.org/2003/arcrole/parent-child" xlink:from="loc_16" xlink:to="loc_231" xlink:type="arc"/>
    <link:loc xlink:href="../../full_ifrs-cor_2014-03-05.xsd#ifrs-full_DescriptionOfFactThatChangingOneOrMoreUnobservableInputsToReflectReasonablyPossibleAlternativeAssumptionsWouldChangeFairValueSignificantlyLiabilities" xlink:label="loc_232" xlink:type="locator"/>
    <link:presentationArc order="220.0" xlink:arcrole="http://www.xbrl.org/2003/arcrole/parent-child" xlink:from="loc_33" xlink:to="loc_232" xlink:type="arc"/>
    <link:loc xlink:href="../../full_ifrs-cor_2014-03-05.xsd#ifrs-full_DescriptionOfFactThatChangingOneOrMoreUnobservableInputsToReflectReasonablyPossibleAlternativeAssumptionsWouldChangeFairValueSignificantlyEntitysOwnEquityInstruments" xlink:label="loc_233" xlink:type="locator"/>
    <link:presentationArc order="220.0" xlink:arcrole="http://www.xbrl.org/2003/arcrole/parent-child" xlink:from="loc_40" xlink:to="loc_233" xlink:type="arc"/>
    <link:presentationArc order="230.0" xlink:arcrole="http://www.xbrl.org/2003/arcrole/parent-child" xlink:from="loc_16" xlink:to="loc_79" xlink:type="arc"/>
    <link:presentationArc order="230.0" xlink:arcrole="http://www.xbrl.org/2003/arcrole/parent-child" xlink:from="loc_33" xlink:to="loc_81" xlink:type="arc"/>
    <link:presentationArc order="230.0" xlink:arcrole="http://www.xbrl.org/2003/arcrole/parent-child" xlink:from="loc_40" xlink:to="loc_83" xlink:type="arc"/>
    <link:loc xlink:href="../../full_ifrs-cor_2014-03-05.xsd#ifrs-full_DescriptionOfHowEffectOnFairValueMeasurementDueToChangeInOneOrMoreUnobservableInputsToReflectReasonablyPossibleAlternativeAssumptionsWasCalculatedAssets" xlink:label="loc_234" xlink:type="locator"/>
    <link:presentationArc order="240.0" xlink:arcrole="http://www.xbrl.org/2003/arcrole/parent-child" xlink:from="loc_16" xlink:to="loc_234" xlink:type="arc"/>
    <link:loc xlink:href="../../full_ifrs-cor_2014-03-05.xsd#ifrs-full_DescriptionOfHowEffectOnFairValueMeasurementDueToChangeInOneOrMoreUnobservableInputsToReflectReasonablyPossibleAlternativeAssumptionsWasCalculatedLiabilities" xlink:label="loc_235" xlink:type="locator"/>
    <link:presentationArc order="240.0" xlink:arcrole="http://www.xbrl.org/2003/arcrole/parent-child" xlink:from="loc_33" xlink:to="loc_235" xlink:type="arc"/>
    <link:loc xlink:href="../../full_ifrs-cor_2014-03-05.xsd#ifrs-full_DescriptionOfHowEffectOnFairValueMeasurementDueToChangeInOneOrMoreUnobservableInputsToReflectReasonablyPossibleAlternativeAssumptionsWasCalculatedEntitysOwnEquityInstruments" xlink:label="loc_236" xlink:type="locator"/>
    <link:presentationArc order="240.0" xlink:arcrole="http://www.xbrl.org/2003/arcrole/parent-child" xlink:from="loc_40" xlink:to="loc_236" xlink:type="arc"/>
    <link:loc xlink:href="../../full_ifrs-cor_2014-03-05.xsd#ifrs-full_DescriptionOfFactThatHighestAndBestUseOfNonfinancialAssetDiffersFromCurrentUse" xlink:label="loc_237" xlink:type="locator"/>
    <link:presentationArc order="250.0" xlink:arcrole="http://www.xbrl.org/2003/arcrole/parent-child" xlink:from="loc_16" xlink:to="loc_237" xlink:type="arc"/>
    <link:loc xlink:href="../../full_ifrs-cor_2014-03-05.xsd#ifrs-full_DisclosureOfInformationSufficientToPermitReconciliationOfClassesDeterminedForFairValueMeasurementToLineItemsInStatementOfFinancialPositionLiabilitiesExplanatory" xlink:label="loc_238" xlink:type="locator"/>
    <link:presentationArc order="250.0" xlink:arcrole="http://www.xbrl.org/2003/arcrole/parent-child" xlink:from="loc_33" xlink:to="loc_238" xlink:type="arc"/>
    <link:loc xlink:href="../../full_ifrs-cor_2014-03-05.xsd#ifrs-full_DisclosureOfInformationSufficientToPermitReconciliationOfClassesDeterminedForFairValueMeasurementToLineItemsInStatementOfFinancialPositionEntitysOwnEquityInstrumentsExplanatory" xlink:label="loc_239" xlink:type="locator"/>
    <link:presentationArc order="250.0" xlink:arcrole="http://www.xbrl.org/2003/arcrole/parent-child" xlink:from="loc_40" xlink:to="loc_239" xlink:type="arc"/>
    <link:loc xlink:href="../../full_ifrs-cor_2014-03-05.xsd#ifrs-full_DescriptionOfReasonWhyNonfinancialAssetIsBeingUsedInMannerDifferentFromHighestAndBestUse" xlink:label="loc_240" xlink:type="locator"/>
    <link:presentationArc order="260.0" xlink:arcrole="http://www.xbrl.org/2003/arcrole/parent-child" xlink:from="loc_16" xlink:to="loc_240" xlink:type="arc"/>
    <link:loc xlink:href="../../full_ifrs-cor_2014-03-05.xsd#ifrs-full_DescriptionOfAccountingPolicyDecisionToUseExceptionInIFRS1348Liabilities" xlink:label="loc_241" xlink:type="locator"/>
    <link:presentationArc order="260.0" xlink:arcrole="http://www.xbrl.org/2003/arcrole/parent-child" xlink:from="loc_33" xlink:to="loc_241" xlink:type="arc"/>
    <link:loc xlink:href="../../full_ifrs-cor_2014-03-05.xsd#ifrs-full_DescriptionOfNatureOfClassOfEntitysOwnEquityInstrumentsMeasuredAtFairValue" xlink:label="loc_242" xlink:type="locator"/>
    <link:presentationArc order="260.0" xlink:arcrole="http://www.xbrl.org/2003/arcrole/parent-child" xlink:from="loc_40" xlink:to="loc_242" xlink:type="arc"/>
    <link:loc xlink:href="../../full_ifrs-cor_2014-03-05.xsd#ifrs-full_DisclosureOfInformationSufficientToPermitReconciliationOfClassesDeterminedForFairValueMeasurementToLineItemsInStatementOfFinancialPositionAssetsExplanatory" xlink:label="loc_243" xlink:type="locator"/>
    <link:presentationArc order="270.0" xlink:arcrole="http://www.xbrl.org/2003/arcrole/parent-child" xlink:from="loc_16" xlink:to="loc_243" xlink:type="arc"/>
    <link:loc xlink:href="../../full_ifrs-cor_2014-03-05.xsd#ifrs-full_DescriptionOfNatureOfClassOfLiabilitiesMeasuredAtFairValue" xlink:label="loc_244" xlink:type="locator"/>
    <link:presentationArc order="270.0" xlink:arcrole="http://www.xbrl.org/2003/arcrole/parent-child" xlink:from="loc_33" xlink:to="loc_244" xlink:type="arc"/>
    <link:loc xlink:href="../../full_ifrs-cor_2014-03-05.xsd#ifrs-full_DescriptionOfHowThirdpartyInformationWasTakenIntoAccountWhenMeasuringFairValueEntitysOwnEquityInstruments" xlink:label="loc_245" xlink:type="locator"/>
    <link:presentationArc order="270.0" xlink:arcrole="http://www.xbrl.org/2003/arcrole/parent-child" xlink:from="loc_40" xlink:to="loc_245" xlink:type="arc"/>
    <link:loc xlink:href="../../full_ifrs-cor_2014-03-05.xsd#ifrs-full_DescriptionOfAccountingPolicyDecisionToUseExceptionInIFRS1348Assets" xlink:label="loc_246" xlink:type="locator"/>
    <link:presentationArc order="280.0" xlink:arcrole="http://www.xbrl.org/2003/arcrole/parent-child" xlink:from="loc_16" xlink:to="loc_246" xlink:type="arc"/>
    <link:loc xlink:href="../../full_ifrs-cor_2014-03-05.xsd#ifrs-full_DescriptionOfHowThirdpartyInformationWasTakenIntoAccountWhenMeasuringFairValueLiabilities" xlink:label="loc_247" xlink:type="locator"/>
    <link:presentationArc order="280.0" xlink:arcrole="http://www.xbrl.org/2003/arcrole/parent-child" xlink:from="loc_33" xlink:to="loc_247" xlink:type="arc"/>
    <link:loc xlink:href="../../full_ifrs-cor_2014-03-05.xsd#ifrs-full_DescriptionOfNatureOfClassOfAssetsMeasuredAtFairValue" xlink:label="loc_248" xlink:type="locator"/>
    <link:presentationArc order="290.0" xlink:arcrole="http://www.xbrl.org/2003/arcrole/parent-child" xlink:from="loc_16" xlink:to="loc_248" xlink:type="arc"/>
    <link:loc xlink:href="../../full_ifrs-cor_2014-03-05.xsd#ifrs-full_DescriptionOfHowThirdpartyInformationWasTakenIntoAccountWhenMeasuringFairValueAssets" xlink:label="loc_249" xlink:type="locator"/>
    <link:presentationArc order="300.0" xlink:arcrole="http://www.xbrl.org/2003/arcrole/parent-child" xlink:from="loc_16" xlink:to="loc_249" xlink:type="arc"/>
  </link:presentationLink>
</link:linkbase>
