<?xml version="1.0" encoding="UTF-8"?>

<!--
        Taxonomy: 2011-06-01 (Common practice exposure draft)
        ********************** 
        Copyright © 2011 International Financial Reporting Standards (IFRS) Foundation
        All rights reserved.  No part of this publication may be translated, reprinted or reproduced 
        or utilised in any form either in whole or in part without prior permission in writing from the IFRS Foundation.
        For more information on the IFRS Foundation's copyright, please refer to http://www.ifrs.org/XBRL/Legal/
        **********************
    -->
<link:linkbase xmlns:xsi="http://www.w3.org/2001/XMLSchema-instance" xsi:schemaLocation="http://www.xbrl.org/2006/ref http://www.xbrl.org/2006/ref-2006-02-27.xsd http://www.xbrl.org/2003/linkbase http://www.xbrl.org/2003/xbrl-linkbase-2003-12-31.xsd" xmlns:link="http://www.xbrl.org/2003/linkbase" xmlns:ref="http://www.xbrl.org/2006/ref" xmlns:xlink="http://www.w3.org/1999/xlink">
  <link:roleRef roleURI="http://www.xbrl.org/2009/role/commonPracticeRef" xlink:type="simple" xlink:href="http://www.xbrl.org/lrr/role/reference-2009-12-16.xsd#commonPracticeRef"/>
  <link:referenceLink xlink:type="extended" xlink:role="http://www.xbrl.org/2003/role/link">
    <link:loc xlink:type="locator" xlink:href="../../ifrs-cor_2011-03-25.xsd#ifrs_CashAndCashEquivalents" xlink:label="loc"/>
    <link:reference xlink:type="resource" xlink:label="res" xlink:role="http://www.xbrl.org/2003/role/disclosureRef">
      <ref:Name>IAS</ref:Name>
      <ref:Number>7</ref:Number>
      <ref:IssueDate>2011-01-01</ref:IssueDate>
      <ref:Paragraph>45</ref:Paragraph>
      <ref:URI>http://eifrs.ifrs.org/eifrs/XBRL?type=IAS&amp;num=7&amp;date=2011-03-25&amp;anchor=para_45&amp;doctype=Standard</ref:URI>
      <ref:URIDate>2011-06-01</ref:URIDate>
    </link:reference>
    <link:referenceArc xlink:type="arc" xlink:arcrole="http://www.xbrl.org/2003/arcrole/concept-reference" xlink:from="loc" xlink:to="res"/>
    <link:loc xlink:type="locator" xlink:href="../../ifrs-cor_2011-03-25.xsd#ifrs_ProfitLoss" xlink:label="loc_21"/>
    <link:reference xlink:type="resource" xlink:label="res_3" xlink:role="http://www.xbrl.org/2003/role/disclosureRef">
      <ref:Name>IAS</ref:Name>
      <ref:Number>7</ref:Number>
      <ref:IssueDate>2011-01-01</ref:IssueDate>
      <ref:Paragraph>18</ref:Paragraph>
      <ref:Subparagraph>b</ref:Subparagraph>
      <ref:URI>http://eifrs.ifrs.org/eifrs/XBRL?type=IAS&amp;num=7&amp;date=2011-03-25&amp;anchor=para_18_b&amp;doctype=Standard</ref:URI>
      <ref:URIDate>2011-06-01</ref:URIDate>
    </link:reference>
    <link:referenceArc xlink:type="arc" xlink:arcrole="http://www.xbrl.org/2003/arcrole/concept-reference" xlink:from="loc_21" xlink:to="res_3"/>
    <link:loc xlink:type="locator" xlink:href="../../ifrs-cor_2011-03-25.xsd#ifrs_GainsLossesOnExchangeDifferencesOnTranslationRecognisedInProfitOrLoss" xlink:label="loc_71"/>
    <link:reference xlink:type="resource" xlink:label="res_4" xlink:role="http://www.xbrl.org/2003/role/exampleRef">
      <ref:Name>IAS</ref:Name>
      <ref:Number>7</ref:Number>
      <ref:IssueDate>2011-01-01</ref:IssueDate>
      <ref:Section>A Statement of cash flows for an entity other than a financial institution</ref:Section>
      <ref:URI>http://eifrs.ifrs.org/eifrs/XBRL?type=IAS&amp;num=7&amp;date=2011-03-25&amp;anchor=sect_AStatementofcashflowsforanentityotherthanafinancialinstitution&amp;doctype=Illustrative%20Examples</ref:URI>
      <ref:URIDate>2011-06-01</ref:URIDate>
    </link:reference>
    <link:referenceArc xlink:type="arc" xlink:arcrole="http://www.xbrl.org/2003/arcrole/concept-reference" xlink:from="loc_71" xlink:to="res_4"/>
    <link:loc xlink:type="locator" xlink:href="../../ifrs-cor_2011-03-25.xsd#ifrs_ShorttermDepositsClassifiedAsCashEquivalents" xlink:label="loc_3"/>
    <link:reference xlink:type="resource" xlink:label="res_2" xlink:role="http://www.xbrl.org/2009/role/commonPracticeRef">
      <ref:Name>IAS</ref:Name>
      <ref:Number>7</ref:Number>
      <ref:IssueDate>2011-01-01</ref:IssueDate>
      <ref:Paragraph>45</ref:Paragraph>
      <ref:URI>http://eifrs.ifrs.org/eifrs/XBRL?type=IAS&amp;num=7&amp;date=2011-03-25&amp;anchor=para_45&amp;doctype=Standard</ref:URI>
      <ref:URIDate>2011-06-01</ref:URIDate>
    </link:reference>
    <link:referenceArc xlink:type="arc" xlink:arcrole="http://www.xbrl.org/2003/arcrole/concept-reference" xlink:from="loc_3" xlink:to="res_2"/>
    <link:loc xlink:type="locator" xlink:href="../../ifrs-cor_2011-03-25.xsd#ifrs_IncreaseDecreaseInCashAndCashEquivalentsBeforeEffectOfExchangeRateChanges" xlink:label="loc_4"/>
    <link:referenceArc xlink:type="arc" xlink:arcrole="http://www.xbrl.org/2003/arcrole/concept-reference" xlink:from="loc_4" xlink:to="res"/>
    <link:loc xlink:type="locator" xlink:href="../../ifrs-cor_2011-03-25.xsd#ifrs_ShorttermInvestmentsClassifiedAsCashEquivalents" xlink:label="loc_6"/>
    <link:referenceArc xlink:type="arc" xlink:arcrole="http://www.xbrl.org/2003/arcrole/concept-reference" xlink:from="loc_6" xlink:to="res_2"/>
    <link:loc xlink:type="locator" xlink:href="../../ifrs-cor_2011-03-25.xsd#ifrs_OtherCashAndCashEquivalents" xlink:label="loc_7"/>
    <link:referenceArc xlink:type="arc" xlink:arcrole="http://www.xbrl.org/2003/arcrole/concept-reference" xlink:from="loc_7" xlink:to="res_2"/>
    <link:loc xlink:type="locator" xlink:href="../../ifrs-cor_2011-03-25.xsd#ifrs_IncreaseDecreaseInCashAndCashEquivalents" xlink:label="loc_8"/>
    <link:referenceArc xlink:type="arc" xlink:arcrole="http://www.xbrl.org/2003/arcrole/concept-reference" xlink:from="loc_8" xlink:to="res"/>
    <link:loc xlink:type="locator" xlink:href="../../ifrs-cor_2011-03-25.xsd#ifrs_BankOverdraftsClassifiedAsCashEquivalents" xlink:label="loc_9"/>
    <link:referenceArc xlink:type="arc" xlink:arcrole="http://www.xbrl.org/2003/arcrole/concept-reference" xlink:from="loc_9" xlink:to="res_2"/>
    <link:loc xlink:type="locator" xlink:href="../../ifrs-cor_2011-03-25.xsd#ifrs_BalancesWithBanks" xlink:label="loc_10"/>
    <link:referenceArc xlink:type="arc" xlink:arcrole="http://www.xbrl.org/2003/arcrole/concept-reference" xlink:from="loc_10" xlink:to="res_2"/>
    <link:loc xlink:type="locator" xlink:href="../../ifrs-cor_2011-03-25.xsd#ifrs_BankingArrangementsClassifiedAsCashEquivalents" xlink:label="loc_12"/>
    <link:referenceArc xlink:type="arc" xlink:arcrole="http://www.xbrl.org/2003/arcrole/concept-reference" xlink:from="loc_12" xlink:to="res_2"/>
    <link:loc xlink:type="locator" xlink:href="../../ifrs-cor_2011-03-25.xsd#ifrs_CashOnHand" xlink:label="loc_13"/>
    <link:referenceArc xlink:type="arc" xlink:arcrole="http://www.xbrl.org/2003/arcrole/concept-reference" xlink:from="loc_13" xlink:to="res_2"/>
    <link:loc xlink:type="locator" xlink:href="../../ifrs-cor_2011-03-25.xsd#ifrs_DisclosureOfCashFlowStatementExplanatory" xlink:label="loc_14"/>
    <link:reference xlink:type="resource" xlink:label="res_5" xlink:role="http://www.xbrl.org/2003/role/disclosureRef">
      <ref:Name>IAS</ref:Name>
      <ref:Number>7</ref:Number>
      <ref:IssueDate>2011-01-01</ref:IssueDate>
      <ref:Section>Presentation of a statement of cash flows</ref:Section>
      <ref:URI>http://eifrs.ifrs.org/eifrs/XBRL?type=IAS&amp;num=7&amp;date=2011-03-25&amp;anchor=sect_Presentationofastatementofcashflows&amp;doctype=Standard</ref:URI>
      <ref:URIDate>2011-06-01</ref:URIDate>
    </link:reference>
    <link:referenceArc xlink:type="arc" xlink:arcrole="http://www.xbrl.org/2003/arcrole/concept-reference" xlink:from="loc_14" xlink:to="res_5"/>
    <link:loc xlink:type="locator" xlink:href="../../ifrs-cor_2011-03-25.xsd#ifrs_CashFlowsFromUsedInFinancingActivities" xlink:label="loc_15"/>
    <link:reference xlink:type="resource" xlink:label="res_55" xlink:role="http://www.xbrl.org/2003/role/disclosureRef">
      <ref:Name>IAS</ref:Name>
      <ref:Number>7</ref:Number>
      <ref:IssueDate>2011-01-01</ref:IssueDate>
      <ref:Paragraph>10</ref:Paragraph>
      <ref:URI>http://eifrs.ifrs.org/eifrs/XBRL?type=IAS&amp;num=7&amp;date=2011-03-25&amp;anchor=para_10&amp;doctype=Standard</ref:URI>
      <ref:URIDate>2011-06-01</ref:URIDate>
    </link:reference>
    <link:referenceArc xlink:type="arc" xlink:arcrole="http://www.xbrl.org/2003/arcrole/concept-reference" xlink:from="loc_15" xlink:to="res_55"/>
    <link:reference xlink:type="resource" xlink:label="res_6" xlink:role="http://www.xbrl.org/2003/role/disclosureRef">
      <ref:Name>IAS</ref:Name>
      <ref:Number>7</ref:Number>
      <ref:IssueDate>2011-01-01</ref:IssueDate>
      <ref:Paragraph>50</ref:Paragraph>
      <ref:Subparagraph>d</ref:Subparagraph>
      <ref:URI>http://eifrs.ifrs.org/eifrs/XBRL?type=IAS&amp;num=7&amp;date=2011-03-25&amp;anchor=para_50_d&amp;doctype=Standard</ref:URI>
      <ref:URIDate>2011-06-01</ref:URIDate>
    </link:reference>
    <link:referenceArc xlink:type="arc" xlink:arcrole="http://www.xbrl.org/2003/arcrole/concept-reference" xlink:from="loc_15" xlink:to="res_6"/>
    <link:loc xlink:type="locator" xlink:href="../../ifrs-cor_2011-03-25.xsd#ifrs_CashFlowsFromUsedInInvestingActivities" xlink:label="loc_11"/>
    <link:referenceArc xlink:type="arc" xlink:arcrole="http://www.xbrl.org/2003/arcrole/concept-reference" xlink:from="loc_11" xlink:to="res_55"/>
    <link:referenceArc xlink:type="arc" xlink:arcrole="http://www.xbrl.org/2003/arcrole/concept-reference" xlink:from="loc_11" xlink:to="res_6"/>
    <link:loc xlink:type="locator" xlink:href="../../ifrs-cor_2011-03-25.xsd#ifrs_CashFlowsFromLosingControlOfSubsidiariesOrOtherBusinessesClassifiedAsInvestingActivities" xlink:label="loc_17"/>
    <link:reference xlink:type="resource" xlink:label="res_7" xlink:role="http://www.xbrl.org/2003/role/disclosureRef">
      <ref:Name>IAS</ref:Name>
      <ref:Number>7</ref:Number>
      <ref:IssueDate>2011-01-01</ref:IssueDate>
      <ref:Paragraph>39</ref:Paragraph>
      <ref:URI>http://eifrs.ifrs.org/eifrs/XBRL?type=IAS&amp;num=7&amp;date=2011-03-25&amp;anchor=para_39&amp;doctype=Standard</ref:URI>
      <ref:URIDate>2011-06-01</ref:URIDate>
    </link:reference>
    <link:referenceArc xlink:type="arc" xlink:arcrole="http://www.xbrl.org/2003/arcrole/concept-reference" xlink:from="loc_17" xlink:to="res_7"/>
    <link:loc xlink:type="locator" xlink:href="../../ifrs-cor_2011-03-25.xsd#ifrs_CashFlowsUsedInObtainingControlOfSubsidiariesOrOtherBusinessesClassifiedAsInvestingActivities" xlink:label="loc_18"/>
    <link:referenceArc xlink:type="arc" xlink:arcrole="http://www.xbrl.org/2003/arcrole/concept-reference" xlink:from="loc_18" xlink:to="res_7"/>
    <link:loc xlink:type="locator" xlink:href="../../ifrs-cor_2011-03-25.xsd#ifrs_OtherInflowsOutflowsOfCashClassifiedAsOperatingActivities" xlink:label="loc_19"/>
    <link:reference xlink:type="resource" xlink:label="res_11" xlink:role="http://www.xbrl.org/2003/role/disclosureRef">
      <ref:Name>IAS</ref:Name>
      <ref:Number>7</ref:Number>
      <ref:IssueDate>2011-01-01</ref:IssueDate>
      <ref:Paragraph>14</ref:Paragraph>
      <ref:URI>http://eifrs.ifrs.org/eifrs/XBRL?type=IAS&amp;num=7&amp;date=2011-03-25&amp;anchor=para_14&amp;doctype=Standard</ref:URI>
      <ref:URIDate>2011-06-01</ref:URIDate>
    </link:reference>
    <link:referenceArc xlink:type="arc" xlink:arcrole="http://www.xbrl.org/2003/arcrole/concept-reference" xlink:from="loc_19" xlink:to="res_11"/>
    <link:loc xlink:type="locator" xlink:href="../../ifrs-cor_2011-03-25.xsd#ifrs_CashFlowsFromUsedInOperatingActivities" xlink:label="loc_20"/>
    <link:referenceArc xlink:type="arc" xlink:arcrole="http://www.xbrl.org/2003/arcrole/concept-reference" xlink:from="loc_20" xlink:to="res_55"/>
    <link:referenceArc xlink:type="arc" xlink:arcrole="http://www.xbrl.org/2003/arcrole/concept-reference" xlink:from="loc_20" xlink:to="res_6"/>
    <link:loc xlink:type="locator" xlink:href="../../ifrs-cor_2011-03-25.xsd#ifrs_EffectOfExchangeRateChangesOnCashAndCashEquivalents" xlink:label="loc_23"/>
    <link:reference xlink:type="resource" xlink:label="res_13" xlink:role="http://www.xbrl.org/2003/role/disclosureRef">
      <ref:Name>IAS</ref:Name>
      <ref:Number>7</ref:Number>
      <ref:IssueDate>2011-01-01</ref:IssueDate>
      <ref:Paragraph>25</ref:Paragraph>
      <ref:URI>http://eifrs.ifrs.org/eifrs/XBRL?type=IAS&amp;num=7&amp;date=2011-03-25&amp;anchor=para_25&amp;doctype=Standard</ref:URI>
      <ref:URIDate>2011-06-01</ref:URIDate>
    </link:reference>
    <link:referenceArc xlink:type="arc" xlink:arcrole="http://www.xbrl.org/2003/arcrole/concept-reference" xlink:from="loc_23" xlink:to="res_13"/>
    <link:reference xlink:type="resource" xlink:label="res_16" xlink:role="http://www.xbrl.org/2003/role/disclosureRef">
      <ref:Name>IAS</ref:Name>
      <ref:Number>7</ref:Number>
      <ref:IssueDate>2011-01-01</ref:IssueDate>
      <ref:Paragraph>28</ref:Paragraph>
      <ref:URI>http://eifrs.ifrs.org/eifrs/XBRL?type=IAS&amp;num=7&amp;date=2011-03-25&amp;anchor=para_28&amp;doctype=Standard</ref:URI>
      <ref:URIDate>2011-06-01</ref:URIDate>
    </link:reference>
    <link:referenceArc xlink:type="arc" xlink:arcrole="http://www.xbrl.org/2003/arcrole/concept-reference" xlink:from="loc_23" xlink:to="res_16"/>
    <link:loc xlink:type="locator" xlink:href="../../ifrs-cor_2011-03-25.xsd#ifrs_InterestReceivedClassifiedAsOperatingActivities" xlink:label="loc_24"/>
    <link:reference xlink:type="resource" xlink:label="res_28" xlink:role="http://www.xbrl.org/2003/role/disclosureRef">
      <ref:Name>IAS</ref:Name>
      <ref:Number>7</ref:Number>
      <ref:IssueDate>2011-01-01</ref:IssueDate>
      <ref:Paragraph>31</ref:Paragraph>
      <ref:URI>http://eifrs.ifrs.org/eifrs/XBRL?type=IAS&amp;num=7&amp;date=2011-03-25&amp;anchor=para_31&amp;doctype=Standard</ref:URI>
      <ref:URIDate>2011-06-01</ref:URIDate>
    </link:reference>
    <link:referenceArc xlink:type="arc" xlink:arcrole="http://www.xbrl.org/2003/arcrole/concept-reference" xlink:from="loc_24" xlink:to="res_28"/>
    <link:loc xlink:type="locator" xlink:href="../../ifrs-cor_2011-03-25.xsd#ifrs_DividendsPaidClassifiedAsFinancingActivities" xlink:label="loc_29"/>
    <link:referenceArc xlink:type="arc" xlink:arcrole="http://www.xbrl.org/2003/arcrole/concept-reference" xlink:from="loc_29" xlink:to="res_28"/>
    <link:loc xlink:type="locator" xlink:href="../../ifrs-cor_2011-03-25.xsd#ifrs_DividendsReceivedClassifiedAsOperatingActivities" xlink:label="loc_26"/>
    <link:referenceArc xlink:type="arc" xlink:arcrole="http://www.xbrl.org/2003/arcrole/concept-reference" xlink:from="loc_26" xlink:to="res_28"/>
    <link:loc xlink:type="locator" xlink:href="../../ifrs-cor_2011-03-25.xsd#ifrs_DividendsReceivedClassifiedAsInvestingActivities" xlink:label="loc_31"/>
    <link:referenceArc xlink:type="arc" xlink:arcrole="http://www.xbrl.org/2003/arcrole/concept-reference" xlink:from="loc_31" xlink:to="res_28"/>
    <link:loc xlink:type="locator" xlink:href="../../ifrs-cor_2011-03-25.xsd#ifrs_InterestReceivedClassifiedAsInvestingActivities" xlink:label="loc_28"/>
    <link:referenceArc xlink:type="arc" xlink:arcrole="http://www.xbrl.org/2003/arcrole/concept-reference" xlink:from="loc_28" xlink:to="res_28"/>
    <link:loc xlink:type="locator" xlink:href="../../ifrs-cor_2011-03-25.xsd#ifrs_InterestPaidClassifiedAsOperatingActivities" xlink:label="loc_25"/>
    <link:referenceArc xlink:type="arc" xlink:arcrole="http://www.xbrl.org/2003/arcrole/concept-reference" xlink:from="loc_25" xlink:to="res_28"/>
    <link:loc xlink:type="locator" xlink:href="../../ifrs-cor_2011-03-25.xsd#ifrs_DividendsPaidClassifiedAsOperatingActivities" xlink:label="loc_30"/>
    <link:referenceArc xlink:type="arc" xlink:arcrole="http://www.xbrl.org/2003/arcrole/concept-reference" xlink:from="loc_30" xlink:to="res_28"/>
    <link:loc xlink:type="locator" xlink:href="../../ifrs-cor_2011-03-25.xsd#ifrs_InterestPaidClassifiedAsFinancingActivities" xlink:label="loc_27"/>
    <link:referenceArc xlink:type="arc" xlink:arcrole="http://www.xbrl.org/2003/arcrole/concept-reference" xlink:from="loc_27" xlink:to="res_28"/>
    <link:loc xlink:type="locator" xlink:href="../../ifrs-cor_2011-03-25.xsd#ifrs_IncomeTaxesPaidRefundClassifiedAsInvestingActivities" xlink:label="loc_32"/>
    <link:reference xlink:type="resource" xlink:label="res_9" xlink:role="http://www.xbrl.org/2003/role/disclosureRef">
      <ref:Name>IAS</ref:Name>
      <ref:Number>7</ref:Number>
      <ref:IssueDate>2011-01-01</ref:IssueDate>
      <ref:Paragraph>35</ref:Paragraph>
      <ref:URI>http://eifrs.ifrs.org/eifrs/XBRL?type=IAS&amp;num=7&amp;date=2011-03-25&amp;anchor=para_35&amp;doctype=Standard</ref:URI>
      <ref:URIDate>2011-06-01</ref:URIDate>
    </link:reference>
    <link:referenceArc xlink:type="arc" xlink:arcrole="http://www.xbrl.org/2003/arcrole/concept-reference" xlink:from="loc_32" xlink:to="res_9"/>
    <link:reference xlink:type="resource" xlink:label="res_10" xlink:role="http://www.xbrl.org/2003/role/exampleRef">
      <ref:Name>IAS</ref:Name>
      <ref:Number>7</ref:Number>
      <ref:IssueDate>2011-01-01</ref:IssueDate>
      <ref:Paragraph>14</ref:Paragraph>
      <ref:Subparagraph>f</ref:Subparagraph>
      <ref:URI>http://eifrs.ifrs.org/eifrs/XBRL?type=IAS&amp;num=7&amp;date=2011-03-25&amp;anchor=para_14_f&amp;doctype=Standard</ref:URI>
      <ref:URIDate>2011-06-01</ref:URIDate>
    </link:reference>
    <link:referenceArc xlink:type="arc" xlink:arcrole="http://www.xbrl.org/2003/arcrole/concept-reference" xlink:from="loc_32" xlink:to="res_10"/>
    <link:loc xlink:type="locator" xlink:href="../../ifrs-cor_2011-03-25.xsd#ifrs_IncomeTaxesPaidRefundClassifiedAsOperatingActivities" xlink:label="loc_33"/>
    <link:referenceArc xlink:type="arc" xlink:arcrole="http://www.xbrl.org/2003/arcrole/concept-reference" xlink:from="loc_33" xlink:to="res_9"/>
    <link:referenceArc xlink:type="arc" xlink:arcrole="http://www.xbrl.org/2003/arcrole/concept-reference" xlink:from="loc_33" xlink:to="res_10"/>
    <link:loc xlink:type="locator" xlink:href="../../ifrs-cor_2011-03-25.xsd#ifrs_IncomeTaxesPaidRefundClassifiedAsFinancingActivities" xlink:label="loc_34"/>
    <link:referenceArc xlink:type="arc" xlink:arcrole="http://www.xbrl.org/2003/arcrole/concept-reference" xlink:from="loc_34" xlink:to="res_9"/>
    <link:referenceArc xlink:type="arc" xlink:arcrole="http://www.xbrl.org/2003/arcrole/concept-reference" xlink:from="loc_34" xlink:to="res_10"/>
    <link:loc xlink:type="locator" xlink:href="../../ifrs-cor_2011-03-25.xsd#ifrs_CashAndCashEquivalentsHeldByEntityUnavailableForUseByGroup" xlink:label="loc_35"/>
    <link:reference xlink:type="resource" xlink:label="res_17" xlink:role="http://www.xbrl.org/2003/role/disclosureRef">
      <ref:Name>IAS</ref:Name>
      <ref:Number>7</ref:Number>
      <ref:IssueDate>2011-01-01</ref:IssueDate>
      <ref:Paragraph>48</ref:Paragraph>
      <ref:URI>http://eifrs.ifrs.org/eifrs/XBRL?type=IAS&amp;num=7&amp;date=2011-03-25&amp;anchor=para_48&amp;doctype=Standard</ref:URI>
      <ref:URIDate>2011-06-01</ref:URIDate>
    </link:reference>
    <link:referenceArc xlink:type="arc" xlink:arcrole="http://www.xbrl.org/2003/arcrole/concept-reference" xlink:from="loc_35" xlink:to="res_17"/>
    <link:loc xlink:type="locator" xlink:href="../../ifrs-cor_2011-03-25.xsd#ifrs_AdjustmentsForReconcileProfitLoss" xlink:label="loc_37"/>
    <link:reference xlink:type="resource" xlink:label="res_21" xlink:role="http://www.xbrl.org/2003/role/disclosureRef">
      <ref:Name>IAS</ref:Name>
      <ref:Number>7</ref:Number>
      <ref:IssueDate>2011-01-01</ref:IssueDate>
      <ref:Paragraph>20</ref:Paragraph>
      <ref:URI>http://eifrs.ifrs.org/eifrs/XBRL?type=IAS&amp;num=7&amp;date=2011-03-25&amp;anchor=para_20&amp;doctype=Standard</ref:URI>
      <ref:URIDate>2011-06-01</ref:URIDate>
    </link:reference>
    <link:referenceArc xlink:type="arc" xlink:arcrole="http://www.xbrl.org/2003/arcrole/concept-reference" xlink:from="loc_37" xlink:to="res_21"/>
    <link:loc xlink:type="locator" xlink:href="../../ifrs-cor_2011-03-25.xsd#ifrs_ReceiptsFromPremiumsAndClaimsAnnuitiesAndOtherPolicyBenefits" xlink:label="loc_40"/>
    <link:reference xlink:type="resource" xlink:label="res_22" xlink:role="http://www.xbrl.org/2003/role/exampleRef">
      <ref:Name>IAS</ref:Name>
      <ref:Number>7</ref:Number>
      <ref:IssueDate>2011-01-01</ref:IssueDate>
      <ref:Paragraph>14</ref:Paragraph>
      <ref:Subparagraph>e</ref:Subparagraph>
      <ref:URI>http://eifrs.ifrs.org/eifrs/XBRL?type=IAS&amp;num=7&amp;date=2011-03-25&amp;anchor=para_14_e&amp;doctype=Standard</ref:URI>
      <ref:URIDate>2011-06-01</ref:URIDate>
    </link:reference>
    <link:referenceArc xlink:type="arc" xlink:arcrole="http://www.xbrl.org/2003/arcrole/concept-reference" xlink:from="loc_40" xlink:to="res_22"/>
    <link:loc xlink:type="locator" xlink:href="../../ifrs-cor_2011-03-25.xsd#ifrs_PaymentsForPremiumsAndClaimsAnnuitiesAndOtherPolicyBenefits" xlink:label="loc_41"/>
    <link:referenceArc xlink:type="arc" xlink:arcrole="http://www.xbrl.org/2003/arcrole/concept-reference" xlink:from="loc_41" xlink:to="res_22"/>
    <link:loc xlink:type="locator" xlink:href="../../ifrs-cor_2011-03-25.xsd#ifrs_AdjustmentsForIncreaseDecreaseInTradeAccountPayable" xlink:label="loc_43"/>
    <link:reference xlink:type="resource" xlink:label="res_23" xlink:role="http://www.xbrl.org/2009/role/commonPracticeRef">
      <ref:Name>IAS</ref:Name>
      <ref:Number>7</ref:Number>
      <ref:IssueDate>2011-01-01</ref:IssueDate>
      <ref:Paragraph>20</ref:Paragraph>
      <ref:Subparagraph>a</ref:Subparagraph>
      <ref:URI>http://eifrs.ifrs.org/eifrs/XBRL?type=IAS&amp;num=7&amp;date=2011-03-25&amp;anchor=para_20_a&amp;doctype=Standard</ref:URI>
      <ref:URIDate>2011-06-01</ref:URIDate>
    </link:reference>
    <link:referenceArc xlink:type="arc" xlink:arcrole="http://www.xbrl.org/2003/arcrole/concept-reference" xlink:from="loc_43" xlink:to="res_23"/>
    <link:loc xlink:type="locator" xlink:href="../../ifrs-cor_2011-03-25.xsd#ifrs_AdjustmentsForDecreaseIncreaseInOtherOperatingReceivables" xlink:label="loc_47"/>
    <link:referenceArc xlink:type="arc" xlink:arcrole="http://www.xbrl.org/2003/arcrole/concept-reference" xlink:from="loc_47" xlink:to="res_23"/>
    <link:loc xlink:type="locator" xlink:href="../../ifrs-cor_2011-03-25.xsd#ifrs_AdjustmentsForDecreaseIncreaseInInventories" xlink:label="loc_48"/>
    <link:referenceArc xlink:type="arc" xlink:arcrole="http://www.xbrl.org/2003/arcrole/concept-reference" xlink:from="loc_48" xlink:to="res_23"/>
    <link:loc xlink:type="locator" xlink:href="../../ifrs-cor_2011-03-25.xsd#ifrs_AdjustmentsForIncreaseDecreaseInOtherOperatingPayables" xlink:label="loc_49"/>
    <link:referenceArc xlink:type="arc" xlink:arcrole="http://www.xbrl.org/2003/arcrole/concept-reference" xlink:from="loc_49" xlink:to="res_23"/>
    <link:loc xlink:type="locator" xlink:href="../../ifrs-cor_2011-03-25.xsd#ifrs_AdjustmentsForDecreaseIncreaseInTradeAccountReceivable" xlink:label="loc_50"/>
    <link:referenceArc xlink:type="arc" xlink:arcrole="http://www.xbrl.org/2003/arcrole/concept-reference" xlink:from="loc_50" xlink:to="res_23"/>
    <link:loc xlink:type="locator" xlink:href="../../ifrs-cor_2011-03-25.xsd#ifrs_AdjustmentsForProvisions" xlink:label="loc_51"/>
    <link:reference xlink:type="resource" xlink:label="res_24" xlink:role="http://www.xbrl.org/2009/role/commonPracticeRef">
      <ref:Name>IAS</ref:Name>
      <ref:Number>7</ref:Number>
      <ref:IssueDate>2011-01-01</ref:IssueDate>
      <ref:Paragraph>20</ref:Paragraph>
      <ref:Subparagraph>b</ref:Subparagraph>
      <ref:URI>http://eifrs.ifrs.org/eifrs/XBRL?type=IAS&amp;num=7&amp;date=2011-03-25&amp;anchor=para_20_b&amp;doctype=Standard</ref:URI>
      <ref:URIDate>2011-06-01</ref:URIDate>
    </link:reference>
    <link:referenceArc xlink:type="arc" xlink:arcrole="http://www.xbrl.org/2003/arcrole/concept-reference" xlink:from="loc_51" xlink:to="res_24"/>
    <link:loc xlink:type="locator" xlink:href="../../ifrs-cor_2011-03-25.xsd#ifrs_AdjustmentsForUnrealisedForeignExchangeLossesGains" xlink:label="loc_52"/>
    <link:referenceArc xlink:type="arc" xlink:arcrole="http://www.xbrl.org/2003/arcrole/concept-reference" xlink:from="loc_52" xlink:to="res_24"/>
    <link:loc xlink:type="locator" xlink:href="../../ifrs-cor_2011-03-25.xsd#ifrs_AdjustmentsForDepreciationAndAmortisationExpense" xlink:label="loc_45"/>
    <link:referenceArc xlink:type="arc" xlink:arcrole="http://www.xbrl.org/2003/arcrole/concept-reference" xlink:from="loc_45" xlink:to="res_24"/>
    <link:loc xlink:type="locator" xlink:href="../../ifrs-cor_2011-03-25.xsd#ifrs_AdjustmentsForUndistributedProfitsOfAssociates" xlink:label="loc_53"/>
    <link:referenceArc xlink:type="arc" xlink:arcrole="http://www.xbrl.org/2003/arcrole/concept-reference" xlink:from="loc_53" xlink:to="res_24"/>
    <link:loc xlink:type="locator" xlink:href="../../ifrs-cor_2011-03-25.xsd#ifrs_AdjustmentsForIncomeTaxExpense" xlink:label="loc_54"/>
    <link:referenceArc xlink:type="arc" xlink:arcrole="http://www.xbrl.org/2003/arcrole/concept-reference" xlink:from="loc_54" xlink:to="res_9"/>
    <link:loc xlink:type="locator" xlink:href="../../ifrs-cor_2011-03-25.xsd#ifrs_AdjustmentsForImpairmentLossReversalOfImpairmentLossRecognisedInProfitOrLoss" xlink:label="loc_55"/>
    <link:referenceArc xlink:type="arc" xlink:arcrole="http://www.xbrl.org/2003/arcrole/concept-reference" xlink:from="loc_55" xlink:to="res_24"/>
    <link:loc xlink:type="locator" xlink:href="../../ifrs-cor_2011-03-25.xsd#ifrs_OtherAdjustmentsForNoncashItems" xlink:label="loc_57"/>
    <link:referenceArc xlink:type="arc" xlink:arcrole="http://www.xbrl.org/2003/arcrole/concept-reference" xlink:from="loc_57" xlink:to="res_24"/>
    <link:loc xlink:type="locator" xlink:href="../../ifrs-cor_2011-03-25.xsd#ifrs_AdjustmentsForSharebasedPayments" xlink:label="loc_58"/>
    <link:referenceArc xlink:type="arc" xlink:arcrole="http://www.xbrl.org/2003/arcrole/concept-reference" xlink:from="loc_58" xlink:to="res_24"/>
    <link:loc xlink:type="locator" xlink:href="../../ifrs-cor_2011-03-25.xsd#ifrs_AdjustmentsForFairValueGainsLosses" xlink:label="loc_59"/>
    <link:referenceArc xlink:type="arc" xlink:arcrole="http://www.xbrl.org/2003/arcrole/concept-reference" xlink:from="loc_59" xlink:to="res_24"/>
    <link:loc xlink:type="locator" xlink:href="../../ifrs-cor_2011-03-25.xsd#ifrs_PaymentsFromContractsHeldForDealingOrTradingPurpose" xlink:label="loc_60"/>
    <link:reference xlink:type="resource" xlink:label="res_25" xlink:role="http://www.xbrl.org/2003/role/exampleRef">
      <ref:Name>IAS</ref:Name>
      <ref:Number>7</ref:Number>
      <ref:IssueDate>2011-01-01</ref:IssueDate>
      <ref:Paragraph>14</ref:Paragraph>
      <ref:Subparagraph>g</ref:Subparagraph>
      <ref:URI>http://eifrs.ifrs.org/eifrs/XBRL?type=IAS&amp;num=7&amp;date=2011-03-25&amp;anchor=para_14_g&amp;doctype=Standard</ref:URI>
      <ref:URIDate>2011-06-01</ref:URIDate>
    </link:reference>
    <link:referenceArc xlink:type="arc" xlink:arcrole="http://www.xbrl.org/2003/arcrole/concept-reference" xlink:from="loc_60" xlink:to="res_25"/>
    <link:loc xlink:type="locator" xlink:href="../../ifrs-cor_2011-03-25.xsd#ifrs_ReceiptsFromContractsHeldForDealingOrTradingPurpose" xlink:label="loc_61"/>
    <link:referenceArc xlink:type="arc" xlink:arcrole="http://www.xbrl.org/2003/arcrole/concept-reference" xlink:from="loc_61" xlink:to="res_25"/>
    <link:loc xlink:type="locator" xlink:href="../../ifrs-cor_2011-03-25.xsd#ifrs_OtherCashReceiptsFromOperatingActivities" xlink:label="loc_63"/>
    <link:reference xlink:type="resource" xlink:label="res_26" xlink:role="http://www.xbrl.org/2003/role/exampleRef">
      <ref:Name>IAS</ref:Name>
      <ref:Number>7</ref:Number>
      <ref:IssueDate>2011-01-01</ref:IssueDate>
      <ref:Paragraph>14</ref:Paragraph>
      <ref:URI>http://eifrs.ifrs.org/eifrs/XBRL?type=IAS&amp;num=7&amp;date=2011-03-25&amp;anchor=para_14&amp;doctype=Standard</ref:URI>
      <ref:URIDate>2011-06-01</ref:URIDate>
    </link:reference>
    <link:referenceArc xlink:type="arc" xlink:arcrole="http://www.xbrl.org/2003/arcrole/concept-reference" xlink:from="loc_63" xlink:to="res_26"/>
    <link:loc xlink:type="locator" xlink:href="../../ifrs-cor_2011-03-25.xsd#ifrs_OtherCashPaymentsFromOperatingActivities" xlink:label="loc_64"/>
    <link:referenceArc xlink:type="arc" xlink:arcrole="http://www.xbrl.org/2003/arcrole/concept-reference" xlink:from="loc_64" xlink:to="res_26"/>
    <link:loc xlink:type="locator" xlink:href="../../ifrs-cor_2011-03-25.xsd#ifrs_OtherAdjustmentsForWhichCashEffectsAreInvestingOrFinancingCashFlow" xlink:label="loc_66"/>
    <link:reference xlink:type="resource" xlink:label="res_27" xlink:role="http://www.xbrl.org/2009/role/commonPracticeRef">
      <ref:Name>IAS</ref:Name>
      <ref:Number>7</ref:Number>
      <ref:IssueDate>2011-01-01</ref:IssueDate>
      <ref:Paragraph>20</ref:Paragraph>
      <ref:Subparagraph>c</ref:Subparagraph>
      <ref:URI>http://eifrs.ifrs.org/eifrs/XBRL?type=IAS&amp;num=7&amp;date=2011-03-25&amp;anchor=para_20_c&amp;doctype=Standard</ref:URI>
      <ref:URIDate>2011-06-01</ref:URIDate>
    </link:reference>
    <link:referenceArc xlink:type="arc" xlink:arcrole="http://www.xbrl.org/2003/arcrole/concept-reference" xlink:from="loc_66" xlink:to="res_27"/>
    <link:loc xlink:type="locator" xlink:href="../../ifrs-cor_2011-03-25.xsd#ifrs_AdjustmentsForLossesGainsOnDisposalOfNoncurrentAssets" xlink:label="loc_67"/>
    <link:reference xlink:type="resource" xlink:label="res_35" xlink:role="http://www.xbrl.org/2009/role/commonPracticeRef">
      <ref:Name>IAS</ref:Name>
      <ref:Number>7</ref:Number>
      <ref:IssueDate>2011-01-01</ref:IssueDate>
      <ref:Paragraph>14</ref:Paragraph>
      <ref:URI>http://eifrs.ifrs.org/eifrs/XBRL?type=IAS&amp;num=7&amp;date=2011-03-25&amp;anchor=para_14&amp;doctype=Standard</ref:URI>
      <ref:URIDate>2011-06-01</ref:URIDate>
    </link:reference>
    <link:referenceArc xlink:type="arc" xlink:arcrole="http://www.xbrl.org/2003/arcrole/concept-reference" xlink:from="loc_67" xlink:to="res_35"/>
    <link:loc xlink:type="locator" xlink:href="../../ifrs-cor_2011-03-25.xsd#ifrs_PaymentsOfFinanceLeaseLiabilitiesClassifiedAsFinancingActivities" xlink:label="loc_70"/>
    <link:reference xlink:type="resource" xlink:label="res_30" xlink:role="http://www.xbrl.org/2003/role/exampleRef">
      <ref:Name>IAS</ref:Name>
      <ref:Number>7</ref:Number>
      <ref:IssueDate>2011-01-01</ref:IssueDate>
      <ref:Paragraph>17</ref:Paragraph>
      <ref:Subparagraph>e</ref:Subparagraph>
      <ref:URI>http://eifrs.ifrs.org/eifrs/XBRL?type=IAS&amp;num=7&amp;date=2011-03-25&amp;anchor=para_17_e&amp;doctype=Standard</ref:URI>
      <ref:URIDate>2011-06-01</ref:URIDate>
    </link:reference>
    <link:referenceArc xlink:type="arc" xlink:arcrole="http://www.xbrl.org/2003/arcrole/concept-reference" xlink:from="loc_70" xlink:to="res_30"/>
    <link:loc xlink:type="locator" xlink:href="../../ifrs-cor_2011-03-25.xsd#ifrs_PaymentsOfOtherEquityInstruments" xlink:label="loc_72"/>
    <link:reference xlink:type="resource" xlink:label="res_31" xlink:role="http://www.xbrl.org/2009/role/commonPracticeRef">
      <ref:Name>IAS</ref:Name>
      <ref:Number>7</ref:Number>
      <ref:IssueDate>2011-01-01</ref:IssueDate>
      <ref:Paragraph>17</ref:Paragraph>
      <ref:URI>http://eifrs.ifrs.org/eifrs/XBRL?type=IAS&amp;num=7&amp;date=2011-03-25&amp;anchor=para_17&amp;doctype=Standard</ref:URI>
      <ref:URIDate>2011-06-01</ref:URIDate>
    </link:reference>
    <link:referenceArc xlink:type="arc" xlink:arcrole="http://www.xbrl.org/2003/arcrole/concept-reference" xlink:from="loc_72" xlink:to="res_31"/>
    <link:loc xlink:type="locator" xlink:href="../../ifrs-cor_2011-03-25.xsd#ifrs_ProceedsFromIssuingOtherEquityInstruments" xlink:label="loc_73"/>
    <link:reference xlink:type="resource" xlink:label="res_36" xlink:role="http://www.xbrl.org/2003/role/exampleRef">
      <ref:Name>IAS</ref:Name>
      <ref:Number>7</ref:Number>
      <ref:IssueDate>2011-01-01</ref:IssueDate>
      <ref:Paragraph>17</ref:Paragraph>
      <ref:Subparagraph>a</ref:Subparagraph>
      <ref:URI>http://eifrs.ifrs.org/eifrs/XBRL?type=IAS&amp;num=7&amp;date=2011-03-25&amp;anchor=para_17_a&amp;doctype=Standard</ref:URI>
      <ref:URIDate>2011-06-01</ref:URIDate>
    </link:reference>
    <link:referenceArc xlink:type="arc" xlink:arcrole="http://www.xbrl.org/2003/arcrole/concept-reference" xlink:from="loc_73" xlink:to="res_36"/>
    <link:loc xlink:type="locator" xlink:href="../../ifrs-cor_2011-03-25.xsd#ifrs_ProceedsFromIssuingShares" xlink:label="loc_74"/>
    <link:referenceArc xlink:type="arc" xlink:arcrole="http://www.xbrl.org/2003/arcrole/concept-reference" xlink:from="loc_74" xlink:to="res_36"/>
    <link:loc xlink:type="locator" xlink:href="../../ifrs-cor_2011-03-25.xsd#ifrs_PaymentsToAcquireOrRedeemEntitysShares" xlink:label="loc_76"/>
    <link:reference xlink:type="resource" xlink:label="res_32" xlink:role="http://www.xbrl.org/2003/role/exampleRef">
      <ref:Name>IAS</ref:Name>
      <ref:Number>7</ref:Number>
      <ref:IssueDate>2011-01-01</ref:IssueDate>
      <ref:Paragraph>17</ref:Paragraph>
      <ref:Subparagraph>b</ref:Subparagraph>
      <ref:URI>http://eifrs.ifrs.org/eifrs/XBRL?type=IAS&amp;num=7&amp;date=2011-03-25&amp;anchor=para_17_b&amp;doctype=Standard</ref:URI>
      <ref:URIDate>2011-06-01</ref:URIDate>
    </link:reference>
    <link:referenceArc xlink:type="arc" xlink:arcrole="http://www.xbrl.org/2003/arcrole/concept-reference" xlink:from="loc_76" xlink:to="res_32"/>
    <link:loc xlink:type="locator" xlink:href="../../ifrs-cor_2011-03-25.xsd#ifrs_PaymentsToAndOnBehalfOfEmployees" xlink:label="loc_77"/>
    <link:reference xlink:type="resource" xlink:label="res_33" xlink:role="http://www.xbrl.org/2003/role/exampleRef">
      <ref:Name>IAS</ref:Name>
      <ref:Number>7</ref:Number>
      <ref:IssueDate>2011-01-01</ref:IssueDate>
      <ref:Paragraph>14</ref:Paragraph>
      <ref:Subparagraph>d</ref:Subparagraph>
      <ref:URI>http://eifrs.ifrs.org/eifrs/XBRL?type=IAS&amp;num=7&amp;date=2011-03-25&amp;anchor=para_14_d&amp;doctype=Standard</ref:URI>
      <ref:URIDate>2011-06-01</ref:URIDate>
    </link:reference>
    <link:referenceArc xlink:type="arc" xlink:arcrole="http://www.xbrl.org/2003/arcrole/concept-reference" xlink:from="loc_77" xlink:to="res_33"/>
    <link:loc xlink:type="locator" xlink:href="../../ifrs-cor_2011-03-25.xsd#ifrs_PaymentsToSuppliersForGoodsAndServices" xlink:label="loc_78"/>
    <link:reference xlink:type="resource" xlink:label="res_34" xlink:role="http://www.xbrl.org/2003/role/exampleRef">
      <ref:Name>IAS</ref:Name>
      <ref:Number>7</ref:Number>
      <ref:IssueDate>2011-01-01</ref:IssueDate>
      <ref:Paragraph>14</ref:Paragraph>
      <ref:Subparagraph>c</ref:Subparagraph>
      <ref:URI>http://eifrs.ifrs.org/eifrs/XBRL?type=IAS&amp;num=7&amp;date=2011-03-25&amp;anchor=para_14_c&amp;doctype=Standard</ref:URI>
      <ref:URIDate>2011-06-01</ref:URIDate>
    </link:reference>
    <link:referenceArc xlink:type="arc" xlink:arcrole="http://www.xbrl.org/2003/arcrole/concept-reference" xlink:from="loc_78" xlink:to="res_34"/>
    <link:loc xlink:type="locator" xlink:href="../../ifrs-cor_2011-03-25.xsd#ifrs_ProceedsFromOtherLongtermAssetsClassifiedAsInvestingActivities" xlink:label="loc_80"/>
    <link:reference xlink:type="resource" xlink:label="res_37" xlink:role="http://www.xbrl.org/2003/role/exampleRef">
      <ref:Name>IAS</ref:Name>
      <ref:Number>7</ref:Number>
      <ref:IssueDate>2011-01-01</ref:IssueDate>
      <ref:Paragraph>16</ref:Paragraph>
      <ref:Subparagraph>b</ref:Subparagraph>
      <ref:URI>http://eifrs.ifrs.org/eifrs/XBRL?type=IAS&amp;num=7&amp;date=2011-03-25&amp;anchor=para_16_b&amp;doctype=Standard</ref:URI>
      <ref:URIDate>2011-06-01</ref:URIDate>
    </link:reference>
    <link:referenceArc xlink:type="arc" xlink:arcrole="http://www.xbrl.org/2003/arcrole/concept-reference" xlink:from="loc_80" xlink:to="res_37"/>
    <link:loc xlink:type="locator" xlink:href="../../ifrs-cor_2011-03-25.xsd#ifrs_ProceedsFromSalesOfIntangibleAssetsClassifiedAsInvestingActivities" xlink:label="loc_81"/>
    <link:referenceArc xlink:type="arc" xlink:arcrole="http://www.xbrl.org/2003/arcrole/concept-reference" xlink:from="loc_81" xlink:to="res_37"/>
    <link:loc xlink:type="locator" xlink:href="../../ifrs-cor_2011-03-25.xsd#ifrs_ProceedsFromSalesOfPropertyPlantAndEquipmentClassifiedAsInvestingActivities" xlink:label="loc_82"/>
    <link:referenceArc xlink:type="arc" xlink:arcrole="http://www.xbrl.org/2003/arcrole/concept-reference" xlink:from="loc_82" xlink:to="res_37"/>
    <link:loc xlink:type="locator" xlink:href="../../ifrs-cor_2011-03-25.xsd#ifrs_ProceedsFromBorrowingsClassifiedAsFinancingActivities" xlink:label="loc_83"/>
    <link:reference xlink:type="resource" xlink:label="res_38" xlink:role="http://www.xbrl.org/2003/role/exampleRef">
      <ref:Name>IAS</ref:Name>
      <ref:Number>7</ref:Number>
      <ref:IssueDate>2011-01-01</ref:IssueDate>
      <ref:Paragraph>17</ref:Paragraph>
      <ref:Subparagraph>c</ref:Subparagraph>
      <ref:URI>http://eifrs.ifrs.org/eifrs/XBRL?type=IAS&amp;num=7&amp;date=2011-03-25&amp;anchor=para_17_c&amp;doctype=Standard</ref:URI>
      <ref:URIDate>2011-06-01</ref:URIDate>
    </link:reference>
    <link:referenceArc xlink:type="arc" xlink:arcrole="http://www.xbrl.org/2003/arcrole/concept-reference" xlink:from="loc_83" xlink:to="res_38"/>
    <link:loc xlink:type="locator" xlink:href="../../ifrs-cor_2011-03-25.xsd#ifrs_PurchaseOfOtherLongtermAssetsClassifiedAsInvestingActivities" xlink:label="loc_86"/>
    <link:reference xlink:type="resource" xlink:label="res_39" xlink:role="http://www.xbrl.org/2003/role/exampleRef">
      <ref:Name>IAS</ref:Name>
      <ref:Number>7</ref:Number>
      <ref:IssueDate>2011-01-01</ref:IssueDate>
      <ref:Paragraph>16</ref:Paragraph>
      <ref:Subparagraph>a</ref:Subparagraph>
      <ref:URI>http://eifrs.ifrs.org/eifrs/XBRL?type=IAS&amp;num=7&amp;date=2011-03-25&amp;anchor=para_16_a&amp;doctype=Standard</ref:URI>
      <ref:URIDate>2011-06-01</ref:URIDate>
    </link:reference>
    <link:referenceArc xlink:type="arc" xlink:arcrole="http://www.xbrl.org/2003/arcrole/concept-reference" xlink:from="loc_86" xlink:to="res_39"/>
    <link:loc xlink:type="locator" xlink:href="../../ifrs-cor_2011-03-25.xsd#ifrs_PurchaseOfPropertyPlantAndEquipmentClassifiedAsInvestingActivities" xlink:label="loc_88"/>
    <link:referenceArc xlink:type="arc" xlink:arcrole="http://www.xbrl.org/2003/arcrole/concept-reference" xlink:from="loc_88" xlink:to="res_39"/>
    <link:loc xlink:type="locator" xlink:href="../../ifrs-cor_2011-03-25.xsd#ifrs_PurchaseOfIntangibleAssetsClassifiedAsInvestingActivities" xlink:label="loc_89"/>
    <link:referenceArc xlink:type="arc" xlink:arcrole="http://www.xbrl.org/2003/arcrole/concept-reference" xlink:from="loc_89" xlink:to="res_39"/>
    <link:loc xlink:type="locator" xlink:href="../../ifrs-cor_2011-03-25.xsd#ifrs_ReceiptsFromRoyaltiesFeesCommissionsAndOtherRevenue" xlink:label="loc_90"/>
    <link:reference xlink:type="resource" xlink:label="res_40" xlink:role="http://www.xbrl.org/2003/role/exampleRef">
      <ref:Name>IAS</ref:Name>
      <ref:Number>7</ref:Number>
      <ref:IssueDate>2011-01-01</ref:IssueDate>
      <ref:Paragraph>14</ref:Paragraph>
      <ref:Subparagraph>b</ref:Subparagraph>
      <ref:URI>http://eifrs.ifrs.org/eifrs/XBRL?type=IAS&amp;num=7&amp;date=2011-03-25&amp;anchor=para_14_b&amp;doctype=Standard</ref:URI>
      <ref:URIDate>2011-06-01</ref:URIDate>
    </link:reference>
    <link:referenceArc xlink:type="arc" xlink:arcrole="http://www.xbrl.org/2003/arcrole/concept-reference" xlink:from="loc_90" xlink:to="res_40"/>
    <link:loc xlink:type="locator" xlink:href="../../ifrs-cor_2011-03-25.xsd#ifrs_ReceiptsFromSalesOfGoodsAndRenderingOfServices" xlink:label="loc_91"/>
    <link:reference xlink:type="resource" xlink:label="res_41" xlink:role="http://www.xbrl.org/2003/role/exampleRef">
      <ref:Name>IAS</ref:Name>
      <ref:Number>7</ref:Number>
      <ref:IssueDate>2011-01-01</ref:IssueDate>
      <ref:Paragraph>14</ref:Paragraph>
      <ref:Subparagraph>a</ref:Subparagraph>
      <ref:URI>http://eifrs.ifrs.org/eifrs/XBRL?type=IAS&amp;num=7&amp;date=2011-03-25&amp;anchor=para_14_a&amp;doctype=Standard</ref:URI>
      <ref:URIDate>2011-06-01</ref:URIDate>
    </link:reference>
    <link:referenceArc xlink:type="arc" xlink:arcrole="http://www.xbrl.org/2003/arcrole/concept-reference" xlink:from="loc_91" xlink:to="res_41"/>
    <link:loc xlink:type="locator" xlink:href="../../ifrs-cor_2011-03-25.xsd#ifrs_RepaymentsOfBorrowingsClassifiedAsFinancingActivities" xlink:label="loc_92"/>
    <link:reference xlink:type="resource" xlink:label="res_42" xlink:role="http://www.xbrl.org/2003/role/exampleRef">
      <ref:Name>IAS</ref:Name>
      <ref:Number>7</ref:Number>
      <ref:IssueDate>2011-01-01</ref:IssueDate>
      <ref:Paragraph>17</ref:Paragraph>
      <ref:Subparagraph>d</ref:Subparagraph>
      <ref:URI>http://eifrs.ifrs.org/eifrs/XBRL?type=IAS&amp;num=7&amp;date=2011-03-25&amp;anchor=para_17_d&amp;doctype=Standard</ref:URI>
      <ref:URIDate>2011-06-01</ref:URIDate>
    </link:reference>
    <link:referenceArc xlink:type="arc" xlink:arcrole="http://www.xbrl.org/2003/arcrole/concept-reference" xlink:from="loc_92" xlink:to="res_42"/>
    <link:loc xlink:type="locator" xlink:href="../../ifrs-cor_2011-03-25.xsd#ifrs_CashAdvancesAndLoansMadeToOtherPartiesClassifiedAsInvestingActivities" xlink:label="loc_93"/>
    <link:reference xlink:type="resource" xlink:label="res_43" xlink:role="http://www.xbrl.org/2003/role/exampleRef">
      <ref:Name>IAS</ref:Name>
      <ref:Number>7</ref:Number>
      <ref:IssueDate>2011-01-01</ref:IssueDate>
      <ref:Paragraph>16</ref:Paragraph>
      <ref:Subparagraph>e</ref:Subparagraph>
      <ref:URI>http://eifrs.ifrs.org/eifrs/XBRL?type=IAS&amp;num=7&amp;date=2011-03-25&amp;anchor=para_16_e&amp;doctype=Standard</ref:URI>
      <ref:URIDate>2011-06-01</ref:URIDate>
    </link:reference>
    <link:referenceArc xlink:type="arc" xlink:arcrole="http://www.xbrl.org/2003/arcrole/concept-reference" xlink:from="loc_93" xlink:to="res_43"/>
    <link:loc xlink:type="locator" xlink:href="../../ifrs-cor_2011-03-25.xsd#ifrs_CashPaymentsForFutureContractsForwardContractsOptionContractsAndSwapContractsClassifiedAsInvestingActivities" xlink:label="loc_96"/>
    <link:reference xlink:type="resource" xlink:label="res_45" xlink:role="http://www.xbrl.org/2003/role/exampleRef">
      <ref:Name>IAS</ref:Name>
      <ref:Number>7</ref:Number>
      <ref:IssueDate>2011-01-01</ref:IssueDate>
      <ref:Paragraph>16</ref:Paragraph>
      <ref:Subparagraph>g</ref:Subparagraph>
      <ref:URI>http://eifrs.ifrs.org/eifrs/XBRL?type=IAS&amp;num=7&amp;date=2011-03-25&amp;anchor=para_16_g&amp;doctype=Standard</ref:URI>
      <ref:URIDate>2011-06-01</ref:URIDate>
    </link:reference>
    <link:referenceArc xlink:type="arc" xlink:arcrole="http://www.xbrl.org/2003/arcrole/concept-reference" xlink:from="loc_96" xlink:to="res_45"/>
    <link:loc xlink:type="locator" xlink:href="../../ifrs-cor_2011-03-25.xsd#ifrs_CashReceiptsFromFutureContractsForwardContractsOptionContractsAndSwapContractsClassifiedAsInvestingActivities" xlink:label="loc_97"/>
    <link:reference xlink:type="resource" xlink:label="res_46" xlink:role="http://www.xbrl.org/2003/role/exampleRef">
      <ref:Name>IAS</ref:Name>
      <ref:Number>7</ref:Number>
      <ref:IssueDate>2011-01-01</ref:IssueDate>
      <ref:Paragraph>16</ref:Paragraph>
      <ref:Subparagraph>h</ref:Subparagraph>
      <ref:URI>http://eifrs.ifrs.org/eifrs/XBRL?type=IAS&amp;num=7&amp;date=2011-03-25&amp;anchor=para_16_h&amp;doctype=Standard</ref:URI>
      <ref:URIDate>2011-06-01</ref:URIDate>
    </link:reference>
    <link:referenceArc xlink:type="arc" xlink:arcrole="http://www.xbrl.org/2003/arcrole/concept-reference" xlink:from="loc_97" xlink:to="res_46"/>
    <link:loc xlink:type="locator" xlink:href="../../ifrs-cor_2011-03-25.xsd#ifrs_CashReceiptsFromRepaymentOfAdvancesAndLoansMadeToOtherPartiesClassifiedAsInvestingActivities" xlink:label="loc_98"/>
    <link:reference xlink:type="resource" xlink:label="res_47" xlink:role="http://www.xbrl.org/2003/role/exampleRef">
      <ref:Name>IAS</ref:Name>
      <ref:Number>7</ref:Number>
      <ref:IssueDate>2011-01-01</ref:IssueDate>
      <ref:Paragraph>16</ref:Paragraph>
      <ref:Subparagraph>f</ref:Subparagraph>
      <ref:URI>http://eifrs.ifrs.org/eifrs/XBRL?type=IAS&amp;num=7&amp;date=2011-03-25&amp;anchor=para_16_f&amp;doctype=Standard</ref:URI>
      <ref:URIDate>2011-06-01</ref:URIDate>
    </link:reference>
    <link:referenceArc xlink:type="arc" xlink:arcrole="http://www.xbrl.org/2003/arcrole/concept-reference" xlink:from="loc_98" xlink:to="res_47"/>
    <link:loc xlink:type="locator" xlink:href="../../ifrs-cor_2011-03-25.xsd#ifrs_OtherCashPaymentsToAcquireInterestsInJointVenturesClassifiedAsInvestingActivities" xlink:label="loc_99"/>
    <link:reference xlink:type="resource" xlink:label="res_48" xlink:role="http://www.xbrl.org/2003/role/exampleRef">
      <ref:Name>IAS</ref:Name>
      <ref:Number>7</ref:Number>
      <ref:IssueDate>2011-01-01</ref:IssueDate>
      <ref:Paragraph>16</ref:Paragraph>
      <ref:Subparagraph>c</ref:Subparagraph>
      <ref:URI>http://eifrs.ifrs.org/eifrs/XBRL?type=IAS&amp;num=7&amp;date=2011-03-25&amp;anchor=para_16_c&amp;doctype=Standard</ref:URI>
      <ref:URIDate>2011-06-01</ref:URIDate>
    </link:reference>
    <link:referenceArc xlink:type="arc" xlink:arcrole="http://www.xbrl.org/2003/arcrole/concept-reference" xlink:from="loc_99" xlink:to="res_48"/>
    <link:loc xlink:type="locator" xlink:href="../../ifrs-cor_2011-03-25.xsd#ifrs_OtherCashPaymentsToAcquireEquityOrDebtInstrumentsOfOtherEntitiesClassifiedAsInvestingActivities" xlink:label="loc_100"/>
    <link:referenceArc xlink:type="arc" xlink:arcrole="http://www.xbrl.org/2003/arcrole/concept-reference" xlink:from="loc_100" xlink:to="res_48"/>
    <link:loc xlink:type="locator" xlink:href="../../ifrs-cor_2011-03-25.xsd#ifrs_OtherCashReceiptsFromSalesOfEquityOrDebtInstrumentsOfOtherEntitiesClassifiedAsInvestingActivities" xlink:label="loc_101"/>
    <link:reference xlink:type="resource" xlink:label="res_49" xlink:role="http://www.xbrl.org/2003/role/exampleRef">
      <ref:Name>IAS</ref:Name>
      <ref:Number>7</ref:Number>
      <ref:IssueDate>2011-01-01</ref:IssueDate>
      <ref:Paragraph>16</ref:Paragraph>
      <ref:Subparagraph>d</ref:Subparagraph>
      <ref:URI>http://eifrs.ifrs.org/eifrs/XBRL?type=IAS&amp;num=7&amp;date=2011-03-25&amp;anchor=para_16_d&amp;doctype=Standard</ref:URI>
      <ref:URIDate>2011-06-01</ref:URIDate>
    </link:reference>
    <link:referenceArc xlink:type="arc" xlink:arcrole="http://www.xbrl.org/2003/arcrole/concept-reference" xlink:from="loc_101" xlink:to="res_49"/>
    <link:loc xlink:type="locator" xlink:href="../../ifrs-cor_2011-03-25.xsd#ifrs_OtherCashReceiptsFromSalesOfInterestsInJointVenturesClassifiedAsInvestingActivities" xlink:label="loc_102"/>
    <link:referenceArc xlink:type="arc" xlink:arcrole="http://www.xbrl.org/2003/arcrole/concept-reference" xlink:from="loc_102" xlink:to="res_49"/>
    <link:loc xlink:type="locator" xlink:href="../../ifrs-cor_2011-03-25.xsd#ifrs_OtherInflowsOutflowsOfCashClassifiedAsFinancingActivities" xlink:label="loc_68"/>
    <link:reference xlink:type="resource" xlink:label="res_51" xlink:role="http://www.xbrl.org/2003/role/disclosureRef">
      <ref:Name>IAS</ref:Name>
      <ref:Number>7</ref:Number>
      <ref:IssueDate>2011-01-01</ref:IssueDate>
      <ref:Paragraph>21</ref:Paragraph>
      <ref:URI>http://eifrs.ifrs.org/eifrs/XBRL?type=IAS&amp;num=7&amp;date=2011-03-25&amp;anchor=para_21&amp;doctype=Standard</ref:URI>
      <ref:URIDate>2011-06-01</ref:URIDate>
    </link:reference>
    <link:referenceArc xlink:type="arc" xlink:arcrole="http://www.xbrl.org/2003/arcrole/concept-reference" xlink:from="loc_68" xlink:to="res_51"/>
    <link:loc xlink:type="locator" xlink:href="../../ifrs-cor_2011-03-25.xsd#ifrs_OtherInflowsOutflowsOfCashClassifiedAsInvestingActivities" xlink:label="loc_69"/>
    <link:referenceArc xlink:type="arc" xlink:arcrole="http://www.xbrl.org/2003/arcrole/concept-reference" xlink:from="loc_69" xlink:to="res_51"/>
    <link:loc xlink:type="locator" xlink:href="../../ifrs-cor_2011-03-25.xsd#ifrs_AdjustmentsForFinanceCosts" xlink:label="loc_103"/>
    <link:referenceArc xlink:type="arc" xlink:arcrole="http://www.xbrl.org/2003/arcrole/concept-reference" xlink:from="loc_103" xlink:to="res_27"/>
    <link:loc xlink:type="locator" xlink:href="../../ifrs-cor_2011-03-25.xsd#ifrs_OtherAdjustmentsToReconcileProfitLoss" xlink:label="loc_104"/>
    <link:referenceArc xlink:type="arc" xlink:arcrole="http://www.xbrl.org/2003/arcrole/concept-reference" xlink:from="loc_104" xlink:to="res_21"/>
    <link:loc xlink:type="locator" xlink:href="../../ifrs-cor_2011-03-25.xsd#ifrs_InterestPaidClassifiedAsInvestingActivities" xlink:label="loc_105"/>
    <link:referenceArc xlink:type="arc" xlink:arcrole="http://www.xbrl.org/2003/arcrole/concept-reference" xlink:from="loc_105" xlink:to="res_28"/>
    <link:loc xlink:type="locator" xlink:href="../../ifrs-cor_2011-03-25.xsd#ifrs_InterestReceivedClassifiedAsFinancingActivities" xlink:label="loc_107"/>
    <link:referenceArc xlink:type="arc" xlink:arcrole="http://www.xbrl.org/2003/arcrole/concept-reference" xlink:from="loc_107" xlink:to="res_28"/>
    <link:loc xlink:type="locator" xlink:href="../../ifrs-cor_2011-03-25.xsd#ifrs_DividendsReceivedClassifiedAsFinancingActivities" xlink:label="loc_108"/>
    <link:referenceArc xlink:type="arc" xlink:arcrole="http://www.xbrl.org/2003/arcrole/concept-reference" xlink:from="loc_108" xlink:to="res_28"/>
    <link:loc xlink:type="locator" xlink:href="../../ifrs-cor_2011-03-25.xsd#ifrs_Cash" xlink:label="loc_5"/>
    <link:referenceArc xlink:type="arc" xlink:arcrole="http://www.xbrl.org/2003/arcrole/concept-reference" xlink:from="loc_5" xlink:to="res_2"/>
    <link:loc xlink:type="locator" xlink:href="../../ifrs-cor_2011-03-25.xsd#ifrs_CashEquivalents" xlink:label="loc_95"/>
    <link:referenceArc xlink:type="arc" xlink:arcrole="http://www.xbrl.org/2003/arcrole/concept-reference" xlink:from="loc_95" xlink:to="res_2"/>
    <link:loc xlink:type="locator" xlink:href="../../ifrs-cor_2011-03-25.xsd#ifrs_OtherDemandDeposits" xlink:label="loc_109"/>
    <link:referenceArc xlink:type="arc" xlink:arcrole="http://www.xbrl.org/2003/arcrole/concept-reference" xlink:from="loc_109" xlink:to="res_2"/>
    <link:loc xlink:type="locator" xlink:href="../../ifrs-cor_2011-03-25.xsd#ifrs_ExplanationOfInvestingAndFinancingTransactionsNotRequireUseOfCashOrCashEquivalents" xlink:label="loc_39"/>
    <link:reference xlink:type="resource" xlink:label="res_15" xlink:role="http://www.xbrl.org/2003/role/disclosureRef">
      <ref:Name>IAS</ref:Name>
      <ref:Number>7</ref:Number>
      <ref:IssueDate>2011-01-01</ref:IssueDate>
      <ref:Paragraph>43</ref:Paragraph>
      <ref:URI>http://eifrs.ifrs.org/eifrs/XBRL?type=IAS&amp;num=7&amp;date=2011-03-25&amp;anchor=para_43&amp;doctype=Standard</ref:URI>
      <ref:URIDate>2011-06-01</ref:URIDate>
    </link:reference>
    <link:referenceArc xlink:type="arc" xlink:arcrole="http://www.xbrl.org/2003/arcrole/concept-reference" xlink:from="loc_39" xlink:to="res_15"/>
    <link:loc xlink:type="locator" xlink:href="../../ifrs-cor_2011-03-25.xsd#ifrs_DescriptionOfConversionOfDebtToEquity" xlink:label="loc_46"/>
    <link:reference xlink:type="resource" xlink:label="res_20" xlink:role="http://www.xbrl.org/2003/role/disclosureRef">
      <ref:Name>IAS</ref:Name>
      <ref:Number>7</ref:Number>
      <ref:IssueDate>2011-01-01</ref:IssueDate>
      <ref:Paragraph>44</ref:Paragraph>
      <ref:Subparagraph>c</ref:Subparagraph>
      <ref:URI>http://eifrs.ifrs.org/eifrs/XBRL?type=IAS&amp;num=7&amp;date=2011-03-25&amp;anchor=para_44_c&amp;doctype=Standard</ref:URI>
      <ref:URIDate>2011-06-01</ref:URIDate>
    </link:reference>
    <link:referenceArc xlink:type="arc" xlink:arcrole="http://www.xbrl.org/2003/arcrole/concept-reference" xlink:from="loc_46" xlink:to="res_20"/>
    <link:loc xlink:type="locator" xlink:href="../../ifrs-cor_2011-03-25.xsd#ifrs_DescriptionOfAcquisitionOfAssetsByAssumingDirectlyRelatedLiabilitiesOrMeansOfFinanceLease" xlink:label="loc_22"/>
    <link:reference xlink:type="resource" xlink:label="res_19" xlink:role="http://www.xbrl.org/2003/role/disclosureRef">
      <ref:Name>IAS</ref:Name>
      <ref:Number>7</ref:Number>
      <ref:IssueDate>2011-01-01</ref:IssueDate>
      <ref:Paragraph>44</ref:Paragraph>
      <ref:Subparagraph>a</ref:Subparagraph>
      <ref:URI>http://eifrs.ifrs.org/eifrs/XBRL?type=IAS&amp;num=7&amp;date=2011-03-25&amp;anchor=para_44_a&amp;doctype=Standard</ref:URI>
      <ref:URIDate>2011-06-01</ref:URIDate>
    </link:reference>
    <link:referenceArc xlink:type="arc" xlink:arcrole="http://www.xbrl.org/2003/arcrole/concept-reference" xlink:from="loc_22" xlink:to="res_19"/>
    <link:loc xlink:type="locator" xlink:href="../../ifrs-cor_2011-03-25.xsd#ifrs_DescriptionOfAcquisitionOfEntityByMeansOfEquityIssue" xlink:label="loc_44"/>
    <link:reference xlink:type="resource" xlink:label="res_50" xlink:role="http://www.xbrl.org/2003/role/disclosureRef">
      <ref:Name>IAS</ref:Name>
      <ref:Number>7</ref:Number>
      <ref:IssueDate>2011-01-01</ref:IssueDate>
      <ref:Paragraph>44</ref:Paragraph>
      <ref:Subparagraph>b</ref:Subparagraph>
      <ref:URI>http://eifrs.ifrs.org/eifrs/XBRL?type=IAS&amp;num=7&amp;date=2011-03-25&amp;anchor=para_44_b&amp;doctype=Standard</ref:URI>
      <ref:URIDate>2011-06-01</ref:URIDate>
    </link:reference>
    <link:referenceArc xlink:type="arc" xlink:arcrole="http://www.xbrl.org/2003/arcrole/concept-reference" xlink:from="loc_44" xlink:to="res_50"/>
    <link:loc xlink:type="locator" xlink:href="../../ifrs-cor_2011-03-25.xsd#ifrs_IncomeTaxesPaidRefund" xlink:label="loc_2"/>
    <link:referenceArc xlink:type="arc" xlink:arcrole="http://www.xbrl.org/2003/arcrole/concept-reference" xlink:from="loc_2" xlink:to="res_9"/>
    <link:loc xlink:type="locator" xlink:href="../../ifrs-cor_2011-03-25.xsd#ifrs_OtherDifferencesToCashAndCashEquivalentsInStatementOfCashFlows" xlink:label="loc_79"/>
    <link:referenceArc xlink:type="arc" xlink:arcrole="http://www.xbrl.org/2003/arcrole/concept-reference" xlink:from="loc_79" xlink:to="res_2"/>
    <link:loc xlink:type="locator" xlink:href="../../ifrs-cor_2011-03-25.xsd#ifrs_CashAndCashEquivalentsIfDifferentFromStatementOfFinancialPosition" xlink:label="loc_114"/>
    <link:referenceArc xlink:type="arc" xlink:arcrole="http://www.xbrl.org/2003/arcrole/concept-reference" xlink:from="loc_114" xlink:to="res_2"/>
    <link:loc xlink:type="locator" xlink:href="../../ifrs-cor_2011-03-25.xsd#ifrs_DisclosureOfAdditionalInformationAboutUnderstandingFinancialPositionsAndLiquidityOfEntityExplanatory" xlink:label="loc_42"/>
    <link:reference xlink:type="resource" xlink:label="res_18" xlink:role="http://www.xbrl.org/2003/role/exampleRef">
      <ref:Name>IAS</ref:Name>
      <ref:Number>7</ref:Number>
      <ref:IssueDate>2011-01-01</ref:IssueDate>
      <ref:Paragraph>50</ref:Paragraph>
      <ref:URI>http://eifrs.ifrs.org/eifrs/XBRL?type=IAS&amp;num=7&amp;date=2011-03-25&amp;anchor=para_50&amp;doctype=Standard</ref:URI>
      <ref:URIDate>2011-06-01</ref:URIDate>
    </link:reference>
    <link:referenceArc xlink:type="arc" xlink:arcrole="http://www.xbrl.org/2003/arcrole/concept-reference" xlink:from="loc_42" xlink:to="res_18"/>
    <link:loc xlink:type="locator" xlink:href="../../ifrs-cor_2011-03-25.xsd#ifrs_DescriptionOfAccountingPolicyToDetermineComponentsOfCashAndCashEquivalents" xlink:label="loc_16"/>
    <link:reference xlink:type="resource" xlink:label="res_29" xlink:role="http://www.xbrl.org/2003/role/disclosureRef">
      <ref:Name>IAS</ref:Name>
      <ref:Number>7</ref:Number>
      <ref:IssueDate>2011-01-01</ref:IssueDate>
      <ref:Paragraph>46</ref:Paragraph>
      <ref:URI>http://eifrs.ifrs.org/eifrs/XBRL?type=IAS&amp;num=7&amp;date=2011-03-25&amp;anchor=para_46&amp;doctype=Standard</ref:URI>
      <ref:URIDate>2011-06-01</ref:URIDate>
    </link:reference>
    <link:referenceArc xlink:type="arc" xlink:arcrole="http://www.xbrl.org/2003/arcrole/concept-reference" xlink:from="loc_16" xlink:to="res_29"/>
    <link:loc xlink:type="locator" xlink:href="../../ifrs-cor_2011-03-25.xsd#ifrs_CashAndCashEquivalentsInSubsidiaryOrBusinessesAcquiredOrDisposed" xlink:label="loc_36"/>
    <link:reference xlink:type="resource" xlink:label="res_12" xlink:role="http://www.xbrl.org/2003/role/disclosureRef">
      <ref:Name>IAS</ref:Name>
      <ref:Number>7</ref:Number>
      <ref:IssueDate>2011-01-01</ref:IssueDate>
      <ref:Paragraph>40</ref:Paragraph>
      <ref:Subparagraph>c</ref:Subparagraph>
      <ref:URI>http://eifrs.ifrs.org/eifrs/XBRL?type=IAS&amp;num=7&amp;date=2011-03-25&amp;anchor=para_40_c&amp;doctype=Standard</ref:URI>
      <ref:URIDate>2011-06-01</ref:URIDate>
    </link:reference>
    <link:referenceArc xlink:type="arc" xlink:arcrole="http://www.xbrl.org/2003/arcrole/concept-reference" xlink:from="loc_36" xlink:to="res_12"/>
    <link:loc xlink:type="locator" xlink:href="../../ifrs-cor_2011-03-25.xsd#ifrs_ConsiderationPaidReceived" xlink:label="loc_38"/>
    <link:reference xlink:type="resource" xlink:label="res_14" xlink:role="http://www.xbrl.org/2003/role/disclosureRef">
      <ref:Name>IAS</ref:Name>
      <ref:Number>7</ref:Number>
      <ref:IssueDate>2011-01-01</ref:IssueDate>
      <ref:Paragraph>40</ref:Paragraph>
      <ref:Subparagraph>a</ref:Subparagraph>
      <ref:URI>http://eifrs.ifrs.org/eifrs/XBRL?type=IAS&amp;num=7&amp;date=2011-03-25&amp;anchor=para_40_a&amp;doctype=Standard</ref:URI>
      <ref:URIDate>2011-06-01</ref:URIDate>
    </link:reference>
    <link:referenceArc xlink:type="arc" xlink:arcrole="http://www.xbrl.org/2003/arcrole/concept-reference" xlink:from="loc_38" xlink:to="res_14"/>
    <link:loc xlink:type="locator" xlink:href="../../ifrs-cor_2011-03-25.xsd#ifrs_UndrawnBorrowingFacilities" xlink:label="loc_84"/>
    <link:reference xlink:type="resource" xlink:label="res_53" xlink:role="http://www.xbrl.org/2003/role/exampleRef">
      <ref:Name>IAS</ref:Name>
      <ref:Number>7</ref:Number>
      <ref:IssueDate>2011-01-01</ref:IssueDate>
      <ref:Paragraph>50</ref:Paragraph>
      <ref:Subparagraph>a</ref:Subparagraph>
      <ref:URI>http://eifrs.ifrs.org/eifrs/XBRL?type=IAS&amp;num=7&amp;date=2011-03-25&amp;anchor=para_50_a&amp;doctype=Standard</ref:URI>
      <ref:URIDate>2011-06-01</ref:URIDate>
    </link:reference>
    <link:referenceArc xlink:type="arc" xlink:arcrole="http://www.xbrl.org/2003/arcrole/concept-reference" xlink:from="loc_84" xlink:to="res_53"/>
    <link:loc xlink:type="locator" xlink:href="../../ifrs-cor_2011-03-25.xsd#ifrs_CashFlowsFromUsedInActivitiesRelatedToJointVenturesProportionateConsolidationClassifiedAsOperatingActivities" xlink:label="loc_85"/>
    <link:reference xlink:type="resource" xlink:label="res_8" xlink:role="http://www.xbrl.org/2003/role/exampleRef">
      <ref:Name>IAS</ref:Name>
      <ref:Number>7</ref:Number>
      <ref:IssueDate>2011-01-01</ref:IssueDate>
      <ref:Paragraph>50</ref:Paragraph>
      <ref:Subparagraph>b</ref:Subparagraph>
      <ref:URI>http://eifrs.ifrs.org/eifrs/XBRL?type=IAS&amp;num=7&amp;date=2011-03-25&amp;anchor=para_50_b&amp;doctype=Standard</ref:URI>
      <ref:URIDate>2011-06-01</ref:URIDate>
    </link:reference>
    <link:referenceArc xlink:type="arc" xlink:arcrole="http://www.xbrl.org/2003/arcrole/concept-reference" xlink:from="loc_85" xlink:to="res_8"/>
    <link:loc xlink:type="locator" xlink:href="../../ifrs-cor_2011-03-25.xsd#ifrs_CashFlowsFromUsedInIncreasesInOperatingCapacity" xlink:label="loc_110"/>
    <link:reference xlink:type="resource" xlink:label="res_52" xlink:role="http://www.xbrl.org/2003/role/exampleRef">
      <ref:Name>IAS</ref:Name>
      <ref:Number>7</ref:Number>
      <ref:IssueDate>2011-01-01</ref:IssueDate>
      <ref:Paragraph>50</ref:Paragraph>
      <ref:Subparagraph>c</ref:Subparagraph>
      <ref:URI>http://eifrs.ifrs.org/eifrs/XBRL?type=IAS&amp;num=7&amp;date=2011-03-25&amp;anchor=para_50_c&amp;doctype=Standard</ref:URI>
      <ref:URIDate>2011-06-01</ref:URIDate>
    </link:reference>
    <link:referenceArc xlink:type="arc" xlink:arcrole="http://www.xbrl.org/2003/arcrole/concept-reference" xlink:from="loc_110" xlink:to="res_52"/>
    <link:loc xlink:type="locator" xlink:href="../../ifrs-cor_2011-03-25.xsd#ifrs_ProceedsFromChangesInOwnershipInterestsInSubsidiaries" xlink:label="loc_111"/>
    <link:reference xlink:type="resource" xlink:label="res_54" xlink:role="http://www.xbrl.org/2003/role/disclosureRef">
      <ref:Name>IAS</ref:Name>
      <ref:Number>7</ref:Number>
      <ref:IssueDate>2011-01-01</ref:IssueDate>
      <ref:Paragraph>42A</ref:Paragraph>
      <ref:URI>http://eifrs.ifrs.org/eifrs/XBRL?type=IAS&amp;num=7&amp;date=2011-03-25&amp;anchor=para_42A&amp;doctype=Standard</ref:URI>
      <ref:URIDate>2011-06-01</ref:URIDate>
    </link:reference>
    <link:referenceArc xlink:type="arc" xlink:arcrole="http://www.xbrl.org/2003/arcrole/concept-reference" xlink:from="loc_111" xlink:to="res_54"/>
    <link:reference xlink:type="resource" xlink:label="res_56" xlink:role="http://www.xbrl.org/2003/role/disclosureRef">
      <ref:Name>IAS</ref:Name>
      <ref:Number>7</ref:Number>
      <ref:IssueDate>2011-01-01</ref:IssueDate>
      <ref:Paragraph>42B</ref:Paragraph>
      <ref:URI>http://eifrs.ifrs.org/eifrs/XBRL?type=IAS&amp;num=7&amp;date=2011-03-25&amp;anchor=para_42B&amp;doctype=Standard</ref:URI>
      <ref:URIDate>2011-06-01</ref:URIDate>
    </link:reference>
    <link:referenceArc xlink:type="arc" xlink:arcrole="http://www.xbrl.org/2003/arcrole/concept-reference" xlink:from="loc_111" xlink:to="res_56"/>
    <link:loc xlink:type="locator" xlink:href="../../ifrs-cor_2011-03-25.xsd#ifrs_PaymentsFromChangesInOwnershipInterestsInSubsidiaries" xlink:label="loc_112"/>
    <link:referenceArc xlink:type="arc" xlink:arcrole="http://www.xbrl.org/2003/arcrole/concept-reference" xlink:from="loc_112" xlink:to="res_54"/>
    <link:referenceArc xlink:type="arc" xlink:arcrole="http://www.xbrl.org/2003/arcrole/concept-reference" xlink:from="loc_112" xlink:to="res_56"/>
    <link:loc xlink:type="locator" xlink:href="../../ifrs-cor_2011-03-25.xsd#ifrs_AssetsOtherThanCashOrCashEquivalentsInSubsidiaryOrBusinessesAcquiredOrDisposed" xlink:label="loc_116"/>
    <link:reference xlink:type="resource" xlink:label="res_57" xlink:role="http://www.xbrl.org/2003/role/disclosureRef">
      <ref:Name>IAS</ref:Name>
      <ref:Number>7</ref:Number>
      <ref:IssueDate>2011-01-01</ref:IssueDate>
      <ref:Paragraph>40</ref:Paragraph>
      <ref:Subparagraph>d</ref:Subparagraph>
      <ref:URI>http://eifrs.ifrs.org/eifrs/XBRL?type=IAS&amp;num=7&amp;date=2011-03-25&amp;anchor=para_40_d&amp;doctype=Standard</ref:URI>
      <ref:URIDate>2011-06-01</ref:URIDate>
    </link:reference>
    <link:referenceArc xlink:type="arc" xlink:arcrole="http://www.xbrl.org/2003/arcrole/concept-reference" xlink:from="loc_116" xlink:to="res_57"/>
    <link:loc xlink:type="locator" xlink:href="../../ifrs-cor_2011-03-25.xsd#ifrs_PortionOfConsiderationPaidReceivedConsistingOfCashAndCashEquivalents" xlink:label="loc_117"/>
    <link:reference xlink:type="resource" xlink:label="res_58" xlink:role="http://www.xbrl.org/2003/role/disclosureRef">
      <ref:Name>IAS</ref:Name>
      <ref:Number>7</ref:Number>
      <ref:IssueDate>2011-01-01</ref:IssueDate>
      <ref:Paragraph>40</ref:Paragraph>
      <ref:Subparagraph>b</ref:Subparagraph>
      <ref:URI>http://eifrs.ifrs.org/eifrs/XBRL?type=IAS&amp;num=7&amp;date=2011-03-25&amp;anchor=para_40_b&amp;doctype=Standard</ref:URI>
      <ref:URIDate>2011-06-01</ref:URIDate>
    </link:reference>
    <link:referenceArc xlink:type="arc" xlink:arcrole="http://www.xbrl.org/2003/arcrole/concept-reference" xlink:from="loc_117" xlink:to="res_58"/>
    <link:loc xlink:type="locator" xlink:href="../../ifrs-cor_2011-03-25.xsd#ifrs_CommentaryByManagementOnSignificantCashAndCashEquivalentBalancesHeldByEntityThatAreNotAvailableForUseByGroup" xlink:label="loc_119"/>
    <link:referenceArc xlink:type="arc" xlink:arcrole="http://www.xbrl.org/2003/arcrole/concept-reference" xlink:from="loc_119" xlink:to="res_17"/>
    <link:loc xlink:type="locator" xlink:href="../../ifrs-cor_2011-03-25.xsd#ifrs_LiabilitiesInSubsidiaryOrBusinessesAcquiredOrDisposed" xlink:label="loc_118"/>
    <link:referenceArc xlink:type="arc" xlink:arcrole="http://www.xbrl.org/2003/arcrole/concept-reference" xlink:from="loc_118" xlink:to="res_57"/>
    <link:loc xlink:type="locator" xlink:href="../../ifrs-cor_2011-03-25.xsd#ifrs_CashFlowsFromUsedInOperations" xlink:label="loc_62"/>
    <link:referenceArc xlink:type="arc" xlink:arcrole="http://www.xbrl.org/2003/arcrole/concept-reference" xlink:from="loc_62" xlink:to="res_4"/>
    <link:loc xlink:type="locator" xlink:href="../../ifrs-cor_2011-03-25.xsd#ifrs_ReceiptsFromRentsAndSubsequentSalesOfSuchAssets" xlink:label="loc_56"/>
    <link:referenceArc xlink:type="arc" xlink:arcrole="http://www.xbrl.org/2003/arcrole/concept-reference" xlink:from="loc_56" xlink:to="res_26"/>
    <link:loc xlink:type="locator" xlink:href="../../ifrs-cor_2011-03-25.xsd#ifrs_PaymentsToManufactureOrAcquireAssetsHeldForRentalToOthersAndSubsequentlyHeldForSale" xlink:label="loc_65"/>
    <link:referenceArc xlink:type="arc" xlink:arcrole="http://www.xbrl.org/2003/arcrole/concept-reference" xlink:from="loc_65" xlink:to="res_26"/>
    <link:loc xlink:type="locator" xlink:href="../../ifrs-cor_2011-03-25.xsd#ifrs_CashFlowsFromUsedInActivitiesRelatedToJointVenturesProportionateConsolidationClassifiedAsInvestingActivities" xlink:label="loc_87"/>
    <link:referenceArc xlink:type="arc" xlink:arcrole="http://www.xbrl.org/2003/arcrole/concept-reference" xlink:from="loc_87" xlink:to="res_8"/>
    <link:loc xlink:type="locator" xlink:href="../../ifrs-cor_2011-03-25.xsd#ifrs_CashFlowsFromUsedInActivitiesRelatedToJointVenturesProportionateConsolidationClassifiedAsFinancingActivities" xlink:label="loc_94"/>
    <link:referenceArc xlink:type="arc" xlink:arcrole="http://www.xbrl.org/2003/arcrole/concept-reference" xlink:from="loc_94" xlink:to="res_8"/>
    <link:loc xlink:type="locator" xlink:href="../../ifrs-cor_2011-03-25.xsd#ifrs_CashFlowsFromUsedInMaintainingOperatingCapacity" xlink:label="loc_113"/>
    <link:referenceArc xlink:type="arc" xlink:arcrole="http://www.xbrl.org/2003/arcrole/concept-reference" xlink:from="loc_113" xlink:to="res_52"/>
    <link:loc xlink:type="locator" xlink:href="../../ifrs-cor_2011-03-25.xsd#ifrs_CashAndCashEquivalentsClassifiedAsPartOfDisposalGroupHeldForSale" xlink:label="loc_115"/>
    <link:referenceArc xlink:type="arc" xlink:arcrole="http://www.xbrl.org/2003/arcrole/concept-reference" xlink:from="loc_115" xlink:to="res_2"/>
    <link:loc xlink:type="locator" xlink:href="../../ifrs-cp_2011-06-01.xsd#ifrs-cp_1_AdjustmentsForInterestExpense" xlink:label="loc_75"/>
    <link:reference xlink:type="resource" xlink:label="res_44" xlink:role="http://www.xbrl.org/2009/role/commonPracticeRef">
      <ref:Name>IAS</ref:Name>
      <ref:Number>7</ref:Number>
      <ref:IssueDate>2011-01-01</ref:IssueDate>
      <ref:Paragraph>20</ref:Paragraph>
      <ref:URI>http://eifrs.ifrs.org/eifrs/XBRL?type=IAS&amp;num=7&amp;date=2011-03-25&amp;anchor=para_20&amp;doctype=Standard</ref:URI>
      <ref:URIDate>2011-06-01</ref:URIDate>
    </link:reference>
    <link:referenceArc xlink:type="arc" xlink:arcrole="http://www.xbrl.org/2003/arcrole/concept-reference" xlink:from="loc_75" xlink:to="res_44"/>
    <link:loc xlink:type="locator" xlink:href="../../ifrs-cp_2011-06-01.xsd#ifrs-cp_1_IncomeTaxesPaidClassifiedAsOperatingActivities" xlink:label="loc_145"/>
    <link:reference xlink:type="resource" xlink:label="res_60" xlink:role="http://www.xbrl.org/2009/role/commonPracticeRef">
      <ref:Name>IAS</ref:Name>
      <ref:Number>7</ref:Number>
      <ref:IssueDate>2011-01-01</ref:IssueDate>
      <ref:Paragraph>35</ref:Paragraph>
      <ref:URI>http://eifrs.ifrs.org/eifrs/XBRL?type=IAS&amp;num=7&amp;date=2011-03-25&amp;anchor=para_35&amp;doctype=Standard</ref:URI>
      <ref:URIDate>2011-06-01</ref:URIDate>
    </link:reference>
    <link:referenceArc xlink:type="arc" xlink:arcrole="http://www.xbrl.org/2003/arcrole/concept-reference" xlink:from="loc_145" xlink:to="res_60"/>
    <link:loc xlink:type="locator" xlink:href="../../ifrs-cp_2011-06-01.xsd#ifrs-cp_1_FinanceCostsPaidClassifiedAsOperatingActivities" xlink:label="loc_147"/>
    <link:reference xlink:type="resource" xlink:label="res_61" xlink:role="http://www.xbrl.org/2009/role/commonPracticeRef">
      <ref:Name>IAS</ref:Name>
      <ref:Number>7</ref:Number>
      <ref:IssueDate>2011-01-01</ref:IssueDate>
      <ref:Paragraph>31</ref:Paragraph>
      <ref:URI>http://eifrs.ifrs.org/eifrs/XBRL?type=IAS&amp;num=7&amp;date=2011-03-25&amp;anchor=para_31&amp;doctype=Standard</ref:URI>
      <ref:URIDate>2011-06-01</ref:URIDate>
    </link:reference>
    <link:referenceArc xlink:type="arc" xlink:arcrole="http://www.xbrl.org/2003/arcrole/concept-reference" xlink:from="loc_147" xlink:to="res_61"/>
    <link:loc xlink:type="locator" xlink:href="../../ifrs-cp_2011-06-01.xsd#ifrs-cp_1_CashFlowsFromUsedInDecreaseIncreaseInRestrictedCashAndCashEquivalents" xlink:label="loc_150"/>
    <link:reference xlink:type="resource" xlink:label="res_62" xlink:role="http://www.xbrl.org/2009/role/commonPracticeRef">
      <ref:Name>IAS</ref:Name>
      <ref:Number>7</ref:Number>
      <ref:IssueDate>2011-01-01</ref:IssueDate>
      <ref:Paragraph>16</ref:Paragraph>
      <ref:URI>http://eifrs.ifrs.org/eifrs/XBRL?type=IAS&amp;num=7&amp;date=2011-03-25&amp;anchor=para_16&amp;doctype=Standard</ref:URI>
      <ref:URIDate>2011-06-01</ref:URIDate>
    </link:reference>
    <link:referenceArc xlink:type="arc" xlink:arcrole="http://www.xbrl.org/2003/arcrole/concept-reference" xlink:from="loc_150" xlink:to="res_62"/>
    <link:loc xlink:type="locator" xlink:href="../../ifrs-cp_2011-06-01.xsd#ifrs-cp_1_PaymentsToSuppliersForGoodsAndServicesAndToAndOnBehalfOfEmployees" xlink:label="loc_149"/>
    <link:referenceArc xlink:type="arc" xlink:arcrole="http://www.xbrl.org/2003/arcrole/concept-reference" xlink:from="loc_149" xlink:to="res_35"/>
    <link:loc xlink:type="locator" xlink:href="../../ifrs-cp_2011-06-01.xsd#ifrs-cp_1_DividendsPaidToEquityHoldersOfParentClassifiedAsFinancingActivities" xlink:label="loc_177"/>
    <link:referenceArc xlink:type="arc" xlink:arcrole="http://www.xbrl.org/2003/arcrole/concept-reference" xlink:from="loc_177" xlink:to="res_31"/>
    <link:loc xlink:type="locator" xlink:href="../../ifrs-cp_2011-06-01.xsd#ifrs-cp_1_DividendsPaidToNoncontrollingInterestsClassifiedAsFinancingActivities" xlink:label="loc_178"/>
    <link:referenceArc xlink:type="arc" xlink:arcrole="http://www.xbrl.org/2003/arcrole/concept-reference" xlink:from="loc_178" xlink:to="res_31"/>
    <link:loc xlink:type="locator" xlink:href="../../ifrs-cp_2011-06-01.xsd#ifrs-cp_1_ProceedsFromSaleOrIssueOfTreasuryShares" xlink:label="loc_179"/>
    <link:referenceArc xlink:type="arc" xlink:arcrole="http://www.xbrl.org/2003/arcrole/concept-reference" xlink:from="loc_179" xlink:to="res_31"/>
    <link:loc xlink:type="locator" xlink:href="../../ifrs-cp_2011-06-01.xsd#ifrs-cp_1_ProceedsFromExerciseOfOptions" xlink:label="loc_180"/>
    <link:referenceArc xlink:type="arc" xlink:arcrole="http://www.xbrl.org/2003/arcrole/concept-reference" xlink:from="loc_180" xlink:to="res_31"/>
    <link:loc xlink:type="locator" xlink:href="../../ifrs-cp_2011-06-01.xsd#ifrs-cp_1_ProceedsFromIssueOfPreferenceShares" xlink:label="loc_181"/>
    <link:referenceArc xlink:type="arc" xlink:arcrole="http://www.xbrl.org/2003/arcrole/concept-reference" xlink:from="loc_181" xlink:to="res_31"/>
    <link:loc xlink:type="locator" xlink:href="../../ifrs-cp_2011-06-01.xsd#ifrs-cp_1_ProceedsFromNoncurrentBorrowings" xlink:label="loc_182"/>
    <link:referenceArc xlink:type="arc" xlink:arcrole="http://www.xbrl.org/2003/arcrole/concept-reference" xlink:from="loc_182" xlink:to="res_31"/>
    <link:loc xlink:type="locator" xlink:href="../../ifrs-cp_2011-06-01.xsd#ifrs-cp_1_RepaymentsOfNoncurrentBorrowings" xlink:label="loc_183"/>
    <link:referenceArc xlink:type="arc" xlink:arcrole="http://www.xbrl.org/2003/arcrole/concept-reference" xlink:from="loc_183" xlink:to="res_31"/>
    <link:loc xlink:type="locator" xlink:href="../../ifrs-cp_2011-06-01.xsd#ifrs-cp_1_ProceedsFromCurrentBorrowings" xlink:label="loc_184"/>
    <link:referenceArc xlink:type="arc" xlink:arcrole="http://www.xbrl.org/2003/arcrole/concept-reference" xlink:from="loc_184" xlink:to="res_31"/>
    <link:loc xlink:type="locator" xlink:href="../../ifrs-cp_2011-06-01.xsd#ifrs-cp_1_RepaymentsOfCurrentBorrowings" xlink:label="loc_185"/>
    <link:referenceArc xlink:type="arc" xlink:arcrole="http://www.xbrl.org/2003/arcrole/concept-reference" xlink:from="loc_185" xlink:to="res_31"/>
    <link:loc xlink:type="locator" xlink:href="../../ifrs-cp_2011-06-01.xsd#ifrs-cp_1_CashFlowsFromUsedInIncreaseDecreaseInCurrentBorrowings" xlink:label="loc_186"/>
    <link:referenceArc xlink:type="arc" xlink:arcrole="http://www.xbrl.org/2003/arcrole/concept-reference" xlink:from="loc_186" xlink:to="res_31"/>
    <link:loc xlink:type="locator" xlink:href="../../ifrs-cp_2011-06-01.xsd#ifrs-cp_1_ProceedsFromIssueOfBondsNotesAndDebentures" xlink:label="loc_187"/>
    <link:referenceArc xlink:type="arc" xlink:arcrole="http://www.xbrl.org/2003/arcrole/concept-reference" xlink:from="loc_187" xlink:to="res_31"/>
    <link:loc xlink:type="locator" xlink:href="../../ifrs-cp_2011-06-01.xsd#ifrs-cp_1_RepaymentsOfBondsNotesAndDebentures" xlink:label="loc_188"/>
    <link:referenceArc xlink:type="arc" xlink:arcrole="http://www.xbrl.org/2003/arcrole/concept-reference" xlink:from="loc_188" xlink:to="res_31"/>
    <link:loc xlink:type="locator" xlink:href="../../ifrs-cp_2011-06-01.xsd#ifrs-cp_1_PaymentsForShareIssueCosts" xlink:label="loc_189"/>
    <link:referenceArc xlink:type="arc" xlink:arcrole="http://www.xbrl.org/2003/arcrole/concept-reference" xlink:from="loc_189" xlink:to="res_31"/>
    <link:loc xlink:type="locator" xlink:href="../../ifrs-cp_2011-06-01.xsd#ifrs-cp_1_PaymentsForDebtIssueCosts" xlink:label="loc_190"/>
    <link:referenceArc xlink:type="arc" xlink:arcrole="http://www.xbrl.org/2003/arcrole/concept-reference" xlink:from="loc_190" xlink:to="res_31"/>
    <link:loc xlink:type="locator" xlink:href="../../ifrs-cp_2011-06-01.xsd#ifrs-cp_1_ProceedsFromContributionsOfNoncontrollingInterests" xlink:label="loc_191"/>
    <link:referenceArc xlink:type="arc" xlink:arcrole="http://www.xbrl.org/2003/arcrole/concept-reference" xlink:from="loc_191" xlink:to="res_31"/>
    <link:loc xlink:type="locator" xlink:href="../../ifrs-cp_2011-06-01.xsd#ifrs-cp_1_ProceedsFromIssueOfSubordinatedLiabilities" xlink:label="loc_192"/>
    <link:referenceArc xlink:type="arc" xlink:arcrole="http://www.xbrl.org/2003/arcrole/concept-reference" xlink:from="loc_192" xlink:to="res_31"/>
    <link:loc xlink:type="locator" xlink:href="../../ifrs-cp_2011-06-01.xsd#ifrs-cp_1_RepaymentsOfSubordinatedLiabilities" xlink:label="loc_193"/>
    <link:referenceArc xlink:type="arc" xlink:arcrole="http://www.xbrl.org/2003/arcrole/concept-reference" xlink:from="loc_193" xlink:to="res_31"/>
    <link:loc xlink:type="locator" xlink:href="../../ifrs-cp_2011-06-01.xsd#ifrs-cp_1_AdjustmentsForInterestIncome" xlink:label="loc_106"/>
    <link:referenceArc xlink:type="arc" xlink:arcrole="http://www.xbrl.org/2003/arcrole/concept-reference" xlink:from="loc_106" xlink:to="res_44"/>
    <link:loc xlink:type="locator" xlink:href="../../ifrs-cp_2011-06-01.xsd#ifrs-cp_1_AdjustmentsForDividendIncome" xlink:label="loc_120"/>
    <link:referenceArc xlink:type="arc" xlink:arcrole="http://www.xbrl.org/2003/arcrole/concept-reference" xlink:from="loc_120" xlink:to="res_44"/>
    <link:loc xlink:type="locator" xlink:href="../../ifrs-cp_2011-06-01.xsd#ifrs-cp_1_AdjustmentsForFinanceIncome" xlink:label="loc_121"/>
    <link:referenceArc xlink:type="arc" xlink:arcrole="http://www.xbrl.org/2003/arcrole/concept-reference" xlink:from="loc_121" xlink:to="res_44"/>
    <link:loc xlink:type="locator" xlink:href="../../ifrs-cp_2011-06-01.xsd#ifrs-cp_1_AdjustmentsForFinanceIncomeCost" xlink:label="loc_122"/>
    <link:referenceArc xlink:type="arc" xlink:arcrole="http://www.xbrl.org/2003/arcrole/concept-reference" xlink:from="loc_122" xlink:to="res_44"/>
    <link:loc xlink:type="locator" xlink:href="../../ifrs-cp_2011-06-01.xsd#ifrs-cp_1_AdjustmentsForDeferredTaxExpense" xlink:label="loc_123"/>
    <link:referenceArc xlink:type="arc" xlink:arcrole="http://www.xbrl.org/2003/arcrole/concept-reference" xlink:from="loc_123" xlink:to="res_44"/>
    <link:loc xlink:type="locator" xlink:href="../../ifrs-cp_2011-06-01.xsd#ifrs-cp_1_AdjustmentsToReconcileProfitLossOtherThanChangesInWorkingCapital" xlink:label="loc_124"/>
    <link:referenceArc xlink:type="arc" xlink:arcrole="http://www.xbrl.org/2003/arcrole/concept-reference" xlink:from="loc_124" xlink:to="res_44"/>
    <link:loc xlink:type="locator" xlink:href="../../ifrs-cp_2011-06-01.xsd#ifrs-cp_1_CashFlowsFromUsedInOperationsBeforeChangesInWorkingCapital" xlink:label="loc_125"/>
    <link:referenceArc xlink:type="arc" xlink:arcrole="http://www.xbrl.org/2003/arcrole/concept-reference" xlink:from="loc_125" xlink:to="res_44"/>
    <link:loc xlink:type="locator" xlink:href="../../ifrs-cp_2011-06-01.xsd#ifrs-cp_1_IncreaseDecreaseInWorkingCapital" xlink:label="loc_126"/>
    <link:referenceArc xlink:type="arc" xlink:arcrole="http://www.xbrl.org/2003/arcrole/concept-reference" xlink:from="loc_126" xlink:to="res_44"/>
    <link:loc xlink:type="locator" xlink:href="../../ifrs-cp_2011-06-01.xsd#ifrs-cp_1_AdjustmentsForDecreaseIncreaseInTradeAndOtherReceivables" xlink:label="loc_127"/>
    <link:referenceArc xlink:type="arc" xlink:arcrole="http://www.xbrl.org/2003/arcrole/concept-reference" xlink:from="loc_127" xlink:to="res_44"/>
    <link:loc xlink:type="locator" xlink:href="../../ifrs-cp_2011-06-01.xsd#ifrs-cp_1_AdjustmentsForIncreaseDecreaseInTradeAndOtherPayables" xlink:label="loc_128"/>
    <link:referenceArc xlink:type="arc" xlink:arcrole="http://www.xbrl.org/2003/arcrole/concept-reference" xlink:from="loc_128" xlink:to="res_44"/>
    <link:loc xlink:type="locator" xlink:href="../../ifrs-cp_2011-06-01.xsd#ifrs-cp_1_AdjustmentsForDecreaseIncreaseInOtherAssets" xlink:label="loc_129"/>
    <link:referenceArc xlink:type="arc" xlink:arcrole="http://www.xbrl.org/2003/arcrole/concept-reference" xlink:from="loc_129" xlink:to="res_44"/>
    <link:loc xlink:type="locator" xlink:href="../../ifrs-cp_2011-06-01.xsd#ifrs-cp_1_AdjustmentsForIncreaseDecreaseInOtherLiabilities" xlink:label="loc_130"/>
    <link:referenceArc xlink:type="arc" xlink:arcrole="http://www.xbrl.org/2003/arcrole/concept-reference" xlink:from="loc_130" xlink:to="res_44"/>
    <link:loc xlink:type="locator" xlink:href="../../ifrs-cp_2011-06-01.xsd#ifrs-cp_1_AdjustmentsForDecreaseIncreaseInOtherCurrentAssets" xlink:label="loc_131"/>
    <link:referenceArc xlink:type="arc" xlink:arcrole="http://www.xbrl.org/2003/arcrole/concept-reference" xlink:from="loc_131" xlink:to="res_44"/>
    <link:loc xlink:type="locator" xlink:href="../../ifrs-cp_2011-06-01.xsd#ifrs-cp_1_AdjustmentsForIncreaseDecreaseInOtherCurrentLiabilities" xlink:label="loc_132"/>
    <link:referenceArc xlink:type="arc" xlink:arcrole="http://www.xbrl.org/2003/arcrole/concept-reference" xlink:from="loc_132" xlink:to="res_44"/>
    <link:loc xlink:type="locator" xlink:href="../../ifrs-cp_2011-06-01.xsd#ifrs-cp_1_AdjustmentsForIncreaseDecreaseInEmployeeBenefitLiabilities" xlink:label="loc_133"/>
    <link:referenceArc xlink:type="arc" xlink:arcrole="http://www.xbrl.org/2003/arcrole/concept-reference" xlink:from="loc_133" xlink:to="res_44"/>
    <link:loc xlink:type="locator" xlink:href="../../ifrs-cp_2011-06-01.xsd#ifrs-cp_1_AdjustmentsForDepreciationAndAmortisationExpenseAndImpairmentLossReversalOfImpairmentLossRecognisedInProfitOrLoss" xlink:label="loc_134"/>
    <link:referenceArc xlink:type="arc" xlink:arcrole="http://www.xbrl.org/2003/arcrole/concept-reference" xlink:from="loc_134" xlink:to="res_44"/>
    <link:loc xlink:type="locator" xlink:href="../../ifrs-cp_2011-06-01.xsd#ifrs-cp_1_AdjustmentsForAmortisationExpense" xlink:label="loc_135"/>
    <link:referenceArc xlink:type="arc" xlink:arcrole="http://www.xbrl.org/2003/arcrole/concept-reference" xlink:from="loc_135" xlink:to="res_44"/>
    <link:loc xlink:type="locator" xlink:href="../../ifrs-cp_2011-06-01.xsd#ifrs-cp_1_AdjustmentsForDepreciationExpense" xlink:label="loc_136"/>
    <link:referenceArc xlink:type="arc" xlink:arcrole="http://www.xbrl.org/2003/arcrole/concept-reference" xlink:from="loc_136" xlink:to="res_44"/>
    <link:loc xlink:type="locator" xlink:href="../../ifrs-cp_2011-06-01.xsd#ifrs-cp_1_AdjustmentsForImpairmentLossRecognisedInProfitOrLossGoodwill" xlink:label="loc_137"/>
    <link:referenceArc xlink:type="arc" xlink:arcrole="http://www.xbrl.org/2003/arcrole/concept-reference" xlink:from="loc_137" xlink:to="res_44"/>
    <link:loc xlink:type="locator" xlink:href="../../ifrs-cp_2011-06-01.xsd#ifrs-cp_1_AdjustmentsForImpairmentLossReversalOfImpairmentLossRecognisedInProfitOrLossTradeAndOtherReceivables" xlink:label="loc_138"/>
    <link:referenceArc xlink:type="arc" xlink:arcrole="http://www.xbrl.org/2003/arcrole/concept-reference" xlink:from="loc_138" xlink:to="res_44"/>
    <link:loc xlink:type="locator" xlink:href="../../ifrs-cp_2011-06-01.xsd#ifrs-cp_1_AdjustmentsForImpairmentLossReversalOfImpairmentLossRecognisedInProfitOrLossInventories" xlink:label="loc_139"/>
    <link:referenceArc xlink:type="arc" xlink:arcrole="http://www.xbrl.org/2003/arcrole/concept-reference" xlink:from="loc_139" xlink:to="res_44"/>
    <link:loc xlink:type="locator" xlink:href="../../ifrs-cp_2011-06-01.xsd#ifrs-cp_1_AdjustmentsForGainsLossesOnFairValueAdjustmentInvestmentProperty" xlink:label="loc_140"/>
    <link:referenceArc xlink:type="arc" xlink:arcrole="http://www.xbrl.org/2003/arcrole/concept-reference" xlink:from="loc_140" xlink:to="res_44"/>
    <link:loc xlink:type="locator" xlink:href="../../ifrs-cp_2011-06-01.xsd#ifrs-cp_1_AdjustmentsForGainLossOnDisposalsPropertyPlantAndEquipment" xlink:label="loc_141"/>
    <link:referenceArc xlink:type="arc" xlink:arcrole="http://www.xbrl.org/2003/arcrole/concept-reference" xlink:from="loc_141" xlink:to="res_44"/>
    <link:loc xlink:type="locator" xlink:href="../../ifrs-cp_2011-06-01.xsd#ifrs-cp_1_AdjustmentsForGainLossOnDisposalOfInvestmentsInSubsidiariesJointVenturesAndAssociates" xlink:label="loc_142"/>
    <link:referenceArc xlink:type="arc" xlink:arcrole="http://www.xbrl.org/2003/arcrole/concept-reference" xlink:from="loc_142" xlink:to="res_44"/>
    <link:loc xlink:type="locator" xlink:href="../../ifrs-cp_2011-06-01.xsd#ifrs-cp_1_AdjustmentsForUndistributedProfitsOfInvestmentsAccountedForUsingEquityMethod" xlink:label="loc_143"/>
    <link:referenceArc xlink:type="arc" xlink:arcrole="http://www.xbrl.org/2003/arcrole/concept-reference" xlink:from="loc_143" xlink:to="res_44"/>
    <link:loc xlink:type="locator" xlink:href="../../ifrs-cp_2011-06-01.xsd#ifrs-cp_1_AdjustmentsForIncreaseDecreaseInDeferredIncome" xlink:label="loc_144"/>
    <link:referenceArc xlink:type="arc" xlink:arcrole="http://www.xbrl.org/2003/arcrole/concept-reference" xlink:from="loc_144" xlink:to="res_44"/>
    <link:loc xlink:type="locator" xlink:href="../../ifrs-cp_2011-06-01.xsd#ifrs-cp_1_IncomeTaxesRefundClassifiedAsOperatingActivities" xlink:label="loc_146"/>
    <link:referenceArc xlink:type="arc" xlink:arcrole="http://www.xbrl.org/2003/arcrole/concept-reference" xlink:from="loc_146" xlink:to="res_60"/>
    <link:loc xlink:type="locator" xlink:href="../../ifrs-cp_2011-06-01.xsd#ifrs-cp_1_FinanceIncomeReceivedClassifiedAsOperatingActivities" xlink:label="loc_148"/>
    <link:referenceArc xlink:type="arc" xlink:arcrole="http://www.xbrl.org/2003/arcrole/concept-reference" xlink:from="loc_148" xlink:to="res_61"/>
    <link:loc xlink:type="locator" xlink:href="../../ifrs-cp_2011-06-01.xsd#ifrs-cp_1_DividendsReceivedFromInvestmentsAccountedForUsingEquityMethodClassifiedAsInvestingActivities" xlink:label="loc_151"/>
    <link:referenceArc xlink:type="arc" xlink:arcrole="http://www.xbrl.org/2003/arcrole/concept-reference" xlink:from="loc_151" xlink:to="res_62"/>
    <link:loc xlink:type="locator" xlink:href="../../ifrs-cp_2011-06-01.xsd#ifrs-cp_1_DividendsReceivedFromAssociatesClassifiedAsInvestingActivities" xlink:label="loc_152"/>
    <link:referenceArc xlink:type="arc" xlink:arcrole="http://www.xbrl.org/2003/arcrole/concept-reference" xlink:from="loc_152" xlink:to="res_62"/>
    <link:loc xlink:type="locator" xlink:href="../../ifrs-cp_2011-06-01.xsd#ifrs-cp_1_DividendsReceivedFromJointVenturesClassifiedAsInvestingActivities" xlink:label="loc_153"/>
    <link:referenceArc xlink:type="arc" xlink:arcrole="http://www.xbrl.org/2003/arcrole/concept-reference" xlink:from="loc_153" xlink:to="res_62"/>
    <link:loc xlink:type="locator" xlink:href="../../ifrs-cp_2011-06-01.xsd#ifrs-cp_1_PurchaseOfInterestsInAssociates" xlink:label="loc_154"/>
    <link:referenceArc xlink:type="arc" xlink:arcrole="http://www.xbrl.org/2003/arcrole/concept-reference" xlink:from="loc_154" xlink:to="res_62"/>
    <link:loc xlink:type="locator" xlink:href="../../ifrs-cp_2011-06-01.xsd#ifrs-cp_1_ProceedsFromSalesOfInterestsInAssociates" xlink:label="loc_155"/>
    <link:referenceArc xlink:type="arc" xlink:arcrole="http://www.xbrl.org/2003/arcrole/concept-reference" xlink:from="loc_155" xlink:to="res_62"/>
    <link:loc xlink:type="locator" xlink:href="../../ifrs-cp_2011-06-01.xsd#ifrs-cp_1_PurchaseOfInterestsInInvestmentsAccountedForUsingEquityMethod" xlink:label="loc_156"/>
    <link:referenceArc xlink:type="arc" xlink:arcrole="http://www.xbrl.org/2003/arcrole/concept-reference" xlink:from="loc_156" xlink:to="res_62"/>
    <link:loc xlink:type="locator" xlink:href="../../ifrs-cp_2011-06-01.xsd#ifrs-cp_1_ProceedsFromSalesOfInvestmentsAccountedForUsingEquityMethod" xlink:label="loc_157"/>
    <link:referenceArc xlink:type="arc" xlink:arcrole="http://www.xbrl.org/2003/arcrole/concept-reference" xlink:from="loc_157" xlink:to="res_62"/>
    <link:loc xlink:type="locator" xlink:href="../../ifrs-cp_2011-06-01.xsd#ifrs-cp_1_CashAdvancesAndLoansMadeToRelatedParties" xlink:label="loc_158"/>
    <link:referenceArc xlink:type="arc" xlink:arcrole="http://www.xbrl.org/2003/arcrole/concept-reference" xlink:from="loc_158" xlink:to="res_62"/>
    <link:loc xlink:type="locator" xlink:href="../../ifrs-cp_2011-06-01.xsd#ifrs-cp_1_CashReceiptsFromRepaymentOfAdvancesAndLoansMadeToRelatedParties" xlink:label="loc_159"/>
    <link:referenceArc xlink:type="arc" xlink:arcrole="http://www.xbrl.org/2003/arcrole/concept-reference" xlink:from="loc_159" xlink:to="res_62"/>
    <link:loc xlink:type="locator" xlink:href="../../ifrs-cp_2011-06-01.xsd#ifrs-cp_1_PurchaseOfInvestmentProperty" xlink:label="loc_160"/>
    <link:referenceArc xlink:type="arc" xlink:arcrole="http://www.xbrl.org/2003/arcrole/concept-reference" xlink:from="loc_160" xlink:to="res_62"/>
    <link:loc xlink:type="locator" xlink:href="../../ifrs-cp_2011-06-01.xsd#ifrs-cp_1_ProceedsFromSalesOfInvestmentProperty" xlink:label="loc_161"/>
    <link:referenceArc xlink:type="arc" xlink:arcrole="http://www.xbrl.org/2003/arcrole/concept-reference" xlink:from="loc_161" xlink:to="res_62"/>
    <link:loc xlink:type="locator" xlink:href="../../ifrs-cp_2011-06-01.xsd#ifrs-cp_1_PurchaseOfBiologicalAssets" xlink:label="loc_162"/>
    <link:referenceArc xlink:type="arc" xlink:arcrole="http://www.xbrl.org/2003/arcrole/concept-reference" xlink:from="loc_162" xlink:to="res_62"/>
    <link:loc xlink:type="locator" xlink:href="../../ifrs-cp_2011-06-01.xsd#ifrs-cp_1_ProceedsFromSalesOfBiologicalAssets" xlink:label="loc_163"/>
    <link:referenceArc xlink:type="arc" xlink:arcrole="http://www.xbrl.org/2003/arcrole/concept-reference" xlink:from="loc_163" xlink:to="res_62"/>
    <link:loc xlink:type="locator" xlink:href="../../ifrs-cp_2011-06-01.xsd#ifrs-cp_1_ProceedsFromDisposalOfNoncurrentAssetsOrDisposalGroupsClassifiedAsHeldForSaleAndDiscontinuedOperations" xlink:label="loc_164"/>
    <link:referenceArc xlink:type="arc" xlink:arcrole="http://www.xbrl.org/2003/arcrole/concept-reference" xlink:from="loc_164" xlink:to="res_62"/>
    <link:loc xlink:type="locator" xlink:href="../../ifrs-cp_2011-06-01.xsd#ifrs-cp_1_PurchaseOfPropertyPlantAndEquipmentIntangibleAssetsOtherThanGoodwillInvestmentPropertyAndOtherNoncurrentAssets" xlink:label="loc_165"/>
    <link:referenceArc xlink:type="arc" xlink:arcrole="http://www.xbrl.org/2003/arcrole/concept-reference" xlink:from="loc_165" xlink:to="res_62"/>
    <link:loc xlink:type="locator" xlink:href="../../ifrs-cp_2011-06-01.xsd#ifrs-cp_1_ProceedsFromDisposalsOfPropertyPlantAndEquipmentIntangibleAssetsOtherThanGoodwillInvestmentPropertyAndOtherNoncurrentAssets" xlink:label="loc_166"/>
    <link:referenceArc xlink:type="arc" xlink:arcrole="http://www.xbrl.org/2003/arcrole/concept-reference" xlink:from="loc_166" xlink:to="res_62"/>
    <link:loc xlink:type="locator" xlink:href="../../ifrs-cp_2011-06-01.xsd#ifrs-cp_1_CashFlowsUsedInExplorationAndDevelopmentActivities" xlink:label="loc_167"/>
    <link:referenceArc xlink:type="arc" xlink:arcrole="http://www.xbrl.org/2003/arcrole/concept-reference" xlink:from="loc_167" xlink:to="res_62"/>
    <link:loc xlink:type="locator" xlink:href="../../ifrs-cp_2011-06-01.xsd#ifrs-cp_1_PurchaseOfInvestments" xlink:label="loc_168"/>
    <link:referenceArc xlink:type="arc" xlink:arcrole="http://www.xbrl.org/2003/arcrole/concept-reference" xlink:from="loc_168" xlink:to="res_62"/>
    <link:loc xlink:type="locator" xlink:href="../../ifrs-cp_2011-06-01.xsd#ifrs-cp_1_ProceedsFromSalesOfInvestments" xlink:label="loc_169"/>
    <link:referenceArc xlink:type="arc" xlink:arcrole="http://www.xbrl.org/2003/arcrole/concept-reference" xlink:from="loc_169" xlink:to="res_62"/>
    <link:loc xlink:type="locator" xlink:href="../../ifrs-cp_2011-06-01.xsd#ifrs-cp_1_PurchaseOfFinancialInstrumentsClassifiedAsInvestingActivities" xlink:label="loc_170"/>
    <link:referenceArc xlink:type="arc" xlink:arcrole="http://www.xbrl.org/2003/arcrole/concept-reference" xlink:from="loc_170" xlink:to="res_62"/>
    <link:loc xlink:type="locator" xlink:href="../../ifrs-cp_2011-06-01.xsd#ifrs-cp_1_ProceedsFromSalesOrMaturityOfFinancialInstrumentsClassifiedAsInvestingActivities" xlink:label="loc_171"/>
    <link:referenceArc xlink:type="arc" xlink:arcrole="http://www.xbrl.org/2003/arcrole/concept-reference" xlink:from="loc_171" xlink:to="res_62"/>
    <link:loc xlink:type="locator" xlink:href="../../ifrs-cp_2011-06-01.xsd#ifrs-cp_1_PurchaseOfAvailableforsaleFinancialAssets" xlink:label="loc_172"/>
    <link:referenceArc xlink:type="arc" xlink:arcrole="http://www.xbrl.org/2003/arcrole/concept-reference" xlink:from="loc_172" xlink:to="res_62"/>
    <link:loc xlink:type="locator" xlink:href="../../ifrs-cp_2011-06-01.xsd#ifrs-cp_1_ProceedsFromDisposalOrMaturityOfAvailableforsaleFinancialAssets" xlink:label="loc_173"/>
    <link:referenceArc xlink:type="arc" xlink:arcrole="http://www.xbrl.org/2003/arcrole/concept-reference" xlink:from="loc_173" xlink:to="res_62"/>
    <link:loc xlink:type="locator" xlink:href="../../ifrs-cp_2011-06-01.xsd#ifrs-cp_1_CashFlowsFromUsedInDecreaseIncreaseInShorttermDepositsAndInvestments" xlink:label="loc_174"/>
    <link:referenceArc xlink:type="arc" xlink:arcrole="http://www.xbrl.org/2003/arcrole/concept-reference" xlink:from="loc_174" xlink:to="res_62"/>
    <link:loc xlink:type="locator" xlink:href="../../ifrs-cp_2011-06-01.xsd#ifrs-cp_1_InflowsOfCashFromInvestingActivities" xlink:label="loc_175"/>
    <link:referenceArc xlink:type="arc" xlink:arcrole="http://www.xbrl.org/2003/arcrole/concept-reference" xlink:from="loc_175" xlink:to="res_62"/>
    <link:loc xlink:type="locator" xlink:href="../../ifrs-cp_2011-06-01.xsd#ifrs-cp_1_OutflowsOfCashFromInvestingActivities" xlink:label="loc_176"/>
    <link:referenceArc xlink:type="arc" xlink:arcrole="http://www.xbrl.org/2003/arcrole/concept-reference" xlink:from="loc_176" xlink:to="res_62"/>
  </link:referenceLink>
</link:linkbase>
