<?xml version="1.0" encoding="UTF-8"?>
<!-- Generated by Fujitsu Interstage XWand B0166 -->
<?officialURI http://archprod.service.eogs.dk/taxonomy/20130401/gsd/gsd-lab-da.xml?>

<?taxonomy-version 1.5.0?>

<link:linkbase xmlns:xsi="http://www.w3.org/2001/XMLSchema-instance" xsi:schemaLocation="http://www.xbrl.org/2003/linkbase http://www.xbrl.org/2003/xbrl-linkbase-2003-12-31.xsd" xmlns:gsd="http://xbrl.dcca.dk/gsd" xmlns:tax="http://xbrl.dcca.dk/tax" xmlns:tch="http://xbrl.dcca.dk/tch" xmlns:gen="http://xbrl.org/2008/generic" xmlns:ref="http://www.xbrl.org/2006/ref" xmlns:xbrldt="http://xbrl.org/2005/xbrldt" xmlns:nonnum="http://www.xbrl.org/dtr/type/non-numeric" xmlns:variable="http://xbrl.org/2008/variable" xmlns:eogs="http://xbrl.dcca.dk/eogs" xmlns:xl="http://www.xbrl.org/2003/XLink" xmlns:dst="http://xbrl.dcca.dk/dst" xmlns:arr="http://xbrl.dcca.dk/arr" xmlns:xsd="http://www.w3.org/2001/XMLSchema" xmlns:valm="http://xbrl.org/2010/message/validation" xmlns:link="http://www.xbrl.org/2003/linkbase" xmlns:num="http://www.xbrl.org/dtr/type/numeric" xmlns:xlink="http://www.w3.org/1999/xlink" xmlns:msg="http://xbrl.org/2010/message" xmlns:fsa="http://xbrl.dcca.dk/fsa" xmlns:cmn="http://xbrl.dcca.dk/cmn" xmlns:label="http://xbrl.org/2008/label" xmlns:mrv="http://xbrl.dcca.dk/mrv" xmlns:xbrli="http://www.xbrl.org/2003/instance">
  <link:labelLink xlink:type="extended" xlink:role="http://www.xbrl.org/2003/role/link">
    <link:loc xlink:type="locator" xlink:href="gsd.xsd#gsd_AddressOfAuditorCountryIdentificationCode" xlink:label="AddressOfAuditorCountry"/>
    <link:label xlink:type="resource" xlink:label="label_AddressOfAuditorCountry_2" xlink:role="http://www.xbrl.org/2003/role/label" xml:lang="da" id="label_AddressOfAuditorCountry_2">Revisors adresse, landekode</link:label>
    <link:labelArc xlink:type="arc" xlink:arcrole="http://www.xbrl.org/2003/arcrole/concept-label" xlink:from="AddressOfAuditorCountry" xlink:to="label_AddressOfAuditorCountry_2" order="10.0"/>
    <link:loc xlink:type="locator" xlink:href="gsd.xsd#gsd_AddressOfSubmittingEnterprisePostcodeAndTown" xlink:label="AddressOfSubmittingEnterprisePostcodeAndTown"/>
    <link:label xlink:type="resource" xlink:label="label_AddressOfSubmittingEnterprisePostcodeAndTown_2" xlink:role="http://www.xbrl.org/2003/role/label" xml:lang="da" id="label_AddressOfSubmittingEnterprisePostcodeAndTown_2">Indsendende virksomheds adresse, postnummer og by</link:label>
    <link:labelArc xlink:type="arc" xlink:arcrole="http://www.xbrl.org/2003/arcrole/concept-label" xlink:from="AddressOfSubmittingEnterprisePostcodeAndTown" xlink:to="label_AddressOfSubmittingEnterprisePostcodeAndTown_2" order="10.0"/>
    <link:loc xlink:type="locator" xlink:href="gsd.xsd#gsd_AddressOfSubmittingEnterpriseStreetAndNumber" xlink:label="AddressOfSubmittingEnterpriseStreetAndNumber"/>
    <link:label xlink:type="resource" xlink:label="label_AddressOfSubmittingEnterpriseStreetAndNumber_2" xlink:role="http://www.xbrl.org/2003/role/label" xml:lang="da" id="label_AddressOfSubmittingEnterpriseStreetAndNumber_2">Indsendende virksomheds adresse, vej og nummer</link:label>
    <link:labelArc xlink:type="arc" xlink:arcrole="http://www.xbrl.org/2003/arcrole/concept-label" xlink:from="AddressOfSubmittingEnterpriseStreetAndNumber" xlink:to="label_AddressOfSubmittingEnterpriseStreetAndNumber_2" order="10.0"/>
    <link:loc xlink:type="locator" xlink:href="gsd.xsd#gsd_NameAndSurnameOfChairmanOfGeneralMeeting" xlink:label="NameAndSurnameOfChairmanOfGeneralMeeting"/>
    <link:label xlink:type="resource" xlink:label="label_NameAndSurnameOfChairmanOfGeneralMeeting_2" xlink:role="http://www.xbrl.org/2003/role/label" xml:lang="da" id="label_NameAndSurnameOfChairmanOfGeneralMeeting_2">For- og efternavn på dirigent for generalforsamlingen eller person, som træder i dirigentens sted</link:label>
    <link:labelArc xlink:type="arc" xlink:arcrole="http://www.xbrl.org/2003/arcrole/concept-label" xlink:from="NameAndSurnameOfChairmanOfGeneralMeeting" xlink:to="label_NameAndSurnameOfChairmanOfGeneralMeeting_2" order="10.0"/>
    <link:loc xlink:type="locator" xlink:href="gsd.xsd#gsd_DateOfApprovalOfReport" xlink:label="DateOfApprovalOfReport"/>
    <link:label xlink:type="resource" xlink:label="label_DateOfApprovalOfReport_2" xlink:role="http://www.xbrl.org/2003/role/label" xml:lang="da" id="label_DateOfApprovalOfReport_2">Dato for godkendelse af årsrapporten</link:label>
    <link:labelArc xlink:type="arc" xlink:arcrole="http://www.xbrl.org/2003/arcrole/concept-label" xlink:from="DateOfApprovalOfReport" xlink:to="label_DateOfApprovalOfReport_2" order="10.0"/>
    <link:loc xlink:type="locator" xlink:href="gsd.xsd#gsd_DateOfFoundationOfReportingEntity" xlink:label="DateOfFoundationOfReportingEntity"/>
    <link:label xlink:type="resource" xlink:label="label_DateOfFoundationOfReportingEntity_2" xlink:role="http://www.xbrl.org/2003/role/label" xml:lang="da" id="label_DateOfFoundationOfReportingEntity_2">Stiftelsesdato for regnskabsaflæggende virksomhed</link:label>
    <link:labelArc xlink:type="arc" xlink:arcrole="http://www.xbrl.org/2003/arcrole/concept-label" xlink:from="DateOfFoundationOfReportingEntity" xlink:to="label_DateOfFoundationOfReportingEntity_2" order="10.0"/>
    <link:loc xlink:type="locator" xlink:href="gsd.xsd#gsd_DateOfGeneralMeeting" xlink:label="DateOfGeneralMeeting"/>
    <link:label xlink:type="resource" xlink:label="label_DateOfGeneralMeeting_2" xlink:role="http://www.xbrl.org/2003/role/label" xml:lang="da" id="label_DateOfGeneralMeeting_2">Generalforsamlingsdato</link:label>
    <link:labelArc xlink:type="arc" xlink:arcrole="http://www.xbrl.org/2003/arcrole/concept-label" xlink:from="DateOfGeneralMeeting" xlink:to="label_DateOfGeneralMeeting_2" order="10.0"/>
    <link:loc xlink:type="locator" xlink:href="gsd.xsd#gsd_EmailOfAuditor" xlink:label="EmailOfAuditor"/>
    <link:label xlink:type="resource" xlink:label="label_EmailOfAuditor_2" xlink:role="http://www.xbrl.org/2003/role/label" xml:lang="da" id="label_EmailOfAuditor_2">Revisors e-mail</link:label>
    <link:labelArc xlink:type="arc" xlink:arcrole="http://www.xbrl.org/2003/arcrole/concept-label" xlink:from="EmailOfAuditor" xlink:to="label_EmailOfAuditor_2" order="10.0"/>
    <link:loc xlink:type="locator" xlink:href="gsd.xsd#gsd_EmailOfReportingEntity" xlink:label="EmailOfReportingEntity"/>
    <link:label xlink:type="resource" xlink:label="label_EmailOfReportingEntity_2" xlink:role="http://www.xbrl.org/2003/role/label" xml:lang="da" id="label_EmailOfReportingEntity_2">Regnskabsaflæggende virksomheds e-mail</link:label>
    <link:labelArc xlink:type="arc" xlink:arcrole="http://www.xbrl.org/2003/arcrole/concept-label" xlink:from="EmailOfReportingEntity" xlink:to="label_EmailOfReportingEntity_2" order="10.0"/>
    <link:loc xlink:type="locator" xlink:href="gsd.xsd#gsd_FaxNumberOfReportingEntity" xlink:label="FaxNumberOfReportingEntity"/>
    <link:label xlink:type="resource" xlink:label="label_FaxNumberOfReportingEntity_2" xlink:role="http://www.xbrl.org/2003/role/label" xml:lang="da" id="label_FaxNumberOfReportingEntity_2">Regnskabsaflæggende virksomheds faxnummer</link:label>
    <link:labelArc xlink:type="arc" xlink:arcrole="http://www.xbrl.org/2003/arcrole/concept-label" xlink:from="FaxNumberOfReportingEntity" xlink:to="label_FaxNumberOfReportingEntity_2" order="10.0"/>
    <link:loc xlink:type="locator" xlink:href="gsd.xsd#gsd_HomepageOfReportingEntity" xlink:label="HomepageOfReportingEntity"/>
    <link:label xlink:type="resource" xlink:label="label_HomepageOfReportingEntity_2" xlink:role="http://www.xbrl.org/2003/role/label" xml:lang="da" id="label_HomepageOfReportingEntity_2">Regnskabsaflæggende virksomheds hjemmeside</link:label>
    <link:labelArc xlink:type="arc" xlink:arcrole="http://www.xbrl.org/2003/arcrole/concept-label" xlink:from="HomepageOfReportingEntity" xlink:to="label_HomepageOfReportingEntity_2" order="10.0"/>
    <link:loc xlink:type="locator" xlink:href="gsd.xsd#gsd_IdentificationNumberCvrOfReportingEntity" xlink:label="IdentificationNumberCvrOfReportingEntity"/>
    <link:label xlink:type="resource" xlink:label="label_IdentificationNumberCvrOfReportingEntity_2" xlink:role="http://www.xbrl.org/2003/role/label" xml:lang="da" id="label_IdentificationNumberCvrOfReportingEntity_2">Regnskabsaflæggende virksomheds CVR-nr.</link:label>
    <link:labelArc xlink:type="arc" xlink:arcrole="http://www.xbrl.org/2003/arcrole/concept-label" xlink:from="IdentificationNumberCvrOfReportingEntity" xlink:to="label_IdentificationNumberCvrOfReportingEntity_2" order="10.0"/>
    <link:loc xlink:type="locator" xlink:href="gsd.xsd#gsd_IdentificationNumberCvrOfSubmittingEnterprise" xlink:label="IdentificationNumberCvrOfSubmittingEnterprise"/>
    <link:label xlink:type="resource" xlink:label="label_IdentificationNumberCvrOfSubmittingEnterprise_2" xlink:role="http://www.xbrl.org/2003/role/label" xml:lang="da" id="label_IdentificationNumberCvrOfSubmittingEnterprise_2">Indsendende virksomheds CVR-nr.</link:label>
    <link:labelArc xlink:type="arc" xlink:arcrole="http://www.xbrl.org/2003/arcrole/concept-label" xlink:from="IdentificationNumberCvrOfSubmittingEnterprise" xlink:to="label_IdentificationNumberCvrOfSubmittingEnterprise_2" order="10.0"/>
    <link:loc xlink:type="locator" xlink:href="gsd.xsd#gsd_InformationOnEnterpriseSubmittingReportAbstract" xlink:label="InformationOnEnterpriseSubmittingReportAbstract"/>
    <link:label xlink:type="resource" xlink:label="label_InformationOnEnterpriseSubmittingReportAbstract_2" xlink:role="http://www.xbrl.org/2003/role/label" xml:lang="da" id="label_InformationOnEnterpriseSubmittingReportAbstract_2">Information om indsendende virksomhed</link:label>
    <link:labelArc xlink:type="arc" xlink:arcrole="http://www.xbrl.org/2003/arcrole/concept-label" xlink:from="InformationOnEnterpriseSubmittingReportAbstract" xlink:to="label_InformationOnEnterpriseSubmittingReportAbstract_2" order="10.0"/>
    <link:loc xlink:type="locator" xlink:href="gsd.xsd#gsd_InformationOnMainFinancialInstitutionThatRunsAccountsOfReportingEntityAbstract" xlink:label="InformationOnMainFinancialInstitutionThatRunsAccountsOfReportingEntityAbstract"/>
    <link:label xlink:type="resource" xlink:label="label_InformationOnMainFinancialInstitutionThatRunsAccountsOfReportingEntityAbstract_2" xlink:role="http://www.xbrl.org/2003/role/label" xml:lang="da" id="label_InformationOnMainFinancialInstitutionThatRunsAccountsOfReportingEntityAbstract_2">Information om den regnskabsaflæggende virksomheds primære bankforbindelse</link:label>
    <link:labelArc xlink:type="arc" xlink:arcrole="http://www.xbrl.org/2003/arcrole/concept-label" xlink:from="InformationOnMainFinancialInstitutionThatRunsAccountsOfReportingEntityAbstract" xlink:to="label_InformationOnMainFinancialInstitutionThatRunsAccountsOfReportingEntityAbstract_2" order="10.0"/>
    <link:loc xlink:type="locator" xlink:href="gsd.xsd#gsd_InformationOnMainLawFirmRepresentingReportingEntityAbstract" xlink:label="InformationOnMainLawFirmRepresentingReportingEntityAbstract"/>
    <link:label xlink:type="resource" xlink:label="label_InformationOnMainLawFirmRepresentingReportingEntityAbstract_2" xlink:role="http://www.xbrl.org/2003/role/label" xml:lang="da" id="label_InformationOnMainLawFirmRepresentingReportingEntityAbstract_2">Information om det primære advokatfirma, som repræsenterer den regnskabsaflæggende virksomhed</link:label>
    <link:labelArc xlink:type="arc" xlink:arcrole="http://www.xbrl.org/2003/arcrole/concept-label" xlink:from="InformationOnMainLawFirmRepresentingReportingEntityAbstract" xlink:to="label_InformationOnMainLawFirmRepresentingReportingEntityAbstract_2" order="10.0"/>
    <link:loc xlink:type="locator" xlink:href="gsd.xsd#gsd_InformationOnMembersOfExecutiveBoardAbstract" xlink:label="InformationOnMembersOfExecutiveBoardAbstract"/>
    <link:label xlink:type="resource" xlink:label="label_InformationOnMembersOfExecutiveBoardAbstract_2" xlink:role="http://www.xbrl.org/2003/role/label" xml:lang="da" id="label_InformationOnMembersOfExecutiveBoardAbstract_2">Information om medlemmer af direktionen</link:label>
    <link:labelArc xlink:type="arc" xlink:arcrole="http://www.xbrl.org/2003/arcrole/concept-label" xlink:from="InformationOnMembersOfExecutiveBoardAbstract" xlink:to="label_InformationOnMembersOfExecutiveBoardAbstract_2" order="10.0"/>
    <link:loc xlink:type="locator" xlink:href="gsd.xsd#gsd_InformationOnMembersOfSupervisoryBoardAbstract" xlink:label="InformationOnMembersOfSupervisoryBoardAbstract"/>
    <link:label xlink:type="resource" xlink:label="label_InformationOnMembersOfSupervisoryBoardAbstract_2" xlink:role="http://www.xbrl.org/2003/role/label" xml:lang="da" id="label_InformationOnMembersOfSupervisoryBoardAbstract_2">Information om medlemmer af bestyrelsen</link:label>
    <link:labelArc xlink:type="arc" xlink:arcrole="http://www.xbrl.org/2003/arcrole/concept-label" xlink:from="InformationOnMembersOfSupervisoryBoardAbstract" xlink:to="label_InformationOnMembersOfSupervisoryBoardAbstract_2" order="10.0"/>
    <link:loc xlink:type="locator" xlink:href="gsd.xsd#gsd_InformationOnReportingEntityAbstract" xlink:label="InformationOnReportingEntityAbstract"/>
    <link:label xlink:type="resource" xlink:label="label_InformationOnReportingEntityAbstract_2" xlink:role="http://www.xbrl.org/2003/role/label" xml:lang="da" id="label_InformationOnReportingEntityAbstract_2">Information om den regnskabsaflæggende virksomhed</link:label>
    <link:labelArc xlink:type="arc" xlink:arcrole="http://www.xbrl.org/2003/arcrole/concept-label" xlink:from="InformationOnReportingEntityAbstract" xlink:to="label_InformationOnReportingEntityAbstract_2" order="10.0"/>
    <link:loc xlink:type="locator" xlink:href="gsd.xsd#gsd_InformationOnSubmissionReportAndReportingEntityAbstract" xlink:label="InformationOnSubmissionReportAndReportingEntityAbstract"/>
    <link:label xlink:type="resource" xlink:label="label_InformationOnSubmissionReportAndReportingEntityAbstract_2" xlink:role="http://www.xbrl.org/2003/role/label" xml:lang="da" id="label_InformationOnSubmissionReportAndReportingEntityAbstract_2">Information om indsendelse, rapporttype og regnskabsaflæggende virksomhed</link:label>
    <link:labelArc xlink:type="arc" xlink:arcrole="http://www.xbrl.org/2003/arcrole/concept-label" xlink:from="InformationOnSubmissionReportAndReportingEntityAbstract" xlink:to="label_InformationOnSubmissionReportAndReportingEntityAbstract_2" order="10.0"/>
    <link:loc xlink:type="locator" xlink:href="gsd.xsd#gsd_InformationOnTypeOfSubmittedReport" xlink:label="InformationOnTypeOfSubmittedReport"/>
    <link:label xlink:type="resource" xlink:label="label_InformationOnTypeOfSubmittedReport_2" xlink:role="http://www.xbrl.org/2003/role/label" xml:lang="da" id="label_InformationOnTypeOfSubmittedReport_2">Information om den indsendte rapports type</link:label>
    <link:labelArc xlink:type="arc" xlink:arcrole="http://www.xbrl.org/2003/arcrole/concept-label" xlink:from="InformationOnTypeOfSubmittedReport" xlink:to="label_InformationOnTypeOfSubmittedReport_2" order="10.0"/>
    <link:loc xlink:type="locator" xlink:href="gsd.xsd#gsd_NameSurnameAndTitleOfLiquidator" xlink:label="NameSurnameAndTitleOfLiquidator"/>
    <link:label xlink:type="resource" xlink:label="label_NameSurnameAndTitleOfLiquidator_2" xlink:role="http://www.xbrl.org/2003/role/label" xml:lang="da" id="label_NameSurnameAndTitleOfLiquidator_2">Navn og titel på likvidator</link:label>
    <link:labelArc xlink:type="arc" xlink:arcrole="http://www.xbrl.org/2003/arcrole/concept-label" xlink:from="NameSurnameAndTitleOfLiquidator" xlink:to="label_NameSurnameAndTitleOfLiquidator_2" order="10.0"/>
    <link:loc xlink:type="locator" xlink:href="gsd.xsd#gsd_NameOfFinancialInstitution" xlink:label="NameOfFinancialInstitution"/>
    <link:label xlink:type="resource" xlink:label="label_NameOfFinancialInstitution_2" xlink:role="http://www.xbrl.org/2003/role/label" xml:lang="da" id="label_NameOfFinancialInstitution_2">Bankens navn</link:label>
    <link:labelArc xlink:type="arc" xlink:arcrole="http://www.xbrl.org/2003/arcrole/concept-label" xlink:from="NameOfFinancialInstitution" xlink:to="label_NameOfFinancialInstitution_2" order="10.0"/>
    <link:loc xlink:type="locator" xlink:href="gsd.xsd#gsd_NameOfLawFirm" xlink:label="NameOfLawFirm"/>
    <link:label xlink:type="resource" xlink:label="label_NameOfLawFirm_2" xlink:role="http://www.xbrl.org/2003/role/label" xml:lang="da" id="label_NameOfLawFirm_2">Advokatens navn</link:label>
    <link:labelArc xlink:type="arc" xlink:arcrole="http://www.xbrl.org/2003/arcrole/concept-label" xlink:from="NameOfLawFirm" xlink:to="label_NameOfLawFirm_2" order="10.0"/>
    <link:loc xlink:type="locator" xlink:href="gsd.xsd#gsd_NameOfReportingEntity" xlink:label="NameOfReportingEntity"/>
    <link:label xlink:type="resource" xlink:label="label_NameOfReportingEntity_2" xlink:role="http://www.xbrl.org/2003/role/label" xml:lang="da" id="label_NameOfReportingEntity_2">Regnskabsaflæggende virksomheds navn</link:label>
    <link:labelArc xlink:type="arc" xlink:arcrole="http://www.xbrl.org/2003/arcrole/concept-label" xlink:from="NameOfReportingEntity" xlink:to="label_NameOfReportingEntity_2" order="10.0"/>
    <link:loc xlink:type="locator" xlink:href="gsd.xsd#gsd_NameOfSubmittingEnterprise" xlink:label="NameOfSubmittingEnterprise"/>
    <link:label xlink:type="resource" xlink:label="label_NameOfSubmittingEnterprise_2" xlink:role="http://www.xbrl.org/2003/role/label" xml:lang="da" id="label_NameOfSubmittingEnterprise_2">Indsendende virksomheds navn</link:label>
    <link:labelArc xlink:type="arc" xlink:arcrole="http://www.xbrl.org/2003/arcrole/concept-label" xlink:from="NameOfSubmittingEnterprise" xlink:to="label_NameOfSubmittingEnterprise_2" order="10.0"/>
    <link:loc xlink:type="locator" xlink:href="gsd.xsd#gsd_RegisteredOfficeOfReportingEntity" xlink:label="RegisteredOfficeOfReportingEntity"/>
    <link:label xlink:type="resource" xlink:label="label_RegisteredOfficeOfReportingEntity_2" xlink:role="http://www.xbrl.org/2003/role/label" xml:lang="da" id="label_RegisteredOfficeOfReportingEntity_2">Regnskabsaflæggende virksomheds hjemsted</link:label>
    <link:labelArc xlink:type="arc" xlink:arcrole="http://www.xbrl.org/2003/arcrole/concept-label" xlink:from="RegisteredOfficeOfReportingEntity" xlink:to="label_RegisteredOfficeOfReportingEntity_2" order="10.0"/>
    <link:loc xlink:type="locator" xlink:href="gsd.xsd#gsd_ReportingPeriodEndDate" xlink:label="ReportingPeriodEndDate"/>
    <link:label xlink:type="resource" xlink:label="label_ReportingPeriodEndDate_2" xlink:role="http://www.xbrl.org/2003/role/label" xml:lang="da" id="label_ReportingPeriodEndDate_2">Regnskabsperiodens slutdato</link:label>
    <link:labelArc xlink:type="arc" xlink:arcrole="http://www.xbrl.org/2003/arcrole/concept-label" xlink:from="ReportingPeriodEndDate" xlink:to="label_ReportingPeriodEndDate_2" order="10.0"/>
    <link:loc xlink:type="locator" xlink:href="gsd.xsd#gsd_ReportingPeriodStartDate" xlink:label="ReportingPeriodStartDate"/>
    <link:label xlink:type="resource" xlink:label="label_ReportingPeriodStartDate_2" xlink:role="http://www.xbrl.org/2003/role/label" xml:lang="da" id="label_ReportingPeriodStartDate_2">Regnskabsperiodens startdato</link:label>
    <link:labelArc xlink:type="arc" xlink:arcrole="http://www.xbrl.org/2003/arcrole/concept-label" xlink:from="ReportingPeriodStartDate" xlink:to="label_ReportingPeriodStartDate_2" order="10.0"/>
    <link:loc xlink:type="locator" xlink:href="gsd.xsd#gsd_TelephoneNumberOfAuditor" xlink:label="TelephoneNumberOfAuditor"/>
    <link:label xlink:type="resource" xlink:label="label_TelephoneNumberOfAuditor_2" xlink:role="http://www.xbrl.org/2003/role/label" xml:lang="da" id="label_TelephoneNumberOfAuditor_2">Revisors telefonnummer</link:label>
    <link:labelArc xlink:type="arc" xlink:arcrole="http://www.xbrl.org/2003/arcrole/concept-label" xlink:from="TelephoneNumberOfAuditor" xlink:to="label_TelephoneNumberOfAuditor_2" order="10.0"/>
    <link:loc xlink:type="locator" xlink:href="gsd.xsd#gsd_TelephoneNumberOfReportingEntity" xlink:label="TelephoneNumberOfReportingEntity"/>
    <link:label xlink:type="resource" xlink:label="label_TelephoneNumberOfReportingEntity_2" xlink:role="http://www.xbrl.org/2003/role/label" xml:lang="da" id="label_TelephoneNumberOfReportingEntity_2">Regnskabsaflæggende virksomheds telefonnummer</link:label>
    <link:labelArc xlink:type="arc" xlink:arcrole="http://www.xbrl.org/2003/arcrole/concept-label" xlink:from="TelephoneNumberOfReportingEntity" xlink:to="label_TelephoneNumberOfReportingEntity_2" order="10.0"/>
    <link:loc xlink:type="locator" xlink:href="gsd.xsd#gsd_DetailsOnMembersOfExecutiveBoardHypercube" xlink:label="DetailsOnMembersOfExecutiveBoardHypercube"/>
    <link:label xlink:type="resource" xlink:label="label_DetailsOnMembersOfExecutiveBoardHypercube_2" xlink:role="http://www.xbrl.org/2003/role/label" xml:lang="da" id="label_DetailsOnMembersOfExecutiveBoardHypercube_2">Information om medlemmer af direktionen</link:label>
    <link:labelArc xlink:type="arc" xlink:arcrole="http://www.xbrl.org/2003/arcrole/concept-label" xlink:from="DetailsOnMembersOfExecutiveBoardHypercube" xlink:to="label_DetailsOnMembersOfExecutiveBoardHypercube_2" order="10.0"/>
    <link:loc xlink:type="locator" xlink:href="gsd.xsd#gsd_DetailsOnMembersOfSupervisoryBoardHypercube" xlink:label="DetailsOnMembersOfSupervisoryBoardHypercube"/>
    <link:label xlink:type="resource" xlink:label="label_DetailsOnMembersOfSupervisoryBoardHypercube_2" xlink:role="http://www.xbrl.org/2003/role/label" xml:lang="da" id="label_DetailsOnMembersOfSupervisoryBoardHypercube_2">Information om medlemmer af bestyrelsen</link:label>
    <link:labelArc xlink:type="arc" xlink:arcrole="http://www.xbrl.org/2003/arcrole/concept-label" xlink:from="DetailsOnMembersOfSupervisoryBoardHypercube" xlink:to="label_DetailsOnMembersOfSupervisoryBoardHypercube_2" order="10.0"/>
    <link:loc xlink:type="locator" xlink:href="gsd.xsd#gsd_DetailsOnMembersOfExecutiveBoardAbstract" xlink:label="DetailsOnMembersOfExecutiveBoardAbstract"/>
    <link:label xlink:type="resource" xlink:label="label_DetailsOnMembersOfExecutiveBoardAbstract_2" xlink:role="http://www.xbrl.org/2003/role/label" xml:lang="da" id="label_DetailsOnMembersOfExecutiveBoardAbstract_2">Detaljer om medlemmer af direktionen</link:label>
    <link:labelArc xlink:type="arc" xlink:arcrole="http://www.xbrl.org/2003/arcrole/concept-label" xlink:from="DetailsOnMembersOfExecutiveBoardAbstract" xlink:to="label_DetailsOnMembersOfExecutiveBoardAbstract_2" order="10.0"/>
    <link:loc xlink:type="locator" xlink:href="gsd.xsd#gsd_DetailsOnMembersOfSupervisoryBoardAbstract" xlink:label="DetailsOnMembersOfSupervisoryBoardAbstract"/>
    <link:label xlink:type="resource" xlink:label="label_DetailsOnMembersOfSupervisoryBoardAbstract_2" xlink:role="http://www.xbrl.org/2003/role/label" xml:lang="da" id="label_DetailsOnMembersOfSupervisoryBoardAbstract_2">Detaljer om medlemmer af bestyrelsen</link:label>
    <link:labelArc xlink:type="arc" xlink:arcrole="http://www.xbrl.org/2003/arcrole/concept-label" xlink:from="DetailsOnMembersOfSupervisoryBoardAbstract" xlink:to="label_DetailsOnMembersOfSupervisoryBoardAbstract_2" order="10.0"/>
    <link:loc xlink:type="locator" xlink:href="gsd.xsd#gsd_IdentificationNumberCvrOfFinancialInstitution" xlink:label="IdentificationNumberCvrOfFinancialInstitution"/>
    <link:label xlink:type="resource" xlink:label="label_IdentificationNumberCvrOfFinancialInstitution_2" xlink:role="http://www.xbrl.org/2003/role/label" xml:lang="da" id="label_IdentificationNumberCvrOfFinancialInstitution_2">Bankens CVR-nr.</link:label>
    <link:labelArc xlink:type="arc" xlink:arcrole="http://www.xbrl.org/2003/arcrole/concept-label" xlink:from="IdentificationNumberCvrOfFinancialInstitution" xlink:to="label_IdentificationNumberCvrOfFinancialInstitution_2" order="10.0"/>
    <link:loc xlink:type="locator" xlink:href="gsd.xsd#gsd_IdentificationNumberCvrOfLawFirm" xlink:label="IdentificationNumberCvrOfLawFirm"/>
    <link:label xlink:type="resource" xlink:label="label_IdentificationNumberCvrOfLawFirm_2" xlink:role="http://www.xbrl.org/2003/role/label" xml:lang="da" id="label_IdentificationNumberCvrOfLawFirm_2">Advokatens CVR-nr.</link:label>
    <link:labelArc xlink:type="arc" xlink:arcrole="http://www.xbrl.org/2003/arcrole/concept-label" xlink:from="IdentificationNumberCvrOfLawFirm" xlink:to="label_IdentificationNumberCvrOfLawFirm_2" order="10.0"/>
    <link:loc xlink:type="locator" xlink:href="gsd.xsd#gsd_IdentificationNumberPnrOfLawFirm" xlink:label="IdentificationNumberPnrOfLawFirm"/>
    <link:label xlink:type="resource" xlink:label="label_IdentificationNumberPnrOfLawFirm_2" xlink:role="http://www.xbrl.org/2003/role/label" xml:lang="da" id="label_IdentificationNumberPnrOfLawFirm_2">Advokatens P-nr.</link:label>
    <link:labelArc xlink:type="arc" xlink:arcrole="http://www.xbrl.org/2003/arcrole/concept-label" xlink:from="IdentificationNumberPnrOfLawFirm" xlink:to="label_IdentificationNumberPnrOfLawFirm_2" order="10.0"/>
    <link:loc xlink:type="locator" xlink:href="gsd.xsd#gsd_IdentificationNumberCprOfChairmanOfGeneralMeeting" xlink:label="IdentificationNumberCprOfChairmanOfGeneralMeeting"/>
    <link:label xlink:type="resource" xlink:label="label_IdentificationNumberCprOfChairmanOfGeneralMeeting_2" xlink:role="http://www.xbrl.org/2003/role/label" xml:lang="da" id="label_IdentificationNumberCprOfChairmanOfGeneralMeeting_2">Dirigents CPR-nr.</link:label>
    <link:labelArc xlink:type="arc" xlink:arcrole="http://www.xbrl.org/2003/arcrole/concept-label" xlink:from="IdentificationNumberCprOfChairmanOfGeneralMeeting" xlink:to="label_IdentificationNumberCprOfChairmanOfGeneralMeeting_2" order="10.0"/>
    <link:loc xlink:type="locator" xlink:href="gsd.xsd#gsd_AddressOfAuditorAbstract" xlink:label="AdressOfAuditorAbstract" xlink:title="AdressOfAuditorAbstract"/>
    <link:label xlink:type="resource" xlink:label="label_AdressOfAuditorAbstract" xlink:role="http://www.xbrl.org/2003/role/label" xlink:title="label_AdressOfAuditorAbstract" xml:lang="da" id="label_AdressOfAuditorAbstract">Revisors forretningsadresse</link:label>
    <link:labelArc xlink:type="arc" xlink:arcrole="http://www.xbrl.org/2003/arcrole/concept-label" xlink:from="AdressOfAuditorAbstract" xlink:to="label_AdressOfAuditorAbstract" xlink:title="label: AdressOfAuditorAbstract to label_AdressOfAuditorAbstract"/>
    <link:loc xlink:type="locator" xlink:href="gsd.xsd#gsd_AddressOfAuditorStreetName" xlink:label="AddressOfAuditorStreetName" xlink:title="AddressOfAuditorStreetName"/>
    <link:label xlink:type="resource" xlink:label="label_AddressOfAuditorStreetName" xlink:role="http://www.xbrl.org/2003/role/label" xlink:title="label_AddressOfAuditorStreetName" xml:lang="da" id="label_AddressOfAuditorStreetName">Revisors adresse, vejnavn</link:label>
    <link:labelArc xlink:type="arc" xlink:arcrole="http://www.xbrl.org/2003/arcrole/concept-label" xlink:from="AddressOfAuditorStreetName" xlink:to="label_AddressOfAuditorStreetName" xlink:title="label: AddressOfAuditorStreetName to label_AddressOfAuditorStreetName"/>
    <link:loc xlink:type="locator" xlink:href="gsd.xsd#gsd_AddressOfAuditorStreetBuildingIdentifier" xlink:label="AddressOfAuditorStreetBuildingIdentifier" xlink:title="AddressOfAuditorStreetBuildingIdentifier"/>
    <link:label xlink:type="resource" xlink:label="label_AddressOfAuditorStreetBuildingIdentifier" xlink:role="http://www.xbrl.org/2003/role/label" xlink:title="label_AddressOfAuditorStreetBuildingIdentifier" xml:lang="da" id="label_AddressOfAuditorStreetBuildingIdentifier">Revisors adresse, vejnr og etage</link:label>
    <link:labelArc xlink:type="arc" xlink:arcrole="http://www.xbrl.org/2003/arcrole/concept-label" xlink:from="AddressOfAuditorStreetBuildingIdentifier" xlink:to="label_AddressOfAuditorStreetBuildingIdentifier" xlink:title="label: AddressOfAuditorStreetBuildingIdentifier to label_AddressOfAuditorStreetBuildingIdentifier"/>
    <link:loc xlink:type="locator" xlink:href="gsd.xsd#gsd_AddressOfAuditorPostCodeIdentifier" xlink:label="AddressOfAuditorPostCodeIdentifier" xlink:title="AddressOfAuditorPostCodeIdentifier"/>
    <link:label xlink:type="resource" xlink:label="label_AddressOfAuditorPostCodeIdentifier" xlink:role="http://www.xbrl.org/2003/role/label" xlink:title="label_AddressOfAuditorPostCodeIdentifier" xml:lang="da" id="label_AddressOfAuditorPostCodeIdentifier">Revisors adresse, postnummer</link:label>
    <link:labelArc xlink:type="arc" xlink:arcrole="http://www.xbrl.org/2003/arcrole/concept-label" xlink:from="AddressOfAuditorPostCodeIdentifier" xlink:to="label_AddressOfAuditorPostCodeIdentifier" xlink:title="label: AddressOfAuditorPostCodeIdentifier to label_AddressOfAuditorPostCodeIdentifier"/>
    <link:loc xlink:type="locator" xlink:href="gsd.xsd#gsd_AddressOfAuditorDistrictName" xlink:label="AddressOfAuditorDistrictName" xlink:title="AddressOfAuditorDistrictName"/>
    <link:label xlink:type="resource" xlink:label="label_AddressOfAuditorDistrictName" xlink:role="http://www.xbrl.org/2003/role/label" xlink:title="label_AddressOfAuditorDistrictName" xml:lang="da" id="label_AddressOfAuditorDistrictName">Revisors adresse, by</link:label>
    <link:labelArc xlink:type="arc" xlink:arcrole="http://www.xbrl.org/2003/arcrole/concept-label" xlink:from="AddressOfAuditorDistrictName" xlink:to="label_AddressOfAuditorDistrictName" xlink:title="label: AddressOfAuditorDistrictName to label_AddressOfAuditorDistrictName"/>
    <link:loc xlink:type="locator" xlink:href="gsd.xsd#gsd_AddressOfAuditorCountry" xlink:label="newItem" xlink:title="newItem"/>
    <link:label xlink:type="resource" xlink:label="label_newItem" xlink:role="http://www.xbrl.org/2003/role/label" xlink:title="label_newItem" xml:lang="da" id="label_newItem">Revisors adresse, land</link:label>
    <link:labelArc xlink:type="arc" xlink:arcrole="http://www.xbrl.org/2003/arcrole/concept-label" xlink:from="newItem" xlink:to="label_newItem" xlink:title="label: newItem to label_newItem"/>
    <link:loc xlink:type="locator" xlink:href="gsd.xsd#gsd_AddressOfFinancialInstitutionAbstract" xlink:label="AddressOfFinancialInstitutionAbstract" xlink:title="AddressOfFinancialInstitutionAbstract"/>
    <link:label xlink:type="resource" xlink:label="label_AddressOfFinancialInstitutionAbstract" xlink:role="http://www.xbrl.org/2003/role/label" xlink:title="label_AddressOfFinancialInstitutionAbstract" xml:lang="da" id="label_AddressOfFinancialInstitutionAbstract">Bankens adresse</link:label>
    <link:labelArc xlink:type="arc" xlink:arcrole="http://www.xbrl.org/2003/arcrole/concept-label" xlink:from="AddressOfFinancialInstitutionAbstract" xlink:to="label_AddressOfFinancialInstitutionAbstract" xlink:title="label: AddressOfFinancialInstitutionAbstract to label_AddressOfFinancialInstitutionAbstract"/>
    <link:loc xlink:type="locator" xlink:href="gsd.xsd#gsd_AddressOfFinancialCountryIdentificationCode" xlink:label="AddressOfFinancialCountryIdentificationCode" xlink:title="AddressOfFinancialCountryIdentificationCode"/>
    <link:label xlink:type="resource" xlink:label="label_AddressOfFinancialCountryIdentificationCode" xlink:role="http://www.xbrl.org/2003/role/label" xlink:title="label_AddressOfFinancialCountryIdentificationCode" xml:lang="da" id="label_AddressOfFinancialCountryIdentificationCode">Bankens adresse, landekode</link:label>
    <link:labelArc xlink:type="arc" xlink:arcrole="http://www.xbrl.org/2003/arcrole/concept-label" xlink:from="AddressOfFinancialCountryIdentificationCode" xlink:to="label_AddressOfFinancialCountryIdentificationCode" xlink:title="label: AddressOfFinancialCountryIdentificationCode to label_AddressOfFinancialCountryIdentificationCode"/>
    <link:loc xlink:type="locator" xlink:href="gsd.xsd#gsd_AddressOfFinancialCountry" xlink:label="AddressOfFinancialCountry" xlink:title="AddressOfFinancialCountry"/>
    <link:label xlink:type="resource" xlink:label="label_AddressOfFinancialCountry" xlink:role="http://www.xbrl.org/2003/role/label" xlink:title="label_AddressOfFinancialCountry" xml:lang="da" id="label_AddressOfFinancialCountry">Bankens adresse, land</link:label>
    <link:labelArc xlink:type="arc" xlink:arcrole="http://www.xbrl.org/2003/arcrole/concept-label" xlink:from="AddressOfFinancialCountry" xlink:to="label_AddressOfFinancialCountry" xlink:title="label: AddressOfFinancialCountry to label_AddressOfFinancialCountry"/>
    <link:loc xlink:type="locator" xlink:href="gsd.xsd#gsd_AddressOfFinancialStreetName" xlink:label="AddressOfFinancialStreetName" xlink:title="AddressOfFinancialStreetName"/>
    <link:label xlink:type="resource" xlink:label="label_AddressOfFinancialStreetName" xlink:role="http://www.xbrl.org/2003/role/label" xlink:title="label_AddressOfFinancialStreetName" xml:lang="da" id="label_AddressOfFinancialStreetName">Bankens adresse, vejnavn</link:label>
    <link:labelArc xlink:type="arc" xlink:arcrole="http://www.xbrl.org/2003/arcrole/concept-label" xlink:from="AddressOfFinancialStreetName" xlink:to="label_AddressOfFinancialStreetName" xlink:title="label: AddressOfFinancialStreetName to label_AddressOfFinancialStreetName"/>
    <link:loc xlink:type="locator" xlink:href="gsd.xsd#gsd_AddressOfFinancialStreetBuildingIdentifier" xlink:label="AddressOfFinancialStreetBuildingIdentifier" xlink:title="AddressOfFinancialStreetBuildingIdentifier"/>
    <link:label xlink:type="resource" xlink:label="label_AddressOfFinancialStreetBuildingIdentifier" xlink:role="http://www.xbrl.org/2003/role/label" xlink:title="label_AddressOfFinancialStreetBuildingIdentifier" xml:lang="da" id="label_AddressOfFinancialStreetBuildingIdentifier">Bankens adresse, vejnr og etage</link:label>
    <link:labelArc xlink:type="arc" xlink:arcrole="http://www.xbrl.org/2003/arcrole/concept-label" xlink:from="AddressOfFinancialStreetBuildingIdentifier" xlink:to="label_AddressOfFinancialStreetBuildingIdentifier" xlink:title="label: AddressOfFinancialStreetBuildingIdentifier to label_AddressOfFinancialStreetBuildingIdentifier"/>
    <link:loc xlink:type="locator" xlink:href="gsd.xsd#gsd_AddressOfFinancialPostCodeIdentifier" xlink:label="AddressOfFinancialPostCodeIdentifier" xlink:title="AddressOfFinancialPostCodeIdentifier"/>
    <link:label xlink:type="resource" xlink:label="label_AddressOfFinancialPostCodeIdentifier" xlink:role="http://www.xbrl.org/2003/role/label" xlink:title="label_AddressOfFinancialPostCodeIdentifier" xml:lang="da" id="label_AddressOfFinancialPostCodeIdentifier">Bankens adresse, postnummer</link:label>
    <link:labelArc xlink:type="arc" xlink:arcrole="http://www.xbrl.org/2003/arcrole/concept-label" xlink:from="AddressOfFinancialPostCodeIdentifier" xlink:to="label_AddressOfFinancialPostCodeIdentifier" xlink:title="label: AddressOfFinancialPostCodeIdentifier to label_AddressOfFinancialPostCodeIdentifier"/>
    <link:loc xlink:type="locator" xlink:href="gsd.xsd#gsd_AddressOfFinancialDistrictName" xlink:label="AddressOfFinancialDistrictName" xlink:title="AddressOfFinancialDistrictName"/>
    <link:label xlink:type="resource" xlink:label="label_AddressOfFinancialDistrictName" xlink:role="http://www.xbrl.org/2003/role/label" xlink:title="label_AddressOfFinancialDistrictName" xml:lang="da" id="label_AddressOfFinancialDistrictName">Bankens adresse, by</link:label>
    <link:labelArc xlink:type="arc" xlink:arcrole="http://www.xbrl.org/2003/arcrole/concept-label" xlink:from="AddressOfFinancialDistrictName" xlink:to="label_AddressOfFinancialDistrictName" xlink:title="label: AddressOfFinancialDistrictName to label_AddressOfFinancialDistrictName"/>
    <link:loc xlink:type="locator" xlink:href="gsd.xsd#gsd_IdentificationNumberGreenlandRegnrOfReportingEntity" xlink:label="newItem_2" xlink:title="newItem"/>
    <link:label xlink:type="resource" xlink:label="label_newItem_3" xlink:role="http://www.xbrl.org/2003/role/label" xlink:title="label_newItem" xml:lang="da" id="label_newItem_3">Regnskabsaflæggende virksomheds Grønlandske Regnr</link:label>
    <link:labelArc xlink:type="arc" xlink:arcrole="http://www.xbrl.org/2003/arcrole/concept-label" xlink:from="newItem_2" xlink:to="label_newItem_3" xlink:title="label: newItem to label_newItem"/>
    <link:loc xlink:type="locator" xlink:href="gsd.xsd#gsd_DetailsOnAuditorHypercube" xlink:label="DetailsOnAuditorHypercube" xlink:title="DetailsOnAuditorHypercube"/>
    <link:label xlink:type="resource" xlink:label="label_DetailsOnAuditorHypercube" xlink:role="http://www.xbrl.org/2003/role/label" xlink:title="label_DetailsOnAuditorHypercube" xml:lang="da" id="label_DetailsOnAuditorHypercube">Information om revisor</link:label>
    <link:labelArc xlink:type="arc" xlink:arcrole="http://www.xbrl.org/2003/arcrole/concept-label" xlink:from="DetailsOnAuditorHypercube" xlink:to="label_DetailsOnAuditorHypercube" xlink:title="label: DetailsOnAuditorHypercube to label_DetailsOnAuditorHypercube"/>
    <link:loc xlink:type="locator" xlink:href="gsd.xsd#gsd_DetailsOnAuditorAbstract" xlink:label="DetailsOnAuditorAbstract" xlink:title="DetailsOnAuditorAbstract"/>
    <link:label xlink:type="resource" xlink:label="label_DetailsOnAuditorAbstract" xlink:role="http://www.xbrl.org/2003/role/label" xlink:title="label_DetailsOnAuditorAbstract" xml:lang="da" id="label_DetailsOnAuditorAbstract">Detaljer om revisor</link:label>
    <link:labelArc xlink:type="arc" xlink:arcrole="http://www.xbrl.org/2003/arcrole/concept-label" xlink:from="DetailsOnAuditorAbstract" xlink:to="label_DetailsOnAuditorAbstract" xlink:title="label: DetailsOnAuditorAbstract to label_DetailsOnAuditorAbstract"/>
    <link:loc xlink:type="locator" xlink:href="gsd.xsd#gsd_InformationOnAuditorAbstract" xlink:label="InformationOnAuditorAbstract" xlink:title="InformationOnAuditorAbstract"/>
    <link:label xlink:type="resource" xlink:label="label_InformationOnAuditorAbstract" xlink:role="http://www.xbrl.org/2003/role/label" xlink:title="label_InformationOnAuditorAbstract" xml:lang="da" id="label_InformationOnAuditorAbstract">Information om revisor</link:label>
    <link:labelArc xlink:type="arc" xlink:arcrole="http://www.xbrl.org/2003/arcrole/concept-label" xlink:from="InformationOnAuditorAbstract" xlink:to="label_InformationOnAuditorAbstract" xlink:title="label: InformationOnAuditorAbstract to label_InformationOnAuditorAbstract"/>
    <link:loc xlink:type="locator" xlink:href="gsd.xsd#gsd_AddressOfReportingEntityAbstract" xlink:label="AddressOfReportingEntityAbstract" xlink:title="AddressOfReportingEntityAbstract"/>
    <link:label xlink:type="resource" xlink:label="label_AddressOfReportingEntityAbstract" xlink:role="http://www.xbrl.org/2003/role/label" xlink:title="label_AddressOfReportingEntityAbstract" xml:lang="da" id="label_AddressOfReportingEntityAbstract">Regnskabsaflæggende virksomheds adresse</link:label>
    <link:labelArc xlink:type="arc" xlink:arcrole="http://www.xbrl.org/2003/arcrole/concept-label" xlink:from="AddressOfReportingEntityAbstract" xlink:to="label_AddressOfReportingEntityAbstract" xlink:title="label: AddressOfReportingEntityAbstract to label_AddressOfReportingEntityAbstract"/>
    <link:loc xlink:type="locator" xlink:href="gsd.xsd#gsd_AddressOfReportingEntityCountryIdentificationCode" xlink:label="AddressOfReportingEntityCountryIdentificationCode" xlink:title="AddressOfReportingEntityCountryIdentificationCode"/>
    <link:label xlink:type="resource" xlink:label="label_AddressOfReportingEntityCountryIdentificationCode" xlink:role="http://www.xbrl.org/2003/role/label" xlink:title="label_AddressOfReportingEntityCountryIdentificationCode" xml:lang="da" id="label_AddressOfReportingEntityCountryIdentificationCode">Regnskabsaflæggende virksomheds adresse, Landekode</link:label>
    <link:labelArc xlink:type="arc" xlink:arcrole="http://www.xbrl.org/2003/arcrole/concept-label" xlink:from="AddressOfReportingEntityCountryIdentificationCode" xlink:to="label_AddressOfReportingEntityCountryIdentificationCode" xlink:title="label: AddressOfReportingEntityCountryIdentificationCode to label_AddressOfReportingEntityCountryIdentificationCode"/>
    <link:loc xlink:type="locator" xlink:href="gsd.xsd#gsd_AddressOfReportingEntityCountry" xlink:label="AddressOfReportingEntityCountry" xlink:title="AddressOfReportingEntityCountry"/>
    <link:label xlink:type="resource" xlink:label="label_AddressOfReportingEntityCountry" xlink:role="http://www.xbrl.org/2003/role/label" xlink:title="label_AddressOfReportingEntityCountry" xml:lang="da" id="label_AddressOfReportingEntityCountry">Regnskabsaflæggende virksomheds adresse, land</link:label>
    <link:labelArc xlink:type="arc" xlink:arcrole="http://www.xbrl.org/2003/arcrole/concept-label" xlink:from="AddressOfReportingEntityCountry" xlink:to="label_AddressOfReportingEntityCountry" xlink:title="label: AddressOfReportingEntityCountry to label_AddressOfReportingEntityCountry"/>
    <link:loc xlink:type="locator" xlink:href="gsd.xsd#gsd_AddressOfReportingEntityStreetName" xlink:label="AddressOfReportingEntityStreetName" xlink:title="AddressOfReportingEntityStreetName"/>
    <link:label xlink:type="resource" xlink:label="label_AddressOfReportingEntityStreetName" xlink:role="http://www.xbrl.org/2003/role/label" xlink:title="label_AddressOfReportingEntityStreetName" xml:lang="da" id="label_AddressOfReportingEntityStreetName">Regnskabsaflæggende virksomheds adresse, vejnavn</link:label>
    <link:labelArc xlink:type="arc" xlink:arcrole="http://www.xbrl.org/2003/arcrole/concept-label" xlink:from="AddressOfReportingEntityStreetName" xlink:to="label_AddressOfReportingEntityStreetName" xlink:title="label: AddressOfReportingEntityStreetName to label_AddressOfReportingEntityStreetName"/>
    <link:loc xlink:type="locator" xlink:href="gsd.xsd#gsd_AddressOfReportingEntityStreetBuildingIdentifier" xlink:label="AddressOfReportingEntityStreetBuildingIdentifier" xlink:title="AddressOfReportingEntityStreetBuildingIdentifier"/>
    <link:label xlink:type="resource" xlink:label="label_AddressOfReportingEntityStreetBuildingIdentifier" xlink:role="http://www.xbrl.org/2003/role/label" xlink:title="label_AddressOfReportingEntityStreetBuildingIdentifier" xml:lang="da" id="label_AddressOfReportingEntityStreetBuildingIdentifier">Regnskabsaflæggende virksomheds adresse, vejnr og etage</link:label>
    <link:labelArc xlink:type="arc" xlink:arcrole="http://www.xbrl.org/2003/arcrole/concept-label" xlink:from="AddressOfReportingEntityStreetBuildingIdentifier" xlink:to="label_AddressOfReportingEntityStreetBuildingIdentifier" xlink:title="label: AddressOfReportingEntityStreetBuildingIdentifier to label_AddressOfReportingEntityStreetBuildingIdentifier"/>
    <link:loc xlink:type="locator" xlink:href="gsd.xsd#gsd_AddressOfReportingEntityPostCodeIdentifier" xlink:label="AddressOfReportingEntityPostCodeIdentifier" xlink:title="AddressOfReportingEntityPostCodeIdentifier"/>
    <link:label xlink:type="resource" xlink:label="label_AddressOfReportingEntityPostCodeIdentifier" xlink:role="http://www.xbrl.org/2003/role/label" xlink:title="label_AddressOfReportingEntityPostCodeIdentifier" xml:lang="da" id="label_AddressOfReportingEntityPostCodeIdentifier">Regnskabsaflæggende virksomheds adresse, postnummer</link:label>
    <link:labelArc xlink:type="arc" xlink:arcrole="http://www.xbrl.org/2003/arcrole/concept-label" xlink:from="AddressOfReportingEntityPostCodeIdentifier" xlink:to="label_AddressOfReportingEntityPostCodeIdentifier" xlink:title="label: AddressOfReportingEntityPostCodeIdentifier to label_AddressOfReportingEntityPostCodeIdentifier"/>
    <link:loc xlink:type="locator" xlink:href="gsd.xsd#gsd_AddressOfReportingEntityDistrictName" xlink:label="AddressOfReportingEntityDistrictName" xlink:title="AddressOfReportingEntityDistrictName"/>
    <link:label xlink:type="resource" xlink:label="label_AddressOfReportingEntityDistrictName" xlink:role="http://www.xbrl.org/2003/role/label" xlink:title="label_AddressOfReportingEntityDistrictName" xml:lang="da" id="label_AddressOfReportingEntityDistrictName">Regnskabsaflæggende virksomheds adresse, by</link:label>
    <link:labelArc xlink:type="arc" xlink:arcrole="http://www.xbrl.org/2003/arcrole/concept-label" xlink:from="AddressOfReportingEntityDistrictName" xlink:to="label_AddressOfReportingEntityDistrictName" xlink:title="label: AddressOfReportingEntityDistrictName to label_AddressOfReportingEntityDistrictName"/>
    <link:loc xlink:type="locator" xlink:href="gsd.xsd#gsd_AddressOfLawFirmAbstract" xlink:label="AddressOfLawFirmAbstract" xlink:title="AddressOfLawFirmAbstract"/>
    <link:label xlink:type="resource" xlink:label="label_AddressOfLawFirmAbstract" xlink:role="http://www.xbrl.org/2003/role/label" xlink:title="label_AddressOfLawFirmAbstract" xml:lang="da" id="label_AddressOfLawFirmAbstract">Advokatens adresse</link:label>
    <link:labelArc xlink:type="arc" xlink:arcrole="http://www.xbrl.org/2003/arcrole/concept-label" xlink:from="AddressOfLawFirmAbstract" xlink:to="label_AddressOfLawFirmAbstract" xlink:title="label: AddressOfLawFirmAbstract to label_AddressOfLawFirmAbstract"/>
    <link:loc xlink:type="locator" xlink:href="gsd.xsd#gsd_AddressOfLawFirmCountryIdentificationCode" xlink:label="AddressOfLawFirmCountryIdentificationCode" xlink:title="AddressOfLawFirmCountryIdentificationCode"/>
    <link:label xlink:type="resource" xlink:label="label_AddressOfLawFirmCountryIdentificationCode" xlink:role="http://www.xbrl.org/2003/role/label" xlink:title="label_AddressOfLawFirmCountryIdentificationCode" xml:lang="da" id="label_AddressOfLawFirmCountryIdentificationCode">Advokatens adresse, landekode</link:label>
    <link:labelArc xlink:type="arc" xlink:arcrole="http://www.xbrl.org/2003/arcrole/concept-label" xlink:from="AddressOfLawFirmCountryIdentificationCode" xlink:to="label_AddressOfLawFirmCountryIdentificationCode" xlink:title="label: AddressOfLawFirmCountryIdentificationCode to label_AddressOfLawFirmCountryIdentificationCode"/>
    <link:loc xlink:type="locator" xlink:href="gsd.xsd#gsd_AddressOfLawFirmCountry" xlink:label="AddressOfLawFirmCountry" xlink:title="AddressOfLawFirmCountry"/>
    <link:label xlink:type="resource" xlink:label="label_AddressOfLawFirmCountry" xlink:role="http://www.xbrl.org/2003/role/label" xlink:title="label_AddressOfLawFirmCountry" xml:lang="da" id="label_AddressOfLawFirmCountry">Advokatens adresse, land</link:label>
    <link:labelArc xlink:type="arc" xlink:arcrole="http://www.xbrl.org/2003/arcrole/concept-label" xlink:from="AddressOfLawFirmCountry" xlink:to="label_AddressOfLawFirmCountry" xlink:title="label: AddressOfLawFirmCountry to label_AddressOfLawFirmCountry"/>
    <link:loc xlink:type="locator" xlink:href="gsd.xsd#gsd_AddressOfLawFirmStreetName" xlink:label="AddressOfLawFirmStreetName" xlink:title="AddressOfLawFirmStreetName"/>
    <link:label xlink:type="resource" xlink:label="label_AddressOfLawFirmStreetName" xlink:role="http://www.xbrl.org/2003/role/label" xlink:title="label_AddressOfLawFirmStreetName" xml:lang="da" id="label_AddressOfLawFirmStreetName">Advokatens adresse, vejnavn</link:label>
    <link:labelArc xlink:type="arc" xlink:arcrole="http://www.xbrl.org/2003/arcrole/concept-label" xlink:from="AddressOfLawFirmStreetName" xlink:to="label_AddressOfLawFirmStreetName" xlink:title="label: AddressOfLawFirmStreetName to label_AddressOfLawFirmStreetName"/>
    <link:loc xlink:type="locator" xlink:href="gsd.xsd#gsd_AddressOfLawFirmStreetBuildingIdentifier" xlink:label="AddressOfLawFirmStreetBuildingIdentifier" xlink:title="AddressOfLawFirmStreetBuildingIdentifier"/>
    <link:label xlink:type="resource" xlink:label="label_AddressOfLawFirmStreetBuildingIdentifier" xlink:role="http://www.xbrl.org/2003/role/label" xlink:title="label_AddressOfLawFirmStreetBuildingIdentifier" xml:lang="da" id="label_AddressOfLawFirmStreetBuildingIdentifier">Advokatens adresse, vejnr og etage</link:label>
    <link:labelArc xlink:type="arc" xlink:arcrole="http://www.xbrl.org/2003/arcrole/concept-label" xlink:from="AddressOfLawFirmStreetBuildingIdentifier" xlink:to="label_AddressOfLawFirmStreetBuildingIdentifier" xlink:title="label: AddressOfLawFirmStreetBuildingIdentifier to label_AddressOfLawFirmStreetBuildingIdentifier"/>
    <link:loc xlink:type="locator" xlink:href="gsd.xsd#gsd_AddressOfLawFirmPostCodeIdentifier" xlink:label="AddressOfLawFirmPostCodeIdentifier" xlink:title="AddressOfLawFirmPostCodeIdentifier"/>
    <link:label xlink:type="resource" xlink:label="label_AddressOfLawFirmPostCodeIdentifier" xlink:role="http://www.xbrl.org/2003/role/label" xlink:title="label_AddressOfLawFirmPostCodeIdentifier" xml:lang="da" id="label_AddressOfLawFirmPostCodeIdentifier">Advokatens adresse, postnummer</link:label>
    <link:labelArc xlink:type="arc" xlink:arcrole="http://www.xbrl.org/2003/arcrole/concept-label" xlink:from="AddressOfLawFirmPostCodeIdentifier" xlink:to="label_AddressOfLawFirmPostCodeIdentifier" xlink:title="label: AddressOfLawFirmPostCodeIdentifier to label_AddressOfLawFirmPostCodeIdentifier"/>
    <link:loc xlink:type="locator" xlink:href="gsd.xsd#gsd_AddressOfLawFirmDistrictName" xlink:label="AddressOfLawFirmDistrictName" xlink:title="AddressOfLawFirmDistrictName"/>
    <link:label xlink:type="resource" xlink:label="label_AddressOfLawFirmDistrictName" xlink:role="http://www.xbrl.org/2003/role/label" xlink:title="label_AddressOfLawFirmDistrictName" xml:lang="da" id="label_AddressOfLawFirmDistrictName">Advokatens adresse, by</link:label>
    <link:labelArc xlink:type="arc" xlink:arcrole="http://www.xbrl.org/2003/arcrole/concept-label" xlink:from="AddressOfLawFirmDistrictName" xlink:to="label_AddressOfLawFirmDistrictName" xlink:title="label: AddressOfLawFirmDistrictName to label_AddressOfLawFirmDistrictName"/>
    <link:loc xlink:type="locator" xlink:href="gsd.xsd#gsd_DetailsOnLiquidatorAbstract" xlink:label="DetailsOnLiquidatorAbstract" xlink:title="DetailsOnLiquidatorAbstract"/>
    <link:label xlink:type="resource" xlink:label="label_DetailsOnLiquidatorAbstract" xlink:role="http://www.xbrl.org/2003/role/label" xlink:title="label_DetailsOnLiquidatorAbstract" xml:lang="da" id="label_DetailsOnLiquidatorAbstract">Detaljer om likvidator</link:label>
    <link:labelArc xlink:type="arc" xlink:arcrole="http://www.xbrl.org/2003/arcrole/concept-label" xlink:from="DetailsOnLiquidatorAbstract" xlink:to="label_DetailsOnLiquidatorAbstract" xlink:title="label: DetailsOnLiquidatorAbstract to label_DetailsOnLiquidatorAbstract"/>
    <link:loc xlink:type="locator" xlink:href="gsd.xsd#gsd_DetailsOnLiquidatorHypercube" xlink:label="DetailsOnLiquidatorHypercube" xlink:title="DetailsOnLiquidatorHypercube"/>
    <link:label xlink:type="resource" xlink:label="label_DetailsOnLiquidatorHypercube" xlink:role="http://www.xbrl.org/2003/role/label" xlink:title="label_DetailsOnLiquidatorHypercube" xml:lang="da" id="label_DetailsOnLiquidatorHypercube">Information om likvidator</link:label>
    <link:labelArc xlink:type="arc" xlink:arcrole="http://www.xbrl.org/2003/arcrole/concept-label" xlink:from="DetailsOnLiquidatorHypercube" xlink:to="label_DetailsOnLiquidatorHypercube" xlink:title="label: DetailsOnLiquidatorHypercube to label_DetailsOnLiquidatorHypercube"/>
    <link:loc xlink:type="locator" xlink:href="gsd.xsd#gsd_InformationOnLiquidatorAbstract" xlink:label="InformationOnLiquidatorAbstract" xlink:title="InformationOnLiquidatorAbstract"/>
    <link:label xlink:type="resource" xlink:label="label_InformationOnLiquidatorAbstract" xlink:role="http://www.xbrl.org/2003/role/label" xlink:title="label_InformationOnLiquidatorAbstract" xml:lang="da" id="label_InformationOnLiquidatorAbstract">Information om likvidator</link:label>
    <link:labelArc xlink:type="arc" xlink:arcrole="http://www.xbrl.org/2003/arcrole/concept-label" xlink:from="InformationOnLiquidatorAbstract" xlink:to="label_InformationOnLiquidatorAbstract" xlink:title="label: InformationOnLiquidatorAbstract to label_InformationOnLiquidatorAbstract"/>
  </link:labelLink>
</link:linkbase>
