<?xml version="1.0" encoding="UTF-8"?>

<!--
        Taxonomy: 2011-03-25 (Final release)
        ********************** 
        Copyright © 2011 International Financial Reporting Standards (IFRS) Foundation
        All rights reserved.  No part of this publication may be translated, reprinted or reproduced 
        or utilised in any form either in whole or in part without prior permission in writing from the IFRS Foundation.
        For more information on the IFRS Foundation's copyright, please refer to http://www.ifrs.org/XBRL/Legal/
        **********************
    -->
<link:linkbase xmlns:xsi="http://www.w3.org/2001/XMLSchema-instance" xsi:schemaLocation="http://www.xbrl.org/2003/linkbase http://www.xbrl.org/2003/xbrl-linkbase-2003-12-31.xsd http://xbrl.org/2008/label http://www.xbrl.org/2008/generic-label.xsd http://xbrl.org/2008/generic http://www.xbrl.org/2008/generic-link.xsd http://www.w3.org/1999/xlink http://www.xbrl.org/2003/xlink-2003-12-31.xsd" xmlns:gen="http://xbrl.org/2008/generic" xmlns:link="http://www.xbrl.org/2003/linkbase" xmlns:xlink="http://www.w3.org/1999/xlink" xmlns:label="http://xbrl.org/2008/label">
  <link:roleRef roleURI="http://www.xbrl.org/2008/role/link" xlink:type="simple" xlink:href="http://www.xbrl.org/2008/generic-link.xsd#standard-link-role"/>
  <link:roleRef roleURI="http://www.xbrl.org/2008/role/label" xlink:type="simple" xlink:href="http://www.xbrl.org/2008/generic-label.xsd#standard-label"/>
  <link:arcroleRef arcroleURI="http://xbrl.org/arcrole/2008/element-label" xlink:type="simple" xlink:href="http://www.xbrl.org/2008/generic-label.xsd#element-label"/>
  <gen:link xlink:type="extended" xlink:role="http://www.xbrl.org/2008/role/link">
    <link:loc xlink:type="locator" xlink:href="rol_ias_1_2011-03-25.xsd#ias_1_2011-03-25_role-110000" xlink:label="loc"/>
    <label:label xlink:type="resource" xlink:label="loc_18" xlink:role="http://www.xbrl.org/2008/role/label" xml:lang="en">[110000] General information about financial statements</label:label>
    <gen:arc xlink:type="arc" xlink:arcrole="http://xbrl.org/arcrole/2008/element-label" xlink:from="loc" xlink:to="loc_18"/>
    <link:loc xlink:type="locator" xlink:href="rol_ias_1_2011-03-25.xsd#ias_1_2011-03-25_role-210000" xlink:label="loc_2"/>
    <label:label xlink:type="resource" xlink:label="loc_19" xlink:role="http://www.xbrl.org/2008/role/label" xml:lang="en">[210000] Statement of financial position, current/non-current</label:label>
    <gen:arc xlink:type="arc" xlink:arcrole="http://xbrl.org/arcrole/2008/element-label" xlink:from="loc_2" xlink:to="loc_19"/>
    <link:loc xlink:type="locator" xlink:href="rol_ias_1_2011-03-25.xsd#ias_1_2011-03-25_role-220000" xlink:label="loc_3"/>
    <label:label xlink:type="resource" xlink:label="loc_20" xlink:role="http://www.xbrl.org/2008/role/label" xml:lang="en">[220000] Statement of financial position, order of liquidity</label:label>
    <gen:arc xlink:type="arc" xlink:arcrole="http://xbrl.org/arcrole/2008/element-label" xlink:from="loc_3" xlink:to="loc_20"/>
    <link:loc xlink:type="locator" xlink:href="rol_ias_1_2011-03-25.xsd#ias_1_2011-03-25_role-310000" xlink:label="loc_4"/>
    <label:label xlink:type="resource" xlink:label="loc_21" xlink:role="http://www.xbrl.org/2008/role/label" xml:lang="en">[310000] Income statement, by function of expense</label:label>
    <gen:arc xlink:type="arc" xlink:arcrole="http://xbrl.org/arcrole/2008/element-label" xlink:from="loc_4" xlink:to="loc_21"/>
    <link:loc xlink:type="locator" xlink:href="rol_ias_1_2011-03-25.xsd#ias_1_2011-03-25_role-320000" xlink:label="loc_5"/>
    <label:label xlink:type="resource" xlink:label="loc_22" xlink:role="http://www.xbrl.org/2008/role/label" xml:lang="en">[320000] Income statement, by nature of expense</label:label>
    <gen:arc xlink:type="arc" xlink:arcrole="http://xbrl.org/arcrole/2008/element-label" xlink:from="loc_5" xlink:to="loc_22"/>
    <link:loc xlink:type="locator" xlink:href="rol_ias_1_2011-03-25.xsd#ias_1_2011-03-25_role-410000" xlink:label="loc_6"/>
    <label:label xlink:type="resource" xlink:label="loc_23" xlink:role="http://www.xbrl.org/2008/role/label" xml:lang="en">[410000] Statement of comprehensive income, OCI components presented net of tax</label:label>
    <gen:arc xlink:type="arc" xlink:arcrole="http://xbrl.org/arcrole/2008/element-label" xlink:from="loc_6" xlink:to="loc_23"/>
    <link:loc xlink:type="locator" xlink:href="rol_ias_1_2011-03-25.xsd#ias_1_2011-03-25_role-420000" xlink:label="loc_7"/>
    <label:label xlink:type="resource" xlink:label="loc_24" xlink:role="http://www.xbrl.org/2008/role/label" xml:lang="en">[420000] Statement of comprehensive income, OCI components presented before tax</label:label>
    <gen:arc xlink:type="arc" xlink:arcrole="http://xbrl.org/arcrole/2008/element-label" xlink:from="loc_7" xlink:to="loc_24"/>
    <link:loc xlink:type="locator" xlink:href="rol_ias_1_2011-03-25.xsd#ias_1_2011-03-25_role-610000" xlink:label="loc_8"/>
    <label:label xlink:type="resource" xlink:label="loc_25" xlink:role="http://www.xbrl.org/2008/role/label" xml:lang="en">[610000] Statement of changes in equity</label:label>
    <gen:arc xlink:type="arc" xlink:arcrole="http://xbrl.org/arcrole/2008/element-label" xlink:from="loc_8" xlink:to="loc_25"/>
    <link:loc xlink:type="locator" xlink:href="rol_ias_1_2011-03-25.xsd#ias_1_2011-03-25_role-810000" xlink:label="loc_9"/>
    <label:label xlink:type="resource" xlink:label="loc_26" xlink:role="http://www.xbrl.org/2008/role/label" xml:lang="en">[810000] Notes - Corporate information and statement of IFRS compliance</label:label>
    <gen:arc xlink:type="arc" xlink:arcrole="http://xbrl.org/arcrole/2008/element-label" xlink:from="loc_9" xlink:to="loc_26"/>
    <link:loc xlink:type="locator" xlink:href="rol_ias_1_2011-03-25.xsd#ias_1_2011-03-25_role-810000a" xlink:label="loc_10"/>
    <label:label xlink:type="resource" xlink:label="loc_27" xlink:role="http://www.xbrl.org/2008/role/label" xml:lang="en">[810000a] Notes - Corporate information and statement of IFRS compliance</label:label>
    <gen:arc xlink:type="arc" xlink:arcrole="http://xbrl.org/arcrole/2008/element-label" xlink:from="loc_10" xlink:to="loc_27"/>
    <link:loc xlink:type="locator" xlink:href="rol_ias_1_2011-03-25.xsd#ias_1_2011-03-25_role-810000b" xlink:label="loc_11"/>
    <label:label xlink:type="resource" xlink:label="loc_28" xlink:role="http://www.xbrl.org/2008/role/label" xml:lang="en">[810000b] Notes - Corporate information and statement of IFRS compliance</label:label>
    <gen:arc xlink:type="arc" xlink:arcrole="http://xbrl.org/arcrole/2008/element-label" xlink:from="loc_11" xlink:to="loc_28"/>
    <link:loc xlink:type="locator" xlink:href="rol_ias_1_2011-03-25.xsd#ias_1_2011-03-25_role-810000c" xlink:label="loc_35"/>
    <label:label xlink:type="resource" xlink:label="loc_36" xlink:role="http://www.xbrl.org/2008/role/label" xml:lang="en">[810000c] Notes - Corporate information and statement of IFRS compliance</label:label>
    <gen:arc xlink:type="arc" xlink:arcrole="http://xbrl.org/arcrole/2008/element-label" xlink:from="loc_35" xlink:to="loc_36"/>
    <link:loc xlink:type="locator" xlink:href="rol_ias_1_2011-03-25.xsd#ias_1_2011-03-25_role-800100" xlink:label="loc_12"/>
    <label:label xlink:type="resource" xlink:label="loc_29" xlink:role="http://www.xbrl.org/2008/role/label" xml:lang="en">[800100] Notes - Subclassifications of assets, liabilities and equities</label:label>
    <gen:arc xlink:type="arc" xlink:arcrole="http://xbrl.org/arcrole/2008/element-label" xlink:from="loc_12" xlink:to="loc_29"/>
    <link:loc xlink:type="locator" xlink:href="rol_ias_1_2011-03-25.xsd#ias_1_2011-03-25_role-800200" xlink:label="loc_13"/>
    <label:label xlink:type="resource" xlink:label="loc_30" xlink:role="http://www.xbrl.org/2008/role/label" xml:lang="en">[800200] Notes - Analysis of income and expense</label:label>
    <gen:arc xlink:type="arc" xlink:arcrole="http://xbrl.org/arcrole/2008/element-label" xlink:from="loc_13" xlink:to="loc_30"/>
    <link:loc xlink:type="locator" xlink:href="rol_ias_1_2011-03-25.xsd#ias_1_2011-03-25_role-861000" xlink:label="loc_14"/>
    <label:label xlink:type="resource" xlink:label="loc_31" xlink:role="http://www.xbrl.org/2008/role/label" xml:lang="en">[861000] Notes - Analysis of other comprehensive income by item</label:label>
    <gen:arc xlink:type="arc" xlink:arcrole="http://xbrl.org/arcrole/2008/element-label" xlink:from="loc_14" xlink:to="loc_31"/>
    <link:loc xlink:type="locator" xlink:href="rol_ias_1_2011-03-25.xsd#ias_1_2011-03-25_role-861200" xlink:label="loc_15"/>
    <label:label xlink:type="resource" xlink:label="loc_32" xlink:role="http://www.xbrl.org/2008/role/label" xml:lang="en">[861200] Notes - Share capital, reserves and other equity interest</label:label>
    <gen:arc xlink:type="arc" xlink:arcrole="http://xbrl.org/arcrole/2008/element-label" xlink:from="loc_15" xlink:to="loc_32"/>
    <link:loc xlink:type="locator" xlink:href="rol_ias_1_2011-03-25.xsd#ias_1_2011-03-25_role-861200a" xlink:label="loc_16"/>
    <label:label xlink:type="resource" xlink:label="loc_33" xlink:role="http://www.xbrl.org/2008/role/label" xml:lang="en">[861200a] Notes - Share capital, reserves and other equity interest</label:label>
    <gen:arc xlink:type="arc" xlink:arcrole="http://xbrl.org/arcrole/2008/element-label" xlink:from="loc_16" xlink:to="loc_33"/>
    <link:loc xlink:type="locator" xlink:href="rol_ias_1_2011-03-25.xsd#ias_1_2011-03-25_role-861200b" xlink:label="loc_17"/>
    <label:label xlink:type="resource" xlink:label="loc_34" xlink:role="http://www.xbrl.org/2008/role/label" xml:lang="en">[861200b] Notes - Share capital, reserves and other equity interest</label:label>
    <gen:arc xlink:type="arc" xlink:arcrole="http://xbrl.org/arcrole/2008/element-label" xlink:from="loc_17" xlink:to="loc_34"/>
  </gen:link>
</link:linkbase>
