<?xml version="1.0" encoding="UTF-8"?>
<!-- Generated by Fujitsu Interstage XWand B0217 -->
<?officialURI http://archprod.service.eogs.dk/taxonomy/20161220/arr/labels/ref_arr_2016-12-20.xml?>

<?taxonomy-version 0.2.0?>

<link:linkbase xmlns:xsi="http://www.w3.org/2001/XMLSchema-instance" xsi:schemaLocation="http://www.xbrl.org/2006/ref http://www.xbrl.org/2006/ref-2006-02-27.xsd http://www.xbrl.org/2003/linkbase http://www.xbrl.org/2003/xbrl-linkbase-2003-12-31.xsd" xmlns:link="http://www.xbrl.org/2003/linkbase" xmlns:ref="http://www.xbrl.org/2006/ref" xmlns:xlink="http://www.w3.org/1999/xlink" xmlns:xbrli="http://www.xbrl.org/2003/instance">
  <link:referenceLink xlink:type="extended" xlink:role="http://www.xbrl.org/2003/role/link">
    <link:loc xlink:type="locator" xlink:href="../arr-cor_2016-12-20.xsd#arr_AuditorsReportsAbstract" xlink:label="AuditorsReportsAbstract"/>
    <link:reference xlink:type="resource" xlink:label="reference_AuditorsReportsAbstract" xlink:role="http://www.xbrl.org/2003/role/reference" id="reference_AuditorsReportsAbstract">
      <ref:Publisher>Økonomi- og Erhvervsministeriet</ref:Publisher>
      <ref:Name>Årsregnskabsloven</ref:Name>
      <ref:Paragraph>135</ref:Paragraph>
    </link:reference>
    <link:referenceArc xlink:type="arc" xlink:arcrole="http://www.xbrl.org/2003/arcrole/concept-reference" xlink:from="AuditorsReportsAbstract" xlink:to="reference_AuditorsReportsAbstract" order="10.0"/>
    <link:loc xlink:type="locator" xlink:href="../arr-cor_2016-12-20.xsd#arr_AddresseeOfAuditorsReportOnAuditedFinancialStatements" xlink:label="AddresseeOfAuditorsReportOnAuditedFinancialStatements"/>
    <link:reference xlink:type="resource" xlink:label="reference_AddresseeOfAuditorsReportOnAuditedFinancialStatements" xlink:role="http://www.xbrl.org/2003/role/reference" id="reference_AddresseeOfAuditorsReportOnAuditedFinancialStatements">
      <ref:Publisher>Erhvervs- og Selskabsstyrelsen</ref:Publisher>
      <ref:Name>Praksis</ref:Name>
    </link:reference>
    <link:referenceArc xlink:type="arc" xlink:arcrole="http://www.xbrl.org/2003/arcrole/concept-reference" xlink:from="AddresseeOfAuditorsReportOnAuditedFinancialStatements" xlink:to="reference_AddresseeOfAuditorsReportOnAuditedFinancialStatements" order="10.0"/>
    <link:loc xlink:type="locator" xlink:href="../arr-cor_2016-12-20.xsd#arr_AddresseeOfAuditorsReportOnReviewOfFinancialStatements" xlink:label="AddresseeOfAuditorsReportOnReviewOfFinancialStatements"/>
    <link:reference xlink:type="resource" xlink:label="reference_AddresseeOfAuditorsReportOnReviewOfFinancialStatements" xlink:role="http://www.xbrl.org/2003/role/reference" id="reference_AddresseeOfAuditorsReportOnReviewOfFinancialStatements">
      <ref:Publisher>Økonomi- og Erhvervsministeriet</ref:Publisher>
      <ref:Name>Erklæringsbekendtgørelsen</ref:Name>
    </link:reference>
    <link:referenceArc xlink:type="arc" xlink:arcrole="http://www.xbrl.org/2003/arcrole/concept-reference" xlink:from="AddresseeOfAuditorsReportOnReviewOfFinancialStatements" xlink:to="reference_AddresseeOfAuditorsReportOnReviewOfFinancialStatements" order="10.0"/>
    <link:loc xlink:type="locator" xlink:href="../arr-cor_2016-12-20.xsd#arr_AuditorsReportOnAuditedFinancialStatements" xlink:label="AuditorsReportOnAuditedFinancialStatements"/>
    <link:reference xlink:type="resource" xlink:label="reference_AuditorsReportOnAuditedFinancialStatements" xlink:role="http://www.xbrl.org/2003/role/reference" id="reference_AuditorsReportOnAuditedFinancialStatements">
      <ref:Publisher>Økonomi- og Erhvervsministeriet</ref:Publisher>
      <ref:Name>Erklæringsbekendtgørelsen</ref:Name>
      <ref:Paragraph>3</ref:Paragraph>
    </link:reference>
    <link:referenceArc xlink:type="arc" xlink:arcrole="http://www.xbrl.org/2003/arcrole/concept-reference" xlink:from="AuditorsReportOnAuditedFinancialStatements" xlink:to="reference_AuditorsReportOnAuditedFinancialStatements" order="10.0"/>
    <link:loc xlink:type="locator" xlink:href="../arr-cor_2016-12-20.xsd#arr_AuditorsReportOnReviewOfFinancialStatements" xlink:label="AuditorsReportOnReviewOfFinancialStatements"/>
    <link:reference xlink:type="resource" xlink:label="reference_AuditorsReportOnReviewOfFinancialStatements" xlink:role="http://www.xbrl.org/2003/role/reference" id="reference_AuditorsReportOnReviewOfFinancialStatements">
      <ref:Publisher>Økonomi- og Erhvervsministeriet</ref:Publisher>
      <ref:Name>Erklæringsbekendtgørelsen</ref:Name>
      <ref:Paragraph>9</ref:Paragraph>
    </link:reference>
    <link:referenceArc xlink:type="arc" xlink:arcrole="http://www.xbrl.org/2003/arcrole/concept-reference" xlink:from="AuditorsReportOnReviewOfFinancialStatements" xlink:to="reference_AuditorsReportOnReviewOfFinancialStatements" order="10.0"/>
    <link:loc xlink:type="locator" xlink:href="../arr-cor_2016-12-20.xsd#arr_DescriptionOfQualificationsOfAssuranceEngagementPerformed" xlink:label="DescriptionOfQualificationsOfAssuranceEngagementPerformed"/>
    <link:reference xlink:type="resource" xlink:label="reference_DescriptionOfQualificationsOfAssuranceEngagementPerformed" xlink:role="http://www.xbrl.org/2003/role/reference" id="reference_DescriptionOfQualificationsOfAssuranceEngagementPerformed">
      <ref:Publisher>Økonomi- og Erhvervsministeriet</ref:Publisher>
      <ref:Name>Erklæringsbekendtgørelsen</ref:Name>
      <ref:Paragraph>9</ref:Paragraph>
      <ref:Subparagraph>1</ref:Subparagraph>
      <ref:Clause>3</ref:Clause>
    </link:reference>
    <link:referenceArc xlink:type="arc" xlink:arcrole="http://www.xbrl.org/2003/arcrole/concept-reference" xlink:from="DescriptionOfQualificationsOfAssuranceEngagementPerformed" xlink:to="reference_DescriptionOfQualificationsOfAssuranceEngagementPerformed" order="10.0"/>
    <link:loc xlink:type="locator" xlink:href="../arr-cor_2016-12-20.xsd#arr_DescriptionOfQualificationsOfAuditedFinancialStatements" xlink:label="DescriptionOfQualificationsOfAuditedFinancialStatements"/>
    <link:reference xlink:type="resource" xlink:label="reference_DescriptionOfQualificationsOfAuditedFinancialStatements" xlink:role="http://www.xbrl.org/2003/role/reference" id="reference_DescriptionOfQualificationsOfAuditedFinancialStatements">
      <ref:Publisher>Økonomi- og Erhvervsministeriet</ref:Publisher>
      <ref:Name>Erklæringsbekendtgørelsen</ref:Name>
      <ref:Paragraph>6</ref:Paragraph>
      <ref:Subparagraph>3</ref:Subparagraph>
    </link:reference>
    <link:referenceArc xlink:type="arc" xlink:arcrole="http://www.xbrl.org/2003/arcrole/concept-reference" xlink:from="DescriptionOfQualificationsOfAuditedFinancialStatements" xlink:to="reference_DescriptionOfQualificationsOfAuditedFinancialStatements" order="10.0"/>
    <link:reference xlink:type="resource" xlink:label="reference_DescriptionOfQualificationsOfAuditedFinancialStatements_2" xlink:role="http://www.xbrl.org/2003/role/reference" id="reference_DescriptionOfQualificationsOfAuditedFinancialStatements_2">
      <ref:Publisher>Økonomi- og Erhvervsministeriet</ref:Publisher>
      <ref:Name>Erklæringsbekendtgørelsen</ref:Name>
      <ref:Paragraph>6</ref:Paragraph>
      <ref:Subparagraph>1</ref:Subparagraph>
      <ref:Clause>3</ref:Clause>
    </link:reference>
    <link:referenceArc xlink:type="arc" xlink:arcrole="http://www.xbrl.org/2003/arcrole/concept-reference" xlink:from="DescriptionOfQualificationsOfAuditedFinancialStatements" xlink:to="reference_DescriptionOfQualificationsOfAuditedFinancialStatements_2" order="10.0"/>
    <link:reference xlink:type="resource" xlink:label="reference_DescriptionOfQualificationsOfAuditedFinancialStatements_3" xlink:role="http://www.xbrl.org/2003/role/reference" id="reference_DescriptionOfQualificationsOfAuditedFinancialStatements_3">
      <ref:Publisher>Økonomi- og Erhvervsministeriet</ref:Publisher>
      <ref:Name>Erklæringsbekendtgørelsen</ref:Name>
      <ref:Paragraph>5</ref:Paragraph>
      <ref:Subparagraph>1</ref:Subparagraph>
      <ref:Clause>3</ref:Clause>
    </link:reference>
    <link:referenceArc xlink:type="arc" xlink:arcrole="http://www.xbrl.org/2003/arcrole/concept-reference" xlink:from="DescriptionOfQualificationsOfAuditedFinancialStatements" xlink:to="reference_DescriptionOfQualificationsOfAuditedFinancialStatements_3" order="10.0"/>
    <link:loc xlink:type="locator" xlink:href="../arr-cor_2016-12-20.xsd#arr_DescriptionsOfQualificationsOfReviewedFinancialStatements" xlink:label="DescriptionsOfQualificationsOfReviewedFinancialStatements"/>
    <link:reference xlink:type="resource" xlink:label="reference_DescriptionsOfQualificationsOfReviewedFinancialStatements" xlink:role="http://www.xbrl.org/2003/role/reference" id="reference_DescriptionsOfQualificationsOfReviewedFinancialStatements">
      <ref:Publisher>Økonomi- og Erhvervsministeriet</ref:Publisher>
      <ref:Name>Erklæringsbekendtgørelsen</ref:Name>
      <ref:Paragraph>9</ref:Paragraph>
      <ref:Subparagraph>1</ref:Subparagraph>
      <ref:Clause>4</ref:Clause>
    </link:reference>
    <link:referenceArc xlink:type="arc" xlink:arcrole="http://www.xbrl.org/2003/arcrole/concept-reference" xlink:from="DescriptionsOfQualificationsOfReviewedFinancialStatements" xlink:to="reference_DescriptionsOfQualificationsOfReviewedFinancialStatements" order="10.0"/>
    <link:reference xlink:type="resource" xlink:label="reference_DescriptionsOfQualificationsOfReviewedFinancialStatements_2" xlink:role="http://www.xbrl.org/2003/role/reference" id="reference_DescriptionsOfQualificationsOfReviewedFinancialStatements_2">
      <ref:Publisher>Økonomi- og Erhvervsministeriet</ref:Publisher>
      <ref:Name>Erklæringsbekendtgørelsen</ref:Name>
      <ref:Paragraph>9</ref:Paragraph>
      <ref:Subparagraph>4</ref:Subparagraph>
    </link:reference>
    <link:referenceArc xlink:type="arc" xlink:arcrole="http://www.xbrl.org/2003/arcrole/concept-reference" xlink:from="DescriptionsOfQualificationsOfReviewedFinancialStatements" xlink:to="reference_DescriptionsOfQualificationsOfReviewedFinancialStatements_2" order="10.0"/>
    <link:reference xlink:type="resource" xlink:label="reference_DescriptionsOfQualificationsOfReviewedFinancialStatements_3" xlink:role="http://www.xbrl.org/2003/role/reference" id="reference_DescriptionsOfQualificationsOfReviewedFinancialStatements_3">
      <ref:Publisher>Økonomi- og Erhvervsministeriet</ref:Publisher>
      <ref:Name>Erklæringsbekendtgørelsen</ref:Name>
      <ref:Paragraph>10</ref:Paragraph>
      <ref:Subparagraph>2</ref:Subparagraph>
    </link:reference>
    <link:referenceArc xlink:type="arc" xlink:arcrole="http://www.xbrl.org/2003/arcrole/concept-reference" xlink:from="DescriptionsOfQualificationsOfReviewedFinancialStatements" xlink:to="reference_DescriptionsOfQualificationsOfReviewedFinancialStatements_3" order="10.0"/>
    <link:loc xlink:type="locator" xlink:href="../arr-cor_2016-12-20.xsd#arr_IdentificationOfReviewedFinancialStatement" xlink:label="IdentificationOfReviewedFinancialStatement"/>
    <link:reference xlink:type="resource" xlink:label="reference_IdentificationOfReviewedFinancialStatement" xlink:role="http://www.xbrl.org/2003/role/reference" id="reference_IdentificationOfReviewedFinancialStatement">
      <ref:Publisher>Økonomi- og Erhvervsministeriet</ref:Publisher>
      <ref:Name>Erklæringsbekendtgørelsen</ref:Name>
      <ref:Paragraph>9</ref:Paragraph>
      <ref:Subparagraph>1</ref:Subparagraph>
      <ref:Clause>1</ref:Clause>
    </link:reference>
    <link:referenceArc xlink:type="arc" xlink:arcrole="http://www.xbrl.org/2003/arcrole/concept-reference" xlink:from="IdentificationOfReviewedFinancialStatement" xlink:to="reference_IdentificationOfReviewedFinancialStatement" order="10.0"/>
    <link:loc xlink:type="locator" xlink:href="../arr-cor_2016-12-20.xsd#arr_OpinionOnAuditedFinancialStatements" xlink:label="OpinionOnAuditedFinancialStatements"/>
    <link:reference xlink:type="resource" xlink:label="reference_OpinionOnAuditedFinancialStatements" xlink:role="http://www.xbrl.org/2003/role/reference" id="reference_OpinionOnAuditedFinancialStatements">
      <ref:Publisher>Økonomi- og Erhvervsministeriet</ref:Publisher>
      <ref:Name>Erklæringsbekendtgørelsen</ref:Name>
      <ref:Paragraph>5</ref:Paragraph>
      <ref:Subparagraph>1</ref:Subparagraph>
      <ref:Clause>4</ref:Clause>
    </link:reference>
    <link:referenceArc xlink:type="arc" xlink:arcrole="http://www.xbrl.org/2003/arcrole/concept-reference" xlink:from="OpinionOnAuditedFinancialStatements" xlink:to="reference_OpinionOnAuditedFinancialStatements" order="10.0"/>
    <link:reference xlink:type="resource" xlink:label="reference_OpinionOnAuditedFinancialStatements_2" xlink:role="http://www.xbrl.org/2003/role/reference" id="reference_OpinionOnAuditedFinancialStatements_2">
      <ref:Publisher>Økonomi- og Erhvervsministeriet</ref:Publisher>
      <ref:Name>Årsregnskabsloven</ref:Name>
      <ref:Paragraph>5</ref:Paragraph>
      <ref:Subparagraph>5</ref:Subparagraph>
    </link:reference>
    <link:referenceArc xlink:type="arc" xlink:arcrole="http://www.xbrl.org/2003/arcrole/concept-reference" xlink:from="OpinionOnAuditedFinancialStatements" xlink:to="reference_OpinionOnAuditedFinancialStatements_2" order="10.0"/>
    <link:loc xlink:type="locator" xlink:href="../arr-cor_2016-12-20.xsd#arr_OpinionOnReviewedFinancialStatements" xlink:label="OpinionOnReviewedFinancialStatements"/>
    <link:reference xlink:type="resource" xlink:label="reference_OpinionOnReviewedFinancialStatements" xlink:role="http://www.xbrl.org/2003/role/reference" id="reference_OpinionOnReviewedFinancialStatements">
      <ref:Publisher>Økonomi- og Erhvervsministeriet</ref:Publisher>
      <ref:Name>Erklæringsbekendtgørelsen</ref:Name>
      <ref:Paragraph>9</ref:Paragraph>
      <ref:Subparagraph>1</ref:Subparagraph>
      <ref:Clause>5</ref:Clause>
    </link:reference>
    <link:referenceArc xlink:type="arc" xlink:arcrole="http://www.xbrl.org/2003/arcrole/concept-reference" xlink:from="OpinionOnReviewedFinancialStatements" xlink:to="reference_OpinionOnReviewedFinancialStatements" order="10.0"/>
    <link:loc xlink:type="locator" xlink:href="../arr-cor_2016-12-20.xsd#arr_OpinionOnSubjectMatterOfAssuranceReport" xlink:label="OpinionOnSubjectMatterOfAssuranceReport"/>
    <link:reference xlink:type="resource" xlink:label="reference_OpinionOnSubjectMatterOfAssuranceReport" xlink:role="http://www.xbrl.org/2003/role/reference" id="reference_OpinionOnSubjectMatterOfAssuranceReport">
      <ref:Publisher>Økonomi- og Erhvervsministeriet</ref:Publisher>
      <ref:Name>Erklæringsbekendtgørelsen</ref:Name>
      <ref:Paragraph>14</ref:Paragraph>
      <ref:Subparagraph>1</ref:Subparagraph>
      <ref:Clause>4</ref:Clause>
    </link:reference>
    <link:referenceArc xlink:type="arc" xlink:arcrole="http://www.xbrl.org/2003/arcrole/concept-reference" xlink:from="OpinionOnSubjectMatterOfAssuranceReport" xlink:to="reference_OpinionOnSubjectMatterOfAssuranceReport" order="10.0"/>
    <link:loc xlink:type="locator" xlink:href="../arr-cor_2016-12-20.xsd#arr_OtherAssuranceReports" xlink:label="OtherAssuranceReports"/>
    <link:reference xlink:type="resource" xlink:label="reference_OtherAssuranceReports" xlink:role="http://www.xbrl.org/2003/role/reference" id="reference_OtherAssuranceReports">
      <ref:Publisher>Økonomi- og Erhvervsministeriet</ref:Publisher>
      <ref:Name>Erklæringsbekendtgørelsen</ref:Name>
      <ref:Paragraph>13</ref:Paragraph>
    </link:reference>
    <link:referenceArc xlink:type="arc" xlink:arcrole="http://www.xbrl.org/2003/arcrole/concept-reference" xlink:from="OtherAssuranceReports" xlink:to="reference_OtherAssuranceReports" order="10.0"/>
    <link:loc xlink:type="locator" xlink:href="../arr-cor_2016-12-20.xsd#arr_SignatureOfAuditorsPlace" xlink:label="PlaceOfCompilationOfAuditorsReportOnAuditedFinancialStatements"/>
    <link:reference xlink:type="resource" xlink:label="reference_PlaceOfCompilationOfAuditorsReportOnAuditedFinancialStatements" xlink:role="http://www.xbrl.org/2003/role/reference" id="reference_PlaceOfCompilationOfAuditorsReportOnAuditedFinancialStatements">
      <ref:Publisher>Økonomi- og Erhvervsministeriet</ref:Publisher>
      <ref:Name>Erklæringsbekendtgørelsen</ref:Name>
    </link:reference>
    <link:referenceArc xlink:type="arc" xlink:arcrole="http://www.xbrl.org/2003/arcrole/concept-reference" xlink:from="PlaceOfCompilationOfAuditorsReportOnAuditedFinancialStatements" xlink:to="reference_PlaceOfCompilationOfAuditorsReportOnAuditedFinancialStatements" order="10.0"/>
    <link:loc xlink:type="locator" xlink:href="../arr-cor_2016-12-20.xsd#arr_StatementOfAuditorsResponsibilityForAuditAndAuditPerformed" xlink:label="StatementOfAuditorsResponsibilityForAuditAndAuditPerformed"/>
    <link:reference xlink:type="resource" xlink:label="reference_StatementOfAuditorsResponsibilityForAuditAndAuditPerformed" xlink:role="http://www.xbrl.org/2003/role/reference" id="reference_StatementOfAuditorsResponsibilityForAuditAndAuditPerformed">
      <ref:Publisher>Økonomi- og Erhvervsministeriet</ref:Publisher>
      <ref:Name>Erklæringsbekendtgørelsen</ref:Name>
      <ref:Paragraph>5</ref:Paragraph>
      <ref:Subparagraph>1</ref:Subparagraph>
      <ref:Clause>2</ref:Clause>
    </link:reference>
    <link:referenceArc xlink:type="arc" xlink:arcrole="http://www.xbrl.org/2003/arcrole/concept-reference" xlink:from="StatementOfAuditorsResponsibilityForAuditAndAuditPerformed" xlink:to="reference_StatementOfAuditorsResponsibilityForAuditAndAuditPerformed" order="10.0"/>
    <link:loc xlink:type="locator" xlink:href="../arr-cor_2016-12-20.xsd#arr_StatementOfAuditorsResponsibilityForReview" xlink:label="StatementOfAuditorsResponsibilityForReview"/>
    <link:reference xlink:type="resource" xlink:label="reference_StatementOfAuditorsResponsibilityForReview" xlink:role="http://www.xbrl.org/2003/role/reference" id="reference_StatementOfAuditorsResponsibilityForReview">
      <ref:Publisher>Økonomi- og Erhvervsministeriet</ref:Publisher>
      <ref:Name>Erklæringsbekendtgørelsen</ref:Name>
      <ref:Paragraph>9</ref:Paragraph>
      <ref:Subparagraph>1</ref:Subparagraph>
      <ref:Clause>2</ref:Clause>
    </link:reference>
    <link:referenceArc xlink:type="arc" xlink:arcrole="http://www.xbrl.org/2003/arcrole/concept-reference" xlink:from="StatementOfAuditorsResponsibilityForReview" xlink:to="reference_StatementOfAuditorsResponsibilityForReview" order="10.0"/>
    <link:loc xlink:type="locator" xlink:href="../arr-cor_2016-12-20.xsd#arr_StatementOnManagementsReviewAuditorsReportOnAuditedFinancialStatements" xlink:label="StatementOnManagementsReviewAuditorsReportOnAuditedFinancialStatements"/>
    <link:reference xlink:type="resource" xlink:label="reference_StatementOnManagementsReviewAuditorsReportOnAuditedFinancialStatements" xlink:role="http://www.xbrl.org/2003/role/reference" id="reference_StatementOnManagementsReviewAuditorsReportOnAuditedFinancialStatements">
      <ref:Publisher>Økonomi- og Erhvervsministeriet</ref:Publisher>
      <ref:Name>Erklæringsbekendtgørelsen</ref:Name>
      <ref:Paragraph>5</ref:Paragraph>
      <ref:Subparagraph>8</ref:Subparagraph>
    </link:reference>
    <link:referenceArc xlink:type="arc" xlink:arcrole="http://www.xbrl.org/2003/arcrole/concept-reference" xlink:from="StatementOnManagementsReviewAuditorsReportOnAuditedFinancialStatements" xlink:to="reference_StatementOnManagementsReviewAuditorsReportOnAuditedFinancialStatements" order="10.0"/>
    <link:loc xlink:type="locator" xlink:href="../arr-cor_2016-12-20.xsd#arr_StatementOnReviewPerformed" xlink:label="StatementOnReviewPerformed"/>
    <link:reference xlink:type="resource" xlink:label="reference_StatementOnReviewPerformed" xlink:role="http://www.xbrl.org/2003/role/reference" id="reference_StatementOnReviewPerformed">
      <ref:Publisher>Økonomi- og Erhvervsministeriet</ref:Publisher>
      <ref:Name>Erklæringsbekendtgørelsen</ref:Name>
      <ref:Paragraph>9</ref:Paragraph>
      <ref:Subparagraph>1</ref:Subparagraph>
      <ref:Clause>3</ref:Clause>
    </link:reference>
    <link:referenceArc xlink:type="arc" xlink:arcrole="http://www.xbrl.org/2003/arcrole/concept-reference" xlink:from="StatementOnReviewPerformed" xlink:to="reference_StatementOnReviewPerformed" order="10.0"/>
    <link:loc xlink:type="locator" xlink:href="../arr-cor_2016-12-20.xsd#arr_StatementWhetherQualificationsOfAuditedFinancialStatementsAreOfSuchDecisiveImportanceThatAnnualGeneralMeetingShouldNotApproveFinancialStatements" xlink:label="StatementWhetherQualificationsOfAuditedFinancialStatementsAreOfSuchDecisiveImportanceThatAnnualGeneralMeetingShouldNotApproveFinancialStatements"/>
    <link:reference xlink:type="resource" xlink:label="reference_StatementWhetherQualificationsOfAuditedFinancialStatementsAreOfSuchDecisiveImportanceThatAnnualGeneralMeetingShouldNotApproveFinancialStatements" xlink:role="http://www.xbrl.org/2003/role/reference" id="reference_StatementWhetherQualificationsOfAuditedFinancialStatementsAreOfSuchDecisiveImportanceThatAnnualGeneralMeetingShouldNotApproveFinancialStatements">
      <ref:Publisher>Økonomi- og Erhvervsministeriet</ref:Publisher>
      <ref:Name>Erklæringsbekendtgørelsen</ref:Name>
      <ref:Paragraph>6</ref:Paragraph>
      <ref:Subparagraph>5</ref:Subparagraph>
    </link:reference>
    <link:referenceArc xlink:type="arc" xlink:arcrole="http://www.xbrl.org/2003/arcrole/concept-reference" xlink:from="StatementWhetherQualificationsOfAuditedFinancialStatementsAreOfSuchDecisiveImportanceThatAnnualGeneralMeetingShouldNotApproveFinancialStatements" xlink:to="reference_StatementWhetherQualificationsOfAuditedFinancialStatementsAreOfSuchDecisiveImportanceThatAnnualGeneralMeetingShouldNotApproveFinancialStatements" order="10.0"/>
    <link:loc xlink:type="locator" xlink:href="../arr-cor_2016-12-20.xsd#arr_SupplementaryInformationOnAssurance" xlink:label="SupplementaryInformationOnAssurance"/>
    <link:reference xlink:type="resource" xlink:label="reference_SupplementaryInformationOnAssurance" xlink:role="http://www.xbrl.org/2003/role/reference" id="reference_SupplementaryInformationOnAssurance">
      <ref:Publisher>Økonomi- og Erhvervsministeriet</ref:Publisher>
      <ref:Name>Erklæringsbekendtgørelsen</ref:Name>
      <ref:Paragraph>14</ref:Paragraph>
      <ref:Subparagraph>1</ref:Subparagraph>
      <ref:Clause>5</ref:Clause>
    </link:reference>
    <link:referenceArc xlink:type="arc" xlink:arcrole="http://www.xbrl.org/2003/arcrole/concept-reference" xlink:from="SupplementaryInformationOnAssurance" xlink:to="reference_SupplementaryInformationOnAssurance" order="10.0"/>
    <link:loc xlink:type="locator" xlink:href="../arr-cor_2016-12-20.xsd#arr_SupplementaryInformationOnAuditorsReview" xlink:label="SupplementaryInformationOnAuditorsReview"/>
    <link:reference xlink:type="resource" xlink:label="reference_SupplementaryInformationOnAuditorsReview" xlink:role="http://www.xbrl.org/2003/role/reference" id="reference_SupplementaryInformationOnAuditorsReview">
      <ref:Publisher>Økonomi- og Erhvervsministeriet</ref:Publisher>
      <ref:Name>Erklæringsbekendtgørelsen</ref:Name>
      <ref:Paragraph>9</ref:Paragraph>
      <ref:Subparagraph>1</ref:Subparagraph>
      <ref:Clause>6</ref:Clause>
    </link:reference>
    <link:referenceArc xlink:type="arc" xlink:arcrole="http://www.xbrl.org/2003/arcrole/concept-reference" xlink:from="SupplementaryInformationOnAuditorsReview" xlink:to="reference_SupplementaryInformationOnAuditorsReview" order="10.0"/>
    <link:loc xlink:type="locator" xlink:href="../arr-cor_2016-12-20.xsd#arr_SupplementaryInformationOnMattersPertainingToAuditedFinancialStatement" xlink:label="SupplementaryInformationOnMattersPertainingToAuditedFinancialStatement"/>
    <link:reference xlink:type="resource" xlink:label="reference_SupplementaryInformationOnMattersPertainingToAuditedFinancialStatement" xlink:role="http://www.xbrl.org/2003/role/reference" id="reference_SupplementaryInformationOnMattersPertainingToAuditedFinancialStatement">
      <ref:Publisher>Økonomi- og Erhvervsministeriet</ref:Publisher>
      <ref:Name>Erklæringsbekendtgørelsen</ref:Name>
      <ref:Paragraph>5</ref:Paragraph>
      <ref:Subparagraph>1</ref:Subparagraph>
      <ref:Clause>5</ref:Clause>
    </link:reference>
    <link:referenceArc xlink:type="arc" xlink:arcrole="http://www.xbrl.org/2003/arcrole/concept-reference" xlink:from="SupplementaryInformationOnMattersPertainingToAuditedFinancialStatement" xlink:to="reference_SupplementaryInformationOnMattersPertainingToAuditedFinancialStatement" order="10.0"/>
    <link:reference xlink:type="resource" xlink:label="reference_SupplementaryInformationOnMattersPertainingToAuditedFinancialStatement_2" xlink:role="http://www.xbrl.org/2003/role/reference" id="reference_SupplementaryInformationOnMattersPertainingToAuditedFinancialStatement_2">
      <ref:Publisher>Økonomi- og Erhvervsministeriet</ref:Publisher>
      <ref:Name>Erklæringsbekendtgørelsen</ref:Name>
      <ref:Paragraph>7</ref:Paragraph>
      <ref:Subparagraph>1</ref:Subparagraph>
    </link:reference>
    <link:referenceArc xlink:type="arc" xlink:arcrole="http://www.xbrl.org/2003/arcrole/concept-reference" xlink:from="SupplementaryInformationOnMattersPertainingToAuditedFinancialStatement" xlink:to="reference_SupplementaryInformationOnMattersPertainingToAuditedFinancialStatement_2" order="10.0"/>
    <link:reference xlink:type="resource" xlink:label="reference_SupplementaryInformationOnMattersPertainingToAuditedFinancialStatement_3" xlink:role="http://www.xbrl.org/2003/role/reference" id="reference_SupplementaryInformationOnMattersPertainingToAuditedFinancialStatement_3">
      <ref:Publisher>Økonomi- og Erhvervsministeriet</ref:Publisher>
      <ref:Name>Erklæringsbekendtgørelsen</ref:Name>
      <ref:Paragraph>7</ref:Paragraph>
      <ref:Subparagraph>4</ref:Subparagraph>
    </link:reference>
    <link:referenceArc xlink:type="arc" xlink:arcrole="http://www.xbrl.org/2003/arcrole/concept-reference" xlink:from="SupplementaryInformationOnMattersPertainingToAuditedFinancialStatement" xlink:to="reference_SupplementaryInformationOnMattersPertainingToAuditedFinancialStatement_3" order="10.0"/>
    <link:loc xlink:type="locator" xlink:href="../arr-cor_2016-12-20.xsd#arr_SupplementaryInformationOnAudit" xlink:label="SupplementaryInformationOnAudit"/>
    <link:reference xlink:type="resource" xlink:label="reference_SupplementaryInformationOnAudit" xlink:role="http://www.xbrl.org/2003/role/reference" id="reference_SupplementaryInformationOnAudit">
      <ref:Publisher>Økonomi- og Erhvervsministeriet</ref:Publisher>
      <ref:Name>Erklæringsbekendtgørelsen</ref:Name>
    </link:reference>
    <link:referenceArc xlink:type="arc" xlink:arcrole="http://www.xbrl.org/2003/arcrole/concept-reference" xlink:from="SupplementaryInformationOnAudit" xlink:to="reference_SupplementaryInformationOnAudit" order="10.0"/>
    <link:loc xlink:type="locator" xlink:href="../arr-cor_2016-12-20.xsd#arr_IndependentAuditorsReportsAudit" xlink:label="IndependentAuditorsReportsAudit"/>
    <link:reference xlink:type="resource" xlink:label="reference_IndependentAuditorsReportsAudit" xlink:role="http://www.xbrl.org/2003/role/reference" id="reference_IndependentAuditorsReportsAudit">
      <ref:Publisher>Økonomi- og Erhvervsministeriet</ref:Publisher>
      <ref:Name>Erklæringsbekendtgørelsen</ref:Name>
      <ref:Paragraph>3</ref:Paragraph>
    </link:reference>
    <link:referenceArc xlink:type="arc" xlink:arcrole="http://www.xbrl.org/2003/arcrole/concept-reference" xlink:from="IndependentAuditorsReportsAudit" xlink:to="reference_IndependentAuditorsReportsAudit"/>
    <link:loc xlink:type="locator" xlink:href="../arr-cor_2016-12-20.xsd#arr_AuditorsReportOnFinancialStatements" xlink:label="AuditorsReportOnFinancialStatements"/>
    <link:reference xlink:type="resource" xlink:label="reference_AuditorsReportOnFinancialStatements" xlink:role="http://www.xbrl.org/2003/role/reference" id="reference_AuditorsReportOnFinancialStatements">
      <ref:Publisher>Økonomi- og Erhvervsministeriet</ref:Publisher>
      <ref:Name>Erklæringsbekendtgørelsen</ref:Name>
      <ref:Paragraph>3</ref:Paragraph>
    </link:reference>
    <link:referenceArc xlink:type="arc" xlink:arcrole="http://www.xbrl.org/2003/arcrole/concept-reference" xlink:from="AuditorsReportOnFinancialStatements" xlink:to="reference_AuditorsReportOnFinancialStatements"/>
    <link:loc xlink:type="locator" xlink:href="../arr-cor_2016-12-20.xsd#arr_AuditorsReportsAccordingToOtherLegislationAndRegulation" xlink:label="AuditorsReportsAccordingToOtherLegislationAndRegulation"/>
    <link:reference xlink:type="resource" xlink:label="reference_AuditorsReportsAccordingToOtherLegislationAndRegulation" xlink:role="http://www.xbrl.org/2003/role/reference" id="reference_AuditorsReportsAccordingToOtherLegislationAndRegulation">
      <ref:Publisher>Økonomi- og Erhvervsministeriet</ref:Publisher>
      <ref:Name>Erklæringsbekendtgørelsen</ref:Name>
    </link:reference>
    <link:referenceArc xlink:type="arc" xlink:arcrole="http://www.xbrl.org/2003/arcrole/concept-reference" xlink:from="AuditorsReportsAccordingToOtherLegislationAndRegulation" xlink:to="reference_AuditorsReportsAccordingToOtherLegislationAndRegulation"/>
    <link:loc xlink:type="locator" xlink:href="../arr-cor_2016-12-20.xsd#arr_DetailsOnSignatureAuditorsHypercube" xlink:label="DetailsOnSignatureAuditorsHypercube"/>
    <link:reference xlink:type="resource" xlink:label="reference_DetailsOnSignatureAuditorsHypercube" xlink:role="http://www.xbrl.org/2003/role/reference" id="reference_DetailsOnSignatureAuditorsHypercube">
      <ref:Publisher>Økonomi- og Erhvervsministeriet</ref:Publisher>
      <ref:Name>Erklæringsbekendtgørelsen</ref:Name>
    </link:reference>
    <link:referenceArc xlink:type="arc" xlink:arcrole="http://www.xbrl.org/2003/arcrole/concept-reference" xlink:from="DetailsOnSignatureAuditorsHypercube" xlink:to="reference_DetailsOnSignatureAuditorsHypercube"/>
    <link:loc xlink:type="locator" xlink:href="../arr-cor_2016-12-20.xsd#arr_DetailsOnSignatureAuditorsAbstract" xlink:label="DetailsOnSignatureAuditorsAbstract"/>
    <link:reference xlink:type="resource" xlink:label="reference_DetailsOnSignatureAuditorsAbstract" xlink:role="http://www.xbrl.org/2003/role/reference" id="reference_DetailsOnSignatureAuditorsAbstract">
      <ref:Publisher>Økonomi- og Erhvervsministeriet</ref:Publisher>
      <ref:Name>Erklæringsbekendtgørelsen</ref:Name>
    </link:reference>
    <link:referenceArc xlink:type="arc" xlink:arcrole="http://www.xbrl.org/2003/arcrole/concept-reference" xlink:from="DetailsOnSignatureAuditorsAbstract" xlink:to="reference_DetailsOnSignatureAuditorsAbstract"/>
    <link:loc xlink:type="locator" xlink:href="../arr-cor_2016-12-20.xsd#arr_InformationOnSignatureOfAuditors" xlink:label="InformationOnSignatureOfAuditors"/>
    <link:reference xlink:type="resource" xlink:label="reference_InformationOnSignatureOfAuditors" xlink:role="http://www.xbrl.org/2003/role/reference" id="reference_InformationOnSignatureOfAuditors">
      <ref:Publisher>Økonomi- og Erhvervsministeriet</ref:Publisher>
      <ref:Name>Erklæringsbekendtgørelsen</ref:Name>
      <ref:Paragraph>9</ref:Paragraph>
      <ref:Subparagraph>5</ref:Subparagraph>
    </link:reference>
    <link:referenceArc xlink:type="arc" xlink:arcrole="http://www.xbrl.org/2003/arcrole/concept-reference" xlink:from="InformationOnSignatureOfAuditors" xlink:to="reference_InformationOnSignatureOfAuditors"/>
    <link:loc xlink:type="locator" xlink:href="../arr-cor_2016-12-20.xsd#arr_IndependentAuditorsReportsReview" xlink:label="IndependentAuditorsReportsReview"/>
    <link:reference xlink:type="resource" xlink:label="reference_IndependentAuditorsReportsReview" xlink:role="http://www.xbrl.org/2003/role/reference" id="reference_IndependentAuditorsReportsReview">
      <ref:Publisher>Økonomi- og Erhvervsministeriet</ref:Publisher>
      <ref:Name>Erklæringsbekendtgørelsen</ref:Name>
      <ref:Paragraph>3</ref:Paragraph>
    </link:reference>
    <link:referenceArc xlink:type="arc" xlink:arcrole="http://www.xbrl.org/2003/arcrole/concept-reference" xlink:from="IndependentAuditorsReportsReview" xlink:to="reference_IndependentAuditorsReportsReview"/>
    <link:loc xlink:type="locator" xlink:href="../arr-cor_2016-12-20.xsd#arr_IndependentAuditorsReportsOtherAssuranceReports" xlink:label="IndependentAuditorsReportsOtherAssuranceReports"/>
    <link:reference xlink:type="resource" xlink:label="reference_IndependentAuditorsReportsOtherAssuranceReports" xlink:role="http://www.xbrl.org/2003/role/reference" id="reference_IndependentAuditorsReportsOtherAssuranceReports">
      <ref:Publisher>Økonomi- og Erhvervsministeriet</ref:Publisher>
      <ref:Name>Erklæringsbekendtgørelsen</ref:Name>
      <ref:Paragraph>3</ref:Paragraph>
    </link:reference>
    <link:referenceArc xlink:type="arc" xlink:arcrole="http://www.xbrl.org/2003/arcrole/concept-reference" xlink:from="IndependentAuditorsReportsOtherAssuranceReports" xlink:to="reference_IndependentAuditorsReportsOtherAssuranceReports"/>
    <link:loc xlink:type="locator" xlink:href="../arr-cor_2016-12-20.xsd#arr_AuditorsReportsOtherReports" xlink:label="AuditorsReportsOtherReports"/>
    <link:reference xlink:type="resource" xlink:label="reference_AuditorsReportsOtherReports" xlink:role="http://www.xbrl.org/2003/role/reference" id="reference_AuditorsReportsOtherReports">
      <ref:Publisher>Økonomi- og Erhvervsministeriet</ref:Publisher>
    </link:reference>
    <link:referenceArc xlink:type="arc" xlink:arcrole="http://www.xbrl.org/2003/arcrole/concept-reference" xlink:from="AuditorsReportsOtherReports" xlink:to="reference_AuditorsReportsOtherReports"/>
    <link:loc xlink:type="locator" xlink:href="../arr-cor_2016-12-20.xsd#arr_IdentificationOfMattersOnWhichAssuranceReportIsProvidedAndDescriptionOfAssuranceEngagement" xlink:label="IdentificationOfMattersOnWhichAssuranceReportIsProvidedAndDescriptionOfAssuranceEngagement" xlink:title="IdentificationOfMattersOnWhichAssuranceReportIsProvidedAndDescriptionOfAssuranceEngagement"/>
    <link:reference xlink:type="resource" xlink:label="reference_IdentificationOfMattersOnWhichAssuranceReportIsProvidedAndDescriptionOfAssuranceEngagement" xlink:role="http://www.xbrl.org/2003/role/reference" xlink:title="reference_IdentificationOfMattersOnWhichAssuranceReportIsProvidedAndDescriptionOfAssuranceEngagement" id="reference_IdentificationOfMattersOnWhichAssuranceReportIsProvidedAndDescriptionOfAssuranceEngagement">
      <ref:Publisher>Økonomi- og Erhvervsministeriet</ref:Publisher>
      <ref:Name>Erklæringsbekendtgørelsen</ref:Name>
      <ref:Paragraph>14</ref:Paragraph>
      <ref:Subparagraph>1</ref:Subparagraph>
      <ref:Clause>1</ref:Clause>
    </link:reference>
    <link:referenceArc xlink:type="arc" xlink:arcrole="http://www.xbrl.org/2003/arcrole/concept-reference" xlink:from="IdentificationOfMattersOnWhichAssuranceReportIsProvidedAndDescriptionOfAssuranceEngagement" xlink:to="reference_IdentificationOfMattersOnWhichAssuranceReportIsProvidedAndDescriptionOfAssuranceEngagement" xlink:title="reference: IdentificationOfMattersOnWhichAssuranceReportIsProvidedAndDescriptionOfAssuranceEngagement to reference_IdentificationOfMattersOnWhichAssuranceReportIsProvidedAndDescriptionOfAssuranceEngagement"/>
    <link:loc xlink:type="locator" xlink:href="../arr-cor_2016-12-20.xsd#arr_SignatureOfAuditorsDate" xlink:label="SignatureOfAuditorsDate" xlink:title="SignatureOfAuditorsDate"/>
    <link:reference xlink:type="resource" xlink:label="reference_SignatureOfAuditorsDate" xlink:role="http://www.xbrl.org/2003/role/reference" xlink:title="reference_SignatureOfAuditorsDate" id="reference_SignatureOfAuditorsDate">
      <ref:Publisher>Økonomi- og Erhvervsministeriet</ref:Publisher>
      <ref:Name>Erklæringsbekendtgørelsen</ref:Name>
    </link:reference>
    <link:referenceArc xlink:type="arc" xlink:arcrole="http://www.xbrl.org/2003/arcrole/concept-reference" xlink:from="SignatureOfAuditorsDate" xlink:to="reference_SignatureOfAuditorsDate" xlink:title="reference: SignatureOfAuditorsDate to reference_SignatureOfAuditorsDate"/>
  </link:referenceLink>
</link:linkbase>
