<?xml version="1.0" encoding="UTF-8"?>
<!-- Generated by Fujitsu Interstage XWand B0166 -->
<?officialURI http://archprod.service.eogs.dk/taxonomy/20131220/ifrs/full_ifrs_dk/ifrs-dk_110.00_2013-12-20/pre_ifrs-dk_2013-12-20_role-110.00.xml?>

<?taxonomy-version 0.1.0?>

<link:linkbase xmlns:xsi="http://www.w3.org/2001/XMLSchema-instance" xsi:schemaLocation="http://www.xbrl.org/2003/linkbase http://www.xbrl.org/2003/xbrl-linkbase-2003-12-31.xsd" xmlns:rol_ifrs-dk_110.00_2013-12-20="http://xbrl.dcca.dk/role/ifrs-dk/rol_ifrs-dk_110.00_2013-12-20" xmlns:link="http://www.xbrl.org/2003/linkbase" xmlns:xbrldt="http://xbrl.org/2005/xbrldt" xmlns:xbrli="http://www.xbrl.org/2003/instance" xmlns:xlink="http://www.w3.org/1999/xlink">
  <link:roleRef roleURI="http://www.xbrl.org/2009/role/negatedLabel" xlink:type="simple" xlink:href="http://www.xbrl.org/lrr/role/negated-2009-12-16.xsd#negatedLabel"/>
  <link:roleRef roleURI="http://www.xbrl.org/2009/role/negatedTerseLabel" xlink:type="simple" xlink:href="http://www.xbrl.org/lrr/role/negated-2009-12-16.xsd#negatedTerseLabel"/>
  <link:roleRef roleURI="http://www.xbrl.org/2009/role/negatedTotalLabel" xlink:type="simple" xlink:href="http://www.xbrl.org/lrr/role/negated-2009-12-16.xsd#negatedTotalLabel"/>
  <link:roleRef roleURI="http://www.xbrl.org/2009/role/netLabel" xlink:type="simple" xlink:href="http://www.xbrl.org/lrr/role/net-2009-12-16.xsd#netLabel"/>
  <link:roleRef roleURI="http://xbrl.dcca.dk/role/110.00/GeneralInformationAboutFinancialStatements" xlink:type="simple" xlink:href="rol_ifrs-dk_110.00_2013-12-20.xsd#ifrs-dk_11000_GeneralInformationAboutFinancialStatements"/>
  <link:presentationLink xlink:type="extended" xlink:role="http://xbrl.dcca.dk/role/110.00/GeneralInformationAboutFinancialStatements">
    <link:loc xlink:type="locator" xlink:href="../../../../ifrs-cor_2011-03-25.xsd#ifrs_DisclosureOfGeneralInformationAboutFinancialStatementsExplanatory" xlink:label="DisclosureOfGeneralInformationAboutFinancialStatementsExplanatory"/>
    <link:loc xlink:type="locator" xlink:href="../../../../ifrs-cor_2011-03-25.xsd#ifrs_NameOfReportingEntityOrOtherMeansOfIdentification" xlink:label="NameOfReportingEntityOrOtherMeansOfIdentification"/>
    <link:presentationArc xlink:type="arc" xlink:arcrole="http://www.xbrl.org/2003/arcrole/parent-child" xlink:from="DisclosureOfGeneralInformationAboutFinancialStatementsExplanatory" xlink:to="NameOfReportingEntityOrOtherMeansOfIdentification" order="1.0"/>
    <link:loc xlink:type="locator" xlink:href="../../../../ifrs-cor_2011-03-25.xsd#ifrs_ExplanationOfChangeInNameOfReportingEntityOrOtherMeansOfIdentificationFromEndOfPrecedingReportingPeriod" xlink:label="ExplanationOfChangeInNameOfReportingEntityOrOtherMeansOfIdentificationFromEndOfPrecedingReportingPeriod"/>
    <link:presentationArc xlink:type="arc" xlink:arcrole="http://www.xbrl.org/2003/arcrole/parent-child" xlink:from="DisclosureOfGeneralInformationAboutFinancialStatementsExplanatory" xlink:to="ExplanationOfChangeInNameOfReportingEntityOrOtherMeansOfIdentificationFromEndOfPrecedingReportingPeriod" order="2.0"/>
    <link:loc xlink:type="locator" xlink:href="../../../../ifrs-cor_2011-03-25.xsd#ifrs_DescriptionOfNatureOfFinancialStatements" xlink:label="DescriptionOfNatureOfFinancialStatements"/>
    <link:presentationArc xlink:type="arc" xlink:arcrole="http://www.xbrl.org/2003/arcrole/parent-child" xlink:from="DisclosureOfGeneralInformationAboutFinancialStatementsExplanatory" xlink:to="DescriptionOfNatureOfFinancialStatements" order="3.0"/>
    <link:loc xlink:type="locator" xlink:href="../../../../ifrs-cor_2011-03-25.xsd#ifrs_DateOfEndOfReportingPeriod" xlink:label="DateOfEndOfReportingPeriod"/>
    <link:presentationArc xlink:type="arc" xlink:arcrole="http://www.xbrl.org/2003/arcrole/parent-child" xlink:from="DisclosureOfGeneralInformationAboutFinancialStatementsExplanatory" xlink:to="DateOfEndOfReportingPeriod" order="4.0"/>
    <link:loc xlink:type="locator" xlink:href="../../../../ifrs-cor_2011-03-25.xsd#ifrs_PeriodCoveredByFinancialStatements" xlink:label="PeriodCoveredByFinancialStatements"/>
    <link:presentationArc xlink:type="arc" xlink:arcrole="http://www.xbrl.org/2003/arcrole/parent-child" xlink:from="DisclosureOfGeneralInformationAboutFinancialStatementsExplanatory" xlink:to="PeriodCoveredByFinancialStatements" order="5.0"/>
    <link:loc xlink:type="locator" xlink:href="../../../../ifrs-cor_2011-03-25.xsd#ifrs_DescriptionOfPresentationCurrency" xlink:label="DescriptionOfPresentationCurrency"/>
    <link:presentationArc xlink:type="arc" xlink:arcrole="http://www.xbrl.org/2003/arcrole/parent-child" xlink:from="DisclosureOfGeneralInformationAboutFinancialStatementsExplanatory" xlink:to="DescriptionOfPresentationCurrency" order="6.0"/>
    <link:loc xlink:type="locator" xlink:href="../../../../ifrs-cor_2011-03-25.xsd#ifrs_LevelOfRoundingUsedInFinancialStatements" xlink:label="LevelOfRoundingUsedInFinancialStatements"/>
    <link:presentationArc xlink:type="arc" xlink:arcrole="http://www.xbrl.org/2003/arcrole/parent-child" xlink:from="DisclosureOfGeneralInformationAboutFinancialStatementsExplanatory" xlink:to="LevelOfRoundingUsedInFinancialStatements" order="7.0"/>
  </link:presentationLink>
</link:linkbase>
