<?xml version="1.0" encoding="UTF-8"?>
<!-- Generated by Fujitsu Interstage XWand B0209 -->
<?officialURI http://archprod.service.eogs.dk/taxonomy/20140701/arr/1NNarr_pre.xml?>

<?taxonomy-version 1.5.0?>

<link:linkbase xmlns:xsi="http://www.w3.org/2001/XMLSchema-instance" xsi:schemaLocation="http://www.xbrl.org/2003/linkbase http://www.xbrl.org/2003/xbrl-linkbase-2003-12-31.xsd" xmlns:link="http://www.xbrl.org/2003/linkbase" xmlns:xbrldt="http://xbrl.org/2005/xbrldt" xmlns:xbrli="http://www.xbrl.org/2003/instance" xmlns:xlink="http://www.w3.org/1999/xlink">
  <link:roleRef roleURI="http://xbrl.dcca.dk/role/101.00/AuditorsReportsFrom20101215" xlink:type="simple" xlink:href="arr.xsd#arr_RoleAuditorsReportsFrom20101215"/>
  <link:roleRef roleURI="http://xbrl.dcca.dk/role/110.00/StatementsFromInternalAudit" xlink:type="simple" xlink:href="arr.xsd#arr_RoleStatementsFromInternalAudit"/>
  <link:roleRef roleURI="http://xbrl.dcca.dk/role/120.00/OtherStatements" xlink:type="simple" xlink:href="arr.xsd#arr_RoleOtherStatements"/>
  <link:presentationLink xlink:type="extended" xlink:role="http://xbrl.dcca.dk/role/101.00/AuditorsReportsFrom20101215">
    <link:loc xlink:type="locator" xlink:href="arr.xsd#arr_AuditorsReportsAbstract" xlink:label="AuditorsReportsAbstract" xlink:title="AuditorsReportsAbstract"/>
    <link:loc xlink:type="locator" xlink:href="arr.xsd#arr_AuditorsReportOnAuditedFinancialStatements" xlink:label="AuditorsReportOnAuditedFinancialStatements" xlink:title="AuditorsReportOnAuditedFinancialStatements"/>
    <link:presentationArc xlink:type="arc" xlink:arcrole="http://www.xbrl.org/2003/arcrole/parent-child" xlink:from="AuditorsReportsAbstract" xlink:to="AuditorsReportOnAuditedFinancialStatements" xlink:title="presentation: AuditorsReportsAbstract to AuditorsReportOnAuditedFinancialStatements" order="30.0"/>
    <link:loc xlink:type="locator" xlink:href="arr.xsd#arr_IndependentAuditorsReportsAudit" xlink:label="IndependentAuditorsReportsAudit" xlink:title="IndependentAuditorsReportsAudit"/>
    <link:presentationArc xlink:type="arc" xlink:arcrole="http://www.xbrl.org/2003/arcrole/parent-child" xlink:from="AuditorsReportOnAuditedFinancialStatements" xlink:to="IndependentAuditorsReportsAudit" xlink:title="presentation: AuditorsReportOnAuditedFinancialStatements to IndependentAuditorsReportsAudit" order="10.0"/>
    <link:loc xlink:type="locator" xlink:href="arr.xsd#arr_AddresseeOfAuditorsReportOnAuditedFinancialStatements" xlink:label="AddresseeOfAuditorsReportOnAuditedFinancialStatements" xlink:title="AddresseeOfAuditorsReportOnAuditedFinancialStatements"/>
    <link:presentationArc xlink:type="arc" xlink:arcrole="http://www.xbrl.org/2003/arcrole/parent-child" xlink:from="IndependentAuditorsReportsAudit" xlink:to="AddresseeOfAuditorsReportOnAuditedFinancialStatements" xlink:title="presentation: IndependentAuditorsReportsAudit to AddresseeOfAuditorsReportOnAuditedFinancialStatements" order="1.0"/>
    <link:loc xlink:type="locator" xlink:href="arr.xsd#arr_AuditorsReportOnFinancialStatements" xlink:label="AuditorsReportOnFinancialStatements" xlink:title="AuditorsReportOnFinancialStatements"/>
    <link:presentationArc xlink:type="arc" xlink:arcrole="http://www.xbrl.org/2003/arcrole/parent-child" xlink:from="IndependentAuditorsReportsAudit" xlink:to="AuditorsReportOnFinancialStatements" xlink:title="presentation: IndependentAuditorsReportsAudit to AuditorsReportOnFinancialStatements" order="2.0"/>
    <link:loc xlink:type="locator" xlink:href="arr.xsd#arr_IdentificationOfAuditedFinancialStatements" xlink:label="IdentificationOfAuditedFinancialStatements" xlink:title="IdentificationOfAuditedFinancialStatements"/>
    <link:presentationArc xlink:type="arc" xlink:arcrole="http://www.xbrl.org/2003/arcrole/parent-child" xlink:from="AuditorsReportOnFinancialStatements" xlink:to="IdentificationOfAuditedFinancialStatements" xlink:title="presentation: AuditorsReportOnFinancialStatements to IdentificationOfAuditedFinancialStatements" order="1.0"/>
    <link:loc xlink:type="locator" xlink:href="arr.xsd#arr_StatementOfExecutiveAndSupervisoryBoardsResponsibilityForFinancialStatements" xlink:label="StatementOfExecutiveAndSupervisoryBoardsResponsibilityForFinancialStatements" xlink:title="StatementOfExecutiveAndSupervisoryBoardsResponsibilityForFinancialStatements"/>
    <link:presentationArc xlink:type="arc" xlink:arcrole="http://www.xbrl.org/2003/arcrole/parent-child" xlink:from="AuditorsReportOnFinancialStatements" xlink:to="StatementOfExecutiveAndSupervisoryBoardsResponsibilityForFinancialStatements" xlink:title="presentation: AuditorsReportOnFinancialStatements to StatementOfExecutiveAndSupervisoryBoardsResponsibilityForFinancialStatements" order="2.0"/>
    <link:loc xlink:type="locator" xlink:href="arr.xsd#arr_StatementOfAuditorsResponsibilityForAuditAndAuditPerformed" xlink:label="StatementOfAuditorsResponsibilityForAuditAndAuditPerformed" xlink:title="StatementOfAuditorsResponsibilityForAuditAndAuditPerformed"/>
    <link:presentationArc xlink:type="arc" xlink:arcrole="http://www.xbrl.org/2003/arcrole/parent-child" xlink:from="AuditorsReportOnFinancialStatements" xlink:to="StatementOfAuditorsResponsibilityForAuditAndAuditPerformed" xlink:title="presentation: AuditorsReportOnFinancialStatements to StatementOfAuditorsResponsibilityForAuditAndAuditPerformed" order="3.0"/>
    <link:loc xlink:type="locator" xlink:href="arr.xsd#arr_DescriptionOfQualificationsOfAuditedFinancialStatements" xlink:label="DescriptionOfQualificationsOfAuditedFinancialStatements" xlink:title="DescriptionOfQualificationsOfAuditedFinancialStatements"/>
    <link:presentationArc xlink:type="arc" xlink:arcrole="http://www.xbrl.org/2003/arcrole/parent-child" xlink:from="AuditorsReportOnFinancialStatements" xlink:to="DescriptionOfQualificationsOfAuditedFinancialStatements" xlink:title="presentation: AuditorsReportOnFinancialStatements to DescriptionOfQualificationsOfAuditedFinancialStatements" order="4.0"/>
    <link:loc xlink:type="locator" xlink:href="arr.xsd#arr_TypeOfBasisForModifiedOpinionOnAuditedFinancialStatements" xlink:label="TypeOfBasisForModifiedOpinionOnAuditedFinancialStatements" xlink:title="TypeOfBasisForModifiedOpinionOnAuditedFinancialStatements"/>
    <link:presentationArc xlink:type="arc" xlink:arcrole="http://www.xbrl.org/2003/arcrole/parent-child" xlink:from="DescriptionOfQualificationsOfAuditedFinancialStatements" xlink:to="TypeOfBasisForModifiedOpinionOnAuditedFinancialStatements" xlink:title="presentation: DescriptionOfQualificationsOfAuditedFinancialStatements to TypeOfBasisForModifiedOpinionOnAuditedFinancialStatements" order="1.0"/>
    <link:loc xlink:type="locator" xlink:href="arr.xsd#arr_OpinionOnAuditedFinancialStatements" xlink:label="OpinionOnAuditedFinancialStatements" xlink:title="OpinionOnAuditedFinancialStatements"/>
    <link:presentationArc xlink:type="arc" xlink:arcrole="http://www.xbrl.org/2003/arcrole/parent-child" xlink:from="AuditorsReportOnFinancialStatements" xlink:to="OpinionOnAuditedFinancialStatements" xlink:title="presentation: AuditorsReportOnFinancialStatements to OpinionOnAuditedFinancialStatements" order="5.0"/>
    <link:loc xlink:type="locator" xlink:href="arr.xsd#arr_TypeOfModifiedOpinionOnAuditedFinancialStatements" xlink:label="TypeOfModifiedOpinionOnAuditedFinancialStatements" xlink:title="TypeOfModifiedOpinionOnAuditedFinancialStatements"/>
    <link:presentationArc xlink:type="arc" xlink:arcrole="http://www.xbrl.org/2003/arcrole/parent-child" xlink:from="OpinionOnAuditedFinancialStatements" xlink:to="TypeOfModifiedOpinionOnAuditedFinancialStatements" xlink:title="presentation: OpinionOnAuditedFinancialStatements to TypeOfModifiedOpinionOnAuditedFinancialStatements" order="1.0"/>
    <link:loc xlink:type="locator" xlink:href="arr.xsd#arr_StatementWhetherQualificationsOfAuditedFinancialStatementsAreOfSuchDecisiveImportanceThatAnnualGeneralMeetingShouldNotApproveFinancialStatements" xlink:label="StatementWhetherQualificationsOfAuditedFinancialStatementsAreOfSuchDecisiveImportanceThatAnnualGeneralMeetingShouldNotApproveFinancialStatements" xlink:title="StatementWhetherQualificationsOfAuditedFinancialStatementsAreOfSuchDecisiveImportanceThatAnnualGeneralMeetingShouldNotApproveFinancialStatements"/>
    <link:presentationArc xlink:type="arc" xlink:arcrole="http://www.xbrl.org/2003/arcrole/parent-child" xlink:from="AuditorsReportOnFinancialStatements" xlink:to="StatementWhetherQualificationsOfAuditedFinancialStatementsAreOfSuchDecisiveImportanceThatAnnualGeneralMeetingShouldNotApproveFinancialStatements" xlink:title="presentation: AuditorsReportOnFinancialStatements to StatementWhetherQualificationsOfAuditedFinancialStatementsAreOfSuchDecisiveImportanceThatAnnualGeneralMeetingShouldNotApproveFinancialStatements" order="6.0"/>
    <link:loc xlink:type="locator" xlink:href="arr.xsd#arr_SupplementaryInformationOnMattersPertainingToAuditedFinancialStatement" xlink:label="SupplementaryInformationOnMattersPertainingToAuditedFinancialStatement" xlink:title="SupplementaryInformationOnMattersPertainingToAuditedFinancialStatement"/>
    <link:presentationArc xlink:type="arc" xlink:arcrole="http://www.xbrl.org/2003/arcrole/parent-child" xlink:from="AuditorsReportOnFinancialStatements" xlink:to="SupplementaryInformationOnMattersPertainingToAuditedFinancialStatement" xlink:title="presentation: AuditorsReportOnFinancialStatements to SupplementaryInformationOnMattersPertainingToAuditedFinancialStatement" order="7.0"/>
    <link:loc xlink:type="locator" xlink:href="arr.xsd#arr_SupplementaryInformationOnAudit" xlink:label="SupplementaryInformationOnAudit" xlink:title="SupplementaryInformationOnAudit"/>
    <link:presentationArc xlink:type="arc" xlink:arcrole="http://www.xbrl.org/2003/arcrole/parent-child" xlink:from="AuditorsReportOnFinancialStatements" xlink:to="SupplementaryInformationOnAudit" xlink:title="presentation: AuditorsReportOnFinancialStatements to SupplementaryInformationOnAudit" order="8.0"/>
    <link:loc xlink:type="locator" xlink:href="arr.xsd#arr_AuditorsReportsAccordingToOtherLegislationAndRegulation" xlink:label="AuditorsReportsAccordingToOtherLegislationAndRegulation" xlink:title="AuditorsReportsAccordingToOtherLegislationAndRegulation"/>
    <link:presentationArc xlink:type="arc" xlink:arcrole="http://www.xbrl.org/2003/arcrole/parent-child" xlink:from="IndependentAuditorsReportsAudit" xlink:to="AuditorsReportsAccordingToOtherLegislationAndRegulation" xlink:title="presentation: IndependentAuditorsReportsAudit to AuditorsReportsAccordingToOtherLegislationAndRegulation" use="optional" order="3.0"/>
    <link:loc xlink:type="locator" xlink:href="arr.xsd#arr_SupplementaryInformationOnOtherMatters" xlink:label="SupplementaryInformationOnOtherMatters" xlink:title="SupplementaryInformationOnOtherMatters"/>
    <link:presentationArc xlink:type="arc" xlink:arcrole="http://www.xbrl.org/2003/arcrole/parent-child" xlink:from="AuditorsReportsAccordingToOtherLegislationAndRegulation" xlink:to="SupplementaryInformationOnOtherMatters" xlink:title="presentation: AuditorsReportsAccordingToOtherLegislationAndRegulation to SupplementaryInformationOnOtherMatters" order="1.0"/>
    <link:loc xlink:type="locator" xlink:href="arr.xsd#arr_StatementOnManagementsReviewAuditorsReportOnAuditedFinancialStatements" xlink:label="StatementOnManagementsReviewAuditorsReportOnAuditedFinancialStatements" xlink:title="StatementOnManagementsReviewAuditorsReportOnAuditedFinancialStatements"/>
    <link:presentationArc xlink:type="arc" xlink:arcrole="http://www.xbrl.org/2003/arcrole/parent-child" xlink:from="AuditorsReportsAccordingToOtherLegislationAndRegulation" xlink:to="StatementOnManagementsReviewAuditorsReportOnAuditedFinancialStatements" xlink:title="presentation: AuditorsReportsAccordingToOtherLegislationAndRegulation to StatementOnManagementsReviewAuditorsReportOnAuditedFinancialStatements" order="2.0"/>
    <link:loc xlink:type="locator" xlink:href="arr.xsd#arr_OtherReportsAuditorsReport" xlink:label="OtherReportsAuditorsReport" xlink:title="OtherReportsAuditorsReport"/>
    <link:presentationArc xlink:type="arc" xlink:arcrole="http://www.xbrl.org/2003/arcrole/parent-child" xlink:from="AuditorsReportsAccordingToOtherLegislationAndRegulation" xlink:to="OtherReportsAuditorsReport" xlink:title="presentation: AuditorsReportsAccordingToOtherLegislationAndRegulation to OtherReportsAuditorsReport" order="3.0"/>
    <link:loc xlink:type="locator" xlink:href="arr.xsd#arr_AuditorsReportOnReviewOfFinancialStatements" xlink:label="AuditorsReportOnReviewOfFinancialStatements" xlink:title="AuditorsReportOnReviewOfFinancialStatements"/>
    <link:presentationArc xlink:type="arc" xlink:arcrole="http://www.xbrl.org/2003/arcrole/parent-child" xlink:from="AuditorsReportsAbstract" xlink:to="AuditorsReportOnReviewOfFinancialStatements" xlink:title="presentation: AuditorsReportsAbstract to AuditorsReportOnReviewOfFinancialStatements" use="optional" order="40.0"/>
    <link:loc xlink:type="locator" xlink:href="arr.xsd#arr_IndependentAuditorsReportsReview" xlink:label="IndependentAuditorsReportsReview" xlink:title="IndependentAuditorsReportsReview"/>
    <link:presentationArc xlink:type="arc" xlink:arcrole="http://www.xbrl.org/2003/arcrole/parent-child" xlink:from="AuditorsReportOnReviewOfFinancialStatements" xlink:to="IndependentAuditorsReportsReview" xlink:title="presentation: AuditorsReportOnReviewOfFinancialStatements to IndependentAuditorsReportsReview" use="optional" order="1.0"/>
    <link:loc xlink:type="locator" xlink:href="arr.xsd#arr_AddresseeOfAuditorsReportOnReviewOfFinancialStatements" xlink:label="AddresseeOfAuditorsReportOnReviewOfFinancialStatements" xlink:title="AddresseeOfAuditorsReportOnReviewOfFinancialStatements"/>
    <link:presentationArc xlink:type="arc" xlink:arcrole="http://www.xbrl.org/2003/arcrole/parent-child" xlink:from="IndependentAuditorsReportsReview" xlink:to="AddresseeOfAuditorsReportOnReviewOfFinancialStatements" xlink:title="presentation: IndependentAuditorsReportsReview to AddresseeOfAuditorsReportOnReviewOfFinancialStatements" use="optional" order="1.0"/>
    <link:loc xlink:type="locator" xlink:href="arr.xsd#arr_IdentificationOfReviewedFinancialStatement" xlink:label="IdentificationOfReviewedFinancialStatement" xlink:title="IdentificationOfReviewedFinancialStatement"/>
    <link:presentationArc xlink:type="arc" xlink:arcrole="http://www.xbrl.org/2003/arcrole/parent-child" xlink:from="IndependentAuditorsReportsReview" xlink:to="IdentificationOfReviewedFinancialStatement" xlink:title="presentation: IndependentAuditorsReportsReview to IdentificationOfReviewedFinancialStatement" use="optional" order="2.0"/>
    <link:loc xlink:type="locator" xlink:href="arr.xsd#arr_StatementOnManagementsResponsibilityAuditorsReportOnReviewOfFinancialStatements" xlink:label="StatementOnManagementsResponsibilityAuditorsReportOnReviewOfFinancialStatements" xlink:title="StatementOnManagementsResponsibilityAuditorsReportOnReviewOfFinancialStatements"/>
    <link:presentationArc xlink:type="arc" xlink:arcrole="http://www.xbrl.org/2003/arcrole/parent-child" xlink:from="IndependentAuditorsReportsReview" xlink:to="StatementOnManagementsResponsibilityAuditorsReportOnReviewOfFinancialStatements" xlink:title="presentation: IndependentAuditorsReportsReview to StatementOnManagementsResponsibilityAuditorsReportOnReviewOfFinancialStatements" use="optional" order="3.0"/>
    <link:loc xlink:type="locator" xlink:href="arr.xsd#arr_StatementOfAuditorsResponsibilityForReview" xlink:label="StatementOfAuditorsResponsibilityForReview" xlink:title="StatementOfAuditorsResponsibilityForReview"/>
    <link:presentationArc xlink:type="arc" xlink:arcrole="http://www.xbrl.org/2003/arcrole/parent-child" xlink:from="IndependentAuditorsReportsReview" xlink:to="StatementOfAuditorsResponsibilityForReview" xlink:title="presentation: IndependentAuditorsReportsReview to StatementOfAuditorsResponsibilityForReview" use="optional" order="4.0"/>
    <link:loc xlink:type="locator" xlink:href="arr.xsd#arr_StatementOnReviewPerformed" xlink:label="StatementOnReviewPerformed" xlink:title="StatementOnReviewPerformed"/>
    <link:presentationArc xlink:type="arc" xlink:arcrole="http://www.xbrl.org/2003/arcrole/parent-child" xlink:from="IndependentAuditorsReportsReview" xlink:to="StatementOnReviewPerformed" xlink:title="presentation: IndependentAuditorsReportsReview to StatementOnReviewPerformed" use="optional" order="5.0"/>
    <link:loc xlink:type="locator" xlink:href="arr.xsd#arr_DescriptionsOfQualificationsOfReviewedFinancialStatements" xlink:label="DescriptionsOfQualificationsOfReviewedFinancialStatements" xlink:title="DescriptionsOfQualificationsOfReviewedFinancialStatements"/>
    <link:presentationArc xlink:type="arc" xlink:arcrole="http://www.xbrl.org/2003/arcrole/parent-child" xlink:from="IndependentAuditorsReportsReview" xlink:to="DescriptionsOfQualificationsOfReviewedFinancialStatements" xlink:title="presentation: IndependentAuditorsReportsReview to DescriptionsOfQualificationsOfReviewedFinancialStatements" use="optional" order="6.0"/>
    <link:loc xlink:type="locator" xlink:href="arr.xsd#arr_OpinionOnReviewedFinancialStatements" xlink:label="OpinionOnReviewedFinancialStatements" xlink:title="OpinionOnReviewedFinancialStatements"/>
    <link:presentationArc xlink:type="arc" xlink:arcrole="http://www.xbrl.org/2003/arcrole/parent-child" xlink:from="IndependentAuditorsReportsReview" xlink:to="OpinionOnReviewedFinancialStatements" xlink:title="presentation: IndependentAuditorsReportsReview to OpinionOnReviewedFinancialStatements" use="optional" order="7.0"/>
    <link:loc xlink:type="locator" xlink:href="arr.xsd#arr_SupplementaryInformationOnAuditorsReview" xlink:label="SupplementaryInformationOnAuditorsReview" xlink:title="SupplementaryInformationOnAuditorsReview"/>
    <link:presentationArc xlink:type="arc" xlink:arcrole="http://www.xbrl.org/2003/arcrole/parent-child" xlink:from="IndependentAuditorsReportsReview" xlink:to="SupplementaryInformationOnAuditorsReview" xlink:title="presentation: IndependentAuditorsReportsReview to SupplementaryInformationOnAuditorsReview" use="optional" order="8.0"/>
    <link:loc xlink:type="locator" xlink:href="arr.xsd#arr_AuditorsReportsAccordingToOtherLegislationAndRegulationReview" xlink:label="AuditorsReportsAccordingToOtherLegislationAndRegulationReview" xlink:title="AuditorsReportsAccordingToOtherLegislationAndRegulationReview"/>
    <link:presentationArc xlink:type="arc" xlink:arcrole="http://www.xbrl.org/2003/arcrole/parent-child" xlink:from="AuditorsReportOnReviewOfFinancialStatements" xlink:to="AuditorsReportsAccordingToOtherLegislationAndRegulationReview" xlink:title="presentation: AuditorsReportOnReviewOfFinancialStatements to AuditorsReportsAccordingToOtherLegislationAndRegulationReview" order="2.0"/>
    <link:loc xlink:type="locator" xlink:href="arr.xsd#arr_StatementOnManagementsReviewAuditorsReportOnReviewOfFinancialStatements" xlink:label="StatementOnManagementsReviewAuditorsReportOnReviewOfFinancialStatements" xlink:title="StatementOnManagementsReviewAuditorsReportOnReviewOfFinancialStatements"/>
    <link:presentationArc xlink:type="arc" xlink:arcrole="http://www.xbrl.org/2003/arcrole/parent-child" xlink:from="AuditorsReportsAccordingToOtherLegislationAndRegulationReview" xlink:to="StatementOnManagementsReviewAuditorsReportOnReviewOfFinancialStatements" xlink:title="presentation: AuditorsReportsAccordingToOtherLegislationAndRegulationReview to StatementOnManagementsReviewAuditorsReportOnReviewOfFinancialStatements" use="optional" order="2.0"/>
    <link:loc xlink:type="locator" xlink:href="arr.xsd#arr_OtherReportsReview" xlink:label="OtherReportsReview" xlink:title="OtherReportsReview"/>
    <link:presentationArc xlink:type="arc" xlink:arcrole="http://www.xbrl.org/2003/arcrole/parent-child" xlink:from="AuditorsReportsAccordingToOtherLegislationAndRegulationReview" xlink:to="OtherReportsReview" xlink:title="presentation: AuditorsReportsAccordingToOtherLegislationAndRegulationReview to OtherReportsReview" order="3.0"/>
    <link:loc xlink:type="locator" xlink:href="arr.xsd#arr_OtherAssuranceReports" xlink:label="OtherAssuranceReports" xlink:title="OtherAssuranceReports"/>
    <link:presentationArc xlink:type="arc" xlink:arcrole="http://www.xbrl.org/2003/arcrole/parent-child" xlink:from="AuditorsReportsAbstract" xlink:to="OtherAssuranceReports" xlink:title="presentation: AuditorsReportsAbstract to OtherAssuranceReports" use="optional" order="50.0"/>
    <link:loc xlink:type="locator" xlink:href="arr.xsd#arr_IndependentAuditorsReportsOtherAssuranceReports" xlink:label="IndependentAuditorsReportsOtherAssuranceReports" xlink:title="IndependentAuditorsReportsOtherAssuranceReports"/>
    <link:presentationArc xlink:type="arc" xlink:arcrole="http://www.xbrl.org/2003/arcrole/parent-child" xlink:from="OtherAssuranceReports" xlink:to="IndependentAuditorsReportsOtherAssuranceReports" xlink:title="presentation: OtherAssuranceReports to IndependentAuditorsReportsOtherAssuranceReports" use="optional" order="1.0"/>
    <link:loc xlink:type="locator" xlink:href="arr.xsd#arr_IdentificationOfMattersOnWhichAssuranceReportIsProvidedAndDescriptionOfAssuranceEngagement" xlink:label="IdentificationOfMattersOnWhichAssuranceReportIsProvidedAndDescriptionOfAssuranceEngagement" xlink:title="IdentificationOfMattersOnWhichAssuranceReportIsProvidedAndDescriptionOfAssuranceEngagement"/>
    <link:presentationArc xlink:type="arc" xlink:arcrole="http://www.xbrl.org/2003/arcrole/parent-child" xlink:from="IndependentAuditorsReportsOtherAssuranceReports" xlink:to="IdentificationOfMattersOnWhichAssuranceReportIsProvidedAndDescriptionOfAssuranceEngagement" xlink:title="presentation: IndependentAuditorsReportsOtherAssuranceReports to IdentificationOfMattersOnWhichAssuranceReportIsProvidedAndDescriptionOfAssuranceEngagement" use="optional" order="5.0"/>
    <link:loc xlink:type="locator" xlink:href="arr.xsd#arr_StatementOnManagementsResponsibilityOtherAssuranceReports" xlink:label="StatementOnManagementsResponsibilityOtherAssuranceReports" xlink:title="StatementOnManagementsResponsibilityOtherAssuranceReports"/>
    <link:presentationArc xlink:type="arc" xlink:arcrole="http://www.xbrl.org/2003/arcrole/parent-child" xlink:from="IndependentAuditorsReportsOtherAssuranceReports" xlink:to="StatementOnManagementsResponsibilityOtherAssuranceReports" xlink:title="presentation: IndependentAuditorsReportsOtherAssuranceReports to StatementOnManagementsResponsibilityOtherAssuranceReports" use="optional" order="10.0"/>
    <link:loc xlink:type="locator" xlink:href="arr.xsd#arr_DescriptionOfQualificationsOfAssuranceEngagementPerformed" xlink:label="DescriptionOfQualificationsOfAssuranceEngagementPerformed" xlink:title="DescriptionOfQualificationsOfAssuranceEngagementPerformed"/>
    <link:presentationArc xlink:type="arc" xlink:arcrole="http://www.xbrl.org/2003/arcrole/parent-child" xlink:from="IndependentAuditorsReportsOtherAssuranceReports" xlink:to="DescriptionOfQualificationsOfAssuranceEngagementPerformed" xlink:title="presentation: IndependentAuditorsReportsOtherAssuranceReports to DescriptionOfQualificationsOfAssuranceEngagementPerformed" use="optional" order="30.0"/>
    <link:loc xlink:type="locator" xlink:href="arr.xsd#arr_OpinionOnSubjectMatterOfAssuranceReport" xlink:label="OpinionOnSubjectMatterOfAssuranceReport" xlink:title="OpinionOnSubjectMatterOfAssuranceReport"/>
    <link:presentationArc xlink:type="arc" xlink:arcrole="http://www.xbrl.org/2003/arcrole/parent-child" xlink:from="IndependentAuditorsReportsOtherAssuranceReports" xlink:to="OpinionOnSubjectMatterOfAssuranceReport" xlink:title="presentation: IndependentAuditorsReportsOtherAssuranceReports to OpinionOnSubjectMatterOfAssuranceReport" use="optional" order="40.0"/>
    <link:loc xlink:type="locator" xlink:href="arr.xsd#arr_SupplementaryInformationOnAssurance" xlink:label="SupplementaryInformationOnAssurance" xlink:title="SupplementaryInformationOnAssurance"/>
    <link:presentationArc xlink:type="arc" xlink:arcrole="http://www.xbrl.org/2003/arcrole/parent-child" xlink:from="IndependentAuditorsReportsOtherAssuranceReports" xlink:to="SupplementaryInformationOnAssurance" xlink:title="presentation: IndependentAuditorsReportsOtherAssuranceReports to SupplementaryInformationOnAssurance" use="optional" order="50.0"/>
    <link:loc xlink:type="locator" xlink:href="arr.xsd#arr_StatementOfAuditorsResponsibilityOtherAssuranceReports" xlink:label="StatementOfAuditorsResponsibilityOtherAssuranceReports" xlink:title="StatementOfAuditorsResponsibilityOtherAssuranceReports"/>
    <link:presentationArc xlink:type="arc" xlink:arcrole="http://www.xbrl.org/2003/arcrole/parent-child" xlink:from="IndependentAuditorsReportsOtherAssuranceReports" xlink:to="StatementOfAuditorsResponsibilityOtherAssuranceReports" xlink:title="presentation: IndependentAuditorsReportsOtherAssuranceReports to StatementOfAuditorsResponsibilityOtherAssuranceReports" order="20.0"/>
    <link:loc xlink:type="locator" xlink:href="arr.xsd#arr_AddresseeOfAuditorsReportOnOtherAssuranceReports" xlink:label="AddresseeOfAuditorsReportOnOtherAssuranceReports" xlink:title="AddresseeOfAuditorsReportOnOtherAssuranceReports"/>
    <link:presentationArc xlink:type="arc" xlink:arcrole="http://www.xbrl.org/2003/arcrole/parent-child" xlink:from="IndependentAuditorsReportsOtherAssuranceReports" xlink:to="AddresseeOfAuditorsReportOnOtherAssuranceReports" xlink:title="presentation: IndependentAuditorsReportsOtherAssuranceReports to AddresseeOfAuditorsReportOnOtherAssuranceReports" order="1.0"/>
    <link:loc xlink:type="locator" xlink:href="arr.xsd#arr_OtherReports" xlink:label="OtherReports" xlink:title="OtherReports"/>
    <link:presentationArc xlink:type="arc" xlink:arcrole="http://www.xbrl.org/2003/arcrole/parent-child" xlink:from="AuditorsReportsAbstract" xlink:to="OtherReports" xlink:title="presentation: AuditorsReportsAbstract to OtherReports" use="optional" order="60.0"/>
    <link:loc xlink:type="locator" xlink:href="arr.xsd#arr_AuditorsReportsOtherReports" xlink:label="AuditorsReportsOtherReports" xlink:title="AuditorsReportsOtherReports"/>
    <link:presentationArc xlink:type="arc" xlink:arcrole="http://www.xbrl.org/2003/arcrole/parent-child" xlink:from="OtherReports" xlink:to="AuditorsReportsOtherReports" xlink:title="presentation: OtherReports to AuditorsReportsOtherReports" use="optional" order="1.0"/>
    <link:loc xlink:type="locator" xlink:href="arr.xsd#arr_DescriptionOfOtherEngagement" xlink:label="DescriptionOfOtherEngagement" xlink:title="DescriptionOfOtherEngagement"/>
    <link:presentationArc xlink:type="arc" xlink:arcrole="http://www.xbrl.org/2003/arcrole/parent-child" xlink:from="AuditorsReportsOtherReports" xlink:to="DescriptionOfOtherEngagement" xlink:title="presentation: AuditorsReportsOtherReports to DescriptionOfOtherEngagement" use="optional" order="20.0"/>
    <link:loc xlink:type="locator" xlink:href="arr.xsd#arr_AddresseeOfAuditorsReportOnOtherReport" xlink:label="AddresseeOfAuditorsReportOnOtherReport" xlink:title="AddresseeOfAuditorsReportOnOtherReport"/>
    <link:presentationArc xlink:type="arc" xlink:arcrole="http://www.xbrl.org/2003/arcrole/parent-child" xlink:from="AuditorsReportsOtherReports" xlink:to="AddresseeOfAuditorsReportOnOtherReport" xlink:title="presentation: AuditorsReportsOtherReports to AddresseeOfAuditorsReportOnOtherReport" order="10.0"/>
    <link:loc xlink:type="locator" xlink:href="../cmn.xsd#cmn_CommonHypercube" xlink:label="CommonHypercube" xlink:title="CommonHypercube"/>
    <link:presentationArc xlink:type="arc" xlink:arcrole="http://www.xbrl.org/2003/arcrole/parent-child" xlink:from="AuditorsReportsAbstract" xlink:to="CommonHypercube" xlink:title="presentation: AuditorsReportsAbstract to CommonHypercube" use="optional" priority="0" order="10.0"/>
    <link:loc xlink:type="locator" xlink:href="../cmn.xsd#cmn_ConsolidatedSoloDimension" xlink:label="ConsolidatedSoloDimension" xlink:title="ConsolidatedSoloDimension"/>
    <link:presentationArc xlink:type="arc" xlink:arcrole="http://www.xbrl.org/2003/arcrole/parent-child" xlink:from="CommonHypercube" xlink:to="ConsolidatedSoloDimension" xlink:title="presentation: CommonHypercube to ConsolidatedSoloDimension" use="optional" priority="0" order="1.0"/>
    <link:loc xlink:type="locator" xlink:href="arr.xsd#arr_InformationOnSignatureOfAuditors" xlink:label="InformationOnSignatureOfAuditors" xlink:title="InformationOnSignatureOfAuditors"/>
    <link:presentationArc xlink:type="arc" xlink:arcrole="http://www.xbrl.org/2003/arcrole/parent-child" xlink:from="AuditorsReportsAbstract" xlink:to="InformationOnSignatureOfAuditors" xlink:title="presentation: AuditorsReportsAbstract to InformationOnSignatureOfAuditors" use="optional" order="70.0"/>
    <link:loc xlink:type="locator" xlink:href="arr.xsd#arr_DetailsOnSignatureAuditorsAbstract" xlink:label="DetailsOnSignatureAuditorsAbstract" xlink:title="DetailsOnSignatureAuditorsAbstract"/>
    <link:presentationArc xlink:type="arc" xlink:arcrole="http://www.xbrl.org/2003/arcrole/parent-child" xlink:from="InformationOnSignatureOfAuditors" xlink:to="DetailsOnSignatureAuditorsAbstract" xlink:title="presentation: InformationOnSignatureOfAuditors to DetailsOnSignatureAuditorsAbstract" use="optional" order="10.0"/>
    <link:loc xlink:type="locator" xlink:href="arr.xsd#arr_DetailsOnSignatureAuditorsHypercube" xlink:label="DetailsOnSignatureAuditorsHypercube" xlink:title="DetailsOnSignatureAuditorsHypercube"/>
    <link:presentationArc xlink:type="arc" xlink:arcrole="http://www.xbrl.org/2003/arcrole/parent-child" xlink:from="DetailsOnSignatureAuditorsAbstract" xlink:to="DetailsOnSignatureAuditorsHypercube" xlink:title="presentation: DetailsOnSignatureAuditorsAbstract to DetailsOnSignatureAuditorsHypercube" order="1.0"/>
    <link:loc xlink:type="locator" xlink:href="../cmn.xsd#cmn_IdentificationOfAuditorDimension" xlink:label="IdentificationOfAuditorDimension" xlink:title="IdentificationOfAuditorDimension"/>
    <link:presentationArc xlink:type="arc" xlink:arcrole="http://www.xbrl.org/2003/arcrole/parent-child" xlink:from="DetailsOnSignatureAuditorsHypercube" xlink:to="IdentificationOfAuditorDimension" xlink:title="presentation: DetailsOnSignatureAuditorsHypercube to IdentificationOfAuditorDimension" use="optional" order="1.0"/>
    <link:loc xlink:type="locator" xlink:href="../cmn.xsd#cmn_TypeOfAuditorDimension" xlink:label="TypeOfAuditorDimension" xlink:title="TypeOfAuditorDimension"/>
    <link:presentationArc xlink:type="arc" xlink:arcrole="http://www.xbrl.org/2003/arcrole/parent-child" xlink:from="DetailsOnSignatureAuditorsHypercube" xlink:to="TypeOfAuditorDimension" xlink:title="presentation: DetailsOnSignatureAuditorsHypercube to TypeOfAuditorDimension" order="2.0"/>
    <link:loc xlink:type="locator" xlink:href="../cmn.xsd#cmn_IdentificationNumberCprOfAuditor" xlink:label="IdentificationNumberCprOfAuditor" xlink:title="IdentificationNumberCprOfAuditor"/>
    <link:presentationArc xlink:type="arc" xlink:arcrole="http://www.xbrl.org/2003/arcrole/parent-child" xlink:from="DetailsOnSignatureAuditorsAbstract" xlink:to="IdentificationNumberCprOfAuditor" xlink:title="presentation: DetailsOnSignatureAuditorsAbstract to IdentificationNumberCprOfAuditor" use="optional" order="2.0"/>
    <link:loc xlink:type="locator" xlink:href="../cmn.xsd#cmn_NameAndSurnameOfAuditor" xlink:label="NameAndSurnameOfAuditor" xlink:title="NameAndSurnameOfAuditor"/>
    <link:presentationArc xlink:type="arc" xlink:arcrole="http://www.xbrl.org/2003/arcrole/parent-child" xlink:from="DetailsOnSignatureAuditorsAbstract" xlink:to="NameAndSurnameOfAuditor" xlink:title="presentation: DetailsOnSignatureAuditorsAbstract to NameAndSurnameOfAuditor" use="optional" order="3.0"/>
    <link:loc xlink:type="locator" xlink:href="../cmn.xsd#cmn_IdentificationNumberCvrOfAuditFirm" xlink:label="IdentificationNumberCvrOfAuditFirm" xlink:title="IdentificationNumberCvrOfAuditFirm"/>
    <link:presentationArc xlink:type="arc" xlink:arcrole="http://www.xbrl.org/2003/arcrole/parent-child" xlink:from="DetailsOnSignatureAuditorsAbstract" xlink:to="IdentificationNumberCvrOfAuditFirm" xlink:title="presentation: DetailsOnSignatureAuditorsAbstract to IdentificationNumberCvrOfAuditFirm" use="optional" order="4.0"/>
    <link:loc xlink:type="locator" xlink:href="../cmn.xsd#cmn_IdentificationNumberPnrOfAuditFirm" xlink:label="IdentificationNumberPnrOfAuditFirm" xlink:title="IdentificationNumberPnrOfAuditFirm"/>
    <link:presentationArc xlink:type="arc" xlink:arcrole="http://www.xbrl.org/2003/arcrole/parent-child" xlink:from="DetailsOnSignatureAuditorsAbstract" xlink:to="IdentificationNumberPnrOfAuditFirm" xlink:title="presentation: DetailsOnSignatureAuditorsAbstract to IdentificationNumberPnrOfAuditFirm" use="optional" order="5.0"/>
    <link:loc xlink:type="locator" xlink:href="../cmn.xsd#cmn_NameOfAuditFirm" xlink:label="NameOfAuditFirm" xlink:title="NameOfAuditFirm"/>
    <link:presentationArc xlink:type="arc" xlink:arcrole="http://www.xbrl.org/2003/arcrole/parent-child" xlink:from="DetailsOnSignatureAuditorsAbstract" xlink:to="NameOfAuditFirm" xlink:title="presentation: DetailsOnSignatureAuditorsAbstract to NameOfAuditFirm" use="optional" order="6.0"/>
    <link:loc xlink:type="locator" xlink:href="../cmn.xsd#cmn_DescriptionOfAuditor" xlink:label="DescriptionOfAuditor" xlink:title="DescriptionOfAuditor"/>
    <link:presentationArc xlink:type="arc" xlink:arcrole="http://www.xbrl.org/2003/arcrole/parent-child" xlink:from="DetailsOnSignatureAuditorsAbstract" xlink:to="DescriptionOfAuditor" xlink:title="presentation: DetailsOnSignatureAuditorsAbstract to DescriptionOfAuditor" use="optional" order="7.0"/>
    <link:loc xlink:type="locator" xlink:href="arr.xsd#arr_SignatureOfAuditorsPlace" xlink:label="SignatureOfAuditorsPlace" xlink:title="SignatureOfAuditorsPlace"/>
    <link:presentationArc xlink:type="arc" xlink:arcrole="http://www.xbrl.org/2003/arcrole/parent-child" xlink:from="InformationOnSignatureOfAuditors" xlink:to="SignatureOfAuditorsPlace" xlink:title="presentation: InformationOnSignatureOfAuditors to SignatureOfAuditorsPlace" order="2.0"/>
    <link:loc xlink:type="locator" xlink:href="arr.xsd#arr_SignatureOfAuditorsDate" xlink:label="SignatureOfAuditorsDate" xlink:title="SignatureOfAuditorsDate"/>
    <link:presentationArc xlink:type="arc" xlink:arcrole="http://www.xbrl.org/2003/arcrole/parent-child" xlink:from="InformationOnSignatureOfAuditors" xlink:to="SignatureOfAuditorsDate" xlink:title="presentation: InformationOnSignatureOfAuditors to SignatureOfAuditorsDate" order="3.0"/>
    <link:loc xlink:type="locator" xlink:href="../cmn.xsd#cmn_TypeOfAuditorAssistance" xlink:label="TypeOfAuditorAssistance" xlink:title="TypeOfAuditorAssistance"/>
    <link:presentationArc xlink:type="arc" xlink:arcrole="http://www.xbrl.org/2003/arcrole/parent-child" xlink:from="AuditorsReportsAbstract" xlink:to="TypeOfAuditorAssistance" xlink:title="presentation: AuditorsReportsAbstract to TypeOfAuditorAssistance" order="20.0"/>
    <link:loc xlink:type="locator" xlink:href="arr.xsd#arr_AuditorsReportOnExtendedReview" xlink:label="AuditorsReportOnExtendedReview" xlink:title="AuditorsReportOnExtendedReview"/>
    <link:presentationArc xlink:type="arc" xlink:arcrole="http://www.xbrl.org/2003/arcrole/parent-child" xlink:from="AuditorsReportsAbstract" xlink:to="AuditorsReportOnExtendedReview" xlink:title="presentation: AuditorsReportsAbstract to AuditorsReportOnExtendedReview" order="35.0"/>
    <link:loc xlink:type="locator" xlink:href="arr.xsd#arr_IndependentAuditorsReportsExtendedReview" xlink:label="IndependentAuditorsReportsExtendedReview" xlink:title="IndependentAuditorsReportsExtendedReview"/>
    <link:presentationArc xlink:type="arc" xlink:arcrole="http://www.xbrl.org/2003/arcrole/parent-child" xlink:from="AuditorsReportOnExtendedReview" xlink:to="IndependentAuditorsReportsExtendedReview" xlink:title="presentation: AuditorsReportOnExtendedReview to IndependentAuditorsReportsExtendedReview" order="1.0"/>
    <link:loc xlink:type="locator" xlink:href="arr.xsd#arr_AddresseeOfAuditorsReportOnExtendedReviewOfFinancialStatements" xlink:label="AddresseeOfAuditorsReportOnExtendedReviewOfFinancialStatements" xlink:title="AddresseeOfAuditorsReportOnExtendedReviewOfFinancialStatements"/>
    <link:presentationArc xlink:type="arc" xlink:arcrole="http://www.xbrl.org/2003/arcrole/parent-child" xlink:from="IndependentAuditorsReportsExtendedReview" xlink:to="AddresseeOfAuditorsReportOnExtendedReviewOfFinancialStatements" xlink:title="presentation: IndependentAuditorsReportsExtendedReview to AddresseeOfAuditorsReportOnExtendedReviewOfFinancialStatements" order="1.0"/>
    <link:loc xlink:type="locator" xlink:href="arr.xsd#arr_AuditorsReportOnExtendedReviewOfFinancialStatements" xlink:label="AuditorsReportOnExtendedReviewOfFinancialStatements" xlink:title="AuditorsReportOnExtendedReviewOfFinancialStatements"/>
    <link:presentationArc xlink:type="arc" xlink:arcrole="http://www.xbrl.org/2003/arcrole/parent-child" xlink:from="IndependentAuditorsReportsExtendedReview" xlink:to="AuditorsReportOnExtendedReviewOfFinancialStatements" xlink:title="presentation: IndependentAuditorsReportsExtendedReview to AuditorsReportOnExtendedReviewOfFinancialStatements" order="2.0"/>
    <link:loc xlink:type="locator" xlink:href="arr.xsd#arr_IdentificationOfFinancialStatementsAndDescriptionOfFinancialReportingFrameworkAppliedInPreparationOfFinancialStatementsExtendedReview" xlink:label="IdentificationOfFinancialStatementsAndDescriptionOfFinancialReportingFrameworkAppliedInPreparationOfFinancialStatementsExtendedReview" xlink:title="IdentificationOfFinancialStatementsAndDescriptionOfFinancialReportingFrameworkAppliedInPreparationOfFinancialStatementsExtendedReview"/>
    <link:presentationArc xlink:type="arc" xlink:arcrole="http://www.xbrl.org/2003/arcrole/parent-child" xlink:from="AuditorsReportOnExtendedReviewOfFinancialStatements" xlink:to="IdentificationOfFinancialStatementsAndDescriptionOfFinancialReportingFrameworkAppliedInPreparationOfFinancialStatementsExtendedReview" xlink:title="presentation: AuditorsReportOnExtendedReviewOfFinancialStatements to IdentificationOfFinancialStatementsAndDescriptionOfFinancialReportingFrameworkAppliedInPreparationOfFinancialStatementsExtendedReview" order="1.0"/>
    <link:loc xlink:type="locator" xlink:href="arr.xsd#arr_StatementOfExecutiveAndSupervisoryBoardsResponsibilityForFinancialStatementsExtendedReview" xlink:label="StatementOfExecutiveAndSupervisoryBoardsResponsibilityForFinancialStatementsExtendedReview" xlink:title="StatementOfExecutiveAndSupervisoryBoardsResponsibilityForFinancialStatementsExtendedReview"/>
    <link:presentationArc xlink:type="arc" xlink:arcrole="http://www.xbrl.org/2003/arcrole/parent-child" xlink:from="AuditorsReportOnExtendedReviewOfFinancialStatements" xlink:to="StatementOfExecutiveAndSupervisoryBoardsResponsibilityForFinancialStatementsExtendedReview" xlink:title="presentation: AuditorsReportOnExtendedReviewOfFinancialStatements to StatementOfExecutiveAndSupervisoryBoardsResponsibilityForFinancialStatementsExtendedReview" order="2.0"/>
    <link:loc xlink:type="locator" xlink:href="arr.xsd#arr_StatementOfAuditorsResponsibilityExtendedReview" xlink:label="StatementOfAuditorsResponsibilityExtendedReview" xlink:title="StatementOfAuditorsResponsibilityExtendedReview"/>
    <link:presentationArc xlink:type="arc" xlink:arcrole="http://www.xbrl.org/2003/arcrole/parent-child" xlink:from="AuditorsReportOnExtendedReviewOfFinancialStatements" xlink:to="StatementOfAuditorsResponsibilityExtendedReview" xlink:title="presentation: AuditorsReportOnExtendedReviewOfFinancialStatements to StatementOfAuditorsResponsibilityExtendedReview" order="3.0"/>
    <link:loc xlink:type="locator" xlink:href="arr.xsd#arr_DescriptionOfQualificationsOfFinancialStatementsExtendedReview" xlink:label="DescriptionOfQualificationsOfFinancialStatementsExtendedReview" xlink:title="DescriptionOfQualificationsOfFinancialStatementsExtendedReview"/>
    <link:presentationArc xlink:type="arc" xlink:arcrole="http://www.xbrl.org/2003/arcrole/parent-child" xlink:from="AuditorsReportOnExtendedReviewOfFinancialStatements" xlink:to="DescriptionOfQualificationsOfFinancialStatementsExtendedReview" xlink:title="presentation: AuditorsReportOnExtendedReviewOfFinancialStatements to DescriptionOfQualificationsOfFinancialStatementsExtendedReview" order="4.0"/>
    <link:loc xlink:type="locator" xlink:href="arr.xsd#arr_TypeOfBasisForModifiedOpinionOnFinancialStatementsExtendedReview" xlink:label="TypeOfBasisForModifiedOpinionOnFinancialStatementsExtendedReview" xlink:title="TypeOfBasisForModifiedOpinionOnFinancialStatementsExtendedReview"/>
    <link:presentationArc xlink:type="arc" xlink:arcrole="http://www.xbrl.org/2003/arcrole/parent-child" xlink:from="DescriptionOfQualificationsOfFinancialStatementsExtendedReview" xlink:to="TypeOfBasisForModifiedOpinionOnFinancialStatementsExtendedReview" xlink:title="presentation: DescriptionOfQualificationsOfFinancialStatementsExtendedReview to TypeOfBasisForModifiedOpinionOnFinancialStatementsExtendedReview" order="1.0"/>
    <link:loc xlink:type="locator" xlink:href="arr.xsd#arr_OpinionOnFinancialStatementsExtendedReview" xlink:label="OpinionOnFinancialStatementsExtendedReview" xlink:title="OpinionOnFinancialStatementsExtendedReview"/>
    <link:presentationArc xlink:type="arc" xlink:arcrole="http://www.xbrl.org/2003/arcrole/parent-child" xlink:from="AuditorsReportOnExtendedReviewOfFinancialStatements" xlink:to="OpinionOnFinancialStatementsExtendedReview" xlink:title="presentation: AuditorsReportOnExtendedReviewOfFinancialStatements to OpinionOnFinancialStatementsExtendedReview" order="5.0"/>
    <link:loc xlink:type="locator" xlink:href="arr.xsd#arr_TypeOfModifiedOpinionOnAuditedFinancialStatementsExtendedReview" xlink:label="TypeOfModifiedOpinionOnAuditedFinancialStatementsExtendedReview" xlink:title="TypeOfModifiedOpinionOnAuditedFinancialStatementsExtendedReview"/>
    <link:presentationArc xlink:type="arc" xlink:arcrole="http://www.xbrl.org/2003/arcrole/parent-child" xlink:from="OpinionOnFinancialStatementsExtendedReview" xlink:to="TypeOfModifiedOpinionOnAuditedFinancialStatementsExtendedReview" xlink:title="presentation: OpinionOnFinancialStatementsExtendedReview to TypeOfModifiedOpinionOnAuditedFinancialStatementsExtendedReview" order="1.0"/>
    <link:loc xlink:type="locator" xlink:href="arr.xsd#arr_StatementWhetherQualificationsOfFinancialStatementsAreOfSuchDecisiveImportanceThatAnnualGeneralMeetingShouldNotApproveFinancialStatementsExtendedReview" xlink:label="StatementWhetherQualificationsOfFinancialStatementsAreOfSuchDecisiveImportanceThatAnnualGeneralMeetingShouldNotApproveFinancialStatementsExtendedReview" xlink:title="StatementWhetherQualificationsOfFinancialStatementsAreOfSuchDecisiveImportanceThatAnnualGeneralMeetingShouldNotApproveFinancialStatementsExtendedReview"/>
    <link:presentationArc xlink:type="arc" xlink:arcrole="http://www.xbrl.org/2003/arcrole/parent-child" xlink:from="AuditorsReportOnExtendedReviewOfFinancialStatements" xlink:to="StatementWhetherQualificationsOfFinancialStatementsAreOfSuchDecisiveImportanceThatAnnualGeneralMeetingShouldNotApproveFinancialStatementsExtendedReview" xlink:title="presentation: AuditorsReportOnExtendedReviewOfFinancialStatements to StatementWhetherQualificationsOfFinancialStatementsAreOfSuchDecisiveImportanceThatAnnualGeneralMeetingShouldNotApproveFinancialStatementsExtendedReview" order="6.0"/>
    <link:loc xlink:type="locator" xlink:href="arr.xsd#arr_SupplementaryInformationOnMattersPertainingToFinancialStatementExtendedReview" xlink:label="SupplementaryInformationOnMattersPertainingToFinancialStatementExtendedReview" xlink:title="SupplementaryInformationOnMattersPertainingToFinancialStatementExtendedReview"/>
    <link:presentationArc xlink:type="arc" xlink:arcrole="http://www.xbrl.org/2003/arcrole/parent-child" xlink:from="AuditorsReportOnExtendedReviewOfFinancialStatements" xlink:to="SupplementaryInformationOnMattersPertainingToFinancialStatementExtendedReview" xlink:title="presentation: AuditorsReportOnExtendedReviewOfFinancialStatements to SupplementaryInformationOnMattersPertainingToFinancialStatementExtendedReview" order="7.0"/>
    <link:loc xlink:type="locator" xlink:href="arr.xsd#arr_SupplementaryInformationOnExtendedReview" xlink:label="SupplementaryInformationOnExtendedReview" xlink:title="SupplementaryInformationOnExtendedReview"/>
    <link:presentationArc xlink:type="arc" xlink:arcrole="http://www.xbrl.org/2003/arcrole/parent-child" xlink:from="AuditorsReportOnExtendedReviewOfFinancialStatements" xlink:to="SupplementaryInformationOnExtendedReview" xlink:title="presentation: AuditorsReportOnExtendedReviewOfFinancialStatements to SupplementaryInformationOnExtendedReview" order="8.0"/>
    <link:loc xlink:type="locator" xlink:href="arr.xsd#arr_AuditorsReportsAccordingToOtherLegislationAndRegulationExtendedReview" xlink:label="AuditorsReportsAccordingToOtherLegislationAndRegulationExtendedReview" xlink:title="AuditorsReportsAccordingToOtherLegislationAndRegulationExtendedReview"/>
    <link:presentationArc xlink:type="arc" xlink:arcrole="http://www.xbrl.org/2003/arcrole/parent-child" xlink:from="IndependentAuditorsReportsExtendedReview" xlink:to="AuditorsReportsAccordingToOtherLegislationAndRegulationExtendedReview" xlink:title="presentation: IndependentAuditorsReportsExtendedReview to AuditorsReportsAccordingToOtherLegislationAndRegulationExtendedReview" order="3.0"/>
    <link:loc xlink:type="locator" xlink:href="arr.xsd#arr_SupplementaryInformationOnOtherMattersExtendedReview" xlink:label="SupplementaryInformationOnOtherMattersExtendedReview" xlink:title="SupplementaryInformationOnOtherMattersExtendedReview"/>
    <link:presentationArc xlink:type="arc" xlink:arcrole="http://www.xbrl.org/2003/arcrole/parent-child" xlink:from="AuditorsReportsAccordingToOtherLegislationAndRegulationExtendedReview" xlink:to="SupplementaryInformationOnOtherMattersExtendedReview" xlink:title="presentation: AuditorsReportsAccordingToOtherLegislationAndRegulationExtendedReview to SupplementaryInformationOnOtherMattersExtendedReview" order="1.0"/>
    <link:loc xlink:type="locator" xlink:href="arr.xsd#arr_StatementOnManagementsReviewAuditorsReportOnExtendedReviewFinancialStatementsExtendedReview" xlink:label="StatementOnManagementsReviewAuditorsReportOnExtendedReviewFinancialStatementsExtendedReview" xlink:title="StatementOnManagementsReviewAuditorsReportOnExtendedReviewFinancialStatementsExtendedReview"/>
    <link:presentationArc xlink:type="arc" xlink:arcrole="http://www.xbrl.org/2003/arcrole/parent-child" xlink:from="AuditorsReportsAccordingToOtherLegislationAndRegulationExtendedReview" xlink:to="StatementOnManagementsReviewAuditorsReportOnExtendedReviewFinancialStatementsExtendedReview" xlink:title="presentation: AuditorsReportsAccordingToOtherLegislationAndRegulationExtendedReview to StatementOnManagementsReviewAuditorsReportOnExtendedReviewFinancialStatementsExtendedReview" order="2.0"/>
    <link:loc xlink:type="locator" xlink:href="arr.xsd#arr_OtherReportsExtendedReview" xlink:label="OtherReportsExtendedReview" xlink:title="OtherReportsExtendedReview"/>
    <link:presentationArc xlink:type="arc" xlink:arcrole="http://www.xbrl.org/2003/arcrole/parent-child" xlink:from="AuditorsReportsAccordingToOtherLegislationAndRegulationExtendedReview" xlink:to="OtherReportsExtendedReview" xlink:title="presentation: AuditorsReportsAccordingToOtherLegislationAndRegulationExtendedReview to OtherReportsExtendedReview" order="3.0"/>
  </link:presentationLink>
  <link:presentationLink xlink:type="extended" xlink:role="http://xbrl.dcca.dk/role/110.00/StatementsFromInternalAudit">
    <link:loc xlink:type="locator" xlink:href="../cmn.xsd#cmn_CommonHypercube" xlink:label="CommonHypercube" xlink:title="CommonHypercube"/>
    <link:loc xlink:type="locator" xlink:href="../cmn.xsd#cmn_ConsolidatedSoloDimension" xlink:label="ConsolidatedSoloDimension" xlink:title="ConsolidatedSoloDimension"/>
    <link:presentationArc xlink:type="arc" xlink:arcrole="http://www.xbrl.org/2003/arcrole/parent-child" xlink:from="CommonHypercube" xlink:to="ConsolidatedSoloDimension" xlink:title="presentation: CommonHypercube to ConsolidatedSoloDimension" use="optional" order="1.0"/>
    <link:loc xlink:type="locator" xlink:href="arr.xsd#arr_StatementsFromInternalAuditAbstract" xlink:label="StatementsFromInternalAuditAbstract" xlink:title="StatementsFromInternalAuditAbstract"/>
    <link:loc xlink:type="locator" xlink:href="arr.xsd#arr_StatementsFromInternalAudit" xlink:label="StatementsFromInternalAudit" xlink:title="StatementsFromInternalAudit"/>
    <link:presentationArc xlink:type="arc" xlink:arcrole="http://www.xbrl.org/2003/arcrole/parent-child" xlink:from="StatementsFromInternalAuditAbstract" xlink:to="StatementsFromInternalAudit" xlink:title="presentation: StatementsFromInternalAuditAbstract to StatementsFromInternalAudit" order="20.0"/>
    <link:loc xlink:type="locator" xlink:href="arr.xsd#arr_DescriptionOfTheWorkAndScopeOfTheReportStatementFromInternalAudit" xlink:label="DescriptionOfTheWorkAndScopeOfTheReportStatementFromInternalAudit" xlink:title="DescriptionOfTheWorkAndScopeOfTheReportStatementFromInternalAudit"/>
    <link:presentationArc xlink:type="arc" xlink:arcrole="http://www.xbrl.org/2003/arcrole/parent-child" xlink:from="StatementsFromInternalAudit" xlink:to="DescriptionOfTheWorkAndScopeOfTheReportStatementFromInternalAudit" xlink:title="presentation: StatementsFromInternalAudit to DescriptionOfTheWorkAndScopeOfTheReportStatementFromInternalAudit" order="1.0"/>
    <link:presentationArc xlink:type="arc" xlink:arcrole="http://www.xbrl.org/2003/arcrole/parent-child" xlink:from="StatementsFromInternalAuditAbstract" xlink:to="CommonHypercube" xlink:title="presentation: StatementsFromInternalAuditAbstract to CommonHypercube" use="optional" order="10.0"/>
    <link:loc xlink:type="locator" xlink:href="arr.xsd#arr_InformationOnSignatureInternalAudit" xlink:label="InformationOnSignatureInternalAudit" xlink:title="InformationOnSignatureInternalAudit"/>
    <link:presentationArc xlink:type="arc" xlink:arcrole="http://www.xbrl.org/2003/arcrole/parent-child" xlink:from="StatementsFromInternalAuditAbstract" xlink:to="InformationOnSignatureInternalAudit" xlink:title="presentation: StatementsFromInternalAuditAbstract to InformationOnSignatureInternalAudit" order="21.0"/>
    <link:loc xlink:type="locator" xlink:href="arr.xsd#arr_SignatureInternalAuditPlace" xlink:label="SignatureInternalAuditPlace" xlink:title="SignatureInternalAuditPlace"/>
    <link:presentationArc xlink:type="arc" xlink:arcrole="http://www.xbrl.org/2003/arcrole/parent-child" xlink:from="InformationOnSignatureInternalAudit" xlink:to="SignatureInternalAuditPlace" xlink:title="presentation: InformationOnSignatureInternalAudit to SignatureInternalAuditPlace" order="1.0"/>
    <link:loc xlink:type="locator" xlink:href="arr.xsd#arr_SignatureInternalAuditDate" xlink:label="SignatureInternalAuditDate" xlink:title="SignatureInternalAuditDate"/>
    <link:presentationArc xlink:type="arc" xlink:arcrole="http://www.xbrl.org/2003/arcrole/parent-child" xlink:from="InformationOnSignatureInternalAudit" xlink:to="SignatureInternalAuditDate" xlink:title="presentation: InformationOnSignatureInternalAudit to SignatureInternalAuditDate" order="2.0"/>
    <link:loc xlink:type="locator" xlink:href="arr.xsd#arr_DetailsOnSignatureInternalAuditAbstract" xlink:label="DetailsOnSignatureInternalAuditAbstract" xlink:title="DetailsOnSignatureInternalAuditAbstract"/>
    <link:presentationArc xlink:type="arc" xlink:arcrole="http://www.xbrl.org/2003/arcrole/parent-child" xlink:from="InformationOnSignatureInternalAudit" xlink:to="DetailsOnSignatureInternalAuditAbstract" xlink:title="presentation: InformationOnSignatureInternalAudit to DetailsOnSignatureInternalAuditAbstract" order="3.0"/>
    <link:loc xlink:type="locator" xlink:href="arr.xsd#arr_DetailsOnSignatureInternalAuditHypercube" xlink:label="DetailsOnSignatureInternalAuditHypercube" xlink:title="DetailsOnSignatureInternalAuditHypercube"/>
    <link:presentationArc xlink:type="arc" xlink:arcrole="http://www.xbrl.org/2003/arcrole/parent-child" xlink:from="DetailsOnSignatureInternalAuditAbstract" xlink:to="DetailsOnSignatureInternalAuditHypercube" xlink:title="presentation: DetailsOnSignatureInternalAuditAbstract to DetailsOnSignatureInternalAuditHypercube" order="1.0"/>
    <link:loc xlink:type="locator" xlink:href="../cmn.xsd#cmn_IdentificationOfPerformerOfInternalAuditDimension" xlink:label="IdentificationOfPerformerOfInternalAuditDimension" xlink:title="IdentificationOfPerformerOfInternalAuditDimension"/>
    <link:presentationArc xlink:type="arc" xlink:arcrole="http://www.xbrl.org/2003/arcrole/parent-child" xlink:from="DetailsOnSignatureInternalAuditHypercube" xlink:to="IdentificationOfPerformerOfInternalAuditDimension" xlink:title="presentation: DetailsOnSignatureInternalAuditHypercube to IdentificationOfPerformerOfInternalAuditDimension" order="1.0"/>
    <link:loc xlink:type="locator" xlink:href="../cmn.xsd#cmn_IdentificationNumberCprOfPerformerOfInternalAudit" xlink:label="IdentificationNumberCprOfPerformerOfInternalAudit" xlink:title="IdentificationNumberCprOfPerformerOfInternalAudit"/>
    <link:presentationArc xlink:type="arc" xlink:arcrole="http://www.xbrl.org/2003/arcrole/parent-child" xlink:from="DetailsOnSignatureInternalAuditAbstract" xlink:to="IdentificationNumberCprOfPerformerOfInternalAudit" xlink:title="presentation: DetailsOnSignatureInternalAuditAbstract to IdentificationNumberCprOfPerformerOfInternalAudit" order="2.0"/>
    <link:loc xlink:type="locator" xlink:href="../cmn.xsd#cmn_NameAndSurnameOfPerformerOfInternalAudit" xlink:label="NameAndSurnameOfPerformerOfInternalAudit" xlink:title="NameAndSurnameOfPerformerOfInternalAudit"/>
    <link:presentationArc xlink:type="arc" xlink:arcrole="http://www.xbrl.org/2003/arcrole/parent-child" xlink:from="DetailsOnSignatureInternalAuditAbstract" xlink:to="NameAndSurnameOfPerformerOfInternalAudit" xlink:title="presentation: DetailsOnSignatureInternalAuditAbstract to NameAndSurnameOfPerformerOfInternalAudit" order="3.0"/>
    <link:loc xlink:type="locator" xlink:href="../cmn.xsd#cmn_DescriptionOfPerformerOfInternalAudit" xlink:label="DescriptionOfPerformerOfInternalAudit" xlink:title="DescriptionOfPerformerOfInternalAudit"/>
    <link:presentationArc xlink:type="arc" xlink:arcrole="http://www.xbrl.org/2003/arcrole/parent-child" xlink:from="DetailsOnSignatureInternalAuditAbstract" xlink:to="DescriptionOfPerformerOfInternalAudit" xlink:title="presentation: DetailsOnSignatureInternalAuditAbstract to DescriptionOfPerformerOfInternalAudit" order="4.0"/>
    <link:loc xlink:type="locator" xlink:href="../cmn.xsd#cmn_TitleOfPerformerOfInternalAudit" xlink:label="TitleOfPerformerOfInternalAudit" xlink:title="TitleOfPerformerOfInternalAudit"/>
    <link:presentationArc xlink:type="arc" xlink:arcrole="http://www.xbrl.org/2003/arcrole/parent-child" xlink:from="DetailsOnSignatureInternalAuditAbstract" xlink:to="TitleOfPerformerOfInternalAudit" xlink:title="presentation: DetailsOnSignatureInternalAuditAbstract to TitleOfPerformerOfInternalAudit" order="5.0"/>
  </link:presentationLink>
  <link:presentationLink xlink:type="extended" xlink:role="http://xbrl.dcca.dk/role/120.00/OtherStatements">
    <link:loc xlink:type="locator" xlink:href="../cmn.xsd#cmn_CommonHypercube" xlink:label="CommonHypercube" xlink:title="CommonHypercube"/>
    <link:loc xlink:type="locator" xlink:href="../cmn.xsd#cmn_ConsolidatedSoloDimension" xlink:label="ConsolidatedSoloDimension" xlink:title="ConsolidatedSoloDimension"/>
    <link:presentationArc xlink:type="arc" xlink:arcrole="http://www.xbrl.org/2003/arcrole/parent-child" xlink:from="CommonHypercube" xlink:to="ConsolidatedSoloDimension" xlink:title="presentation: CommonHypercube to ConsolidatedSoloDimension" use="optional" order="1.0"/>
    <link:loc xlink:type="locator" xlink:href="arr.xsd#arr_OtherStatementsAbstract" xlink:label="OtherStatementsAbstract" xlink:title="OtherStatementsAbstract"/>
    <link:presentationArc xlink:type="arc" xlink:arcrole="http://www.xbrl.org/2003/arcrole/parent-child" xlink:from="OtherStatementsAbstract" xlink:to="CommonHypercube" xlink:title="presentation: OtherStatementsAbstract to CommonHypercube" order="1.0"/>
    <link:loc xlink:type="locator" xlink:href="arr.xsd#arr_DetailsOtherStatementsAbstract" xlink:label="DetailsOtherStatementsAbstract" xlink:title="DetailsOtherStatementsAbstract"/>
    <link:presentationArc xlink:type="arc" xlink:arcrole="http://www.xbrl.org/2003/arcrole/parent-child" xlink:from="OtherStatementsAbstract" xlink:to="DetailsOtherStatementsAbstract" xlink:title="presentation: OtherStatementsAbstract to DetailsOtherStatementsAbstract" order="2.0"/>
    <link:loc xlink:type="locator" xlink:href="arr.xsd#arr_DetailsOtherStatementsHypercube" xlink:label="DetailsOtherStatementsHypercube" xlink:title="DetailsOtherStatementsHypercube"/>
    <link:presentationArc xlink:type="arc" xlink:arcrole="http://www.xbrl.org/2003/arcrole/parent-child" xlink:from="DetailsOtherStatementsAbstract" xlink:to="DetailsOtherStatementsHypercube" xlink:title="presentation: DetailsOtherStatementsAbstract to DetailsOtherStatementsHypercube" order="1.0"/>
    <link:loc xlink:type="locator" xlink:href="arr.xsd#arr_IdentificationOfOtherStatementsDimension" xlink:label="IdentificationOfOtherStatementsDimension" xlink:title="IdentificationOfOtherStatementsDimension"/>
    <link:presentationArc xlink:type="arc" xlink:arcrole="http://www.xbrl.org/2003/arcrole/parent-child" xlink:from="DetailsOtherStatementsHypercube" xlink:to="IdentificationOfOtherStatementsDimension" xlink:title="presentation: DetailsOtherStatementsHypercube to IdentificationOfOtherStatementsDimension" order="1.0"/>
    <link:loc xlink:type="locator" xlink:href="arr.xsd#arr_OtherStatements" xlink:label="OtherStatements" xlink:title="OtherStatements"/>
    <link:presentationArc xlink:type="arc" xlink:arcrole="http://www.xbrl.org/2003/arcrole/parent-child" xlink:from="DetailsOtherStatementsAbstract" xlink:to="OtherStatements" xlink:title="presentation: DetailsOtherStatementsAbstract to OtherStatements" order="2.0"/>
    <link:loc xlink:type="locator" xlink:href="arr.xsd#arr_DescriptionOfTheWorkAndScopeOfTheReportOtherStatements" xlink:label="DescriptionOfTheWorkAndScopeOfTheReportOtherStatements" xlink:title="DescriptionOfTheWorkAndScopeOfTheReportOtherStatements"/>
    <link:presentationArc xlink:type="arc" xlink:arcrole="http://www.xbrl.org/2003/arcrole/parent-child" xlink:from="OtherStatements" xlink:to="DescriptionOfTheWorkAndScopeOfTheReportOtherStatements" xlink:title="presentation: OtherStatements to DescriptionOfTheWorkAndScopeOfTheReportOtherStatements" order="1.0"/>
    <link:loc xlink:type="locator" xlink:href="arr.xsd#arr_InformationOnSignatureOtherStatement" xlink:label="InformationOnSignatureOtherStatement" xlink:title="InformationOnSignatureOtherStatement"/>
    <link:presentationArc xlink:type="arc" xlink:arcrole="http://www.xbrl.org/2003/arcrole/parent-child" xlink:from="DetailsOtherStatementsAbstract" xlink:to="InformationOnSignatureOtherStatement" xlink:title="presentation: DetailsOtherStatementsAbstract to InformationOnSignatureOtherStatement" order="3.0"/>
    <link:loc xlink:type="locator" xlink:href="arr.xsd#arr_SignatureOtherStatementsPlace" xlink:label="SignatureOtherStatementsPlace" xlink:title="SignatureOtherStatementsPlace"/>
    <link:presentationArc xlink:type="arc" xlink:arcrole="http://www.xbrl.org/2003/arcrole/parent-child" xlink:from="InformationOnSignatureOtherStatement" xlink:to="SignatureOtherStatementsPlace" xlink:title="presentation: InformationOnSignatureOtherStatement to SignatureOtherStatementsPlace" order="1.0"/>
    <link:loc xlink:type="locator" xlink:href="arr.xsd#arr_copyOfSignatureOtherStatementsDate" xlink:label="copyOfSignatureOtherStatementsDate" xlink:title="copyOfSignatureOtherStatementsDate"/>
    <link:presentationArc xlink:type="arc" xlink:arcrole="http://www.xbrl.org/2003/arcrole/parent-child" xlink:from="InformationOnSignatureOtherStatement" xlink:to="copyOfSignatureOtherStatementsDate" xlink:title="presentation: InformationOnSignatureOtherStatement to copyOfSignatureOtherStatementsDate" order="2.0"/>
    <link:loc xlink:type="locator" xlink:href="arr.xsd#arr_DetailsOnSignatureOtherStatementsAbstract" xlink:label="DetailsOnSignatureOtherStatementsAbstract" xlink:title="DetailsOnSignatureOtherStatementsAbstract"/>
    <link:presentationArc xlink:type="arc" xlink:arcrole="http://www.xbrl.org/2003/arcrole/parent-child" xlink:from="OtherStatementsAbstract" xlink:to="DetailsOnSignatureOtherStatementsAbstract" xlink:title="presentation: OtherStatementsAbstract to DetailsOnSignatureOtherStatementsAbstract" order="3.0"/>
    <link:loc xlink:type="locator" xlink:href="arr.xsd#arr_DetailsOnSignatureOtherStatementsHypercube" xlink:label="DetailsOnSignatureOtherStatementsHypercube" xlink:title="DetailsOnSignatureOtherStatementsHypercube"/>
    <link:presentationArc xlink:type="arc" xlink:arcrole="http://www.xbrl.org/2003/arcrole/parent-child" xlink:from="DetailsOnSignatureOtherStatementsAbstract" xlink:to="DetailsOnSignatureOtherStatementsHypercube" xlink:title="presentation: DetailsOnSignatureOtherStatementsAbstract to DetailsOnSignatureOtherStatementsHypercube" order="1.0"/>
    <link:presentationArc xlink:type="arc" xlink:arcrole="http://www.xbrl.org/2003/arcrole/parent-child" xlink:from="DetailsOnSignatureOtherStatementsHypercube" xlink:to="IdentificationOfOtherStatementsDimension" xlink:title="presentation: DetailsOnSignatureOtherStatementsHypercube to IdentificationOfOtherStatementsDimension" order="1.0"/>
    <link:loc xlink:type="locator" xlink:href="../cmn.xsd#cmn_IdentificationOfPerformerOfOtherStatementsDimension" xlink:label="IdentificationOfPerformerOfOtherStatementsDimension" xlink:title="IdentificationOfPerformerOfOtherStatementsDimension"/>
    <link:presentationArc xlink:type="arc" xlink:arcrole="http://www.xbrl.org/2003/arcrole/parent-child" xlink:from="DetailsOnSignatureOtherStatementsHypercube" xlink:to="IdentificationOfPerformerOfOtherStatementsDimension" xlink:title="presentation: DetailsOnSignatureOtherStatementsHypercube to IdentificationOfPerformerOfOtherStatementsDimension" order="2.0"/>
    <link:loc xlink:type="locator" xlink:href="../cmn.xsd#cmn_IdentificationNumberCprOfPerformerOfOtherStatement" xlink:label="IdentificationNumberCprOfPerformerOfOtherStatement" xlink:title="IdentificationNumberCprOfPerformerOfOtherStatement"/>
    <link:presentationArc xlink:type="arc" xlink:arcrole="http://www.xbrl.org/2003/arcrole/parent-child" xlink:from="DetailsOnSignatureOtherStatementsAbstract" xlink:to="IdentificationNumberCprOfPerformerOfOtherStatement" xlink:title="presentation: DetailsOnSignatureOtherStatementsAbstract to IdentificationNumberCprOfPerformerOfOtherStatement" order="2.0"/>
    <link:loc xlink:type="locator" xlink:href="../cmn.xsd#cmn_NameAndSurnameOfPerformerOfOtherStatement" xlink:label="NameAndSurnameOfPerformerOfOtherStatement" xlink:title="NameAndSurnameOfPerformerOfOtherStatement"/>
    <link:presentationArc xlink:type="arc" xlink:arcrole="http://www.xbrl.org/2003/arcrole/parent-child" xlink:from="DetailsOnSignatureOtherStatementsAbstract" xlink:to="NameAndSurnameOfPerformerOfOtherStatement" xlink:title="presentation: DetailsOnSignatureOtherStatementsAbstract to NameAndSurnameOfPerformerOfOtherStatement" order="3.0"/>
    <link:loc xlink:type="locator" xlink:href="../cmn.xsd#cmn_IdentificationNumberCvrOfPerformerOfOtherStatement" xlink:label="IdentificationNumberCvrOfPerformerOfOtherStatement" xlink:title="IdentificationNumberCvrOfPerformerOfOtherStatement"/>
    <link:presentationArc xlink:type="arc" xlink:arcrole="http://www.xbrl.org/2003/arcrole/parent-child" xlink:from="DetailsOnSignatureOtherStatementsAbstract" xlink:to="IdentificationNumberCvrOfPerformerOfOtherStatement" xlink:title="presentation: DetailsOnSignatureOtherStatementsAbstract to IdentificationNumberCvrOfPerformerOfOtherStatement" order="4.0"/>
    <link:loc xlink:type="locator" xlink:href="../cmn.xsd#cmn_NameOfFirmperformingOtherStatement" xlink:label="NameOfFirmperformingOtherStatement" xlink:title="NameOfFirmperformingOtherStatement"/>
    <link:presentationArc xlink:type="arc" xlink:arcrole="http://www.xbrl.org/2003/arcrole/parent-child" xlink:from="DetailsOnSignatureOtherStatementsAbstract" xlink:to="NameOfFirmperformingOtherStatement" xlink:title="presentation: DetailsOnSignatureOtherStatementsAbstract to NameOfFirmperformingOtherStatement" order="5.0"/>
    <link:loc xlink:type="locator" xlink:href="../cmn.xsd#cmn_DescriptionOfPerformerOfOtherStatement" xlink:label="DescriptionOfPerformerOfOtherStatement" xlink:title="DescriptionOfPerformerOfOtherStatement"/>
    <link:presentationArc xlink:type="arc" xlink:arcrole="http://www.xbrl.org/2003/arcrole/parent-child" xlink:from="DetailsOnSignatureOtherStatementsAbstract" xlink:to="DescriptionOfPerformerOfOtherStatement" xlink:title="presentation: DetailsOnSignatureOtherStatementsAbstract to DescriptionOfPerformerOfOtherStatement" order="6.0"/>
    <link:loc xlink:type="locator" xlink:href="../cmn.xsd#cmn_TitleOfPerformerOfOtherStatements" xlink:label="TitleOfPerformerOfOtherStatements" xlink:title="TitleOfPerformerOfOtherStatements"/>
    <link:presentationArc xlink:type="arc" xlink:arcrole="http://www.xbrl.org/2003/arcrole/parent-child" xlink:from="DetailsOnSignatureOtherStatementsAbstract" xlink:to="TitleOfPerformerOfOtherStatements" xlink:title="presentation: DetailsOnSignatureOtherStatementsAbstract to TitleOfPerformerOfOtherStatements" order="7.0"/>
  </link:presentationLink>
</link:linkbase>
