<?xml version="1.0" encoding="UTF-8"?>
<!-- Generated by Fujitsu Interstage XWand B0166 -->
<?officialURI http://archprod.service.eogs.dk/taxonomy/20140701/arr/arr-lab-es.xml?>

<?taxonomy-version 1.5.0?>

<link:linkbase xmlns:xsi="http://www.w3.org/2001/XMLSchema-instance" xsi:schemaLocation="http://www.xbrl.org/2003/linkbase http://www.xbrl.org/2003/xbrl-linkbase-2003-12-31.xsd" xmlns:arr="http://xbrl.dcca.dk/arr" xmlns:link="http://www.xbrl.org/2003/linkbase" xmlns:gen="http://xbrl.org/2008/generic" xmlns:tch="http://xbrl.dcca.dk/tch" xmlns:ref="http://www.xbrl.org/2006/ref" xmlns:num="http://www.xbrl.org/dtr/type/numeric" xmlns:nonnum="http://www.xbrl.org/dtr/type/non-numeric" xmlns:xbrldt="http://xbrl.org/2005/xbrldt" xmlns:label="http://xbrl.org/2008/label" xmlns:xl="http://www.xbrl.org/2003/XLink" xmlns:cmn="http://xbrl.dcca.dk/cmn" xmlns:xbrli="http://www.xbrl.org/2003/instance" xmlns:xsd="http://www.w3.org/2001/XMLSchema" xmlns:xlink="http://www.w3.org/1999/xlink">
  <link:labelLink xlink:type="extended" xlink:role="http://www.xbrl.org/2003/role/link">
    <link:loc xlink:type="locator" xlink:href="arr.xsd#arr_AddresseeOfAuditorsReportOnAuditedFinancialStatements" xlink:label="AddresseeOfAuditorsReportOnAuditedFinancialStatements"/>
    <link:label xlink:type="resource" xlink:label="label_AddresseeOfAuditorsReportOnAuditedFinancialStatements" xlink:role="http://www.xbrl.org/2003/role/label" xml:lang="es" id="label_AddresseeOfAuditorsReportOnAuditedFinancialStatements">Destinatario del informe de auditoría sobre los estados financieros auditados</link:label>
    <link:labelArc xlink:type="arc" xlink:arcrole="http://www.xbrl.org/2003/arcrole/concept-label" xlink:from="AddresseeOfAuditorsReportOnAuditedFinancialStatements" xlink:to="label_AddresseeOfAuditorsReportOnAuditedFinancialStatements" order="10.0"/>
    <link:loc xlink:type="locator" xlink:href="arr.xsd#arr_AddresseeOfAuditorsReportOnReviewOfFinancialStatements" xlink:label="AddresseeOfAuditorsReportOnReviewOfFinancialStatements"/>
    <link:label xlink:type="resource" xlink:label="label_AddresseeOfAuditorsReportOnReviewOfFinancialStatements" xlink:role="http://www.xbrl.org/2003/role/label" xml:lang="es" id="label_AddresseeOfAuditorsReportOnReviewOfFinancialStatements">Destinatario del informe de auditoría sobre los estados financieros revisados</link:label>
    <link:labelArc xlink:type="arc" xlink:arcrole="http://www.xbrl.org/2003/arcrole/concept-label" xlink:from="AddresseeOfAuditorsReportOnReviewOfFinancialStatements" xlink:to="label_AddresseeOfAuditorsReportOnReviewOfFinancialStatements" order="10.0"/>
    <link:loc xlink:type="locator" xlink:href="arr.xsd#arr_AuditorsReportOnAuditedFinancialStatements" xlink:label="AuditorsReportOnAuditedFinancialStatements"/>
    <link:label xlink:type="resource" xlink:label="label_AuditorsReportOnAuditedFinancialStatements" xlink:role="http://www.xbrl.org/2003/role/label" xml:lang="es" id="label_AuditorsReportOnAuditedFinancialStatements">Informe de auditoría sobre los estados financieros auditados</link:label>
    <link:labelArc xlink:type="arc" xlink:arcrole="http://www.xbrl.org/2003/arcrole/concept-label" xlink:from="AuditorsReportOnAuditedFinancialStatements" xlink:to="label_AuditorsReportOnAuditedFinancialStatements" order="10.0"/>
    <link:loc xlink:type="locator" xlink:href="arr.xsd#arr_AuditorsReportOnReviewOfFinancialStatements" xlink:label="AuditorsReportOnReviewOfFinancialStatements"/>
    <link:label xlink:type="resource" xlink:label="label_AuditorsReportOnReviewOfFinancialStatements" xlink:role="http://www.xbrl.org/2003/role/label" xml:lang="es" id="label_AuditorsReportOnReviewOfFinancialStatements">Informe de auditoría sobre los estados financieros revisados</link:label>
    <link:labelArc xlink:type="arc" xlink:arcrole="http://www.xbrl.org/2003/arcrole/concept-label" xlink:from="AuditorsReportOnReviewOfFinancialStatements" xlink:to="label_AuditorsReportOnReviewOfFinancialStatements" order="10.0"/>
    <link:loc xlink:type="locator" xlink:href="arr.xsd#arr_AuditorsReportsAbstract" xlink:label="AuditorsReportsAbstract"/>
    <link:label xlink:type="resource" xlink:label="label_AuditorsReportsAbstract" xlink:role="http://www.xbrl.org/2003/role/label" xml:lang="es" id="label_AuditorsReportsAbstract">Informe de auditoría</link:label>
    <link:labelArc xlink:type="arc" xlink:arcrole="http://www.xbrl.org/2003/arcrole/concept-label" xlink:from="AuditorsReportsAbstract" xlink:to="label_AuditorsReportsAbstract" order="10.0"/>
    <link:loc xlink:type="locator" xlink:href="arr.xsd#arr_DescriptionOfQualificationsOfAssuranceEngagementPerformed" xlink:label="DescriptionOfQualificationsOfAssuranceEngagementPerformed"/>
    <link:label xlink:type="resource" xlink:label="label_DescriptionOfQualificationsOfAssuranceEngagementPerformed" xlink:role="http://www.xbrl.org/2003/role/label" xml:lang="es" id="label_DescriptionOfQualificationsOfAssuranceEngagementPerformed">Descripción de salvedades de otros trabajos de aseguramiento realizados</link:label>
    <link:labelArc xlink:type="arc" xlink:arcrole="http://www.xbrl.org/2003/arcrole/concept-label" xlink:from="DescriptionOfQualificationsOfAssuranceEngagementPerformed" xlink:to="label_DescriptionOfQualificationsOfAssuranceEngagementPerformed" order="10.0"/>
    <link:loc xlink:type="locator" xlink:href="arr.xsd#arr_DescriptionOfQualificationsOfAuditedFinancialStatements" xlink:label="DescriptionOfQualificationsOfAuditedFinancialStatements"/>
    <link:label xlink:type="resource" xlink:label="label_DescriptionOfQualificationsOfAuditedFinancialStatements" xlink:role="http://www.xbrl.org/2003/role/label" xml:lang="es" id="label_DescriptionOfQualificationsOfAuditedFinancialStatements">Descripción de salvedades de los estados financieros auditados</link:label>
    <link:labelArc xlink:type="arc" xlink:arcrole="http://www.xbrl.org/2003/arcrole/concept-label" xlink:from="DescriptionOfQualificationsOfAuditedFinancialStatements" xlink:to="label_DescriptionOfQualificationsOfAuditedFinancialStatements" order="10.0"/>
    <link:loc xlink:type="locator" xlink:href="arr.xsd#arr_DescriptionsOfQualificationsOfReviewedFinancialStatements" xlink:label="DescriptionsOfQualificationsOfReviewedFinancialStatements"/>
    <link:label xlink:type="resource" xlink:label="label_DescriptionsOfQualificationsOfReviewedFinancialStatements" xlink:role="http://www.xbrl.org/2003/role/label" xml:lang="es" id="label_DescriptionsOfQualificationsOfReviewedFinancialStatements">Descripción de salvedades de los estados financieros revisados</link:label>
    <link:labelArc xlink:type="arc" xlink:arcrole="http://www.xbrl.org/2003/arcrole/concept-label" xlink:from="DescriptionsOfQualificationsOfReviewedFinancialStatements" xlink:to="label_DescriptionsOfQualificationsOfReviewedFinancialStatements" order="10.0"/>
    <link:loc xlink:type="locator" xlink:href="arr.xsd#arr_DetailsOnSignatureOfAuditorsAppointedToPerformAssuranceEngagementHypercube" xlink:label="DetailsOnSignatureOfAuditorsAppointedToPerformAssuranceEngagementHypercube"/>
    <link:label xlink:type="resource" xlink:label="label_DetailsOnSignatureOfAuditorsAppointedToPerformAssuranceEngagementHypercube" xlink:role="http://www.xbrl.org/2003/role/label" xml:lang="es" id="label_DetailsOnSignatureOfAuditorsAppointedToPerformAssuranceEngagementHypercube">Datos sobre la firma del auditor designado para realizar otros trabajos de aseguramiento </link:label>
    <link:labelArc xlink:type="arc" xlink:arcrole="http://www.xbrl.org/2003/arcrole/concept-label" xlink:from="DetailsOnSignatureOfAuditorsAppointedToPerformAssuranceEngagementHypercube" xlink:to="label_DetailsOnSignatureOfAuditorsAppointedToPerformAssuranceEngagementHypercube" order="10.0"/>
    <link:loc xlink:type="locator" xlink:href="arr.xsd#arr_DetailsOnSignatureOfAuditorsAppointedToPerformAuditHypercube" xlink:label="DetailsOnSignatureOfAuditorsAppointedToPerformAuditHypercube"/>
    <link:label xlink:type="resource" xlink:label="label_DetailsOnSignatureOfAuditorsAppointedToPerformAuditHypercube" xlink:role="http://www.xbrl.org/2003/role/label" xml:lang="es" id="label_DetailsOnSignatureOfAuditorsAppointedToPerformAuditHypercube">Datos sobre la firma del auditor designado para realizar la auditoría</link:label>
    <link:labelArc xlink:type="arc" xlink:arcrole="http://www.xbrl.org/2003/arcrole/concept-label" xlink:from="DetailsOnSignatureOfAuditorsAppointedToPerformAuditHypercube" xlink:to="label_DetailsOnSignatureOfAuditorsAppointedToPerformAuditHypercube" order="10.0"/>
    <link:loc xlink:type="locator" xlink:href="arr.xsd#arr_DetailsOnSignatureOfAuditorsAppointedToPerformReviewHypercube" xlink:label="DetailsOnSignatureOfAuditorsAppointedToPerformReviewHypercube"/>
    <link:label xlink:type="resource" xlink:label="label_DetailsOnSignatureOfAuditorsAppointedToPerformReviewHypercube" xlink:role="http://www.xbrl.org/2003/role/label" xml:lang="es" id="label_DetailsOnSignatureOfAuditorsAppointedToPerformReviewHypercube">Datos sobre la firma del auditor designado para realizar la revisión</link:label>
    <link:labelArc xlink:type="arc" xlink:arcrole="http://www.xbrl.org/2003/arcrole/concept-label" xlink:from="DetailsOnSignatureOfAuditorsAppointedToPerformReviewHypercube" xlink:to="label_DetailsOnSignatureOfAuditorsAppointedToPerformReviewHypercube" order="10.0"/>
    <link:loc xlink:type="locator" xlink:href="arr.xsd#arr_IdentificationOfAuditedFinancialStatements" xlink:label="IdentificationOfAuditedFinancialStatements"/>
    <link:label xlink:type="resource" xlink:label="label_IdentificationOfAuditedFinancialStatements" xlink:role="http://www.xbrl.org/2003/role/label" xml:lang="es" id="label_IdentificationOfAuditedFinancialStatements">Identificación de los estados financieros auditados y descripción del marco de presentación de información financiera aplicado en la preparación de los estados financieros auditoría)</link:label>
    <link:labelArc xlink:type="arc" xlink:arcrole="http://www.xbrl.org/2003/arcrole/concept-label" xlink:from="IdentificationOfAuditedFinancialStatements" xlink:to="label_IdentificationOfAuditedFinancialStatements" order="10.0"/>
    <link:loc xlink:type="locator" xlink:href="arr.xsd#arr_IdentificationOfReviewedFinancialStatement" xlink:label="IdentificationOfReviewedFinancialStatement"/>
    <link:label xlink:type="resource" xlink:label="label_IdentificationOfReviewedFinancialStatement" xlink:role="http://www.xbrl.org/2003/role/label" xml:lang="es" id="label_IdentificationOfReviewedFinancialStatement">Identificación de los estados financieros revisados</link:label>
    <link:labelArc xlink:type="arc" xlink:arcrole="http://www.xbrl.org/2003/arcrole/concept-label" xlink:from="IdentificationOfReviewedFinancialStatement" xlink:to="label_IdentificationOfReviewedFinancialStatement" order="10.0"/>
    <link:loc xlink:type="locator" xlink:href="arr.xsd#arr_OpinionOnAuditedFinancialStatements" xlink:label="OpinionOnAuditedFinancialStatements"/>
    <link:label xlink:type="resource" xlink:label="label_OpinionOnAuditedFinancialStatements" xlink:role="http://www.xbrl.org/2003/role/label" xml:lang="es" id="label_OpinionOnAuditedFinancialStatements">Opinión sobre los estados financieros auditados </link:label>
    <link:labelArc xlink:type="arc" xlink:arcrole="http://www.xbrl.org/2003/arcrole/concept-label" xlink:from="OpinionOnAuditedFinancialStatements" xlink:to="label_OpinionOnAuditedFinancialStatements" order="10.0"/>
    <link:loc xlink:type="locator" xlink:href="arr.xsd#arr_OpinionOnReviewedFinancialStatements" xlink:label="OpinionOnReviewedFinancialStatements"/>
    <link:label xlink:type="resource" xlink:label="label_OpinionOnReviewedFinancialStatements" xlink:role="http://www.xbrl.org/2003/role/label" xml:lang="es" id="label_OpinionOnReviewedFinancialStatements">Opinión sobre los estados financieros revisados</link:label>
    <link:labelArc xlink:type="arc" xlink:arcrole="http://www.xbrl.org/2003/arcrole/concept-label" xlink:from="OpinionOnReviewedFinancialStatements" xlink:to="label_OpinionOnReviewedFinancialStatements" order="10.0"/>
    <link:loc xlink:type="locator" xlink:href="arr.xsd#arr_OpinionOnSubjectMatterOfAssuranceReport" xlink:label="OpinionOnSubjectMatterOfAssuranceReport"/>
    <link:label xlink:type="resource" xlink:label="label_OpinionOnSubjectMatterOfAssuranceReport" xlink:role="http://www.xbrl.org/2003/role/label" xml:lang="es" id="label_OpinionOnSubjectMatterOfAssuranceReport">Opinión sobre el contenido de otros informes de aseguramiento</link:label>
    <link:labelArc xlink:type="arc" xlink:arcrole="http://www.xbrl.org/2003/arcrole/concept-label" xlink:from="OpinionOnSubjectMatterOfAssuranceReport" xlink:to="label_OpinionOnSubjectMatterOfAssuranceReport" order="10.0"/>
    <link:loc xlink:type="locator" xlink:href="arr.xsd#arr_OtherAssuranceReports" xlink:label="OtherAssuranceReports"/>
    <link:label xlink:type="resource" xlink:label="label_OtherAssuranceReports" xlink:role="http://www.xbrl.org/2003/role/label" xml:lang="es" id="label_OtherAssuranceReports">Otros informes de aseguramiento</link:label>
    <link:labelArc xlink:type="arc" xlink:arcrole="http://www.xbrl.org/2003/arcrole/concept-label" xlink:from="OtherAssuranceReports" xlink:to="label_OtherAssuranceReports" order="10.0"/>
    <link:loc xlink:type="locator" xlink:href="arr.xsd#arr_StatementOfAuditorsResponsibilityOtherAssuranceReports" xlink:label="StatementOfAuditorsResponsibilityForAssuranceEngagementAndAssuranceEngagementPerformed"/>
    <link:label xlink:type="resource" xlink:label="label_StatementOfAuditorsResponsibilityForAssuranceEngagementAndAssuranceEngagementPerformed" xlink:role="http://www.xbrl.org/2003/role/label" xml:lang="es" id="label_StatementOfAuditorsResponsibilityForAssuranceEngagementAndAssuranceEngagementPerformed">Declaración de responsabilidad del auditor (otros informes de aseguramiento)</link:label>
    <link:labelArc xlink:type="arc" xlink:arcrole="http://www.xbrl.org/2003/arcrole/concept-label" xlink:from="StatementOfAuditorsResponsibilityForAssuranceEngagementAndAssuranceEngagementPerformed" xlink:to="label_StatementOfAuditorsResponsibilityForAssuranceEngagementAndAssuranceEngagementPerformed" order="10.0"/>
    <link:loc xlink:type="locator" xlink:href="arr.xsd#arr_StatementOfAuditorsResponsibilityForAuditAndAuditPerformed" xlink:label="StatementOfAuditorsResponsibilityForAuditAndAuditPerformed"/>
    <link:label xlink:type="resource" xlink:label="label_StatementOfAuditorsResponsibilityForAuditAndAuditPerformed" xlink:role="http://www.xbrl.org/2003/role/label" xml:lang="es" id="label_StatementOfAuditorsResponsibilityForAuditAndAuditPerformed">Declaración de responsabilidad del auditor (auditoría)</link:label>
    <link:labelArc xlink:type="arc" xlink:arcrole="http://www.xbrl.org/2003/arcrole/concept-label" xlink:from="StatementOfAuditorsResponsibilityForAuditAndAuditPerformed" xlink:to="label_StatementOfAuditorsResponsibilityForAuditAndAuditPerformed" order="10.0"/>
    <link:loc xlink:type="locator" xlink:href="arr.xsd#arr_StatementOfAuditorsResponsibilityForReview" xlink:label="StatementOfAuditorsResponsibilityForReview"/>
    <link:label xlink:type="resource" xlink:label="label_StatementOfAuditorsResponsibilityForReview" xlink:role="http://www.xbrl.org/2003/role/label" xml:lang="es" id="label_StatementOfAuditorsResponsibilityForReview">Declaración de responsabilidad del auditor (revisión)</link:label>
    <link:labelArc xlink:type="arc" xlink:arcrole="http://www.xbrl.org/2003/arcrole/concept-label" xlink:from="StatementOfAuditorsResponsibilityForReview" xlink:to="label_StatementOfAuditorsResponsibilityForReview" order="10.0"/>
    <link:loc xlink:type="locator" xlink:href="arr.xsd#arr_StatementOnManagementsReviewAuditorsReportOnAuditedFinancialStatements" xlink:label="StatementOnManagementsReviewAuditorsReportOnAuditedFinancialStatements"/>
    <link:label xlink:type="resource" xlink:label="label_StatementOnManagementsReviewAuditorsReportOnAuditedFinancialStatements" xlink:role="http://www.xbrl.org/2003/role/label" xml:lang="es" id="label_StatementOnManagementsReviewAuditorsReportOnAuditedFinancialStatements">Declaración sobre la revisión de la Dirección [Informe de auditoría sobre los estados financieros auditados]</link:label>
    <link:labelArc xlink:type="arc" xlink:arcrole="http://www.xbrl.org/2003/arcrole/concept-label" xlink:from="StatementOnManagementsReviewAuditorsReportOnAuditedFinancialStatements" xlink:to="label_StatementOnManagementsReviewAuditorsReportOnAuditedFinancialStatements" order="10.0"/>
    <link:loc xlink:type="locator" xlink:href="arr.xsd#arr_StatementOnReviewPerformed" xlink:label="StatementOnReviewPerformed"/>
    <link:label xlink:type="resource" xlink:label="label_StatementOnReviewPerformed" xlink:role="http://www.xbrl.org/2003/role/label" xml:lang="es" id="label_StatementOnReviewPerformed">Declaración sobre el alcance de la revisión</link:label>
    <link:labelArc xlink:type="arc" xlink:arcrole="http://www.xbrl.org/2003/arcrole/concept-label" xlink:from="StatementOnReviewPerformed" xlink:to="label_StatementOnReviewPerformed" order="10.0"/>
    <link:loc xlink:type="locator" xlink:href="arr.xsd#arr_StatementWhetherQualificationsOfAuditedFinancialStatementsAreOfSuchDecisiveImportanceThatAnnualGeneralMeetingShouldNotApproveFinancialStatements" xlink:label="StatementWhetherQualificationsOfAuditedFinancialStatementsAreOfSuchDecisiveImportanceThatAnnualGeneralMeetingShouldNotApproveFinancialStatements"/>
    <link:label xlink:type="resource" xlink:label="label_StatementWhetherQualificationsOfAuditedFinancialStatementsAreOfSuchDecisiveImportanceThatAnnualGeneralMeetingShouldNotApproveFinancialStatements" xlink:role="http://www.xbrl.org/2003/role/label" xml:lang="es" id="label_StatementWhetherQualificationsOfAuditedFinancialStatementsAreOfSuchDecisiveImportanceThatAnnualGeneralMeetingShouldNotApproveFinancialStatements">Declaración sobre si las salvedades en los estados financieros auditados son de una importancia tan decisiva que la junta general ordinaria no debería aprobar los estados financieros (Auditoría)</link:label>
    <link:labelArc xlink:type="arc" xlink:arcrole="http://www.xbrl.org/2003/arcrole/concept-label" xlink:from="StatementWhetherQualificationsOfAuditedFinancialStatementsAreOfSuchDecisiveImportanceThatAnnualGeneralMeetingShouldNotApproveFinancialStatements" xlink:to="label_StatementWhetherQualificationsOfAuditedFinancialStatementsAreOfSuchDecisiveImportanceThatAnnualGeneralMeetingShouldNotApproveFinancialStatements" order="10.0"/>
    <link:loc xlink:type="locator" xlink:href="arr.xsd#arr_SupplementaryInformationOnAssurance" xlink:label="SupplementaryInformationOnAssurance"/>
    <link:label xlink:type="resource" xlink:label="label_SupplementaryInformationOnAssurance" xlink:role="http://www.xbrl.org/2003/role/label" xml:lang="es" id="label_SupplementaryInformationOnAssurance">Párrafo de énfasis</link:label>
    <link:labelArc xlink:type="arc" xlink:arcrole="http://www.xbrl.org/2003/arcrole/concept-label" xlink:from="SupplementaryInformationOnAssurance" xlink:to="label_SupplementaryInformationOnAssurance" order="10.0"/>
    <link:loc xlink:type="locator" xlink:href="arr.xsd#arr_SupplementaryInformationOnAuditorsReview" xlink:label="SupplementaryInformationOnAuditorsReview"/>
    <link:label xlink:type="resource" xlink:label="label_SupplementaryInformationOnAuditorsReview" xlink:role="http://www.xbrl.org/2003/role/label" xml:lang="es" id="label_SupplementaryInformationOnAuditorsReview">Párrafo de énfasis (revisión)</link:label>
    <link:labelArc xlink:type="arc" xlink:arcrole="http://www.xbrl.org/2003/arcrole/concept-label" xlink:from="SupplementaryInformationOnAuditorsReview" xlink:to="label_SupplementaryInformationOnAuditorsReview" order="10.0"/>
    <link:loc xlink:type="locator" xlink:href="arr.xsd#arr_SupplementaryInformationOnMattersPertainingToAuditedFinancialStatement" xlink:label="SupplementaryInformationOnMattersPertainingToAuditedFinancialStatement"/>
    <link:label xlink:type="resource" xlink:label="label_SupplementaryInformationOnMattersPertainingToAuditedFinancialStatement" xlink:role="http://www.xbrl.org/2003/role/label" xml:lang="es" id="label_SupplementaryInformationOnMattersPertainingToAuditedFinancialStatement">Párrafo de énfasis que afecta a los estados financieros (Auditoría)</link:label>
    <link:labelArc xlink:type="arc" xlink:arcrole="http://www.xbrl.org/2003/arcrole/concept-label" xlink:from="SupplementaryInformationOnMattersPertainingToAuditedFinancialStatement" xlink:to="label_SupplementaryInformationOnMattersPertainingToAuditedFinancialStatement" order="10.0"/>
    <link:loc xlink:type="locator" xlink:href="arr.xsd#arr_SupplementaryInformationOnOtherMatters" xlink:label="SupplementaryInformationOnOtherMatters"/>
    <link:label xlink:type="resource" xlink:label="label_SupplementaryInformationOnOtherMatters" xlink:role="http://www.xbrl.org/2003/role/label" xml:lang="es" id="label_SupplementaryInformationOnOtherMatters">Párrafo de énfasis con respecto a otras cuestiones (Auditoría)</link:label>
    <link:labelArc xlink:type="arc" xlink:arcrole="http://www.xbrl.org/2003/arcrole/concept-label" xlink:from="SupplementaryInformationOnOtherMatters" xlink:to="label_SupplementaryInformationOnOtherMatters" order="10.0"/>
    <link:loc xlink:type="locator" xlink:href="arr.xsd#arr_StatementOfExecutiveAndSupervisoryBoardsResponsibilityForFinancialStatements" xlink:label="StatementOfExecutiveAndSupervisoryBoardsResponsibilityForFinancialStatements"/>
    <link:label xlink:type="resource" xlink:label="label_StatementOfExecutiveAndSupervisoryBoardsResponsibilityForFinancialStatements" xlink:role="http://www.xbrl.org/2003/role/label" xml:lang="es" id="label_StatementOfExecutiveAndSupervisoryBoardsResponsibilityForFinancialStatements">Declaración de responsabilidad del consejo ejecutivo y del consejo de supervisión con respecto a los estados financieros (Auditoría)</link:label>
    <link:labelArc xlink:type="arc" xlink:arcrole="http://www.xbrl.org/2003/arcrole/concept-label" xlink:from="StatementOfExecutiveAndSupervisoryBoardsResponsibilityForFinancialStatements" xlink:to="label_StatementOfExecutiveAndSupervisoryBoardsResponsibilityForFinancialStatements" order="10.0"/>
    <link:loc xlink:type="locator" xlink:href="arr.xsd#arr_StatementOnManagementsReviewAuditorsReportOnReviewOfFinancialStatements" xlink:label="StatementOnManagementsReviewAuditorsReportOnReviewOfFinancialStatements"/>
    <link:label xlink:type="resource" xlink:label="label_StatementOnManagementsReviewAuditorsReportOnReviewOfFinancialStatements" xlink:role="http://www.xbrl.org/2003/role/label" xml:lang="es" id="label_StatementOnManagementsReviewAuditorsReportOnReviewOfFinancialStatements">Declaración sobre la revisión de la Dirección [Informe de auditoría sobre la revisión de los estados financieros]</link:label>
    <link:labelArc xlink:type="arc" xlink:arcrole="http://www.xbrl.org/2003/arcrole/concept-label" xlink:from="StatementOnManagementsReviewAuditorsReportOnReviewOfFinancialStatements" xlink:to="label_StatementOnManagementsReviewAuditorsReportOnReviewOfFinancialStatements" order="10.0"/>
    <link:loc xlink:type="locator" xlink:href="arr.xsd#arr_StatementOnManagementsResponsibilityAuditorsReportOnReviewOfFinancialStatements" xlink:label="StatementOnManagementsResponsibilityAuditorsReportOnReviewOfFinancialStatements"/>
    <link:label xlink:type="resource" xlink:label="label_StatementOnManagementsResponsibilityAuditorsReportOnReviewOfFinancialStatements" xlink:role="http://www.xbrl.org/2003/role/label" xml:lang="es" id="label_StatementOnManagementsResponsibilityAuditorsReportOnReviewOfFinancialStatements">Declaración de responsabilidad de la Dirección [Informe de auditoría sobre la revisión de los estados financieros]</link:label>
    <link:labelArc xlink:type="arc" xlink:arcrole="http://www.xbrl.org/2003/arcrole/concept-label" xlink:from="StatementOnManagementsResponsibilityAuditorsReportOnReviewOfFinancialStatements" xlink:to="label_StatementOnManagementsResponsibilityAuditorsReportOnReviewOfFinancialStatements" order="10.0"/>
    <link:loc xlink:type="locator" xlink:href="arr.xsd#arr_StatementOnManagementsResponsibilityOtherAssuranceReports" xlink:label="StatementOnManagementsResponsibilityOtherAssuranceReports"/>
    <link:label xlink:type="resource" xlink:label="label_StatementOnManagementsResponsibilityOtherAssuranceReports" xlink:role="http://www.xbrl.org/2003/role/label" xml:lang="es" id="label_StatementOnManagementsResponsibilityOtherAssuranceReports">Declaración de responsabilidad de la Dirección [Otros informes de aseguramiento]</link:label>
    <link:labelArc xlink:type="arc" xlink:arcrole="http://www.xbrl.org/2003/arcrole/concept-label" xlink:from="StatementOnManagementsResponsibilityOtherAssuranceReports" xlink:to="label_StatementOnManagementsResponsibilityOtherAssuranceReports" order="10.0"/>
    <link:loc xlink:type="locator" xlink:href="arr.xsd#arr_OtherReports" xlink:label="OtherReports"/>
    <link:label xlink:type="resource" xlink:label="label_OtherReports" xlink:role="http://www.xbrl.org/2003/role/label" xml:lang="es" id="label_OtherReports">Otros informes distintos de los informes de aseguramiento </link:label>
    <link:labelArc xlink:type="arc" xlink:arcrole="http://www.xbrl.org/2003/arcrole/concept-label" xlink:from="OtherReports" xlink:to="label_OtherReports" order="10.0"/>
    <link:loc xlink:type="locator" xlink:href="arr.xsd#arr_DescriptionOfOtherEngagement" xlink:label="DescriptionOfOtherEngagement"/>
    <link:label xlink:type="resource" xlink:label="label_DescriptionOfOtherEngagement" xlink:role="http://www.xbrl.org/2003/role/label" xml:lang="es" id="label_DescriptionOfOtherEngagement">Descripción de otros trabajos distintos de los trabajos de aseguramiento</link:label>
    <link:labelArc xlink:type="arc" xlink:arcrole="http://www.xbrl.org/2003/arcrole/concept-label" xlink:from="DescriptionOfOtherEngagement" xlink:to="label_DescriptionOfOtherEngagement" order="10.0"/>
    <link:loc xlink:type="locator" xlink:href="arr.xsd#arr_DetailsOnSignatureOfAuditorsAppointedToPerformOtherEngagementHypercube" xlink:label="DetailsOnSignatureOfAuditorsAppointedToPerformOtherEngagementHypercube"/>
    <link:label xlink:type="resource" xlink:label="label_DetailsOnSignatureOfAuditorsAppointedToPerformOtherEngagementHypercube" xlink:role="http://www.xbrl.org/2003/role/label" xml:lang="es" id="label_DetailsOnSignatureOfAuditorsAppointedToPerformOtherEngagementHypercube">Datos sobre la firma del auditor designado para realizar otros trabajos distintos de los trabajos de aseguramiento </link:label>
    <link:labelArc xlink:type="arc" xlink:arcrole="http://www.xbrl.org/2003/arcrole/concept-label" xlink:from="DetailsOnSignatureOfAuditorsAppointedToPerformOtherEngagementHypercube" xlink:to="label_DetailsOnSignatureOfAuditorsAppointedToPerformOtherEngagementHypercube" order="10.0"/>
    <link:loc xlink:type="locator" xlink:href="arr.xsd#arr_SupplementaryInformationOnAudit" xlink:label="SupplementaryInformationOnAudit"/>
    <link:label xlink:type="resource" xlink:label="label_SupplementaryInformationOnAudit_2" xlink:role="http://www.xbrl.org/2003/role/label" xml:lang="es" id="label_SupplementaryInformationOnAudit_2">Otras cuestiones (auditoría)</link:label>
    <link:labelArc xlink:type="arc" xlink:arcrole="http://www.xbrl.org/2003/arcrole/concept-label" xlink:from="SupplementaryInformationOnAudit" xlink:to="label_SupplementaryInformationOnAudit_2" order="10.0"/>
    <link:loc xlink:type="locator" xlink:href="arr.xsd#arr_IndependentAuditorsReportsAudit" xlink:label="newItem" xlink:title="newItem"/>
    <link:label xlink:type="resource" xlink:label="label_newItem_2" xlink:role="http://www.xbrl.org/2003/role/label" xlink:title="label_newItem" xml:lang="es" id="label_newItem_2">Los informes de auditoría independientes (Auditoría)</link:label>
    <link:labelArc xlink:type="arc" xlink:arcrole="http://www.xbrl.org/2003/arcrole/concept-label" xlink:from="newItem" xlink:to="label_newItem_2" xlink:title="label: newItem to label_newItem"/>
    <link:loc xlink:type="locator" xlink:href="arr.xsd#arr_AuditorsReportOnFinancialStatements" xlink:label="newItem_2" xlink:title="newItem"/>
    <link:label xlink:type="resource" xlink:label="label_newItem_4" xlink:role="http://www.xbrl.org/2003/role/label" xlink:title="label_newItem" xml:lang="es" id="label_newItem_4">Informe sobre los estados financieros (Auditoría)</link:label>
    <link:labelArc xlink:type="arc" xlink:arcrole="http://www.xbrl.org/2003/arcrole/concept-label" xlink:from="newItem_2" xlink:to="label_newItem_4" xlink:title="label: newItem to label_newItem"/>
    <link:loc xlink:type="locator" xlink:href="arr.xsd#arr_AuditorsReportsAccordingToOtherLegislationAndRegulation" xlink:label="newItem_3" xlink:title="newItem"/>
    <link:label xlink:type="resource" xlink:label="label_newItem_6" xlink:role="http://www.xbrl.org/2003/role/label" xlink:title="label_newItem" xml:lang="es" id="label_newItem_6">Informes sobre otros requisitos legales y normativos (auditoría) </link:label>
    <link:labelArc xlink:type="arc" xlink:arcrole="http://www.xbrl.org/2003/arcrole/concept-label" xlink:from="newItem_3" xlink:to="label_newItem_6" xlink:title="label: newItem to label_newItem"/>
    <link:loc xlink:type="locator" xlink:href="arr.xsd#arr_OtherReportsAuditorsReport" xlink:label="newItem_4" xlink:title="newItem"/>
    <link:label xlink:type="resource" xlink:label="label_newItem_7" xlink:role="http://www.xbrl.org/2003/role/label" xlink:title="label_newItem" xml:lang="es" id="label_newItem_7">Otros informes (Informe de auditoría)</link:label>
    <link:labelArc xlink:type="arc" xlink:arcrole="http://www.xbrl.org/2003/arcrole/concept-label" xlink:from="newItem_4" xlink:to="label_newItem_7" xlink:title="label: newItem to label_newItem"/>
    <link:loc xlink:type="locator" xlink:href="arr.xsd#arr_DetailsOnSignatureAuditorsHypercube" xlink:label="DetailsOnSignatureAuditorsHypercube" xlink:title="DetailsOnSignatureAuditorsHypercube"/>
    <link:label xlink:type="resource" xlink:label="label_DetailsOnSignatureAuditorsHypercube" xlink:role="http://www.xbrl.org/2003/role/label" xlink:title="label_DetailsOnSignatureAuditorsHypercube" xml:lang="es" id="label_DetailsOnSignatureAuditorsHypercube">Datos sobre la firma del auditor</link:label>
    <link:labelArc xlink:type="arc" xlink:arcrole="http://www.xbrl.org/2003/arcrole/concept-label" xlink:from="DetailsOnSignatureAuditorsHypercube" xlink:to="label_DetailsOnSignatureAuditorsHypercube" xlink:title="label: DetailsOnSignatureAuditorsHypercube to label_DetailsOnSignatureAuditorsHypercube"/>
    <link:loc xlink:type="locator" xlink:href="arr.xsd#arr_DetailsOnSignatureAuditorsAbstract" xlink:label="newItem_5" xlink:title="newItem"/>
    <link:label xlink:type="resource" xlink:label="label_newItem_10" xlink:role="http://www.xbrl.org/2003/role/label" xlink:title="label_newItem" xml:lang="es" id="label_newItem_10">Datos sobre la firma del auditor</link:label>
    <link:labelArc xlink:type="arc" xlink:arcrole="http://www.xbrl.org/2003/arcrole/concept-label" xlink:from="newItem_5" xlink:to="label_newItem_10" xlink:title="label: newItem to label_newItem"/>
    <link:loc xlink:type="locator" xlink:href="arr.xsd#arr_InformationOnSignatureOfAuditors" xlink:label="InformationOnSignatureOfAuditors" xlink:title="InformationOnSignatureOfAuditors"/>
    <link:label xlink:type="resource" xlink:label="label_InformationOnSignatureOfAuditors_2" xlink:role="http://www.xbrl.org/2003/role/label" xlink:title="label_InformationOnSignatureOfAuditors" xml:lang="es" id="label_InformationOnSignatureOfAuditors_2">Información sobre la firma del auditor</link:label>
    <link:labelArc xlink:type="arc" xlink:arcrole="http://www.xbrl.org/2003/arcrole/concept-label" xlink:from="InformationOnSignatureOfAuditors" xlink:to="label_InformationOnSignatureOfAuditors_2" xlink:title="label: InformationOnSignatureOfAuditors to label_InformationOnSignatureOfAuditors"/>
    <link:loc xlink:type="locator" xlink:href="arr.xsd#arr_IndependentAuditorsReportsReview" xlink:label="newItem_6" xlink:title="newItem"/>
    <link:label xlink:type="resource" xlink:label="label_newItem_12" xlink:role="http://www.xbrl.org/2003/role/label" xlink:title="label_newItem" xml:lang="es" id="label_newItem_12">Los informes de auditoría independientes (Revisión)</link:label>
    <link:labelArc xlink:type="arc" xlink:arcrole="http://www.xbrl.org/2003/arcrole/concept-label" xlink:from="newItem_6" xlink:to="label_newItem_12" xlink:title="label: newItem to label_newItem"/>
    <link:loc xlink:type="locator" xlink:href="arr.xsd#arr_IndependentAuditorsReportsOtherAssuranceReports" xlink:label="newItem2" xlink:title="newItem2"/>
    <link:label xlink:type="resource" xlink:label="label_newItem2_2" xlink:role="http://www.xbrl.org/2003/role/label" xlink:title="label_newItem2" xml:lang="es" id="label_newItem2_2">Los informes de auditoría independientes (Otros informes de aseguramiento)</link:label>
    <link:labelArc xlink:type="arc" xlink:arcrole="http://www.xbrl.org/2003/arcrole/concept-label" xlink:from="newItem2" xlink:to="label_newItem2_2" xlink:title="label: newItem2 to label_newItem2"/>
    <link:loc xlink:type="locator" xlink:href="arr.xsd#arr_AuditorsReportsOtherReports" xlink:label="newItem3" xlink:title="newItem3"/>
    <link:label xlink:type="resource" xlink:label="label_newItem3_2" xlink:role="http://www.xbrl.org/2003/role/label" xlink:title="label_newItem3" xml:lang="es" id="label_newItem3_2">Informes de auditoría (Otros informes distintos de los informes de aseguramiento)</link:label>
    <link:labelArc xlink:type="arc" xlink:arcrole="http://www.xbrl.org/2003/arcrole/concept-label" xlink:from="newItem3" xlink:to="label_newItem3_2" xlink:title="label: newItem3 to label_newItem3"/>
    <link:loc xlink:type="locator" xlink:href="arr.xsd#arr_IdentificationOfMattersOnWhichAssuranceReportIsProvidedAndDescriptionOfAssuranceEngagement" xlink:label="newItem_7" xlink:title="newItem"/>
    <link:label xlink:type="resource" xlink:label="label_newItem_14" xlink:role="http://www.xbrl.org/2003/role/label" xlink:title="label_newItem" xml:lang="es" id="label_newItem_14">Identificación del contenido del informe de aseguramiento y descripción del trabajo de aseguramiento</link:label>
    <link:labelArc xlink:type="arc" xlink:arcrole="http://www.xbrl.org/2003/arcrole/concept-label" xlink:from="newItem_7" xlink:to="label_newItem_14" xlink:title="label: newItem to label_newItem"/>
    <link:loc xlink:type="locator" xlink:href="arr.xsd#arr_SignatureOfAuditorsDate" xlink:label="newItem_8" xlink:title="newItem"/>
    <link:label xlink:type="resource" xlink:label="label_newItem_15" xlink:role="http://www.xbrl.org/2003/role/label" xlink:title="label_newItem" xml:lang="es" id="label_newItem_15">Firma del auditor, fecha</link:label>
    <link:labelArc xlink:type="arc" xlink:arcrole="http://www.xbrl.org/2003/arcrole/concept-label" xlink:from="newItem_8" xlink:to="label_newItem_15" xlink:title="label: newItem to label_newItem"/>
    <link:loc xlink:type="locator" xlink:href="arr.xsd#arr_SignatureOfAuditorsPlace" xlink:label="newItem2_2" xlink:title="newItem2"/>
    <link:label xlink:type="resource" xlink:label="label_newItem2_3" xlink:role="http://www.xbrl.org/2003/role/label" xlink:title="label_newItem2" xml:lang="es" id="label_newItem2_3">Firma del auditor, lugar</link:label>
    <link:labelArc xlink:type="arc" xlink:arcrole="http://www.xbrl.org/2003/arcrole/concept-label" xlink:from="newItem2_2" xlink:to="label_newItem2_3" xlink:title="label: newItem2 to label_newItem2"/>
    <link:loc xlink:type="locator" xlink:href="arr.xsd#arr_AddresseeOfAuditorsReportOnOtherAssuranceReports" xlink:label="copyOfAddresseeOfAuditorsReportOnReviewOfFinancialStatements" xlink:title="copyOfAddresseeOfAuditorsReportOnReviewOfFinancialStatements"/>
    <link:label xlink:type="resource" xlink:label="label_AddresseeOfAuditorsReportOnOtherAssuranceReports" xlink:role="http://www.xbrl.org/2003/role/label" xlink:title="label_AddresseeOfAuditorsReportOnOtherAssuranceReports" xml:lang="es" id="label_AddresseeOfAuditorsReportOnOtherAssuranceReports">Destinatario del informe de auditoría (otros informes de aseguramiento)</link:label>
    <link:labelArc xlink:type="arc" xlink:arcrole="http://www.xbrl.org/2003/arcrole/concept-label" xlink:from="copyOfAddresseeOfAuditorsReportOnReviewOfFinancialStatements" xlink:to="label_AddresseeOfAuditorsReportOnOtherAssuranceReports" xlink:title="label: AddresseeOfAuditorsReportOnOtherAssuranceReports to label_AddresseeOfAuditorsReportOnOtherAssuranceReports"/>
    <link:loc xlink:type="locator" xlink:href="arr.xsd#arr_AddresseeOfAuditorsReportOnOtherReport" xlink:label="copyOfAddresseeOfAuditorsReportOnReviewOfFinancialStatements2" xlink:title="copyOfAddresseeOfAuditorsReportOnReviewOfFinancialStatements2"/>
    <link:label xlink:type="resource" xlink:label="label_AddresseeOfAuditorsReportOnOtherReport" xlink:role="http://www.xbrl.org/2003/role/label" xlink:title="label_AddresseeOfAuditorsReportOnOtherReport" xml:lang="es" id="label_AddresseeOfAuditorsReportOnOtherReport">Destinatario del informe de auditoría (otros informes distintos de los informes de aseguramiento)</link:label>
    <link:labelArc xlink:type="arc" xlink:arcrole="http://www.xbrl.org/2003/arcrole/concept-label" xlink:from="copyOfAddresseeOfAuditorsReportOnReviewOfFinancialStatements2" xlink:to="label_AddresseeOfAuditorsReportOnOtherReport" xlink:title="label: AddresseeOfAuditorsReportOnOtherReport to label_AddresseeOfAuditorsReportOnOtherReport"/>
    <link:loc xlink:type="locator" xlink:href="arr.xsd#arr_StatementsFromInternalAuditAbstract" xlink:label="StatementsFromInternalAuditAbstract" xlink:title="StatementsFromInternalAuditAbstract"/>
    <link:label xlink:type="resource" xlink:label="label_StatementsFromInternalAuditAbstract" xlink:role="http://www.xbrl.org/2003/role/label" xlink:title="label_StatementsFromInternalAuditAbstract" xml:lang="es" id="label_StatementsFromInternalAuditAbstract">Declaración de la auditoría interna</link:label>
    <link:labelArc xlink:type="arc" xlink:arcrole="http://www.xbrl.org/2003/arcrole/concept-label" xlink:from="StatementsFromInternalAuditAbstract" xlink:to="label_StatementsFromInternalAuditAbstract" xlink:title="label: StatementsFromInternalAuditAbstract to label_StatementsFromInternalAuditAbstract"/>
    <link:loc xlink:type="locator" xlink:href="arr.xsd#arr_OtherStatementsAbstract" xlink:label="OtherStatementsAbstract" xlink:title="OtherStatementsAbstract"/>
    <link:label xlink:type="resource" xlink:label="label_OtherStatementsAbstract" xlink:role="http://www.xbrl.org/2003/role/label" xlink:title="label_OtherStatementsAbstract" xml:lang="es" id="label_OtherStatementsAbstract">Otros informes</link:label>
    <link:labelArc xlink:type="arc" xlink:arcrole="http://www.xbrl.org/2003/arcrole/concept-label" xlink:from="OtherStatementsAbstract" xlink:to="label_OtherStatementsAbstract" xlink:title="label: OtherStatementsAbstract to label_OtherStatementsAbstract"/>
    <link:loc xlink:type="locator" xlink:href="arr.xsd#arr_DescriptionOfTheWorkAndScopeOfTheReportStatementFromInternalAudit" xlink:label="copyOfDescriptionOfOtherEngagement" xlink:title="copyOfDescriptionOfOtherEngagement"/>
    <link:label xlink:type="resource" xlink:label="label_copyOfDescriptionOfOtherEngagement" xlink:role="http://www.xbrl.org/2003/role/label" xlink:title="label_copyOfDescriptionOfOtherEngagement" xml:lang="es" id="label_copyOfDescriptionOfOtherEngagement">Descripción del trabajo y el alcance del informe (informe de la auditoría interna)</link:label>
    <link:labelArc xlink:type="arc" xlink:arcrole="http://www.xbrl.org/2003/arcrole/concept-label" xlink:from="copyOfDescriptionOfOtherEngagement" xlink:to="label_copyOfDescriptionOfOtherEngagement" xlink:title="label: copyOfDescriptionOfOtherEngagement to label_copyOfDescriptionOfOtherEngagement"/>
    <link:loc xlink:type="locator" xlink:href="arr.xsd#arr_DescriptionOfTheWorkAndScopeOfTheReportOtherStatements" xlink:label="copyOfDescriptionOfOtherEngagement2" xlink:title="copyOfDescriptionOfOtherEngagement2"/>
    <link:label xlink:type="resource" xlink:label="label_copyOfDescriptionOfOtherEngagement2" xlink:role="http://www.xbrl.org/2003/role/label" xlink:title="label_copyOfDescriptionOfOtherEngagement2" xml:lang="es" id="label_copyOfDescriptionOfOtherEngagement2">Descripción del trabajo y el alcance del informe (otros informes) </link:label>
    <link:labelArc xlink:type="arc" xlink:arcrole="http://www.xbrl.org/2003/arcrole/concept-label" xlink:from="copyOfDescriptionOfOtherEngagement2" xlink:to="label_copyOfDescriptionOfOtherEngagement2" xlink:title="label: copyOfDescriptionOfOtherEngagement2 to label_copyOfDescriptionOfOtherEngagement2"/>
    <link:loc xlink:type="locator" xlink:href="arr.xsd#arr_InformationOnSignatureInternalAudit" xlink:label="copyOfInformationOnSignatureOfAuditors" xlink:title="copyOfInformationOnSignatureOfAuditors"/>
    <link:label xlink:type="resource" xlink:label="label_copyOfInformationOnSignatureOfAuditors_2" xlink:role="http://www.xbrl.org/2003/role/label" xlink:title="label_copyOfInformationOnSignatureOfAuditors" xml:lang="es" id="label_copyOfInformationOnSignatureOfAuditors_2">Información sobre la firma de la auditoría interna</link:label>
    <link:labelArc xlink:type="arc" xlink:arcrole="http://www.xbrl.org/2003/arcrole/concept-label" xlink:from="copyOfInformationOnSignatureOfAuditors" xlink:to="label_copyOfInformationOnSignatureOfAuditors_2" xlink:title="label: copyOfInformationOnSignatureOfAuditors to label_copyOfInformationOnSignatureOfAuditors"/>
    <link:loc xlink:type="locator" xlink:href="arr.xsd#arr_StatementsFromInternalAudit" xlink:label="copyOfStatementsFromInternalAuditAbstract" xlink:title="copyOfStatementsFromInternalAuditAbstract"/>
    <link:label xlink:type="resource" xlink:label="label_copyOfStatementsFromInternalAuditAbstract_2" xlink:role="http://www.xbrl.org/2003/role/label" xlink:title="label_copyOfStatementsFromInternalAuditAbstract" xml:lang="es" id="label_copyOfStatementsFromInternalAuditAbstract_2">Informes de la auditoría interna</link:label>
    <link:labelArc xlink:type="arc" xlink:arcrole="http://www.xbrl.org/2003/arcrole/concept-label" xlink:from="copyOfStatementsFromInternalAuditAbstract" xlink:to="label_copyOfStatementsFromInternalAuditAbstract_2" xlink:title="label: copyOfStatementsFromInternalAuditAbstract to label_copyOfStatementsFromInternalAuditAbstract"/>
    <link:loc xlink:type="locator" xlink:href="arr.xsd#arr_SignatureInternalAuditDate" xlink:label="copyOfSignatureOfAuditorsDate" xlink:title="copyOfSignatureOfAuditorsDate"/>
    <link:label xlink:type="resource" xlink:label="label_copyOfSignatureOfAuditorsDate_2" xlink:role="http://www.xbrl.org/2003/role/label" xlink:title="label_copyOfSignatureOfAuditorsDate" xml:lang="es" id="label_copyOfSignatureOfAuditorsDate_2">Firma de la auditoría interna, fecha </link:label>
    <link:labelArc xlink:type="arc" xlink:arcrole="http://www.xbrl.org/2003/arcrole/concept-label" xlink:from="copyOfSignatureOfAuditorsDate" xlink:to="label_copyOfSignatureOfAuditorsDate_2" xlink:title="label: copyOfSignatureOfAuditorsDate to label_copyOfSignatureOfAuditorsDate"/>
    <link:loc xlink:type="locator" xlink:href="arr.xsd#arr_SignatureInternalAuditPlace" xlink:label="copyOfSignatureOfAuditorsPlace" xlink:title="copyOfSignatureOfAuditorsPlace"/>
    <link:label xlink:type="resource" xlink:label="label_copyOfSignatureOfAuditorsPlace_2" xlink:role="http://www.xbrl.org/2003/role/label" xlink:title="label_copyOfSignatureOfAuditorsPlace" xml:lang="es" id="label_copyOfSignatureOfAuditorsPlace_2">Firma de la auditoría interna, lugar</link:label>
    <link:labelArc xlink:type="arc" xlink:arcrole="http://www.xbrl.org/2003/arcrole/concept-label" xlink:from="copyOfSignatureOfAuditorsPlace" xlink:to="label_copyOfSignatureOfAuditorsPlace_2" xlink:title="label: copyOfSignatureOfAuditorsPlace to label_copyOfSignatureOfAuditorsPlace"/>
    <link:loc xlink:type="locator" xlink:href="arr.xsd#arr_copyOfSignatureOtherStatementsDate" xlink:label="copyOfSignatureInternalAuditDate" xlink:title="copyOfSignatureInternalAuditDate"/>
    <link:label xlink:type="resource" xlink:label="label_copyOfSignatureInternalAuditDate_2" xlink:role="http://www.xbrl.org/2003/role/label" xlink:title="label_copyOfSignatureInternalAuditDate" xml:lang="es" id="label_copyOfSignatureInternalAuditDate_2">Firma de otros informes, fecha </link:label>
    <link:labelArc xlink:type="arc" xlink:arcrole="http://www.xbrl.org/2003/arcrole/concept-label" xlink:from="copyOfSignatureInternalAuditDate" xlink:to="label_copyOfSignatureInternalAuditDate_2" xlink:title="label: copyOfSignatureInternalAuditDate to label_copyOfSignatureInternalAuditDate"/>
    <link:loc xlink:type="locator" xlink:href="arr.xsd#arr_OtherStatements" xlink:label="copyOfOtherStatementsAbstract" xlink:title="copyOfOtherStatementsAbstract"/>
    <link:label xlink:type="resource" xlink:label="label_copyOfOtherStatementsAbstract_2" xlink:role="http://www.xbrl.org/2003/role/label" xlink:title="label_copyOfOtherStatementsAbstract" xml:lang="es" id="label_copyOfOtherStatementsAbstract_2">Otros informes</link:label>
    <link:labelArc xlink:type="arc" xlink:arcrole="http://www.xbrl.org/2003/arcrole/concept-label" xlink:from="copyOfOtherStatementsAbstract" xlink:to="label_copyOfOtherStatementsAbstract_2" xlink:title="label: copyOfOtherStatementsAbstract to label_copyOfOtherStatementsAbstract"/>
    <link:loc xlink:type="locator" xlink:href="arr.xsd#arr_SignatureOtherStatementsPlace" xlink:label="copyOfSignatureOfAuditorsPlace_2" xlink:title="copyOfSignatureOfAuditorsPlace"/>
    <link:label xlink:type="resource" xlink:label="label_copyOfSignatureOfAuditorsPlace_4" xlink:role="http://www.xbrl.org/2003/role/label" xlink:title="label_copyOfSignatureOfAuditorsPlace" xml:lang="es" id="label_copyOfSignatureOfAuditorsPlace_4">Firma de otros informes, lugar</link:label>
    <link:labelArc xlink:type="arc" xlink:arcrole="http://www.xbrl.org/2003/arcrole/concept-label" xlink:from="copyOfSignatureOfAuditorsPlace_2" xlink:to="label_copyOfSignatureOfAuditorsPlace_4" xlink:title="label: copyOfSignatureOfAuditorsPlace to label_copyOfSignatureOfAuditorsPlace"/>
    <link:loc xlink:type="locator" xlink:href="arr.xsd#arr_DetailsOnSignatureInternalAuditHypercube" xlink:label="copyOfDetailsOnSignatureAuditorsHypercube" xlink:title="copyOfDetailsOnSignatureAuditorsHypercube"/>
    <link:label xlink:type="resource" xlink:label="label_copyOfDetailsOnSignatureAuditorsHypercube_2" xlink:role="http://www.xbrl.org/2003/role/label" xlink:title="label_copyOfDetailsOnSignatureAuditorsHypercube" xml:lang="es" id="label_copyOfDetailsOnSignatureAuditorsHypercube_2">Datos sobre la firma de la auditoría interna</link:label>
    <link:labelArc xlink:type="arc" xlink:arcrole="http://www.xbrl.org/2003/arcrole/concept-label" xlink:from="copyOfDetailsOnSignatureAuditorsHypercube" xlink:to="label_copyOfDetailsOnSignatureAuditorsHypercube_2" xlink:title="label: copyOfDetailsOnSignatureAuditorsHypercube to label_copyOfDetailsOnSignatureAuditorsHypercube"/>
    <link:loc xlink:type="locator" xlink:href="arr.xsd#arr_DetailsOnSignatureInternalAuditAbstract" xlink:label="copyOfDetailsOnSignatureAuditorsAbstract" xlink:title="copyOfDetailsOnSignatureAuditorsAbstract"/>
    <link:label xlink:type="resource" xlink:label="label_copyOfDetailsOnSignatureAuditorsAbstract_2" xlink:role="http://www.xbrl.org/2003/role/label" xlink:title="label_copyOfDetailsOnSignatureAuditorsAbstract" xml:lang="es" id="label_copyOfDetailsOnSignatureAuditorsAbstract_2">Datos sobre la firma de la auditoría interna</link:label>
    <link:labelArc xlink:type="arc" xlink:arcrole="http://www.xbrl.org/2003/arcrole/concept-label" xlink:from="copyOfDetailsOnSignatureAuditorsAbstract" xlink:to="label_copyOfDetailsOnSignatureAuditorsAbstract_2" xlink:title="label: copyOfDetailsOnSignatureAuditorsAbstract to label_copyOfDetailsOnSignatureAuditorsAbstract"/>
    <link:loc xlink:type="locator" xlink:href="arr.xsd#arr_DetailsOnSignatureOtherStatementsHypercube" xlink:label="DetailsOnOtherStatementsHypercube" xlink:title="DetailsOnOtherStatementsHypercube"/>
    <link:label xlink:type="resource" xlink:label="label_DetailsOnOtherStatementsHypercube_2" xlink:role="http://www.xbrl.org/2003/role/label" xlink:title="label_DetailsOnOtherStatementsHypercube" xml:lang="es" id="label_DetailsOnOtherStatementsHypercube_2">Datos sobre la firma de otros informes</link:label>
    <link:labelArc xlink:type="arc" xlink:arcrole="http://www.xbrl.org/2003/arcrole/concept-label" xlink:from="DetailsOnOtherStatementsHypercube" xlink:to="label_DetailsOnOtherStatementsHypercube_2" xlink:title="label: DetailsOnOtherStatementsHypercube to label_DetailsOnOtherStatementsHypercube"/>
    <link:loc xlink:type="locator" xlink:href="arr.xsd#arr_DetailsOnSignatureOtherStatementsAbstract" xlink:label="copyOfDetailsOnSignatureInternalAuditAbstract" xlink:title="copyOfDetailsOnSignatureInternalAuditAbstract"/>
    <link:label xlink:type="resource" xlink:label="label_copyOfDetailsOnSignatureInternalAuditAbstract_2" xlink:role="http://www.xbrl.org/2003/role/label" xlink:title="label_copyOfDetailsOnSignatureInternalAuditAbstract" xml:lang="es" id="label_copyOfDetailsOnSignatureInternalAuditAbstract_2">Datos sobre la firma de otros informes</link:label>
    <link:labelArc xlink:type="arc" xlink:arcrole="http://www.xbrl.org/2003/arcrole/concept-label" xlink:from="copyOfDetailsOnSignatureInternalAuditAbstract" xlink:to="label_copyOfDetailsOnSignatureInternalAuditAbstract_2" xlink:title="label: copyOfDetailsOnSignatureInternalAuditAbstract to label_copyOfDetailsOnSignatureInternalAuditAbstract"/>
    <link:loc xlink:type="locator" xlink:href="arr.xsd#arr_IdentificationOfOtherStatementsDimension" xlink:label="IdentificationOfOtherStatementsDimension" xlink:title="IdentificationOfOtherStatementsDimension"/>
    <link:label xlink:type="resource" xlink:label="label_IdentificationOfOtherStatementsDimension_2" xlink:role="http://www.xbrl.org/2003/role/label" xlink:title="label_IdentificationOfOtherStatementsDimension" xml:lang="es" id="label_IdentificationOfOtherStatementsDimension_2">Identificación de otros informes</link:label>
    <link:labelArc xlink:type="arc" xlink:arcrole="http://www.xbrl.org/2003/arcrole/concept-label" xlink:from="IdentificationOfOtherStatementsDimension" xlink:to="label_IdentificationOfOtherStatementsDimension_2" xlink:title="label: IdentificationOfOtherStatementsDimension to label_IdentificationOfOtherStatementsDimension"/>
    <link:loc xlink:type="locator" xlink:href="arr.xsd#arr_InformationOnSignatureOtherStatement" xlink:label="copyOfInformationOnSignatureInternalAudit" xlink:title="copyOfInformationOnSignatureInternalAudit"/>
    <link:label xlink:type="resource" xlink:label="label_copyOfInformationOnSignatureInternalAudit_2" xlink:role="http://www.xbrl.org/2003/role/label" xlink:title="label_copyOfInformationOnSignatureInternalAudit" xml:lang="es" id="label_copyOfInformationOnSignatureInternalAudit_2">Información sobre la firma de otros informes</link:label>
    <link:labelArc xlink:type="arc" xlink:arcrole="http://www.xbrl.org/2003/arcrole/concept-label" xlink:from="copyOfInformationOnSignatureInternalAudit" xlink:to="label_copyOfInformationOnSignatureInternalAudit_2" xlink:title="label: copyOfInformationOnSignatureInternalAudit to label_copyOfInformationOnSignatureInternalAudit"/>
    <link:loc xlink:type="locator" xlink:href="arr.xsd#arr_DetailsOtherStatementsHypercube" xlink:label="DetailsOtherStatementsHypercube" xlink:title="DetailsOtherStatementsHypercube"/>
    <link:label xlink:type="resource" xlink:label="label_DetailsOtherStatementsHypercube_2" xlink:role="http://www.xbrl.org/2003/role/label" xlink:title="label_DetailsOtherStatementsHypercube" xml:lang="es" id="label_DetailsOtherStatementsHypercube_2">Detalle de otros informes</link:label>
    <link:labelArc xlink:type="arc" xlink:arcrole="http://www.xbrl.org/2003/arcrole/concept-label" xlink:from="DetailsOtherStatementsHypercube" xlink:to="label_DetailsOtherStatementsHypercube_2" xlink:title="label: DetailsOtherStatementsHypercube to label_DetailsOtherStatementsHypercube"/>
    <link:loc xlink:type="locator" xlink:href="arr.xsd#arr_DetailsOtherStatementsAbstract" xlink:label="DetailsOtherStatementsAbstract" xlink:title="DetailsOtherStatementsAbstract"/>
    <link:label xlink:type="resource" xlink:label="label_DetailsOtherStatementsAbstract_2" xlink:role="http://www.xbrl.org/2003/role/label" xlink:title="label_DetailsOtherStatementsAbstract" xml:lang="es" id="label_DetailsOtherStatementsAbstract_2">Detalle de otros informes</link:label>
    <link:labelArc xlink:type="arc" xlink:arcrole="http://www.xbrl.org/2003/arcrole/concept-label" xlink:from="DetailsOtherStatementsAbstract" xlink:to="label_DetailsOtherStatementsAbstract_2" xlink:title="label: DetailsOtherStatementsAbstract to label_DetailsOtherStatementsAbstract"/>
    <link:loc xlink:type="locator" xlink:href="arr.xsd#arr_TypeOfBasisForModifiedOpinionOnAuditedFinancialStatements" xlink:label="TypeOfBasisForModifiedOpinionOnAuditedFinancialStatements"/>
    <link:label xlink:type="resource" xlink:label="label_TypeOfBasisForModifiedOpinionOnAuditedFinancialStatements" xlink:role="http://www.xbrl.org/2003/role/label" xml:lang="es">Tipo de base para emitir una opinión modificada sobre los estados financieros auditados (auditoría)</link:label>
    <link:labelArc xlink:type="arc" xlink:arcrole="http://www.xbrl.org/2003/arcrole/concept-label" xlink:from="TypeOfBasisForModifiedOpinionOnAuditedFinancialStatements" xlink:to="label_TypeOfBasisForModifiedOpinionOnAuditedFinancialStatements"/>
    <link:loc xlink:type="locator" xlink:href="arr.xsd#arr_AuditorsReportOnExtendedReview" xlink:label="AuditorsReportOnExtendedReview"/>
    <link:label xlink:type="resource" xlink:label="label_AuditorsReportOnExtendedReview" xlink:role="http://www.xbrl.org/2003/role/label" xml:lang="es">Informe de auditoría sobre revisión extendida</link:label>
    <link:labelArc xlink:type="arc" xlink:arcrole="http://www.xbrl.org/2003/arcrole/concept-label" xlink:from="AuditorsReportOnExtendedReview" xlink:to="label_AuditorsReportOnExtendedReview"/>
    <link:loc xlink:type="locator" xlink:href="arr.xsd#arr_TypeOfModifiedOpinionOnAuditedFinancialStatements" xlink:label="TypeOfModifiedOpinionOnAuditedFinancialStatements"/>
    <link:label xlink:type="resource" xlink:label="label_TypeOfModifiedOpinionOnAuditedFinancialStatements" xlink:role="http://www.xbrl.org/2003/role/label" xml:lang="es">Tipo de opinión modificada sobre los estados financieros auditados (Auditoría)</link:label>
    <link:labelArc xlink:type="arc" xlink:arcrole="http://www.xbrl.org/2003/arcrole/concept-label" xlink:from="TypeOfModifiedOpinionOnAuditedFinancialStatements" xlink:to="label_TypeOfModifiedOpinionOnAuditedFinancialStatements"/>
    <link:loc xlink:type="locator" xlink:href="arr.xsd#arr_IndependentAuditorsReportsExtendedReview" xlink:label="IndependentAuditorsReportsExtendedReview"/>
    <link:label xlink:type="resource" xlink:label="label_IndependentAuditorsReportsExtendedReview" xlink:role="http://www.xbrl.org/2003/role/label" xml:lang="es">Los informes de auditoría independientes (revisión extendida)</link:label>
    <link:labelArc xlink:type="arc" xlink:arcrole="http://www.xbrl.org/2003/arcrole/concept-label" xlink:from="IndependentAuditorsReportsExtendedReview" xlink:to="label_IndependentAuditorsReportsExtendedReview"/>
    <link:loc xlink:type="locator" xlink:href="arr.xsd#arr_AddresseeOfAuditorsReportOnExtendedReviewOfFinancialStatements" xlink:label="AddresseeOfAuditorsReportOnExtendedReviewOfFinancialStatements"/>
    <link:label xlink:type="resource" xlink:label="label_AddresseeOfAuditorsReportOnExtendedReviewOfFinancialStatements" xlink:role="http://www.xbrl.org/2003/role/label" xml:lang="es">Destinatario del informe de auditoría sobre la revisión extendida de los estados financieros</link:label>
    <link:labelArc xlink:type="arc" xlink:arcrole="http://www.xbrl.org/2003/arcrole/concept-label" xlink:from="AddresseeOfAuditorsReportOnExtendedReviewOfFinancialStatements" xlink:to="label_AddresseeOfAuditorsReportOnExtendedReviewOfFinancialStatements"/>
    <link:loc xlink:type="locator" xlink:href="arr.xsd#arr_AuditorsReportsAccordingToOtherLegislationAndRegulationExtendedReview" xlink:label="AuditorsReportsAccordingToOtherLegislationAndRegulationExtendedReview"/>
    <link:label xlink:type="resource" xlink:label="label_AuditorsReportsAccordingToOtherLegislationAndRegulationExtendedReview" xlink:role="http://www.xbrl.org/2003/role/label" xml:lang="es">Informe sobre otros requisitos legales y normativos (revisión extendida) </link:label>
    <link:labelArc xlink:type="arc" xlink:arcrole="http://www.xbrl.org/2003/arcrole/concept-label" xlink:from="AuditorsReportsAccordingToOtherLegislationAndRegulationExtendedReview" xlink:to="label_AuditorsReportsAccordingToOtherLegislationAndRegulationExtendedReview"/>
    <link:loc xlink:type="locator" xlink:href="arr.xsd#arr_StatementOfExecutiveAndSupervisoryBoardsResponsibilityForFinancialStatementsExtendedReview" xlink:label="StatementOfExecutiveAndSupervisoryBoardsResponsibilityForFinancialStatementsExtendedReview"/>
    <link:label xlink:type="resource" xlink:label="label_StatementOfExecutiveAndSupervisoryBoardsResponsibilityForFinancialStatementsExtendedReview" xlink:role="http://www.xbrl.org/2003/role/label" xml:lang="es">Declaración de responsabilidad del consejo ejecutivo y del consejo de supervisión con respecto a los estado financieros (revisión extendida)</link:label>
    <link:labelArc xlink:type="arc" xlink:arcrole="http://www.xbrl.org/2003/arcrole/concept-label" xlink:from="StatementOfExecutiveAndSupervisoryBoardsResponsibilityForFinancialStatementsExtendedReview" xlink:to="label_StatementOfExecutiveAndSupervisoryBoardsResponsibilityForFinancialStatementsExtendedReview"/>
    <link:loc xlink:type="locator" xlink:href="arr.xsd#arr_OpinionOnFinancialStatementsExtendedReview" xlink:label="OpinionOnFinancialStatementsExtendedReview"/>
    <link:label xlink:type="resource" xlink:label="label_OpinionOnFinancialStatementsExtendedReview" xlink:role="http://www.xbrl.org/2003/role/label" xml:lang="es">Opinión sobre los estados financieros (revisión extendida)</link:label>
    <link:labelArc xlink:type="arc" xlink:arcrole="http://www.xbrl.org/2003/arcrole/concept-label" xlink:from="OpinionOnFinancialStatementsExtendedReview" xlink:to="label_OpinionOnFinancialStatementsExtendedReview"/>
    <link:loc xlink:type="locator" xlink:href="arr.xsd#arr_TypeOfBasisForModifiedOpinionOnFinancialStatementsExtendedReview" xlink:label="TypeOfBasisForModifiedOpinionOnFinancialStatementsExtendedReview"/>
    <link:label xlink:type="resource" xlink:label="label_TypeOfBasisForModifiedOpinionOnFinancialStatementsExtendedReview" xlink:role="http://www.xbrl.org/2003/role/label" xml:lang="es">Tipo de base para emitir una opinión modificada sobre los estados financieros (revisión extendida)</link:label>
    <link:labelArc xlink:type="arc" xlink:arcrole="http://www.xbrl.org/2003/arcrole/concept-label" xlink:from="TypeOfBasisForModifiedOpinionOnFinancialStatementsExtendedReview" xlink:to="label_TypeOfBasisForModifiedOpinionOnFinancialStatementsExtendedReview"/>
    <link:loc xlink:type="locator" xlink:href="arr.xsd#arr_TypeOfModifiedOpinionOnAuditedFinancialStatementsExtendedReview" xlink:label="TypeOfModifiedOpinionOnAuditedFinancialStatementsExtendedReview"/>
    <link:label xlink:type="resource" xlink:label="label_TypeOfModifiedOpinionOnAuditedFinancialStatementsExtendedReview" xlink:role="http://www.xbrl.org/2003/role/label" xml:lang="es">Tipo de opinión modificada sobre los estados financieros (revisión extendida)</link:label>
    <link:labelArc xlink:type="arc" xlink:arcrole="http://www.xbrl.org/2003/arcrole/concept-label" xlink:from="TypeOfModifiedOpinionOnAuditedFinancialStatementsExtendedReview" xlink:to="label_TypeOfModifiedOpinionOnAuditedFinancialStatementsExtendedReview"/>
    <link:loc xlink:type="locator" xlink:href="arr.xsd#arr_StatementWhetherQualificationsOfFinancialStatementsAreOfSuchDecisiveImportanceThatAnnualGeneralMeetingShouldNotApproveFinancialStatementsExtendedReview" xlink:label="StatementWhetherQualificationsOfFinancialStatementsAreOfSuchDecisiveImportanceThatAnnualGeneralMeetingShouldNotApproveFinancialStatementsExtendedReview"/>
    <link:label xlink:type="resource" xlink:label="label_StatementWhetherQualificationsOfFinancialStatementsAreOfSuchDecisiveImportanceThatAnnualGeneralMeetingShouldNotApproveFinancialStatementsExtendedReview" xlink:role="http://www.xbrl.org/2003/role/label" xml:lang="es">Declaración sobre si las salvedades en los estados financieros son de una importancia tan decisiva que la junta general ordinaria no debería aprobar los estados financieros (revisión extendida)</link:label>
    <link:labelArc xlink:type="arc" xlink:arcrole="http://www.xbrl.org/2003/arcrole/concept-label" xlink:from="StatementWhetherQualificationsOfFinancialStatementsAreOfSuchDecisiveImportanceThatAnnualGeneralMeetingShouldNotApproveFinancialStatementsExtendedReview" xlink:to="label_StatementWhetherQualificationsOfFinancialStatementsAreOfSuchDecisiveImportanceThatAnnualGeneralMeetingShouldNotApproveFinancialStatementsExtendedReview"/>
    <link:loc xlink:type="locator" xlink:href="arr.xsd#arr_SupplementaryInformationOnMattersPertainingToFinancialStatementExtendedReview" xlink:label="SupplementaryInformationOnMattersPertainingToFinancialStatementExtendedReview"/>
    <link:label xlink:type="resource" xlink:label="label_SupplementaryInformationOnMattersPertainingToFinancialStatementExtendedReview" xlink:role="http://www.xbrl.org/2003/role/label" xml:lang="es">Párrafo de énfasis con respecto a los estados financieros (revisión extendida)</link:label>
    <link:labelArc xlink:type="arc" xlink:arcrole="http://www.xbrl.org/2003/arcrole/concept-label" xlink:from="SupplementaryInformationOnMattersPertainingToFinancialStatementExtendedReview" xlink:to="label_SupplementaryInformationOnMattersPertainingToFinancialStatementExtendedReview"/>
    <link:loc xlink:type="locator" xlink:href="arr.xsd#arr_SupplementaryInformationOnExtendedReview" xlink:label="SupplementaryInformationOnExtendedReview"/>
    <link:label xlink:type="resource" xlink:label="label_SupplementaryInformationOnExtendedReview" xlink:role="http://www.xbrl.org/2003/role/label" xml:lang="es">Párrafo de énfasis sobre otras cuestiones (revisión extendida)</link:label>
    <link:labelArc xlink:type="arc" xlink:arcrole="http://www.xbrl.org/2003/arcrole/concept-label" xlink:from="SupplementaryInformationOnExtendedReview" xlink:to="label_SupplementaryInformationOnExtendedReview"/>
    <link:loc xlink:type="locator" xlink:href="arr.xsd#arr_SupplementaryInformationOnOtherMattersExtendedReview" xlink:label="SupplementaryInformationOnOtherMattersExtendedReview"/>
    <link:label xlink:type="resource" xlink:label="label_SupplementaryInformationOnOtherMattersExtendedReview" xlink:role="http://www.xbrl.org/2003/role/label" xml:lang="es">Párrafo de énfasis con respecto a otras cuestiones (revisión extendida)</link:label>
    <link:labelArc xlink:type="arc" xlink:arcrole="http://www.xbrl.org/2003/arcrole/concept-label" xlink:from="SupplementaryInformationOnOtherMattersExtendedReview" xlink:to="label_SupplementaryInformationOnOtherMattersExtendedReview"/>
    <link:loc xlink:type="locator" xlink:href="arr.xsd#arr_StatementOnManagementsReviewAuditorsReportOnExtendedReviewFinancialStatementsExtendedReview" xlink:label="StatementOnManagementsReviewAuditorsReportOnExtendedReviewFinancialStatementsExtendedReview"/>
    <link:label xlink:type="resource" xlink:label="label_StatementOnManagementsReviewAuditorsReportOnExtendedReviewFinancialStatementsExtendedReview" xlink:role="http://www.xbrl.org/2003/role/label" xml:lang="es">Declaración sobre la revisión de la Dirección [Informe de auditoría sobre la revisión extendida de los estados financieros]</link:label>
    <link:labelArc xlink:type="arc" xlink:arcrole="http://www.xbrl.org/2003/arcrole/concept-label" xlink:from="StatementOnManagementsReviewAuditorsReportOnExtendedReviewFinancialStatementsExtendedReview" xlink:to="label_StatementOnManagementsReviewAuditorsReportOnExtendedReviewFinancialStatementsExtendedReview"/>
    <link:loc xlink:type="locator" xlink:href="arr.xsd#arr_OtherReportsExtendedReview" xlink:label="OtherReportsExtendedReview"/>
    <link:label xlink:type="resource" xlink:label="label_OtherReportsExtendedReview" xlink:role="http://www.xbrl.org/2003/role/label" xml:lang="es">Otros informes (revisión extendida)</link:label>
    <link:labelArc xlink:type="arc" xlink:arcrole="http://www.xbrl.org/2003/arcrole/concept-label" xlink:from="OtherReportsExtendedReview" xlink:to="label_OtherReportsExtendedReview"/>
    <link:loc xlink:type="locator" xlink:href="arr.xsd#arr_AuditorsReportOnExtendedReviewOfFinancialStatements" xlink:label="AuditorsReportOnExtendedReviewOfFinancialStatements"/>
    <link:label xlink:type="resource" xlink:label="label_AuditorsReportOnExtendedReviewOfFinancialStatements" xlink:role="http://www.xbrl.org/2003/role/label" xml:lang="es">Informe de Auditoría sobre la revisión extendida de los estados financieros</link:label>
    <link:labelArc xlink:type="arc" xlink:arcrole="http://www.xbrl.org/2003/arcrole/concept-label" xlink:from="AuditorsReportOnExtendedReviewOfFinancialStatements" xlink:to="label_AuditorsReportOnExtendedReviewOfFinancialStatements"/>
    <link:loc xlink:type="locator" xlink:href="arr.xsd#arr_IdentificationOfFinancialStatementsAndDescriptionOfFinancialReportingFrameworkAppliedInPreparationOfFinancialStatementsExtendedReview" xlink:label="IdentificationOfFinancialStatementsAndDescriptionOfFinancialReportingFrameworkAppliedInPreparationOfFinancialStatementsExtendedReview"/>
    <link:label xlink:type="resource" xlink:label="label_IdentificationOfFinancialStatementsAndDescriptionOfFinancialReportingFrameworkAppliedInPreparationOfFinancialStatementsExtendedReview" xlink:role="http://www.xbrl.org/2003/role/label" xml:lang="es">Identificación de los estados financieros y descripción del marco de presentación de información financiera aplicado en la preparación de los estados financieros (revisión extendida) </link:label>
    <link:labelArc xlink:type="arc" xlink:arcrole="http://www.xbrl.org/2003/arcrole/concept-label" xlink:from="IdentificationOfFinancialStatementsAndDescriptionOfFinancialReportingFrameworkAppliedInPreparationOfFinancialStatementsExtendedReview" xlink:to="label_IdentificationOfFinancialStatementsAndDescriptionOfFinancialReportingFrameworkAppliedInPreparationOfFinancialStatementsExtendedReview"/>
    <link:loc xlink:type="locator" xlink:href="arr.xsd#arr_StatementOfAuditorsResponsibilityExtendedReview" xlink:label="StatementOfAuditorsResponsibilityExtendedReview"/>
    <link:label xlink:type="resource" xlink:label="label_StatementOfAuditorsResponsibilityExtendedReview" xlink:role="http://www.xbrl.org/2003/role/label" xml:lang="es">Declaración de responsabilidad del auditor (revisión extendida) </link:label>
    <link:labelArc xlink:type="arc" xlink:arcrole="http://www.xbrl.org/2003/arcrole/concept-label" xlink:from="StatementOfAuditorsResponsibilityExtendedReview" xlink:to="label_StatementOfAuditorsResponsibilityExtendedReview"/>
    <link:loc xlink:type="locator" xlink:href="arr.xsd#arr_DescriptionOfQualificationsOfFinancialStatementsExtendedReview" xlink:label="DescriptionOfQualificationsOfFinancialStatementsExtendedReview"/>
    <link:label xlink:type="resource" xlink:label="label_DescriptionOfQualificationsOfFinancialStatementsExtendedReview" xlink:role="http://www.xbrl.org/2003/role/label" xml:lang="es">Descripción de salvedades con respecto a los estados financieros (revisión extendida) </link:label>
    <link:labelArc xlink:type="arc" xlink:arcrole="http://www.xbrl.org/2003/arcrole/concept-label" xlink:from="DescriptionOfQualificationsOfFinancialStatementsExtendedReview" xlink:to="label_DescriptionOfQualificationsOfFinancialStatementsExtendedReview"/>
    <link:loc xlink:type="locator" xlink:href="arr.xsd#arr_AuditorsReportsAccordingToOtherLegislationAndRegulationReview" xlink:label="AuditorsReportsAccordingToOtherLegislationAndRegulationReview"/>
    <link:label xlink:type="resource" xlink:label="label_AuditorsReportsAccordingToOtherLegislationAndRegulationReview" xlink:role="http://www.xbrl.org/2003/role/label" xml:lang="es">Informes sobre otros requisitos legales y normativos (revisión)</link:label>
    <link:labelArc xlink:type="arc" xlink:arcrole="http://www.xbrl.org/2003/arcrole/concept-label" xlink:from="AuditorsReportsAccordingToOtherLegislationAndRegulationReview" xlink:to="label_AuditorsReportsAccordingToOtherLegislationAndRegulationReview"/>
    <link:loc xlink:type="locator" xlink:href="arr.xsd#arr_OtherReportsReview" xlink:label="OtherReportsReview"/>
    <link:label xlink:type="resource" xlink:label="label_OtherReportsReview" xlink:role="http://www.xbrl.org/2003/role/label" xml:lang="es">Otros informes (revisión)</link:label>
    <link:labelArc xlink:type="arc" xlink:arcrole="http://www.xbrl.org/2003/arcrole/concept-label" xlink:from="OtherReportsReview" xlink:to="label_OtherReportsReview"/>
  </link:labelLink>
</link:linkbase>
