<?xml version="1.0" encoding="UTF-8"?>
<!-- Generated by Fujitsu Interstage XWand B0166 -->
<?officialURI http://archprod.service.eogs.dk/taxonomy/20140701/arr/arr-label.xml?>

<?taxonomy-version 1.5.0?>

<link:linkbase xmlns:xsi="http://www.w3.org/2001/XMLSchema-instance" xsi:schemaLocation="http://www.xbrl.org/2003/linkbase http://www.xbrl.org/2003/xbrl-linkbase-2003-12-31.xsd" xmlns:link="http://www.xbrl.org/2003/linkbase" xmlns:xbrli="http://www.xbrl.org/2003/instance" xmlns:xlink="http://www.w3.org/1999/xlink">
  <link:labelLink xlink:type="extended" xlink:role="http://www.xbrl.org/2003/role/link">
    <link:loc xlink:type="locator" xlink:href="arr.xsd#arr_TypeOfBasisForModifiedOpinionOnAuditedFinancialStatements" xlink:label="newItem" xlink:title="newItem"/>
    <link:label xlink:type="resource" xlink:label="label_newItem" xlink:role="http://www.xbrl.org/2003/role/label" xlink:title="label_newItem" xml:lang="en" id="label_newItem">Type of basis for modified opinion on audited financial statements (audit)</link:label>
    <link:labelArc xlink:type="arc" xlink:arcrole="http://www.xbrl.org/2003/arcrole/concept-label" xlink:from="newItem" xlink:to="label_newItem" xlink:title="label: newItem to label_newItem"/>
    <link:label xlink:type="resource" xlink:label="label_TypesOfModifiedOpinionOnAuditedFinancialStatements" xlink:role="http://www.xbrl.org/2003/role/label" xlink:title="label_TypesOfModifiedOpinionOnAuditedFinancialStatements" xml:lang="da" id="label_TypesOfModifiedOpinionOnAuditedFinancialStatements">Type af grundlag for modificeret konklusion (revision)</link:label>
    <link:labelArc xlink:type="arc" xlink:arcrole="http://www.xbrl.org/2003/arcrole/concept-label" xlink:from="newItem" xlink:to="label_TypesOfModifiedOpinionOnAuditedFinancialStatements" xlink:title="label: TypesOfModifiedOpinionOnAuditedFinancialStatements to label_TypesOfModifiedOpinionOnAuditedFinancialStatements"/>
    <link:loc xlink:type="locator" xlink:href="arr.xsd#arr_AuditorsReportOnExtendedReview" xlink:label="newItem_2" xlink:title="newItem"/>
    <link:label xlink:type="resource" xlink:label="label_newItem_2" xlink:role="http://www.xbrl.org/2003/role/label" xlink:title="label_newItem" xml:lang="da" id="label_newItem_2">Erklæring om udvidet gennemgang</link:label>
    <link:labelArc xlink:type="arc" xlink:arcrole="http://www.xbrl.org/2003/arcrole/concept-label" xlink:from="newItem_2" xlink:to="label_newItem_2" xlink:title="label: newItem to label_newItem"/>
    <link:label xlink:type="resource" xlink:label="label_newItem_3" xlink:role="http://www.xbrl.org/2003/role/label" xlink:title="label_newItem" xml:lang="en" id="label_newItem_3">Auditor's report on extended review</link:label>
    <link:labelArc xlink:type="arc" xlink:arcrole="http://www.xbrl.org/2003/arcrole/concept-label" xlink:from="newItem_2" xlink:to="label_newItem_3" xlink:title="label: newItem to label_newItem"/>
    <link:loc xlink:type="locator" xlink:href="arr.xsd#arr_TypeOfModifiedOpinionOnAuditedFinancialStatements" xlink:label="newItem2" xlink:title="newItem2"/>
    <link:label xlink:type="resource" xlink:label="label_newItem2" xlink:role="http://www.xbrl.org/2003/role/label" xlink:title="label_newItem2" xml:lang="da" id="label_newItem2">Type af modificeret konklusion (revision)</link:label>
    <link:labelArc xlink:type="arc" xlink:arcrole="http://www.xbrl.org/2003/arcrole/concept-label" xlink:from="newItem2" xlink:to="label_newItem2" xlink:title="label: newItem2 to label_newItem2"/>
    <link:label xlink:type="resource" xlink:label="label_newItem2_2" xlink:role="http://www.xbrl.org/2003/role/label" xlink:title="label_newItem2" xml:lang="en" id="label_newItem2_2">Type of modified opinion on audited financial statements (Audit)</link:label>
    <link:labelArc xlink:type="arc" xlink:arcrole="http://www.xbrl.org/2003/arcrole/concept-label" xlink:from="newItem2" xlink:to="label_newItem2_2" xlink:title="label: newItem2 to label_newItem2"/>
    <link:loc xlink:type="locator" xlink:href="arr.xsd#arr_IndependentAuditorsReportsExtendedReview" xlink:label="copyOfIndependentAuditorsReportsOtherAssuranceReports" xlink:title="copyOfIndependentAuditorsReportsOtherAssuranceReports"/>
    <link:label xlink:type="resource" xlink:label="label_copyOfIndependentAuditorsReportsOtherAssuranceReports" xlink:role="http://www.xbrl.org/2003/role/label" xlink:title="label_copyOfIndependentAuditorsReportsOtherAssuranceReports" xml:lang="da" id="label_copyOfIndependentAuditorsReportsOtherAssuranceReports">Den uafhængige revisors erklæringer (udvidet gennemgang)</link:label>
    <link:labelArc xlink:type="arc" xlink:arcrole="http://www.xbrl.org/2003/arcrole/concept-label" xlink:from="copyOfIndependentAuditorsReportsOtherAssuranceReports" xlink:to="label_copyOfIndependentAuditorsReportsOtherAssuranceReports" xlink:title="label: copyOfIndependentAuditorsReportsOtherAssuranceReports to label_copyOfIndependentAuditorsReportsOtherAssuranceReports"/>
    <link:label xlink:type="resource" xlink:label="label_copyOfIndependentAuditorsReportsOtherAssuranceReports_2" xlink:role="http://www.xbrl.org/2003/role/label" xlink:title="label_copyOfIndependentAuditorsReportsOtherAssuranceReports" xml:lang="en" id="label_copyOfIndependentAuditorsReportsOtherAssuranceReports_2">The independent auditor's reports (Extended review)</link:label>
    <link:labelArc xlink:type="arc" xlink:arcrole="http://www.xbrl.org/2003/arcrole/concept-label" xlink:from="copyOfIndependentAuditorsReportsOtherAssuranceReports" xlink:to="label_copyOfIndependentAuditorsReportsOtherAssuranceReports_2" xlink:title="label: copyOfIndependentAuditorsReportsOtherAssuranceReports to label_copyOfIndependentAuditorsReportsOtherAssuranceReports"/>
    <link:loc xlink:type="locator" xlink:href="arr.xsd#arr_AddresseeOfAuditorsReportOnExtendedReviewOfFinancialStatements" xlink:label="AddresseeOfAuditorsReportOnExtendedReviewOfFinancialStatements" xlink:title="AddresseeOfAuditorsReportOnExtendedReviewOfFinancialStatements"/>
    <link:label xlink:type="resource" xlink:label="label_AddresseeOfAuditorsReportOnExtendedReviewOfFinancialStatements" xlink:role="http://www.xbrl.org/2003/role/label" xlink:title="label_AddresseeOfAuditorsReportOnExtendedReviewOfFinancialStatements" xml:lang="da" id="label_AddresseeOfAuditorsReportOnExtendedReviewOfFinancialStatements">Adressat (udvidet gennemgang)</link:label>
    <link:labelArc xlink:type="arc" xlink:arcrole="http://www.xbrl.org/2003/arcrole/concept-label" xlink:from="AddresseeOfAuditorsReportOnExtendedReviewOfFinancialStatements" xlink:to="label_AddresseeOfAuditorsReportOnExtendedReviewOfFinancialStatements" xlink:title="label: AddresseeOfAuditorsReportOnExtendedReviewOfFinancialStatements to label_AddresseeOfAuditorsReportOnExtendedReviewOfFinancialStatements"/>
    <link:label xlink:type="resource" xlink:label="label_AddresseeOfAuditorsReportOnExtendedReviewOfFinancialStatements_2" xlink:role="http://www.xbrl.org/2003/role/label" xlink:title="label_AddresseeOfAuditorsReportOnExtendedReviewOfFinancialStatements" xml:lang="en" id="label_AddresseeOfAuditorsReportOnExtendedReviewOfFinancialStatements_2">Addressee of auditor's report on extended review of financial statements</link:label>
    <link:labelArc xlink:type="arc" xlink:arcrole="http://www.xbrl.org/2003/arcrole/concept-label" xlink:from="AddresseeOfAuditorsReportOnExtendedReviewOfFinancialStatements" xlink:to="label_AddresseeOfAuditorsReportOnExtendedReviewOfFinancialStatements_2" xlink:title="label: AddresseeOfAuditorsReportOnExtendedReviewOfFinancialStatements to label_AddresseeOfAuditorsReportOnExtendedReviewOfFinancialStatements"/>
    <link:loc xlink:type="locator" xlink:href="arr.xsd#arr_AuditorsReportsAccordingToOtherLegislationAndRegulationExtendedReview" xlink:label="AuditorsReportsAccordingToOtherLegislationAndRegulationExtendedReview" xlink:title="AuditorsReportsAccordingToOtherLegislationAndRegulationExtendedReview"/>
    <link:label xlink:type="resource" xlink:label="label_AuditorsReportsAccordingToOtherLegislationAndRegulationExtendedReview" xlink:role="http://www.xbrl.org/2003/role/label" xlink:title="label_AuditorsReportsAccordingToOtherLegislationAndRegulationExtendedReview" xml:lang="da" id="label_AuditorsReportsAccordingToOtherLegislationAndRegulationExtendedReview">Erklæringer i henhold til anden lovgivning og øvrig regulering (udvidet gennemgang)</link:label>
    <link:labelArc xlink:type="arc" xlink:arcrole="http://www.xbrl.org/2003/arcrole/concept-label" xlink:from="AuditorsReportsAccordingToOtherLegislationAndRegulationExtendedReview" xlink:to="label_AuditorsReportsAccordingToOtherLegislationAndRegulationExtendedReview" xlink:title="label: AuditorsReportsAccordingToOtherLegislationAndRegulationExtendedReview to label_AuditorsReportsAccordingToOtherLegislationAndRegulationExtendedReview"/>
    <link:label xlink:type="resource" xlink:label="label_AuditorsReportsAccordingToOtherLegislationAndRegulationExtendedReview_2" xlink:role="http://www.xbrl.org/2003/role/label" xlink:title="label_AuditorsReportsAccordingToOtherLegislationAndRegulationExtendedReview" xml:lang="en" id="label_AuditorsReportsAccordingToOtherLegislationAndRegulationExtendedReview_2">Report on other legal and regulatory requirements (Extended review)</link:label>
    <link:labelArc xlink:type="arc" xlink:arcrole="http://www.xbrl.org/2003/arcrole/concept-label" xlink:from="AuditorsReportsAccordingToOtherLegislationAndRegulationExtendedReview" xlink:to="label_AuditorsReportsAccordingToOtherLegislationAndRegulationExtendedReview_2" xlink:title="label: AuditorsReportsAccordingToOtherLegislationAndRegulationExtendedReview to label_AuditorsReportsAccordingToOtherLegislationAndRegulationExtendedReview"/>
    <link:loc xlink:type="locator" xlink:href="arr.xsd#arr_StatementOfExecutiveAndSupervisoryBoardsResponsibilityForFinancialStatementsExtendedReview" xlink:label="StatementOfExecutiveAndSupervisoryBoardsResponsibilityForFinancialStatementsExtendedReview" xlink:title="StatementOfExecutiveAndSupervisoryBoardsResponsibilityForFinancialStatementsExtendedReview"/>
    <link:label xlink:type="resource" xlink:label="label_StatementOfExecutiveAndSupervisoryBoardsResponsibilityForFinancialStatementsExtendedReview" xlink:role="http://www.xbrl.org/2003/role/label" xlink:title="label_StatementOfExecutiveAndSupervisoryBoardsResponsibilityForFinancialStatementsExtendedReview" xml:lang="da" id="label_StatementOfExecutiveAndSupervisoryBoardsResponsibilityForFinancialStatementsExtendedReview">Ledelsens ansvar for årsregnskabet (udvidet gennemgang)</link:label>
    <link:labelArc xlink:type="arc" xlink:arcrole="http://www.xbrl.org/2003/arcrole/concept-label" xlink:from="StatementOfExecutiveAndSupervisoryBoardsResponsibilityForFinancialStatementsExtendedReview" xlink:to="label_StatementOfExecutiveAndSupervisoryBoardsResponsibilityForFinancialStatementsExtendedReview" xlink:title="label: StatementOfExecutiveAndSupervisoryBoardsResponsibilityForFinancialStatementsExtendedReview to label_StatementOfExecutiveAndSupervisoryBoardsResponsibilityForFinancialStatementsExtendedReview"/>
    <link:label xlink:type="resource" xlink:label="label_StatementOfExecutiveAndSupervisoryBoardsResponsibilityForFinancialStatementsExtendedReview_2" xlink:role="http://www.xbrl.org/2003/role/label" xlink:title="label_StatementOfExecutiveAndSupervisoryBoardsResponsibilityForFinancialStatementsExtendedReview" xml:lang="en" id="label_StatementOfExecutiveAndSupervisoryBoardsResponsibilityForFinancialStatementsExtendedReview_2">Statement of executive and supervisory board's responsibility for financial statements (Extended review)</link:label>
    <link:labelArc xlink:type="arc" xlink:arcrole="http://www.xbrl.org/2003/arcrole/concept-label" xlink:from="StatementOfExecutiveAndSupervisoryBoardsResponsibilityForFinancialStatementsExtendedReview" xlink:to="label_StatementOfExecutiveAndSupervisoryBoardsResponsibilityForFinancialStatementsExtendedReview_2" xlink:title="label: StatementOfExecutiveAndSupervisoryBoardsResponsibilityForFinancialStatementsExtendedReview to label_StatementOfExecutiveAndSupervisoryBoardsResponsibilityForFinancialStatementsExtendedReview"/>
    <link:loc xlink:type="locator" xlink:href="arr.xsd#arr_OpinionOnFinancialStatementsExtendedReview" xlink:label="OpinionOnAuditedFinancialStatementsExtendedReview" xlink:title="OpinionOnAuditedFinancialStatementsExtendedReview"/>
    <link:label xlink:type="resource" xlink:label="label_OpinionOnAuditedFinancialStatementsExtendedReview" xlink:role="http://www.xbrl.org/2003/role/label" xlink:title="label_OpinionOnAuditedFinancialStatementsExtendedReview" xml:lang="da" id="label_OpinionOnAuditedFinancialStatementsExtendedReview">Konklusion (udvidet gennemgang)</link:label>
    <link:labelArc xlink:type="arc" xlink:arcrole="http://www.xbrl.org/2003/arcrole/concept-label" xlink:from="OpinionOnAuditedFinancialStatementsExtendedReview" xlink:to="label_OpinionOnAuditedFinancialStatementsExtendedReview" xlink:title="label: OpinionOnAuditedFinancialStatementsExtendedReview to label_OpinionOnAuditedFinancialStatementsExtendedReview"/>
    <link:label xlink:type="resource" xlink:label="label_OpinionOnAuditedFinancialStatementsExtendedReview_2" xlink:role="http://www.xbrl.org/2003/role/label" xlink:title="label_OpinionOnAuditedFinancialStatementsExtendedReview" xml:lang="en" id="label_OpinionOnAuditedFinancialStatementsExtendedReview_2">Opinion on financial statements (Extended review)</link:label>
    <link:labelArc xlink:type="arc" xlink:arcrole="http://www.xbrl.org/2003/arcrole/concept-label" xlink:from="OpinionOnAuditedFinancialStatementsExtendedReview" xlink:to="label_OpinionOnAuditedFinancialStatementsExtendedReview_2" xlink:title="label: OpinionOnAuditedFinancialStatementsExtendedReview to label_OpinionOnAuditedFinancialStatementsExtendedReview"/>
    <link:loc xlink:type="locator" xlink:href="arr.xsd#arr_TypeOfBasisForModifiedOpinionOnFinancialStatementsExtendedReview" xlink:label="TypeOfBasisForModifiedOpinionOnAuditedFinancialStatementsExtendedReview" xlink:title="TypeOfBasisForModifiedOpinionOnAuditedFinancialStatementsExtendedReview"/>
    <link:label xlink:type="resource" xlink:label="label_TypeOfBasisForModifiedOpinionOnAuditedFinancialStatementsExtendedReview" xlink:role="http://www.xbrl.org/2003/role/label" xlink:title="label_TypeOfBasisForModifiedOpinionOnAuditedFinancialStatementsExtendedReview" xml:lang="da" id="label_TypeOfBasisForModifiedOpinionOnAuditedFinancialStatementsExtendedReview">Type af grundlag for modificeret konklusion (udvidet gennemgang)</link:label>
    <link:labelArc xlink:type="arc" xlink:arcrole="http://www.xbrl.org/2003/arcrole/concept-label" xlink:from="TypeOfBasisForModifiedOpinionOnAuditedFinancialStatementsExtendedReview" xlink:to="label_TypeOfBasisForModifiedOpinionOnAuditedFinancialStatementsExtendedReview" xlink:title="label: TypeOfBasisForModifiedOpinionOnAuditedFinancialStatementsExtendedReview to label_TypeOfBasisForModifiedOpinionOnAuditedFinancialStatementsExtendedReview"/>
    <link:label xlink:type="resource" xlink:label="label_TypeOfBasisForModifiedOpinionOnAuditedFinancialStatementsExtendedReview_2" xlink:role="http://www.xbrl.org/2003/role/label" xlink:title="label_TypeOfBasisForModifiedOpinionOnAuditedFinancialStatementsExtendedReview" xml:lang="en" id="label_TypeOfBasisForModifiedOpinionOnAuditedFinancialStatementsExtendedReview_2">Type of basis for modified opinion on financial statements (Extended review)</link:label>
    <link:labelArc xlink:type="arc" xlink:arcrole="http://www.xbrl.org/2003/arcrole/concept-label" xlink:from="TypeOfBasisForModifiedOpinionOnAuditedFinancialStatementsExtendedReview" xlink:to="label_TypeOfBasisForModifiedOpinionOnAuditedFinancialStatementsExtendedReview_2" xlink:title="label: TypeOfBasisForModifiedOpinionOnAuditedFinancialStatementsExtendedReview to label_TypeOfBasisForModifiedOpinionOnAuditedFinancialStatementsExtendedReview"/>
    <link:loc xlink:type="locator" xlink:href="arr.xsd#arr_TypeOfModifiedOpinionOnAuditedFinancialStatementsExtendedReview" xlink:label="TypeOfModifiedOpinionOnAuditedFinancialStatementsExtendedReview" xlink:title="TypeOfModifiedOpinionOnAuditedFinancialStatementsExtendedReview"/>
    <link:label xlink:type="resource" xlink:label="label_TypeOfModifiedOpinionOnAuditedFinancialStatementsExtendedReview" xlink:role="http://www.xbrl.org/2003/role/label" xlink:title="label_TypeOfModifiedOpinionOnAuditedFinancialStatementsExtendedReview" xml:lang="da" id="label_TypeOfModifiedOpinionOnAuditedFinancialStatementsExtendedReview">Type af modificeret konklusion (udvidet gennemgang)</link:label>
    <link:labelArc xlink:type="arc" xlink:arcrole="http://www.xbrl.org/2003/arcrole/concept-label" xlink:from="TypeOfModifiedOpinionOnAuditedFinancialStatementsExtendedReview" xlink:to="label_TypeOfModifiedOpinionOnAuditedFinancialStatementsExtendedReview" xlink:title="label: TypeOfModifiedOpinionOnAuditedFinancialStatementsExtendedReview to label_TypeOfModifiedOpinionOnAuditedFinancialStatementsExtendedReview"/>
    <link:label xlink:type="resource" xlink:label="label_TypeOfModifiedOpinionOnAuditedFinancialStatementsExtendedReview_2" xlink:role="http://www.xbrl.org/2003/role/label" xlink:title="label_TypeOfModifiedOpinionOnAuditedFinancialStatementsExtendedReview" xml:lang="en" id="label_TypeOfModifiedOpinionOnAuditedFinancialStatementsExtendedReview_2">Type of modified opinion on financial statements (Extended Review)</link:label>
    <link:labelArc xlink:type="arc" xlink:arcrole="http://www.xbrl.org/2003/arcrole/concept-label" xlink:from="TypeOfModifiedOpinionOnAuditedFinancialStatementsExtendedReview" xlink:to="label_TypeOfModifiedOpinionOnAuditedFinancialStatementsExtendedReview_2" xlink:title="label: TypeOfModifiedOpinionOnAuditedFinancialStatementsExtendedReview to label_TypeOfModifiedOpinionOnAuditedFinancialStatementsExtendedReview"/>
    <link:loc xlink:type="locator" xlink:href="arr.xsd#arr_StatementWhetherQualificationsOfFinancialStatementsAreOfSuchDecisiveImportanceThatAnnualGeneralMeetingShouldNotApproveFinancialStatementsExtendedReview" xlink:label="StatementWhetherQualificationsOfAuditedFinancialStatementsAreOfSuchDecisiveImportanceThatAnnualGeneralMeetingShouldNotApproveFinancialStatementsExtendedReview" xlink:title="StatementWhetherQualificationsOfAuditedFinancialStatementsAreOfSuchDecisiveImportanceThatAnnualGeneralMeetingShouldNotApproveFinancialStatementsExtendedReview"/>
    <link:label xlink:type="resource" xlink:label="label_StatementWhetherQualificationsOfAuditedFinancialStatementsAreOfSuchDecisiveImportanceThatAnnualGeneralMeetingShouldNotApproveFinancialStatementsExtendedReview" xlink:role="http://www.xbrl.org/2003/role/label" xlink:title="label_StatementWhetherQualificationsOfAuditedFinancialStatementsAreOfSuchDecisiveImportanceThatAnnualGeneralMeetingShouldNotApproveFinancialStatementsExtendedReview" xml:lang="da" id="label_StatementWhetherQualificationsOfAuditedFinancialStatementsAreOfSuchDecisiveImportanceThatAnnualGeneralMeetingShouldNotApproveFinancialStatementsExtendedReview">Oplysning om hvis et forbehold er af så afgørende betydning, at det fører til, at generalforsamlingen ikke bør godkende regnskabet (udvidet gennemgang)</link:label>
    <link:labelArc xlink:type="arc" xlink:arcrole="http://www.xbrl.org/2003/arcrole/concept-label" xlink:from="StatementWhetherQualificationsOfAuditedFinancialStatementsAreOfSuchDecisiveImportanceThatAnnualGeneralMeetingShouldNotApproveFinancialStatementsExtendedReview" xlink:to="label_StatementWhetherQualificationsOfAuditedFinancialStatementsAreOfSuchDecisiveImportanceThatAnnualGeneralMeetingShouldNotApproveFinancialStatementsExtendedReview" xlink:title="label: StatementWhetherQualificationsOfAuditedFinancialStatementsAreOfSuchDecisiveImportanceThatAnnualGeneralMeetingShouldNotApproveFinancialStatementsExtendedReview to label_StatementWhetherQualificationsOfAuditedFinancialStatementsAreOfSuchDecisiveImportanceThatAnnualGeneralMeetingShouldNotApproveFinancialStatementsExtendedReview"/>
    <link:label xlink:type="resource" xlink:label="label_StatementWhetherQualificationsOfAuditedFinancialStatementsAreOfSuchDecisiveImportanceThatAnnualGeneralMeetingShouldNotApproveFinancialStatementsExtendedReview_2" xlink:role="http://www.xbrl.org/2003/role/label" xlink:title="label_StatementWhetherQualificationsOfAuditedFinancialStatementsAreOfSuchDecisiveImportanceThatAnnualGeneralMeetingShouldNotApproveFinancialStatementsExtendedReview" xml:lang="en" id="label_StatementWhetherQualificationsOfAuditedFinancialStatementsAreOfSuchDecisiveImportanceThatAnnualGeneralMeetingShouldNotApproveFinancialStatementsExtendedReview_2">Statement whether qualifications of financial statements are of such decisive importance that annual general meeting should not approve financial statements (Extended review)</link:label>
    <link:labelArc xlink:type="arc" xlink:arcrole="http://www.xbrl.org/2003/arcrole/concept-label" xlink:from="StatementWhetherQualificationsOfAuditedFinancialStatementsAreOfSuchDecisiveImportanceThatAnnualGeneralMeetingShouldNotApproveFinancialStatementsExtendedReview" xlink:to="label_StatementWhetherQualificationsOfAuditedFinancialStatementsAreOfSuchDecisiveImportanceThatAnnualGeneralMeetingShouldNotApproveFinancialStatementsExtendedReview_2" xlink:title="label: StatementWhetherQualificationsOfAuditedFinancialStatementsAreOfSuchDecisiveImportanceThatAnnualGeneralMeetingShouldNotApproveFinancialStatementsExtendedReview to label_StatementWhetherQualificationsOfAuditedFinancialStatementsAreOfSuchDecisiveImportanceThatAnnualGeneralMeetingShouldNotApproveFinancialStatementsExtendedReview"/>
    <link:loc xlink:type="locator" xlink:href="arr.xsd#arr_SupplementaryInformationOnMattersPertainingToFinancialStatementExtendedReview" xlink:label="SupplementaryInformationOnMattersPertainingToAuditedFinancialStatementExtendedReview" xlink:title="SupplementaryInformationOnMattersPertainingToAuditedFinancialStatementExtendedReview"/>
    <link:label xlink:type="resource" xlink:label="label_SupplementaryInformationOnMattersPertainingToAuditedFinancialStatementExtendedReview" xlink:role="http://www.xbrl.org/2003/role/label" xlink:title="label_SupplementaryInformationOnMattersPertainingToAuditedFinancialStatementExtendedReview" xml:lang="da" id="label_SupplementaryInformationOnMattersPertainingToAuditedFinancialStatementExtendedReview">Supplerende oplysninger vedrørende forhold i regnskabet (udvidet gennemgang)</link:label>
    <link:labelArc xlink:type="arc" xlink:arcrole="http://www.xbrl.org/2003/arcrole/concept-label" xlink:from="SupplementaryInformationOnMattersPertainingToAuditedFinancialStatementExtendedReview" xlink:to="label_SupplementaryInformationOnMattersPertainingToAuditedFinancialStatementExtendedReview" xlink:title="label: SupplementaryInformationOnMattersPertainingToAuditedFinancialStatementExtendedReview to label_SupplementaryInformationOnMattersPertainingToAuditedFinancialStatementExtendedReview"/>
    <link:label xlink:type="resource" xlink:label="label_SupplementaryInformationOnMattersPertainingToAuditedFinancialStatementExtendedReview_2" xlink:role="http://www.xbrl.org/2003/role/label" xlink:title="label_SupplementaryInformationOnMattersPertainingToAuditedFinancialStatementExtendedReview" xml:lang="en" id="label_SupplementaryInformationOnMattersPertainingToAuditedFinancialStatementExtendedReview_2">Emphasis of matter regarding the financial statements (Extended review)</link:label>
    <link:labelArc xlink:type="arc" xlink:arcrole="http://www.xbrl.org/2003/arcrole/concept-label" xlink:from="SupplementaryInformationOnMattersPertainingToAuditedFinancialStatementExtendedReview" xlink:to="label_SupplementaryInformationOnMattersPertainingToAuditedFinancialStatementExtendedReview_2" xlink:title="label: SupplementaryInformationOnMattersPertainingToAuditedFinancialStatementExtendedReview to label_SupplementaryInformationOnMattersPertainingToAuditedFinancialStatementExtendedReview"/>
    <link:loc xlink:type="locator" xlink:href="arr.xsd#arr_SupplementaryInformationOnExtendedReview" xlink:label="SupplementaryInformationOnAuditExtendedReview" xlink:title="SupplementaryInformationOnAuditExtendedReview"/>
    <link:label xlink:type="resource" xlink:label="label_SupplementaryInformationOnAuditExtendedReview" xlink:role="http://www.xbrl.org/2003/role/label" xlink:title="label_SupplementaryInformationOnAuditExtendedReview" xml:lang="da" id="label_SupplementaryInformationOnAuditExtendedReview">Supplerende oplysninger vedrørende forståelse af den udvidede gennemgang</link:label>
    <link:labelArc xlink:type="arc" xlink:arcrole="http://www.xbrl.org/2003/arcrole/concept-label" xlink:from="SupplementaryInformationOnAuditExtendedReview" xlink:to="label_SupplementaryInformationOnAuditExtendedReview" xlink:title="label: SupplementaryInformationOnAuditExtendedReview to label_SupplementaryInformationOnAuditExtendedReview"/>
    <link:label xlink:type="resource" xlink:label="label_SupplementaryInformationOnAuditExtendedReview_2" xlink:role="http://www.xbrl.org/2003/role/label" xlink:title="label_SupplementaryInformationOnAuditExtendedReview" xml:lang="en" id="label_SupplementaryInformationOnAuditExtendedReview_2">Emphasis of other matter (Extended review)</link:label>
    <link:labelArc xlink:type="arc" xlink:arcrole="http://www.xbrl.org/2003/arcrole/concept-label" xlink:from="SupplementaryInformationOnAuditExtendedReview" xlink:to="label_SupplementaryInformationOnAuditExtendedReview_2" xlink:title="label: SupplementaryInformationOnAuditExtendedReview to label_SupplementaryInformationOnAuditExtendedReview"/>
    <link:loc xlink:type="locator" xlink:href="arr.xsd#arr_SupplementaryInformationOnOtherMattersExtendedReview" xlink:label="SupplementaryInformationOnOtherMattersExtendedReview" xlink:title="SupplementaryInformationOnOtherMattersExtendedReview"/>
    <link:label xlink:type="resource" xlink:label="label_SupplementaryInformationOnOtherMattersExtendedReview" xlink:role="http://www.xbrl.org/2003/role/label" xlink:title="label_SupplementaryInformationOnOtherMattersExtendedReview" xml:lang="da" id="label_SupplementaryInformationOnOtherMattersExtendedReview">Supplerende oplysninger vedrørende andre forhold (udvidet gennemgang)</link:label>
    <link:labelArc xlink:type="arc" xlink:arcrole="http://www.xbrl.org/2003/arcrole/concept-label" xlink:from="SupplementaryInformationOnOtherMattersExtendedReview" xlink:to="label_SupplementaryInformationOnOtherMattersExtendedReview" xlink:title="label: SupplementaryInformationOnOtherMattersExtendedReview to label_SupplementaryInformationOnOtherMattersExtendedReview"/>
    <link:label xlink:type="resource" xlink:label="label_SupplementaryInformationOnOtherMattersExtendedReview_2" xlink:role="http://www.xbrl.org/2003/role/label" xlink:title="label_SupplementaryInformationOnOtherMattersExtendedReview" xml:lang="en" id="label_SupplementaryInformationOnOtherMattersExtendedReview_2">Emphasis of matter regarding other matter (Extended review)</link:label>
    <link:labelArc xlink:type="arc" xlink:arcrole="http://www.xbrl.org/2003/arcrole/concept-label" xlink:from="SupplementaryInformationOnOtherMattersExtendedReview" xlink:to="label_SupplementaryInformationOnOtherMattersExtendedReview_2" xlink:title="label: SupplementaryInformationOnOtherMattersExtendedReview to label_SupplementaryInformationOnOtherMattersExtendedReview"/>
    <link:loc xlink:type="locator" xlink:href="arr.xsd#arr_StatementOnManagementsReviewAuditorsReportOnExtendedReviewFinancialStatementsExtendedReview" xlink:label="StatementOnManagementsReviewAuditorsReportOnAuditedFinancialStatementsExtendedReview" xlink:title="StatementOnManagementsReviewAuditorsReportOnAuditedFinancialStatementsExtendedReview"/>
    <link:label xlink:type="resource" xlink:label="label_StatementOnManagementsReviewAuditorsReportOnAuditedFinancialStatementsExtendedReview" xlink:role="http://www.xbrl.org/2003/role/label" xlink:title="label_StatementOnManagementsReviewAuditorsReportOnAuditedFinancialStatementsExtendedReview" xml:lang="da" id="label_StatementOnManagementsReviewAuditorsReportOnAuditedFinancialStatementsExtendedReview">Udtalelse om ledelsesberetningen (udvidet gennemgang)</link:label>
    <link:labelArc xlink:type="arc" xlink:arcrole="http://www.xbrl.org/2003/arcrole/concept-label" xlink:from="StatementOnManagementsReviewAuditorsReportOnAuditedFinancialStatementsExtendedReview" xlink:to="label_StatementOnManagementsReviewAuditorsReportOnAuditedFinancialStatementsExtendedReview" xlink:title="label: StatementOnManagementsReviewAuditorsReportOnAuditedFinancialStatementsExtendedReview to label_StatementOnManagementsReviewAuditorsReportOnAuditedFinancialStatementsExtendedReview"/>
    <link:label xlink:type="resource" xlink:label="label_StatementOnManagementsReviewAuditorsReportOnAuditedFinancialStatementsExtendedReview_2" xlink:role="http://www.xbrl.org/2003/role/label" xlink:title="label_StatementOnManagementsReviewAuditorsReportOnAuditedFinancialStatementsExtendedReview" xml:lang="en" id="label_StatementOnManagementsReviewAuditorsReportOnAuditedFinancialStatementsExtendedReview_2">Statement on management's review [Auditor's report on extended review financial statements]</link:label>
    <link:labelArc xlink:type="arc" xlink:arcrole="http://www.xbrl.org/2003/arcrole/concept-label" xlink:from="StatementOnManagementsReviewAuditorsReportOnAuditedFinancialStatementsExtendedReview" xlink:to="label_StatementOnManagementsReviewAuditorsReportOnAuditedFinancialStatementsExtendedReview_2" xlink:title="label: StatementOnManagementsReviewAuditorsReportOnAuditedFinancialStatementsExtendedReview to label_StatementOnManagementsReviewAuditorsReportOnAuditedFinancialStatementsExtendedReview"/>
    <link:loc xlink:type="locator" xlink:href="arr.xsd#arr_OtherReportsExtendedReview" xlink:label="OtherReportsExtendedReview" xlink:title="OtherReportsExtendedReview"/>
    <link:label xlink:type="resource" xlink:label="label_OtherReportsExtendedReview" xlink:role="http://www.xbrl.org/2003/role/label" xlink:title="label_OtherReportsExtendedReview" xml:lang="da" id="label_OtherReportsExtendedReview">Andre erklæringer (udvidet gennemgang)</link:label>
    <link:labelArc xlink:type="arc" xlink:arcrole="http://www.xbrl.org/2003/arcrole/concept-label" xlink:from="OtherReportsExtendedReview" xlink:to="label_OtherReportsExtendedReview" xlink:title="label: OtherReportsExtendedReview to label_OtherReportsExtendedReview"/>
    <link:label xlink:type="resource" xlink:label="label_OtherReportsExtendedReview_2" xlink:role="http://www.xbrl.org/2003/role/label" xlink:title="label_OtherReportsExtendedReview" xml:lang="en" id="label_OtherReportsExtendedReview_2">Other reports (Extended review)</link:label>
    <link:labelArc xlink:type="arc" xlink:arcrole="http://www.xbrl.org/2003/arcrole/concept-label" xlink:from="OtherReportsExtendedReview" xlink:to="label_OtherReportsExtendedReview_2" xlink:title="label: OtherReportsExtendedReview to label_OtherReportsExtendedReview"/>
    <link:loc xlink:type="locator" xlink:href="arr.xsd#arr_AuditorsReportOnExtendedReviewOfFinancialStatements" xlink:label="copyOfAuditorsReportOnFinancialStatementsExtendedReview" xlink:title="copyOfAuditorsReportOnFinancialStatementsExtendedReview"/>
    <link:label xlink:type="resource" xlink:label="label_copyOfAuditorsReportOnFinancialStatementsExtendedReview" xlink:role="http://www.xbrl.org/2003/role/label" xlink:title="label_copyOfAuditorsReportOnFinancialStatementsExtendedReview" xml:lang="da" id="label_copyOfAuditorsReportOnFinancialStatementsExtendedReview">Erklæring om udvidet gennemgang af årsregnskabet</link:label>
    <link:labelArc xlink:type="arc" xlink:arcrole="http://www.xbrl.org/2003/arcrole/concept-label" xlink:from="copyOfAuditorsReportOnFinancialStatementsExtendedReview" xlink:to="label_copyOfAuditorsReportOnFinancialStatementsExtendedReview" xlink:title="label: copyOfAuditorsReportOnFinancialStatementsExtendedReview to label_copyOfAuditorsReportOnFinancialStatementsExtendedReview"/>
    <link:label xlink:type="resource" xlink:label="label_copyOfAuditorsReportOnFinancialStatementsExtendedReview_2" xlink:role="http://www.xbrl.org/2003/role/label" xlink:title="label_copyOfAuditorsReportOnFinancialStatementsExtendedReview" xml:lang="en" id="label_copyOfAuditorsReportOnFinancialStatementsExtendedReview_2">Auditor's report on extended review of financial statements</link:label>
    <link:labelArc xlink:type="arc" xlink:arcrole="http://www.xbrl.org/2003/arcrole/concept-label" xlink:from="copyOfAuditorsReportOnFinancialStatementsExtendedReview" xlink:to="label_copyOfAuditorsReportOnFinancialStatementsExtendedReview_2" xlink:title="label: copyOfAuditorsReportOnFinancialStatementsExtendedReview to label_copyOfAuditorsReportOnFinancialStatementsExtendedReview"/>
    <link:loc xlink:type="locator" xlink:href="arr.xsd#arr_IdentificationOfFinancialStatementsAndDescriptionOfFinancialReportingFrameworkAppliedInPreparationOfFinancialStatementsExtendedReview" xlink:label="copyOfIdentificationOfAuditedFinancialStatementsExtendedReview" xlink:title="copyOfIdentificationOfAuditedFinancialStatementsExtendedReview"/>
    <link:label xlink:type="resource" xlink:label="label_copyOfIdentificationOfAuditedFinancialStatementsExtendedReview" xlink:role="http://www.xbrl.org/2003/role/label" xlink:title="label_copyOfIdentificationOfAuditedFinancialStatementsExtendedReview" xml:lang="da" id="label_copyOfIdentificationOfAuditedFinancialStatementsExtendedReview">Identifikation af regnskabet og hvilken regnskabsmæssig begrebsramme der er anvendt ved regnskabets udarbejdelse (udvidet gennemgang)</link:label>
    <link:labelArc xlink:type="arc" xlink:arcrole="http://www.xbrl.org/2003/arcrole/concept-label" xlink:from="copyOfIdentificationOfAuditedFinancialStatementsExtendedReview" xlink:to="label_copyOfIdentificationOfAuditedFinancialStatementsExtendedReview" xlink:title="label: copyOfIdentificationOfAuditedFinancialStatementsExtendedReview to label_copyOfIdentificationOfAuditedFinancialStatementsExtendedReview"/>
    <link:label xlink:type="resource" xlink:label="label_copyOfIdentificationOfAuditedFinancialStatementsExtendedReview_2" xlink:role="http://www.xbrl.org/2003/role/label" xlink:title="label_copyOfIdentificationOfAuditedFinancialStatementsExtendedReview" xml:lang="en" id="label_copyOfIdentificationOfAuditedFinancialStatementsExtendedReview_2">Identification of financial statements and description of financial reporting framework applied in preparation of financial statements (Extended review) </link:label>
    <link:labelArc xlink:type="arc" xlink:arcrole="http://www.xbrl.org/2003/arcrole/concept-label" xlink:from="copyOfIdentificationOfAuditedFinancialStatementsExtendedReview" xlink:to="label_copyOfIdentificationOfAuditedFinancialStatementsExtendedReview_2" xlink:title="label: copyOfIdentificationOfAuditedFinancialStatementsExtendedReview to label_copyOfIdentificationOfAuditedFinancialStatementsExtendedReview"/>
    <link:loc xlink:type="locator" xlink:href="arr.xsd#arr_StatementOfAuditorsResponsibilityExtendedReview" xlink:label="copyOfStatementOfAuditorsResponsibilityForAuditAndAuditPerformedExtendedReview" xlink:title="copyOfStatementOfAuditorsResponsibilityForAuditAndAuditPerformedExtendedReview"/>
    <link:label xlink:type="resource" xlink:label="label_copyOfStatementOfAuditorsResponsibilityForAuditAndAuditPerformedExtendedReview" xlink:role="http://www.xbrl.org/2003/role/label" xlink:title="label_copyOfStatementOfAuditorsResponsibilityForAuditAndAuditPerformedExtendedReview" xml:lang="da" id="label_copyOfStatementOfAuditorsResponsibilityForAuditAndAuditPerformedExtendedReview">Revisors ansvar (udvidet gennemgang)</link:label>
    <link:labelArc xlink:type="arc" xlink:arcrole="http://www.xbrl.org/2003/arcrole/concept-label" xlink:from="copyOfStatementOfAuditorsResponsibilityForAuditAndAuditPerformedExtendedReview" xlink:to="label_copyOfStatementOfAuditorsResponsibilityForAuditAndAuditPerformedExtendedReview" xlink:title="label: copyOfStatementOfAuditorsResponsibilityForAuditAndAuditPerformedExtendedReview to label_copyOfStatementOfAuditorsResponsibilityForAuditAndAuditPerformedExtendedReview"/>
    <link:label xlink:type="resource" xlink:label="label_copyOfStatementOfAuditorsResponsibilityForAuditAndAuditPerformedExtendedReview_2" xlink:role="http://www.xbrl.org/2003/role/label" xlink:title="label_copyOfStatementOfAuditorsResponsibilityForAuditAndAuditPerformedExtendedReview" xml:lang="en" id="label_copyOfStatementOfAuditorsResponsibilityForAuditAndAuditPerformedExtendedReview_2">Statement of auditor's responsibility (Extended review) </link:label>
    <link:labelArc xlink:type="arc" xlink:arcrole="http://www.xbrl.org/2003/arcrole/concept-label" xlink:from="copyOfStatementOfAuditorsResponsibilityForAuditAndAuditPerformedExtendedReview" xlink:to="label_copyOfStatementOfAuditorsResponsibilityForAuditAndAuditPerformedExtendedReview_2" xlink:title="label: copyOfStatementOfAuditorsResponsibilityForAuditAndAuditPerformedExtendedReview to label_copyOfStatementOfAuditorsResponsibilityForAuditAndAuditPerformedExtendedReview"/>
    <link:loc xlink:type="locator" xlink:href="arr.xsd#arr_DescriptionOfQualificationsOfFinancialStatementsExtendedReview" xlink:label="copyOfDescriptionOfQualificationsOfAuditedFinancialStatementsExtendedReview" xlink:title="copyOfDescriptionOfQualificationsOfAuditedFinancialStatementsExtendedReview"/>
    <link:label xlink:type="resource" xlink:label="label_copyOfDescriptionOfQualificationsOfAuditedFinancialStatementsExtendedReview" xlink:role="http://www.xbrl.org/2003/role/label" xlink:title="label_copyOfDescriptionOfQualificationsOfAuditedFinancialStatementsExtendedReview" xml:lang="da" id="label_copyOfDescriptionOfQualificationsOfAuditedFinancialStatementsExtendedReview">Forbehold (udvidet gennemgang)</link:label>
    <link:labelArc xlink:type="arc" xlink:arcrole="http://www.xbrl.org/2003/arcrole/concept-label" xlink:from="copyOfDescriptionOfQualificationsOfAuditedFinancialStatementsExtendedReview" xlink:to="label_copyOfDescriptionOfQualificationsOfAuditedFinancialStatementsExtendedReview" xlink:title="label: copyOfDescriptionOfQualificationsOfAuditedFinancialStatementsExtendedReview to label_copyOfDescriptionOfQualificationsOfAuditedFinancialStatementsExtendedReview"/>
    <link:label xlink:type="resource" xlink:label="label_copyOfDescriptionOfQualificationsOfAuditedFinancialStatementsExtendedReview_2" xlink:role="http://www.xbrl.org/2003/role/label" xlink:title="label_copyOfDescriptionOfQualificationsOfAuditedFinancialStatementsExtendedReview" xml:lang="en" id="label_copyOfDescriptionOfQualificationsOfAuditedFinancialStatementsExtendedReview_2">Description of qualifications of financial statements (Extended review) </link:label>
    <link:labelArc xlink:type="arc" xlink:arcrole="http://www.xbrl.org/2003/arcrole/concept-label" xlink:from="copyOfDescriptionOfQualificationsOfAuditedFinancialStatementsExtendedReview" xlink:to="label_copyOfDescriptionOfQualificationsOfAuditedFinancialStatementsExtendedReview_2" xlink:title="label: copyOfDescriptionOfQualificationsOfAuditedFinancialStatementsExtendedReview to label_copyOfDescriptionOfQualificationsOfAuditedFinancialStatementsExtendedReview"/>
    <link:loc xlink:type="locator" xlink:href="arr.xsd#arr_AuditorsReportsAccordingToOtherLegislationAndRegulationReview" xlink:label="copyOfAuditorsReportsAccordingToOtherLegislationAndRegulationExtendedReview" xlink:title="copyOfAuditorsReportsAccordingToOtherLegislationAndRegulationExtendedReview"/>
    <link:label xlink:type="resource" xlink:label="label_copyOfAuditorsReportsAccordingToOtherLegislationAndRegulationExtendedReview" xlink:role="http://www.xbrl.org/2003/role/label" xlink:title="label_copyOfAuditorsReportsAccordingToOtherLegislationAndRegulationExtendedReview" xml:lang="da" id="label_copyOfAuditorsReportsAccordingToOtherLegislationAndRegulationExtendedReview">Erklæringer i henhold til anden lovgivning og øvrig regulering (review)</link:label>
    <link:labelArc xlink:type="arc" xlink:arcrole="http://www.xbrl.org/2003/arcrole/concept-label" xlink:from="copyOfAuditorsReportsAccordingToOtherLegislationAndRegulationExtendedReview" xlink:to="label_copyOfAuditorsReportsAccordingToOtherLegislationAndRegulationExtendedReview" xlink:title="label: copyOfAuditorsReportsAccordingToOtherLegislationAndRegulationExtendedReview to label_copyOfAuditorsReportsAccordingToOtherLegislationAndRegulationExtendedReview"/>
    <link:label xlink:type="resource" xlink:label="label_copyOfAuditorsReportsAccordingToOtherLegislationAndRegulationExtendedReview_2" xlink:role="http://www.xbrl.org/2003/role/label" xlink:title="label_copyOfAuditorsReportsAccordingToOtherLegislationAndRegulationExtendedReview" xml:lang="en" id="label_copyOfAuditorsReportsAccordingToOtherLegislationAndRegulationExtendedReview_2">Reports on other legal and regulatory requirements (review)</link:label>
    <link:labelArc xlink:type="arc" xlink:arcrole="http://www.xbrl.org/2003/arcrole/concept-label" xlink:from="copyOfAuditorsReportsAccordingToOtherLegislationAndRegulationExtendedReview" xlink:to="label_copyOfAuditorsReportsAccordingToOtherLegislationAndRegulationExtendedReview_2" xlink:title="label: copyOfAuditorsReportsAccordingToOtherLegislationAndRegulationExtendedReview to label_copyOfAuditorsReportsAccordingToOtherLegislationAndRegulationExtendedReview"/>
    <link:loc xlink:type="locator" xlink:href="arr.xsd#arr_OtherReportsReview" xlink:label="copyOfOtherReportsExtendedReview" xlink:title="copyOfOtherReportsExtendedReview"/>
    <link:label xlink:type="resource" xlink:label="label_copyOfOtherReportsExtendedReview" xlink:role="http://www.xbrl.org/2003/role/label" xlink:title="label_copyOfOtherReportsExtendedReview" xml:lang="da" id="label_copyOfOtherReportsExtendedReview">Andre erklæringer (review)</link:label>
    <link:labelArc xlink:type="arc" xlink:arcrole="http://www.xbrl.org/2003/arcrole/concept-label" xlink:from="copyOfOtherReportsExtendedReview" xlink:to="label_copyOfOtherReportsExtendedReview" xlink:title="label: copyOfOtherReportsExtendedReview to label_copyOfOtherReportsExtendedReview"/>
    <link:label xlink:type="resource" xlink:label="label_copyOfOtherReportsExtendedReview_2" xlink:role="http://www.xbrl.org/2003/role/label" xlink:title="label_copyOfOtherReportsExtendedReview" xml:lang="en" id="label_copyOfOtherReportsExtendedReview_2">Other reports (review)</link:label>
    <link:labelArc xlink:type="arc" xlink:arcrole="http://www.xbrl.org/2003/arcrole/concept-label" xlink:from="copyOfOtherReportsExtendedReview" xlink:to="label_copyOfOtherReportsExtendedReview_2" xlink:title="label: copyOfOtherReportsExtendedReview to label_copyOfOtherReportsExtendedReview"/>
  </link:labelLink>
</link:linkbase>
