<?xml version="1.0" encoding="UTF-8"?>
<!-- Generated by Fujitsu Interstage XWand B0166 -->
<?officialURI http://archprod.service.eogs.dk/taxonomy/20140701/arr/arr-lab-pt.xml?>

<?taxonomy-version 1.5.0?>

<link:linkbase xmlns:xsi="http://www.w3.org/2001/XMLSchema-instance" xsi:schemaLocation="http://www.xbrl.org/2003/linkbase http://www.xbrl.org/2003/xbrl-linkbase-2003-12-31.xsd" xmlns:arr="http://xbrl.dcca.dk/arr" xmlns:link="http://www.xbrl.org/2003/linkbase" xmlns:gen="http://xbrl.org/2008/generic" xmlns:tch="http://xbrl.dcca.dk/tch" xmlns:ref="http://www.xbrl.org/2006/ref" xmlns:num="http://www.xbrl.org/dtr/type/numeric" xmlns:nonnum="http://www.xbrl.org/dtr/type/non-numeric" xmlns:xbrldt="http://xbrl.org/2005/xbrldt" xmlns:label="http://xbrl.org/2008/label" xmlns:xl="http://www.xbrl.org/2003/XLink" xmlns:cmn="http://xbrl.dcca.dk/cmn" xmlns:xbrli="http://www.xbrl.org/2003/instance" xmlns:xsd="http://www.w3.org/2001/XMLSchema" xmlns:xlink="http://www.w3.org/1999/xlink">
  <link:labelLink xlink:type="extended" xlink:role="http://www.xbrl.org/2003/role/link">
    <link:loc xlink:type="locator" xlink:href="arr.xsd#arr_AddresseeOfAuditorsReportOnAuditedFinancialStatements" xlink:label="AddresseeOfAuditorsReportOnAuditedFinancialStatements"/>
    <link:label xlink:type="resource" xlink:label="label_AddresseeOfAuditorsReportOnAuditedFinancialStatements" xlink:role="http://www.xbrl.org/2003/role/label" xml:lang="pt" id="label_AddresseeOfAuditorsReportOnAuditedFinancialStatements">Destinatário do relatório do auditor independente sobre as demonstrações contábeis auditadas</link:label>
    <link:labelArc xlink:type="arc" xlink:arcrole="http://www.xbrl.org/2003/arcrole/concept-label" xlink:from="AddresseeOfAuditorsReportOnAuditedFinancialStatements" xlink:to="label_AddresseeOfAuditorsReportOnAuditedFinancialStatements" order="10.0"/>
    <link:loc xlink:type="locator" xlink:href="arr.xsd#arr_AddresseeOfAuditorsReportOnReviewOfFinancialStatements" xlink:label="AddresseeOfAuditorsReportOnReviewOfFinancialStatements"/>
    <link:label xlink:type="resource" xlink:label="label_AddresseeOfAuditorsReportOnReviewOfFinancialStatements" xlink:role="http://www.xbrl.org/2003/role/label" xml:lang="pt" id="label_AddresseeOfAuditorsReportOnReviewOfFinancialStatements">Destinatário do relatório do auditor independente sobre as demonstrações contábeis revistas</link:label>
    <link:labelArc xlink:type="arc" xlink:arcrole="http://www.xbrl.org/2003/arcrole/concept-label" xlink:from="AddresseeOfAuditorsReportOnReviewOfFinancialStatements" xlink:to="label_AddresseeOfAuditorsReportOnReviewOfFinancialStatements" order="10.0"/>
    <link:loc xlink:type="locator" xlink:href="arr.xsd#arr_AuditorsReportOnAuditedFinancialStatements" xlink:label="AuditorsReportOnAuditedFinancialStatements"/>
    <link:label xlink:type="resource" xlink:label="label_AuditorsReportOnAuditedFinancialStatements" xlink:role="http://www.xbrl.org/2003/role/label" xml:lang="pt" id="label_AuditorsReportOnAuditedFinancialStatements">Relatório do auditor independente sobre as demonstrações contábeis auditadas</link:label>
    <link:labelArc xlink:type="arc" xlink:arcrole="http://www.xbrl.org/2003/arcrole/concept-label" xlink:from="AuditorsReportOnAuditedFinancialStatements" xlink:to="label_AuditorsReportOnAuditedFinancialStatements" order="10.0"/>
    <link:loc xlink:type="locator" xlink:href="arr.xsd#arr_AuditorsReportOnReviewOfFinancialStatements" xlink:label="AuditorsReportOnReviewOfFinancialStatements"/>
    <link:label xlink:type="resource" xlink:label="label_AuditorsReportOnReviewOfFinancialStatements" xlink:role="http://www.xbrl.org/2003/role/label" xml:lang="pt" id="label_AuditorsReportOnReviewOfFinancialStatements">Relatório do auditor independente sobre as demonstrações contábeis revistas</link:label>
    <link:labelArc xlink:type="arc" xlink:arcrole="http://www.xbrl.org/2003/arcrole/concept-label" xlink:from="AuditorsReportOnReviewOfFinancialStatements" xlink:to="label_AuditorsReportOnReviewOfFinancialStatements" order="10.0"/>
    <link:loc xlink:type="locator" xlink:href="arr.xsd#arr_AuditorsReportsAbstract" xlink:label="AuditorsReportsAbstract"/>
    <link:label xlink:type="resource" xlink:label="label_AuditorsReportsAbstract" xlink:role="http://www.xbrl.org/2003/role/label" xml:lang="pt" id="label_AuditorsReportsAbstract">Relatórios do auditor independente</link:label>
    <link:labelArc xlink:type="arc" xlink:arcrole="http://www.xbrl.org/2003/arcrole/concept-label" xlink:from="AuditorsReportsAbstract" xlink:to="label_AuditorsReportsAbstract" order="10.0"/>
    <link:loc xlink:type="locator" xlink:href="arr.xsd#arr_DescriptionOfQualificationsOfAssuranceEngagementPerformed" xlink:label="DescriptionOfQualificationsOfAssuranceEngagementPerformed"/>
    <link:label xlink:type="resource" xlink:label="label_DescriptionOfQualificationsOfAssuranceEngagementPerformed" xlink:role="http://www.xbrl.org/2003/role/label" xml:lang="pt" id="label_DescriptionOfQualificationsOfAssuranceEngagementPerformed">Descrição das qualificações de outro compromisso de asseguração realizado</link:label>
    <link:labelArc xlink:type="arc" xlink:arcrole="http://www.xbrl.org/2003/arcrole/concept-label" xlink:from="DescriptionOfQualificationsOfAssuranceEngagementPerformed" xlink:to="label_DescriptionOfQualificationsOfAssuranceEngagementPerformed" order="10.0"/>
    <link:loc xlink:type="locator" xlink:href="arr.xsd#arr_DescriptionOfQualificationsOfAuditedFinancialStatements" xlink:label="DescriptionOfQualificationsOfAuditedFinancialStatements"/>
    <link:label xlink:type="resource" xlink:label="label_DescriptionOfQualificationsOfAuditedFinancialStatements" xlink:role="http://www.xbrl.org/2003/role/label" xml:lang="pt" id="label_DescriptionOfQualificationsOfAuditedFinancialStatements">Descrição das qualificações das demonstrações contábeis auditadas</link:label>
    <link:labelArc xlink:type="arc" xlink:arcrole="http://www.xbrl.org/2003/arcrole/concept-label" xlink:from="DescriptionOfQualificationsOfAuditedFinancialStatements" xlink:to="label_DescriptionOfQualificationsOfAuditedFinancialStatements" order="10.0"/>
    <link:loc xlink:type="locator" xlink:href="arr.xsd#arr_DescriptionsOfQualificationsOfReviewedFinancialStatements" xlink:label="DescriptionsOfQualificationsOfReviewedFinancialStatements"/>
    <link:label xlink:type="resource" xlink:label="label_DescriptionsOfQualificationsOfReviewedFinancialStatements" xlink:role="http://www.xbrl.org/2003/role/label" xml:lang="pt" id="label_DescriptionsOfQualificationsOfReviewedFinancialStatements">Descrição das qualificações das demonstrações contábeis revistas</link:label>
    <link:labelArc xlink:type="arc" xlink:arcrole="http://www.xbrl.org/2003/arcrole/concept-label" xlink:from="DescriptionsOfQualificationsOfReviewedFinancialStatements" xlink:to="label_DescriptionsOfQualificationsOfReviewedFinancialStatements" order="10.0"/>
    <link:loc xlink:type="locator" xlink:href="arr.xsd#arr_DetailsOnSignatureOfAuditorsAppointedToPerformAssuranceEngagementHypercube" xlink:label="DetailsOnSignatureOfAuditorsAppointedToPerformAssuranceEngagementHypercube"/>
    <link:label xlink:type="resource" xlink:label="label_DetailsOnSignatureOfAuditorsAppointedToPerformAssuranceEngagementHypercube" xlink:role="http://www.xbrl.org/2003/role/label" xml:lang="pt" id="label_DetailsOnSignatureOfAuditorsAppointedToPerformAssuranceEngagementHypercube">Detalhes sobre assinatura do auditor independente designado para executar outro compromisso de asseguração</link:label>
    <link:labelArc xlink:type="arc" xlink:arcrole="http://www.xbrl.org/2003/arcrole/concept-label" xlink:from="DetailsOnSignatureOfAuditorsAppointedToPerformAssuranceEngagementHypercube" xlink:to="label_DetailsOnSignatureOfAuditorsAppointedToPerformAssuranceEngagementHypercube" order="10.0"/>
    <link:loc xlink:type="locator" xlink:href="arr.xsd#arr_DetailsOnSignatureOfAuditorsAppointedToPerformAuditHypercube" xlink:label="DetailsOnSignatureOfAuditorsAppointedToPerformAuditHypercube"/>
    <link:label xlink:type="resource" xlink:label="label_DetailsOnSignatureOfAuditorsAppointedToPerformAuditHypercube" xlink:role="http://www.xbrl.org/2003/role/label" xml:lang="pt" id="label_DetailsOnSignatureOfAuditorsAppointedToPerformAuditHypercube">Detalhes sobre assinatura do auditor independente designado para executar a auditoria</link:label>
    <link:labelArc xlink:type="arc" xlink:arcrole="http://www.xbrl.org/2003/arcrole/concept-label" xlink:from="DetailsOnSignatureOfAuditorsAppointedToPerformAuditHypercube" xlink:to="label_DetailsOnSignatureOfAuditorsAppointedToPerformAuditHypercube" order="10.0"/>
    <link:loc xlink:type="locator" xlink:href="arr.xsd#arr_DetailsOnSignatureOfAuditorsAppointedToPerformReviewHypercube" xlink:label="DetailsOnSignatureOfAuditorsAppointedToPerformReviewHypercube"/>
    <link:label xlink:type="resource" xlink:label="label_DetailsOnSignatureOfAuditorsAppointedToPerformReviewHypercube" xlink:role="http://www.xbrl.org/2003/role/label" xml:lang="pt" id="label_DetailsOnSignatureOfAuditorsAppointedToPerformReviewHypercube">Detalhes sobre assinatura do auditor independente designado para executar a revisão</link:label>
    <link:labelArc xlink:type="arc" xlink:arcrole="http://www.xbrl.org/2003/arcrole/concept-label" xlink:from="DetailsOnSignatureOfAuditorsAppointedToPerformReviewHypercube" xlink:to="label_DetailsOnSignatureOfAuditorsAppointedToPerformReviewHypercube" order="10.0"/>
    <link:loc xlink:type="locator" xlink:href="arr.xsd#arr_IdentificationOfAuditedFinancialStatements" xlink:label="IdentificationOfAuditedFinancialStatements"/>
    <link:label xlink:type="resource" xlink:label="label_IdentificationOfAuditedFinancialStatements" xlink:role="http://www.xbrl.org/2003/role/label" xml:lang="pt" id="label_IdentificationOfAuditedFinancialStatements">Identificação das demonstrações contábeis auditadas e descrição da estrutura de relatório financeiro aplicada na preparação das demonstrações contábeis (Auditoria)</link:label>
    <link:labelArc xlink:type="arc" xlink:arcrole="http://www.xbrl.org/2003/arcrole/concept-label" xlink:from="IdentificationOfAuditedFinancialStatements" xlink:to="label_IdentificationOfAuditedFinancialStatements" order="10.0"/>
    <link:loc xlink:type="locator" xlink:href="arr.xsd#arr_IdentificationOfReviewedFinancialStatement" xlink:label="IdentificationOfReviewedFinancialStatement"/>
    <link:label xlink:type="resource" xlink:label="label_IdentificationOfReviewedFinancialStatement" xlink:role="http://www.xbrl.org/2003/role/label" xml:lang="pt" id="label_IdentificationOfReviewedFinancialStatement">Identificação das demonstrações contábeis revistas</link:label>
    <link:labelArc xlink:type="arc" xlink:arcrole="http://www.xbrl.org/2003/arcrole/concept-label" xlink:from="IdentificationOfReviewedFinancialStatement" xlink:to="label_IdentificationOfReviewedFinancialStatement" order="10.0"/>
    <link:loc xlink:type="locator" xlink:href="arr.xsd#arr_OpinionOnAuditedFinancialStatements" xlink:label="OpinionOnAuditedFinancialStatements"/>
    <link:label xlink:type="resource" xlink:label="label_OpinionOnAuditedFinancialStatements" xlink:role="http://www.xbrl.org/2003/role/label" xml:lang="pt" id="label_OpinionOnAuditedFinancialStatements">Opinião sobre as demonstrações contábeis auditadas </link:label>
    <link:labelArc xlink:type="arc" xlink:arcrole="http://www.xbrl.org/2003/arcrole/concept-label" xlink:from="OpinionOnAuditedFinancialStatements" xlink:to="label_OpinionOnAuditedFinancialStatements" order="10.0"/>
    <link:loc xlink:type="locator" xlink:href="arr.xsd#arr_OpinionOnReviewedFinancialStatements" xlink:label="OpinionOnReviewedFinancialStatements"/>
    <link:label xlink:type="resource" xlink:label="label_OpinionOnReviewedFinancialStatements" xlink:role="http://www.xbrl.org/2003/role/label" xml:lang="pt" id="label_OpinionOnReviewedFinancialStatements">Opinião sobre as demonstrações contábeis revistas</link:label>
    <link:labelArc xlink:type="arc" xlink:arcrole="http://www.xbrl.org/2003/arcrole/concept-label" xlink:from="OpinionOnReviewedFinancialStatements" xlink:to="label_OpinionOnReviewedFinancialStatements" order="10.0"/>
    <link:loc xlink:type="locator" xlink:href="arr.xsd#arr_OpinionOnSubjectMatterOfAssuranceReport" xlink:label="OpinionOnSubjectMatterOfAssuranceReport"/>
    <link:label xlink:type="resource" xlink:label="label_OpinionOnSubjectMatterOfAssuranceReport" xlink:role="http://www.xbrl.org/2003/role/label" xml:lang="pt" id="label_OpinionOnSubjectMatterOfAssuranceReport">Opinião sobre o assunto do outro relatório de asseguração</link:label>
    <link:labelArc xlink:type="arc" xlink:arcrole="http://www.xbrl.org/2003/arcrole/concept-label" xlink:from="OpinionOnSubjectMatterOfAssuranceReport" xlink:to="label_OpinionOnSubjectMatterOfAssuranceReport" order="10.0"/>
    <link:loc xlink:type="locator" xlink:href="arr.xsd#arr_OtherAssuranceReports" xlink:label="OtherAssuranceReports"/>
    <link:label xlink:type="resource" xlink:label="label_OtherAssuranceReports" xlink:role="http://www.xbrl.org/2003/role/label" xml:lang="pt" id="label_OtherAssuranceReports">Outros relatórios de asseguração</link:label>
    <link:labelArc xlink:type="arc" xlink:arcrole="http://www.xbrl.org/2003/arcrole/concept-label" xlink:from="OtherAssuranceReports" xlink:to="label_OtherAssuranceReports" order="10.0"/>
    <link:loc xlink:type="locator" xlink:href="arr.xsd#arr_StatementOfAuditorsResponsibilityOtherAssuranceReports" xlink:label="StatementOfAuditorsResponsibilityForAssuranceEngagementAndAssuranceEngagementPerformed"/>
    <link:label xlink:type="resource" xlink:label="label_StatementOfAuditorsResponsibilityForAssuranceEngagementAndAssuranceEngagementPerformed" xlink:role="http://www.xbrl.org/2003/role/label" xml:lang="pt" id="label_StatementOfAuditorsResponsibilityForAssuranceEngagementAndAssuranceEngagementPerformed">Demonstrativo de responsabilidade do auditor independente (outros relatórios de asseguração)</link:label>
    <link:labelArc xlink:type="arc" xlink:arcrole="http://www.xbrl.org/2003/arcrole/concept-label" xlink:from="StatementOfAuditorsResponsibilityForAssuranceEngagementAndAssuranceEngagementPerformed" xlink:to="label_StatementOfAuditorsResponsibilityForAssuranceEngagementAndAssuranceEngagementPerformed" order="10.0"/>
    <link:loc xlink:type="locator" xlink:href="arr.xsd#arr_StatementOfAuditorsResponsibilityForAuditAndAuditPerformed" xlink:label="StatementOfAuditorsResponsibilityForAuditAndAuditPerformed"/>
    <link:label xlink:type="resource" xlink:label="label_StatementOfAuditorsResponsibilityForAuditAndAuditPerformed" xlink:role="http://www.xbrl.org/2003/role/label" xml:lang="pt" id="label_StatementOfAuditorsResponsibilityForAuditAndAuditPerformed">Demonstrativo de responsabilidade do auditor independente (auditoria)</link:label>
    <link:labelArc xlink:type="arc" xlink:arcrole="http://www.xbrl.org/2003/arcrole/concept-label" xlink:from="StatementOfAuditorsResponsibilityForAuditAndAuditPerformed" xlink:to="label_StatementOfAuditorsResponsibilityForAuditAndAuditPerformed" order="10.0"/>
    <link:loc xlink:type="locator" xlink:href="arr.xsd#arr_StatementOfAuditorsResponsibilityForReview" xlink:label="StatementOfAuditorsResponsibilityForReview"/>
    <link:label xlink:type="resource" xlink:label="label_StatementOfAuditorsResponsibilityForReview" xlink:role="http://www.xbrl.org/2003/role/label" xml:lang="pt" id="label_StatementOfAuditorsResponsibilityForReview">Demonstrativo de responsabilidade do auditor independente (revisão)</link:label>
    <link:labelArc xlink:type="arc" xlink:arcrole="http://www.xbrl.org/2003/arcrole/concept-label" xlink:from="StatementOfAuditorsResponsibilityForReview" xlink:to="label_StatementOfAuditorsResponsibilityForReview" order="10.0"/>
    <link:loc xlink:type="locator" xlink:href="arr.xsd#arr_StatementOnManagementsReviewAuditorsReportOnAuditedFinancialStatements" xlink:label="StatementOnManagementsReviewAuditorsReportOnAuditedFinancialStatements"/>
    <link:label xlink:type="resource" xlink:label="label_StatementOnManagementsReviewAuditorsReportOnAuditedFinancialStatements" xlink:role="http://www.xbrl.org/2003/role/label" xml:lang="pt" id="label_StatementOnManagementsReviewAuditorsReportOnAuditedFinancialStatements">Demonstrativo sobre a revisão da administração [Relatório do auditor independente sobre as demonstrações contábeis auditadas]</link:label>
    <link:labelArc xlink:type="arc" xlink:arcrole="http://www.xbrl.org/2003/arcrole/concept-label" xlink:from="StatementOnManagementsReviewAuditorsReportOnAuditedFinancialStatements" xlink:to="label_StatementOnManagementsReviewAuditorsReportOnAuditedFinancialStatements" order="10.0"/>
    <link:loc xlink:type="locator" xlink:href="arr.xsd#arr_StatementOnReviewPerformed" xlink:label="StatementOnReviewPerformed"/>
    <link:label xlink:type="resource" xlink:label="label_StatementOnReviewPerformed" xlink:role="http://www.xbrl.org/2003/role/label" xml:lang="pt" id="label_StatementOnReviewPerformed">Demonstrativo sobre o escopo da revisão</link:label>
    <link:labelArc xlink:type="arc" xlink:arcrole="http://www.xbrl.org/2003/arcrole/concept-label" xlink:from="StatementOnReviewPerformed" xlink:to="label_StatementOnReviewPerformed" order="10.0"/>
    <link:loc xlink:type="locator" xlink:href="arr.xsd#arr_StatementWhetherQualificationsOfAuditedFinancialStatementsAreOfSuchDecisiveImportanceThatAnnualGeneralMeetingShouldNotApproveFinancialStatements" xlink:label="StatementWhetherQualificationsOfAuditedFinancialStatementsAreOfSuchDecisiveImportanceThatAnnualGeneralMeetingShouldNotApproveFinancialStatements"/>
    <link:label xlink:type="resource" xlink:label="label_StatementWhetherQualificationsOfAuditedFinancialStatementsAreOfSuchDecisiveImportanceThatAnnualGeneralMeetingShouldNotApproveFinancialStatements" xlink:role="http://www.xbrl.org/2003/role/label" xml:lang="pt" id="label_StatementWhetherQualificationsOfAuditedFinancialStatementsAreOfSuchDecisiveImportanceThatAnnualGeneralMeetingShouldNotApproveFinancialStatements">Demonstrativo caso as qualificações das demonstrações contábeis auditadas tenham uma importância decisiva tal que a assembleia geral anual não deverá aprovar as demonstrações contábeis (Auditoria)</link:label>
    <link:labelArc xlink:type="arc" xlink:arcrole="http://www.xbrl.org/2003/arcrole/concept-label" xlink:from="StatementWhetherQualificationsOfAuditedFinancialStatementsAreOfSuchDecisiveImportanceThatAnnualGeneralMeetingShouldNotApproveFinancialStatements" xlink:to="label_StatementWhetherQualificationsOfAuditedFinancialStatementsAreOfSuchDecisiveImportanceThatAnnualGeneralMeetingShouldNotApproveFinancialStatements" order="10.0"/>
    <link:loc xlink:type="locator" xlink:href="arr.xsd#arr_SupplementaryInformationOnAssurance" xlink:label="SupplementaryInformationOnAssurance"/>
    <link:label xlink:type="resource" xlink:label="label_SupplementaryInformationOnAssurance" xlink:role="http://www.xbrl.org/2003/role/label" xml:lang="pt" id="label_SupplementaryInformationOnAssurance">Ênfase</link:label>
    <link:labelArc xlink:type="arc" xlink:arcrole="http://www.xbrl.org/2003/arcrole/concept-label" xlink:from="SupplementaryInformationOnAssurance" xlink:to="label_SupplementaryInformationOnAssurance" order="10.0"/>
    <link:loc xlink:type="locator" xlink:href="arr.xsd#arr_SupplementaryInformationOnAuditorsReview" xlink:label="SupplementaryInformationOnAuditorsReview"/>
    <link:label xlink:type="resource" xlink:label="label_SupplementaryInformationOnAuditorsReview" xlink:role="http://www.xbrl.org/2003/role/label" xml:lang="pt" id="label_SupplementaryInformationOnAuditorsReview">Ênfase (revisão)</link:label>
    <link:labelArc xlink:type="arc" xlink:arcrole="http://www.xbrl.org/2003/arcrole/concept-label" xlink:from="SupplementaryInformationOnAuditorsReview" xlink:to="label_SupplementaryInformationOnAuditorsReview" order="10.0"/>
    <link:loc xlink:type="locator" xlink:href="arr.xsd#arr_SupplementaryInformationOnMattersPertainingToAuditedFinancialStatement" xlink:label="SupplementaryInformationOnMattersPertainingToAuditedFinancialStatement"/>
    <link:label xlink:type="resource" xlink:label="label_SupplementaryInformationOnMattersPertainingToAuditedFinancialStatement" xlink:role="http://www.xbrl.org/2003/role/label" xml:lang="pt" id="label_SupplementaryInformationOnMattersPertainingToAuditedFinancialStatement">Ênfase que afeta as demonstrações contábeis (Auditoria)</link:label>
    <link:labelArc xlink:type="arc" xlink:arcrole="http://www.xbrl.org/2003/arcrole/concept-label" xlink:from="SupplementaryInformationOnMattersPertainingToAuditedFinancialStatement" xlink:to="label_SupplementaryInformationOnMattersPertainingToAuditedFinancialStatement" order="10.0"/>
    <link:loc xlink:type="locator" xlink:href="arr.xsd#arr_SupplementaryInformationOnOtherMatters" xlink:label="SupplementaryInformationOnOtherMatters"/>
    <link:label xlink:type="resource" xlink:label="label_SupplementaryInformationOnOtherMatters" xlink:role="http://www.xbrl.org/2003/role/label" xml:lang="pt" id="label_SupplementaryInformationOnOtherMatters">Ênfase em relação a outro assunto (Auditoria)</link:label>
    <link:labelArc xlink:type="arc" xlink:arcrole="http://www.xbrl.org/2003/arcrole/concept-label" xlink:from="SupplementaryInformationOnOtherMatters" xlink:to="label_SupplementaryInformationOnOtherMatters" order="10.0"/>
    <link:loc xlink:type="locator" xlink:href="arr.xsd#arr_StatementOfExecutiveAndSupervisoryBoardsResponsibilityForFinancialStatements" xlink:label="StatementOfExecutiveAndSupervisoryBoardsResponsibilityForFinancialStatements"/>
    <link:label xlink:type="resource" xlink:label="label_StatementOfExecutiveAndSupervisoryBoardsResponsibilityForFinancialStatements" xlink:role="http://www.xbrl.org/2003/role/label" xml:lang="pt" id="label_StatementOfExecutiveAndSupervisoryBoardsResponsibilityForFinancialStatements">Demonstrativo da responsabilidade da diretoria executiva e do conselho fiscal em relação às demonstrações contábeis (Auditoria)</link:label>
    <link:labelArc xlink:type="arc" xlink:arcrole="http://www.xbrl.org/2003/arcrole/concept-label" xlink:from="StatementOfExecutiveAndSupervisoryBoardsResponsibilityForFinancialStatements" xlink:to="label_StatementOfExecutiveAndSupervisoryBoardsResponsibilityForFinancialStatements" order="10.0"/>
    <link:loc xlink:type="locator" xlink:href="arr.xsd#arr_StatementOnManagementsReviewAuditorsReportOnReviewOfFinancialStatements" xlink:label="StatementOnManagementsReviewAuditorsReportOnReviewOfFinancialStatements"/>
    <link:label xlink:type="resource" xlink:label="label_StatementOnManagementsReviewAuditorsReportOnReviewOfFinancialStatements" xlink:role="http://www.xbrl.org/2003/role/label" xml:lang="pt" id="label_StatementOnManagementsReviewAuditorsReportOnReviewOfFinancialStatements">Demonstrativo sobre a revisão da administração [Relatório do auditor independente sobre as demonstrações contábeis revistas]</link:label>
    <link:labelArc xlink:type="arc" xlink:arcrole="http://www.xbrl.org/2003/arcrole/concept-label" xlink:from="StatementOnManagementsReviewAuditorsReportOnReviewOfFinancialStatements" xlink:to="label_StatementOnManagementsReviewAuditorsReportOnReviewOfFinancialStatements" order="10.0"/>
    <link:loc xlink:type="locator" xlink:href="arr.xsd#arr_StatementOnManagementsResponsibilityAuditorsReportOnReviewOfFinancialStatements" xlink:label="StatementOnManagementsResponsibilityAuditorsReportOnReviewOfFinancialStatements"/>
    <link:label xlink:type="resource" xlink:label="label_StatementOnManagementsResponsibilityAuditorsReportOnReviewOfFinancialStatements" xlink:role="http://www.xbrl.org/2003/role/label" xml:lang="pt" id="label_StatementOnManagementsResponsibilityAuditorsReportOnReviewOfFinancialStatements">Demonstrativo sobre a responsabilidade da administração [Relatório do auditor independente sobre as demonstrações contábeis revistas]</link:label>
    <link:labelArc xlink:type="arc" xlink:arcrole="http://www.xbrl.org/2003/arcrole/concept-label" xlink:from="StatementOnManagementsResponsibilityAuditorsReportOnReviewOfFinancialStatements" xlink:to="label_StatementOnManagementsResponsibilityAuditorsReportOnReviewOfFinancialStatements" order="10.0"/>
    <link:loc xlink:type="locator" xlink:href="arr.xsd#arr_StatementOnManagementsResponsibilityOtherAssuranceReports" xlink:label="StatementOnManagementsResponsibilityOtherAssuranceReports"/>
    <link:label xlink:type="resource" xlink:label="label_StatementOnManagementsResponsibilityOtherAssuranceReports" xlink:role="http://www.xbrl.org/2003/role/label" xml:lang="pt" id="label_StatementOnManagementsResponsibilityOtherAssuranceReports">Demonstrativo sobre a responsabilidade da administração (Outros relatórios de asseguração)</link:label>
    <link:labelArc xlink:type="arc" xlink:arcrole="http://www.xbrl.org/2003/arcrole/concept-label" xlink:from="StatementOnManagementsResponsibilityOtherAssuranceReports" xlink:to="label_StatementOnManagementsResponsibilityOtherAssuranceReports" order="10.0"/>
    <link:loc xlink:type="locator" xlink:href="arr.xsd#arr_OtherReports" xlink:label="OtherReports"/>
    <link:label xlink:type="resource" xlink:label="label_OtherReports" xlink:role="http://www.xbrl.org/2003/role/label" xml:lang="pt" id="label_OtherReports">Outros relatórios de não-asseguração</link:label>
    <link:labelArc xlink:type="arc" xlink:arcrole="http://www.xbrl.org/2003/arcrole/concept-label" xlink:from="OtherReports" xlink:to="label_OtherReports" order="10.0"/>
    <link:loc xlink:type="locator" xlink:href="arr.xsd#arr_DescriptionOfOtherEngagement" xlink:label="DescriptionOfOtherEngagement"/>
    <link:label xlink:type="resource" xlink:label="label_DescriptionOfOtherEngagement" xlink:role="http://www.xbrl.org/2003/role/label" xml:lang="pt" id="label_DescriptionOfOtherEngagement">Descrição de outro compromisso de não-asseguração</link:label>
    <link:labelArc xlink:type="arc" xlink:arcrole="http://www.xbrl.org/2003/arcrole/concept-label" xlink:from="DescriptionOfOtherEngagement" xlink:to="label_DescriptionOfOtherEngagement" order="10.0"/>
    <link:loc xlink:type="locator" xlink:href="arr.xsd#arr_DetailsOnSignatureOfAuditorsAppointedToPerformOtherEngagementHypercube" xlink:label="DetailsOnSignatureOfAuditorsAppointedToPerformOtherEngagementHypercube"/>
    <link:label xlink:type="resource" xlink:label="label_DetailsOnSignatureOfAuditorsAppointedToPerformOtherEngagementHypercube" xlink:role="http://www.xbrl.org/2003/role/label" xml:lang="pt" id="label_DetailsOnSignatureOfAuditorsAppointedToPerformOtherEngagementHypercube">Detalhes sobre assinatura do auditor independente designado para executar outro compromisso de não-asseguração</link:label>
    <link:labelArc xlink:type="arc" xlink:arcrole="http://www.xbrl.org/2003/arcrole/concept-label" xlink:from="DetailsOnSignatureOfAuditorsAppointedToPerformOtherEngagementHypercube" xlink:to="label_DetailsOnSignatureOfAuditorsAppointedToPerformOtherEngagementHypercube" order="10.0"/>
    <link:loc xlink:type="locator" xlink:href="arr.xsd#arr_SupplementaryInformationOnAudit" xlink:label="SupplementaryInformationOnAudit"/>
    <link:label xlink:type="resource" xlink:label="label_SupplementaryInformationOnAudit_2" xlink:role="http://www.xbrl.org/2003/role/label" xml:lang="pt" id="label_SupplementaryInformationOnAudit_2">Outra matéria (auditoria)</link:label>
    <link:labelArc xlink:type="arc" xlink:arcrole="http://www.xbrl.org/2003/arcrole/concept-label" xlink:from="SupplementaryInformationOnAudit" xlink:to="label_SupplementaryInformationOnAudit_2" order="10.0"/>
    <link:loc xlink:type="locator" xlink:href="arr.xsd#arr_IndependentAuditorsReportsAudit" xlink:label="newItem" xlink:title="newItem"/>
    <link:label xlink:type="resource" xlink:label="label_newItem_2" xlink:role="http://www.xbrl.org/2003/role/label" xlink:title="label_newItem" xml:lang="pt" id="label_newItem_2">Os relatórios do auditor independente (Auditoria)</link:label>
    <link:labelArc xlink:type="arc" xlink:arcrole="http://www.xbrl.org/2003/arcrole/concept-label" xlink:from="newItem" xlink:to="label_newItem_2" xlink:title="label: newItem to label_newItem"/>
    <link:loc xlink:type="locator" xlink:href="arr.xsd#arr_AuditorsReportOnFinancialStatements" xlink:label="newItem_2" xlink:title="newItem"/>
    <link:label xlink:type="resource" xlink:label="label_newItem_4" xlink:role="http://www.xbrl.org/2003/role/label" xlink:title="label_newItem" xml:lang="pt" id="label_newItem_4">Relatório sobre as demonstrações contábeis (Auditoria)</link:label>
    <link:labelArc xlink:type="arc" xlink:arcrole="http://www.xbrl.org/2003/arcrole/concept-label" xlink:from="newItem_2" xlink:to="label_newItem_4" xlink:title="label: newItem to label_newItem"/>
    <link:loc xlink:type="locator" xlink:href="arr.xsd#arr_AuditorsReportsAccordingToOtherLegislationAndRegulation" xlink:label="newItem_3" xlink:title="newItem"/>
    <link:label xlink:type="resource" xlink:label="label_newItem_6" xlink:role="http://www.xbrl.org/2003/role/label" xlink:title="label_newItem" xml:lang="pt" id="label_newItem_6">Relatórios sobre outros requisitos legais ou regulatórios (auditoria) </link:label>
    <link:labelArc xlink:type="arc" xlink:arcrole="http://www.xbrl.org/2003/arcrole/concept-label" xlink:from="newItem_3" xlink:to="label_newItem_6" xlink:title="label: newItem to label_newItem"/>
    <link:loc xlink:type="locator" xlink:href="arr.xsd#arr_OtherReportsAuditorsReport" xlink:label="newItem_4" xlink:title="newItem"/>
    <link:label xlink:type="resource" xlink:label="label_newItem_7" xlink:role="http://www.xbrl.org/2003/role/label" xlink:title="label_newItem" xml:lang="pt" id="label_newItem_7">Outros relatórios (relatório do auditor independente)</link:label>
    <link:labelArc xlink:type="arc" xlink:arcrole="http://www.xbrl.org/2003/arcrole/concept-label" xlink:from="newItem_4" xlink:to="label_newItem_7" xlink:title="label: newItem to label_newItem"/>
    <link:loc xlink:type="locator" xlink:href="arr.xsd#arr_DetailsOnSignatureAuditorsHypercube" xlink:label="DetailsOnSignatureAuditorsHypercube" xlink:title="DetailsOnSignatureAuditorsHypercube"/>
    <link:label xlink:type="resource" xlink:label="label_DetailsOnSignatureAuditorsHypercube" xlink:role="http://www.xbrl.org/2003/role/label" xlink:title="label_DetailsOnSignatureAuditorsHypercube" xml:lang="pt" id="label_DetailsOnSignatureAuditorsHypercube">Detalhes sobre a assinatura do auditor independente</link:label>
    <link:labelArc xlink:type="arc" xlink:arcrole="http://www.xbrl.org/2003/arcrole/concept-label" xlink:from="DetailsOnSignatureAuditorsHypercube" xlink:to="label_DetailsOnSignatureAuditorsHypercube" xlink:title="label: DetailsOnSignatureAuditorsHypercube to label_DetailsOnSignatureAuditorsHypercube"/>
    <link:loc xlink:type="locator" xlink:href="arr.xsd#arr_DetailsOnSignatureAuditorsAbstract" xlink:label="newItem_5" xlink:title="newItem"/>
    <link:label xlink:type="resource" xlink:label="label_newItem_10" xlink:role="http://www.xbrl.org/2003/role/label" xlink:title="label_newItem" xml:lang="pt" id="label_newItem_10">Detalhes sobre a assinatura do auditor independente</link:label>
    <link:labelArc xlink:type="arc" xlink:arcrole="http://www.xbrl.org/2003/arcrole/concept-label" xlink:from="newItem_5" xlink:to="label_newItem_10" xlink:title="label: newItem to label_newItem"/>
    <link:loc xlink:type="locator" xlink:href="arr.xsd#arr_InformationOnSignatureOfAuditors" xlink:label="InformationOnSignatureOfAuditors" xlink:title="InformationOnSignatureOfAuditors"/>
    <link:label xlink:type="resource" xlink:label="label_InformationOnSignatureOfAuditors_2" xlink:role="http://www.xbrl.org/2003/role/label" xlink:title="label_InformationOnSignatureOfAuditors" xml:lang="pt" id="label_InformationOnSignatureOfAuditors_2">Informações sobre a assinatura do auditor independente</link:label>
    <link:labelArc xlink:type="arc" xlink:arcrole="http://www.xbrl.org/2003/arcrole/concept-label" xlink:from="InformationOnSignatureOfAuditors" xlink:to="label_InformationOnSignatureOfAuditors_2" xlink:title="label: InformationOnSignatureOfAuditors to label_InformationOnSignatureOfAuditors"/>
    <link:loc xlink:type="locator" xlink:href="arr.xsd#arr_IndependentAuditorsReportsReview" xlink:label="newItem_6" xlink:title="newItem"/>
    <link:label xlink:type="resource" xlink:label="label_newItem_12" xlink:role="http://www.xbrl.org/2003/role/label" xlink:title="label_newItem" xml:lang="pt" id="label_newItem_12">Os relatórios do auditor independente (Revisão)</link:label>
    <link:labelArc xlink:type="arc" xlink:arcrole="http://www.xbrl.org/2003/arcrole/concept-label" xlink:from="newItem_6" xlink:to="label_newItem_12" xlink:title="label: newItem to label_newItem"/>
    <link:loc xlink:type="locator" xlink:href="arr.xsd#arr_IndependentAuditorsReportsOtherAssuranceReports" xlink:label="newItem2" xlink:title="newItem2"/>
    <link:label xlink:type="resource" xlink:label="label_newItem2_2" xlink:role="http://www.xbrl.org/2003/role/label" xlink:title="label_newItem2" xml:lang="pt" id="label_newItem2_2">Os relatórios do auditor independente (Outros relatórios de asseguração)</link:label>
    <link:labelArc xlink:type="arc" xlink:arcrole="http://www.xbrl.org/2003/arcrole/concept-label" xlink:from="newItem2" xlink:to="label_newItem2_2" xlink:title="label: newItem2 to label_newItem2"/>
    <link:loc xlink:type="locator" xlink:href="arr.xsd#arr_AuditorsReportsOtherReports" xlink:label="newItem3" xlink:title="newItem3"/>
    <link:label xlink:type="resource" xlink:label="label_newItem3_2" xlink:role="http://www.xbrl.org/2003/role/label" xlink:title="label_newItem3" xml:lang="pt" id="label_newItem3_2">Relatórios do auditor independente (Outros relatórios de não-asseguração)</link:label>
    <link:labelArc xlink:type="arc" xlink:arcrole="http://www.xbrl.org/2003/arcrole/concept-label" xlink:from="newItem3" xlink:to="label_newItem3_2" xlink:title="label: newItem3 to label_newItem3"/>
    <link:loc xlink:type="locator" xlink:href="arr.xsd#arr_IdentificationOfMattersOnWhichAssuranceReportIsProvidedAndDescriptionOfAssuranceEngagement" xlink:label="newItem_7" xlink:title="newItem"/>
    <link:label xlink:type="resource" xlink:label="label_newItem_14" xlink:role="http://www.xbrl.org/2003/role/label" xlink:title="label_newItem" xml:lang="pt" id="label_newItem_14">Identificação do assunto do relatório de asseguração e descrição do compromisso de asseguração</link:label>
    <link:labelArc xlink:type="arc" xlink:arcrole="http://www.xbrl.org/2003/arcrole/concept-label" xlink:from="newItem_7" xlink:to="label_newItem_14" xlink:title="label: newItem to label_newItem"/>
    <link:loc xlink:type="locator" xlink:href="arr.xsd#arr_SignatureOfAuditorsDate" xlink:label="newItem_8" xlink:title="newItem"/>
    <link:label xlink:type="resource" xlink:label="label_newItem_15" xlink:role="http://www.xbrl.org/2003/role/label" xlink:title="label_newItem" xml:lang="pt" id="label_newItem_15">Assinatura do auditor independente, data</link:label>
    <link:labelArc xlink:type="arc" xlink:arcrole="http://www.xbrl.org/2003/arcrole/concept-label" xlink:from="newItem_8" xlink:to="label_newItem_15" xlink:title="label: newItem to label_newItem"/>
    <link:loc xlink:type="locator" xlink:href="arr.xsd#arr_SignatureOfAuditorsPlace" xlink:label="newItem2_2" xlink:title="newItem2"/>
    <link:label xlink:type="resource" xlink:label="label_newItem2_3" xlink:role="http://www.xbrl.org/2003/role/label" xlink:title="label_newItem2" xml:lang="pt" id="label_newItem2_3">Assinatura do auditor independente, localidade</link:label>
    <link:labelArc xlink:type="arc" xlink:arcrole="http://www.xbrl.org/2003/arcrole/concept-label" xlink:from="newItem2_2" xlink:to="label_newItem2_3" xlink:title="label: newItem2 to label_newItem2"/>
    <link:loc xlink:type="locator" xlink:href="arr.xsd#arr_AddresseeOfAuditorsReportOnOtherAssuranceReports" xlink:label="copyOfAddresseeOfAuditorsReportOnReviewOfFinancialStatements" xlink:title="copyOfAddresseeOfAuditorsReportOnReviewOfFinancialStatements"/>
    <link:label xlink:type="resource" xlink:label="label_AddresseeOfAuditorsReportOnOtherAssuranceReports" xlink:role="http://www.xbrl.org/2003/role/label" xlink:title="label_AddresseeOfAuditorsReportOnOtherAssuranceReports" xml:lang="pt" id="label_AddresseeOfAuditorsReportOnOtherAssuranceReports">Destinatário do relatório do auditor independente (outros relatórios de asseguração)</link:label>
    <link:labelArc xlink:type="arc" xlink:arcrole="http://www.xbrl.org/2003/arcrole/concept-label" xlink:from="copyOfAddresseeOfAuditorsReportOnReviewOfFinancialStatements" xlink:to="label_AddresseeOfAuditorsReportOnOtherAssuranceReports" xlink:title="label: AddresseeOfAuditorsReportOnOtherAssuranceReports to label_AddresseeOfAuditorsReportOnOtherAssuranceReports"/>
    <link:loc xlink:type="locator" xlink:href="arr.xsd#arr_AddresseeOfAuditorsReportOnOtherReport" xlink:label="copyOfAddresseeOfAuditorsReportOnReviewOfFinancialStatements2" xlink:title="copyOfAddresseeOfAuditorsReportOnReviewOfFinancialStatements2"/>
    <link:label xlink:type="resource" xlink:label="label_AddresseeOfAuditorsReportOnOtherReport" xlink:role="http://www.xbrl.org/2003/role/label" xlink:title="label_AddresseeOfAuditorsReportOnOtherReport" xml:lang="pt" id="label_AddresseeOfAuditorsReportOnOtherReport">Destinatário do relatório do auditor independente (outros relatórios de não-asseguração)</link:label>
    <link:labelArc xlink:type="arc" xlink:arcrole="http://www.xbrl.org/2003/arcrole/concept-label" xlink:from="copyOfAddresseeOfAuditorsReportOnReviewOfFinancialStatements2" xlink:to="label_AddresseeOfAuditorsReportOnOtherReport" xlink:title="label: AddresseeOfAuditorsReportOnOtherReport to label_AddresseeOfAuditorsReportOnOtherReport"/>
    <link:loc xlink:type="locator" xlink:href="arr.xsd#arr_StatementsFromInternalAuditAbstract" xlink:label="StatementsFromInternalAuditAbstract" xlink:title="StatementsFromInternalAuditAbstract"/>
    <link:label xlink:type="resource" xlink:label="label_StatementsFromInternalAuditAbstract" xlink:role="http://www.xbrl.org/2003/role/label" xlink:title="label_StatementsFromInternalAuditAbstract" xml:lang="pt" id="label_StatementsFromInternalAuditAbstract">Demonstração a partir da auditoria interna</link:label>
    <link:labelArc xlink:type="arc" xlink:arcrole="http://www.xbrl.org/2003/arcrole/concept-label" xlink:from="StatementsFromInternalAuditAbstract" xlink:to="label_StatementsFromInternalAuditAbstract" xlink:title="label: StatementsFromInternalAuditAbstract to label_StatementsFromInternalAuditAbstract"/>
    <link:loc xlink:type="locator" xlink:href="arr.xsd#arr_OtherStatementsAbstract" xlink:label="OtherStatementsAbstract" xlink:title="OtherStatementsAbstract"/>
    <link:label xlink:type="resource" xlink:label="label_OtherStatementsAbstract" xlink:role="http://www.xbrl.org/2003/role/label" xlink:title="label_OtherStatementsAbstract" xml:lang="pt" id="label_OtherStatementsAbstract">Outros relatórios</link:label>
    <link:labelArc xlink:type="arc" xlink:arcrole="http://www.xbrl.org/2003/arcrole/concept-label" xlink:from="OtherStatementsAbstract" xlink:to="label_OtherStatementsAbstract" xlink:title="label: OtherStatementsAbstract to label_OtherStatementsAbstract"/>
    <link:loc xlink:type="locator" xlink:href="arr.xsd#arr_DescriptionOfTheWorkAndScopeOfTheReportStatementFromInternalAudit" xlink:label="copyOfDescriptionOfOtherEngagement" xlink:title="copyOfDescriptionOfOtherEngagement"/>
    <link:label xlink:type="resource" xlink:label="label_copyOfDescriptionOfOtherEngagement" xlink:role="http://www.xbrl.org/2003/role/label" xlink:title="label_copyOfDescriptionOfOtherEngagement" xml:lang="pt" id="label_copyOfDescriptionOfOtherEngagement">Descrição do trabalho e do escopo do relatório (relatório a partir da auditoria interna)</link:label>
    <link:labelArc xlink:type="arc" xlink:arcrole="http://www.xbrl.org/2003/arcrole/concept-label" xlink:from="copyOfDescriptionOfOtherEngagement" xlink:to="label_copyOfDescriptionOfOtherEngagement" xlink:title="label: copyOfDescriptionOfOtherEngagement to label_copyOfDescriptionOfOtherEngagement"/>
    <link:loc xlink:type="locator" xlink:href="arr.xsd#arr_DescriptionOfTheWorkAndScopeOfTheReportOtherStatements" xlink:label="copyOfDescriptionOfOtherEngagement2" xlink:title="copyOfDescriptionOfOtherEngagement2"/>
    <link:label xlink:type="resource" xlink:label="label_copyOfDescriptionOfOtherEngagement2" xlink:role="http://www.xbrl.org/2003/role/label" xlink:title="label_copyOfDescriptionOfOtherEngagement2" xml:lang="pt" id="label_copyOfDescriptionOfOtherEngagement2">Descrição do trabalho e do escopo do relatório (outros relatórios)</link:label>
    <link:labelArc xlink:type="arc" xlink:arcrole="http://www.xbrl.org/2003/arcrole/concept-label" xlink:from="copyOfDescriptionOfOtherEngagement2" xlink:to="label_copyOfDescriptionOfOtherEngagement2" xlink:title="label: copyOfDescriptionOfOtherEngagement2 to label_copyOfDescriptionOfOtherEngagement2"/>
    <link:loc xlink:type="locator" xlink:href="arr.xsd#arr_InformationOnSignatureInternalAudit" xlink:label="copyOfInformationOnSignatureOfAuditors" xlink:title="copyOfInformationOnSignatureOfAuditors"/>
    <link:label xlink:type="resource" xlink:label="label_copyOfInformationOnSignatureOfAuditors_2" xlink:role="http://www.xbrl.org/2003/role/label" xlink:title="label_copyOfInformationOnSignatureOfAuditors" xml:lang="pt" id="label_copyOfInformationOnSignatureOfAuditors_2">Informações sobre a assinatura da auditoria interna</link:label>
    <link:labelArc xlink:type="arc" xlink:arcrole="http://www.xbrl.org/2003/arcrole/concept-label" xlink:from="copyOfInformationOnSignatureOfAuditors" xlink:to="label_copyOfInformationOnSignatureOfAuditors_2" xlink:title="label: copyOfInformationOnSignatureOfAuditors to label_copyOfInformationOnSignatureOfAuditors"/>
    <link:loc xlink:type="locator" xlink:href="arr.xsd#arr_StatementsFromInternalAudit" xlink:label="copyOfStatementsFromInternalAuditAbstract" xlink:title="copyOfStatementsFromInternalAuditAbstract"/>
    <link:label xlink:type="resource" xlink:label="label_copyOfStatementsFromInternalAuditAbstract_2" xlink:role="http://www.xbrl.org/2003/role/label" xlink:title="label_copyOfStatementsFromInternalAuditAbstract" xml:lang="pt" id="label_copyOfStatementsFromInternalAuditAbstract_2">Relatórios a partir da auditoria interna</link:label>
    <link:labelArc xlink:type="arc" xlink:arcrole="http://www.xbrl.org/2003/arcrole/concept-label" xlink:from="copyOfStatementsFromInternalAuditAbstract" xlink:to="label_copyOfStatementsFromInternalAuditAbstract_2" xlink:title="label: copyOfStatementsFromInternalAuditAbstract to label_copyOfStatementsFromInternalAuditAbstract"/>
    <link:loc xlink:type="locator" xlink:href="arr.xsd#arr_SignatureInternalAuditDate" xlink:label="copyOfSignatureOfAuditorsDate" xlink:title="copyOfSignatureOfAuditorsDate"/>
    <link:label xlink:type="resource" xlink:label="label_copyOfSignatureOfAuditorsDate_2" xlink:role="http://www.xbrl.org/2003/role/label" xlink:title="label_copyOfSignatureOfAuditorsDate" xml:lang="pt" id="label_copyOfSignatureOfAuditorsDate_2">Assinatura da auditoria interna, data </link:label>
    <link:labelArc xlink:type="arc" xlink:arcrole="http://www.xbrl.org/2003/arcrole/concept-label" xlink:from="copyOfSignatureOfAuditorsDate" xlink:to="label_copyOfSignatureOfAuditorsDate_2" xlink:title="label: copyOfSignatureOfAuditorsDate to label_copyOfSignatureOfAuditorsDate"/>
    <link:loc xlink:type="locator" xlink:href="arr.xsd#arr_SignatureInternalAuditPlace" xlink:label="copyOfSignatureOfAuditorsPlace" xlink:title="copyOfSignatureOfAuditorsPlace"/>
    <link:label xlink:type="resource" xlink:label="label_copyOfSignatureOfAuditorsPlace_2" xlink:role="http://www.xbrl.org/2003/role/label" xlink:title="label_copyOfSignatureOfAuditorsPlace" xml:lang="pt" id="label_copyOfSignatureOfAuditorsPlace_2">Assinatura da auditoria interna, localidade</link:label>
    <link:labelArc xlink:type="arc" xlink:arcrole="http://www.xbrl.org/2003/arcrole/concept-label" xlink:from="copyOfSignatureOfAuditorsPlace" xlink:to="label_copyOfSignatureOfAuditorsPlace_2" xlink:title="label: copyOfSignatureOfAuditorsPlace to label_copyOfSignatureOfAuditorsPlace"/>
    <link:loc xlink:type="locator" xlink:href="arr.xsd#arr_copyOfSignatureOtherStatementsDate" xlink:label="copyOfSignatureInternalAuditDate" xlink:title="copyOfSignatureInternalAuditDate"/>
    <link:label xlink:type="resource" xlink:label="label_copyOfSignatureInternalAuditDate_2" xlink:role="http://www.xbrl.org/2003/role/label" xlink:title="label_copyOfSignatureInternalAuditDate" xml:lang="pt" id="label_copyOfSignatureInternalAuditDate_2">Assinatura dos outros relatórios, data </link:label>
    <link:labelArc xlink:type="arc" xlink:arcrole="http://www.xbrl.org/2003/arcrole/concept-label" xlink:from="copyOfSignatureInternalAuditDate" xlink:to="label_copyOfSignatureInternalAuditDate_2" xlink:title="label: copyOfSignatureInternalAuditDate to label_copyOfSignatureInternalAuditDate"/>
    <link:loc xlink:type="locator" xlink:href="arr.xsd#arr_OtherStatements" xlink:label="copyOfOtherStatementsAbstract" xlink:title="copyOfOtherStatementsAbstract"/>
    <link:label xlink:type="resource" xlink:label="label_copyOfOtherStatementsAbstract_2" xlink:role="http://www.xbrl.org/2003/role/label" xlink:title="label_copyOfOtherStatementsAbstract" xml:lang="pt" id="label_copyOfOtherStatementsAbstract_2">Outros relatórios</link:label>
    <link:labelArc xlink:type="arc" xlink:arcrole="http://www.xbrl.org/2003/arcrole/concept-label" xlink:from="copyOfOtherStatementsAbstract" xlink:to="label_copyOfOtherStatementsAbstract_2" xlink:title="label: copyOfOtherStatementsAbstract to label_copyOfOtherStatementsAbstract"/>
    <link:loc xlink:type="locator" xlink:href="arr.xsd#arr_SignatureOtherStatementsPlace" xlink:label="copyOfSignatureOfAuditorsPlace_2" xlink:title="copyOfSignatureOfAuditorsPlace"/>
    <link:label xlink:type="resource" xlink:label="label_copyOfSignatureOfAuditorsPlace_4" xlink:role="http://www.xbrl.org/2003/role/label" xlink:title="label_copyOfSignatureOfAuditorsPlace" xml:lang="pt" id="label_copyOfSignatureOfAuditorsPlace_4">Assinatura dos outros relatórios, localidade</link:label>
    <link:labelArc xlink:type="arc" xlink:arcrole="http://www.xbrl.org/2003/arcrole/concept-label" xlink:from="copyOfSignatureOfAuditorsPlace_2" xlink:to="label_copyOfSignatureOfAuditorsPlace_4" xlink:title="label: copyOfSignatureOfAuditorsPlace to label_copyOfSignatureOfAuditorsPlace"/>
    <link:loc xlink:type="locator" xlink:href="arr.xsd#arr_DetailsOnSignatureInternalAuditHypercube" xlink:label="copyOfDetailsOnSignatureAuditorsHypercube" xlink:title="copyOfDetailsOnSignatureAuditorsHypercube"/>
    <link:label xlink:type="resource" xlink:label="label_copyOfDetailsOnSignatureAuditorsHypercube_2" xlink:role="http://www.xbrl.org/2003/role/label" xlink:title="label_copyOfDetailsOnSignatureAuditorsHypercube" xml:lang="pt" id="label_copyOfDetailsOnSignatureAuditorsHypercube_2">Detalhes sobre a assinatura da auditoria interna</link:label>
    <link:labelArc xlink:type="arc" xlink:arcrole="http://www.xbrl.org/2003/arcrole/concept-label" xlink:from="copyOfDetailsOnSignatureAuditorsHypercube" xlink:to="label_copyOfDetailsOnSignatureAuditorsHypercube_2" xlink:title="label: copyOfDetailsOnSignatureAuditorsHypercube to label_copyOfDetailsOnSignatureAuditorsHypercube"/>
    <link:loc xlink:type="locator" xlink:href="arr.xsd#arr_DetailsOnSignatureInternalAuditAbstract" xlink:label="copyOfDetailsOnSignatureAuditorsAbstract" xlink:title="copyOfDetailsOnSignatureAuditorsAbstract"/>
    <link:label xlink:type="resource" xlink:label="label_copyOfDetailsOnSignatureAuditorsAbstract_2" xlink:role="http://www.xbrl.org/2003/role/label" xlink:title="label_copyOfDetailsOnSignatureAuditorsAbstract" xml:lang="pt" id="label_copyOfDetailsOnSignatureAuditorsAbstract_2">Detalhes sobre a assinatura da auditoria interna</link:label>
    <link:labelArc xlink:type="arc" xlink:arcrole="http://www.xbrl.org/2003/arcrole/concept-label" xlink:from="copyOfDetailsOnSignatureAuditorsAbstract" xlink:to="label_copyOfDetailsOnSignatureAuditorsAbstract_2" xlink:title="label: copyOfDetailsOnSignatureAuditorsAbstract to label_copyOfDetailsOnSignatureAuditorsAbstract"/>
    <link:loc xlink:type="locator" xlink:href="arr.xsd#arr_DetailsOnSignatureOtherStatementsHypercube" xlink:label="DetailsOnOtherStatementsHypercube" xlink:title="DetailsOnOtherStatementsHypercube"/>
    <link:label xlink:type="resource" xlink:label="label_DetailsOnOtherStatementsHypercube_2" xlink:role="http://www.xbrl.org/2003/role/label" xlink:title="label_DetailsOnOtherStatementsHypercube" xml:lang="pt" id="label_DetailsOnOtherStatementsHypercube_2">Detalhes sobre a assinatura dos outros relatórios</link:label>
    <link:labelArc xlink:type="arc" xlink:arcrole="http://www.xbrl.org/2003/arcrole/concept-label" xlink:from="DetailsOnOtherStatementsHypercube" xlink:to="label_DetailsOnOtherStatementsHypercube_2" xlink:title="label: DetailsOnOtherStatementsHypercube to label_DetailsOnOtherStatementsHypercube"/>
    <link:loc xlink:type="locator" xlink:href="arr.xsd#arr_DetailsOnSignatureOtherStatementsAbstract" xlink:label="copyOfDetailsOnSignatureInternalAuditAbstract" xlink:title="copyOfDetailsOnSignatureInternalAuditAbstract"/>
    <link:label xlink:type="resource" xlink:label="label_copyOfDetailsOnSignatureInternalAuditAbstract_2" xlink:role="http://www.xbrl.org/2003/role/label" xlink:title="label_copyOfDetailsOnSignatureInternalAuditAbstract" xml:lang="pt" id="label_copyOfDetailsOnSignatureInternalAuditAbstract_2">Detalhes sobre a assinatura dos outros relatórios</link:label>
    <link:labelArc xlink:type="arc" xlink:arcrole="http://www.xbrl.org/2003/arcrole/concept-label" xlink:from="copyOfDetailsOnSignatureInternalAuditAbstract" xlink:to="label_copyOfDetailsOnSignatureInternalAuditAbstract_2" xlink:title="label: copyOfDetailsOnSignatureInternalAuditAbstract to label_copyOfDetailsOnSignatureInternalAuditAbstract"/>
    <link:loc xlink:type="locator" xlink:href="arr.xsd#arr_IdentificationOfOtherStatementsDimension" xlink:label="IdentificationOfOtherStatementsDimension" xlink:title="IdentificationOfOtherStatementsDimension"/>
    <link:label xlink:type="resource" xlink:label="label_IdentificationOfOtherStatementsDimension_2" xlink:role="http://www.xbrl.org/2003/role/label" xlink:title="label_IdentificationOfOtherStatementsDimension" xml:lang="pt" id="label_IdentificationOfOtherStatementsDimension_2">Identificação dos outros relatórios</link:label>
    <link:labelArc xlink:type="arc" xlink:arcrole="http://www.xbrl.org/2003/arcrole/concept-label" xlink:from="IdentificationOfOtherStatementsDimension" xlink:to="label_IdentificationOfOtherStatementsDimension_2" xlink:title="label: IdentificationOfOtherStatementsDimension to label_IdentificationOfOtherStatementsDimension"/>
    <link:loc xlink:type="locator" xlink:href="arr.xsd#arr_InformationOnSignatureOtherStatement" xlink:label="copyOfInformationOnSignatureInternalAudit" xlink:title="copyOfInformationOnSignatureInternalAudit"/>
    <link:label xlink:type="resource" xlink:label="label_copyOfInformationOnSignatureInternalAudit_2" xlink:role="http://www.xbrl.org/2003/role/label" xlink:title="label_copyOfInformationOnSignatureInternalAudit" xml:lang="pt" id="label_copyOfInformationOnSignatureInternalAudit_2">Informações sobre a assinatura dos outros relatórios</link:label>
    <link:labelArc xlink:type="arc" xlink:arcrole="http://www.xbrl.org/2003/arcrole/concept-label" xlink:from="copyOfInformationOnSignatureInternalAudit" xlink:to="label_copyOfInformationOnSignatureInternalAudit_2" xlink:title="label: copyOfInformationOnSignatureInternalAudit to label_copyOfInformationOnSignatureInternalAudit"/>
    <link:loc xlink:type="locator" xlink:href="arr.xsd#arr_DetailsOtherStatementsHypercube" xlink:label="DetailsOtherStatementsHypercube" xlink:title="DetailsOtherStatementsHypercube"/>
    <link:label xlink:type="resource" xlink:label="label_DetailsOtherStatementsHypercube_2" xlink:role="http://www.xbrl.org/2003/role/label" xlink:title="label_DetailsOtherStatementsHypercube" xml:lang="pt" id="label_DetailsOtherStatementsHypercube_2">Detalhes dos outros relatórios</link:label>
    <link:labelArc xlink:type="arc" xlink:arcrole="http://www.xbrl.org/2003/arcrole/concept-label" xlink:from="DetailsOtherStatementsHypercube" xlink:to="label_DetailsOtherStatementsHypercube_2" xlink:title="label: DetailsOtherStatementsHypercube to label_DetailsOtherStatementsHypercube"/>
    <link:loc xlink:type="locator" xlink:href="arr.xsd#arr_DetailsOtherStatementsAbstract" xlink:label="DetailsOtherStatementsAbstract" xlink:title="DetailsOtherStatementsAbstract"/>
    <link:label xlink:type="resource" xlink:label="label_DetailsOtherStatementsAbstract_2" xlink:role="http://www.xbrl.org/2003/role/label" xlink:title="label_DetailsOtherStatementsAbstract" xml:lang="pt" id="label_DetailsOtherStatementsAbstract_2">Detalhes dos outros relatórios</link:label>
    <link:labelArc xlink:type="arc" xlink:arcrole="http://www.xbrl.org/2003/arcrole/concept-label" xlink:from="DetailsOtherStatementsAbstract" xlink:to="label_DetailsOtherStatementsAbstract_2" xlink:title="label: DetailsOtherStatementsAbstract to label_DetailsOtherStatementsAbstract"/>
    <link:loc xlink:type="locator" xlink:href="arr.xsd#arr_TypeOfBasisForModifiedOpinionOnAuditedFinancialStatements" xlink:label="TypeOfBasisForModifiedOpinionOnAuditedFinancialStatements"/>
    <link:label xlink:type="resource" xlink:label="label_TypeOfBasisForModifiedOpinionOnAuditedFinancialStatements" xlink:role="http://www.xbrl.org/2003/role/label" xml:lang="pt">Tipo de base para a opinião alterada sobre as demonstrações contábeis auditadas (auditoria)</link:label>
    <link:labelArc xlink:type="arc" xlink:arcrole="http://www.xbrl.org/2003/arcrole/concept-label" xlink:from="TypeOfBasisForModifiedOpinionOnAuditedFinancialStatements" xlink:to="label_TypeOfBasisForModifiedOpinionOnAuditedFinancialStatements"/>
    <link:loc xlink:type="locator" xlink:href="arr.xsd#arr_AuditorsReportOnExtendedReview" xlink:label="AuditorsReportOnExtendedReview"/>
    <link:label xlink:type="resource" xlink:label="label_AuditorsReportOnExtendedReview" xlink:role="http://www.xbrl.org/2003/role/label" xml:lang="pt">Relatório do auditor independente sobre revisão extensa</link:label>
    <link:labelArc xlink:type="arc" xlink:arcrole="http://www.xbrl.org/2003/arcrole/concept-label" xlink:from="AuditorsReportOnExtendedReview" xlink:to="label_AuditorsReportOnExtendedReview"/>
    <link:loc xlink:type="locator" xlink:href="arr.xsd#arr_TypeOfModifiedOpinionOnAuditedFinancialStatements" xlink:label="TypeOfModifiedOpinionOnAuditedFinancialStatements"/>
    <link:label xlink:type="resource" xlink:label="label_TypeOfModifiedOpinionOnAuditedFinancialStatements" xlink:role="http://www.xbrl.org/2003/role/label" xml:lang="pt">Tipo de opinião alterada sobre as demonstrações contábeis auditadas (Auditoria)</link:label>
    <link:labelArc xlink:type="arc" xlink:arcrole="http://www.xbrl.org/2003/arcrole/concept-label" xlink:from="TypeOfModifiedOpinionOnAuditedFinancialStatements" xlink:to="label_TypeOfModifiedOpinionOnAuditedFinancialStatements"/>
    <link:loc xlink:type="locator" xlink:href="arr.xsd#arr_IndependentAuditorsReportsExtendedReview" xlink:label="IndependentAuditorsReportsExtendedReview"/>
    <link:label xlink:type="resource" xlink:label="label_IndependentAuditorsReportsExtendedReview" xlink:role="http://www.xbrl.org/2003/role/label" xml:lang="pt">Os relatórios do auditor independente (Revisão extensa)</link:label>
    <link:labelArc xlink:type="arc" xlink:arcrole="http://www.xbrl.org/2003/arcrole/concept-label" xlink:from="IndependentAuditorsReportsExtendedReview" xlink:to="label_IndependentAuditorsReportsExtendedReview"/>
    <link:loc xlink:type="locator" xlink:href="arr.xsd#arr_AddresseeOfAuditorsReportOnExtendedReviewOfFinancialStatements" xlink:label="AddresseeOfAuditorsReportOnExtendedReviewOfFinancialStatements"/>
    <link:label xlink:type="resource" xlink:label="label_AddresseeOfAuditorsReportOnExtendedReviewOfFinancialStatements" xlink:role="http://www.xbrl.org/2003/role/label" xml:lang="pt">Destinatário do relatório do auditor independente sobre a revisão extensa das demonstrações contábeis</link:label>
    <link:labelArc xlink:type="arc" xlink:arcrole="http://www.xbrl.org/2003/arcrole/concept-label" xlink:from="AddresseeOfAuditorsReportOnExtendedReviewOfFinancialStatements" xlink:to="label_AddresseeOfAuditorsReportOnExtendedReviewOfFinancialStatements"/>
    <link:loc xlink:type="locator" xlink:href="arr.xsd#arr_AuditorsReportsAccordingToOtherLegislationAndRegulationExtendedReview" xlink:label="AuditorsReportsAccordingToOtherLegislationAndRegulationExtendedReview"/>
    <link:label xlink:type="resource" xlink:label="label_AuditorsReportsAccordingToOtherLegislationAndRegulationExtendedReview" xlink:role="http://www.xbrl.org/2003/role/label" xml:lang="pt">Relatório sobre outros requisitos legais ou regulatórios (Revisão extensa) </link:label>
    <link:labelArc xlink:type="arc" xlink:arcrole="http://www.xbrl.org/2003/arcrole/concept-label" xlink:from="AuditorsReportsAccordingToOtherLegislationAndRegulationExtendedReview" xlink:to="label_AuditorsReportsAccordingToOtherLegislationAndRegulationExtendedReview"/>
    <link:loc xlink:type="locator" xlink:href="arr.xsd#arr_StatementOfExecutiveAndSupervisoryBoardsResponsibilityForFinancialStatementsExtendedReview" xlink:label="StatementOfExecutiveAndSupervisoryBoardsResponsibilityForFinancialStatementsExtendedReview"/>
    <link:label xlink:type="resource" xlink:label="label_StatementOfExecutiveAndSupervisoryBoardsResponsibilityForFinancialStatementsExtendedReview" xlink:role="http://www.xbrl.org/2003/role/label" xml:lang="pt">Demonstrativo da responsabilidade da diretoria executiva e do conselho fiscal em relação às demonstrações contábeis (Revisão extensa)</link:label>
    <link:labelArc xlink:type="arc" xlink:arcrole="http://www.xbrl.org/2003/arcrole/concept-label" xlink:from="StatementOfExecutiveAndSupervisoryBoardsResponsibilityForFinancialStatementsExtendedReview" xlink:to="label_StatementOfExecutiveAndSupervisoryBoardsResponsibilityForFinancialStatementsExtendedReview"/>
    <link:loc xlink:type="locator" xlink:href="arr.xsd#arr_OpinionOnFinancialStatementsExtendedReview" xlink:label="OpinionOnFinancialStatementsExtendedReview"/>
    <link:label xlink:type="resource" xlink:label="label_OpinionOnFinancialStatementsExtendedReview" xlink:role="http://www.xbrl.org/2003/role/label" xml:lang="pt">Opinião sobre as demonstrações contábeis (Revisão extensa)</link:label>
    <link:labelArc xlink:type="arc" xlink:arcrole="http://www.xbrl.org/2003/arcrole/concept-label" xlink:from="OpinionOnFinancialStatementsExtendedReview" xlink:to="label_OpinionOnFinancialStatementsExtendedReview"/>
    <link:loc xlink:type="locator" xlink:href="arr.xsd#arr_TypeOfBasisForModifiedOpinionOnFinancialStatementsExtendedReview" xlink:label="TypeOfBasisForModifiedOpinionOnFinancialStatementsExtendedReview"/>
    <link:label xlink:type="resource" xlink:label="label_TypeOfBasisForModifiedOpinionOnFinancialStatementsExtendedReview" xlink:role="http://www.xbrl.org/2003/role/label" xml:lang="pt">Tipo de base para a opinião alterada sobre as demonstrações contábeis (Revisão extensa)</link:label>
    <link:labelArc xlink:type="arc" xlink:arcrole="http://www.xbrl.org/2003/arcrole/concept-label" xlink:from="TypeOfBasisForModifiedOpinionOnFinancialStatementsExtendedReview" xlink:to="label_TypeOfBasisForModifiedOpinionOnFinancialStatementsExtendedReview"/>
    <link:loc xlink:type="locator" xlink:href="arr.xsd#arr_TypeOfModifiedOpinionOnAuditedFinancialStatementsExtendedReview" xlink:label="TypeOfModifiedOpinionOnAuditedFinancialStatementsExtendedReview"/>
    <link:label xlink:type="resource" xlink:label="label_TypeOfModifiedOpinionOnAuditedFinancialStatementsExtendedReview" xlink:role="http://www.xbrl.org/2003/role/label" xml:lang="pt">Tipo de opinião alterada sobre as demonstrações contábeis (Revisão extensa)</link:label>
    <link:labelArc xlink:type="arc" xlink:arcrole="http://www.xbrl.org/2003/arcrole/concept-label" xlink:from="TypeOfModifiedOpinionOnAuditedFinancialStatementsExtendedReview" xlink:to="label_TypeOfModifiedOpinionOnAuditedFinancialStatementsExtendedReview"/>
    <link:loc xlink:type="locator" xlink:href="arr.xsd#arr_StatementWhetherQualificationsOfFinancialStatementsAreOfSuchDecisiveImportanceThatAnnualGeneralMeetingShouldNotApproveFinancialStatementsExtendedReview" xlink:label="StatementWhetherQualificationsOfFinancialStatementsAreOfSuchDecisiveImportanceThatAnnualGeneralMeetingShouldNotApproveFinancialStatementsExtendedReview"/>
    <link:label xlink:type="resource" xlink:label="label_StatementWhetherQualificationsOfFinancialStatementsAreOfSuchDecisiveImportanceThatAnnualGeneralMeetingShouldNotApproveFinancialStatementsExtendedReview" xlink:role="http://www.xbrl.org/2003/role/label" xml:lang="pt">Demonstrativo caso as qualificações das demonstrações contábeis tenham uma importância decisiva tal que a assembleia geral anual não deverá aprovar as demonstrações contábeis (Revisão extensa)</link:label>
    <link:labelArc xlink:type="arc" xlink:arcrole="http://www.xbrl.org/2003/arcrole/concept-label" xlink:from="StatementWhetherQualificationsOfFinancialStatementsAreOfSuchDecisiveImportanceThatAnnualGeneralMeetingShouldNotApproveFinancialStatementsExtendedReview" xlink:to="label_StatementWhetherQualificationsOfFinancialStatementsAreOfSuchDecisiveImportanceThatAnnualGeneralMeetingShouldNotApproveFinancialStatementsExtendedReview"/>
    <link:loc xlink:type="locator" xlink:href="arr.xsd#arr_SupplementaryInformationOnMattersPertainingToFinancialStatementExtendedReview" xlink:label="SupplementaryInformationOnMattersPertainingToFinancialStatementExtendedReview"/>
    <link:label xlink:type="resource" xlink:label="label_SupplementaryInformationOnMattersPertainingToFinancialStatementExtendedReview" xlink:role="http://www.xbrl.org/2003/role/label" xml:lang="pt">Ênfase em relação às demonstrações contábeis (Revisão extensa)</link:label>
    <link:labelArc xlink:type="arc" xlink:arcrole="http://www.xbrl.org/2003/arcrole/concept-label" xlink:from="SupplementaryInformationOnMattersPertainingToFinancialStatementExtendedReview" xlink:to="label_SupplementaryInformationOnMattersPertainingToFinancialStatementExtendedReview"/>
    <link:loc xlink:type="locator" xlink:href="arr.xsd#arr_SupplementaryInformationOnExtendedReview" xlink:label="SupplementaryInformationOnExtendedReview"/>
    <link:label xlink:type="resource" xlink:label="label_SupplementaryInformationOnExtendedReview" xlink:role="http://www.xbrl.org/2003/role/label" xml:lang="pt">Ênfase do outro assunto (Revisão extensa)</link:label>
    <link:labelArc xlink:type="arc" xlink:arcrole="http://www.xbrl.org/2003/arcrole/concept-label" xlink:from="SupplementaryInformationOnExtendedReview" xlink:to="label_SupplementaryInformationOnExtendedReview"/>
    <link:loc xlink:type="locator" xlink:href="arr.xsd#arr_SupplementaryInformationOnOtherMattersExtendedReview" xlink:label="SupplementaryInformationOnOtherMattersExtendedReview"/>
    <link:label xlink:type="resource" xlink:label="label_SupplementaryInformationOnOtherMattersExtendedReview" xlink:role="http://www.xbrl.org/2003/role/label" xml:lang="pt">Ênfase em relação a outro assunto (Revisão extensa)</link:label>
    <link:labelArc xlink:type="arc" xlink:arcrole="http://www.xbrl.org/2003/arcrole/concept-label" xlink:from="SupplementaryInformationOnOtherMattersExtendedReview" xlink:to="label_SupplementaryInformationOnOtherMattersExtendedReview"/>
    <link:loc xlink:type="locator" xlink:href="arr.xsd#arr_StatementOnManagementsReviewAuditorsReportOnExtendedReviewFinancialStatementsExtendedReview" xlink:label="StatementOnManagementsReviewAuditorsReportOnExtendedReviewFinancialStatementsExtendedReview"/>
    <link:label xlink:type="resource" xlink:label="label_StatementOnManagementsReviewAuditorsReportOnExtendedReviewFinancialStatementsExtendedReview" xlink:role="http://www.xbrl.org/2003/role/label" xml:lang="pt">Demonstrativo sobre a revisão da administração [Relatório do auditor independente sobre revisão extensa das demonstrações contábeis]</link:label>
    <link:labelArc xlink:type="arc" xlink:arcrole="http://www.xbrl.org/2003/arcrole/concept-label" xlink:from="StatementOnManagementsReviewAuditorsReportOnExtendedReviewFinancialStatementsExtendedReview" xlink:to="label_StatementOnManagementsReviewAuditorsReportOnExtendedReviewFinancialStatementsExtendedReview"/>
    <link:loc xlink:type="locator" xlink:href="arr.xsd#arr_OtherReportsExtendedReview" xlink:label="OtherReportsExtendedReview"/>
    <link:label xlink:type="resource" xlink:label="label_OtherReportsExtendedReview" xlink:role="http://www.xbrl.org/2003/role/label" xml:lang="pt">Outros relatórios (Revisão extensa)</link:label>
    <link:labelArc xlink:type="arc" xlink:arcrole="http://www.xbrl.org/2003/arcrole/concept-label" xlink:from="OtherReportsExtendedReview" xlink:to="label_OtherReportsExtendedReview"/>
    <link:loc xlink:type="locator" xlink:href="arr.xsd#arr_AuditorsReportOnExtendedReviewOfFinancialStatements" xlink:label="AuditorsReportOnExtendedReviewOfFinancialStatements"/>
    <link:label xlink:type="resource" xlink:label="label_AuditorsReportOnExtendedReviewOfFinancialStatements" xlink:role="http://www.xbrl.org/2003/role/label" xml:lang="pt">Relatório do auditor independente sobre a revisão extensa das demonstrações contábeis</link:label>
    <link:labelArc xlink:type="arc" xlink:arcrole="http://www.xbrl.org/2003/arcrole/concept-label" xlink:from="AuditorsReportOnExtendedReviewOfFinancialStatements" xlink:to="label_AuditorsReportOnExtendedReviewOfFinancialStatements"/>
    <link:loc xlink:type="locator" xlink:href="arr.xsd#arr_IdentificationOfFinancialStatementsAndDescriptionOfFinancialReportingFrameworkAppliedInPreparationOfFinancialStatementsExtendedReview" xlink:label="IdentificationOfFinancialStatementsAndDescriptionOfFinancialReportingFrameworkAppliedInPreparationOfFinancialStatementsExtendedReview"/>
    <link:label xlink:type="resource" xlink:label="label_IdentificationOfFinancialStatementsAndDescriptionOfFinancialReportingFrameworkAppliedInPreparationOfFinancialStatementsExtendedReview" xlink:role="http://www.xbrl.org/2003/role/label" xml:lang="pt">Identificação das demonstrações contábeis e descrição da estrutura de relatório financeiro aplicada na preparação das demonstrações contábeis (Revisão extensa) </link:label>
    <link:labelArc xlink:type="arc" xlink:arcrole="http://www.xbrl.org/2003/arcrole/concept-label" xlink:from="IdentificationOfFinancialStatementsAndDescriptionOfFinancialReportingFrameworkAppliedInPreparationOfFinancialStatementsExtendedReview" xlink:to="label_IdentificationOfFinancialStatementsAndDescriptionOfFinancialReportingFrameworkAppliedInPreparationOfFinancialStatementsExtendedReview"/>
    <link:loc xlink:type="locator" xlink:href="arr.xsd#arr_StatementOfAuditorsResponsibilityExtendedReview" xlink:label="StatementOfAuditorsResponsibilityExtendedReview"/>
    <link:label xlink:type="resource" xlink:label="label_StatementOfAuditorsResponsibilityExtendedReview" xlink:role="http://www.xbrl.org/2003/role/label" xml:lang="pt">Demonstrativo de responsabilidade do auditor independente (Revisão extensa) </link:label>
    <link:labelArc xlink:type="arc" xlink:arcrole="http://www.xbrl.org/2003/arcrole/concept-label" xlink:from="StatementOfAuditorsResponsibilityExtendedReview" xlink:to="label_StatementOfAuditorsResponsibilityExtendedReview"/>
    <link:loc xlink:type="locator" xlink:href="arr.xsd#arr_DescriptionOfQualificationsOfFinancialStatementsExtendedReview" xlink:label="DescriptionOfQualificationsOfFinancialStatementsExtendedReview"/>
    <link:label xlink:type="resource" xlink:label="label_DescriptionOfQualificationsOfFinancialStatementsExtendedReview" xlink:role="http://www.xbrl.org/2003/role/label" xml:lang="pt">Descrição das qualificações das demonstrações contábeis (Revisão extensa) </link:label>
    <link:labelArc xlink:type="arc" xlink:arcrole="http://www.xbrl.org/2003/arcrole/concept-label" xlink:from="DescriptionOfQualificationsOfFinancialStatementsExtendedReview" xlink:to="label_DescriptionOfQualificationsOfFinancialStatementsExtendedReview"/>
    <link:loc xlink:type="locator" xlink:href="arr.xsd#arr_AuditorsReportsAccordingToOtherLegislationAndRegulationReview" xlink:label="AuditorsReportsAccordingToOtherLegislationAndRegulationReview"/>
    <link:label xlink:type="resource" xlink:label="label_AuditorsReportsAccordingToOtherLegislationAndRegulationReview" xlink:role="http://www.xbrl.org/2003/role/label" xml:lang="pt">Relatórios sobre outros requisitos legais ou regulatórios (revisão) </link:label>
    <link:labelArc xlink:type="arc" xlink:arcrole="http://www.xbrl.org/2003/arcrole/concept-label" xlink:from="AuditorsReportsAccordingToOtherLegislationAndRegulationReview" xlink:to="label_AuditorsReportsAccordingToOtherLegislationAndRegulationReview"/>
    <link:loc xlink:type="locator" xlink:href="arr.xsd#arr_OtherReportsReview" xlink:label="OtherReportsReview"/>
    <link:label xlink:type="resource" xlink:label="label_OtherReportsReview" xlink:role="http://www.xbrl.org/2003/role/label" xml:lang="pt">Outros relatórios (revisão)</link:label>
    <link:labelArc xlink:type="arc" xlink:arcrole="http://www.xbrl.org/2003/arcrole/concept-label" xlink:from="OtherReportsReview" xlink:to="label_OtherReportsReview"/>
  </link:labelLink>
</link:linkbase>
