<?xml version="1.0" encoding="UTF-8"?>
<!-- Generated by Fujitsu Interstage XWand B0166 -->
<?officialURI http://archprod.service.eogs.dk/taxonomy/20140701/arr/arr_gla-da.xml?>

<?taxonomy-version 1.5.0?>

<link:linkbase xmlns:xsi="http://www.w3.org/2001/XMLSchema-instance" xsi:schemaLocation="http://www.xbrl.org/2003/linkbase http://www.xbrl.org/2003/xbrl-linkbase-2003-12-31.xsd http://xbrl.org/2008/label http://www.xbrl.org/2008/generic-label.xsd http://xbrl.org/2008/generic http://www.xbrl.org/2008/generic-link.xsd" xmlns:gen="http://xbrl.org/2008/generic" xmlns:link="http://www.xbrl.org/2003/linkbase" xmlns:xlink="http://www.w3.org/1999/xlink" xmlns:label="http://xbrl.org/2008/label">
  <link:roleRef roleURI="http://www.xbrl.org/2008/role/link" xlink:type="simple" xlink:href="http://www.xbrl.org/2008/generic-link.xsd#standard-link-role"/>
  <link:roleRef roleURI="http://www.xbrl.org/2008/role/label" xlink:type="simple" xlink:href="http://www.xbrl.org/2008/generic-label.xsd#standard-label"/>
  <link:arcroleRef arcroleURI="http://xbrl.org/arcrole/2008/element-label" xlink:type="simple" xlink:href="http://www.xbrl.org/2008/generic-label.xsd#element-label"/>
  <gen:link xlink:type="extended" xlink:role="http://www.xbrl.org/2008/role/link">
    <link:loc xlink:type="locator" xlink:href="arr.xsd#arr_RoleAuditorsReportsFrom20101215" xlink:label="roleType_7"/>
    <label:label xlink:type="resource" xlink:label="label_14" xlink:role="http://www.xbrl.org/2008/role/label" xml:lang="da">[101.00] Revisors erklæringer, fra 2010-12-15</label:label>
    <gen:arc xlink:type="arc" xlink:arcrole="http://xbrl.org/arcrole/2008/element-label" xlink:from="roleType_7" xlink:to="label_14" order="10.0"/>
    <link:loc xlink:type="locator" xlink:href="arr.xsd#arr_RoleAuditorsReportsFrom20101215Details" xlink:label="roleType_8"/>
    <label:label xlink:type="resource" xlink:label="label_16" xlink:role="http://www.xbrl.org/2008/role/label" xml:lang="da">[101.00] Revisors erklæringer, fra 2010-12-15 - Detaljer</label:label>
    <gen:arc xlink:type="arc" xlink:arcrole="http://xbrl.org/arcrole/2008/element-label" xlink:from="roleType_8" xlink:to="label_16" order="10.0"/>
    <link:loc xlink:type="locator" xlink:href="arr.xsd#arr_RoleHypercubeAuditorsReportsFrom20101215DetailsOnSignatureOfAuditors" xlink:label="roleType_9"/>
    <label:label xlink:type="resource" xlink:label="label_18" xlink:role="http://www.xbrl.org/2008/role/label" xml:lang="da">[101.01] Hypercube [Revisors erklæringer fra 2010-12-15] - Detaljer om revisors underskrift</label:label>
    <gen:arc xlink:type="arc" xlink:arcrole="http://xbrl.org/arcrole/2008/element-label" xlink:from="roleType_9" xlink:to="label_18" order="10.0"/>
    <link:loc xlink:type="locator" xlink:href="arr.xsd#arr_RoleStatementsFromInternalAudit" xlink:label="roleType_10"/>
    <label:label xlink:type="resource" xlink:label="label_20" xlink:role="http://www.xbrl.org/2008/role/label" xml:lang="da">[110.00] Erklæringer fra intern revision</label:label>
    <gen:arc xlink:type="arc" xlink:arcrole="http://xbrl.org/arcrole/2008/element-label" xlink:from="roleType_10" xlink:to="label_20" order="10.0"/>
    <link:loc xlink:type="locator" xlink:href="arr.xsd#arr_RoleStatementsFromInternalAuditDetails" xlink:label="roleType_11"/>
    <label:label xlink:type="resource" xlink:label="label_22" xlink:role="http://www.xbrl.org/2008/role/label" xml:lang="da">[110.00] Erklæringer fra intern revision  - Detaljer</label:label>
    <gen:arc xlink:type="arc" xlink:arcrole="http://xbrl.org/arcrole/2008/element-label" xlink:from="roleType_11" xlink:to="label_22" order="10.0"/>
    <link:loc xlink:type="locator" xlink:href="arr.xsd#arr_RoleHypercubeStatementsFromInternalAuditDetailsOnSignatureOfInternalAudit" xlink:label="roleType_12"/>
    <label:label xlink:type="resource" xlink:label="label_24" xlink:role="http://www.xbrl.org/2008/role/label" xml:lang="da">[110.01] Hypercube [Erklæringer fra intern revision] - Detaljer om underskrift intern revision</label:label>
    <gen:arc xlink:type="arc" xlink:arcrole="http://xbrl.org/arcrole/2008/element-label" xlink:from="roleType_12" xlink:to="label_24" order="10.0"/>
    <link:loc xlink:type="locator" xlink:href="arr.xsd#arr_RoleOtherStatements" xlink:label="roleType_13"/>
    <label:label xlink:type="resource" xlink:label="label_26" xlink:role="http://www.xbrl.org/2008/role/label" xml:lang="da">[120.00] Øvrige erklæringer</label:label>
    <gen:arc xlink:type="arc" xlink:arcrole="http://xbrl.org/arcrole/2008/element-label" xlink:from="roleType_13" xlink:to="label_26" order="10.0"/>
    <link:loc xlink:type="locator" xlink:href="arr.xsd#arr_RoleOtherStatementsDetails" xlink:label="roleType_14"/>
    <label:label xlink:type="resource" xlink:label="label_28" xlink:role="http://www.xbrl.org/2008/role/label" xml:lang="da">[120.00] Øvrige erklæringer - Detaljer</label:label>
    <gen:arc xlink:type="arc" xlink:arcrole="http://xbrl.org/arcrole/2008/element-label" xlink:from="roleType_14" xlink:to="label_28" order="10.0"/>
    <link:loc xlink:type="locator" xlink:href="arr.xsd#arr_RoleHypercubeOtherStatementsDetailsOnSignatureOtherStatements" xlink:label="roleType_15"/>
    <label:label xlink:type="resource" xlink:label="label_30" xlink:role="http://www.xbrl.org/2008/role/label" xml:lang="da">[120.01] Hypercube [Øvrige erklæringer] - Detaljer om underskrift øvrige erklæringer</label:label>
    <gen:arc xlink:type="arc" xlink:arcrole="http://xbrl.org/arcrole/2008/element-label" xlink:from="roleType_15" xlink:to="label_30" order="10.0"/>
    <link:loc xlink:type="locator" xlink:href="arr.xsd#arr_RoleHypercubeOtherStatementsDetailsOtherStatements" xlink:label="roleType_16"/>
    <label:label xlink:type="resource" xlink:label="label_32" xlink:role="http://www.xbrl.org/2008/role/label" xml:lang="da">[120.02] Hypercube [Øvrige erklæringer] - Detaljer øvrige erklæringer</label:label>
    <gen:arc xlink:type="arc" xlink:arcrole="http://xbrl.org/arcrole/2008/element-label" xlink:from="roleType_16" xlink:to="label_32" order="10.0"/>
  </gen:link>
</link:linkbase>
