<?xml version="1.0" encoding="UTF-8"?>

<?officialURI http://archprod.service.eogs.dk/taxonomy/20131220/cmn_pre.xml?>

<?taxonomy-version 0.0.10?>

<link:linkbase xmlns:xsi="http://www.w3.org/2001/XMLSchema-instance" xsi:schemaLocation="http://www.xbrl.org/2003/linkbase http://www.xbrl.org/2003/xbrl-linkbase-2003-12-31.xsd" xmlns:link="http://www.xbrl.org/2003/linkbase" xmlns:xbrli="http://www.xbrl.org/2003/instance" xmlns:xlink="http://www.w3.org/1999/xlink">
  <link:roleRef roleURI="http://xbrl.dcca.dk/role/901.01/DimensionConsolidatedSolo" xlink:type="simple" xlink:href="cmn.xsd#cmn_RoleDimensionConsolidatedSolo"/>
  <link:roleRef roleURI="http://xbrl.dcca.dk/role/900.01/DimensionDefaultMembers" xlink:type="simple" xlink:href="cmn.xsd#cmn_RoleDimensionDefaultMembers"/>
  <link:roleRef roleURI="http://xbrl.dcca.dk/role/902.01/DimensionRetrospectiveInformation" xlink:type="simple" xlink:href="cmn.xsd#cmn_RoleDimensionRetrospectiveInformation"/>
  <link:presentationLink xlink:type="extended" xlink:role="http://xbrl.dcca.dk/role/901.01/DimensionConsolidatedSolo">
    <link:loc xlink:type="locator" xlink:href="cmn.xsd#cmn_ConsolidatedSoloDimension" xlink:label="ConsolidatedSoloDimension"/>
    <link:loc xlink:type="locator" xlink:href="cmn.xsd#cmn_ConsolidatedMember" xlink:label="ConsolidatedMember"/>
    <link:presentationArc xlink:type="arc" xlink:arcrole="http://www.xbrl.org/2003/arcrole/parent-child" xlink:from="ConsolidatedSoloDimension" xlink:to="ConsolidatedMember" order="10.0"/>
    <link:loc xlink:type="locator" xlink:href="cmn.xsd#cmn_SoloMember" xlink:label="SoloMember"/>
    <link:presentationArc xlink:type="arc" xlink:arcrole="http://www.xbrl.org/2003/arcrole/parent-child" xlink:from="ConsolidatedSoloDimension" xlink:to="SoloMember" order="20.0"/>
  </link:presentationLink>
  <link:presentationLink xlink:type="extended" xlink:role="http://xbrl.dcca.dk/role/900.01/DimensionDefaultMembers">
    <link:loc xlink:type="locator" xlink:href="cmn.xsd#cmn_ConsolidatedSoloDimension" xlink:label="ConsolidatedSoloDimension"/>
    <link:loc xlink:type="locator" xlink:href="cmn.xsd#cmn_ConsolidatedMember" xlink:label="ConsolidatedMember"/>
    <link:presentationArc xlink:type="arc" xlink:arcrole="http://www.xbrl.org/2003/arcrole/parent-child" xlink:from="ConsolidatedSoloDimension" xlink:to="ConsolidatedMember" order="10.0"/>
    <link:loc xlink:type="locator" xlink:href="cmn.xsd#cmn_RetrospectiveInformationDimension" xlink:label="RetrospectiveInformationDimension"/>
    <link:loc xlink:type="locator" xlink:href="cmn.xsd#cmn_CurrentYearMember" xlink:label="CurrentYearMember"/>
    <link:presentationArc xlink:type="arc" xlink:arcrole="http://www.xbrl.org/2003/arcrole/parent-child" xlink:from="RetrospectiveInformationDimension" xlink:to="CurrentYearMember" order="10.0"/>
  </link:presentationLink>
  <link:presentationLink xlink:type="extended" xlink:role="http://xbrl.dcca.dk/role/902.01/DimensionRetrospectiveInformation">
    <link:loc xlink:type="locator" xlink:href="cmn.xsd#cmn_RetrospectiveInformationDimension" xlink:label="RetrospectiveInformationDimension"/>
    <link:loc xlink:type="locator" xlink:href="cmn.xsd#cmn_CurrentYearMember" xlink:label="CurrentYearMember"/>
    <link:presentationArc xlink:type="arc" xlink:arcrole="http://www.xbrl.org/2003/arcrole/parent-child" xlink:from="RetrospectiveInformationDimension" xlink:to="CurrentYearMember" order="10.0"/>
    <link:loc xlink:type="locator" xlink:href="cmn.xsd#cmn_PreviousYearMember" xlink:label="PreviousYearMember"/>
    <link:presentationArc xlink:type="arc" xlink:arcrole="http://www.xbrl.org/2003/arcrole/parent-child" xlink:from="RetrospectiveInformationDimension" xlink:to="PreviousYearMember" order="20.0"/>
    <link:loc xlink:type="locator" xlink:href="cmn.xsd#cmn_TwoYearsAgoMember" xlink:label="TwoYearsAgoMember"/>
    <link:presentationArc xlink:type="arc" xlink:arcrole="http://www.xbrl.org/2003/arcrole/parent-child" xlink:from="RetrospectiveInformationDimension" xlink:to="TwoYearsAgoMember" order="30.0"/>
    <link:loc xlink:type="locator" xlink:href="cmn.xsd#cmn_ThreeYearsAgoMember" xlink:label="ThreeYearsAgoMember"/>
    <link:presentationArc xlink:type="arc" xlink:arcrole="http://www.xbrl.org/2003/arcrole/parent-child" xlink:from="RetrospectiveInformationDimension" xlink:to="ThreeYearsAgoMember" order="40.0"/>
    <link:loc xlink:type="locator" xlink:href="cmn.xsd#cmn_FourYearsAgoMember" xlink:label="FourYearsAgoMember"/>
    <link:presentationArc xlink:type="arc" xlink:arcrole="http://www.xbrl.org/2003/arcrole/parent-child" xlink:from="RetrospectiveInformationDimension" xlink:to="FourYearsAgoMember" order="50.0"/>
  </link:presentationLink>
</link:linkbase>
