<?xml version="1.0" encoding="UTF-8"?>
<!-- Generated by Fujitsu Interstage XWand B0209 -->
<?officialURI http://archprod.service.eogs.dk/taxonomy/20140701/gsd/000gsd_pre.xml?>

<?taxonomy-version 1.5.0?>

<link:linkbase xmlns:xsi="http://www.w3.org/2001/XMLSchema-instance" xsi:schemaLocation="http://www.xbrl.org/2003/linkbase http://www.xbrl.org/2003/xbrl-linkbase-2003-12-31.xsd" xmlns:link="http://www.xbrl.org/2003/linkbase" xmlns:xbrli="http://www.xbrl.org/2003/instance" xmlns:xlink="http://www.w3.org/1999/xlink" xmlns:xbrldt="http://xbrl.org/2005/xbrldt">
  <link:roleRef roleURI="http://xbrl.dcca.dk/role/000.00/GeneralAndSubmissionData" xlink:type="simple" xlink:href="gsd.xsd#gsd_RoleGeneralAndSubmissionData"/>
  <link:roleRef roleURI="http://xbrl.dcca.dk/role/000.00/GeneralAndSubmissionData/Details" xlink:type="simple" xlink:href="gsd.xsd#gsd_RoleGeneralAndSubmissionDataDetails"/>
  <link:roleRef roleURI="http://xbrl.dcca.dk/role/000.01/Hypercube/GeneralAndSubmissionData/DetailsOnMembersOfExecutiveBoard" xlink:type="simple" xlink:href="gsd.xsd#gsd_RoleHypercubeGeneralAndSubmissionDataDetailsOnMembersOfExecutiveBoard"/>
  <link:roleRef roleURI="http://xbrl.dcca.dk/role/000.02/Hypercube/GeneralAndSubmissionData/DetailsOnMembersOfSupervisoryBoard" xlink:type="simple" xlink:href="gsd.xsd#gsd_RoleHypercubeGeneralAndSubmissionDataDetailsOnMembersOfSupervisoryBoard"/>
  <link:roleRef roleURI="http://xbrl.dcca.dk/role/901.01/DimensionConsolidatedSolo" xlink:type="simple" xlink:href="../cmn.xsd#cmn_RoleDimensionConsolidatedSolo"/>
  <link:roleRef roleURI="http://xbrl.dcca.dk/role/400.00/BalanceSheetAccountForm" xlink:type="simple" xlink:href="../fsa/fsa.xsd#fsa_RoleBalanceSheetAccountForm"/>
  <link:roleRef roleURI="http://xbrl.dcca.dk/role/401.00/BalanceSheetReporttForm" xlink:type="simple" xlink:href="../fsa/fsa.xsd#fsa_RoleBalanceSheetReportForm"/>
  <link:roleRef roleURI="http://xbrl.dcca.dk/role/500.00/IncomeStatementByFunction" xlink:type="simple" xlink:href="../fsa/fsa.xsd#fsa_RoleIncomeStatementByFunction"/>
  <link:roleRef roleURI="http://xbrl.dcca.dk/role/803.00/DisclosureOfLiabilitiesOtherThanProvisions" xlink:type="simple" xlink:href="../fsa/fsa.xsd#fsa_RoleDisclosureOfLiabilitiesOtherThanProvisions"/>
  <link:roleRef roleURI="http://xbrl.dcca.dk/role/802.00/DisclosureOfAssets" xlink:type="simple" xlink:href="../fsa/fsa.xsd#fsa_RoleDisclosureOfAssets"/>
  <link:roleRef roleURI="http://xbrl.dcca.dk/role/600.00/CashFlowStatement" xlink:type="simple" xlink:href="../fsa/fsa.xsd#fsa_RoleCashFlowStatement"/>
  <link:roleRef roleURI="http://xbrl.dcca.dk/role/101.00/AuditorsReportsFrom20101215" xlink:type="simple" xlink:href="../arr/arr.xsd#arr_RoleAuditorsReportsFrom20101215"/>
  <link:roleRef roleURI="http://xbrl.dcca.dk/role/801.00/DisclosureOfAccountingPolicies" xlink:type="simple" xlink:href="../fsa/fsa.xsd#fsa_RoleDisclosureOfAccountingPolicies"/>
  <link:roleRef roleURI="http://xbrl.dcca.dk/role/110.00/StatementsFromInternalAudit" xlink:type="simple" xlink:href="../arr/arr.xsd#arr_RoleStatementsFromInternalAudit"/>
  <link:roleRef roleURI="http://xbrl.dcca.dk/role/120.00/OtherStatements" xlink:type="simple" xlink:href="../arr/arr.xsd#arr_RoleOtherStatements"/>
  <link:presentationLink xlink:type="extended" xlink:role="http://xbrl.dcca.dk/role/101.00/AuditorsReportsFrom20101215"/>
  <link:presentationLink xlink:type="extended" xlink:role="http://xbrl.dcca.dk/role/110.00/StatementsFromInternalAudit"/>
  <link:presentationLink xlink:type="extended" xlink:role="http://xbrl.dcca.dk/role/120.00/OtherStatements"/>
  <link:presentationLink xlink:type="extended" xlink:role="http://xbrl.dcca.dk/role/400.00/BalanceSheetAccountForm"/>
  <link:presentationLink xlink:type="extended" xlink:role="http://xbrl.dcca.dk/role/401.00/BalanceSheetReporttForm"/>
  <link:presentationLink xlink:type="extended" xlink:role="http://xbrl.dcca.dk/role/500.00/IncomeStatementByFunction"/>
  <link:presentationLink xlink:type="extended" xlink:role="http://xbrl.dcca.dk/role/600.00/CashFlowStatement"/>
  <link:presentationLink xlink:type="extended" xlink:role="http://xbrl.dcca.dk/role/802.00/DisclosureOfAssets"/>
  <link:presentationLink xlink:type="extended" xlink:role="http://xbrl.dcca.dk/role/803.00/DisclosureOfLiabilitiesOtherThanProvisions"/>
  <link:presentationLink xlink:type="extended" xlink:role="http://xbrl.dcca.dk/role/801.00/DisclosureOfAccountingPolicies"/>
  <link:presentationLink xlink:type="extended" xlink:role="http://xbrl.dcca.dk/role/000.00/GeneralAndSubmissionData">
    <link:loc xlink:type="locator" xlink:href="../cmn.xsd#cmn_CommonHypercube" xlink:label="CommonHypercube"/>
    <link:loc xlink:type="locator" xlink:href="../cmn.xsd#cmn_ConsolidatedSoloDimension" xlink:label="ConsolidatedSoloDimension"/>
    <link:presentationArc xlink:type="arc" xlink:arcrole="http://www.xbrl.org/2003/arcrole/parent-child" xlink:from="CommonHypercube" xlink:to="ConsolidatedSoloDimension" order="10.0"/>
    <link:loc xlink:type="locator" xlink:href="../cmn.xsd#cmn_ConsolidatedMember" xlink:label="ConsolidatedMember"/>
    <link:presentationArc xlink:type="arc" xlink:arcrole="http://www.xbrl.org/2003/arcrole/parent-child" xlink:from="ConsolidatedSoloDimension" xlink:to="ConsolidatedMember" order="10.0"/>
    <link:loc xlink:type="locator" xlink:href="../cmn.xsd#cmn_SoloMember" xlink:label="SoloMember"/>
    <link:presentationArc xlink:type="arc" xlink:arcrole="http://www.xbrl.org/2003/arcrole/parent-child" xlink:from="ConsolidatedSoloDimension" xlink:to="SoloMember" order="20.0"/>
    <link:loc xlink:type="locator" xlink:href="gsd.xsd#gsd_InformationOnSubmissionReportAndReportingEntityAbstract" xlink:label="InformationOnSubmissionReportAndReportingEntityAbstract"/>
    <link:loc xlink:type="locator" xlink:href="gsd.xsd#gsd_InformationOnTypeOfSubmittedReport" xlink:label="InformationOnTypeOfSubmittedReport"/>
    <link:presentationArc xlink:type="arc" xlink:arcrole="http://www.xbrl.org/2003/arcrole/parent-child" xlink:from="InformationOnSubmissionReportAndReportingEntityAbstract" xlink:to="InformationOnTypeOfSubmittedReport" order="20.0"/>
    <link:loc xlink:type="locator" xlink:href="gsd.xsd#gsd_InformationOnEnterpriseSubmittingReportAbstract" xlink:label="InformationOnEnterpriseSubmittingReportAbstract"/>
    <link:presentationArc xlink:type="arc" xlink:arcrole="http://www.xbrl.org/2003/arcrole/parent-child" xlink:from="InformationOnSubmissionReportAndReportingEntityAbstract" xlink:to="InformationOnEnterpriseSubmittingReportAbstract" order="30.0"/>
    <link:loc xlink:type="locator" xlink:href="gsd.xsd#gsd_IdentificationNumberCvrOfSubmittingEnterprise" xlink:label="IdentificationNumberCvrOfSubmittingEnterprise"/>
    <link:presentationArc xlink:type="arc" xlink:arcrole="http://www.xbrl.org/2003/arcrole/parent-child" xlink:from="InformationOnEnterpriseSubmittingReportAbstract" xlink:to="IdentificationNumberCvrOfSubmittingEnterprise" order="10.0"/>
    <link:loc xlink:type="locator" xlink:href="gsd.xsd#gsd_NameOfSubmittingEnterprise" xlink:label="NameOfSubmittingEnterprise"/>
    <link:presentationArc xlink:type="arc" xlink:arcrole="http://www.xbrl.org/2003/arcrole/parent-child" xlink:from="InformationOnEnterpriseSubmittingReportAbstract" xlink:to="NameOfSubmittingEnterprise" order="20.0"/>
    <link:loc xlink:type="locator" xlink:href="gsd.xsd#gsd_AddressOfSubmittingEnterpriseStreetAndNumber" xlink:label="AddressOfSubmittingEnterpriseStreetAndNumber"/>
    <link:presentationArc xlink:type="arc" xlink:arcrole="http://www.xbrl.org/2003/arcrole/parent-child" xlink:from="InformationOnEnterpriseSubmittingReportAbstract" xlink:to="AddressOfSubmittingEnterpriseStreetAndNumber" order="30.0"/>
    <link:loc xlink:type="locator" xlink:href="gsd.xsd#gsd_AddressOfSubmittingEnterprisePostcodeAndTown" xlink:label="AddressOfSubmittingEnterprisePostcodeAndTown"/>
    <link:presentationArc xlink:type="arc" xlink:arcrole="http://www.xbrl.org/2003/arcrole/parent-child" xlink:from="InformationOnEnterpriseSubmittingReportAbstract" xlink:to="AddressOfSubmittingEnterprisePostcodeAndTown" order="40.0"/>
    <link:loc xlink:type="locator" xlink:href="gsd.xsd#gsd_DateOfApprovalOfReport" xlink:label="DateOfApprovalOfReport"/>
    <link:presentationArc xlink:type="arc" xlink:arcrole="http://www.xbrl.org/2003/arcrole/parent-child" xlink:from="InformationOnSubmissionReportAndReportingEntityAbstract" xlink:to="DateOfApprovalOfReport" order="60.0"/>
    <link:loc xlink:type="locator" xlink:href="gsd.xsd#gsd_InformationOnReportingEntityAbstract" xlink:label="InformationOnReportingEntityAbstract"/>
    <link:presentationArc xlink:type="arc" xlink:arcrole="http://www.xbrl.org/2003/arcrole/parent-child" xlink:from="InformationOnSubmissionReportAndReportingEntityAbstract" xlink:to="InformationOnReportingEntityAbstract" order="70.0"/>
    <link:loc xlink:type="locator" xlink:href="gsd.xsd#gsd_IdentificationNumberCvrOfReportingEntity" xlink:label="IdentificationNumberCvrOfReportingEntity"/>
    <link:presentationArc xlink:type="arc" xlink:arcrole="http://www.xbrl.org/2003/arcrole/parent-child" xlink:from="InformationOnReportingEntityAbstract" xlink:to="IdentificationNumberCvrOfReportingEntity" order="10.0"/>
    <link:loc xlink:type="locator" xlink:href="gsd.xsd#gsd_NameOfReportingEntity" xlink:label="NameOfReportingEntity"/>
    <link:presentationArc xlink:type="arc" xlink:arcrole="http://www.xbrl.org/2003/arcrole/parent-child" xlink:from="InformationOnReportingEntityAbstract" xlink:to="NameOfReportingEntity" order="20.0"/>
    <link:loc xlink:type="locator" xlink:href="gsd.xsd#gsd_DateOfFoundationOfReportingEntity" xlink:label="DateOfFoundationOfReportingEntity"/>
    <link:presentationArc xlink:type="arc" xlink:arcrole="http://www.xbrl.org/2003/arcrole/parent-child" xlink:from="InformationOnReportingEntityAbstract" xlink:to="DateOfFoundationOfReportingEntity" order="50.0"/>
    <link:loc xlink:type="locator" xlink:href="gsd.xsd#gsd_RegisteredOfficeOfReportingEntity" xlink:label="RegisteredOfficeOfReportingEntity"/>
    <link:presentationArc xlink:type="arc" xlink:arcrole="http://www.xbrl.org/2003/arcrole/parent-child" xlink:from="InformationOnReportingEntityAbstract" xlink:to="RegisteredOfficeOfReportingEntity" order="60.0"/>
    <link:loc xlink:type="locator" xlink:href="gsd.xsd#gsd_TelephoneNumberOfReportingEntity" xlink:label="TelephoneNumberOfReportingEntity"/>
    <link:presentationArc xlink:type="arc" xlink:arcrole="http://www.xbrl.org/2003/arcrole/parent-child" xlink:from="InformationOnReportingEntityAbstract" xlink:to="TelephoneNumberOfReportingEntity" order="70.0"/>
    <link:loc xlink:type="locator" xlink:href="gsd.xsd#gsd_FaxNumberOfReportingEntity" xlink:label="FaxNumberOfReportingEntity"/>
    <link:presentationArc xlink:type="arc" xlink:arcrole="http://www.xbrl.org/2003/arcrole/parent-child" xlink:from="InformationOnReportingEntityAbstract" xlink:to="FaxNumberOfReportingEntity" order="80.0"/>
    <link:loc xlink:type="locator" xlink:href="gsd.xsd#gsd_HomepageOfReportingEntity" xlink:label="HomepageOfReportingEntity"/>
    <link:presentationArc xlink:type="arc" xlink:arcrole="http://www.xbrl.org/2003/arcrole/parent-child" xlink:from="InformationOnReportingEntityAbstract" xlink:to="HomepageOfReportingEntity" order="90.0"/>
    <link:loc xlink:type="locator" xlink:href="gsd.xsd#gsd_EmailOfReportingEntity" xlink:label="EmailOfReportingEntity"/>
    <link:presentationArc xlink:type="arc" xlink:arcrole="http://www.xbrl.org/2003/arcrole/parent-child" xlink:from="InformationOnReportingEntityAbstract" xlink:to="EmailOfReportingEntity" order="100.0"/>
    <link:loc xlink:type="locator" xlink:href="gsd.xsd#gsd_IdentificationNumberGreenlandRegnrOfReportingEntity" xlink:label="IdentificationNumberGreenlandRegnrOfReportingEntity" xlink:title="IdentificationNumberGreenlandRegnrOfReportingEntity"/>
    <link:presentationArc xlink:type="arc" xlink:arcrole="http://www.xbrl.org/2003/arcrole/parent-child" xlink:from="InformationOnReportingEntityAbstract" xlink:to="IdentificationNumberGreenlandRegnrOfReportingEntity" xlink:title="presentation: InformationOnReportingEntityAbstract to IdentificationNumberGreenlandRegnrOfReportingEntity" order="110.0"/>
    <link:loc xlink:type="locator" xlink:href="gsd.xsd#gsd_AddressOfReportingEntityAbstract" xlink:label="AddressOfReportingEntityAbstract" xlink:title="AddressOfReportingEntityAbstract"/>
    <link:presentationArc xlink:type="arc" xlink:arcrole="http://www.xbrl.org/2003/arcrole/parent-child" xlink:from="InformationOnReportingEntityAbstract" xlink:to="AddressOfReportingEntityAbstract" xlink:title="presentation: InformationOnReportingEntityAbstract to AddressOfReportingEntityAbstract" order="30.0"/>
    <link:loc xlink:type="locator" xlink:href="gsd.xsd#gsd_AddressOfReportingEntityStreetName" xlink:label="AddressOfReportingEntityStreetName" xlink:title="AddressOfReportingEntityStreetName"/>
    <link:presentationArc xlink:type="arc" xlink:arcrole="http://www.xbrl.org/2003/arcrole/parent-child" xlink:from="AddressOfReportingEntityAbstract" xlink:to="AddressOfReportingEntityStreetName" xlink:title="presentation: AddressOfReportingEntityAbstract to AddressOfReportingEntityStreetName" order="10.0"/>
    <link:loc xlink:type="locator" xlink:href="gsd.xsd#gsd_AddressOfReportingEntityStreetBuildingIdentifier" xlink:label="AddressOfReportingEntityStreetBuildingIdentifier" xlink:title="AddressOfReportingEntityStreetBuildingIdentifier"/>
    <link:presentationArc xlink:type="arc" xlink:arcrole="http://www.xbrl.org/2003/arcrole/parent-child" xlink:from="AddressOfReportingEntityAbstract" xlink:to="AddressOfReportingEntityStreetBuildingIdentifier" xlink:title="presentation: AddressOfReportingEntityAbstract to AddressOfReportingEntityStreetBuildingIdentifier" order="20.0"/>
    <link:loc xlink:type="locator" xlink:href="gsd.xsd#gsd_AddressOfReportingEntityPostCodeIdentifier" xlink:label="AddressOfReportingEntityPostCodeIdentifier" xlink:title="AddressOfReportingEntityPostCodeIdentifier"/>
    <link:presentationArc xlink:type="arc" xlink:arcrole="http://www.xbrl.org/2003/arcrole/parent-child" xlink:from="AddressOfReportingEntityAbstract" xlink:to="AddressOfReportingEntityPostCodeIdentifier" xlink:title="presentation: AddressOfReportingEntityAbstract to AddressOfReportingEntityPostCodeIdentifier" order="30.0"/>
    <link:loc xlink:type="locator" xlink:href="gsd.xsd#gsd_AddressOfReportingEntityDistrictName" xlink:label="AddressOfReportingEntityDistrictName" xlink:title="AddressOfReportingEntityDistrictName"/>
    <link:presentationArc xlink:type="arc" xlink:arcrole="http://www.xbrl.org/2003/arcrole/parent-child" xlink:from="AddressOfReportingEntityAbstract" xlink:to="AddressOfReportingEntityDistrictName" xlink:title="presentation: AddressOfReportingEntityAbstract to AddressOfReportingEntityDistrictName" order="40.0"/>
    <link:loc xlink:type="locator" xlink:href="gsd.xsd#gsd_AddressOfReportingEntityCountryIdentificationCode" xlink:label="AddressOfReportingEntityCountryIdentificationCode" xlink:title="AddressOfReportingEntityCountryIdentificationCode"/>
    <link:presentationArc xlink:type="arc" xlink:arcrole="http://www.xbrl.org/2003/arcrole/parent-child" xlink:from="AddressOfReportingEntityAbstract" xlink:to="AddressOfReportingEntityCountryIdentificationCode" xlink:title="presentation: AddressOfReportingEntityAbstract to AddressOfReportingEntityCountryIdentificationCode" order="50.0"/>
    <link:loc xlink:type="locator" xlink:href="gsd.xsd#gsd_AddressOfReportingEntityCountry" xlink:label="AddressOfReportingEntityCountry" xlink:title="AddressOfReportingEntityCountry"/>
    <link:presentationArc xlink:type="arc" xlink:arcrole="http://www.xbrl.org/2003/arcrole/parent-child" xlink:from="AddressOfReportingEntityAbstract" xlink:to="AddressOfReportingEntityCountry" xlink:title="presentation: AddressOfReportingEntityAbstract to AddressOfReportingEntityCountry" order="60.0"/>
    <link:loc xlink:type="locator" xlink:href="gsd.xsd#gsd_DetailsOnSecondaryNameOfReportingEntityAbstract" xlink:label="DetailsOnSecondaryNameOfReportingEntityAbstract" xlink:title="DetailsOnSecondaryNameOfReportingEntityAbstract"/>
    <link:presentationArc xlink:type="arc" xlink:arcrole="http://www.xbrl.org/2003/arcrole/parent-child" xlink:from="InformationOnReportingEntityAbstract" xlink:to="DetailsOnSecondaryNameOfReportingEntityAbstract" xlink:title="presentation: InformationOnReportingEntityAbstract to DetailsOnSecondaryNameOfReportingEntityAbstract" order="25.0"/>
    <link:loc xlink:type="locator" xlink:href="gsd.xsd#gsd_DetailsOnSecondaryNameOfReportingEntityHypercube" xlink:label="DetailsOnSecondaryNameOfReportingEntityHypercube" xlink:title="DetailsOnSecondaryNameOfReportingEntityHypercube"/>
    <link:presentationArc xlink:type="arc" xlink:arcrole="http://www.xbrl.org/2003/arcrole/parent-child" xlink:from="DetailsOnSecondaryNameOfReportingEntityAbstract" xlink:to="DetailsOnSecondaryNameOfReportingEntityHypercube" xlink:title="presentation: DetailsOnSecondaryNameOfReportingEntityAbstract to DetailsOnSecondaryNameOfReportingEntityHypercube" order="1.0"/>
    <link:loc xlink:type="locator" xlink:href="../cmn.xsd#cmn_IdentificationOfReportingEntitySecondaryNameDimension" xlink:label="IdentificationOfReportingEntitySecondaryNameDimension" xlink:title="IdentificationOfReportingEntitySecondaryNameDimension"/>
    <link:presentationArc xlink:type="arc" xlink:arcrole="http://www.xbrl.org/2003/arcrole/parent-child" xlink:from="DetailsOnSecondaryNameOfReportingEntityHypercube" xlink:to="IdentificationOfReportingEntitySecondaryNameDimension" xlink:title="presentation: DetailsOnSecondaryNameOfReportingEntityHypercube to IdentificationOfReportingEntitySecondaryNameDimension" order="1.0"/>
    <link:loc xlink:type="locator" xlink:href="gsd.xsd#gsd_SecondaryNameOfReportingEntity" xlink:label="SecondaryNameOfReportingEntity" xlink:title="SecondaryNameOfReportingEntity"/>
    <link:presentationArc xlink:type="arc" xlink:arcrole="http://www.xbrl.org/2003/arcrole/parent-child" xlink:from="DetailsOnSecondaryNameOfReportingEntityAbstract" xlink:to="SecondaryNameOfReportingEntity" xlink:title="presentation: DetailsOnSecondaryNameOfReportingEntityAbstract to SecondaryNameOfReportingEntity" order="2.0"/>
    <link:loc xlink:type="locator" xlink:href="gsd.xsd#gsd_InformationOnMainFinancialInstitutionThatRunsAccountsOfReportingEntityAbstract" xlink:label="InformationOnMainFinancialInstitutionThatRunsAccountsOfReportingEntityAbstract"/>
    <link:presentationArc xlink:type="arc" xlink:arcrole="http://www.xbrl.org/2003/arcrole/parent-child" xlink:from="InformationOnSubmissionReportAndReportingEntityAbstract" xlink:to="InformationOnMainFinancialInstitutionThatRunsAccountsOfReportingEntityAbstract" order="80.0"/>
    <link:loc xlink:type="locator" xlink:href="gsd.xsd#gsd_IdentificationNumberCvrOfFinancialInstitution" xlink:label="IdentificationNumberCvrOfFinancialInstitution"/>
    <link:presentationArc xlink:type="arc" xlink:arcrole="http://www.xbrl.org/2003/arcrole/parent-child" xlink:from="InformationOnMainFinancialInstitutionThatRunsAccountsOfReportingEntityAbstract" xlink:to="IdentificationNumberCvrOfFinancialInstitution" order="10.0"/>
    <link:loc xlink:type="locator" xlink:href="gsd.xsd#gsd_NameOfFinancialInstitution" xlink:label="NameOfFinancialInstitution"/>
    <link:presentationArc xlink:type="arc" xlink:arcrole="http://www.xbrl.org/2003/arcrole/parent-child" xlink:from="InformationOnMainFinancialInstitutionThatRunsAccountsOfReportingEntityAbstract" xlink:to="NameOfFinancialInstitution" order="20.0"/>
    <link:loc xlink:type="locator" xlink:href="gsd.xsd#gsd_AddressOfFinancialInstitutionAbstract" xlink:label="AddressOfFinancialInstitutionAbstract" xlink:title="AddressOfFinancialInstitutionAbstract"/>
    <link:presentationArc xlink:type="arc" xlink:arcrole="http://www.xbrl.org/2003/arcrole/parent-child" xlink:from="InformationOnMainFinancialInstitutionThatRunsAccountsOfReportingEntityAbstract" xlink:to="AddressOfFinancialInstitutionAbstract" xlink:title="presentation: InformationOnMainFinancialInstitutionThatRunsAccountsOfReportingEntityAbstract to AddressOfFinancialInstitutionAbstract" order="41.0"/>
    <link:loc xlink:type="locator" xlink:href="gsd.xsd#gsd_AddressOfFinancialStreetName" xlink:label="AddressOfFinancialStreetName" xlink:title="AddressOfFinancialStreetName"/>
    <link:presentationArc xlink:type="arc" xlink:arcrole="http://www.xbrl.org/2003/arcrole/parent-child" xlink:from="AddressOfFinancialInstitutionAbstract" xlink:to="AddressOfFinancialStreetName" xlink:title="presentation: AddressOfFinancialInstitutionAbstract to AddressOfFinancialStreetName" order="1.0"/>
    <link:loc xlink:type="locator" xlink:href="gsd.xsd#gsd_AddressOfFinancialStreetBuildingIdentifier" xlink:label="AddressOfFinancialStreetBuildingIdentifier" xlink:title="AddressOfFinancialStreetBuildingIdentifier"/>
    <link:presentationArc xlink:type="arc" xlink:arcrole="http://www.xbrl.org/2003/arcrole/parent-child" xlink:from="AddressOfFinancialInstitutionAbstract" xlink:to="AddressOfFinancialStreetBuildingIdentifier" xlink:title="presentation: AddressOfFinancialInstitutionAbstract to AddressOfFinancialStreetBuildingIdentifier" order="2.0"/>
    <link:loc xlink:type="locator" xlink:href="gsd.xsd#gsd_AddressOfFinancialPostCodeIdentifier" xlink:label="AddressOfFinancialPostCodeIdentifier" xlink:title="AddressOfFinancialPostCodeIdentifier"/>
    <link:presentationArc xlink:type="arc" xlink:arcrole="http://www.xbrl.org/2003/arcrole/parent-child" xlink:from="AddressOfFinancialInstitutionAbstract" xlink:to="AddressOfFinancialPostCodeIdentifier" xlink:title="presentation: AddressOfFinancialInstitutionAbstract to AddressOfFinancialPostCodeIdentifier" order="3.0"/>
    <link:loc xlink:type="locator" xlink:href="gsd.xsd#gsd_AddressOfFinancialDistrictName" xlink:label="AddressOfFinancialDistrictName" xlink:title="AddressOfFinancialDistrictName"/>
    <link:presentationArc xlink:type="arc" xlink:arcrole="http://www.xbrl.org/2003/arcrole/parent-child" xlink:from="AddressOfFinancialInstitutionAbstract" xlink:to="AddressOfFinancialDistrictName" xlink:title="presentation: AddressOfFinancialInstitutionAbstract to AddressOfFinancialDistrictName" order="4.0"/>
    <link:loc xlink:type="locator" xlink:href="gsd.xsd#gsd_AddressOfFinancialCountryIdentificationCode" xlink:label="AddressOfFinancialCountryIdentificationCode" xlink:title="AddressOfFinancialCountryIdentificationCode"/>
    <link:presentationArc xlink:type="arc" xlink:arcrole="http://www.xbrl.org/2003/arcrole/parent-child" xlink:from="AddressOfFinancialInstitutionAbstract" xlink:to="AddressOfFinancialCountryIdentificationCode" xlink:title="presentation: AddressOfFinancialInstitutionAbstract to AddressOfFinancialCountryIdentificationCode" order="5.0"/>
    <link:loc xlink:type="locator" xlink:href="gsd.xsd#gsd_AddressOfFinancialCountry" xlink:label="AddressOfFinancialCountry" xlink:title="AddressOfFinancialCountry"/>
    <link:presentationArc xlink:type="arc" xlink:arcrole="http://www.xbrl.org/2003/arcrole/parent-child" xlink:from="AddressOfFinancialInstitutionAbstract" xlink:to="AddressOfFinancialCountry" xlink:title="presentation: AddressOfFinancialInstitutionAbstract to AddressOfFinancialCountry" order="6.0"/>
    <link:loc xlink:type="locator" xlink:href="gsd.xsd#gsd_InformationOnMainLawFirmRepresentingReportingEntityAbstract" xlink:label="InformationOnMainLawFirmRepresentingReportingEntityAbstract"/>
    <link:presentationArc xlink:type="arc" xlink:arcrole="http://www.xbrl.org/2003/arcrole/parent-child" xlink:from="InformationOnSubmissionReportAndReportingEntityAbstract" xlink:to="InformationOnMainLawFirmRepresentingReportingEntityAbstract" order="90.0"/>
    <link:loc xlink:type="locator" xlink:href="gsd.xsd#gsd_IdentificationNumberCvrOfLawFirm" xlink:label="IdentificationNumberCvrOfLawFirm"/>
    <link:presentationArc xlink:type="arc" xlink:arcrole="http://www.xbrl.org/2003/arcrole/parent-child" xlink:from="InformationOnMainLawFirmRepresentingReportingEntityAbstract" xlink:to="IdentificationNumberCvrOfLawFirm" order="10.0"/>
    <link:loc xlink:type="locator" xlink:href="gsd.xsd#gsd_IdentificationNumberPnrOfLawFirm" xlink:label="IdentificationNumberPnrOfLawFirm"/>
    <link:presentationArc xlink:type="arc" xlink:arcrole="http://www.xbrl.org/2003/arcrole/parent-child" xlink:from="InformationOnMainLawFirmRepresentingReportingEntityAbstract" xlink:to="IdentificationNumberPnrOfLawFirm" order="20.0"/>
    <link:loc xlink:type="locator" xlink:href="gsd.xsd#gsd_NameOfLawFirm" xlink:label="NameOfLawFirm"/>
    <link:presentationArc xlink:type="arc" xlink:arcrole="http://www.xbrl.org/2003/arcrole/parent-child" xlink:from="InformationOnMainLawFirmRepresentingReportingEntityAbstract" xlink:to="NameOfLawFirm" order="30.0"/>
    <link:loc xlink:type="locator" xlink:href="gsd.xsd#gsd_AddressOfLawFirmAbstract" xlink:label="AddressOfLawFirmAbstract" xlink:title="AddressOfLawFirmAbstract"/>
    <link:presentationArc xlink:type="arc" xlink:arcrole="http://www.xbrl.org/2003/arcrole/parent-child" xlink:from="InformationOnMainLawFirmRepresentingReportingEntityAbstract" xlink:to="AddressOfLawFirmAbstract" xlink:title="presentation: InformationOnMainLawFirmRepresentingReportingEntityAbstract to AddressOfLawFirmAbstract" order="51.0"/>
    <link:loc xlink:type="locator" xlink:href="gsd.xsd#gsd_AddressOfLawFirmStreetName" xlink:label="AddressOfLawFirmStreetName" xlink:title="AddressOfLawFirmStreetName"/>
    <link:presentationArc xlink:type="arc" xlink:arcrole="http://www.xbrl.org/2003/arcrole/parent-child" xlink:from="AddressOfLawFirmAbstract" xlink:to="AddressOfLawFirmStreetName" xlink:title="presentation: AddressOfLawFirmAbstract to AddressOfLawFirmStreetName" order="1.0"/>
    <link:loc xlink:type="locator" xlink:href="gsd.xsd#gsd_AddressOfLawFirmStreetBuildingIdentifier" xlink:label="AddressOfLawFirmStreetBuildingIdentifier" xlink:title="AddressOfLawFirmStreetBuildingIdentifier"/>
    <link:presentationArc xlink:type="arc" xlink:arcrole="http://www.xbrl.org/2003/arcrole/parent-child" xlink:from="AddressOfLawFirmAbstract" xlink:to="AddressOfLawFirmStreetBuildingIdentifier" xlink:title="presentation: AddressOfLawFirmAbstract to AddressOfLawFirmStreetBuildingIdentifier" order="2.0"/>
    <link:loc xlink:type="locator" xlink:href="gsd.xsd#gsd_AddressOfLawFirmPostCodeIdentifier" xlink:label="AddressOfLawFirmPostCodeIdentifier" xlink:title="AddressOfLawFirmPostCodeIdentifier"/>
    <link:presentationArc xlink:type="arc" xlink:arcrole="http://www.xbrl.org/2003/arcrole/parent-child" xlink:from="AddressOfLawFirmAbstract" xlink:to="AddressOfLawFirmPostCodeIdentifier" xlink:title="presentation: AddressOfLawFirmAbstract to AddressOfLawFirmPostCodeIdentifier" order="3.0"/>
    <link:loc xlink:type="locator" xlink:href="gsd.xsd#gsd_AddressOfLawFirmDistrictName" xlink:label="AddressOfLawFirmDistrictName" xlink:title="AddressOfLawFirmDistrictName"/>
    <link:presentationArc xlink:type="arc" xlink:arcrole="http://www.xbrl.org/2003/arcrole/parent-child" xlink:from="AddressOfLawFirmAbstract" xlink:to="AddressOfLawFirmDistrictName" xlink:title="presentation: AddressOfLawFirmAbstract to AddressOfLawFirmDistrictName" order="4.0"/>
    <link:loc xlink:type="locator" xlink:href="gsd.xsd#gsd_AddressOfLawFirmCountryIdentificationCode" xlink:label="AddressOfLawFirmCountryIdentificationCode" xlink:title="AddressOfLawFirmCountryIdentificationCode"/>
    <link:presentationArc xlink:type="arc" xlink:arcrole="http://www.xbrl.org/2003/arcrole/parent-child" xlink:from="AddressOfLawFirmAbstract" xlink:to="AddressOfLawFirmCountryIdentificationCode" xlink:title="presentation: AddressOfLawFirmAbstract to AddressOfLawFirmCountryIdentificationCode" order="5.0"/>
    <link:loc xlink:type="locator" xlink:href="gsd.xsd#gsd_AddressOfLawFirmCountry" xlink:label="AddressOfLawFirmCountry" xlink:title="AddressOfLawFirmCountry"/>
    <link:presentationArc xlink:type="arc" xlink:arcrole="http://www.xbrl.org/2003/arcrole/parent-child" xlink:from="AddressOfLawFirmAbstract" xlink:to="AddressOfLawFirmCountry" xlink:title="presentation: AddressOfLawFirmAbstract to AddressOfLawFirmCountry" order="6.0"/>
    <link:loc xlink:type="locator" xlink:href="gsd.xsd#gsd_DateOfGeneralMeeting" xlink:label="DateOfGeneralMeeting"/>
    <link:presentationArc xlink:type="arc" xlink:arcrole="http://www.xbrl.org/2003/arcrole/parent-child" xlink:from="InformationOnSubmissionReportAndReportingEntityAbstract" xlink:to="DateOfGeneralMeeting" order="110.0"/>
    <link:loc xlink:type="locator" xlink:href="gsd.xsd#gsd_IdentificationNumberCprOfChairmanOfGeneralMeeting" xlink:label="IdentificationNumberCprOfChairmanOfGeneralMeeting"/>
    <link:presentationArc xlink:type="arc" xlink:arcrole="http://www.xbrl.org/2003/arcrole/parent-child" xlink:from="InformationOnSubmissionReportAndReportingEntityAbstract" xlink:to="IdentificationNumberCprOfChairmanOfGeneralMeeting" order="120.0"/>
    <link:loc xlink:type="locator" xlink:href="gsd.xsd#gsd_NameAndSurnameOfChairmanOfGeneralMeeting" xlink:label="NameAndSurnameOfChairmanOfGeneralMeeting"/>
    <link:presentationArc xlink:type="arc" xlink:arcrole="http://www.xbrl.org/2003/arcrole/parent-child" xlink:from="InformationOnSubmissionReportAndReportingEntityAbstract" xlink:to="NameAndSurnameOfChairmanOfGeneralMeeting" order="130.0"/>
    <link:loc xlink:type="locator" xlink:href="gsd.xsd#gsd_InformationOnMembersOfExecutiveBoardAbstract" xlink:label="InformationOnMembersOfExecutiveBoardAbstract"/>
    <link:presentationArc xlink:type="arc" xlink:arcrole="http://www.xbrl.org/2003/arcrole/parent-child" xlink:from="InformationOnSubmissionReportAndReportingEntityAbstract" xlink:to="InformationOnMembersOfExecutiveBoardAbstract" order="150.0"/>
    <link:loc xlink:type="locator" xlink:href="gsd.xsd#gsd_DetailsOnMembersOfExecutiveBoardAbstract" xlink:label="DetailsOnMembersOfExecutiveBoardAbstract"/>
    <link:presentationArc xlink:type="arc" xlink:arcrole="http://www.xbrl.org/2003/arcrole/parent-child" xlink:from="InformationOnMembersOfExecutiveBoardAbstract" xlink:to="DetailsOnMembersOfExecutiveBoardAbstract" order="10.0"/>
    <link:loc xlink:type="locator" xlink:href="gsd.xsd#gsd_DetailsOnMembersOfExecutiveBoardHypercube" xlink:label="DetailsOnMembersOfExecutiveBoardHypercube"/>
    <link:presentationArc xlink:type="arc" xlink:arcrole="http://www.xbrl.org/2003/arcrole/parent-child" xlink:from="DetailsOnMembersOfExecutiveBoardAbstract" xlink:to="DetailsOnMembersOfExecutiveBoardHypercube" order="10.0"/>
    <link:loc xlink:type="locator" xlink:href="../cmn.xsd#cmn_IdentificationOfMemberOfExecutiveBoardDimension" xlink:label="IdentificationOfMemberOfExecutiveBoardDimension"/>
    <link:presentationArc xlink:type="arc" xlink:arcrole="http://www.xbrl.org/2003/arcrole/parent-child" xlink:from="DetailsOnMembersOfExecutiveBoardHypercube" xlink:to="IdentificationOfMemberOfExecutiveBoardDimension" order="10.0"/>
    <link:loc xlink:type="locator" xlink:href="../cmn.xsd#cmn_IdentificationNumberCprOfMemberOfExecutiveBoard" xlink:label="IdentificationNumberCprOfMemberOfExecutiveBoard"/>
    <link:presentationArc xlink:type="arc" xlink:arcrole="http://www.xbrl.org/2003/arcrole/parent-child" xlink:from="DetailsOnMembersOfExecutiveBoardAbstract" xlink:to="IdentificationNumberCprOfMemberOfExecutiveBoard" order="20.0"/>
    <link:loc xlink:type="locator" xlink:href="../cmn.xsd#cmn_NameAndSurnameOfMemberOfExecutiveBoard" xlink:label="NameAndSurnameOfMemberOfExecutiveBoard"/>
    <link:presentationArc xlink:type="arc" xlink:arcrole="http://www.xbrl.org/2003/arcrole/parent-child" xlink:from="DetailsOnMembersOfExecutiveBoardAbstract" xlink:to="NameAndSurnameOfMemberOfExecutiveBoard" order="30.0"/>
    <link:loc xlink:type="locator" xlink:href="../cmn.xsd#cmn_TitleOfMemberOfExecutiveBoard" xlink:label="TitleOfMemberOfExecutiveBoard"/>
    <link:presentationArc xlink:type="arc" xlink:arcrole="http://www.xbrl.org/2003/arcrole/parent-child" xlink:from="DetailsOnMembersOfExecutiveBoardAbstract" xlink:to="TitleOfMemberOfExecutiveBoard" order="40.0"/>
    <link:loc xlink:type="locator" xlink:href="../cmn.xsd#cmn_DescriptionOfMemberOfExecutiveBoard" xlink:label="DescriptionOfMemberOfExecutiveBoard" xlink:title="DescriptionOfMemberOfExecutiveBoard"/>
    <link:presentationArc xlink:type="arc" xlink:arcrole="http://www.xbrl.org/2003/arcrole/parent-child" xlink:from="DetailsOnMembersOfExecutiveBoardAbstract" xlink:to="DescriptionOfMemberOfExecutiveBoard" xlink:title="presentation: DetailsOnMembersOfExecutiveBoardAbstract to DescriptionOfMemberOfExecutiveBoard" order="41.0"/>
    <link:loc xlink:type="locator" xlink:href="gsd.xsd#gsd_InformationOnMembersOfSupervisoryBoardAbstract" xlink:label="InformationOnMembersOfSupervisoryBoardAbstract"/>
    <link:presentationArc xlink:type="arc" xlink:arcrole="http://www.xbrl.org/2003/arcrole/parent-child" xlink:from="InformationOnSubmissionReportAndReportingEntityAbstract" xlink:to="InformationOnMembersOfSupervisoryBoardAbstract" order="160.0"/>
    <link:loc xlink:type="locator" xlink:href="gsd.xsd#gsd_DetailsOnMembersOfSupervisoryBoardAbstract" xlink:label="DetailsOnMembersOfSupervisoryBoardAbstract"/>
    <link:presentationArc xlink:type="arc" xlink:arcrole="http://www.xbrl.org/2003/arcrole/parent-child" xlink:from="InformationOnMembersOfSupervisoryBoardAbstract" xlink:to="DetailsOnMembersOfSupervisoryBoardAbstract" order="10.0"/>
    <link:loc xlink:type="locator" xlink:href="gsd.xsd#gsd_DetailsOnMembersOfSupervisoryBoardHypercube" xlink:label="DetailsOnMembersOfSupervisoryBoardHypercube"/>
    <link:presentationArc xlink:type="arc" xlink:arcrole="http://www.xbrl.org/2003/arcrole/parent-child" xlink:from="DetailsOnMembersOfSupervisoryBoardAbstract" xlink:to="DetailsOnMembersOfSupervisoryBoardHypercube" order="10.0"/>
    <link:loc xlink:type="locator" xlink:href="../cmn.xsd#cmn_IdentificationOfMemberOfSupervisoryBoardDimension" xlink:label="IdentificationOfMemberOfSupervisoryBoardDimension"/>
    <link:presentationArc xlink:type="arc" xlink:arcrole="http://www.xbrl.org/2003/arcrole/parent-child" xlink:from="DetailsOnMembersOfSupervisoryBoardHypercube" xlink:to="IdentificationOfMemberOfSupervisoryBoardDimension" order="10.0"/>
    <link:loc xlink:type="locator" xlink:href="../cmn.xsd#cmn_IdentificationNumberCprOfMemberOfSupervisoryBoard" xlink:label="IdentificationNumberCprOfMemberOfSupervisoryBoard"/>
    <link:presentationArc xlink:type="arc" xlink:arcrole="http://www.xbrl.org/2003/arcrole/parent-child" xlink:from="DetailsOnMembersOfSupervisoryBoardAbstract" xlink:to="IdentificationNumberCprOfMemberOfSupervisoryBoard" order="20.0"/>
    <link:loc xlink:type="locator" xlink:href="../cmn.xsd#cmn_NameAndSurnameOfMemberOfSupervisoryBoard" xlink:label="NameAndSurnameOfMemberOfSupervisoryBoard"/>
    <link:presentationArc xlink:type="arc" xlink:arcrole="http://www.xbrl.org/2003/arcrole/parent-child" xlink:from="DetailsOnMembersOfSupervisoryBoardAbstract" xlink:to="NameAndSurnameOfMemberOfSupervisoryBoard" order="30.0"/>
    <link:loc xlink:type="locator" xlink:href="../cmn.xsd#cmn_TitleOfMemberOfSupervisoryBoard" xlink:label="TitleOfMemberOfSupervisoryBoard"/>
    <link:presentationArc xlink:type="arc" xlink:arcrole="http://www.xbrl.org/2003/arcrole/parent-child" xlink:from="DetailsOnMembersOfSupervisoryBoardAbstract" xlink:to="TitleOfMemberOfSupervisoryBoard" order="40.0"/>
    <link:loc xlink:type="locator" xlink:href="../cmn.xsd#cmn_DescriptionOfMemberOfSupervisoryBoard" xlink:label="DescriptionOfMemberOfSupervisoryBoard" xlink:title="DescriptionOfMemberOfSupervisoryBoard"/>
    <link:presentationArc xlink:type="arc" xlink:arcrole="http://www.xbrl.org/2003/arcrole/parent-child" xlink:from="DetailsOnMembersOfSupervisoryBoardAbstract" xlink:to="DescriptionOfMemberOfSupervisoryBoard" xlink:title="presentation: DetailsOnMembersOfSupervisoryBoardAbstract to DescriptionOfMemberOfSupervisoryBoard" order="41.0"/>
    <link:presentationArc xlink:type="arc" xlink:arcrole="http://www.xbrl.org/2003/arcrole/parent-child" xlink:from="InformationOnSubmissionReportAndReportingEntityAbstract" xlink:to="CommonHypercube" order="10.0"/>
    <link:loc xlink:type="locator" xlink:href="gsd.xsd#gsd_InformationOnAuditorAbstract" xlink:label="InformationOnAuditorAbstract" xlink:title="InformationOnAuditorAbstract"/>
    <link:presentationArc xlink:type="arc" xlink:arcrole="http://www.xbrl.org/2003/arcrole/parent-child" xlink:from="InformationOnSubmissionReportAndReportingEntityAbstract" xlink:to="InformationOnAuditorAbstract" xlink:title="presentation: InformationOnSubmissionReportAndReportingEntityAbstract to InformationOnAuditorAbstract" order="101.0"/>
    <link:loc xlink:type="locator" xlink:href="gsd.xsd#gsd_DetailsOnAuditorAbstract" xlink:label="DetailsOnAuditorAbstract" xlink:title="DetailsOnAuditorAbstract"/>
    <link:presentationArc xlink:type="arc" xlink:arcrole="http://www.xbrl.org/2003/arcrole/parent-child" xlink:from="InformationOnAuditorAbstract" xlink:to="DetailsOnAuditorAbstract" xlink:title="presentation: InformationOnAuditorAbstract to DetailsOnAuditorAbstract" order="1.0"/>
    <link:loc xlink:type="locator" xlink:href="gsd.xsd#gsd_DetailsOnAuditorHypercube" xlink:label="DetailsOnAuditorHypercube" xlink:title="DetailsOnAuditorHypercube"/>
    <link:presentationArc xlink:type="arc" xlink:arcrole="http://www.xbrl.org/2003/arcrole/parent-child" xlink:from="DetailsOnAuditorAbstract" xlink:to="DetailsOnAuditorHypercube" xlink:title="presentation: DetailsOnAuditorAbstract to DetailsOnAuditorHypercube" order="1.0"/>
    <link:loc xlink:type="locator" xlink:href="../cmn.xsd#cmn_IdentificationOfAuditorDimension" xlink:label="IdentificationOfAuditorDimension"/>
    <link:presentationArc xlink:type="arc" xlink:arcrole="http://www.xbrl.org/2003/arcrole/parent-child" xlink:from="DetailsOnAuditorHypercube" xlink:to="IdentificationOfAuditorDimension" xlink:title="presentation: DetailsOnAuditorHypercube to IdentificationOfAuditorDimension" order="1.0"/>
    <link:loc xlink:type="locator" xlink:href="../cmn.xsd#cmn_TypeOfAuditorDimension" xlink:label="TypeOfAuditorDimension" xlink:title="TypeOfAuditorDimension"/>
    <link:presentationArc xlink:type="arc" xlink:arcrole="http://www.xbrl.org/2003/arcrole/parent-child" xlink:from="DetailsOnAuditorHypercube" xlink:to="TypeOfAuditorDimension" xlink:title="presentation: DetailsOnAuditorHypercube to TypeOfAuditorDimension" order="2.0"/>
    <link:loc xlink:type="locator" xlink:href="../cmn.xsd#cmn_IdentificationNumberCprOfAuditor" xlink:label="IdentificationNumberCprOfAuditor"/>
    <link:presentationArc xlink:type="arc" xlink:arcrole="http://www.xbrl.org/2003/arcrole/parent-child" xlink:from="DetailsOnAuditorAbstract" xlink:to="IdentificationNumberCprOfAuditor" xlink:title="presentation: DetailsOnAuditorAbstract to IdentificationNumberCprOfAuditor" order="2.0"/>
    <link:loc xlink:type="locator" xlink:href="../cmn.xsd#cmn_NameAndSurnameOfAuditor" xlink:label="NameAndSurnameOfAuditor"/>
    <link:presentationArc xlink:type="arc" xlink:arcrole="http://www.xbrl.org/2003/arcrole/parent-child" xlink:from="DetailsOnAuditorAbstract" xlink:to="NameAndSurnameOfAuditor" xlink:title="presentation: DetailsOnAuditorAbstract to NameAndSurnameOfAuditor" order="3.0"/>
    <link:loc xlink:type="locator" xlink:href="../cmn.xsd#cmn_IdentificationNumberCvrOfAuditFirm" xlink:label="IdentificationNumberCvrOfAuditFirm"/>
    <link:presentationArc xlink:type="arc" xlink:arcrole="http://www.xbrl.org/2003/arcrole/parent-child" xlink:from="DetailsOnAuditorAbstract" xlink:to="IdentificationNumberCvrOfAuditFirm" xlink:title="presentation: DetailsOnAuditorAbstract to IdentificationNumberCvrOfAuditFirm" order="4.0"/>
    <link:loc xlink:type="locator" xlink:href="../cmn.xsd#cmn_IdentificationNumberPnrOfAuditFirm" xlink:label="IdentificationNumberPnrOfAuditFirm"/>
    <link:presentationArc xlink:type="arc" xlink:arcrole="http://www.xbrl.org/2003/arcrole/parent-child" xlink:from="DetailsOnAuditorAbstract" xlink:to="IdentificationNumberPnrOfAuditFirm" xlink:title="presentation: DetailsOnAuditorAbstract to IdentificationNumberPnrOfAuditFirm" order="5.0"/>
    <link:loc xlink:type="locator" xlink:href="../cmn.xsd#cmn_NameOfAuditFirm" xlink:label="NameOfAuditFirm"/>
    <link:presentationArc xlink:type="arc" xlink:arcrole="http://www.xbrl.org/2003/arcrole/parent-child" xlink:from="DetailsOnAuditorAbstract" xlink:to="NameOfAuditFirm" xlink:title="presentation: DetailsOnAuditorAbstract to NameOfAuditFirm" order="6.0"/>
    <link:loc xlink:type="locator" xlink:href="../cmn.xsd#cmn_DescriptionOfAuditor" xlink:label="DescriptionOfAuditor" xlink:title="DescriptionOfAuditor"/>
    <link:presentationArc xlink:type="arc" xlink:arcrole="http://www.xbrl.org/2003/arcrole/parent-child" xlink:from="DetailsOnAuditorAbstract" xlink:to="DescriptionOfAuditor" xlink:title="presentation: DetailsOnAuditorAbstract to DescriptionOfAuditor" order="80.0"/>
    <link:loc xlink:type="locator" xlink:href="gsd.xsd#gsd_AddressOfAuditorAbstract" xlink:label="AddressOfAuditorAbstract" xlink:title="AddressOfAuditorAbstract"/>
    <link:presentationArc xlink:type="arc" xlink:arcrole="http://www.xbrl.org/2003/arcrole/parent-child" xlink:from="DetailsOnAuditorAbstract" xlink:to="AddressOfAuditorAbstract" xlink:title="presentation: DetailsOnAuditorAbstract to AddressOfAuditorAbstract" order="90.0"/>
    <link:loc xlink:type="locator" xlink:href="gsd.xsd#gsd_AddressOfAuditorCountryIdentificationCode" xlink:label="AddressOfAuditorCountry"/>
    <link:presentationArc xlink:type="arc" xlink:arcrole="http://www.xbrl.org/2003/arcrole/parent-child" xlink:from="AddressOfAuditorAbstract" xlink:to="AddressOfAuditorCountry" xlink:title="presentation: AddressOfAuditorAbstract to AddressOfAuditorCountry" order="50.0"/>
    <link:loc xlink:type="locator" xlink:href="gsd.xsd#gsd_AddressOfAuditorStreetName" xlink:label="AddressOfAuditorStreetName" xlink:title="AddressOfAuditorStreetName"/>
    <link:presentationArc xlink:type="arc" xlink:arcrole="http://www.xbrl.org/2003/arcrole/parent-child" xlink:from="AddressOfAuditorAbstract" xlink:to="AddressOfAuditorStreetName" xlink:title="presentation: AddressOfAuditorAbstract to AddressOfAuditorStreetName" order="10.0"/>
    <link:loc xlink:type="locator" xlink:href="gsd.xsd#gsd_AddressOfAuditorStreetBuildingIdentifier" xlink:label="AddressOfAuditorStreetBuildingIdentifier" xlink:title="AddressOfAuditorStreetBuildingIdentifier"/>
    <link:presentationArc xlink:type="arc" xlink:arcrole="http://www.xbrl.org/2003/arcrole/parent-child" xlink:from="AddressOfAuditorAbstract" xlink:to="AddressOfAuditorStreetBuildingIdentifier" xlink:title="presentation: AddressOfAuditorAbstract to AddressOfAuditorStreetBuildingIdentifier" order="20.0"/>
    <link:loc xlink:type="locator" xlink:href="gsd.xsd#gsd_AddressOfAuditorPostCodeIdentifier" xlink:label="AddressOfAuditorPostCodeIdentifier" xlink:title="AddressOfAuditorPostCodeIdentifier"/>
    <link:presentationArc xlink:type="arc" xlink:arcrole="http://www.xbrl.org/2003/arcrole/parent-child" xlink:from="AddressOfAuditorAbstract" xlink:to="AddressOfAuditorPostCodeIdentifier" xlink:title="presentation: AddressOfAuditorAbstract to AddressOfAuditorPostCodeIdentifier" order="30.0"/>
    <link:loc xlink:type="locator" xlink:href="gsd.xsd#gsd_AddressOfAuditorDistrictName" xlink:label="AddressOfAuditorDistrictName" xlink:title="AddressOfAuditorDistrictName"/>
    <link:presentationArc xlink:type="arc" xlink:arcrole="http://www.xbrl.org/2003/arcrole/parent-child" xlink:from="AddressOfAuditorAbstract" xlink:to="AddressOfAuditorDistrictName" xlink:title="presentation: AddressOfAuditorAbstract to AddressOfAuditorDistrictName" order="40.0"/>
    <link:loc xlink:type="locator" xlink:href="gsd.xsd#gsd_AddressOfAuditorCountry" xlink:label="AddressOfAuditorCountry_2" xlink:title="AddressOfAuditorCountry"/>
    <link:presentationArc xlink:type="arc" xlink:arcrole="http://www.xbrl.org/2003/arcrole/parent-child" xlink:from="AddressOfAuditorAbstract" xlink:to="AddressOfAuditorCountry_2" xlink:title="presentation: AddressOfAuditorAbstract to AddressOfAuditorCountry" order="51.0"/>
    <link:loc xlink:type="locator" xlink:href="gsd.xsd#gsd_TelephoneNumberOfAuditor" xlink:label="TelephoneNumberOfAuditor"/>
    <link:presentationArc xlink:type="arc" xlink:arcrole="http://www.xbrl.org/2003/arcrole/parent-child" xlink:from="DetailsOnAuditorAbstract" xlink:to="TelephoneNumberOfAuditor" xlink:title="presentation: DetailsOnAuditorAbstract to TelephoneNumberOfAuditor" order="100.0"/>
    <link:loc xlink:type="locator" xlink:href="gsd.xsd#gsd_EmailOfAuditor" xlink:label="EmailOfAuditor"/>
    <link:presentationArc xlink:type="arc" xlink:arcrole="http://www.xbrl.org/2003/arcrole/parent-child" xlink:from="DetailsOnAuditorAbstract" xlink:to="EmailOfAuditor" xlink:title="presentation: DetailsOnAuditorAbstract to EmailOfAuditor" order="110.0"/>
    <link:loc xlink:type="locator" xlink:href="gsd.xsd#gsd_InformationOnLiquidatorAbstract" xlink:label="InformationOnLiquidatorAbstract" xlink:title="InformationOnLiquidatorAbstract"/>
    <link:presentationArc xlink:type="arc" xlink:arcrole="http://www.xbrl.org/2003/arcrole/parent-child" xlink:from="InformationOnSubmissionReportAndReportingEntityAbstract" xlink:to="InformationOnLiquidatorAbstract" xlink:title="presentation: InformationOnSubmissionReportAndReportingEntityAbstract to InformationOnLiquidatorAbstract" order="140.0"/>
    <link:loc xlink:type="locator" xlink:href="gsd.xsd#gsd_DetailsOnLiquidatorAbstract" xlink:label="DetailsOnLiquidatorAbstract" xlink:title="DetailsOnLiquidatorAbstract"/>
    <link:presentationArc xlink:type="arc" xlink:arcrole="http://www.xbrl.org/2003/arcrole/parent-child" xlink:from="InformationOnLiquidatorAbstract" xlink:to="DetailsOnLiquidatorAbstract" xlink:title="presentation: InformationOnLiquidatorAbstract to DetailsOnLiquidatorAbstract" order="1.0"/>
    <link:loc xlink:type="locator" xlink:href="gsd.xsd#gsd_DetailsOnLiquidatorHypercube" xlink:label="DetailsOnLiquidatorHypercube" xlink:title="DetailsOnLiquidatorHypercube"/>
    <link:presentationArc xlink:type="arc" xlink:arcrole="http://www.xbrl.org/2003/arcrole/parent-child" xlink:from="DetailsOnLiquidatorAbstract" xlink:to="DetailsOnLiquidatorHypercube" xlink:title="presentation: DetailsOnLiquidatorAbstract to DetailsOnLiquidatorHypercube" order="1.0"/>
    <link:loc xlink:type="locator" xlink:href="../cmn.xsd#cmn_IdentificationOfLiquidatorDimension" xlink:label="IdentificationOfLiquidatorDimension" xlink:title="IdentificationOfLiquidatorDimension"/>
    <link:presentationArc xlink:type="arc" xlink:arcrole="http://www.xbrl.org/2003/arcrole/parent-child" xlink:from="DetailsOnLiquidatorHypercube" xlink:to="IdentificationOfLiquidatorDimension" xlink:title="presentation: DetailsOnLiquidatorHypercube to IdentificationOfLiquidatorDimension" order="1.0"/>
    <link:loc xlink:type="locator" xlink:href="../cmn.xsd#cmn_IdentificationNumberCprOfLiquidator" xlink:label="IdentificationNumberCprOfLiquidator" xlink:title="IdentificationNumberCprOfLiquidator"/>
    <link:presentationArc xlink:type="arc" xlink:arcrole="http://www.xbrl.org/2003/arcrole/parent-child" xlink:from="DetailsOnLiquidatorAbstract" xlink:to="IdentificationNumberCprOfLiquidator" xlink:title="presentation: DetailsOnLiquidatorAbstract to IdentificationNumberCprOfLiquidator" order="2.0"/>
    <link:loc xlink:type="locator" xlink:href="../cmn.xsd#cmn_NameAndSurnameOfLiquidator" xlink:label="NameAndSurnameOfLiquidator" xlink:title="NameAndSurnameOfLiquidator"/>
    <link:presentationArc xlink:type="arc" xlink:arcrole="http://www.xbrl.org/2003/arcrole/parent-child" xlink:from="DetailsOnLiquidatorAbstract" xlink:to="NameAndSurnameOfLiquidator" xlink:title="presentation: DetailsOnLiquidatorAbstract to NameAndSurnameOfLiquidator" order="3.0"/>
    <link:loc xlink:type="locator" xlink:href="../cmn.xsd#cmn_TitleOfLiquidator" xlink:label="TitleOfLiquidator" xlink:title="TitleOfLiquidator"/>
    <link:presentationArc xlink:type="arc" xlink:arcrole="http://www.xbrl.org/2003/arcrole/parent-child" xlink:from="DetailsOnLiquidatorAbstract" xlink:to="TitleOfLiquidator" xlink:title="presentation: DetailsOnLiquidatorAbstract to TitleOfLiquidator" order="4.0"/>
    <link:loc xlink:type="locator" xlink:href="../cmn.xsd#cmn_DescriptionOfLikvidator" xlink:label="DescriptionOfLikvidator" xlink:title="DescriptionOfLikvidator"/>
    <link:presentationArc xlink:type="arc" xlink:arcrole="http://www.xbrl.org/2003/arcrole/parent-child" xlink:from="DetailsOnLiquidatorAbstract" xlink:to="DescriptionOfLikvidator" xlink:title="presentation: DetailsOnLiquidatorAbstract to DescriptionOfLikvidator" order="5.0"/>
    <link:loc xlink:type="locator" xlink:href="gsd.xsd#gsd_ReportingPeriodNumber" xlink:label="ReportingPeriodNumber" xlink:title="ReportingPeriodNumber"/>
    <link:presentationArc xlink:type="arc" xlink:arcrole="http://www.xbrl.org/2003/arcrole/parent-child" xlink:from="InformationOnSubmissionReportAndReportingEntityAbstract" xlink:to="ReportingPeriodNumber" xlink:title="presentation: InformationOnSubmissionReportAndReportingEntityAbstract to ReportingPeriodNumber" order="55.0"/>
    <link:loc xlink:type="locator" xlink:href="gsd.xsd#gsd_InformationOnReportingPeriodAbstract" xlink:label="InformationOnReportingPeriodAbstract" xlink:title="InformationOnReportingPeriodAbstract"/>
    <link:presentationArc xlink:type="arc" xlink:arcrole="http://www.xbrl.org/2003/arcrole/parent-child" xlink:from="InformationOnSubmissionReportAndReportingEntityAbstract" xlink:to="InformationOnReportingPeriodAbstract" xlink:title="presentation: InformationOnSubmissionReportAndReportingEntityAbstract to InformationOnReportingPeriodAbstract" order="40.0"/>
    <link:loc xlink:type="locator" xlink:href="gsd.xsd#gsd_DetailsOnReportingPeriodAbstract" xlink:label="DetailsOnReportingPeriodAbstract" xlink:title="DetailsOnReportingPeriodAbstract"/>
    <link:presentationArc xlink:type="arc" xlink:arcrole="http://www.xbrl.org/2003/arcrole/parent-child" xlink:from="InformationOnReportingPeriodAbstract" xlink:to="DetailsOnReportingPeriodAbstract" xlink:title="presentation: InformationOnReportingPeriodAbstract to DetailsOnReportingPeriodAbstract" order="1.0"/>
    <link:loc xlink:type="locator" xlink:href="gsd.xsd#gsd_DetailsOnReportingPeriodHypercube" xlink:label="DetailsOnReportingPeriodHypercube" xlink:title="DetailsOnReportingPeriodHypercube"/>
    <link:presentationArc xlink:type="arc" xlink:arcrole="http://www.xbrl.org/2003/arcrole/parent-child" xlink:from="DetailsOnReportingPeriodAbstract" xlink:to="DetailsOnReportingPeriodHypercube" xlink:title="presentation: DetailsOnReportingPeriodAbstract to DetailsOnReportingPeriodHypercube" order="1.0"/>
    <link:loc xlink:type="locator" xlink:href="gsd.xsd#gsd_TypeOfReportingPeriodDimension" xlink:label="TypeOfReportingPeriodDimension" xlink:title="TypeOfReportingPeriodDimension"/>
    <link:presentationArc xlink:type="arc" xlink:arcrole="http://www.xbrl.org/2003/arcrole/parent-child" xlink:from="DetailsOnReportingPeriodHypercube" xlink:to="TypeOfReportingPeriodDimension" xlink:title="presentation: DetailsOnReportingPeriodHypercube to TypeOfReportingPeriodDimension" order="1.0"/>
    <link:loc xlink:type="locator" xlink:href="gsd.xsd#gsd_ReportingPeriodStartDate" xlink:label="ReportingPeriodStartDate"/>
    <link:presentationArc xlink:type="arc" xlink:arcrole="http://www.xbrl.org/2003/arcrole/parent-child" xlink:from="DetailsOnReportingPeriodAbstract" xlink:to="ReportingPeriodStartDate" xlink:title="presentation: DetailsOnReportingPeriodAbstract to ReportingPeriodStartDate" order="2.0"/>
    <link:loc xlink:type="locator" xlink:href="gsd.xsd#gsd_ReportingPeriodEndDate" xlink:label="ReportingPeriodEndDate"/>
    <link:presentationArc xlink:type="arc" xlink:arcrole="http://www.xbrl.org/2003/arcrole/parent-child" xlink:from="DetailsOnReportingPeriodAbstract" xlink:to="ReportingPeriodEndDate" xlink:title="presentation: DetailsOnReportingPeriodAbstract to ReportingPeriodEndDate" order="3.0"/>
    <link:loc xlink:type="locator" xlink:href="gsd.xsd#gsd_PrecedingReportingPeriodStartDate" xlink:label="PrecedingReportingPeriodStartDate" xlink:title="PrecedingReportingPeriodStartDate"/>
    <link:presentationArc xlink:type="arc" xlink:arcrole="http://www.xbrl.org/2003/arcrole/parent-child" xlink:from="DetailsOnReportingPeriodAbstract" xlink:to="PrecedingReportingPeriodStartDate" xlink:title="presentation: DetailsOnReportingPeriodAbstract to PrecedingReportingPeriodStartDate" order="4.0"/>
    <link:loc xlink:type="locator" xlink:href="gsd.xsd#gsd_PredingReportingPeriodEndDate" xlink:label="PredingReportingPeriodEndDate" xlink:title="PredingReportingPeriodEndDate"/>
    <link:presentationArc xlink:type="arc" xlink:arcrole="http://www.xbrl.org/2003/arcrole/parent-child" xlink:from="DetailsOnReportingPeriodAbstract" xlink:to="PredingReportingPeriodEndDate" xlink:title="presentation: DetailsOnReportingPeriodAbstract to PredingReportingPeriodEndDate" order="5.0"/>
  </link:presentationLink>
</link:linkbase>
