<?xml version="1.0" encoding="UTF-8"?>
<!-- Generated by Fujitsu Interstage XWand B0166 -->
<link:linkbase xmlns:xsi="http://www.w3.org/2001/XMLSchema-instance" xsi:schemaLocation="http://www.xbrl.org/2006/ref http://www.xbrl.org/2006/ref-2006-02-27.xsd http://www.xbrl.org/2003/linkbase http://www.xbrl.org/2003/xbrl-linkbase-2003-12-31.xsd" xmlns:link="http://www.xbrl.org/2003/linkbase" xmlns:ref="http://www.xbrl.org/2006/ref" xmlns:xlink="http://www.w3.org/1999/xlink" xmlns:xbrli="http://www.xbrl.org/2003/instance">
  <link:referenceLink xlink:type="extended" xlink:role="http://www.xbrl.org/2003/role/link">
    <link:loc xlink:type="locator" xlink:href="gsd.xsd#gsd_AddressOfAuditorCountryIdentificationCode" xlink:label="AddressOfAuditorCountryIdentificationCode" xlink:title="AddressOfAuditorCountryIdentificationCode"/>
    <link:reference xlink:type="resource" xlink:label="reference_AddressOfAuditorCountryIdentificationCode" xlink:role="http://www.xbrl.org/2003/role/reference" xlink:title="reference_AddressOfAuditorCountryIdentificationCode" id="reference_AddressOfAuditorCountryIdentificationCode">
      <ref:Publisher>ISO</ref:Publisher>
      <ref:Number>3166-1</ref:Number>
    </link:reference>
    <link:referenceArc xlink:type="arc" xlink:arcrole="http://www.xbrl.org/2003/arcrole/concept-reference" xlink:from="AddressOfAuditorCountryIdentificationCode" xlink:to="reference_AddressOfAuditorCountryIdentificationCode" xlink:title="reference: AddressOfAuditorCountryIdentificationCode to reference_AddressOfAuditorCountryIdentificationCode"/>
    <link:loc xlink:type="locator" xlink:href="gsd.xsd#gsd_AddressOfFinancialCountryIdentificationCode" xlink:label="AddressOfFinancialCountryIdentificationCode" xlink:title="AddressOfFinancialCountryIdentificationCode"/>
    <link:reference xlink:type="resource" xlink:label="reference_AddressOfFinancialCountryIdentificationCode" xlink:role="http://www.xbrl.org/2003/role/reference" xlink:title="reference_AddressOfFinancialCountryIdentificationCode" id="reference_AddressOfFinancialCountryIdentificationCode">
      <ref:Publisher>ISO</ref:Publisher>
      <ref:Number>3166-1</ref:Number>
    </link:reference>
    <link:referenceArc xlink:type="arc" xlink:arcrole="http://www.xbrl.org/2003/arcrole/concept-reference" xlink:from="AddressOfFinancialCountryIdentificationCode" xlink:to="reference_AddressOfFinancialCountryIdentificationCode" xlink:title="reference: AddressOfFinancialCountryIdentificationCode to reference_AddressOfFinancialCountryIdentificationCode"/>
    <link:loc xlink:type="locator" xlink:href="gsd.xsd#gsd_AddressOfLawFirmCountryIdentificationCode" xlink:label="AddressOfLawFirmCountryIdentificationCode" xlink:title="AddressOfLawFirmCountryIdentificationCode"/>
    <link:reference xlink:type="resource" xlink:label="reference_AddressOfLawFirmCountryIdentificationCode" xlink:role="http://www.xbrl.org/2003/role/reference" xlink:title="reference_AddressOfLawFirmCountryIdentificationCode" id="reference_AddressOfLawFirmCountryIdentificationCode">
      <ref:Publisher>ISO</ref:Publisher>
      <ref:Number>3166-1</ref:Number>
    </link:reference>
    <link:referenceArc xlink:type="arc" xlink:arcrole="http://www.xbrl.org/2003/arcrole/concept-reference" xlink:from="AddressOfLawFirmCountryIdentificationCode" xlink:to="reference_AddressOfLawFirmCountryIdentificationCode" xlink:title="reference: AddressOfLawFirmCountryIdentificationCode to reference_AddressOfLawFirmCountryIdentificationCode"/>
    <link:loc xlink:type="locator" xlink:href="gsd.xsd#gsd_AddressOfReportingEntityCountryIdentificationCode" xlink:label="AddressOfReportingEntityCountryIdentificationCode" xlink:title="AddressOfReportingEntityCountryIdentificationCode"/>
    <link:reference xlink:type="resource" xlink:label="reference_AddressOfReportingEntityCountryIdentificationCode" xlink:role="http://www.xbrl.org/2003/role/reference" xlink:title="reference_AddressOfReportingEntityCountryIdentificationCode" id="reference_AddressOfReportingEntityCountryIdentificationCode">
      <ref:Publisher>ISO</ref:Publisher>
      <ref:Number>3166-1</ref:Number>
    </link:reference>
    <link:referenceArc xlink:type="arc" xlink:arcrole="http://www.xbrl.org/2003/arcrole/concept-reference" xlink:from="AddressOfReportingEntityCountryIdentificationCode" xlink:to="reference_AddressOfReportingEntityCountryIdentificationCode" xlink:title="reference: AddressOfReportingEntityCountryIdentificationCode to reference_AddressOfReportingEntityCountryIdentificationCode"/>
  </link:referenceLink>
</link:linkbase>
