<?xml version="1.0" encoding="UTF-8"?>
<!-- Generated by Fujitsu Interstage XWand B0209 -->
<?officialURI http://archprod.service.eogs.dk/taxonomy/20151001/mrv/mrv_gla-en.xml?>

<?taxonomy-version 1.6.0?>

<link:linkbase xmlns:xsi="http://www.w3.org/2001/XMLSchema-instance" xsi:schemaLocation="http://www.xbrl.org/2003/linkbase http://www.xbrl.org/2003/xbrl-linkbase-2003-12-31.xsd http://xbrl.org/2008/label http://www.xbrl.org/2008/generic-label.xsd http://xbrl.org/2008/generic http://www.xbrl.org/2008/generic-link.xsd" xmlns:gen="http://xbrl.org/2008/generic" xmlns:link="http://www.xbrl.org/2003/linkbase" xmlns:label="http://xbrl.org/2008/label" xmlns:xlink="http://www.w3.org/1999/xlink">
  <link:roleRef roleURI="http://www.xbrl.org/2008/role/link" xlink:type="simple" xlink:href="http://www.xbrl.org/2008/generic-link.xsd#standard-link-role"/>
  <link:roleRef roleURI="http://www.xbrl.org/2008/role/label" xlink:type="simple" xlink:href="http://www.xbrl.org/2008/generic-label.xsd#standard-label"/>
  <link:arcroleRef arcroleURI="http://xbrl.org/arcrole/2008/element-label" xlink:type="simple" xlink:href="http://www.xbrl.org/2008/generic-label.xsd#element-label"/>
  <gen:link xlink:type="extended" xlink:role="http://www.xbrl.org/2008/role/link">
    <link:loc xlink:type="locator" xlink:href="mrv.xsd#mrv_RoleManagementsReview" xlink:label="roleType"/>
    <label:label xlink:type="resource" xlink:label="label" xlink:role="http://www.xbrl.org/2008/role/label" xml:lang="en">[200.00] Management's review</label:label>
    <gen:arc xlink:type="arc" xlink:arcrole="http://xbrl.org/arcrole/2008/element-label" xlink:from="roleType" xlink:to="label" order="10.0"/>
    <link:loc xlink:type="locator" xlink:href="mrv.xsd#mrv_RoleManagementsReviewDetails" xlink:label="roleType_2"/>
    <label:label xlink:type="resource" xlink:label="label_3" xlink:role="http://www.xbrl.org/2008/role/label" xml:lang="en">[200.00] Management's review - Details</label:label>
    <gen:arc xlink:type="arc" xlink:arcrole="http://xbrl.org/arcrole/2008/element-label" xlink:from="roleType_2" xlink:to="label_3" order="10.0"/>
    <link:loc xlink:type="locator" xlink:href="mrv.xsd#mrv_RoleHypercubeManagementsReviewDetailsOnKeyFiguresAndFinancialRatios" xlink:label="roleType_3"/>
    <label:label xlink:type="resource" xlink:label="label_5" xlink:role="http://www.xbrl.org/2008/role/label" xml:lang="en">[200.01] Hypercube [Management's review] - Details on key figures and financial ratios</label:label>
    <gen:arc xlink:type="arc" xlink:arcrole="http://xbrl.org/arcrole/2008/element-label" xlink:from="roleType_3" xlink:to="label_5" order="10.0"/>
    <link:loc xlink:type="locator" xlink:href="mrv.xsd#mrv_RoleHypercubeManagementsReviewDetailsOnOtherKeyFiguresAndFinancialRatios" xlink:label="roleType_4"/>
    <label:label xlink:type="resource" xlink:label="label_7" xlink:role="http://www.xbrl.org/2008/role/label" xml:lang="en">[200.02] Hypercube [Management's review] - Details on other key figures and financial ratios</label:label>
    <gen:arc xlink:type="arc" xlink:arcrole="http://xbrl.org/arcrole/2008/element-label" xlink:from="roleType_4" xlink:to="label_7" order="10.0"/>
 <link:loc xlink:type="locator" xlink:href="mrv.xsd#mrv_RoleHypercubeManagementsReviewDetailsOnPoliciesOnCorporateSocialResponsibility" xlink:label="roleType_5" xlink:title="roleType"/>
 <label:label xlink:type="resource" xlink:label="label_9" xlink:role="http://www.xbrl.org/2008/role/label" xlink:title="label" xml:lang="en">[200.03] Hypercube [Management's review] - Details on policies on corporate social responsibility</label:label> <gen:arc xlink:type="arc" xlink:arcrole="http://xbrl.org/arcrole/2008/element-label" xlink:from="roleType_5" xlink:to="label_9" xlink:title="user-defined: roleType to label" order="1.0"/>
 <link:loc xlink:type="locator" xlink:href="mrv.xsd#mrv_RoleHypercubeManagementsReviewDetailsOnOtherPoliciesOnCorporateSocialResponsibility" xlink:label="roleType_6" xlink:title="roleType"/>
 <label:label xlink:type="resource" xlink:label="label_11" xlink:role="http://www.xbrl.org/2008/role/label" xlink:title="label" xml:lang="en">[200.04] Hypercube [Management's review] - Details on other policies on corporate social responsibility</label:label>
 <gen:arc xlink:type="arc" xlink:arcrole="http://xbrl.org/arcrole/2008/element-label" xlink:from="roleType_6" xlink:to="label_11" xlink:title="user-defined: roleType to label" order="1.0"/> </gen:link>
</link:linkbase>
