<?xml version="1.0" encoding="UTF-8"?>
<!-- Generated by Fujitsu Interstage XWand B0166 -->
<?officialURI http://archprod.service.eogs.dk/taxonomy/20130401/eogs/1100eogs_def.xml?>

<?taxonomy-version 1.5.0?>

<link:linkbase xmlns:xsi="http://www.w3.org/2001/XMLSchema-instance" xsi:schemaLocation="http://www.xbrl.org/2003/linkbase http://www.xbrl.org/2003/xbrl-linkbase-2003-12-31.xsd" xmlns:link="http://www.xbrl.org/2003/linkbase" xmlns:xlink="http://www.w3.org/1999/xlink" xmlns:xbrli="http://www.xbrl.org/2003/instance" xmlns:xbrldt="http://xbrl.org/2005/xbrldt">
  <link:roleRef roleURI="http://xbrl.dcca.dk/role/1100.00/StatementOnRevenueLimitSpecifiedInActOnRetailSalesFromStoresEtc" xlink:type="simple" xlink:href="eogs.xsd#eogs_RoleStatementOnRevenueLimitSpecifiedInActOnRetailSalesFromStoresEtc"/>
  <link:roleRef roleURI="http://xbrl.dcca.dk/role/1100.00/StatementOnRevenueLimitSpecifiedInActOnRetailSalesFromStoresEtc/Details" xlink:type="simple" xlink:href="eogs.xsd#eogs_RoleStatementOnRevenueLimitSpecifiedInActOnRetailSalesFromStoresEtcDetails"/>
  <link:roleRef roleURI="http://xbrl.dcca.dk/role/1100.01/Hypercube/StatementOnRevenueLimitSpecifiedInActOnRetailSalesFromStoresEtc/DetailsOnSignatureOfAuditorsAppointedToFileStatement" xlink:type="simple" xlink:href="eogs.xsd#eogs_RoleStatementOnRevenueLimitSpecifiedInActOnRetailSalesFromStoresEtcDetailsOnSignatureOfAuditorsAppointedToFileStatement"/>
  <link:roleRef roleURI="http://xbrl.dcca.dk/role/901.01/DimensionConsolidatedSolo" xlink:type="simple" xlink:href="../cmn.xsd#cmn_RoleDimensionConsolidatedSolo"/>
  <link:arcroleRef arcroleURI="http://xbrl.org/int/dim/arcrole/all" xlink:type="simple" xlink:href="http://www.xbrl.org/2005/xbrldt-2005.xsd#all"/>
  <link:arcroleRef arcroleURI="http://xbrl.org/int/dim/arcrole/domain-member" xlink:type="simple" xlink:href="http://www.xbrl.org/2005/xbrldt-2005.xsd#domain-member"/>
  <link:arcroleRef arcroleURI="http://xbrl.org/int/dim/arcrole/hypercube-dimension" xlink:type="simple" xlink:href="http://www.xbrl.org/2005/xbrldt-2005.xsd#hypercube-dimension"/>
  <link:definitionLink xlink:type="extended" xlink:role="http://xbrl.dcca.dk/role/1100.00/StatementOnRevenueLimitSpecifiedInActOnRetailSalesFromStoresEtc">
    <link:loc xlink:type="locator" xlink:href="../cmn.xsd#cmn_CommonHypercube" xlink:label="CommonHypercube"/>
    <link:loc xlink:type="locator" xlink:href="../cmn.xsd#cmn_ConsolidatedSoloDimension" xlink:label="ConsolidatedSoloDimension"/>
    <link:definitionArc xlink:type="arc" xlink:arcrole="http://xbrl.org/int/dim/arcrole/hypercube-dimension" xlink:from="CommonHypercube" xlink:to="ConsolidatedSoloDimension" order="10.0" xbrldt:targetRole="http://xbrl.dcca.dk/role/901.01/DimensionConsolidatedSolo"/>
    <link:loc xlink:type="locator" xlink:href="../gsd/gsd.xsd#gsd_InformationOnReportingEntityAbstract" xlink:label="InformationOnReportingEntityAbstract"/>
    <link:loc xlink:type="locator" xlink:href="../gsd/gsd.xsd#gsd_IdentificationNumberCvrOfReportingEntity" xlink:label="IdentificationNumberCvrOfReportingEntity"/>
    <link:definitionArc xlink:type="arc" xlink:arcrole="http://xbrl.org/int/dim/arcrole/domain-member" xlink:from="InformationOnReportingEntityAbstract" xlink:to="IdentificationNumberCvrOfReportingEntity" order="20.0"/>
    <link:loc xlink:type="locator" xlink:href="../gsd/gsd.xsd#gsd_NameOfReportingEntity" xlink:label="NameOfReportingEntity"/>
    <link:definitionArc xlink:type="arc" xlink:arcrole="http://xbrl.org/int/dim/arcrole/domain-member" xlink:from="InformationOnReportingEntityAbstract" xlink:to="NameOfReportingEntity" order="10.0"/>
    <link:loc xlink:type="locator" xlink:href="eogs.xsd#eogs_NameOfStore" xlink:label="NameOfStore"/>
    <link:definitionArc xlink:type="arc" xlink:arcrole="http://xbrl.org/int/dim/arcrole/domain-member" xlink:from="InformationOnReportingEntityAbstract" xlink:to="NameOfStore" order="30.0"/>
    <link:loc xlink:type="locator" xlink:href="eogs.xsd#eogs_AddressOfStoreStreetAndNumber" xlink:label="AddressOfStoreStreetAndNumber"/>
    <link:definitionArc xlink:type="arc" xlink:arcrole="http://xbrl.org/int/dim/arcrole/domain-member" xlink:from="InformationOnReportingEntityAbstract" xlink:to="AddressOfStoreStreetAndNumber" order="40.0"/>
    <link:loc xlink:type="locator" xlink:href="eogs.xsd#eogs_AddressOfStorePostcodeAndTown" xlink:label="AddressOfStorePostcodeAndTown"/>
    <link:definitionArc xlink:type="arc" xlink:arcrole="http://xbrl.org/int/dim/arcrole/domain-member" xlink:from="InformationOnReportingEntityAbstract" xlink:to="AddressOfStorePostcodeAndTown" order="50.0"/>
    <link:loc xlink:type="locator" xlink:href="eogs.xsd#eogs_IdentificationNumberPnrOfStore" xlink:label="IdentificationNumberPnrOfStore"/>
    <link:definitionArc xlink:type="arc" xlink:arcrole="http://xbrl.org/int/dim/arcrole/domain-member" xlink:from="InformationOnReportingEntityAbstract" xlink:to="IdentificationNumberPnrOfStore" order="60.0"/>
    <link:loc xlink:type="locator" xlink:href="eogs.xsd#eogs_StatementOnRevenueLimitSpecifiedInActOnRetailSalesFromStoresEtcAbstract" xlink:label="StatementOnRevenueLimitSpecifiedInActOnRetailSalesFromStoresEtcAbstract"/>
    <link:definitionArc xlink:type="arc" xlink:arcrole="http://xbrl.org/int/dim/arcrole/all" xlink:from="StatementOnRevenueLimitSpecifiedInActOnRetailSalesFromStoresEtcAbstract" xlink:to="CommonHypercube" use="optional" priority="0" order="110.0" xbrldt:contextElement="scenario" xbrldt:closed="true"/>
    <link:definitionArc xlink:type="arc" xlink:arcrole="http://xbrl.org/int/dim/arcrole/domain-member" xlink:from="StatementOnRevenueLimitSpecifiedInActOnRetailSalesFromStoresEtcAbstract" xlink:to="InformationOnReportingEntityAbstract" order="10.0"/>
    <link:loc xlink:type="locator" xlink:href="../gsd/gsd.xsd#gsd_ReportingPeriodStartDate" xlink:label="ReportingPeriodStartDate"/>
    <link:definitionArc xlink:type="arc" xlink:arcrole="http://xbrl.org/int/dim/arcrole/domain-member" xlink:from="StatementOnRevenueLimitSpecifiedInActOnRetailSalesFromStoresEtcAbstract" xlink:to="ReportingPeriodStartDate" order="20.0"/>
    <link:loc xlink:type="locator" xlink:href="../gsd/gsd.xsd#gsd_ReportingPeriodEndDate" xlink:label="ReportingPeriodEndDate"/>
    <link:definitionArc xlink:type="arc" xlink:arcrole="http://xbrl.org/int/dim/arcrole/domain-member" xlink:from="StatementOnRevenueLimitSpecifiedInActOnRetailSalesFromStoresEtcAbstract" xlink:to="ReportingPeriodEndDate" order="30.0"/>
    <link:loc xlink:type="locator" xlink:href="eogs.xsd#eogs_AuditorsReportStatementOnRevenueLimitSpecifiedInActOnRetailSalesFromStoresEtc" xlink:label="AuditorsReportStatementOnRevenueLimitSpecifiedInActOnRetailSalesFromStoresEtc"/>
    <link:definitionArc xlink:type="arc" xlink:arcrole="http://xbrl.org/int/dim/arcrole/domain-member" xlink:from="StatementOnRevenueLimitSpecifiedInActOnRetailSalesFromStoresEtcAbstract" xlink:to="AuditorsReportStatementOnRevenueLimitSpecifiedInActOnRetailSalesFromStoresEtc" order="50.0"/>
    <link:loc xlink:type="locator" xlink:href="eogs.xsd#eogs_NewStoreStatementOnRevenueLimitSpecifiedInActOnRetailSalesFromStoresEtc" xlink:label="NewStoreStatementOnRevenueLimitSpecifiedInActOnRetailSalesFromStoresEtc"/>
    <link:definitionArc xlink:type="arc" xlink:arcrole="http://xbrl.org/int/dim/arcrole/domain-member" xlink:from="StatementOnRevenueLimitSpecifiedInActOnRetailSalesFromStoresEtcAbstract" xlink:to="NewStoreStatementOnRevenueLimitSpecifiedInActOnRetailSalesFromStoresEtc" use="optional" order="40.0"/>
    <link:loc xlink:type="locator" xlink:href="eogs.xsd#eogs_AuditPerformedStatementOnRevenueLimitSpecifiedInTheActOnRetailSalesFromStoresEtc" xlink:label="AuditPerformedStatementOnRevenueLimitSpecifiedInTheActOnRetailSalesFromStoresEtc"/>
    <link:definitionArc xlink:type="arc" xlink:arcrole="http://xbrl.org/int/dim/arcrole/domain-member" xlink:from="StatementOnRevenueLimitSpecifiedInActOnRetailSalesFromStoresEtcAbstract" xlink:to="AuditPerformedStatementOnRevenueLimitSpecifiedInTheActOnRetailSalesFromStoresEtc" order="60.0"/>
    <link:loc xlink:type="locator" xlink:href="eogs.xsd#eogs_OpinionStatementOnRevenueLimitSpecifiedInActOnRetailSalesFromStoresEtc" xlink:label="OpinionStatementOnRevenueLimitSpecifiedInActOnRetailSalesFromStoresEtc"/>
    <link:definitionArc xlink:type="arc" xlink:arcrole="http://xbrl.org/int/dim/arcrole/domain-member" xlink:from="StatementOnRevenueLimitSpecifiedInActOnRetailSalesFromStoresEtcAbstract" xlink:to="OpinionStatementOnRevenueLimitSpecifiedInActOnRetailSalesFromStoresEtc" order="70.0"/>
    <link:loc xlink:type="locator" xlink:href="eogs.xsd#eogs_RevenueLimitStatementOnRevenueLimitSpecifiedInTheActOnRetailSalesFromStoresEtc" xlink:label="RevenueLimitStatementOnRevenueLimitSpecifiedInTheActOnRetailSalesFromStoresEtc"/>
    <link:definitionArc xlink:type="arc" xlink:arcrole="http://xbrl.org/int/dim/arcrole/domain-member" xlink:from="OpinionStatementOnRevenueLimitSpecifiedInActOnRetailSalesFromStoresEtc" xlink:to="RevenueLimitStatementOnRevenueLimitSpecifiedInTheActOnRetailSalesFromStoresEtc" order="10.0"/>
    <link:loc xlink:type="locator" xlink:href="eogs.xsd#eogs_PlaceOfCompilationOfStatementOnRevenueLimitSpecifiedInTheActOnRetailSalesFromStoresEtc" xlink:label="PlaceOfCompilationOfStatementOnRevenueLimitSpecifiedInTheActOnRetailSalesFromStoresEtc"/>
    <link:definitionArc xlink:type="arc" xlink:arcrole="http://xbrl.org/int/dim/arcrole/domain-member" xlink:from="StatementOnRevenueLimitSpecifiedInActOnRetailSalesFromStoresEtcAbstract" xlink:to="PlaceOfCompilationOfStatementOnRevenueLimitSpecifiedInTheActOnRetailSalesFromStoresEtc" use="optional" order="80.0"/>
    <link:loc xlink:type="locator" xlink:href="eogs.xsd#eogs_DateOfStatementOnRevenueLimitSpecifiedInTheActOnRetailSalesFromStoresEtc" xlink:label="DateOfStatementOnRevenueLimitSpecifiedInTheActOnRetailSalesFromStoresEtc"/>
    <link:definitionArc xlink:type="arc" xlink:arcrole="http://xbrl.org/int/dim/arcrole/domain-member" xlink:from="StatementOnRevenueLimitSpecifiedInActOnRetailSalesFromStoresEtcAbstract" xlink:to="DateOfStatementOnRevenueLimitSpecifiedInTheActOnRetailSalesFromStoresEtc" use="optional" order="90.0"/>
    <link:loc xlink:type="locator" xlink:href="eogs.xsd#eogs_InformationOnAuditorStatementOnRevenueLimitSpecifiedInTheActOnRetailSalesFromStoresEtcAbstract" xlink:label="InformationOnAuditorStatementOnRevenueLimitSpecifiedInTheActOnRetailSalesFromStoresEtcAbstract"/>
    <link:definitionArc xlink:type="arc" xlink:arcrole="http://xbrl.org/int/dim/arcrole/domain-member" xlink:from="StatementOnRevenueLimitSpecifiedInActOnRetailSalesFromStoresEtcAbstract" xlink:to="InformationOnAuditorStatementOnRevenueLimitSpecifiedInTheActOnRetailSalesFromStoresEtcAbstract" order="100.0"/>
    <link:loc xlink:type="locator" xlink:href="eogs.xsd#eogs_DetailsOnAuditorStatementOnRevenueLimitSpecifiedInTheActOnRetailSalesFromStoresEtcAbstract" xlink:label="DetailsOnAuditorStatementOnRevenueLimitSpecifiedInTheActOnRetailSalesFromStoresEtcAbstract"/>
    <link:definitionArc xlink:type="arc" xlink:arcrole="http://xbrl.org/int/dim/arcrole/domain-member" xlink:from="InformationOnAuditorStatementOnRevenueLimitSpecifiedInTheActOnRetailSalesFromStoresEtcAbstract" xlink:to="DetailsOnAuditorStatementOnRevenueLimitSpecifiedInTheActOnRetailSalesFromStoresEtcAbstract" order="10.0" xbrldt:targetRole="http://xbrl.dcca.dk/role/1100.00/StatementOnRevenueLimitSpecifiedInActOnRetailSalesFromStoresEtc/Details"/>
  </link:definitionLink>
  <link:definitionLink xlink:type="extended" xlink:role="http://xbrl.dcca.dk/role/1100.00/StatementOnRevenueLimitSpecifiedInActOnRetailSalesFromStoresEtc/Details">
    <link:loc xlink:type="locator" xlink:href="eogs.xsd#eogs_DetailsOnAuditorStatementOnRevenueLimitSpecifiedInTheActOnRetailSalesFromStoresEtcAbstract" xlink:label="DetailsOnAuditorStatementOnRevenueLimitSpecifiedInTheActOnRetailSalesFromStoresEtcAbstract"/>
    <link:loc xlink:type="locator" xlink:href="eogs.xsd#eogs_DetailsOnAuditorStatementOnRevenueLimitSpecifiedInTheActOnRetailSalesFromStoresEtcHypercube" xlink:label="DetailsOnAuditorStatementOnRevenueLimitSpecifiedInTheActOnRetailSalesFromStoresEtcHypercube"/>
    <link:definitionArc xlink:type="arc" xlink:arcrole="http://xbrl.org/int/dim/arcrole/all" xlink:from="DetailsOnAuditorStatementOnRevenueLimitSpecifiedInTheActOnRetailSalesFromStoresEtcAbstract" xlink:to="DetailsOnAuditorStatementOnRevenueLimitSpecifiedInTheActOnRetailSalesFromStoresEtcHypercube" use="optional" priority="0" order="10.0" xbrldt:targetRole="http://xbrl.dcca.dk/role/1100.01/Hypercube/StatementOnRevenueLimitSpecifiedInActOnRetailSalesFromStoresEtc/DetailsOnSignatureOfAuditorsAppointedToFileStatement" xbrldt:contextElement="scenario" xbrldt:closed="true"/>
    <link:loc xlink:type="locator" xlink:href="../cmn.xsd#cmn_IdentificationNumberCprOfAuditor" xlink:label="IdentificationNumberCprOfAuditor" xlink:title="IdentificationNumberCprOfAuditor"/>
    <link:definitionArc xlink:type="arc" xlink:arcrole="http://xbrl.org/int/dim/arcrole/domain-member" xlink:from="DetailsOnAuditorStatementOnRevenueLimitSpecifiedInTheActOnRetailSalesFromStoresEtcAbstract" xlink:to="IdentificationNumberCprOfAuditor" xlink:title="definition: DetailsOnAuditorStatementOnRevenueLimitSpecifiedInTheActOnRetailSalesFromStoresEtcAbstract to IdentificationNumberCprOfAuditor" order="31.0"/>
    <link:loc xlink:type="locator" xlink:href="../cmn.xsd#cmn_NameAndSurnameOfAuditor" xlink:label="NameAndSurnameOfAuditor" xlink:title="NameAndSurnameOfAuditor"/>
    <link:definitionArc xlink:type="arc" xlink:arcrole="http://xbrl.org/int/dim/arcrole/domain-member" xlink:from="DetailsOnAuditorStatementOnRevenueLimitSpecifiedInTheActOnRetailSalesFromStoresEtcAbstract" xlink:to="NameAndSurnameOfAuditor" xlink:title="definition: DetailsOnAuditorStatementOnRevenueLimitSpecifiedInTheActOnRetailSalesFromStoresEtcAbstract to NameAndSurnameOfAuditor" order="32.0"/>
    <link:loc xlink:type="locator" xlink:href="../cmn.xsd#cmn_DescriptionOfAuditor" xlink:label="DescriptionOfAuditor" xlink:title="DescriptionOfAuditor"/>
    <link:definitionArc xlink:type="arc" xlink:arcrole="http://xbrl.org/int/dim/arcrole/domain-member" xlink:from="DetailsOnAuditorStatementOnRevenueLimitSpecifiedInTheActOnRetailSalesFromStoresEtcAbstract" xlink:to="DescriptionOfAuditor" xlink:title="definition: DetailsOnAuditorStatementOnRevenueLimitSpecifiedInTheActOnRetailSalesFromStoresEtcAbstract to DescriptionOfAuditor" order="33.0"/>
  </link:definitionLink>
  <link:definitionLink xlink:type="extended" xlink:role="http://xbrl.dcca.dk/role/1100.01/Hypercube/StatementOnRevenueLimitSpecifiedInActOnRetailSalesFromStoresEtc/DetailsOnSignatureOfAuditorsAppointedToFileStatement">
    <link:loc xlink:type="locator" xlink:href="eogs.xsd#eogs_DetailsOnAuditorStatementOnRevenueLimitSpecifiedInTheActOnRetailSalesFromStoresEtcHypercube" xlink:label="DetailsOnAuditorStatementOnRevenueLimitSpecifiedInTheActOnRetailSalesFromStoresEtcHypercube"/>
    <link:loc xlink:type="locator" xlink:href="../cmn.xsd#cmn_ConsolidatedSoloDimension" xlink:label="ConsolidatedSoloDimension"/>
    <link:definitionArc xlink:type="arc" xlink:arcrole="http://xbrl.org/int/dim/arcrole/hypercube-dimension" xlink:from="DetailsOnAuditorStatementOnRevenueLimitSpecifiedInTheActOnRetailSalesFromStoresEtcHypercube" xlink:to="ConsolidatedSoloDimension" use="optional" priority="0" order="20.0" xbrldt:targetRole="http://xbrl.dcca.dk/role/901.01/DimensionConsolidatedSolo"/>
    <link:loc xlink:type="locator" xlink:href="../cmn.xsd#cmn_IdentificationOfAuditorDimension" xlink:label="IdentificationOfAuditorDimension" xlink:title="IdentificationOfAuditorDimension"/>
    <link:definitionArc xlink:type="arc" xlink:arcrole="http://xbrl.org/int/dim/arcrole/hypercube-dimension" xlink:from="DetailsOnAuditorStatementOnRevenueLimitSpecifiedInTheActOnRetailSalesFromStoresEtcHypercube" xlink:to="IdentificationOfAuditorDimension" xlink:title="definition: DetailsOnAuditorStatementOnRevenueLimitSpecifiedInTheActOnRetailSalesFromStoresEtcHypercube to IdentificationOfAuditorDimension" order="10.0"/>
  </link:definitionLink>
</link:linkbase>
