<?xml version="1.0" encoding="UTF-8"?>

<?officialURI http://archprod.service.eogs.dk/taxonomy/20130401/eogs/eogs-lab-da.xml?>

<?taxonomy-version 1.5.0?>

<link:linkbase xmlns:xsi="http://www.w3.org/2001/XMLSchema-instance" xsi:schemaLocation="http://www.xbrl.org/2003/linkbase http://www.xbrl.org/2003/xbrl-linkbase-2003-12-31.xsd" xmlns:eogs="http://xbrl.dcca.dk/eogs" xmlns:tax="http://xbrl.dcca.dk/tax" xmlns:tch="http://xbrl.dcca.dk/tch" xmlns:gen="http://xbrl.org/2008/generic" xmlns:ref="http://www.xbrl.org/2006/ref" xmlns:xbrldt="http://xbrl.org/2005/xbrldt" xmlns:nonnum="http://www.xbrl.org/dtr/type/non-numeric" xmlns:variable="http://xbrl.org/2008/variable" xmlns:xl="http://www.xbrl.org/2003/XLink" xmlns:gsd="http://xbrl.dcca.dk/gsd" xmlns:dst="http://xbrl.dcca.dk/dst" xmlns:arr="http://xbrl.dcca.dk/arr" xmlns:xsd="http://www.w3.org/2001/XMLSchema" xmlns:valm="http://xbrl.org/2010/message/validation" xmlns:link="http://www.xbrl.org/2003/linkbase" xmlns:num="http://www.xbrl.org/dtr/type/numeric" xmlns:xlink="http://www.w3.org/1999/xlink" xmlns:msg="http://xbrl.org/2010/message" xmlns:fsa="http://xbrl.dcca.dk/fsa" xmlns:cmn="http://xbrl.dcca.dk/cmn" xmlns:label="http://xbrl.org/2008/label" xmlns:mrv="http://xbrl.dcca.dk/mrv" xmlns:xbrli="http://www.xbrl.org/2003/instance">
  <link:labelLink xlink:type="extended" xlink:role="http://www.xbrl.org/2003/role/link">
    <link:loc xlink:type="locator" xlink:href="eogs.xsd#eogs_StatementRegardingExemptionNotToPresentAnnualReportAbstract" xlink:label="StatementRegardingExemptionNotToPresentAnnualReportAbstract"/>
    <link:label xlink:type="resource" xlink:label="label_StatementRegardingExemptionNotToPresentAnnualReportAbstract_2" xlink:role="http://www.xbrl.org/2003/role/label" xml:lang="da" id="label_StatementRegardingExemptionNotToPresentAnnualReportAbstract_2">Erklæring om undtagelse fra aflæggelse årsrapport</link:label>
    <link:labelArc xlink:type="arc" xlink:arcrole="http://www.xbrl.org/2003/arcrole/concept-label" xlink:from="StatementRegardingExemptionNotToPresentAnnualReportAbstract" xlink:to="label_StatementRegardingExemptionNotToPresentAnnualReportAbstract_2" order="10.0"/>
    <link:loc xlink:type="locator" xlink:href="eogs.xsd#eogs_ManagementStatementThatExemptionInQuestionHasBeenApplied" xlink:label="ManagementStatementThatExemptionInQuestionHasBeenApplied"/>
    <link:label xlink:type="resource" xlink:label="label_ManagementStatementThatExemptionInQuestionHasBeenApplied_2" xlink:role="http://www.xbrl.org/2003/role/label" xml:lang="da" id="label_ManagementStatementThatExemptionInQuestionHasBeenApplied_2">Ledelseserklæring om at undtagelsen er taget i anvendelse</link:label>
    <link:labelArc xlink:type="arc" xlink:arcrole="http://www.xbrl.org/2003/arcrole/concept-label" xlink:from="ManagementStatementThatExemptionInQuestionHasBeenApplied" xlink:to="label_ManagementStatementThatExemptionInQuestionHasBeenApplied_2" order="10.0"/>
    <link:loc xlink:type="locator" xlink:href="eogs.xsd#eogs_ManagementConfirmationThatConditionsForApplyingExemptionHaveBeenMet" xlink:label="ManagementConfirmationThatConditionsForApplyingExemptionHaveBeenMet"/>
    <link:label xlink:type="resource" xlink:label="label_ManagementConfirmationThatConditionsForApplyingExemptionHaveBeenMet_2" xlink:role="http://www.xbrl.org/2003/role/label" xml:lang="da" id="label_ManagementConfirmationThatConditionsForApplyingExemptionHaveBeenMet_2">Ledelseserklæring om at betingelserne for undtagelse er opfyldt</link:label>
    <link:labelArc xlink:type="arc" xlink:arcrole="http://www.xbrl.org/2003/arcrole/concept-label" xlink:from="ManagementConfirmationThatConditionsForApplyingExemptionHaveBeenMet" xlink:to="label_ManagementConfirmationThatConditionsForApplyingExemptionHaveBeenMet_2" order="10.0"/>
    <link:loc xlink:type="locator" xlink:href="eogs.xsd#eogs_StatementRegardingExemptionFromEnterprisesAndSocietiesWithLimitedLiabilityAndCoOperativeSocietiesWithLimitedLiabilityAbstract" xlink:label="StatementRegardingExemptionFromEnterprisesAndSocietiesWithLimitedLiabilityAndCoOperativeSocietiesWithLimitedLiabilityAbstract"/>
    <link:label xlink:type="resource" xlink:label="label_StatementRegardingExemptionFromEnterprisesAndSocietiesWithLimitedLiabilityAndCoOperativeSocietiesWithLimitedLiabilityAbstract_2" xlink:role="http://www.xbrl.org/2003/role/label" xml:lang="da" id="label_StatementRegardingExemptionFromEnterprisesAndSocietiesWithLimitedLiabilityAndCoOperativeSocietiesWithLimitedLiabilityAbstract_2">Undtagelseserklæring fra virksomheder og foreninger med begrænset ansvar og andelsselskaber med begrænset ansvar</link:label>
    <link:labelArc xlink:type="arc" xlink:arcrole="http://www.xbrl.org/2003/arcrole/concept-label" xlink:from="StatementRegardingExemptionFromEnterprisesAndSocietiesWithLimitedLiabilityAndCoOperativeSocietiesWithLimitedLiabilityAbstract" xlink:to="label_StatementRegardingExemptionFromEnterprisesAndSocietiesWithLimitedLiabilityAndCoOperativeSocietiesWithLimitedLiabilityAbstract_2" order="10.0"/>
    <link:loc xlink:type="locator" xlink:href="eogs.xsd#eogs_DetailsOnMembersOfSupervisoryBoardForStatementRegardingExemptionNotToPresentAnnualReportHypercube" xlink:label="DetailsOnMembersOfSupervisoryBoardForStatementRegardingExemptionNotToPresentAnnualReportHypercube"/>
    <link:label xlink:type="resource" xlink:label="label_DetailsOnMembersOfSupervisoryBoardForStatementRegardingExemptionNotToPresentAnnualReportHypercube" xlink:role="http://www.xbrl.org/2003/role/label" xml:lang="da" id="label_DetailsOnMembersOfSupervisoryBoardForStatementRegardingExemptionNotToPresentAnnualReportHypercube">Detaljer om medlem af bestyrelsen som erklærer</link:label>
    <link:labelArc xlink:type="arc" xlink:arcrole="http://www.xbrl.org/2003/arcrole/concept-label" xlink:from="DetailsOnMembersOfSupervisoryBoardForStatementRegardingExemptionNotToPresentAnnualReportHypercube" xlink:to="label_DetailsOnMembersOfSupervisoryBoardForStatementRegardingExemptionNotToPresentAnnualReportHypercube" order="10.0"/>
    <link:loc xlink:type="locator" xlink:href="eogs.xsd#eogs_DetailsOnMembersOfExecutiveBoardForStatementRegardingExemptionNotToPresentAnnualReportHypercube" xlink:label="DetailsOnMembersOfExecutiveBoardForStatementRegardingExemptionNotToPresentAnnualReportHypercube"/>
    <link:label xlink:type="resource" xlink:label="label_DetailsOnMembersOfExecutiveBoardForStatementRegardingExemptionNotToPresentAnnualReportHypercube" xlink:role="http://www.xbrl.org/2003/role/label" xml:lang="da" id="label_DetailsOnMembersOfExecutiveBoardForStatementRegardingExemptionNotToPresentAnnualReportHypercube">Detaljer om medlem af direktionen som erklærer</link:label>
    <link:labelArc xlink:type="arc" xlink:arcrole="http://www.xbrl.org/2003/arcrole/concept-label" xlink:from="DetailsOnMembersOfExecutiveBoardForStatementRegardingExemptionNotToPresentAnnualReportHypercube" xlink:to="label_DetailsOnMembersOfExecutiveBoardForStatementRegardingExemptionNotToPresentAnnualReportHypercube" order="10.0"/>
    <link:loc xlink:type="locator" xlink:href="eogs.xsd#eogs_DetailsOnMembersOfSupervisoryBoardForStatementRegardingExemptionNotToPresentAnnualReportAbstract" xlink:label="DetailsOnMembersOfSupervisoryBoardForStatementRegardingExemptionNotToPresentAnnualReportAbstract"/>
    <link:label xlink:type="resource" xlink:label="label_DetailsOnMembersOfSupervisoryBoardForStatementRegardingExemptionNotToPresentAnnualReportAbstract" xlink:role="http://www.xbrl.org/2003/role/label" xml:lang="da" id="label_DetailsOnMembersOfSupervisoryBoardForStatementRegardingExemptionNotToPresentAnnualReportAbstract">Detaljer om medlem af bestyrelsen som erklærer</link:label>
    <link:labelArc xlink:type="arc" xlink:arcrole="http://www.xbrl.org/2003/arcrole/concept-label" xlink:from="DetailsOnMembersOfSupervisoryBoardForStatementRegardingExemptionNotToPresentAnnualReportAbstract" xlink:to="label_DetailsOnMembersOfSupervisoryBoardForStatementRegardingExemptionNotToPresentAnnualReportAbstract" order="10.0"/>
    <link:loc xlink:type="locator" xlink:href="eogs.xsd#eogs_DetailsOnMembersOfExecutiveBoardForStatementRegardingExemptionNotToPresentAnnualReportAbstract" xlink:label="DetailsOnMembersOfExecutiveBoardForStatementRegardingExemptionNotToPresentAnnualReportAbstract"/>
    <link:label xlink:type="resource" xlink:label="label_DetailsOnMembersOfExecutiveBoardForStatementRegardingExemptionNotToPresentAnnualReportAbstract" xlink:role="http://www.xbrl.org/2003/role/label" xml:lang="da" id="label_DetailsOnMembersOfExecutiveBoardForStatementRegardingExemptionNotToPresentAnnualReportAbstract">Detaljer om medlem af direktionen som erklærer</link:label>
    <link:labelArc xlink:type="arc" xlink:arcrole="http://www.xbrl.org/2003/arcrole/concept-label" xlink:from="DetailsOnMembersOfExecutiveBoardForStatementRegardingExemptionNotToPresentAnnualReportAbstract" xlink:to="label_DetailsOnMembersOfExecutiveBoardForStatementRegardingExemptionNotToPresentAnnualReportAbstract" order="10.0"/>
    <link:loc xlink:type="locator" xlink:href="eogs.xsd#eogs_PlaceOfCompilationOfStatementRegardingExemptionNotToPresentAnnualReport" xlink:label="PlaceOfCompilationOfStatementRegardingExemptionNotToPresentAnnualReport"/>
    <link:label xlink:type="resource" xlink:label="label_PlaceOfCompilationOfStatementRegardingExemptionNotToPresentAnnualReport" xlink:role="http://www.xbrl.org/2003/role/label" xml:lang="da" id="label_PlaceOfCompilationOfStatementRegardingExemptionNotToPresentAnnualReport">Erklæring om undtagelse fra aflæggelse årsrapport, sted</link:label>
    <link:labelArc xlink:type="arc" xlink:arcrole="http://www.xbrl.org/2003/arcrole/concept-label" xlink:from="PlaceOfCompilationOfStatementRegardingExemptionNotToPresentAnnualReport" xlink:to="label_PlaceOfCompilationOfStatementRegardingExemptionNotToPresentAnnualReport" order="10.0"/>
    <link:loc xlink:type="locator" xlink:href="eogs.xsd#eogs_DateOfStatementRegardingExemptionNotToPresentAnnualReport" xlink:label="DateOfStatementRegardingExemptionNotToPresentAnnualReport"/>
    <link:label xlink:type="resource" xlink:label="label_DateOfStatementRegardingExemptionNotToPresentAnnualReport" xlink:role="http://www.xbrl.org/2003/role/label" xml:lang="da" id="label_DateOfStatementRegardingExemptionNotToPresentAnnualReport">Erklæring om undtagelse fra aflæggelse årsrapport, dato</link:label>
    <link:labelArc xlink:type="arc" xlink:arcrole="http://www.xbrl.org/2003/arcrole/concept-label" xlink:from="DateOfStatementRegardingExemptionNotToPresentAnnualReport" xlink:to="label_DateOfStatementRegardingExemptionNotToPresentAnnualReport" order="10.0"/>
    <link:loc xlink:type="locator" xlink:href="eogs.xsd#eogs_StatementOnRevenueLimitSpecifiedInActOnRetailSalesFromStoresEtcAbstract" xlink:label="StatementOnRevenueLimitSpecifiedInActOnRetailSalesFromStoresEtcAbstract"/>
    <link:label xlink:type="resource" xlink:label="label_StatementOnRevenueLimitSpecifiedInActOnRetailSalesFromStoresEtcAbstract" xlink:role="http://www.xbrl.org/2003/role/label" xml:lang="da" id="label_StatementOnRevenueLimitSpecifiedInActOnRetailSalesFromStoresEtcAbstract">Erklæring om omsætningsgrænse (Lukkeloven) jf Lov om detailsalg fra butikker mv</link:label>
    <link:labelArc xlink:type="arc" xlink:arcrole="http://www.xbrl.org/2003/arcrole/concept-label" xlink:from="StatementOnRevenueLimitSpecifiedInActOnRetailSalesFromStoresEtcAbstract" xlink:to="label_StatementOnRevenueLimitSpecifiedInActOnRetailSalesFromStoresEtcAbstract" order="10.0"/>
    <link:loc xlink:type="locator" xlink:href="eogs.xsd#eogs_NameOfStore" xlink:label="NameOfStore"/>
    <link:label xlink:type="resource" xlink:label="label_NameOfStore" xlink:role="http://www.xbrl.org/2003/role/label" xml:lang="da" id="label_NameOfStore">Butikkens navn</link:label>
    <link:labelArc xlink:type="arc" xlink:arcrole="http://www.xbrl.org/2003/arcrole/concept-label" xlink:from="NameOfStore" xlink:to="label_NameOfStore" order="10.0"/>
    <link:loc xlink:type="locator" xlink:href="eogs.xsd#eogs_AddressOfStoreStreetAndNumber" xlink:label="AddressOfStoreStreetAndNumber"/>
    <link:label xlink:type="resource" xlink:label="label_AddressOfStoreStreetAndNumber" xlink:role="http://www.xbrl.org/2003/role/label" xml:lang="da" id="label_AddressOfStoreStreetAndNumber">Butikkens adresse, vej og nummer</link:label>
    <link:labelArc xlink:type="arc" xlink:arcrole="http://www.xbrl.org/2003/arcrole/concept-label" xlink:from="AddressOfStoreStreetAndNumber" xlink:to="label_AddressOfStoreStreetAndNumber" order="10.0"/>
    <link:loc xlink:type="locator" xlink:href="eogs.xsd#eogs_AddressOfStorePostcodeAndTown" xlink:label="AddressOfStorePostcodeAndTown"/>
    <link:label xlink:type="resource" xlink:label="label_AddressOfStorePostcodeAndTown" xlink:role="http://www.xbrl.org/2003/role/label" xml:lang="da" id="label_AddressOfStorePostcodeAndTown">Butikkens adresse, postnummer og by</link:label>
    <link:labelArc xlink:type="arc" xlink:arcrole="http://www.xbrl.org/2003/arcrole/concept-label" xlink:from="AddressOfStorePostcodeAndTown" xlink:to="label_AddressOfStorePostcodeAndTown" order="10.0"/>
    <link:loc xlink:type="locator" xlink:href="eogs.xsd#eogs_IdentificationNumberPnrOfStore" xlink:label="IdentificationNumberPnrOfStore"/>
    <link:label xlink:type="resource" xlink:label="label_IdentificationNumberPnrOfStore" xlink:role="http://www.xbrl.org/2003/role/label" xml:lang="da" id="label_IdentificationNumberPnrOfStore">Butikkens P-nr.</link:label>
    <link:labelArc xlink:type="arc" xlink:arcrole="http://www.xbrl.org/2003/arcrole/concept-label" xlink:from="IdentificationNumberPnrOfStore" xlink:to="label_IdentificationNumberPnrOfStore" order="10.0"/>
    <link:loc xlink:type="locator" xlink:href="eogs.xsd#eogs_PlaceOfCompilationOfStatementOnRevenueLimitSpecifiedInTheActOnRetailSalesFromStoresEtc" xlink:label="PlaceOfCompilationOfStatementOnRevenueLimitSpecifiedInTheActOnRetailSalesFromStoresEtc"/>
    <link:label xlink:type="resource" xlink:label="label_PlaceOfCompilationOfStatementOnRevenueLimitSpecifiedInTheActOnRetailSalesFromStoresEtc" xlink:role="http://www.xbrl.org/2003/role/label" xml:lang="da" id="label_PlaceOfCompilationOfStatementOnRevenueLimitSpecifiedInTheActOnRetailSalesFromStoresEtc">Erklæring om omsætningsgrænse jf Lov om detailsalg fra butikker mv, sted</link:label>
    <link:labelArc xlink:type="arc" xlink:arcrole="http://www.xbrl.org/2003/arcrole/concept-label" xlink:from="PlaceOfCompilationOfStatementOnRevenueLimitSpecifiedInTheActOnRetailSalesFromStoresEtc" xlink:to="label_PlaceOfCompilationOfStatementOnRevenueLimitSpecifiedInTheActOnRetailSalesFromStoresEtc" order="10.0"/>
    <link:loc xlink:type="locator" xlink:href="eogs.xsd#eogs_DateOfStatementOnRevenueLimitSpecifiedInTheActOnRetailSalesFromStoresEtc" xlink:label="DateOfStatementOnRevenueLimitSpecifiedInTheActOnRetailSalesFromStoresEtc"/>
    <link:label xlink:type="resource" xlink:label="label_DateOfStatementOnRevenueLimitSpecifiedInTheActOnRetailSalesFromStoresEtc" xlink:role="http://www.xbrl.org/2003/role/label" xml:lang="da" id="label_DateOfStatementOnRevenueLimitSpecifiedInTheActOnRetailSalesFromStoresEtc">Erklæring om omsætningsgrænse jf Lov om detailsalg fra butikker mv, dato</link:label>
    <link:labelArc xlink:type="arc" xlink:arcrole="http://www.xbrl.org/2003/arcrole/concept-label" xlink:from="DateOfStatementOnRevenueLimitSpecifiedInTheActOnRetailSalesFromStoresEtc" xlink:to="label_DateOfStatementOnRevenueLimitSpecifiedInTheActOnRetailSalesFromStoresEtc" order="10.0"/>
    <link:loc xlink:type="locator" xlink:href="eogs.xsd#eogs_AuditorsReportStatementOnRevenueLimitSpecifiedInActOnRetailSalesFromStoresEtc" xlink:label="AuditorsReportStatementOnRevenueLimitSpecifiedInActOnRetailSalesFromStoresEtc"/>
    <link:label xlink:type="resource" xlink:label="label_AuditorsReportStatementOnRevenueLimitSpecifiedInActOnRetailSalesFromStoresEtc" xlink:role="http://www.xbrl.org/2003/role/label" xml:lang="da" id="label_AuditorsReportStatementOnRevenueLimitSpecifiedInActOnRetailSalesFromStoresEtc">Revisorerklæring, Erklæring om omsætningsgrænse jf Lov om detailsalg fra butikker mv</link:label>
    <link:labelArc xlink:type="arc" xlink:arcrole="http://www.xbrl.org/2003/arcrole/concept-label" xlink:from="AuditorsReportStatementOnRevenueLimitSpecifiedInActOnRetailSalesFromStoresEtc" xlink:to="label_AuditorsReportStatementOnRevenueLimitSpecifiedInActOnRetailSalesFromStoresEtc" order="10.0"/>
    <link:loc xlink:type="locator" xlink:href="eogs.xsd#eogs_AuditPerformedStatementOnRevenueLimitSpecifiedInTheActOnRetailSalesFromStoresEtc" xlink:label="AuditPerformedStatementOnRevenueLimitSpecifiedInTheActOnRetailSalesFromStoresEtc"/>
    <link:label xlink:type="resource" xlink:label="label_AuditPerformedStatementOnRevenueLimitSpecifiedInTheActOnRetailSalesFromStoresEtc" xlink:role="http://www.xbrl.org/2003/role/label" xml:lang="da" id="label_AuditPerformedStatementOnRevenueLimitSpecifiedInTheActOnRetailSalesFromStoresEtc">Det udførte arbejde, Erklæring om omsætningsgrænse jf Lov om detailsalg fra butikker mv</link:label>
    <link:labelArc xlink:type="arc" xlink:arcrole="http://www.xbrl.org/2003/arcrole/concept-label" xlink:from="AuditPerformedStatementOnRevenueLimitSpecifiedInTheActOnRetailSalesFromStoresEtc" xlink:to="label_AuditPerformedStatementOnRevenueLimitSpecifiedInTheActOnRetailSalesFromStoresEtc" order="10.0"/>
    <link:loc xlink:type="locator" xlink:href="eogs.xsd#eogs_OpinionStatementOnRevenueLimitSpecifiedInActOnRetailSalesFromStoresEtc" xlink:label="OpinionStatementOnRevenueLimitSpecifiedInActOnRetailSalesFromStoresEtc"/>
    <link:label xlink:type="resource" xlink:label="label_OpinionStatementOnRevenueLimitSpecifiedInActOnRetailSalesFromStoresEtc" xlink:role="http://www.xbrl.org/2003/role/label" xml:lang="da" id="label_OpinionStatementOnRevenueLimitSpecifiedInActOnRetailSalesFromStoresEtc">Konklusion, Erklæring om omsætningsgrænse jf Lov om detailsalg fra butikker mv</link:label>
    <link:labelArc xlink:type="arc" xlink:arcrole="http://www.xbrl.org/2003/arcrole/concept-label" xlink:from="OpinionStatementOnRevenueLimitSpecifiedInActOnRetailSalesFromStoresEtc" xlink:to="label_OpinionStatementOnRevenueLimitSpecifiedInActOnRetailSalesFromStoresEtc" order="10.0"/>
    <link:loc xlink:type="locator" xlink:href="eogs.xsd#eogs_RevenueLimitStatementOnRevenueLimitSpecifiedInTheActOnRetailSalesFromStoresEtc" xlink:label="RevenueLimitStatementOnRevenueLimitSpecifiedInTheActOnRetailSalesFromStoresEtc"/>
    <link:label xlink:type="resource" xlink:label="label_RevenueLimitStatementOnRevenueLimitSpecifiedInTheActOnRetailSalesFromStoresEtc" xlink:role="http://www.xbrl.org/2003/role/label" xml:lang="da" id="label_RevenueLimitStatementOnRevenueLimitSpecifiedInTheActOnRetailSalesFromStoresEtc">Omsætningsgrænse der ikke overstiges, Erklæring om omsætningsgrænse jf Lov om detailsalg fra butikker mv</link:label>
    <link:labelArc xlink:type="arc" xlink:arcrole="http://www.xbrl.org/2003/arcrole/concept-label" xlink:from="RevenueLimitStatementOnRevenueLimitSpecifiedInTheActOnRetailSalesFromStoresEtc" xlink:to="label_RevenueLimitStatementOnRevenueLimitSpecifiedInTheActOnRetailSalesFromStoresEtc" order="10.0"/>
    <link:loc xlink:type="locator" xlink:href="eogs.xsd#eogs_NewStoreStatementOnRevenueLimitSpecifiedInActOnRetailSalesFromStoresEtc" xlink:label="NewStoreStatementOnRevenueLimitSpecifiedInActOnRetailSalesFromStoresEtc"/>
    <link:label xlink:type="resource" xlink:label="label_NewStoreStatementOnRevenueLimitSpecifiedInActOnRetailSalesFromStoresEtc" xlink:role="http://www.xbrl.org/2003/role/label" xml:lang="da" id="label_NewStoreStatementOnRevenueLimitSpecifiedInActOnRetailSalesFromStoresEtc">Ny butik, Erklæring om omsætningsgrænse jf Lov om detailsalg fra butikker mv</link:label>
    <link:labelArc xlink:type="arc" xlink:arcrole="http://www.xbrl.org/2003/arcrole/concept-label" xlink:from="NewStoreStatementOnRevenueLimitSpecifiedInActOnRetailSalesFromStoresEtc" xlink:to="label_NewStoreStatementOnRevenueLimitSpecifiedInActOnRetailSalesFromStoresEtc" order="10.0"/>
    <link:loc xlink:type="locator" xlink:href="eogs.xsd#eogs_DetailsOnAuditorStatementOnRevenueLimitSpecifiedInTheActOnRetailSalesFromStoresEtcAbstract" xlink:label="DetailsOnAuditorStatementOnRevenueLimitSpecifiedInTheActOnRetailSalesFromStoresEtcAbstract"/>
    <link:label xlink:type="resource" xlink:label="label_DetailsOnAuditorStatementOnRevenueLimitSpecifiedInTheActOnRetailSalesFromStoresEtcAbstract" xlink:role="http://www.xbrl.org/2003/role/label" xml:lang="da" id="label_DetailsOnAuditorStatementOnRevenueLimitSpecifiedInTheActOnRetailSalesFromStoresEtcAbstract">Detaljer om revisor som erklærer</link:label>
    <link:labelArc xlink:type="arc" xlink:arcrole="http://www.xbrl.org/2003/arcrole/concept-label" xlink:from="DetailsOnAuditorStatementOnRevenueLimitSpecifiedInTheActOnRetailSalesFromStoresEtcAbstract" xlink:to="label_DetailsOnAuditorStatementOnRevenueLimitSpecifiedInTheActOnRetailSalesFromStoresEtcAbstract" order="10.0"/>
    <link:loc xlink:type="locator" xlink:href="eogs.xsd#eogs_DetailsOnAuditorStatementOnRevenueLimitSpecifiedInTheActOnRetailSalesFromStoresEtcHypercube" xlink:label="DetailsOnAuditorStatementOnRevenueLimitSpecifiedInTheActOnRetailSalesFromStoresEtcHypercube"/>
    <link:label xlink:type="resource" xlink:label="label_DetailsOnAuditorStatementOnRevenueLimitSpecifiedInTheActOnRetailSalesFromStoresEtcHypercube" xlink:role="http://www.xbrl.org/2003/role/label" xml:lang="da" id="label_DetailsOnAuditorStatementOnRevenueLimitSpecifiedInTheActOnRetailSalesFromStoresEtcHypercube">Detaljer om revisor som erklærer</link:label>
    <link:labelArc xlink:type="arc" xlink:arcrole="http://www.xbrl.org/2003/arcrole/concept-label" xlink:from="DetailsOnAuditorStatementOnRevenueLimitSpecifiedInTheActOnRetailSalesFromStoresEtcHypercube" xlink:to="label_DetailsOnAuditorStatementOnRevenueLimitSpecifiedInTheActOnRetailSalesFromStoresEtcHypercube" order="10.0"/>
    <link:loc xlink:type="locator" xlink:href="eogs.xsd#eogs_InformationOnMembersOfSupervisoryBoardForStatementRegardingExemptionNotToPresentAnnualReportAbstract" xlink:label="InformationOnMembersOfSupervisoryBoardForStatementRegardingExemptionNotToPresentAnnualReportAbstract"/>
    <link:label xlink:type="resource" xlink:label="label_InformationOnMembersOfSupervisoryBoardForStatementRegardingExemptionNotToPresentAnnualReportAbstract_2" xlink:role="http://www.xbrl.org/2003/role/label" xml:lang="da" id="label_InformationOnMembersOfSupervisoryBoardForStatementRegardingExemptionNotToPresentAnnualReportAbstract_2">Information om medlem af bestyrelsen som erklærer</link:label>
    <link:labelArc xlink:type="arc" xlink:arcrole="http://www.xbrl.org/2003/arcrole/concept-label" xlink:from="InformationOnMembersOfSupervisoryBoardForStatementRegardingExemptionNotToPresentAnnualReportAbstract" xlink:to="label_InformationOnMembersOfSupervisoryBoardForStatementRegardingExemptionNotToPresentAnnualReportAbstract_2" order="10.0"/>
    <link:loc xlink:type="locator" xlink:href="eogs.xsd#eogs_InformationOnMembersOfExecutiveBoardForStatementRegardingExemptionNotToPresentAnnualReportAbstract" xlink:label="InformationOnMembersOfExecutiveBoardForStatementRegardingExemptionNotToPresentAnnualReportAbstract"/>
    <link:label xlink:type="resource" xlink:label="label_InformationOnMembersOfExecutiveBoardForStatementRegardingExemptionNotToPresentAnnualReportAbstract_2" xlink:role="http://www.xbrl.org/2003/role/label" xml:lang="da" id="label_InformationOnMembersOfExecutiveBoardForStatementRegardingExemptionNotToPresentAnnualReportAbstract_2">Information om medlem af direktionen som erklærer</link:label>
    <link:labelArc xlink:type="arc" xlink:arcrole="http://www.xbrl.org/2003/arcrole/concept-label" xlink:from="InformationOnMembersOfExecutiveBoardForStatementRegardingExemptionNotToPresentAnnualReportAbstract" xlink:to="label_InformationOnMembersOfExecutiveBoardForStatementRegardingExemptionNotToPresentAnnualReportAbstract_2" order="10.0"/>
    <link:loc xlink:type="locator" xlink:href="eogs.xsd#eogs_InformationOnAuditorStatementOnRevenueLimitSpecifiedInTheActOnRetailSalesFromStoresEtcAbstract" xlink:label="InformationOnAuditorStatementOnRevenueLimitSpecifiedInTheActOnRetailSalesFromStoresEtcAbstract"/>
    <link:label xlink:type="resource" xlink:label="label_InformationOnAuditorStatementOnRevenueLimitSpecifiedInTheActOnRetailSalesFromStoresEtcAbstract_2" xlink:role="http://www.xbrl.org/2003/role/label" xml:lang="da" id="label_InformationOnAuditorStatementOnRevenueLimitSpecifiedInTheActOnRetailSalesFromStoresEtcAbstract_2">Information om revisor som erklærer</link:label>
    <link:labelArc xlink:type="arc" xlink:arcrole="http://www.xbrl.org/2003/arcrole/concept-label" xlink:from="InformationOnAuditorStatementOnRevenueLimitSpecifiedInTheActOnRetailSalesFromStoresEtcAbstract" xlink:to="label_InformationOnAuditorStatementOnRevenueLimitSpecifiedInTheActOnRetailSalesFromStoresEtcAbstract_2" order="10.0"/>
  </link:labelLink>
</link:linkbase>
