<?xml version="1.0" encoding="UTF-8"?>
<!-- Generated by Fujitsu Interstage XWand B0209 -->
<?officialURI http://archprod.service.eogs.dk/taxonomy/20141220/ifrs/full_ifrs_dk/ifrs-dk_420.00_2014-12-20/def_ifrs-dk_2014-12-20_role-420.00.xml?>

<?taxonomy-version 0.2.0?>

<link:linkbase xmlns:xsi="http://www.w3.org/2001/XMLSchema-instance" xsi:schemaLocation="http://www.xbrl.org/2003/linkbase http://www.xbrl.org/2003/xbrl-linkbase-2003-12-31.xsd" xmlns:link="http://www.xbrl.org/2003/linkbase" xmlns:rol_ifrs-dk_420.00_2014-12-20="http://xbrl.dcca.dk/role/ifrs-dk/rol_ifrs-dk_420.00_2014-12-20" xmlns:xbrldt="http://xbrl.org/2005/xbrldt" xmlns:xbrli="http://www.xbrl.org/2003/instance" xmlns:xlink="http://www.w3.org/1999/xlink">
  <link:roleRef roleURI="http://xbrl.dcca.dk/role/420.00/StatementOfComprehensiveIncomeOCIComponentsPresentedBeforeTax" xlink:type="simple" xlink:href="rol_ifrs-dk_420.00_2014-12-20.xsd#ifrs-dk_42000_StatementOfComprehensiveIncomeOCIComponentsPresentedBeforeTax"/>
  <link:roleRef roleURI="http://xbrl.ifrs.org/role/ifrs/ifrs-dim_role-913000" xlink:type="simple" xlink:href="../../../../full_ifrs/dimensions_full_ifrs/rol_full_ifrs-dim_2014-03-05.xsd#ifrs-dim_role-913000"/>
  <link:arcroleRef arcroleURI="http://xbrl.org/int/dim/arcrole/domain-member" xlink:type="simple" xlink:href="http://www.xbrl.org/2005/xbrldt-2005.xsd#domain-member"/>
  <link:arcroleRef arcroleURI="http://xbrl.org/int/dim/arcrole/all" xlink:type="simple" xlink:href="http://www.xbrl.org/2005/xbrldt-2005.xsd#all"/>
  <link:arcroleRef arcroleURI="http://xbrl.org/int/dim/arcrole/hypercube-dimension" xlink:type="simple" xlink:href="http://www.xbrl.org/2005/xbrldt-2005.xsd#hypercube-dimension"/>
  <link:definitionLink xlink:type="extended" xlink:role="http://xbrl.dcca.dk/role/420.00/StatementOfComprehensiveIncomeOCIComponentsPresentedBeforeTax">
    <link:loc xlink:type="locator" xlink:href="../../../cmn.xsd#cmn_CommonTable" xlink:label="CommonTable" xlink:title="CommonTable"/>
    <link:loc xlink:type="locator" xlink:href="../../../../full_ifrs-cor_2014-03-05.xsd#ifrs-full_ConsolidatedAndSeparateFinancialStatementsAxis" xlink:label="ConsolidatedAndSeparateFinancialStatementsAxis" xlink:title="ConsolidatedAndSeparateFinancialStatementsAxis"/>
    <link:definitionArc xlink:type="arc" xlink:arcrole="http://xbrl.org/int/dim/arcrole/hypercube-dimension" xlink:from="CommonTable" xlink:to="ConsolidatedAndSeparateFinancialStatementsAxis" xlink:title="definition: CommonTable to ConsolidatedAndSeparateFinancialStatementsAxis" order="1.0" xbrldt:targetRole="http://xbrl.ifrs.org/role/ifrs/ifrs-dim_role-913000"/>
    <link:loc xlink:type="locator" xlink:href="../../../../full_ifrs-cor_2014-03-05.xsd#ifrs-full_StatementOfComprehensiveIncomeAbstract" xlink:label="StatementOfComprehensiveIncomeAbstract"/>
    <link:loc xlink:type="locator" xlink:href="../../../../full_ifrs-cor_2014-03-05.xsd#ifrs-full_ProfitLoss" xlink:label="ProfitLoss"/>
    <link:definitionArc xlink:type="arc" xlink:arcrole="http://xbrl.org/int/dim/arcrole/domain-member" xlink:from="StatementOfComprehensiveIncomeAbstract" xlink:to="ProfitLoss" order="1.0"/>
    <link:loc xlink:type="locator" xlink:href="../../../../full_ifrs-cor_2014-03-05.xsd#ifrs-full_ExchangeDifferencesOnTranslationAbstract" xlink:label="ExchangeDifferencesOnTranslationAbstract"/>
    <link:loc xlink:type="locator" xlink:href="../../ifrs-dk-cor_2014-12-20.xsd#ifrs-dk_ReserveForGainsLossesOnCurrencyTranslation" xlink:label="ReserveForGainsLossesOnCurrencyTranslation"/>
    <link:definitionArc xlink:type="arc" xlink:arcrole="http://xbrl.org/int/dim/arcrole/domain-member" xlink:from="ExchangeDifferencesOnTranslationAbstract" xlink:to="ReserveForGainsLossesOnCurrencyTranslation" use="optional" order="3.0"/>
    <link:loc xlink:type="locator" xlink:href="../../ifrs-dk-cor_2014-12-20.xsd#ifrs-dk_ReversalOfExchangeGainsLosses" xlink:label="ReversalOfExchangeGainsLosses"/>
    <link:definitionArc xlink:type="arc" xlink:arcrole="http://xbrl.org/int/dim/arcrole/domain-member" xlink:from="ExchangeDifferencesOnTranslationAbstract" xlink:to="ReversalOfExchangeGainsLosses" use="optional" order="4.0"/>
    <link:loc xlink:type="locator" xlink:href="../../../../full_ifrs-cor_2014-03-05.xsd#ifrs-full_GainsLossesOnExchangeDifferencesOnTranslationBeforeTax" xlink:label="GainsLossesOnExchangeDifferencesOnTranslationBeforeTax"/>
    <link:definitionArc xlink:type="arc" xlink:arcrole="http://xbrl.org/int/dim/arcrole/domain-member" xlink:from="ExchangeDifferencesOnTranslationAbstract" xlink:to="GainsLossesOnExchangeDifferencesOnTranslationBeforeTax" order="1.0"/>
    <link:loc xlink:type="locator" xlink:href="../../../../full_ifrs-cor_2014-03-05.xsd#ifrs-full_ReclassificationAdjustmentsOnExchangeDifferencesOnTranslationBeforeTax" xlink:label="ReclassificationAdjustmentsOnExchangeDifferencesOnTranslationBeforeTax"/>
    <link:definitionArc xlink:type="arc" xlink:arcrole="http://xbrl.org/int/dim/arcrole/domain-member" xlink:from="ExchangeDifferencesOnTranslationAbstract" xlink:to="ReclassificationAdjustmentsOnExchangeDifferencesOnTranslationBeforeTax" order="2.0"/>
    <link:loc xlink:type="locator" xlink:href="../../../../full_ifrs-cor_2014-03-05.xsd#ifrs-full_OtherComprehensiveIncomeBeforeTaxExchangeDifferencesOnTranslation" xlink:label="OtherComprehensiveIncomeBeforeTaxExchangeDifferencesOnTranslation"/>
    <link:definitionArc xlink:type="arc" xlink:arcrole="http://xbrl.org/int/dim/arcrole/domain-member" xlink:from="ExchangeDifferencesOnTranslationAbstract" xlink:to="OtherComprehensiveIncomeBeforeTaxExchangeDifferencesOnTranslation" order="5.0"/>
    <link:loc xlink:type="locator" xlink:href="../../../../full_ifrs-cor_2014-03-05.xsd#ifrs-full_AvailableforsaleFinancialAssetsAbstract" xlink:label="AvailableforsaleFinancialAssetsAbstract"/>
    <link:loc xlink:type="locator" xlink:href="../../../../full_ifrs-cor_2014-03-05.xsd#ifrs-full_GainsLossesOnRemeasuringAvailableforsaleFinancialAssetsBeforeTax" xlink:label="GainsLossesOnRemeasuringAvailableforsaleFinancialAssetsBeforeTax"/>
    <link:definitionArc xlink:type="arc" xlink:arcrole="http://xbrl.org/int/dim/arcrole/domain-member" xlink:from="AvailableforsaleFinancialAssetsAbstract" xlink:to="GainsLossesOnRemeasuringAvailableforsaleFinancialAssetsBeforeTax" order="1.0"/>
    <link:loc xlink:type="locator" xlink:href="../../../../full_ifrs-cor_2014-03-05.xsd#ifrs-full_ReclassificationAdjustmentsOnAvailableforsaleFinancialAssetsBeforeTax" xlink:label="ReclassificationAdjustmentsOnAvailableforsaleFinancialAssetsBeforeTax"/>
    <link:definitionArc xlink:type="arc" xlink:arcrole="http://xbrl.org/int/dim/arcrole/domain-member" xlink:from="AvailableforsaleFinancialAssetsAbstract" xlink:to="ReclassificationAdjustmentsOnAvailableforsaleFinancialAssetsBeforeTax" order="2.0"/>
    <link:loc xlink:type="locator" xlink:href="../../../../full_ifrs-cor_2014-03-05.xsd#ifrs-full_OtherComprehensiveIncomeBeforeTaxAvailableforsaleFinancialAssets" xlink:label="OtherComprehensiveIncomeBeforeTaxAvailableforsaleFinancialAssets"/>
    <link:definitionArc xlink:type="arc" xlink:arcrole="http://xbrl.org/int/dim/arcrole/domain-member" xlink:from="AvailableforsaleFinancialAssetsAbstract" xlink:to="OtherComprehensiveIncomeBeforeTaxAvailableforsaleFinancialAssets" order="3.0"/>
    <link:loc xlink:type="locator" xlink:href="../../../../full_ifrs-cor_2014-03-05.xsd#ifrs-full_CashFlowHedgesAbstract" xlink:label="CashFlowHedgesAbstract"/>
    <link:loc xlink:type="locator" xlink:href="../../../../full_ifrs-cor_2014-03-05.xsd#ifrs-full_GainsLossesOnCashFlowHedgesBeforeTax" xlink:label="GainsLossesOnCashFlowHedgesBeforeTax"/>
    <link:definitionArc xlink:type="arc" xlink:arcrole="http://xbrl.org/int/dim/arcrole/domain-member" xlink:from="CashFlowHedgesAbstract" xlink:to="GainsLossesOnCashFlowHedgesBeforeTax" order="1.0"/>
    <link:loc xlink:type="locator" xlink:href="../../../../full_ifrs-cor_2014-03-05.xsd#ifrs-full_ReclassificationAdjustmentsOnCashFlowHedgesBeforeTax" xlink:label="ReclassificationAdjustmentsOnCashFlowHedgesBeforeTax"/>
    <link:definitionArc xlink:type="arc" xlink:arcrole="http://xbrl.org/int/dim/arcrole/domain-member" xlink:from="CashFlowHedgesAbstract" xlink:to="ReclassificationAdjustmentsOnCashFlowHedgesBeforeTax" order="2.0"/>
    <link:loc xlink:type="locator" xlink:href="../../../../full_ifrs-cor_2014-03-05.xsd#ifrs-full_AmountsRemovedFromEquityAndIncludedInCarryingAmountOfNonfinancialAssetLiabilityWhoseAcquisitionOrIncurrenceWasHedgedHighlyProbableForecastTransactionBeforeTax" xlink:label="AmountsRemovedFromEquityAndIncludedInCarryingAmountOfNonfinancialAssetLiabilityWhoseAcquisitionOrIncurrenceWasHedgedHighlyProbableForecastTransactionBeforeTax"/>
    <link:definitionArc xlink:type="arc" xlink:arcrole="http://xbrl.org/int/dim/arcrole/domain-member" xlink:from="CashFlowHedgesAbstract" xlink:to="AmountsRemovedFromEquityAndIncludedInCarryingAmountOfNonfinancialAssetLiabilityWhoseAcquisitionOrIncurrenceWasHedgedHighlyProbableForecastTransactionBeforeTax" order="3.0"/>
    <link:loc xlink:type="locator" xlink:href="../../../../full_ifrs-cor_2014-03-05.xsd#ifrs-full_OtherComprehensiveIncomeBeforeTaxCashFlowHedges" xlink:label="OtherComprehensiveIncomeBeforeTaxCashFlowHedges"/>
    <link:definitionArc xlink:type="arc" xlink:arcrole="http://xbrl.org/int/dim/arcrole/domain-member" xlink:from="CashFlowHedgesAbstract" xlink:to="OtherComprehensiveIncomeBeforeTaxCashFlowHedges" use="optional" order="10.0"/>
    <link:loc xlink:type="locator" xlink:href="../../ifrs-dk-cor_2014-12-20.xsd#ifrs-dk_TransferToNetSalesBeforeTax" xlink:label="TransferToNetSalesBeforeTax" xlink:title="TransferToNetSalesBeforeTax"/>
    <link:definitionArc xlink:type="arc" xlink:arcrole="http://xbrl.org/int/dim/arcrole/domain-member" xlink:from="CashFlowHedgesAbstract" xlink:to="TransferToNetSalesBeforeTax" xlink:title="definition: CashFlowHedgesAbstract to TransferToNetSalesBeforeTax" order="5.0"/>
    <link:loc xlink:type="locator" xlink:href="../../ifrs-dk-cor_2014-12-20.xsd#ifrs-dk_TransferToProductionCostBeforeTax" xlink:label="TransferToProductionCostBeforeTax" xlink:title="TransferToProductionCostBeforeTax"/>
    <link:definitionArc xlink:type="arc" xlink:arcrole="http://xbrl.org/int/dim/arcrole/domain-member" xlink:from="CashFlowHedgesAbstract" xlink:to="TransferToProductionCostBeforeTax" xlink:title="definition: CashFlowHedgesAbstract to TransferToProductionCostBeforeTax" order="6.0"/>
    <link:loc xlink:type="locator" xlink:href="../../ifrs-dk-cor_2014-12-20.xsd#ifrs-dk_TransferToCostOfSalesBeforeTax" xlink:label="TransferToCostOfSalesBeforeTax" xlink:title="TransferToCostOfSalesBeforeTax"/>
    <link:definitionArc xlink:type="arc" xlink:arcrole="http://xbrl.org/int/dim/arcrole/domain-member" xlink:from="CashFlowHedgesAbstract" xlink:to="TransferToCostOfSalesBeforeTax" xlink:title="definition: CashFlowHedgesAbstract to TransferToCostOfSalesBeforeTax" order="7.0"/>
    <link:loc xlink:type="locator" xlink:href="../../ifrs-dk-cor_2014-12-20.xsd#ifrs-dk_TransferToFinanceCostBeforeTax" xlink:label="TransferToFinanceCostBeforeTax" xlink:title="TransferToFinanceCostBeforeTax"/>
    <link:definitionArc xlink:type="arc" xlink:arcrole="http://xbrl.org/int/dim/arcrole/domain-member" xlink:from="CashFlowHedgesAbstract" xlink:to="TransferToFinanceCostBeforeTax" xlink:title="definition: CashFlowHedgesAbstract to TransferToFinanceCostBeforeTax" order="8.0"/>
    <link:loc xlink:type="locator" xlink:href="../../ifrs-dk-cor_2014-12-20.xsd#ifrs-dk_HedgesValueAdjustmentsBeforeTax" xlink:label="HedgesValueAdjustmentsBeforeTax" xlink:title="HedgesValueAdjustmentsBeforeTax"/>
    <link:definitionArc xlink:type="arc" xlink:arcrole="http://xbrl.org/int/dim/arcrole/domain-member" xlink:from="CashFlowHedgesAbstract" xlink:to="HedgesValueAdjustmentsBeforeTax" xlink:title="definition: CashFlowHedgesAbstract to HedgesValueAdjustmentsBeforeTax" order="9.0"/>
    <link:loc xlink:type="locator" xlink:href="../../../../full_ifrs-cor_2014-03-05.xsd#ifrs-full_HedgesOfNetInvestmentsInForeignOperationsAbstract" xlink:label="HedgesOfNetInvestmentsInForeignOperationsAbstract"/>
    <link:loc xlink:type="locator" xlink:href="../../../../full_ifrs-cor_2014-03-05.xsd#ifrs-full_GainsLossesOnHedgesOfNetInvestmentsInForeignOperationsBeforeTax" xlink:label="GainsLossesOnHedgesOfNetInvestmentsInForeignOperationsBeforeTax"/>
    <link:definitionArc xlink:type="arc" xlink:arcrole="http://xbrl.org/int/dim/arcrole/domain-member" xlink:from="HedgesOfNetInvestmentsInForeignOperationsAbstract" xlink:to="GainsLossesOnHedgesOfNetInvestmentsInForeignOperationsBeforeTax" order="1.0"/>
    <link:loc xlink:type="locator" xlink:href="../../../../full_ifrs-cor_2014-03-05.xsd#ifrs-full_ReclassificationAdjustmentsOnHedgesOfNetInvestmentsInForeignOperationsBeforeTax" xlink:label="ReclassificationAdjustmentsOnHedgesOfNetInvestmentsInForeignOperationsBeforeTax"/>
    <link:definitionArc xlink:type="arc" xlink:arcrole="http://xbrl.org/int/dim/arcrole/domain-member" xlink:from="HedgesOfNetInvestmentsInForeignOperationsAbstract" xlink:to="ReclassificationAdjustmentsOnHedgesOfNetInvestmentsInForeignOperationsBeforeTax" order="2.0"/>
    <link:loc xlink:type="locator" xlink:href="../../../../full_ifrs-cor_2014-03-05.xsd#ifrs-full_OtherComprehensiveIncomeBeforeTaxHedgesOfNetInvestmentsInForeignOperations" xlink:label="OtherComprehensiveIncomeBeforeTaxHedgesOfNetInvestmentsInForeignOperations"/>
    <link:definitionArc xlink:type="arc" xlink:arcrole="http://xbrl.org/int/dim/arcrole/domain-member" xlink:from="HedgesOfNetInvestmentsInForeignOperationsAbstract" xlink:to="OtherComprehensiveIncomeBeforeTaxHedgesOfNetInvestmentsInForeignOperations" order="3.0"/>
    <link:loc xlink:type="locator" xlink:href="../../../../full_ifrs-cor_2014-03-05.xsd#ifrs-full_ComprehensiveIncome" xlink:label="ComprehensiveIncome"/>
    <link:definitionArc xlink:type="arc" xlink:arcrole="http://xbrl.org/int/dim/arcrole/domain-member" xlink:from="StatementOfComprehensiveIncomeAbstract" xlink:to="ComprehensiveIncome" order="10.0"/>
    <link:loc xlink:type="locator" xlink:href="../../../../full_ifrs-cor_2014-03-05.xsd#ifrs-full_ComprehensiveIncomeAttributableToAbstract" xlink:label="ComprehensiveIncomeAttributableToAbstract"/>
    <link:definitionArc xlink:type="arc" xlink:arcrole="http://xbrl.org/int/dim/arcrole/domain-member" xlink:from="StatementOfComprehensiveIncomeAbstract" xlink:to="ComprehensiveIncomeAttributableToAbstract" order="11.0"/>
    <link:loc xlink:type="locator" xlink:href="../../../../full_ifrs-cor_2014-03-05.xsd#ifrs-full_ComprehensiveIncomeAttributableToOwnersOfParent" xlink:label="ComprehensiveIncomeAttributableToOwnersOfParent"/>
    <link:definitionArc xlink:type="arc" xlink:arcrole="http://xbrl.org/int/dim/arcrole/domain-member" xlink:from="ComprehensiveIncomeAttributableToAbstract" xlink:to="ComprehensiveIncomeAttributableToOwnersOfParent" order="1.0"/>
    <link:loc xlink:type="locator" xlink:href="../../../../full_ifrs-cor_2014-03-05.xsd#ifrs-full_ComprehensiveIncomeAttributableToNoncontrollingInterests" xlink:label="ComprehensiveIncomeAttributableToNoncontrollingInterests"/>
    <link:definitionArc xlink:type="arc" xlink:arcrole="http://xbrl.org/int/dim/arcrole/domain-member" xlink:from="ComprehensiveIncomeAttributableToAbstract" xlink:to="ComprehensiveIncomeAttributableToNoncontrollingInterests" order="2.0"/>
    <link:loc xlink:type="locator" xlink:href="../../ifrs-dk-cor_2014-12-20.xsd#ifrs-dk_ComprehensiveIncomeAttributableToMembersOfAssociation" xlink:label="ComprehensiveIncomeAttributableToMembersOfAssociation"/>
    <link:definitionArc xlink:type="arc" xlink:arcrole="http://xbrl.org/int/dim/arcrole/domain-member" xlink:from="ComprehensiveIncomeAttributableToAbstract" xlink:to="ComprehensiveIncomeAttributableToMembersOfAssociation" order="3.0"/>
    <link:definitionArc xlink:type="arc" xlink:arcrole="http://xbrl.org/int/dim/arcrole/all" xlink:from="StatementOfComprehensiveIncomeAbstract" xlink:to="CommonTable" xlink:title="definition: StatementOfComprehensiveIncomeAbstract to CommonTable" order="12.0" xbrldt:contextElement="scenario"/>
    <link:loc xlink:type="locator" xlink:href="../../ifrs-dk-cor_2014-12-20.xsd#ifrs-dk_ComponentsOfOtherComprehensiveIncomeBeforeTaxAbstract" xlink:label="ComponentsOfOtherComprehensiveIncomeBeforeTaxAbstract"/>
    <link:definitionArc xlink:type="arc" xlink:arcrole="http://xbrl.org/int/dim/arcrole/domain-member" xlink:from="StatementOfComprehensiveIncomeAbstract" xlink:to="ComponentsOfOtherComprehensiveIncomeBeforeTaxAbstract" order="2.0"/>
    <link:loc xlink:type="locator" xlink:href="../../ifrs-dk-cor_2014-12-20.xsd#ifrs-dk_OtherComprehensiveIncomeOtherIncome" xlink:label="OtherComprehensiveIncomeOtherIncome"/>
    <link:definitionArc xlink:type="arc" xlink:arcrole="http://xbrl.org/int/dim/arcrole/domain-member" xlink:from="ComponentsOfOtherComprehensiveIncomeBeforeTaxAbstract" xlink:to="OtherComprehensiveIncomeOtherIncome" use="optional" order="1.0"/>
    <link:loc xlink:type="locator" xlink:href="../../ifrs-dk-cor_2014-12-20.xsd#ifrs-dk_OtherComprehensiveIncomeOtherCost" xlink:label="OtherComprehensiveIncomeOtherCost"/>
    <link:definitionArc xlink:type="arc" xlink:arcrole="http://xbrl.org/int/dim/arcrole/domain-member" xlink:from="ComponentsOfOtherComprehensiveIncomeBeforeTaxAbstract" xlink:to="OtherComprehensiveIncomeOtherCost" use="optional" order="2.0"/>
    <link:loc xlink:type="locator" xlink:href="../../ifrs-dk-cor_2014-12-20.xsd#ifrs-dk_InflationGainsLosses" xlink:label="InflationGainsLosses"/>
    <link:definitionArc xlink:type="arc" xlink:arcrole="http://xbrl.org/int/dim/arcrole/domain-member" xlink:from="ComponentsOfOtherComprehensiveIncomeBeforeTaxAbstract" xlink:to="InflationGainsLosses" use="optional" order="3.0"/>
    <link:definitionArc xlink:type="arc" xlink:arcrole="http://xbrl.org/int/dim/arcrole/domain-member" xlink:from="ComponentsOfOtherComprehensiveIncomeBeforeTaxAbstract" xlink:to="ExchangeDifferencesOnTranslationAbstract" order="4.0"/>
    <link:definitionArc xlink:type="arc" xlink:arcrole="http://xbrl.org/int/dim/arcrole/domain-member" xlink:from="ComponentsOfOtherComprehensiveIncomeBeforeTaxAbstract" xlink:to="AvailableforsaleFinancialAssetsAbstract" order="5.0"/>
    <link:definitionArc xlink:type="arc" xlink:arcrole="http://xbrl.org/int/dim/arcrole/domain-member" xlink:from="ComponentsOfOtherComprehensiveIncomeBeforeTaxAbstract" xlink:to="CashFlowHedgesAbstract" order="6.0"/>
    <link:definitionArc xlink:type="arc" xlink:arcrole="http://xbrl.org/int/dim/arcrole/domain-member" xlink:from="ComponentsOfOtherComprehensiveIncomeBeforeTaxAbstract" xlink:to="HedgesOfNetInvestmentsInForeignOperationsAbstract" order="7.0"/>
    <link:loc xlink:type="locator" xlink:href="../../ifrs-dk-cor_2014-12-20.xsd#ifrs-dk_AdjustmentsToValuationGainsLosses" xlink:label="AdjustmentsToValuationGainsLosses"/>
    <link:definitionArc xlink:type="arc" xlink:arcrole="http://xbrl.org/int/dim/arcrole/domain-member" xlink:from="ComponentsOfOtherComprehensiveIncomeBeforeTaxAbstract" xlink:to="AdjustmentsToValuationGainsLosses" use="optional" order="8.0"/>
    <link:loc xlink:type="locator" xlink:href="../../../../full_ifrs-cor_2014-03-05.xsd#ifrs-full_OtherComprehensiveIncomeBeforeTaxGainsLossesFromInvestmentsInEquityInstruments" xlink:label="OtherComprehensiveIncomeBeforeTaxGainsLossesFromInvestmentsInEquityInstruments"/>
    <link:definitionArc xlink:type="arc" xlink:arcrole="http://xbrl.org/int/dim/arcrole/domain-member" xlink:from="ComponentsOfOtherComprehensiveIncomeBeforeTaxAbstract" xlink:to="OtherComprehensiveIncomeBeforeTaxGainsLossesFromInvestmentsInEquityInstruments" order="9.0"/>
    <link:loc xlink:type="locator" xlink:href="../../../../full_ifrs-cor_2014-03-05.xsd#ifrs-full_OtherComprehensiveIncomeBeforeTaxGainsLossesOnRevaluation" xlink:label="OtherComprehensiveIncomeBeforeTaxGainsLossesOnRevaluation"/>
    <link:definitionArc xlink:type="arc" xlink:arcrole="http://xbrl.org/int/dim/arcrole/domain-member" xlink:from="ComponentsOfOtherComprehensiveIncomeBeforeTaxAbstract" xlink:to="OtherComprehensiveIncomeBeforeTaxGainsLossesOnRevaluation" order="10.0"/>
    <link:loc xlink:type="locator" xlink:href="../../ifrs-dk-cor_2014-12-20.xsd#ifrs-dk_OtherComprehensiveIncomeBeforeTaxActuarialGainsLossesOnDefinedBenefitPlans" xlink:label="OtherComprehensiveIncomeBeforeTaxActuarialGainsLossesOnDefinedBenefitPlans"/>
    <link:definitionArc xlink:type="arc" xlink:arcrole="http://xbrl.org/int/dim/arcrole/domain-member" xlink:from="ComponentsOfOtherComprehensiveIncomeBeforeTaxAbstract" xlink:to="OtherComprehensiveIncomeBeforeTaxActuarialGainsLossesOnDefinedBenefitPlans" order="11.0"/>
    <link:loc xlink:type="locator" xlink:href="../../../../full_ifrs-cor_2014-03-05.xsd#ifrs-full_OtherComprehensiveIncomeBeforeTaxChangeInFairValueOfFinancialLiabilityAttributableToChangeInCreditRiskOfLiability" xlink:label="OtherComprehensiveIncomeBeforeTaxChangeInFairValueOfFinancialLiabilityAttributableToChangeInCreditRiskOfLiability"/>
    <link:definitionArc xlink:type="arc" xlink:arcrole="http://xbrl.org/int/dim/arcrole/domain-member" xlink:from="ComponentsOfOtherComprehensiveIncomeBeforeTaxAbstract" xlink:to="OtherComprehensiveIncomeBeforeTaxChangeInFairValueOfFinancialLiabilityAttributableToChangeInCreditRiskOfLiability" order="12.0"/>
    <link:loc xlink:type="locator" xlink:href="../../../../full_ifrs-cor_2014-03-05.xsd#ifrs-full_ShareOfOtherComprehensiveIncomeOfAssociatesAndJointVenturesAccountedForUsingEquityMethodBeforeTax" xlink:label="ShareOfOtherComprehensiveIncomeOfAssociatesAndJointVenturesAccountedForUsingEquityMethodBeforeTax"/>
    <link:definitionArc xlink:type="arc" xlink:arcrole="http://xbrl.org/int/dim/arcrole/domain-member" xlink:from="StatementOfComprehensiveIncomeAbstract" xlink:to="ShareOfOtherComprehensiveIncomeOfAssociatesAndJointVenturesAccountedForUsingEquityMethodBeforeTax" order="3.0"/>
    <link:loc xlink:type="locator" xlink:href="../../../../full_ifrs-cor_2014-03-05.xsd#ifrs-full_OtherComprehensiveIncomeBeforeTax" xlink:label="OtherComprehensiveIncomeBeforeTax"/>
    <link:definitionArc xlink:type="arc" xlink:arcrole="http://xbrl.org/int/dim/arcrole/domain-member" xlink:from="StatementOfComprehensiveIncomeAbstract" xlink:to="OtherComprehensiveIncomeBeforeTax" order="4.0"/>
    <link:loc xlink:type="locator" xlink:href="../../../../full_ifrs-cor_2014-03-05.xsd#ifrs-full_IncomeTaxRelatingToComponentsOfOtherComprehensiveIncomeAbstract" xlink:label="IncomeTaxRelatingToComponentsOfOtherComprehensiveIncomeAbstract"/>
    <link:definitionArc xlink:type="arc" xlink:arcrole="http://xbrl.org/int/dim/arcrole/domain-member" xlink:from="StatementOfComprehensiveIncomeAbstract" xlink:to="IncomeTaxRelatingToComponentsOfOtherComprehensiveIncomeAbstract" order="5.0"/>
    <link:loc xlink:type="locator" xlink:href="../../../../full_ifrs-cor_2014-03-05.xsd#ifrs-full_IncomeTaxRelatingToExchangeDifferencesOnTranslationOfOtherComprehensiveIncome" xlink:label="IncomeTaxRelatingToExchangeDifferencesOnTranslationOfOtherComprehensiveIncome"/>
    <link:definitionArc xlink:type="arc" xlink:arcrole="http://xbrl.org/int/dim/arcrole/domain-member" xlink:from="IncomeTaxRelatingToComponentsOfOtherComprehensiveIncomeAbstract" xlink:to="IncomeTaxRelatingToExchangeDifferencesOnTranslationOfOtherComprehensiveIncome" order="1.0"/>
    <link:loc xlink:type="locator" xlink:href="../../../../full_ifrs-cor_2014-03-05.xsd#ifrs-full_IncomeTaxRelatingToInvestmentsInEquityInstrumentsOfOtherComprehensiveIncome" xlink:label="IncomeTaxRelatingToInvestmentsInEquityInstrumentsOfOtherComprehensiveIncome"/>
    <link:definitionArc xlink:type="arc" xlink:arcrole="http://xbrl.org/int/dim/arcrole/domain-member" xlink:from="IncomeTaxRelatingToComponentsOfOtherComprehensiveIncomeAbstract" xlink:to="IncomeTaxRelatingToInvestmentsInEquityInstrumentsOfOtherComprehensiveIncome" order="2.0"/>
    <link:loc xlink:type="locator" xlink:href="../../../../full_ifrs-cor_2014-03-05.xsd#ifrs-full_IncomeTaxRelatingToAvailableforsaleFinancialAssetsOfOtherComprehensiveIncome" xlink:label="IncomeTaxRelatingToAvailableforsaleFinancialAssetsOfOtherComprehensiveIncome"/>
    <link:definitionArc xlink:type="arc" xlink:arcrole="http://xbrl.org/int/dim/arcrole/domain-member" xlink:from="IncomeTaxRelatingToComponentsOfOtherComprehensiveIncomeAbstract" xlink:to="IncomeTaxRelatingToAvailableforsaleFinancialAssetsOfOtherComprehensiveIncome" order="3.0"/>
    <link:loc xlink:type="locator" xlink:href="../../../../full_ifrs-cor_2014-03-05.xsd#ifrs-full_IncomeTaxRelatingToCashFlowHedgesOfOtherComprehensiveIncome" xlink:label="IncomeTaxRelatingToCashFlowHedgesOfOtherComprehensiveIncome"/>
    <link:definitionArc xlink:type="arc" xlink:arcrole="http://xbrl.org/int/dim/arcrole/domain-member" xlink:from="IncomeTaxRelatingToComponentsOfOtherComprehensiveIncomeAbstract" xlink:to="IncomeTaxRelatingToCashFlowHedgesOfOtherComprehensiveIncome" order="4.0"/>
    <link:loc xlink:type="locator" xlink:href="../../../../full_ifrs-cor_2014-03-05.xsd#ifrs-full_IncomeTaxRelatingToHedgesOfNetInvestmentsInForeignOperationsOfOtherComprehensiveIncome" xlink:label="IncomeTaxRelatingToHedgesOfNetInvestmentsInForeignOperationsOfOtherComprehensiveIncome"/>
    <link:definitionArc xlink:type="arc" xlink:arcrole="http://xbrl.org/int/dim/arcrole/domain-member" xlink:from="IncomeTaxRelatingToComponentsOfOtherComprehensiveIncomeAbstract" xlink:to="IncomeTaxRelatingToHedgesOfNetInvestmentsInForeignOperationsOfOtherComprehensiveIncome" order="5.0"/>
    <link:loc xlink:type="locator" xlink:href="../../../../full_ifrs-cor_2014-03-05.xsd#ifrs-full_IncomeTaxRelatingToChangesInRevaluationSurplusOfOtherComprehensiveIncome" xlink:label="IncomeTaxRelatingToChangesInRevaluationSurplusOfOtherComprehensiveIncome"/>
    <link:definitionArc xlink:type="arc" xlink:arcrole="http://xbrl.org/int/dim/arcrole/domain-member" xlink:from="IncomeTaxRelatingToComponentsOfOtherComprehensiveIncomeAbstract" xlink:to="IncomeTaxRelatingToChangesInRevaluationSurplusOfOtherComprehensiveIncome" order="6.0"/>
    <link:loc xlink:type="locator" xlink:href="../../ifrs-dk-cor_2014-12-20.xsd#ifrs-dk_IncomeTaxRelatingToDefinedBenefitPlansOfOtherComprehensiveIncome" xlink:label="IncomeTaxRelatingToDefinedBenefitPlansOfOtherComprehensiveIncome"/>
    <link:definitionArc xlink:type="arc" xlink:arcrole="http://xbrl.org/int/dim/arcrole/domain-member" xlink:from="IncomeTaxRelatingToComponentsOfOtherComprehensiveIncomeAbstract" xlink:to="IncomeTaxRelatingToDefinedBenefitPlansOfOtherComprehensiveIncome" order="7.0"/>
    <link:loc xlink:type="locator" xlink:href="../../../../full_ifrs-cor_2014-03-05.xsd#ifrs-full_IncomeTaxRelatingToChangesInFairValueOfFinancialLiabilityAttributableToChangeInCreditRiskOfLiabilityOfOtherComprehensiveIncome" xlink:label="IncomeTaxRelatingToChangesInFairValueOfFinancialLiabilityAttributableToChangeInCreditRiskOfLiabilityOfOtherComprehensiveIncome"/>
    <link:definitionArc xlink:type="arc" xlink:arcrole="http://xbrl.org/int/dim/arcrole/domain-member" xlink:from="IncomeTaxRelatingToComponentsOfOtherComprehensiveIncomeAbstract" xlink:to="IncomeTaxRelatingToChangesInFairValueOfFinancialLiabilityAttributableToChangeInCreditRiskOfLiabilityOfOtherComprehensiveIncome" order="9.0"/>
    <link:loc xlink:type="locator" xlink:href="../../../../full_ifrs-cor_2014-03-05.xsd#ifrs-full_IncomeTaxRelatingToComponentsOfOtherComprehensiveIncome" xlink:label="IncomeTaxRelatingToComponentsOfOtherComprehensiveIncome"/>
    <link:definitionArc xlink:type="arc" xlink:arcrole="http://xbrl.org/int/dim/arcrole/domain-member" xlink:from="IncomeTaxRelatingToComponentsOfOtherComprehensiveIncomeAbstract" xlink:to="IncomeTaxRelatingToComponentsOfOtherComprehensiveIncome" order="10.0"/>
    <link:loc xlink:type="locator" xlink:href="../../ifrs-dk-cor_2014-12-20.xsd#ifrs-dk_IncomeTaxRelatingToLimitInIAS19Paragraph58BOfOtherComprehensiveIncome" xlink:label="IncomeTaxRelatingToLimitInIAS19Paragraph58BOfOtherComprehensiveIncome" xlink:title="IncomeTaxRelatingToLimitInIAS19Paragraph58BOfOtherComprehensiveIncome"/>
    <link:definitionArc xlink:type="arc" xlink:arcrole="http://xbrl.org/int/dim/arcrole/domain-member" xlink:from="IncomeTaxRelatingToComponentsOfOtherComprehensiveIncomeAbstract" xlink:to="IncomeTaxRelatingToLimitInIAS19Paragraph58BOfOtherComprehensiveIncome" xlink:title="definition: IncomeTaxRelatingToComponentsOfOtherComprehensiveIncomeAbstract to IncomeTaxRelatingToLimitInIAS19Paragraph58BOfOtherComprehensiveIncome" order="8.0"/>
    <link:loc xlink:type="locator" xlink:href="../../../../full_ifrs-cor_2014-03-05.xsd#ifrs-full_IncomeTaxRelatingToShareOfOtherComprehensiveIncomeOfAssociatesAndJointVenturesAccountedForUsingEquityMethod" xlink:label="IncomeTaxRelatingToShareOfOtherComprehensiveIncomeOfAssociatesAndJointVenturesAccountedForUsingEquityMethod"/>
    <link:definitionArc xlink:type="arc" xlink:arcrole="http://xbrl.org/int/dim/arcrole/domain-member" xlink:from="StatementOfComprehensiveIncomeAbstract" xlink:to="IncomeTaxRelatingToShareOfOtherComprehensiveIncomeOfAssociatesAndJointVenturesAccountedForUsingEquityMethod" order="6.0"/>
    <link:loc xlink:type="locator" xlink:href="../../../../full_ifrs-cor_2014-03-05.xsd#ifrs-full_OtherComprehensiveIncome" xlink:label="OtherComprehensiveIncome"/>
    <link:definitionArc xlink:type="arc" xlink:arcrole="http://xbrl.org/int/dim/arcrole/domain-member" xlink:from="StatementOfComprehensiveIncomeAbstract" xlink:to="OtherComprehensiveIncome" order="7.0"/>
    <link:loc xlink:type="locator" xlink:href="../../ifrs-dk-cor_2014-12-20.xsd#ifrs-dk_ReversalOfIncomeTax" xlink:label="ReversalOfIncomeTax"/>
    <link:definitionArc xlink:type="arc" xlink:arcrole="http://xbrl.org/int/dim/arcrole/domain-member" xlink:from="StatementOfComprehensiveIncomeAbstract" xlink:to="ReversalOfIncomeTax" order="8.0"/>
    <link:loc xlink:type="locator" xlink:href="../../ifrs-dk-cor_2014-12-20.xsd#ifrs-dk_PensionObligations" xlink:label="PensionObligations"/>
    <link:definitionArc xlink:type="arc" xlink:arcrole="http://xbrl.org/int/dim/arcrole/domain-member" xlink:from="StatementOfComprehensiveIncomeAbstract" xlink:to="PensionObligations" use="optional" order="9.0"/>
  </link:definitionLink>
</link:linkbase>
