<?xml version="1.0" encoding="UTF-8"?>
<!-- Generated by Fujitsu Interstage XWand B0166 -->
<?officialURI http://archprod.service.eogs.dk/taxonomy/20130401/fsa/fsa-label.xml?>

<?taxonomy-version 1.5.0?>

<link:linkbase xmlns:xsi="http://www.w3.org/2001/XMLSchema-instance" xsi:schemaLocation="http://www.xbrl.org/2003/linkbase http://www.xbrl.org/2003/xbrl-linkbase-2003-12-31.xsd" xmlns:link="http://www.xbrl.org/2003/linkbase" xmlns:xlink="http://www.w3.org/1999/xlink" xmlns:xbrli="http://www.xbrl.org/2003/instance">
  <link:labelLink xlink:type="extended" xlink:role="http://www.xbrl.org/2003/role/link">
    <link:loc xlink:type="locator" xlink:href="fsa.xsd#fsa_DistributedDividendsFromAssociates" xlink:label="copyOfDistributedDividendsFromGroupEnterprises" xlink:title="copyOfDistributedDividendsFromGroupEnterprises"/>
    <link:label xlink:type="resource" xlink:label="label_copyOfDistributedDividendsFromGroupEnterprises" xlink:role="http://www.xbrl.org/2003/role/label" xlink:title="label_copyOfDistributedDividendsFromGroupEnterprises" xml:lang="da" id="label_copyOfDistributedDividendsFromGroupEnterprises">Udloddet udbytte fra associerede virksomheder</link:label>
    <link:labelArc xlink:type="arc" xlink:arcrole="http://www.xbrl.org/2003/arcrole/concept-label" xlink:from="copyOfDistributedDividendsFromGroupEnterprises" xlink:to="label_copyOfDistributedDividendsFromGroupEnterprises" xlink:title="label: copyOfDistributedDividendsFromGroupEnterprises to label_copyOfDistributedDividendsFromGroupEnterprises"/>
    <link:label xlink:type="resource" xlink:label="label_copyOfDistributedDividendsFromGroupEnterprises_2" xlink:role="http://www.xbrl.org/2003/role/label" xlink:title="label_copyOfDistributedDividendsFromGroupEnterprises" xml:lang="en" id="label_copyOfDistributedDividendsFromGroupEnterprises_2">Distributed dividends from associates</link:label>
    <link:labelArc xlink:type="arc" xlink:arcrole="http://www.xbrl.org/2003/arcrole/concept-label" xlink:from="copyOfDistributedDividendsFromGroupEnterprises" xlink:to="label_copyOfDistributedDividendsFromGroupEnterprises_2" xlink:title="label: copyOfDistributedDividendsFromGroupEnterprises to label_copyOfDistributedDividendsFromGroupEnterprises"/>
    <link:loc xlink:type="locator" xlink:href="fsa.xsd#fsa_ProvisionForDistributionsMember" xlink:label="copyOfDistributionsMember" xlink:title="copyOfDistributionsMember"/>
    <link:label xlink:type="resource" xlink:label="label_copyOfDistributionsMember" xlink:role="http://www.xbrl.org/2003/role/label" xlink:title="label_copyOfDistributionsMember" xml:lang="da" id="label_copyOfDistributionsMember">Hensat til uddelinger</link:label>
    <link:labelArc xlink:type="arc" xlink:arcrole="http://www.xbrl.org/2003/arcrole/concept-label" xlink:from="copyOfDistributionsMember" xlink:to="label_copyOfDistributionsMember" xlink:title="label: copyOfDistributionsMember to label_copyOfDistributionsMember"/>
    <link:label xlink:type="resource" xlink:label="label_copyOfDistributionsMember_2" xlink:role="http://www.xbrl.org/2003/role/label" xlink:title="label_copyOfDistributionsMember" xml:lang="en" id="label_copyOfDistributionsMember_2">Provision for distributions</link:label>
    <link:labelArc xlink:type="arc" xlink:arcrole="http://www.xbrl.org/2003/arcrole/concept-label" xlink:from="copyOfDistributionsMember" xlink:to="label_copyOfDistributionsMember_2" xlink:title="label: copyOfDistributionsMember to label_copyOfDistributionsMember"/>
    <link:loc xlink:type="locator" xlink:href="fsa.xsd#fsa_ProfitLossFromOrdinaryPrimaryOperatingActivities" xlink:label="copyOfProfitLossFromOrdinaryOperatingActivities" xlink:title="copyOfProfitLossFromOrdinaryOperatingActivities"/>
    <link:label xlink:type="resource" xlink:label="label_copyOfProfitLossFromOrdinaryOperatingActivities" xlink:role="http://www.xbrl.org/2003/role/label" xlink:title="label_copyOfProfitLossFromOrdinaryOperatingActivities" xml:lang="da" id="label_copyOfProfitLossFromOrdinaryOperatingActivities">Resultat af ordinær primær drift</link:label>
    <link:labelArc xlink:type="arc" xlink:arcrole="http://www.xbrl.org/2003/arcrole/concept-label" xlink:from="copyOfProfitLossFromOrdinaryOperatingActivities" xlink:to="label_copyOfProfitLossFromOrdinaryOperatingActivities" xlink:title="label: copyOfProfitLossFromOrdinaryOperatingActivities to label_copyOfProfitLossFromOrdinaryOperatingActivities"/>
    <link:label xlink:type="resource" xlink:label="label_copyOfProfitLossFromOrdinaryOperatingActivities_2" xlink:role="http://www.xbrl.org/2003/role/label" xlink:title="label_copyOfProfitLossFromOrdinaryOperatingActivities" xml:lang="en" id="label_copyOfProfitLossFromOrdinaryOperatingActivities_2">Profit (loss) from ordinary primary operating activities</link:label>
    <link:labelArc xlink:type="arc" xlink:arcrole="http://www.xbrl.org/2003/arcrole/concept-label" xlink:from="copyOfProfitLossFromOrdinaryOperatingActivities" xlink:to="label_copyOfProfitLossFromOrdinaryOperatingActivities_2" xlink:title="label: copyOfProfitLossFromOrdinaryOperatingActivities to label_copyOfProfitLossFromOrdinaryOperatingActivities"/>
    <link:loc xlink:type="locator" xlink:href="fsa.xsd#fsa_DescriptionOfMethodsOfRecognitionAndMeasurementBasisOfGainsLossesFromCurrentValueAdjustmentsOfBiologicalAssets" xlink:label="copyOfDescriptionOfMethodsOfRecognitionAndMeasurementBasisOfGainsLossesFromCurrentValueAdjustmentsOfOtherInvestmentAssets" xlink:title="copyOfDescriptionOfMethodsOfRecognitionAndMeasurementBasisOfGainsLossesFromCurrentValueAdjustmentsOfOtherInvestmentAssets"/>
    <link:label xlink:type="resource" xlink:label="label_copyOfDescriptionOfMethodsOfRecognitionAndMeasurementBasisOfGainsLossesFromCurrentValueAdjustmentsOfOtherInvestmentAssets" xlink:role="http://www.xbrl.org/2003/role/label" xlink:title="label_copyOfDescriptionOfMethodsOfRecognitionAndMeasurementBasisOfGainsLossesFromCurrentValueAdjustmentsOfOtherInvestmentAssets" xml:lang="da" id="label_copyOfDescriptionOfMethodsOfRecognitionAndMeasurementBasisOfGainsLossesFromCurrentValueAdjustmentsOfOtherInvestmentAssets">Anvendt regnskabspraksis for dagsværdiregulering af biologiske aktiver</link:label>
    <link:labelArc xlink:type="arc" xlink:arcrole="http://www.xbrl.org/2003/arcrole/concept-label" xlink:from="copyOfDescriptionOfMethodsOfRecognitionAndMeasurementBasisOfGainsLossesFromCurrentValueAdjustmentsOfOtherInvestmentAssets" xlink:to="label_copyOfDescriptionOfMethodsOfRecognitionAndMeasurementBasisOfGainsLossesFromCurrentValueAdjustmentsOfOtherInvestmentAssets" xlink:title="label: copyOfDescriptionOfMethodsOfRecognitionAndMeasurementBasisOfGainsLossesFromCurrentValueAdjustmentsOfOtherInvestmentAssets to label_copyOfDescriptionOfMethodsOfRecognitionAndMeasurementBasisOfGainsLossesFromCurrentValueAdjustmentsOfOtherInvestmentAssets"/>
    <link:label xlink:type="resource" xlink:label="label_copyOfDescriptionOfMethodsOfRecognitionAndMeasurementBasisOfGainsLossesFromCurrentValueAdjustmentsOfOtherInvestmentAssets_2" xlink:role="http://www.xbrl.org/2003/role/label" xlink:title="label_copyOfDescriptionOfMethodsOfRecognitionAndMeasurementBasisOfGainsLossesFromCurrentValueAdjustmentsOfOtherInvestmentAssets" xml:lang="en" id="label_copyOfDescriptionOfMethodsOfRecognitionAndMeasurementBasisOfGainsLossesFromCurrentValueAdjustmentsOfOtherInvestmentAssets_2">Description of methods of recognition and measurement basis of gains (losses) from current value adjustments of biological assets</link:label>
    <link:labelArc xlink:type="arc" xlink:arcrole="http://www.xbrl.org/2003/arcrole/concept-label" xlink:from="copyOfDescriptionOfMethodsOfRecognitionAndMeasurementBasisOfGainsLossesFromCurrentValueAdjustmentsOfOtherInvestmentAssets" xlink:to="label_copyOfDescriptionOfMethodsOfRecognitionAndMeasurementBasisOfGainsLossesFromCurrentValueAdjustmentsOfOtherInvestmentAssets_2" xlink:title="label: copyOfDescriptionOfMethodsOfRecognitionAndMeasurementBasisOfGainsLossesFromCurrentValueAdjustmentsOfOtherInvestmentAssets to label_copyOfDescriptionOfMethodsOfRecognitionAndMeasurementBasisOfGainsLossesFromCurrentValueAdjustmentsOfOtherInvestmentAssets"/>
    <link:loc xlink:type="locator" xlink:href="fsa.xsd#fsa_DisclosureOfGainsLossesFromCurrentValueAdjustmentsOfBiologicalAssets" xlink:label="copyOfDisclosureOfGainsLossesFromCurrentValueAdjustmentsOfOtherInvestmentAssets" xlink:title="copyOfDisclosureOfGainsLossesFromCurrentValueAdjustmentsOfOtherInvestmentAssets"/>
    <link:label xlink:type="resource" xlink:label="label_copyOfDisclosureOfGainsLossesFromCurrentValueAdjustmentsOfOtherInvestmentAssets" xlink:role="http://www.xbrl.org/2003/role/label" xlink:title="label_copyOfDisclosureOfGainsLossesFromCurrentValueAdjustmentsOfOtherInvestmentAssets" xml:lang="da" id="label_copyOfDisclosureOfGainsLossesFromCurrentValueAdjustmentsOfOtherInvestmentAssets">Oplysning om dagsværdiregulering af biologiske aktiver</link:label>
    <link:labelArc xlink:type="arc" xlink:arcrole="http://www.xbrl.org/2003/arcrole/concept-label" xlink:from="copyOfDisclosureOfGainsLossesFromCurrentValueAdjustmentsOfOtherInvestmentAssets" xlink:to="label_copyOfDisclosureOfGainsLossesFromCurrentValueAdjustmentsOfOtherInvestmentAssets" xlink:title="label: copyOfDisclosureOfGainsLossesFromCurrentValueAdjustmentsOfOtherInvestmentAssets to label_copyOfDisclosureOfGainsLossesFromCurrentValueAdjustmentsOfOtherInvestmentAssets"/>
    <link:label xlink:type="resource" xlink:label="label_copyOfDisclosureOfGainsLossesFromCurrentValueAdjustmentsOfOtherInvestmentAssets_2" xlink:role="http://www.xbrl.org/2003/role/label" xlink:title="label_copyOfDisclosureOfGainsLossesFromCurrentValueAdjustmentsOfOtherInvestmentAssets" xml:lang="en" id="label_copyOfDisclosureOfGainsLossesFromCurrentValueAdjustmentsOfOtherInvestmentAssets_2">Disclosure of gains (losses) from current value adjustments of biological assets</link:label>
    <link:labelArc xlink:type="arc" xlink:arcrole="http://www.xbrl.org/2003/arcrole/concept-label" xlink:from="copyOfDisclosureOfGainsLossesFromCurrentValueAdjustmentsOfOtherInvestmentAssets" xlink:to="label_copyOfDisclosureOfGainsLossesFromCurrentValueAdjustmentsOfOtherInvestmentAssets_2" xlink:title="label: copyOfDisclosureOfGainsLossesFromCurrentValueAdjustmentsOfOtherInvestmentAssets to label_copyOfDisclosureOfGainsLossesFromCurrentValueAdjustmentsOfOtherInvestmentAssets"/>
    <link:loc xlink:type="locator" xlink:href="fsa.xsd#fsa_GainsLossesFromCurrentValueAdjustmentsOfBiologicalAssets" xlink:label="copyOfGainsLossesFromCurrentValueAdjustmentsOfOtherInvestmentAssets" xlink:title="copyOfGainsLossesFromCurrentValueAdjustmentsOfOtherInvestmentAssets"/>
    <link:label xlink:type="resource" xlink:label="label_copyOfGainsLossesFromCurrentValueAdjustmentsOfOtherInvestmentAssets" xlink:role="http://www.xbrl.org/2003/role/label" xlink:title="label_copyOfGainsLossesFromCurrentValueAdjustmentsOfOtherInvestmentAssets" xml:lang="da" id="label_copyOfGainsLossesFromCurrentValueAdjustmentsOfOtherInvestmentAssets">Dagsværdiregulering af biologiske aktiver</link:label>
    <link:labelArc xlink:type="arc" xlink:arcrole="http://www.xbrl.org/2003/arcrole/concept-label" xlink:from="copyOfGainsLossesFromCurrentValueAdjustmentsOfOtherInvestmentAssets" xlink:to="label_copyOfGainsLossesFromCurrentValueAdjustmentsOfOtherInvestmentAssets" xlink:title="label: copyOfGainsLossesFromCurrentValueAdjustmentsOfOtherInvestmentAssets to label_copyOfGainsLossesFromCurrentValueAdjustmentsOfOtherInvestmentAssets"/>
    <link:label xlink:type="resource" xlink:label="label_copyOfGainsLossesFromCurrentValueAdjustmentsOfOtherInvestmentAssets_2" xlink:role="http://www.xbrl.org/2003/role/label" xlink:title="label_copyOfGainsLossesFromCurrentValueAdjustmentsOfOtherInvestmentAssets" xml:lang="en" id="label_copyOfGainsLossesFromCurrentValueAdjustmentsOfOtherInvestmentAssets_2">Gains (losses) from current value adjustments of biological assets</link:label>
    <link:labelArc xlink:type="arc" xlink:arcrole="http://www.xbrl.org/2003/arcrole/concept-label" xlink:from="copyOfGainsLossesFromCurrentValueAdjustmentsOfOtherInvestmentAssets" xlink:to="label_copyOfGainsLossesFromCurrentValueAdjustmentsOfOtherInvestmentAssets_2" xlink:title="label: copyOfGainsLossesFromCurrentValueAdjustmentsOfOtherInvestmentAssets to label_copyOfGainsLossesFromCurrentValueAdjustmentsOfOtherInvestmentAssets"/>
    <link:loc xlink:type="locator" xlink:href="fsa.xsd#fsa_RefundInJointAssessment" xlink:label="copyOfCurrentTaxExpense" xlink:title="copyOfCurrentTaxExpense"/>
    <link:label xlink:type="resource" xlink:label="label_copyOfCurrentTaxExpense" xlink:role="http://www.xbrl.org/2003/role/label" xlink:title="label_copyOfCurrentTaxExpense" xml:lang="da" id="label_copyOfCurrentTaxExpense">Refusion i sambeskatning</link:label>
    <link:labelArc xlink:type="arc" xlink:arcrole="http://www.xbrl.org/2003/arcrole/concept-label" xlink:from="copyOfCurrentTaxExpense" xlink:to="label_copyOfCurrentTaxExpense" xlink:title="label: copyOfCurrentTaxExpense to label_copyOfCurrentTaxExpense"/>
    <link:label xlink:type="resource" xlink:label="label_copyOfCurrentTaxExpense_2" xlink:role="http://www.xbrl.org/2003/role/label" xlink:title="label_copyOfCurrentTaxExpense" xml:lang="en" id="label_copyOfCurrentTaxExpense_2">Refund in joint assessment</link:label>
    <link:labelArc xlink:type="arc" xlink:arcrole="http://www.xbrl.org/2003/arcrole/concept-label" xlink:from="copyOfCurrentTaxExpense" xlink:to="label_copyOfCurrentTaxExpense_2" xlink:title="label: copyOfCurrentTaxExpense to label_copyOfCurrentTaxExpense"/>
    <link:loc xlink:type="locator" xlink:href="fsa.xsd#fsa_HedgeFund" xlink:label="newItem" xlink:title="newItem"/>
    <link:label xlink:type="resource" xlink:label="label_newItem" xlink:role="http://www.xbrl.org/2003/role/label" xlink:title="label_newItem" xml:lang="en" id="label_newItem">Hedge fund</link:label>
    <link:labelArc xlink:type="arc" xlink:arcrole="http://www.xbrl.org/2003/arcrole/concept-label" xlink:from="newItem" xlink:to="label_newItem" xlink:title="label: newItem to label_newItem"/>
    <link:label xlink:type="resource" xlink:label="label_newItem_2" xlink:role="http://www.xbrl.org/2003/role/label" xlink:title="label_newItem" xml:lang="da" id="label_newItem_2">Sikringsfond</link:label>
    <link:labelArc xlink:type="arc" xlink:arcrole="http://www.xbrl.org/2003/arcrole/concept-label" xlink:from="newItem" xlink:to="label_newItem_2" xlink:title="label: newItem to label_newItem"/>
    <link:loc xlink:type="locator" xlink:href="fsa.xsd#fsa_ReserveFund" xlink:label="newItem2" xlink:title="newItem2"/>
    <link:label xlink:type="resource" xlink:label="label_newItem2" xlink:role="http://www.xbrl.org/2003/role/label" xlink:title="label_newItem2" xml:lang="da" id="label_newItem2">Reservefond</link:label>
    <link:labelArc xlink:type="arc" xlink:arcrole="http://www.xbrl.org/2003/arcrole/concept-label" xlink:from="newItem2" xlink:to="label_newItem2" xlink:title="label: newItem2 to label_newItem2"/>
    <link:label xlink:type="resource" xlink:label="label_newItem2_2" xlink:role="http://www.xbrl.org/2003/role/label" xlink:title="label_newItem2" xml:lang="en" id="label_newItem2_2">Reserve fund</link:label>
    <link:labelArc xlink:type="arc" xlink:arcrole="http://www.xbrl.org/2003/arcrole/concept-label" xlink:from="newItem2" xlink:to="label_newItem2_2" xlink:title="label: newItem2 to label_newItem2"/>
    <link:loc xlink:type="locator" xlink:href="fsa.xsd#fsa_TransferredToFromReservesAvailable" xlink:label="newItem3" xlink:title="newItem3"/>
    <link:label xlink:type="resource" xlink:label="label_newItem3" xlink:role="http://www.xbrl.org/2003/role/label" xlink:title="label_newItem3" xml:lang="da" id="label_newItem3">Disponible reserver</link:label>
    <link:labelArc xlink:type="arc" xlink:arcrole="http://www.xbrl.org/2003/arcrole/concept-label" xlink:from="newItem3" xlink:to="label_newItem3" xlink:title="label: newItem3 to label_newItem3"/>
    <link:label xlink:type="resource" xlink:label="label_newItem3_2" xlink:role="http://www.xbrl.org/2003/role/label" xlink:title="label_newItem3" xml:lang="en" id="label_newItem3_2">Reserves available</link:label>
    <link:labelArc xlink:type="arc" xlink:arcrole="http://www.xbrl.org/2003/arcrole/concept-label" xlink:from="newItem3" xlink:to="label_newItem3_2" xlink:title="label: newItem3 to label_newItem3"/>
    <link:loc xlink:type="locator" xlink:href="fsa.xsd#fsa_DisclosureOfHedgeFund" xlink:label="newItem4" xlink:title="newItem4"/>
    <link:label xlink:type="resource" xlink:label="label_newItem4" xlink:role="http://www.xbrl.org/2003/role/label" xlink:title="label_newItem4" xml:lang="da" id="label_newItem4">Oplysning om sikringsfond </link:label>
    <link:labelArc xlink:type="arc" xlink:arcrole="http://www.xbrl.org/2003/arcrole/concept-label" xlink:from="newItem4" xlink:to="label_newItem4" xlink:title="label: newItem4 to label_newItem4"/>
    <link:label xlink:type="resource" xlink:label="label_newItem4_2" xlink:role="http://www.xbrl.org/2003/role/label" xlink:title="label_newItem4" xml:lang="en" id="label_newItem4_2">Disclosure of hedge fund</link:label>
    <link:labelArc xlink:type="arc" xlink:arcrole="http://www.xbrl.org/2003/arcrole/concept-label" xlink:from="newItem4" xlink:to="label_newItem4_2" xlink:title="label: newItem4 to label_newItem4"/>
    <link:loc xlink:type="locator" xlink:href="fsa.xsd#fsa_DisclosureOfReserveFund" xlink:label="newItem5" xlink:title="newItem5"/>
    <link:label xlink:type="resource" xlink:label="label_newItem5" xlink:role="http://www.xbrl.org/2003/role/label" xlink:title="label_newItem5" xml:lang="en" id="label_newItem5">Disclosure of reserve fund</link:label>
    <link:labelArc xlink:type="arc" xlink:arcrole="http://www.xbrl.org/2003/arcrole/concept-label" xlink:from="newItem5" xlink:to="label_newItem5" xlink:title="label: newItem5 to label_newItem5"/>
    <link:label xlink:type="resource" xlink:label="label_DisclosureOfReserveFund" xlink:role="http://www.xbrl.org/2003/role/label" xlink:title="label_DisclosureOfReserveFund" xml:lang="da" id="label_DisclosureOfReserveFund">Oplysning om reservefond</link:label>
    <link:labelArc xlink:type="arc" xlink:arcrole="http://www.xbrl.org/2003/arcrole/concept-label" xlink:from="newItem5" xlink:to="label_DisclosureOfReserveFund" xlink:title="label: DisclosureOfReserveFund to label_DisclosureOfReserveFund"/>
    <link:loc xlink:type="locator" xlink:href="fsa.xsd#fsa_DisclosureOfReservesAvailable" xlink:label="newItem6" xlink:title="newItem6"/>
    <link:label xlink:type="resource" xlink:label="label_newItem6" xlink:role="http://www.xbrl.org/2003/role/label" xlink:title="label_newItem6" xml:lang="da" id="label_newItem6">Oplysning om dispositionsfond</link:label>
    <link:labelArc xlink:type="arc" xlink:arcrole="http://www.xbrl.org/2003/arcrole/concept-label" xlink:from="newItem6" xlink:to="label_newItem6" xlink:title="label: newItem6 to label_newItem6"/>
    <link:label xlink:type="resource" xlink:label="label_newItem6_2" xlink:role="http://www.xbrl.org/2003/role/label" xlink:title="label_newItem6" xml:lang="en" id="label_newItem6_2">Disclosure of reserves available</link:label>
    <link:labelArc xlink:type="arc" xlink:arcrole="http://www.xbrl.org/2003/arcrole/concept-label" xlink:from="newItem6" xlink:to="label_newItem6_2" xlink:title="label: newItem6 to label_newItem6"/>
    <link:loc xlink:type="locator" xlink:href="fsa.xsd#fsa_TransferredFromToHedgeFundMember" xlink:label="copyOfDistributionsMember_2" xlink:title="copyOfDistributionsMember"/>
    <link:label xlink:type="resource" xlink:label="label_copyOfDistributionsMember_3" xlink:role="http://www.xbrl.org/2003/role/label" xlink:title="label_copyOfDistributionsMember" xml:lang="da" id="label_copyOfDistributionsMember_3">Overført fra (til) sikringsfond</link:label>
    <link:labelArc xlink:type="arc" xlink:arcrole="http://www.xbrl.org/2003/arcrole/concept-label" xlink:from="copyOfDistributionsMember_2" xlink:to="label_copyOfDistributionsMember_3" xlink:title="label: copyOfDistributionsMember to label_copyOfDistributionsMember"/>
    <link:label xlink:type="resource" xlink:label="label_copyOfDistributionsMember_4" xlink:role="http://www.xbrl.org/2003/role/label" xlink:title="label_copyOfDistributionsMember" xml:lang="en" id="label_copyOfDistributionsMember_4">Transferred from (to) hedge fund</link:label>
    <link:labelArc xlink:type="arc" xlink:arcrole="http://www.xbrl.org/2003/arcrole/concept-label" xlink:from="copyOfDistributionsMember_2" xlink:to="label_copyOfDistributionsMember_4" xlink:title="label: copyOfDistributionsMember to label_copyOfDistributionsMember"/>
    <link:loc xlink:type="locator" xlink:href="fsa.xsd#fsa_TransferredFromToReserveFundMember" xlink:label="copyOfDistributionsMember2" xlink:title="copyOfDistributionsMember2"/>
    <link:label xlink:type="resource" xlink:label="label_copyOfDistributionsMember2" xlink:role="http://www.xbrl.org/2003/role/label" xlink:title="label_copyOfDistributionsMember2" xml:lang="da" id="label_copyOfDistributionsMember2">Overført fra (til) reservefond</link:label>
    <link:labelArc xlink:type="arc" xlink:arcrole="http://www.xbrl.org/2003/arcrole/concept-label" xlink:from="copyOfDistributionsMember2" xlink:to="label_copyOfDistributionsMember2" xlink:title="label: copyOfDistributionsMember2 to label_copyOfDistributionsMember2"/>
    <link:label xlink:type="resource" xlink:label="label_copyOfDistributionsMember2_2" xlink:role="http://www.xbrl.org/2003/role/label" xlink:title="label_copyOfDistributionsMember2" xml:lang="en" id="label_copyOfDistributionsMember2_2">Transferred from (to) reserve fund</link:label>
    <link:labelArc xlink:type="arc" xlink:arcrole="http://www.xbrl.org/2003/arcrole/concept-label" xlink:from="copyOfDistributionsMember2" xlink:to="label_copyOfDistributionsMember2_2" xlink:title="label: copyOfDistributionsMember2 to label_copyOfDistributionsMember2"/>
    <link:loc xlink:type="locator" xlink:href="fsa.xsd#fsa_TransferredFromToReservesAvailableMember" xlink:label="copyOfDistributionsMember3" xlink:title="copyOfDistributionsMember3"/>
    <link:label xlink:type="resource" xlink:label="label_copyOfDistributionsMember3" xlink:role="http://www.xbrl.org/2003/role/label" xlink:title="label_copyOfDistributionsMember3" xml:lang="da" id="label_copyOfDistributionsMember3">Overført fra (til) dispositionsfond</link:label>
    <link:labelArc xlink:type="arc" xlink:arcrole="http://www.xbrl.org/2003/arcrole/concept-label" xlink:from="copyOfDistributionsMember3" xlink:to="label_copyOfDistributionsMember3" xlink:title="label: copyOfDistributionsMember3 to label_copyOfDistributionsMember3"/>
    <link:label xlink:type="resource" xlink:label="label_copyOfDistributionsMember3_2" xlink:role="http://www.xbrl.org/2003/role/label" xlink:title="label_copyOfDistributionsMember3" xml:lang="en" id="label_copyOfDistributionsMember3_2">Transferred from (to) reserves available</link:label>
    <link:labelArc xlink:type="arc" xlink:arcrole="http://www.xbrl.org/2003/arcrole/concept-label" xlink:from="copyOfDistributionsMember3" xlink:to="label_copyOfDistributionsMember3_2" xlink:title="label: copyOfDistributionsMember3 to label_copyOfDistributionsMember3"/>
    <link:loc xlink:type="locator" xlink:href="fsa.xsd#fsa_HedgeFundMember" xlink:label="HedgeFundMember" xlink:title="HedgeFundMember"/>
    <link:label xlink:type="resource" xlink:label="label_HedgeFundMember" xlink:role="http://www.xbrl.org/2003/role/label" xlink:title="label_HedgeFundMember" xml:lang="da" id="label_HedgeFundMember">Sikringsfond</link:label>
    <link:labelArc xlink:type="arc" xlink:arcrole="http://www.xbrl.org/2003/arcrole/concept-label" xlink:from="HedgeFundMember" xlink:to="label_HedgeFundMember" xlink:title="label: HedgeFundMember to label_HedgeFundMember"/>
    <link:label xlink:type="resource" xlink:label="label_HedgeFundMember_2" xlink:role="http://www.xbrl.org/2003/role/label" xlink:title="label_HedgeFundMember" xml:lang="en" id="label_HedgeFundMember_2">Hedge fund</link:label>
    <link:labelArc xlink:type="arc" xlink:arcrole="http://www.xbrl.org/2003/arcrole/concept-label" xlink:from="HedgeFundMember" xlink:to="label_HedgeFundMember_2" xlink:title="label: HedgeFundMember to label_HedgeFundMember"/>
    <link:loc xlink:type="locator" xlink:href="fsa.xsd#fsa_ReserveFundMember" xlink:label="ReserveFundMember" xlink:title="ReserveFundMember"/>
    <link:label xlink:type="resource" xlink:label="label_ReserveFundMember" xlink:role="http://www.xbrl.org/2003/role/label" xlink:title="label_ReserveFundMember" xml:lang="da" id="label_ReserveFundMember">Reservefond</link:label>
    <link:labelArc xlink:type="arc" xlink:arcrole="http://www.xbrl.org/2003/arcrole/concept-label" xlink:from="ReserveFundMember" xlink:to="label_ReserveFundMember" xlink:title="label: ReserveFundMember to label_ReserveFundMember"/>
    <link:label xlink:type="resource" xlink:label="label_ReserveFundMember_2" xlink:role="http://www.xbrl.org/2003/role/label" xlink:title="label_ReserveFundMember" xml:lang="en" id="label_ReserveFundMember_2">Reserve fund</link:label>
    <link:labelArc xlink:type="arc" xlink:arcrole="http://www.xbrl.org/2003/arcrole/concept-label" xlink:from="ReserveFundMember" xlink:to="label_ReserveFundMember_2" xlink:title="label: ReserveFundMember to label_ReserveFundMember"/>
    <link:loc xlink:type="locator" xlink:href="fsa.xsd#fsa_TransferredToFromReservesAvailableMember" xlink:label="TransferredToFromReservesAvailableMember" xlink:title="TransferredToFromReservesAvailableMember"/>
    <link:label xlink:type="resource" xlink:label="label_TransferredToFromReservesAvailableMember" xlink:role="http://www.xbrl.org/2003/role/label" xlink:title="label_TransferredToFromReservesAvailableMember" xml:lang="da" id="label_TransferredToFromReservesAvailableMember">Disponible reserver</link:label>
    <link:labelArc xlink:type="arc" xlink:arcrole="http://www.xbrl.org/2003/arcrole/concept-label" xlink:from="TransferredToFromReservesAvailableMember" xlink:to="label_TransferredToFromReservesAvailableMember" xlink:title="label: TransferredToFromReservesAvailableMember to label_TransferredToFromReservesAvailableMember"/>
    <link:label xlink:type="resource" xlink:label="label_TransferredToFromReservesAvailableMember_2" xlink:role="http://www.xbrl.org/2003/role/label" xlink:title="label_TransferredToFromReservesAvailableMember" xml:lang="en" id="label_TransferredToFromReservesAvailableMember_2">Reserves available</link:label>
    <link:labelArc xlink:type="arc" xlink:arcrole="http://www.xbrl.org/2003/arcrole/concept-label" xlink:from="TransferredToFromReservesAvailableMember" xlink:to="label_TransferredToFromReservesAvailableMember_2" xlink:title="label: TransferredToFromReservesAvailableMember to label_TransferredToFromReservesAvailableMember"/>
    <link:loc xlink:type="locator" xlink:href="fsa.xsd#fsa_CostExceedsIncomeForTheFinancialYearShorttermReceivables" xlink:label="newItem_2" xlink:title="newItem"/>
    <link:label xlink:type="resource" xlink:label="label_newItem_3" xlink:role="http://www.xbrl.org/2003/role/label" xlink:title="label_newItem" xml:lang="da" id="label_newItem_3">Underdækning, kortfristede tilgodehavender</link:label>
    <link:labelArc xlink:type="arc" xlink:arcrole="http://www.xbrl.org/2003/arcrole/concept-label" xlink:from="newItem_2" xlink:to="label_newItem_3" xlink:title="label: newItem to label_newItem"/>
    <link:label xlink:type="resource" xlink:label="label_newItem_4" xlink:role="http://www.xbrl.org/2003/role/label" xlink:title="label_newItem" xml:lang="en" id="label_newItem_4">Cost exceeds income for the financial year, short-term receivables</link:label>
    <link:labelArc xlink:type="arc" xlink:arcrole="http://www.xbrl.org/2003/arcrole/concept-label" xlink:from="newItem_2" xlink:to="label_newItem_4" xlink:title="label: newItem to label_newItem"/>
    <link:loc xlink:type="locator" xlink:href="fsa.xsd#fsa_InformationOnCostExceedsIncomeForTheFinancialYear" xlink:label="newItem2_2" xlink:title="newItem2"/>
    <link:label xlink:type="resource" xlink:label="label_newItem2_3" xlink:role="http://www.xbrl.org/2003/role/label" xlink:title="label_newItem2" xml:lang="da" id="label_newItem2_3">Information om underdækning</link:label>
    <link:labelArc xlink:type="arc" xlink:arcrole="http://www.xbrl.org/2003/arcrole/concept-label" xlink:from="newItem2_2" xlink:to="label_newItem2_3" xlink:title="label: newItem2 to label_newItem2"/>
    <link:label xlink:type="resource" xlink:label="label_newItem2_4" xlink:role="http://www.xbrl.org/2003/role/label" xlink:title="label_newItem2" xml:lang="en" id="label_newItem2_4">Information on cost exceeds income for the financial year</link:label>
    <link:labelArc xlink:type="arc" xlink:arcrole="http://www.xbrl.org/2003/arcrole/concept-label" xlink:from="newItem2_2" xlink:to="label_newItem2_4" xlink:title="label: newItem2 to label_newItem2"/>
    <link:loc xlink:type="locator" xlink:href="fsa.xsd#fsa_IncomeExceedCostForTheFinancialYear" xlink:label="newItem3_2" xlink:title="newItem3"/>
    <link:label xlink:type="resource" xlink:label="label_newItem3_3" xlink:role="http://www.xbrl.org/2003/role/label" xlink:title="label_newItem3" xml:lang="da" id="label_newItem3_3">Overdækning</link:label>
    <link:labelArc xlink:type="arc" xlink:arcrole="http://www.xbrl.org/2003/arcrole/concept-label" xlink:from="newItem3_2" xlink:to="label_newItem3_3" xlink:title="label: newItem3 to label_newItem3"/>
    <link:label xlink:type="resource" xlink:label="label_newItem3_4" xlink:role="http://www.xbrl.org/2003/role/label" xlink:title="label_newItem3" xml:lang="en" id="label_newItem3_4">Income exceed cost for the financial year</link:label>
    <link:labelArc xlink:type="arc" xlink:arcrole="http://www.xbrl.org/2003/arcrole/concept-label" xlink:from="newItem3_2" xlink:to="label_newItem3_4" xlink:title="label: newItem3 to label_newItem3"/>
    <link:loc xlink:type="locator" xlink:href="fsa.xsd#fsa_IncomeExceedCostForTheFinancialYearLongterm" xlink:label="newItem4_2" xlink:title="newItem4"/>
    <link:label xlink:type="resource" xlink:label="label_newItem4_3" xlink:role="http://www.xbrl.org/2003/role/label" xlink:title="label_newItem4" xml:lang="da" id="label_newItem4_3">Overdækning (langfristet)</link:label>
    <link:labelArc xlink:type="arc" xlink:arcrole="http://www.xbrl.org/2003/arcrole/concept-label" xlink:from="newItem4_2" xlink:to="label_newItem4_3" xlink:title="label: newItem4 to label_newItem4"/>
    <link:label xlink:type="resource" xlink:label="label_newItem4_4" xlink:role="http://www.xbrl.org/2003/role/label" xlink:title="label_newItem4" xml:lang="en" id="label_newItem4_4">Income exceed cost for the financial year (long-term)</link:label>
    <link:labelArc xlink:type="arc" xlink:arcrole="http://www.xbrl.org/2003/arcrole/concept-label" xlink:from="newItem4_2" xlink:to="label_newItem4_4" xlink:title="label: newItem4 to label_newItem4"/>
    <link:loc xlink:type="locator" xlink:href="fsa.xsd#fsa_IncomeExceedCostForTheFinancialYearShortterm" xlink:label="newItem5_2" xlink:title="newItem5"/>
    <link:label xlink:type="resource" xlink:label="label_newItem5_2" xlink:role="http://www.xbrl.org/2003/role/label" xlink:title="label_newItem5" xml:lang="da" id="label_newItem5_2">Overdækning (kortfristet)</link:label>
    <link:labelArc xlink:type="arc" xlink:arcrole="http://www.xbrl.org/2003/arcrole/concept-label" xlink:from="newItem5_2" xlink:to="label_newItem5_2" xlink:title="label: newItem5 to label_newItem5"/>
    <link:label xlink:type="resource" xlink:label="label_newItem5_3" xlink:role="http://www.xbrl.org/2003/role/label" xlink:title="label_newItem5" xml:lang="en" id="label_newItem5_3">Income exceed cost for the financial year (short-term)</link:label>
    <link:labelArc xlink:type="arc" xlink:arcrole="http://www.xbrl.org/2003/arcrole/concept-label" xlink:from="newItem5_2" xlink:to="label_newItem5_3" xlink:title="label: newItem5 to label_newItem5"/>
    <link:loc xlink:type="locator" xlink:href="fsa.xsd#fsa_IncomeExceedCostForTheFinancialYearLongtermMember" xlink:label="IncomeExceedCostForTheFinancialYearLongtermMember" xlink:title="IncomeExceedCostForTheFinancialYearLongtermMember"/>
    <link:label xlink:type="resource" xlink:label="label_IncomeExceedCostForTheFinancialYearLongtermMember" xlink:role="http://www.xbrl.org/2003/role/label" xlink:title="label_IncomeExceedCostForTheFinancialYearLongtermMember" xml:lang="da" id="label_IncomeExceedCostForTheFinancialYearLongtermMember">Overdækning (langfristet)</link:label>
    <link:labelArc xlink:type="arc" xlink:arcrole="http://www.xbrl.org/2003/arcrole/concept-label" xlink:from="IncomeExceedCostForTheFinancialYearLongtermMember" xlink:to="label_IncomeExceedCostForTheFinancialYearLongtermMember" xlink:title="label: IncomeExceedCostForTheFinancialYearLongtermMember to label_IncomeExceedCostForTheFinancialYearLongtermMember"/>
    <link:label xlink:type="resource" xlink:label="label_IncomeExceedCostForTheFinancialYearLongtermMember_2" xlink:role="http://www.xbrl.org/2003/role/label" xlink:title="label_IncomeExceedCostForTheFinancialYearLongtermMember" xml:lang="en" id="label_IncomeExceedCostForTheFinancialYearLongtermMember_2">Income exceed cost for the financial year (long-term)</link:label>
    <link:labelArc xlink:type="arc" xlink:arcrole="http://www.xbrl.org/2003/arcrole/concept-label" xlink:from="IncomeExceedCostForTheFinancialYearLongtermMember" xlink:to="label_IncomeExceedCostForTheFinancialYearLongtermMember_2" xlink:title="label: IncomeExceedCostForTheFinancialYearLongtermMember to label_IncomeExceedCostForTheFinancialYearLongtermMember"/>
    <link:loc xlink:type="locator" xlink:href="fsa.xsd#fsa_IncomeExceedCostForTheFinancialYearShorttermMember" xlink:label="IncomeExceedCostForTheFinancialYearShorttermMember" xlink:title="IncomeExceedCostForTheFinancialYearShorttermMember"/>
    <link:label xlink:type="resource" xlink:label="label_IncomeExceedCostForTheFinancialYearShorttermMember" xlink:role="http://www.xbrl.org/2003/role/label" xlink:title="label_IncomeExceedCostForTheFinancialYearShorttermMember" xml:lang="da" id="label_IncomeExceedCostForTheFinancialYearShorttermMember">Overdækning (kortfristet)</link:label>
    <link:labelArc xlink:type="arc" xlink:arcrole="http://www.xbrl.org/2003/arcrole/concept-label" xlink:from="IncomeExceedCostForTheFinancialYearShorttermMember" xlink:to="label_IncomeExceedCostForTheFinancialYearShorttermMember" xlink:title="label: IncomeExceedCostForTheFinancialYearShorttermMember to label_IncomeExceedCostForTheFinancialYearShorttermMember"/>
    <link:label xlink:type="resource" xlink:label="label_IncomeExceedCostForTheFinancialYearShorttermMember_2" xlink:role="http://www.xbrl.org/2003/role/label" xlink:title="label_IncomeExceedCostForTheFinancialYearShorttermMember" xml:lang="en" id="label_IncomeExceedCostForTheFinancialYearShorttermMember_2">Income exceed cost for the financial year (short-term)</link:label>
    <link:labelArc xlink:type="arc" xlink:arcrole="http://www.xbrl.org/2003/arcrole/concept-label" xlink:from="IncomeExceedCostForTheFinancialYearShorttermMember" xlink:to="label_IncomeExceedCostForTheFinancialYearShorttermMember_2" xlink:title="label: IncomeExceedCostForTheFinancialYearShorttermMember to label_IncomeExceedCostForTheFinancialYearShorttermMember"/>
    <link:loc xlink:type="locator" xlink:href="fsa.xsd#fsa_AdjustmentsOfIncomeExceedCostCostExceedIncomeForTheFinancialYearInflowOutflow" xlink:label="newItem6_2" xlink:title="newItem6"/>
    <link:label xlink:type="resource" xlink:label="label_newItem6_3" xlink:role="http://www.xbrl.org/2003/role/label" xlink:title="label_newItem6" xml:lang="da" id="label_newItem6_3">Reguleringer af over/underdækning, inflow (outflow)</link:label>
    <link:labelArc xlink:type="arc" xlink:arcrole="http://www.xbrl.org/2003/arcrole/concept-label" xlink:from="newItem6_2" xlink:to="label_newItem6_3" xlink:title="label: newItem6 to label_newItem6"/>
    <link:label xlink:type="resource" xlink:label="label_newItem6_4" xlink:role="http://www.xbrl.org/2003/role/label" xlink:title="label_newItem6" xml:lang="en" id="label_newItem6_4">Adjustments of income exceed cost/cost exceed income for the financial year, inflow (outflow)</link:label>
    <link:labelArc xlink:type="arc" xlink:arcrole="http://www.xbrl.org/2003/arcrole/concept-label" xlink:from="newItem6_2" xlink:to="label_newItem6_4" xlink:title="label: newItem6 to label_newItem6"/>
    <link:loc xlink:type="locator" xlink:href="fsa.xsd#fsa_InformationOnAdjustmentsOfRateRegulatedActivityIncomeEexpense" xlink:label="newItem7" xlink:title="newItem7"/>
    <link:label xlink:type="resource" xlink:label="label_newItem7" xlink:role="http://www.xbrl.org/2003/role/label" xlink:title="label_newItem7" xml:lang="da" id="label_newItem7">Oplysning om reguleringer af over/underdækning, resultatopgørelse</link:label>
    <link:labelArc xlink:type="arc" xlink:arcrole="http://www.xbrl.org/2003/arcrole/concept-label" xlink:from="newItem7" xlink:to="label_newItem7" xlink:title="label: newItem7 to label_newItem7"/>
    <link:label xlink:type="resource" xlink:label="label_newItem7_2" xlink:role="http://www.xbrl.org/2003/role/label" xlink:title="label_newItem7" xml:lang="en" id="label_newItem7_2">Information on adjustments of rate regulated activity, income (expense)</link:label>
    <link:labelArc xlink:type="arc" xlink:arcrole="http://www.xbrl.org/2003/arcrole/concept-label" xlink:from="newItem7" xlink:to="label_newItem7_2" xlink:title="label: newItem7 to label_newItem7"/>
    <link:loc xlink:type="locator" xlink:href="fsa.xsd#fsa_AdjustmentsOfRateRegulatedActivityIncomeEexpense" xlink:label="newItem8" xlink:title="newItem8"/>
    <link:label xlink:type="resource" xlink:label="label_newItem8" xlink:role="http://www.xbrl.org/2003/role/label" xlink:title="label_newItem8" xml:lang="da" id="label_newItem8">Reguleringer af over/underdækning, resultatopgørelse</link:label>
    <link:labelArc xlink:type="arc" xlink:arcrole="http://www.xbrl.org/2003/arcrole/concept-label" xlink:from="newItem8" xlink:to="label_newItem8" xlink:title="label: newItem8 to label_newItem8"/>
    <link:label xlink:type="resource" xlink:label="label_newItem8_2" xlink:role="http://www.xbrl.org/2003/role/label" xlink:title="label_newItem8" xml:lang="en" id="label_newItem8_2">Adjustments of rate regulated activity, income (expense)</link:label>
    <link:labelArc xlink:type="arc" xlink:arcrole="http://www.xbrl.org/2003/arcrole/concept-label" xlink:from="newItem8" xlink:to="label_newItem8_2" xlink:title="label: newItem8 to label_newItem8"/>
    <link:loc xlink:type="locator" xlink:href="fsa.xsd#fsa_ProvisionsForIncomeExceedCostForTheFinancialYear" xlink:label="newItem9" xlink:title="newItem9"/>
    <link:label xlink:type="resource" xlink:label="label_newItem9" xlink:role="http://www.xbrl.org/2003/role/label" xlink:title="label_newItem9" xml:lang="da" id="label_newItem9">Hensættelser til overdækning</link:label>
    <link:labelArc xlink:type="arc" xlink:arcrole="http://www.xbrl.org/2003/arcrole/concept-label" xlink:from="newItem9" xlink:to="label_newItem9" xlink:title="label: newItem9 to label_newItem9"/>
    <link:label xlink:type="resource" xlink:label="label_newItem9_2" xlink:role="http://www.xbrl.org/2003/role/label" xlink:title="label_newItem9" xml:lang="en" id="label_newItem9_2">Provisions for income exceed cost for the financial year</link:label>
    <link:labelArc xlink:type="arc" xlink:arcrole="http://www.xbrl.org/2003/arcrole/concept-label" xlink:from="newItem9" xlink:to="label_newItem9_2" xlink:title="label: newItem9 to label_newItem9"/>
    <link:loc xlink:type="locator" xlink:href="fsa.xsd#fsa_DisclosureOfProvisionsForIncomeExceedCostForTheFinancialYear" xlink:label="newItem10" xlink:title="newItem10"/>
    <link:label xlink:type="resource" xlink:label="label_newItem10" xlink:role="http://www.xbrl.org/2003/role/label" xlink:title="label_newItem10" xml:lang="da" id="label_newItem10">Oplysning om hensættelser til overdækning</link:label>
    <link:labelArc xlink:type="arc" xlink:arcrole="http://www.xbrl.org/2003/arcrole/concept-label" xlink:from="newItem10" xlink:to="label_newItem10" xlink:title="label: newItem10 to label_newItem10"/>
    <link:label xlink:type="resource" xlink:label="label_newItem10_2" xlink:role="http://www.xbrl.org/2003/role/label" xlink:title="label_newItem10" xml:lang="en" id="label_newItem10_2">Disclosure of provisions for income exceed cost for the financial year</link:label>
    <link:labelArc xlink:type="arc" xlink:arcrole="http://www.xbrl.org/2003/arcrole/concept-label" xlink:from="newItem10" xlink:to="label_newItem10_2" xlink:title="label: newItem10 to label_newItem10"/>
    <link:loc xlink:type="locator" xlink:href="fsa.xsd#fsa_DisclosureOfShorttermInvestments" xlink:label="newItem_3" xlink:title="newItem"/>
    <link:label xlink:type="resource" xlink:label="label_newItem_5" xlink:role="http://www.xbrl.org/2003/role/label" xlink:title="label_newItem" xml:lang="en" id="label_newItem_5">Disclosure of short-term investments</link:label>
    <link:labelArc xlink:type="arc" xlink:arcrole="http://www.xbrl.org/2003/arcrole/concept-label" xlink:from="newItem_3" xlink:to="label_newItem_5" xlink:title="label: newItem to label_newItem"/>
    <link:label xlink:type="resource" xlink:label="label_DisclosureOfShorttermInvestments" xlink:role="http://www.xbrl.org/2003/role/label" xlink:title="label_DisclosureOfShorttermInvestments" xml:lang="da" id="label_DisclosureOfShorttermInvestments">Oplysning om værdipapirer og kapitalandele</link:label>
    <link:labelArc xlink:type="arc" xlink:arcrole="http://www.xbrl.org/2003/arcrole/concept-label" xlink:from="newItem_3" xlink:to="label_DisclosureOfShorttermInvestments" xlink:title="label: DisclosureOfShorttermInvestments to label_DisclosureOfShorttermInvestments"/>
    <link:loc xlink:type="locator" xlink:href="fsa.xsd#fsa_InformationOnShorttermInvestmentsInGroupEnterprises" xlink:label="newItem3_3" xlink:title="newItem3"/>
    <link:label xlink:type="resource" xlink:label="label_newItem3_5" xlink:role="http://www.xbrl.org/2003/role/label" xlink:title="label_newItem3" xml:lang="en" id="label_newItem3_5">Information on short-term investments in group enterprises</link:label>
    <link:labelArc xlink:type="arc" xlink:arcrole="http://www.xbrl.org/2003/arcrole/concept-label" xlink:from="newItem3_3" xlink:to="label_newItem3_5" xlink:title="label: newItem3 to label_newItem3"/>
    <link:label xlink:type="resource" xlink:label="label_InformationOnShorttermInvestmentsInGroupEnterprises" xlink:role="http://www.xbrl.org/2003/role/label" xlink:title="label_InformationOnShorttermInvestmentsInGroupEnterprises" xml:lang="da" id="label_InformationOnShorttermInvestmentsInGroupEnterprises">Information om kapitalandele i tilknyttede virksomheder</link:label>
    <link:labelArc xlink:type="arc" xlink:arcrole="http://www.xbrl.org/2003/arcrole/concept-label" xlink:from="newItem3_3" xlink:to="label_InformationOnShorttermInvestmentsInGroupEnterprises" xlink:title="label: InformationOnShorttermInvestmentsInGroupEnterprises to label_InformationOnShorttermInvestmentsInGroupEnterprises"/>
    <link:loc xlink:type="locator" xlink:href="fsa.xsd#fsa_InformationOnShorttermInvestmentsInAssociates" xlink:label="newItem4_3" xlink:title="newItem4"/>
    <link:label xlink:type="resource" xlink:label="label_newItem4_5" xlink:role="http://www.xbrl.org/2003/role/label" xlink:title="label_newItem4" xml:lang="en" id="label_newItem4_5">Information on short-term investments in associates</link:label>
    <link:labelArc xlink:type="arc" xlink:arcrole="http://www.xbrl.org/2003/arcrole/concept-label" xlink:from="newItem4_3" xlink:to="label_newItem4_5" xlink:title="label: newItem4 to label_newItem4"/>
    <link:label xlink:type="resource" xlink:label="label_InformationOnShorttermInvestmentsInAssociates" xlink:role="http://www.xbrl.org/2003/role/label" xlink:title="label_InformationOnShorttermInvestmentsInAssociates" xml:lang="da" id="label_InformationOnShorttermInvestmentsInAssociates">Information om kapitalandele i associerede virksomheder</link:label>
    <link:labelArc xlink:type="arc" xlink:arcrole="http://www.xbrl.org/2003/arcrole/concept-label" xlink:from="newItem4_3" xlink:to="label_InformationOnShorttermInvestmentsInAssociates" xlink:title="label: InformationOnShorttermInvestmentsInAssociates to label_InformationOnShorttermInvestmentsInAssociates"/>
    <link:loc xlink:type="locator" xlink:href="fsa.xsd#fsa_InformationOnOtherShorttermInvestments" xlink:label="newItem2_3" xlink:title="newItem2"/>
    <link:label xlink:type="resource" xlink:label="label_newItem2_5" xlink:role="http://www.xbrl.org/2003/role/label" xlink:title="label_newItem2" xml:lang="en" id="label_newItem2_5">Information on other short-term investments</link:label>
    <link:labelArc xlink:type="arc" xlink:arcrole="http://www.xbrl.org/2003/arcrole/concept-label" xlink:from="newItem2_3" xlink:to="label_newItem2_5" xlink:title="label: newItem2 to label_newItem2"/>
    <link:label xlink:type="resource" xlink:label="label_InformationOnOtherShorttermInvestments" xlink:role="http://www.xbrl.org/2003/role/label" xlink:title="label_InformationOnOtherShorttermInvestments" xml:lang="da" id="label_InformationOnOtherShorttermInvestments">Information om andre værdipapirer og kapitalandele</link:label>
    <link:labelArc xlink:type="arc" xlink:arcrole="http://www.xbrl.org/2003/arcrole/concept-label" xlink:from="newItem2_3" xlink:to="label_InformationOnOtherShorttermInvestments" xlink:title="label: InformationOnOtherShorttermInvestments to label_InformationOnOtherShorttermInvestments"/>
    <link:loc xlink:type="locator" xlink:href="fsa.xsd#fsa_CostExceedsIncomeForTheFinancialYearLongtermReceivables" xlink:label="newItem_4" xlink:title="newItem"/>
    <link:label xlink:type="resource" xlink:label="label_newItem_6" xlink:role="http://www.xbrl.org/2003/role/label" xlink:title="label_newItem" xml:lang="en" id="label_newItem_6">Cost exceeds income for the financial year, long-term receivables</link:label>
    <link:labelArc xlink:type="arc" xlink:arcrole="http://www.xbrl.org/2003/arcrole/concept-label" xlink:from="newItem_4" xlink:to="label_newItem_6" xlink:title="label: newItem to label_newItem"/>
    <link:label xlink:type="resource" xlink:label="label_CostExceedsIncomeForTheFinancialYearLongtermReceivables" xlink:role="http://www.xbrl.org/2003/role/label" xlink:title="label_CostExceedsIncomeForTheFinancialYearLongtermReceivables" xml:lang="da" id="label_CostExceedsIncomeForTheFinancialYearLongtermReceivables">Underdækning, langfristede tilgodehavender </link:label>
    <link:labelArc xlink:type="arc" xlink:arcrole="http://www.xbrl.org/2003/arcrole/concept-label" xlink:from="newItem_4" xlink:to="label_CostExceedsIncomeForTheFinancialYearLongtermReceivables" xlink:title="label: CostExceedsIncomeForTheFinancialYearLongtermReceivables to label_CostExceedsIncomeForTheFinancialYearLongtermReceivables"/>
    <link:loc xlink:type="locator" xlink:href="fsa.xsd#fsa_CostExceedsIncomeForTheFinancialYearLongtermReceivablesMember" xlink:label="copyOfLongtermInvestmentsAndReceivablesMember" xlink:title="copyOfLongtermInvestmentsAndReceivablesMember"/>
    <link:label xlink:type="resource" xlink:label="label_copyOfLongtermInvestmentsAndReceivablesMember" xlink:role="http://www.xbrl.org/2003/role/label" xlink:title="label_copyOfLongtermInvestmentsAndReceivablesMember" xml:lang="en" id="label_copyOfLongtermInvestmentsAndReceivablesMember">Cost exceeds income for the financial year, long-term receivables </link:label>
    <link:labelArc xlink:type="arc" xlink:arcrole="http://www.xbrl.org/2003/arcrole/concept-label" xlink:from="copyOfLongtermInvestmentsAndReceivablesMember" xlink:to="label_copyOfLongtermInvestmentsAndReceivablesMember" xlink:title="label: copyOfLongtermInvestmentsAndReceivablesMember to label_copyOfLongtermInvestmentsAndReceivablesMember"/>
    <link:label xlink:type="resource" xlink:label="label_CostExceedsIncomeForTheFinancialYearLongtermReceivablesMember" xlink:role="http://www.xbrl.org/2003/role/label" xlink:title="label_CostExceedsIncomeForTheFinancialYearLongtermReceivablesMember" xml:lang="da" id="label_CostExceedsIncomeForTheFinancialYearLongtermReceivablesMember">Underdækning, langfristede tilgodehavender </link:label>
    <link:labelArc xlink:type="arc" xlink:arcrole="http://www.xbrl.org/2003/arcrole/concept-label" xlink:from="copyOfLongtermInvestmentsAndReceivablesMember" xlink:to="label_CostExceedsIncomeForTheFinancialYearLongtermReceivablesMember" xlink:title="label: CostExceedsIncomeForTheFinancialYearLongtermReceivablesMember to label_CostExceedsIncomeForTheFinancialYearLongtermReceivablesMember"/>
    <link:loc xlink:type="locator" xlink:href="fsa.xsd#fsa_DescriptionOfMethodsOfIncomeExceedCostAndCostExceedsIncomeForTheFinancialYear" xlink:label="newItem_5" xlink:title="newItem"/>
    <link:label xlink:type="resource" xlink:label="label_newItem_7" xlink:role="http://www.xbrl.org/2003/role/label" xlink:title="label_newItem" xml:lang="en" id="label_newItem_7">Description of methods of income exceed cost and cost exceeds income for the financial year</link:label>
    <link:labelArc xlink:type="arc" xlink:arcrole="http://www.xbrl.org/2003/arcrole/concept-label" xlink:from="newItem_5" xlink:to="label_newItem_7" xlink:title="label: newItem to label_newItem"/>
    <link:label xlink:type="resource" xlink:label="label_DescriptionOfMethodsOfIncomeExceedCostAndCostExceedsIncomeForTheFinancialYear" xlink:role="http://www.xbrl.org/2003/role/label" xlink:title="label_DescriptionOfMethodsOfIncomeExceedCostAndCostExceedsIncomeForTheFinancialYear" xml:lang="da" id="label_DescriptionOfMethodsOfIncomeExceedCostAndCostExceedsIncomeForTheFinancialYear">Anvendt regnskabspraksis for over- /underdækning </link:label>
    <link:labelArc xlink:type="arc" xlink:arcrole="http://www.xbrl.org/2003/arcrole/concept-label" xlink:from="newItem_5" xlink:to="label_DescriptionOfMethodsOfIncomeExceedCostAndCostExceedsIncomeForTheFinancialYear" xlink:title="label: DescriptionOfMethodsOfIncomeExceedCostAndCostExceedsIncomeForTheFinancialYear to label_DescriptionOfMethodsOfIncomeExceedCostAndCostExceedsIncomeForTheFinancialYear"/>
    <link:loc xlink:type="locator" xlink:href="fsa.xsd#fsa_DepositsLongtermInvestmentsAndReceivablesMember" xlink:label="DepositsLongtermInvestmentsAndReceivablesMember" xlink:title="DepositsLongtermInvestmentsAndReceivablesMember"/>
    <link:label xlink:type="resource" xlink:label="label_DepositsLongtermInvestmentsAndReceivablesMember" xlink:role="http://www.xbrl.org/2003/role/label" xlink:title="label_DepositsLongtermInvestmentsAndReceivablesMember" xml:lang="da" id="label_DepositsLongtermInvestmentsAndReceivablesMember">Deposita, finansielle anlægsaktiver</link:label>
    <link:labelArc xlink:type="arc" xlink:arcrole="http://www.xbrl.org/2003/arcrole/concept-label" xlink:from="DepositsLongtermInvestmentsAndReceivablesMember" xlink:to="label_DepositsLongtermInvestmentsAndReceivablesMember" xlink:title="label: DepositsLongtermInvestmentsAndReceivablesMember to label_DepositsLongtermInvestmentsAndReceivablesMember"/>
    <link:label xlink:type="resource" xlink:label="label_DepositsLongtermInvestmentsAndReceivablesMember_2" xlink:role="http://www.xbrl.org/2003/role/label" xlink:title="label_DepositsLongtermInvestmentsAndReceivablesMember" xml:lang="en" id="label_DepositsLongtermInvestmentsAndReceivablesMember_2">Deposits, long-term investments and receivables</link:label>
    <link:labelArc xlink:type="arc" xlink:arcrole="http://www.xbrl.org/2003/arcrole/concept-label" xlink:from="DepositsLongtermInvestmentsAndReceivablesMember" xlink:to="label_DepositsLongtermInvestmentsAndReceivablesMember_2" xlink:title="label: DepositsLongtermInvestmentsAndReceivablesMember to label_DepositsLongtermInvestmentsAndReceivablesMember"/>
    <link:loc xlink:type="locator" xlink:href="fsa.xsd#fsa_DisclosureOfProvisionsForInvestmentsInGroupAssociates" xlink:label="newItem2_4" xlink:title="newItem2"/>
    <link:label xlink:type="resource" xlink:label="label_newItem2_6" xlink:role="http://www.xbrl.org/2003/role/label" xlink:title="label_newItem2" xml:lang="da" id="label_newItem2_6">Oplysning om hensættelser vedrørende kapitalandele i associerede virksomheder</link:label>
    <link:labelArc xlink:type="arc" xlink:arcrole="http://www.xbrl.org/2003/arcrole/concept-label" xlink:from="newItem2_4" xlink:to="label_newItem2_6" xlink:title="label: newItem2 to label_newItem2"/>
    <link:label xlink:type="resource" xlink:label="label_newItem2_7" xlink:role="http://www.xbrl.org/2003/role/label" xlink:title="label_newItem2" xml:lang="en" id="label_newItem2_7">Disclosure of provisions for investments in group associates </link:label>
    <link:labelArc xlink:type="arc" xlink:arcrole="http://www.xbrl.org/2003/arcrole/concept-label" xlink:from="newItem2_4" xlink:to="label_newItem2_7" xlink:title="label: newItem2 to label_newItem2"/>
    <link:loc xlink:type="locator" xlink:href="fsa.xsd#fsa_DisclosureOfProvisionsForInvestmentsInGroupEnterprises" xlink:label="newItem_6" xlink:title="newItem"/>
    <link:label xlink:type="resource" xlink:label="label_newItem_8" xlink:role="http://www.xbrl.org/2003/role/label" xlink:title="label_newItem" xml:lang="da" id="label_newItem_8">Oplysning om hensættelser vedrørende kapitalandele i tilknyttede virksomheder</link:label>
    <link:labelArc xlink:type="arc" xlink:arcrole="http://www.xbrl.org/2003/arcrole/concept-label" xlink:from="newItem_6" xlink:to="label_newItem_8" xlink:title="label: newItem to label_newItem"/>
    <link:label xlink:type="resource" xlink:label="label_newItem_9" xlink:role="http://www.xbrl.org/2003/role/label" xlink:title="label_newItem" xml:lang="en" id="label_newItem_9">Disclosure of provisions for investments in group enterprises </link:label>
    <link:labelArc xlink:type="arc" xlink:arcrole="http://www.xbrl.org/2003/arcrole/concept-label" xlink:from="newItem_6" xlink:to="label_newItem_9" xlink:title="label: newItem to label_newItem"/>
    <link:loc xlink:type="locator" xlink:href="fsa.xsd#fsa_PaidContributedCapitalMember" xlink:label="PaidContributedCapitalMember" xlink:title="PaidContributedCapitalMember"/>
    <link:label xlink:type="resource" xlink:label="label_PaidContributedCapitalMember" xlink:role="http://www.xbrl.org/2003/role/label" xlink:title="label_PaidContributedCapitalMember" xml:lang="da" id="label_PaidContributedCapitalMember">Indbetalt registreret kapital mv.</link:label>
    <link:labelArc xlink:type="arc" xlink:arcrole="http://www.xbrl.org/2003/arcrole/concept-label" xlink:from="PaidContributedCapitalMember" xlink:to="label_PaidContributedCapitalMember" xlink:title="label: PaidContributedCapitalMember to label_PaidContributedCapitalMember"/>
    <link:label xlink:type="resource" xlink:label="label_PaidContributedCapitalMember_2" xlink:role="http://www.xbrl.org/2003/role/label" xlink:title="label_PaidContributedCapitalMember" xml:lang="en" id="label_PaidContributedCapitalMember_2">Paid contributed capital</link:label>
    <link:labelArc xlink:type="arc" xlink:arcrole="http://www.xbrl.org/2003/arcrole/concept-label" xlink:from="PaidContributedCapitalMember" xlink:to="label_PaidContributedCapitalMember_2" xlink:title="label: PaidContributedCapitalMember to label_PaidContributedCapitalMember"/>
    <link:loc xlink:type="locator" xlink:href="fsa.xsd#fsa_ProposedExtraordinaryDividendRecognisedInEquity" xlink:label="ProposedExtraordinaryDividendRecognisedInEquity" xlink:title="ProposedExtraordinaryDividendRecognisedInEquity"/>
    <link:label xlink:type="resource" xlink:label="label_ProposedExtraordinaryDividendRecognisedInEquity" xlink:role="http://www.xbrl.org/2003/role/label" xlink:title="label_ProposedExtraordinaryDividendRecognisedInEquity" xml:lang="da" id="label_ProposedExtraordinaryDividendRecognisedInEquity">Foreslået ekstraordinært udbytte indregnet under egenkapitalen</link:label>
    <link:labelArc xlink:type="arc" xlink:arcrole="http://www.xbrl.org/2003/arcrole/concept-label" xlink:from="ProposedExtraordinaryDividendRecognisedInEquity" xlink:to="label_ProposedExtraordinaryDividendRecognisedInEquity" xlink:title="label: ProposedExtraordinaryDividendRecognisedInEquity to label_ProposedExtraordinaryDividendRecognisedInEquity"/>
    <link:label xlink:type="resource" xlink:label="label_ProposedExtraordinaryDividendRecognisedInEquity_2" xlink:role="http://www.xbrl.org/2003/role/label" xlink:title="label_ProposedExtraordinaryDividendRecognisedInEquity" xml:lang="en" id="label_ProposedExtraordinaryDividendRecognisedInEquity_2">Proposed extraordinary dividend recognised in equity</link:label>
    <link:labelArc xlink:type="arc" xlink:arcrole="http://www.xbrl.org/2003/arcrole/concept-label" xlink:from="ProposedExtraordinaryDividendRecognisedInEquity" xlink:to="label_ProposedExtraordinaryDividendRecognisedInEquity_2" xlink:title="label: ProposedExtraordinaryDividendRecognisedInEquity to label_ProposedExtraordinaryDividendRecognisedInEquity"/>
    <link:loc xlink:type="locator" xlink:href="fsa.xsd#fsa_DisposalsOfIntangibleAssetsByDivisionAndSaleOfOtherCompany" xlink:label="copyOfAdditionsToIntangibleAssetsThroughMergersAndBusinessCombinations" xlink:title="copyOfAdditionsToIntangibleAssetsThroughMergersAndBusinessCombinations"/>
    <link:label xlink:type="resource" xlink:label="label_copyOfAdditionsToIntangibleAssetsThroughMergersAndBusinessCombinations" xlink:role="http://www.xbrl.org/2003/role/label" xlink:title="label_copyOfAdditionsToIntangibleAssetsThroughMergersAndBusinessCombinations" xml:lang="da" id="label_copyOfAdditionsToIntangibleAssetsThroughMergersAndBusinessCombinations">Afgang fra immaterielle anlægsaktiver ved spaltning og salg af virksomhed</link:label>
    <link:labelArc xlink:type="arc" xlink:arcrole="http://www.xbrl.org/2003/arcrole/concept-label" xlink:from="copyOfAdditionsToIntangibleAssetsThroughMergersAndBusinessCombinations" xlink:to="label_copyOfAdditionsToIntangibleAssetsThroughMergersAndBusinessCombinations" xlink:title="label: copyOfAdditionsToIntangibleAssetsThroughMergersAndBusinessCombinations to label_copyOfAdditionsToIntangibleAssetsThroughMergersAndBusinessCombinations"/>
    <link:label xlink:type="resource" xlink:label="label_copyOfAdditionsToIntangibleAssetsThroughMergersAndBusinessCombinations_2" xlink:role="http://www.xbrl.org/2003/role/label" xlink:title="label_copyOfAdditionsToIntangibleAssetsThroughMergersAndBusinessCombinations" xml:lang="en" id="label_copyOfAdditionsToIntangibleAssetsThroughMergersAndBusinessCombinations_2">Disposals of intangible assets by division and sale of other company </link:label>
    <link:labelArc xlink:type="arc" xlink:arcrole="http://www.xbrl.org/2003/arcrole/concept-label" xlink:from="copyOfAdditionsToIntangibleAssetsThroughMergersAndBusinessCombinations" xlink:to="label_copyOfAdditionsToIntangibleAssetsThroughMergersAndBusinessCombinations_2" xlink:title="label: copyOfAdditionsToIntangibleAssetsThroughMergersAndBusinessCombinations to label_copyOfAdditionsToIntangibleAssetsThroughMergersAndBusinessCombinations"/>
    <link:loc xlink:type="locator" xlink:href="fsa.xsd#fsa_DisposalsOfPropertyPlantAndEquipmentByDivisionAndSaleOfOtherCompany" xlink:label="newItem_7" xlink:title="newItem"/>
    <link:label xlink:type="resource" xlink:label="label_newItem_10" xlink:role="http://www.xbrl.org/2003/role/label" xlink:title="label_newItem" xml:lang="da" id="label_newItem_10">Afgang fra materielle anlægsaktiver ved spaltning og salg af virksomhed </link:label>
    <link:labelArc xlink:type="arc" xlink:arcrole="http://www.xbrl.org/2003/arcrole/concept-label" xlink:from="newItem_7" xlink:to="label_newItem_10" xlink:title="label: newItem to label_newItem"/>
    <link:label xlink:type="resource" xlink:label="label_newItem_11" xlink:role="http://www.xbrl.org/2003/role/label" xlink:title="label_newItem" xml:lang="en" id="label_newItem_11">Disposals of property, plant and equipment by division and sale of other company </link:label>
    <link:labelArc xlink:type="arc" xlink:arcrole="http://www.xbrl.org/2003/arcrole/concept-label" xlink:from="newItem_7" xlink:to="label_newItem_11" xlink:title="label: newItem to label_newItem"/>
    <link:loc xlink:type="locator" xlink:href="fsa.xsd#fsa_DisposalsOfInvestmentsByDivisionAndSaleOfOtherCompany" xlink:label="newItem2_5" xlink:title="newItem2"/>
    <link:label xlink:type="resource" xlink:label="label_newItem2_8" xlink:role="http://www.xbrl.org/2003/role/label" xlink:title="label_newItem2" xml:lang="da" id="label_newItem2_8">Afgang fra finansielle anlægsaktiver ved spaltning og salg af virksomhed </link:label>
    <link:labelArc xlink:type="arc" xlink:arcrole="http://www.xbrl.org/2003/arcrole/concept-label" xlink:from="newItem2_5" xlink:to="label_newItem2_8" xlink:title="label: newItem2 to label_newItem2"/>
    <link:label xlink:type="resource" xlink:label="label_newItem2_9" xlink:role="http://www.xbrl.org/2003/role/label" xlink:title="label_newItem2" xml:lang="en" id="label_newItem2_9">Disposals of investments by division and sale of other company </link:label>
    <link:labelArc xlink:type="arc" xlink:arcrole="http://www.xbrl.org/2003/arcrole/concept-label" xlink:from="newItem2_5" xlink:to="label_newItem2_9" xlink:title="label: newItem2 to label_newItem2"/>
    <link:loc xlink:type="locator" xlink:href="fsa.xsd#fsa_AmortisationsOfInvestmentsOfTheYear" xlink:label="newItem_8" xlink:title="newItem"/>
    <link:label xlink:type="resource" xlink:label="label_newItem_12" xlink:role="http://www.xbrl.org/2003/role/label" xlink:title="label_newItem" xml:lang="da" id="label_newItem_12">Nedskrivninger af finansielle anlægsaktiver (i året)</link:label>
    <link:labelArc xlink:type="arc" xlink:arcrole="http://www.xbrl.org/2003/arcrole/concept-label" xlink:from="newItem_8" xlink:to="label_newItem_12" xlink:title="label: newItem to label_newItem"/>
    <link:label xlink:type="resource" xlink:label="label_newItem_13" xlink:role="http://www.xbrl.org/2003/role/label" xlink:title="label_newItem" xml:lang="en" id="label_newItem_13">Amortisations of investments of the year</link:label>
    <link:labelArc xlink:type="arc" xlink:arcrole="http://www.xbrl.org/2003/arcrole/concept-label" xlink:from="newItem_8" xlink:to="label_newItem_13" xlink:title="label: newItem to label_newItem"/>
    <link:loc xlink:type="locator" xlink:href="fsa.xsd#fsa_LongtermPrepaymentsOfWorkInProgress" xlink:label="copyOfShorttermPrepaymentsOfWorkInProgress" xlink:title="copyOfShorttermPrepaymentsOfWorkInProgress"/>
    <link:label xlink:type="resource" xlink:label="label_copyOfShorttermPrepaymentsOfWorkInProgress" xlink:role="http://www.xbrl.org/2003/role/label" xlink:title="label_copyOfShorttermPrepaymentsOfWorkInProgress" xml:lang="da" id="label_copyOfShorttermPrepaymentsOfWorkInProgress">Langfristede modtagne forudbetalinger vedrørende igangværende arbejder</link:label>
    <link:labelArc xlink:type="arc" xlink:arcrole="http://www.xbrl.org/2003/arcrole/concept-label" xlink:from="copyOfShorttermPrepaymentsOfWorkInProgress" xlink:to="label_copyOfShorttermPrepaymentsOfWorkInProgress" xlink:title="label: copyOfShorttermPrepaymentsOfWorkInProgress to label_copyOfShorttermPrepaymentsOfWorkInProgress"/>
    <link:label xlink:type="resource" xlink:label="label_copyOfShorttermPrepaymentsOfWorkInProgress_2" xlink:role="http://www.xbrl.org/2003/role/label" xlink:title="label_copyOfShorttermPrepaymentsOfWorkInProgress" xml:lang="en" id="label_copyOfShorttermPrepaymentsOfWorkInProgress_2">Long-term prepayments of work in progress</link:label>
    <link:labelArc xlink:type="arc" xlink:arcrole="http://www.xbrl.org/2003/arcrole/concept-label" xlink:from="copyOfShorttermPrepaymentsOfWorkInProgress" xlink:to="label_copyOfShorttermPrepaymentsOfWorkInProgress_2" xlink:title="label: copyOfShorttermPrepaymentsOfWorkInProgress to label_copyOfShorttermPrepaymentsOfWorkInProgress"/>
    <link:loc xlink:type="locator" xlink:href="fsa.xsd#fsa_LongtermPrepaymentsOfWorkInProgressMember" xlink:label="copyOfShorttermPrepaymentsOfWorkInProgressMember" xlink:title="copyOfShorttermPrepaymentsOfWorkInProgressMember"/>
    <link:label xlink:type="resource" xlink:label="label_copyOfShorttermPrepaymentsOfWorkInProgressMember" xlink:role="http://www.xbrl.org/2003/role/label" xlink:title="label_copyOfShorttermPrepaymentsOfWorkInProgressMember" xml:lang="da" id="label_copyOfShorttermPrepaymentsOfWorkInProgressMember">Langfristede modtagne forudbetalinger vedrørende igangværende arbejder</link:label>
    <link:labelArc xlink:type="arc" xlink:arcrole="http://www.xbrl.org/2003/arcrole/concept-label" xlink:from="copyOfShorttermPrepaymentsOfWorkInProgressMember" xlink:to="label_copyOfShorttermPrepaymentsOfWorkInProgressMember" xlink:title="label: copyOfShorttermPrepaymentsOfWorkInProgressMember to label_copyOfShorttermPrepaymentsOfWorkInProgressMember"/>
    <link:label xlink:type="resource" xlink:label="label_copyOfShorttermPrepaymentsOfWorkInProgressMember_2" xlink:role="http://www.xbrl.org/2003/role/label" xlink:title="label_copyOfShorttermPrepaymentsOfWorkInProgressMember" xml:lang="en" id="label_copyOfShorttermPrepaymentsOfWorkInProgressMember_2">Long-term prepayments of work in progress</link:label>
    <link:labelArc xlink:type="arc" xlink:arcrole="http://www.xbrl.org/2003/arcrole/concept-label" xlink:from="copyOfShorttermPrepaymentsOfWorkInProgressMember" xlink:to="label_copyOfShorttermPrepaymentsOfWorkInProgressMember_2" xlink:title="label: copyOfShorttermPrepaymentsOfWorkInProgressMember to label_copyOfShorttermPrepaymentsOfWorkInProgressMember"/>
    <link:loc xlink:type="locator" xlink:href="fsa.xsd#fsa_LandHoldings" xlink:label="newItem_9" xlink:title="newItem"/>
    <link:label xlink:type="resource" xlink:label="label_newItem_14" xlink:role="http://www.xbrl.org/2003/role/label" xlink:title="label_newItem" xml:lang="da" id="label_newItem_14">Jordbeholdninger</link:label>
    <link:labelArc xlink:type="arc" xlink:arcrole="http://www.xbrl.org/2003/arcrole/concept-label" xlink:from="newItem_9" xlink:to="label_newItem_14" xlink:title="label: newItem to label_newItem"/>
    <link:label xlink:type="resource" xlink:label="label_newItem_15" xlink:role="http://www.xbrl.org/2003/role/label" xlink:title="label_newItem" xml:lang="en" id="label_newItem_15">Land holdings</link:label>
    <link:labelArc xlink:type="arc" xlink:arcrole="http://www.xbrl.org/2003/arcrole/concept-label" xlink:from="newItem_9" xlink:to="label_newItem_15" xlink:title="label: newItem to label_newItem"/>
    <link:label xlink:type="resource" xlink:label="label_newItem_16" xlink:role="http://www.xbrl.org/2003/role/periodStartLabel" xlink:title="label_newItem" xml:lang="en" id="label_newItem_16"/>
    <link:labelArc xlink:type="arc" xlink:arcrole="http://www.xbrl.org/2003/arcrole/concept-label" xlink:from="newItem_9" xlink:to="label_newItem_16" xlink:title="label: newItem to label_newItem"/>
    <link:loc xlink:type="locator" xlink:href="fsa.xsd#fsa_AssetsMeantForSale" xlink:label="newItem_10" xlink:title="newItem"/>
    <link:label xlink:type="resource" xlink:label="label_newItem_17" xlink:role="http://www.xbrl.org/2003/role/label" xlink:title="label_newItem" xml:lang="da" id="label_newItem_17">Aktiver bestemt for salg </link:label>
    <link:labelArc xlink:type="arc" xlink:arcrole="http://www.xbrl.org/2003/arcrole/concept-label" xlink:from="newItem_10" xlink:to="label_newItem_17" xlink:title="label: newItem to label_newItem"/>
    <link:label xlink:type="resource" xlink:label="label_newItem_18" xlink:role="http://www.xbrl.org/2003/role/label" xlink:title="label_newItem" xml:lang="en" id="label_newItem_18">Assets meant for sale</link:label>
    <link:labelArc xlink:type="arc" xlink:arcrole="http://www.xbrl.org/2003/arcrole/concept-label" xlink:from="newItem_10" xlink:to="label_newItem_18" xlink:title="label: newItem to label_newItem"/>
    <link:loc xlink:type="locator" xlink:href="fsa.xsd#fsa_DescriptionOfMethodsOfAssetsMeantForSale" xlink:label="newItem2_6" xlink:title="newItem2"/>
    <link:label xlink:type="resource" xlink:label="label_newItem2_10" xlink:role="http://www.xbrl.org/2003/role/label" xlink:title="label_newItem2" xml:lang="da" id="label_newItem2_10">Anvendt regnskabspraksis for aktiver bestemt for salg</link:label>
    <link:labelArc xlink:type="arc" xlink:arcrole="http://www.xbrl.org/2003/arcrole/concept-label" xlink:from="newItem2_6" xlink:to="label_newItem2_10" xlink:title="label: newItem2 to label_newItem2"/>
    <link:label xlink:type="resource" xlink:label="label_newItem2_11" xlink:role="http://www.xbrl.org/2003/role/label" xlink:title="label_newItem2" xml:lang="en" id="label_newItem2_11">Description of methods of assets meant for sale </link:label>
    <link:labelArc xlink:type="arc" xlink:arcrole="http://www.xbrl.org/2003/arcrole/concept-label" xlink:from="newItem2_6" xlink:to="label_newItem2_11" xlink:title="label: newItem2 to label_newItem2"/>
    <link:loc xlink:type="locator" xlink:href="fsa.xsd#fsa_InformationOnAssetsMeantForSale" xlink:label="newItem3_4" xlink:title="newItem3"/>
    <link:label xlink:type="resource" xlink:label="label_newItem3_6" xlink:role="http://www.xbrl.org/2003/role/label" xlink:title="label_newItem3" xml:lang="da" id="label_newItem3_6">Information om aktiver bestemt for salg</link:label>
    <link:labelArc xlink:type="arc" xlink:arcrole="http://www.xbrl.org/2003/arcrole/concept-label" xlink:from="newItem3_4" xlink:to="label_newItem3_6" xlink:title="label: newItem3 to label_newItem3"/>
    <link:label xlink:type="resource" xlink:label="label_newItem3_7" xlink:role="http://www.xbrl.org/2003/role/label" xlink:title="label_newItem3" xml:lang="en" id="label_newItem3_7">Information on assets meant for sale  </link:label>
    <link:labelArc xlink:type="arc" xlink:arcrole="http://www.xbrl.org/2003/arcrole/concept-label" xlink:from="newItem3_4" xlink:to="label_newItem3_7" xlink:title="label: newItem3 to label_newItem3"/>
    <link:loc xlink:type="locator" xlink:href="fsa.xsd#fsa_InformationOnThePrincipalModificationsAsResultOfTheLiquidation" xlink:label="newItem_11" xlink:title="newItem"/>
    <link:label xlink:type="resource" xlink:label="label_newItem_19" xlink:role="http://www.xbrl.org/2003/role/label" xlink:title="label_newItem" xml:lang="da" id="label_newItem_19">Information om de væsentligste modifikationer som følge af likvidationen</link:label>
    <link:labelArc xlink:type="arc" xlink:arcrole="http://www.xbrl.org/2003/arcrole/concept-label" xlink:from="newItem_11" xlink:to="label_newItem_19" xlink:title="label: newItem to label_newItem"/>
    <link:label xlink:type="resource" xlink:label="label_newItem_20" xlink:role="http://www.xbrl.org/2003/role/label" xlink:title="label_newItem" xml:lang="en" id="label_newItem_20">Information on the principal modifications as a result of the liquidation</link:label>
    <link:labelArc xlink:type="arc" xlink:arcrole="http://www.xbrl.org/2003/arcrole/concept-label" xlink:from="newItem_11" xlink:to="label_newItem_20" xlink:title="label: newItem to label_newItem"/>
    <link:loc xlink:type="locator" xlink:href="fsa.xsd#fsa_LiquidationAccount" xlink:label="newItem_12" xlink:title="newItem"/>
    <link:label xlink:type="resource" xlink:label="label_newItem_21" xlink:role="http://www.xbrl.org/2003/role/label" xlink:title="label_newItem" xml:lang="da" id="label_newItem_21">Likivdationskonto</link:label>
    <link:labelArc xlink:type="arc" xlink:arcrole="http://www.xbrl.org/2003/arcrole/concept-label" xlink:from="newItem_12" xlink:to="label_newItem_21" xlink:title="label: newItem to label_newItem"/>
    <link:label xlink:type="resource" xlink:label="label_newItem_22" xlink:role="http://www.xbrl.org/2003/role/label" xlink:title="label_newItem" xml:lang="en" id="label_newItem_22">Liquidation account</link:label>
    <link:labelArc xlink:type="arc" xlink:arcrole="http://www.xbrl.org/2003/arcrole/concept-label" xlink:from="newItem_12" xlink:to="label_newItem_22" xlink:title="label: newItem to label_newItem"/>
    <link:loc xlink:type="locator" xlink:href="fsa.xsd#fsa_DisclosureOfLiquidationAccount" xlink:label="newItem2_7" xlink:title="newItem2"/>
    <link:label xlink:type="resource" xlink:label="label_newItem2_12" xlink:role="http://www.xbrl.org/2003/role/label" xlink:title="label_newItem2" xml:lang="da" id="label_newItem2_12">Oplysning om likvidationskonto </link:label>
    <link:labelArc xlink:type="arc" xlink:arcrole="http://www.xbrl.org/2003/arcrole/concept-label" xlink:from="newItem2_7" xlink:to="label_newItem2_12" xlink:title="label: newItem2 to label_newItem2"/>
    <link:label xlink:type="resource" xlink:label="label_newItem2_13" xlink:role="http://www.xbrl.org/2003/role/label" xlink:title="label_newItem2" xml:lang="en" id="label_newItem2_13">Disclosure of liquidation account</link:label>
    <link:labelArc xlink:type="arc" xlink:arcrole="http://www.xbrl.org/2003/arcrole/concept-label" xlink:from="newItem2_7" xlink:to="label_newItem2_13" xlink:title="label: newItem2 to label_newItem2"/>
    <link:loc xlink:type="locator" xlink:href="fsa.xsd#fsa_DescriptionOfMethodsOfLiquidationAccount" xlink:label="newItem3_5" xlink:title="newItem3"/>
    <link:label xlink:type="resource" xlink:label="label_newItem3_8" xlink:role="http://www.xbrl.org/2003/role/label" xlink:title="label_newItem3" xml:lang="da" id="label_newItem3_8">Anvendt regnskabspraksis for likvidationskonto </link:label>
    <link:labelArc xlink:type="arc" xlink:arcrole="http://www.xbrl.org/2003/arcrole/concept-label" xlink:from="newItem3_5" xlink:to="label_newItem3_8" xlink:title="label: newItem3 to label_newItem3"/>
    <link:label xlink:type="resource" xlink:label="label_newItem3_9" xlink:role="http://www.xbrl.org/2003/role/label" xlink:title="label_newItem3" xml:lang="en" id="label_newItem3_9">Description of methods of liquidation account </link:label>
    <link:labelArc xlink:type="arc" xlink:arcrole="http://www.xbrl.org/2003/arcrole/concept-label" xlink:from="newItem3_5" xlink:to="label_newItem3_9" xlink:title="label: newItem3 to label_newItem3"/>
    <link:loc xlink:type="locator" xlink:href="fsa.xsd#fsa_LiquidationAccountMember" xlink:label="copyOfInventoriesMember" xlink:title="copyOfInventoriesMember"/>
    <link:label xlink:type="resource" xlink:label="label_copyOfInventoriesMember" xlink:role="http://www.xbrl.org/2003/role/label" xlink:title="label_copyOfInventoriesMember" xml:lang="da" id="label_copyOfInventoriesMember">Likivdationskonto</link:label>
    <link:labelArc xlink:type="arc" xlink:arcrole="http://www.xbrl.org/2003/arcrole/concept-label" xlink:from="copyOfInventoriesMember" xlink:to="label_copyOfInventoriesMember" xlink:title="label: copyOfInventoriesMember to label_copyOfInventoriesMember"/>
    <link:label xlink:type="resource" xlink:label="label_copyOfInventoriesMember_2" xlink:role="http://www.xbrl.org/2003/role/label" xlink:title="label_copyOfInventoriesMember" xml:lang="en" id="label_copyOfInventoriesMember_2">Liquidation account</link:label>
    <link:labelArc xlink:type="arc" xlink:arcrole="http://www.xbrl.org/2003/arcrole/concept-label" xlink:from="copyOfInventoriesMember" xlink:to="label_copyOfInventoriesMember_2" xlink:title="label: copyOfInventoriesMember to label_copyOfInventoriesMember"/>
    <link:loc xlink:type="locator" xlink:href="fsa.xsd#fsa_TaxOnChangesInEquity" xlink:label="newItem_13" xlink:title="newItem"/>
    <link:label xlink:type="resource" xlink:label="label_newItem_23" xlink:role="http://www.xbrl.org/2003/role/label" xlink:title="label_newItem" xml:lang="en" id="label_newItem_23">Tax on changes in equity</link:label>
    <link:labelArc xlink:type="arc" xlink:arcrole="http://www.xbrl.org/2003/arcrole/concept-label" xlink:from="newItem_13" xlink:to="label_newItem_23" xlink:title="label: newItem to label_newItem"/>
    <link:label xlink:type="resource" xlink:label="label_TaxOnChangesInEquity" xlink:role="http://www.xbrl.org/2003/role/label" xlink:title="label_TaxOnChangesInEquity" xml:lang="da" id="label_TaxOnChangesInEquity">Skat af egenkapitalbevægelser</link:label>
    <link:labelArc xlink:type="arc" xlink:arcrole="http://www.xbrl.org/2003/arcrole/concept-label" xlink:from="newItem_13" xlink:to="label_TaxOnChangesInEquity" xlink:title="label: TaxOnChangesInEquity to label_TaxOnChangesInEquity"/>
  </link:labelLink>
</link:linkbase>
