<?xml version="1.0" encoding="UTF-8"?>

<?officialURI http://archprod.service.eogs.dk/taxonomy/20131220/sob/references/ref-sob_2013-12-20.xml?>

<?taxonomy-version 0.0.10?>

<link:linkbase xmlns:xsi="http://www.w3.org/2001/XMLSchema-instance" xsi:schemaLocation="http://www.xbrl.org/2006/ref http://www.xbrl.org/2006/ref-2006-02-27.xsd http://www.xbrl.org/2003/linkbase http://www.xbrl.org/2003/xbrl-linkbase-2003-12-31.xsd" xmlns:link="http://www.xbrl.org/2003/linkbase" xmlns:ref="http://www.xbrl.org/2006/ref" xmlns:xbrli="http://www.xbrl.org/2003/instance" xmlns:xlink="http://www.w3.org/1999/xlink">
  <link:referenceLink xlink:type="extended" xlink:role="http://www.xbrl.org/2003/role/link">
    <link:loc xlink:type="locator" xlink:href="../sob-cor-2013-12-20.xsd#sob_ApprovalOfAnnualReportAbstract" xlink:label="ApprovalOfAnnualReportAbstract"/>
    <link:reference xlink:type="resource" xlink:label="reference_ApprovalOfAnnualReportAbstract" xlink:role="http://www.xbrl.org/2003/role/reference" id="reference_ApprovalOfAnnualReportAbstract">
      <ref:Publisher>Økonomi- og Erhvervsministeriet</ref:Publisher>
      <ref:Name>Årsregnskabsloven</ref:Name>
      <ref:Paragraph>9</ref:Paragraph>
      <ref:Subparagraph>1</ref:Subparagraph>
    </link:reference>
    <link:referenceArc xlink:type="arc" xlink:arcrole="http://www.xbrl.org/2003/arcrole/concept-reference" xlink:from="ApprovalOfAnnualReportAbstract" xlink:to="reference_ApprovalOfAnnualReportAbstract" order="10.0"/>
    <link:loc xlink:type="locator" xlink:href="../sob-cor-2013-12-20.xsd#sob_StatementByExecutiveAndSupervisoryBoards" xlink:label="StatementByExecutiveAndSupervisoryBoards"/>
    <link:reference xlink:type="resource" xlink:label="reference_StatementByExecutiveAndSupervisoryBoards" xlink:role="http://www.xbrl.org/2003/role/reference" id="reference_StatementByExecutiveAndSupervisoryBoards">
      <ref:Publisher>Økonomi- og Erhvervsministeriet</ref:Publisher>
      <ref:Name>Årsregnskabsloven</ref:Name>
      <ref:Paragraph>9</ref:Paragraph>
      <ref:Subparagraph>1</ref:Subparagraph>
    </link:reference>
    <link:referenceArc xlink:type="arc" xlink:arcrole="http://www.xbrl.org/2003/arcrole/concept-reference" xlink:from="StatementByExecutiveAndSupervisoryBoards" xlink:to="reference_StatementByExecutiveAndSupervisoryBoards" order="10.0"/>
    <link:reference xlink:type="resource" xlink:label="reference_StatementByExecutiveAndSupervisoryBoards_2" xlink:role="http://www.xbrl.org/2003/role/reference" id="reference_StatementByExecutiveAndSupervisoryBoards_2">
      <ref:Publisher>Økonomi- og Erhvervsministeriet</ref:Publisher>
      <ref:Name>Årsregnskabsloven</ref:Name>
      <ref:Paragraph>18</ref:Paragraph>
    </link:reference>
    <link:referenceArc xlink:type="arc" xlink:arcrole="http://www.xbrl.org/2003/arcrole/concept-reference" xlink:from="StatementByExecutiveAndSupervisoryBoards" xlink:to="reference_StatementByExecutiveAndSupervisoryBoards_2" order="10.0"/>
    <link:reference xlink:type="resource" xlink:label="reference_StatementByExecutiveAndSupervisoryBoards_3" xlink:role="http://www.xbrl.org/2003/role/reference" id="reference_StatementByExecutiveAndSupervisoryBoards_3">
      <ref:Publisher>Økonomi- og Erhvervsministeriet</ref:Publisher>
      <ref:Name>Årsregnskabsloven</ref:Name>
      <ref:Paragraph>22</ref:Paragraph>
      <ref:Subparagraph>1</ref:Subparagraph>
    </link:reference>
    <link:referenceArc xlink:type="arc" xlink:arcrole="http://www.xbrl.org/2003/arcrole/concept-reference" xlink:from="StatementByExecutiveAndSupervisoryBoards" xlink:to="reference_StatementByExecutiveAndSupervisoryBoards_3" order="10.0"/>
    <link:reference xlink:type="resource" xlink:label="reference_StatementByExecutiveAndSupervisoryBoards_4" xlink:role="http://www.xbrl.org/2003/role/reference" id="reference_StatementByExecutiveAndSupervisoryBoards_4">
      <ref:Publisher>Økonomi- og Erhvervsministeriet</ref:Publisher>
      <ref:Name>Årsregnskabsloven</ref:Name>
      <ref:Paragraph>78</ref:Paragraph>
      <ref:Subparagraph>1</ref:Subparagraph>
    </link:reference>
    <link:referenceArc xlink:type="arc" xlink:arcrole="http://www.xbrl.org/2003/arcrole/concept-reference" xlink:from="StatementByExecutiveAndSupervisoryBoards" xlink:to="reference_StatementByExecutiveAndSupervisoryBoards_4" order="10.0"/>
    <link:loc xlink:type="locator" xlink:href="../sob-cor-2013-12-20.xsd#sob_ConfirmationThatFinancialStatementGivesTrueAndFairViewOfAssetsLiabilitiesEquityFinancialPositionAndResults" xlink:label="ConfirmationThatFinancialStatementGivesTrueAndFairViewOfAssetsLiabilitiesEquityFinancialPositionAndResults"/>
    <link:reference xlink:type="resource" xlink:label="reference_ConfirmationThatFinancialStatementGivesTrueAndFairViewOfAssetsLiabilitiesEquityFinancialPositionAndResults" xlink:role="http://www.xbrl.org/2003/role/reference" id="reference_ConfirmationThatFinancialStatementGivesTrueAndFairViewOfAssetsLiabilitiesEquityFinancialPositionAndResults">
      <ref:Publisher>Økonomi- og Erhvervsministeriet</ref:Publisher>
      <ref:Name>Årsregnskabsloven</ref:Name>
      <ref:Paragraph>9</ref:Paragraph>
      <ref:Subparagraph>1</ref:Subparagraph>
      <ref:Clause>2</ref:Clause>
    </link:reference>
    <link:referenceArc xlink:type="arc" xlink:arcrole="http://www.xbrl.org/2003/arcrole/concept-reference" xlink:from="ConfirmationThatFinancialStatementGivesTrueAndFairViewOfAssetsLiabilitiesEquityFinancialPositionAndResults" xlink:to="reference_ConfirmationThatFinancialStatementGivesTrueAndFairViewOfAssetsLiabilitiesEquityFinancialPositionAndResults" order="10.0"/>
    <link:reference xlink:type="resource" xlink:label="reference_ConfirmationThatFinancialStatementGivesTrueAndFairViewOfAssetsLiabilitiesEquityFinancialPositionAndResults_2" xlink:role="http://www.xbrl.org/2003/role/reference" id="reference_ConfirmationThatFinancialStatementGivesTrueAndFairViewOfAssetsLiabilitiesEquityFinancialPositionAndResults_2">
      <ref:Publisher>Økonomi- og Erhvervsministeriet</ref:Publisher>
      <ref:Name>Årsregnskabsloven</ref:Name>
      <ref:Paragraph>11</ref:Paragraph>
      <ref:Subparagraph>1</ref:Subparagraph>
    </link:reference>
    <link:referenceArc xlink:type="arc" xlink:arcrole="http://www.xbrl.org/2003/arcrole/concept-reference" xlink:from="ConfirmationThatFinancialStatementGivesTrueAndFairViewOfAssetsLiabilitiesEquityFinancialPositionAndResults" xlink:to="reference_ConfirmationThatFinancialStatementGivesTrueAndFairViewOfAssetsLiabilitiesEquityFinancialPositionAndResults_2" order="10.0"/>
    <link:loc xlink:type="locator" xlink:href="../sob-cor-2013-12-20.xsd#sob_ConfirmationThatAnnualReportIsPresentedInAccordanceWithRequirementsProvidedForByLegislationAnyStandardsAndRequirementsProvidedByArticlesOfAssociationOrByAgreement" xlink:label="ConfirmationThatAnnualReportIsPresentedInAccordanceWithRequirementsProvidedForByLegislationAnyStandardsAndRequirementsProvidedByArticlesOfAssociationOrByAgreement"/>
    <link:reference xlink:type="resource" xlink:label="reference_ConfirmationThatAnnualReportIsPresentedInAccordanceWithRequirementsProvidedForByLegislationAnyStandardsAndRequirementsProvidedByArticlesOfAssociationOrByAgreement" xlink:role="http://www.xbrl.org/2003/role/reference" id="reference_ConfirmationThatAnnualReportIsPresentedInAccordanceWithRequirementsProvidedForByLegislationAnyStandardsAndRequirementsProvidedByArticlesOfAssociationOrByAgreement">
      <ref:Publisher>Økonomi- og Erhvervsministeriet</ref:Publisher>
      <ref:Name>Årsregnskabsloven</ref:Name>
      <ref:Paragraph>9</ref:Paragraph>
      <ref:Subparagraph>1</ref:Subparagraph>
      <ref:Clause>1</ref:Clause>
    </link:reference>
    <link:referenceArc xlink:type="arc" xlink:arcrole="http://www.xbrl.org/2003/arcrole/concept-reference" xlink:from="ConfirmationThatAnnualReportIsPresentedInAccordanceWithRequirementsProvidedForByLegislationAnyStandardsAndRequirementsProvidedByArticlesOfAssociationOrByAgreement" xlink:to="reference_ConfirmationThatAnnualReportIsPresentedInAccordanceWithRequirementsProvidedForByLegislationAnyStandardsAndRequirementsProvidedByArticlesOfAssociationOrByAgreement" order="10.0"/>
    <link:loc xlink:type="locator" xlink:href="../sob-cor-2013-12-20.xsd#sob_ConfirmationThatFinancialStatementsAreExemptedFromAuditing" xlink:label="ConfirmationThatFinancialStatementsAreExemptedFromAuditing"/>
    <link:reference xlink:type="resource" xlink:label="reference_ConfirmationThatFinancialStatementsAreExemptedFromAuditing" xlink:role="http://www.xbrl.org/2003/role/reference" id="reference_ConfirmationThatFinancialStatementsAreExemptedFromAuditing">
      <ref:Publisher>Økonomi- og Erhvervsministeriet</ref:Publisher>
      <ref:Name>Årsregnskabsloven</ref:Name>
      <ref:Paragraph>9</ref:Paragraph>
      <ref:Subparagraph>4</ref:Subparagraph>
    </link:reference>
    <link:referenceArc xlink:type="arc" xlink:arcrole="http://www.xbrl.org/2003/arcrole/concept-reference" xlink:from="ConfirmationThatFinancialStatementsAreExemptedFromAuditing" xlink:to="reference_ConfirmationThatFinancialStatementsAreExemptedFromAuditing" order="10.0"/>
    <link:loc xlink:type="locator" xlink:href="../sob-cor-2013-12-20.xsd#sob_ConfirmationThatSupplementaryReportsGiveTrueAndFairViewInAccordanceWithGenerallyAcceptedGuidelinesForSuchReports" xlink:label="ConfirmationThatSupplementaryReportsGiveTrueAndFairViewInAccordanceWithGenerallyAcceptedGuidelinesForSuchReports"/>
    <link:reference xlink:type="resource" xlink:label="reference_ConfirmationThatSupplementaryReportsGiveTrueAndFairViewInAccordanceWithGenerallyAcceptedGuidelinesForSuchReports" xlink:role="http://www.xbrl.org/2003/role/reference" id="reference_ConfirmationThatSupplementaryReportsGiveTrueAndFairViewInAccordanceWithGenerallyAcceptedGuidelinesForSuchReports">
      <ref:Publisher>Økonomi- og Erhvervsministeriet</ref:Publisher>
      <ref:Name>Årsregnskabsloven</ref:Name>
      <ref:Paragraph>9</ref:Paragraph>
      <ref:Subparagraph>5</ref:Subparagraph>
    </link:reference>
    <link:referenceArc xlink:type="arc" xlink:arcrole="http://www.xbrl.org/2003/arcrole/concept-reference" xlink:from="ConfirmationThatSupplementaryReportsGiveTrueAndFairViewInAccordanceWithGenerallyAcceptedGuidelinesForSuchReports" xlink:to="reference_ConfirmationThatSupplementaryReportsGiveTrueAndFairViewInAccordanceWithGenerallyAcceptedGuidelinesForSuchReports" order="10.0"/>
    <link:loc xlink:type="locator" xlink:href="../sob-cor-2013-12-20.xsd#sob_StatementOnOptingOutOfAuditingFinancialStatementsInNextReportingPeriodDueToExemption" xlink:label="StatementOnOptingOutOfAuditingFinancialStatementsInNextReportingPeriodDueToExemption"/>
    <link:reference xlink:type="resource" xlink:label="reference_StatementOnOptingOutOfAuditingFinancialStatementsInNextReportingPeriodDueToExemption" xlink:role="http://www.xbrl.org/2003/role/reference" id="reference_StatementOnOptingOutOfAuditingFinancialStatementsInNextReportingPeriodDueToExemption">
      <ref:Publisher>Økonomi- og Erhvervsministeriet</ref:Publisher>
      <ref:Name>Årsregnskabsloven</ref:Name>
      <ref:Paragraph>10a</ref:Paragraph>
    </link:reference>
    <link:referenceArc xlink:type="arc" xlink:arcrole="http://www.xbrl.org/2003/arcrole/concept-reference" xlink:from="StatementOnOptingOutOfAuditingFinancialStatementsInNextReportingPeriodDueToExemption" xlink:to="reference_StatementOnOptingOutOfAuditingFinancialStatementsInNextReportingPeriodDueToExemption" order="10.0"/>
    <link:loc xlink:type="locator" xlink:href="../sob-cor-2013-12-20.xsd#sob_DateOfApprovalOfAnnualReport" xlink:label="DateOfApprovalOfAnnualReport"/>
    <link:reference xlink:type="resource" xlink:label="reference_DateOfApprovalOfAnnualReport" xlink:role="http://www.xbrl.org/2003/role/reference" id="reference_DateOfApprovalOfAnnualReport">
      <ref:Publisher>Økonomi- og Erhvervsministeriet</ref:Publisher>
      <ref:Name>Årsregnskabsloven</ref:Name>
      <ref:Paragraph>9</ref:Paragraph>
      <ref:Subparagraph>1</ref:Subparagraph>
    </link:reference>
    <link:referenceArc xlink:type="arc" xlink:arcrole="http://www.xbrl.org/2003/arcrole/concept-reference" xlink:from="DateOfApprovalOfAnnualReport" xlink:to="reference_DateOfApprovalOfAnnualReport" order="10.0"/>
    <link:loc xlink:type="locator" xlink:href="../sob-cor-2013-12-20.xsd#sob_PlaceOfSignatureOfStatement" xlink:label="PlaceOfSignatureOfStatement"/>
    <link:reference xlink:type="resource" xlink:label="reference_PlaceOfSignatureOfStatement" xlink:role="http://www.xbrl.org/2003/role/reference" id="reference_PlaceOfSignatureOfStatement">
      <ref:Publisher>Erhvervs- og Selskabsstyrelsen</ref:Publisher>
      <ref:Name>Praksis</ref:Name>
    </link:reference>
    <link:referenceArc xlink:type="arc" xlink:arcrole="http://www.xbrl.org/2003/arcrole/concept-reference" xlink:from="PlaceOfSignatureOfStatement" xlink:to="reference_PlaceOfSignatureOfStatement" order="10.0"/>
    <link:loc xlink:type="locator" xlink:href="../sob-cor-2013-12-20.xsd#sob_DescriptionOfSpecificAndAdequateGroundsForObjectionsOfMemberOfExecutiveBoardOnAnnualReport" xlink:label="DescriptionOfSpecificAndAdequateGroundsForObjectionsOfMemberOfExecutiveBoardOnAnnualReport"/>
    <link:reference xlink:type="resource" xlink:label="reference_DescriptionOfSpecificAndAdequateGroundsForObjectionsOfMemberOfExecutiveBoardOnAnnualReport" xlink:role="http://www.xbrl.org/2003/role/reference" id="reference_DescriptionOfSpecificAndAdequateGroundsForObjectionsOfMemberOfExecutiveBoardOnAnnualReport">
      <ref:Publisher>Økonomi- og Erhvervsministeriet</ref:Publisher>
      <ref:Name>Årsregnskabsloven</ref:Name>
      <ref:Paragraph>10</ref:Paragraph>
      <ref:Subparagraph>1</ref:Subparagraph>
    </link:reference>
    <link:referenceArc xlink:type="arc" xlink:arcrole="http://www.xbrl.org/2003/arcrole/concept-reference" xlink:from="DescriptionOfSpecificAndAdequateGroundsForObjectionsOfMemberOfExecutiveBoardOnAnnualReport" xlink:to="reference_DescriptionOfSpecificAndAdequateGroundsForObjectionsOfMemberOfExecutiveBoardOnAnnualReport" order="10.0"/>
    <link:loc xlink:type="locator" xlink:href="../sob-cor-2013-12-20.xsd#sob_DescriptionOfSpecificAndAdequateGroundsForObjectionsOfMemberOfSupervisoryBoardOnAnnualReport" xlink:label="DescriptionOfSpecificAndAdequateGroundsForObjectionsOfMemberOfSupervisoryBoardOnAnnualReport"/>
    <link:reference xlink:type="resource" xlink:label="reference_DescriptionOfSpecificAndAdequateGroundsForObjectionsOfMemberOfSupervisoryBoardOnAnnualReport" xlink:role="http://www.xbrl.org/2003/role/reference" id="reference_DescriptionOfSpecificAndAdequateGroundsForObjectionsOfMemberOfSupervisoryBoardOnAnnualReport">
      <ref:Publisher>Økonomi- og Erhvervsministeriet</ref:Publisher>
      <ref:Name>Årsregnskabsloven</ref:Name>
      <ref:Paragraph>10</ref:Paragraph>
      <ref:Subparagraph>1</ref:Subparagraph>
    </link:reference>
    <link:referenceArc xlink:type="arc" xlink:arcrole="http://www.xbrl.org/2003/arcrole/concept-reference" xlink:from="DescriptionOfSpecificAndAdequateGroundsForObjectionsOfMemberOfSupervisoryBoardOnAnnualReport" xlink:to="reference_DescriptionOfSpecificAndAdequateGroundsForObjectionsOfMemberOfSupervisoryBoardOnAnnualReport" order="10.0"/>
  </link:referenceLink>
</link:linkbase>
