<?xml version="1.0" encoding="UTF-8"?>
<!-- Generated by Fujitsu Interstage XWand B0209 -->
<?officialURI http://archprod.service.eogs.dk/taxonomy/20141220/ifrs/full_ifrs_dk/ifrs-dk_220.00_2014-12-20/def_ifrs-dk_2014-12-20_role-220.00.xml?>

<?taxonomy-version 0.2.0?>

<link:linkbase xmlns:xsi="http://www.w3.org/2001/XMLSchema-instance" xsi:schemaLocation="http://www.xbrl.org/2003/linkbase http://www.xbrl.org/2003/xbrl-linkbase-2003-12-31.xsd" xmlns:link="http://www.xbrl.org/2003/linkbase" xmlns:ifrs-dk-entry-ifrs-dk_2014-12-20="http://xbrl.dcca.dk/ifrs-dk/entry-ifrs-dk_2014-12-20" xmlns:xlink="http://www.w3.org/1999/xlink" xmlns:xbrli="http://www.xbrl.org/2003/instance" xmlns:xbrldt="http://xbrl.org/2005/xbrldt" xmlns:rol_ifrs-dk_220.00_2014-12-20="http://xbrl.dcca.dk/role/ifrs-dk/rol_ifrs-dk_220.00_2014-12-20">
  <link:roleRef roleURI="http://xbrl.dcca.dk/role/220.00/StatementOfFinancialPositionOrderOfLiquidity" xlink:type="simple" xlink:href="rol_ifrs-dk_220.00_2014-12-20.xsd#ifrs-dk_22000_StatementOfFinancialPositionOrderOfLiquidity"/>
  <link:roleRef roleURI="http://xbrl.ifrs.org/role/ifrs/ifrs-dim_role-913000" xlink:type="simple" xlink:href="../../../../full_ifrs/dimensions_full_ifrs/rol_full_ifrs-dim_2014-03-05.xsd#ifrs-dim_role-913000"/>
  <link:arcroleRef arcroleURI="http://xbrl.org/int/dim/arcrole/all" xlink:type="simple" xlink:href="http://www.xbrl.org/2005/xbrldt-2005.xsd#all"/>
  <link:arcroleRef arcroleURI="http://xbrl.org/int/dim/arcrole/domain-member" xlink:type="simple" xlink:href="http://www.xbrl.org/2005/xbrldt-2005.xsd#domain-member"/>
  <link:arcroleRef arcroleURI="http://xbrl.org/int/dim/arcrole/hypercube-dimension" xlink:type="simple" xlink:href="http://www.xbrl.org/2005/xbrldt-2005.xsd#hypercube-dimension"/>
  <link:definitionLink xlink:type="extended" xlink:role="http://xbrl.dcca.dk/role/220.00/StatementOfFinancialPositionOrderOfLiquidity">
    <link:loc xlink:type="locator" xlink:href="../../../cmn.xsd#cmn_CommonTable" xlink:label="CommonTable" xlink:title="CommonTable"/>
    <link:loc xlink:type="locator" xlink:href="../../../../full_ifrs-cor_2014-03-05.xsd#ifrs-full_ConsolidatedAndSeparateFinancialStatementsAxis" xlink:label="ConsolidatedAndSeparateFinancialStatementsAxis" xlink:title="ConsolidatedAndSeparateFinancialStatementsAxis"/>
    <link:definitionArc xlink:type="arc" xlink:arcrole="http://xbrl.org/int/dim/arcrole/hypercube-dimension" xlink:from="CommonTable" xlink:to="ConsolidatedAndSeparateFinancialStatementsAxis" xlink:title="definition: CommonTable to ConsolidatedAndSeparateFinancialStatementsAxis" order="1.0" xbrldt:targetRole="http://xbrl.ifrs.org/role/ifrs/ifrs-dim_role-913000"/>
    <link:loc xlink:type="locator" xlink:href="../../../../full_ifrs-cor_2014-03-05.xsd#ifrs-full_StatementOfFinancialPositionAbstract" xlink:label="StatementOfFinancialPositionAbstract"/>
    <link:loc xlink:type="locator" xlink:href="../../../../full_ifrs-cor_2014-03-05.xsd#ifrs-full_AssetsAbstract" xlink:label="AssetsAbstract"/>
    <link:definitionArc xlink:type="arc" xlink:arcrole="http://xbrl.org/int/dim/arcrole/domain-member" xlink:from="StatementOfFinancialPositionAbstract" xlink:to="AssetsAbstract" order="1.0"/>
    <link:loc xlink:type="locator" xlink:href="../../../../full_ifrs-cor_2014-03-05.xsd#ifrs-full_PropertyPlantAndEquipmentAbstract" xlink:label="PropertyPlantAndEquipmentAbstract"/>
    <link:loc xlink:type="locator" xlink:href="../../../../full_ifrs-cor_2014-03-05.xsd#ifrs-full_LandAndBuildingsAbstract" xlink:label="LandAndBuildingsAbstract"/>
    <link:definitionArc xlink:type="arc" xlink:arcrole="http://xbrl.org/int/dim/arcrole/domain-member" xlink:from="PropertyPlantAndEquipmentAbstract" xlink:to="LandAndBuildingsAbstract" use="optional" order="1.0"/>
    <link:loc xlink:type="locator" xlink:href="../../../../full_ifrs-cor_2014-03-05.xsd#ifrs-full_Land" xlink:label="Land"/>
    <link:definitionArc xlink:type="arc" xlink:arcrole="http://xbrl.org/int/dim/arcrole/domain-member" xlink:from="LandAndBuildingsAbstract" xlink:to="Land" use="optional" order="1.0"/>
    <link:loc xlink:type="locator" xlink:href="../../../../full_ifrs-cor_2014-03-05.xsd#ifrs-full_Buildings" xlink:label="Buildings"/>
    <link:definitionArc xlink:type="arc" xlink:arcrole="http://xbrl.org/int/dim/arcrole/domain-member" xlink:from="LandAndBuildingsAbstract" xlink:to="Buildings" use="optional" order="2.0"/>
    <link:loc xlink:type="locator" xlink:href="../../../../full_ifrs-cor_2014-03-05.xsd#ifrs-full_LandAndBuildings" xlink:label="LandAndBuildings"/>
    <link:definitionArc xlink:type="arc" xlink:arcrole="http://xbrl.org/int/dim/arcrole/domain-member" xlink:from="LandAndBuildingsAbstract" xlink:to="LandAndBuildings" use="optional" order="3.0"/>
    <link:loc xlink:type="locator" xlink:href="../../../../full_ifrs-cor_2014-03-05.xsd#ifrs-full_TangibleExplorationAndEvaluationAssets" xlink:label="TangibleExplorationAndEvaluationAssets"/>
    <link:definitionArc xlink:type="arc" xlink:arcrole="http://xbrl.org/int/dim/arcrole/domain-member" xlink:from="PropertyPlantAndEquipmentAbstract" xlink:to="TangibleExplorationAndEvaluationAssets" use="optional" order="7.0"/>
    <link:loc xlink:type="locator" xlink:href="../../../../full_ifrs-cor_2014-03-05.xsd#ifrs-full_OfficeEquipment" xlink:label="OfficeEquipment"/>
    <link:definitionArc xlink:type="arc" xlink:arcrole="http://xbrl.org/int/dim/arcrole/domain-member" xlink:from="PropertyPlantAndEquipmentAbstract" xlink:to="OfficeEquipment" use="optional" order="6.0"/>
    <link:loc xlink:type="locator" xlink:href="../../../../full_ifrs-cor_2014-03-05.xsd#ifrs-full_ConstructionInProgress" xlink:label="ConstructionInProgress"/>
    <link:definitionArc xlink:type="arc" xlink:arcrole="http://xbrl.org/int/dim/arcrole/domain-member" xlink:from="PropertyPlantAndEquipmentAbstract" xlink:to="ConstructionInProgress" use="optional" order="8.0"/>
    <link:loc xlink:type="locator" xlink:href="../../../../full_ifrs-cor_2014-03-05.xsd#ifrs-full_PropertyPlantAndEquipment" xlink:label="PropertyPlantAndEquipment"/>
    <link:definitionArc xlink:type="arc" xlink:arcrole="http://xbrl.org/int/dim/arcrole/domain-member" xlink:from="PropertyPlantAndEquipmentAbstract" xlink:to="PropertyPlantAndEquipment" use="optional" order="10.0"/>
    <link:loc xlink:type="locator" xlink:href="../../../../full_ifrs-cor_2014-03-05.xsd#ifrs-full_Vehicles" xlink:label="Vehicles"/>
    <link:definitionArc xlink:type="arc" xlink:arcrole="http://xbrl.org/int/dim/arcrole/domain-member" xlink:from="PropertyPlantAndEquipmentAbstract" xlink:to="Vehicles" use="optional" order="2.0"/>
    <link:loc xlink:type="locator" xlink:href="../../ifrs-dk-cor_2014-12-20.xsd#ifrs-dk_EquipmentAbstract" xlink:label="EquipmentAbstract"/>
    <link:definitionArc xlink:type="arc" xlink:arcrole="http://xbrl.org/int/dim/arcrole/domain-member" xlink:from="PropertyPlantAndEquipmentAbstract" xlink:to="EquipmentAbstract" use="optional" order="3.0"/>
    <link:loc xlink:type="locator" xlink:href="../../ifrs-dk-cor_2014-12-20.xsd#ifrs-dk_Containers" xlink:label="Containers"/>
    <link:definitionArc xlink:type="arc" xlink:arcrole="http://xbrl.org/int/dim/arcrole/domain-member" xlink:from="EquipmentAbstract" xlink:to="Containers" use="optional" order="3.0"/>
    <link:loc xlink:type="locator" xlink:href="../../ifrs-dk-cor_2014-12-20.xsd#ifrs-dk_OperationalMaterial" xlink:label="OperationalMaterial"/>
    <link:definitionArc xlink:type="arc" xlink:arcrole="http://xbrl.org/int/dim/arcrole/domain-member" xlink:from="EquipmentAbstract" xlink:to="OperationalMaterial" use="optional" order="4.0"/>
    <link:loc xlink:type="locator" xlink:href="../../ifrs-dk-cor_2014-12-20.xsd#ifrs-dk_Equipment" xlink:label="Equipment"/>
    <link:definitionArc xlink:type="arc" xlink:arcrole="http://xbrl.org/int/dim/arcrole/domain-member" xlink:from="EquipmentAbstract" xlink:to="Equipment" use="optional" order="5.0"/>
    <link:loc xlink:type="locator" xlink:href="../../ifrs-dk-cor_2014-12-20.xsd#ifrs-dk_ProductionFacilityAndMachineryAbstract" xlink:label="ProductionFacilityAndMachineryAbstract" xlink:title="ProductionFacilityAndMachineryAbstract"/>
    <link:definitionArc xlink:type="arc" xlink:arcrole="http://xbrl.org/int/dim/arcrole/domain-member" xlink:from="EquipmentAbstract" xlink:to="ProductionFacilityAndMachineryAbstract" xlink:title="definition: EquipmentAbstract to ProductionFacilityAndMachineryAbstract" order="1.0"/>
    <link:loc xlink:type="locator" xlink:href="../../../../full_ifrs-cor_2014-03-05.xsd#ifrs-full_Machinery" xlink:label="Machinery"/>
    <link:definitionArc xlink:type="arc" xlink:arcrole="http://xbrl.org/int/dim/arcrole/domain-member" xlink:from="ProductionFacilityAndMachineryAbstract" xlink:to="Machinery" xlink:title="definition: ProductionFacilityAndMachineryAbstract to Machinery" use="optional" order="1.0"/>
    <link:loc xlink:type="locator" xlink:href="../../ifrs-dk-cor_2014-12-20.xsd#ifrs-dk_ProductionFacility" xlink:label="ProductionFacility"/>
    <link:definitionArc xlink:type="arc" xlink:arcrole="http://xbrl.org/int/dim/arcrole/domain-member" xlink:from="ProductionFacilityAndMachineryAbstract" xlink:to="ProductionFacility" xlink:title="definition: ProductionFacilityAndMachineryAbstract to ProductionFacility" order="2.0"/>
    <link:loc xlink:type="locator" xlink:href="../../ifrs-dk-cor_2014-12-20.xsd#ifrs-dk_ProductionFacilityAndMachinery" xlink:label="ProductionFacilityAndMachinery" xlink:title="ProductionFacilityAndMachinery"/>
    <link:definitionArc xlink:type="arc" xlink:arcrole="http://xbrl.org/int/dim/arcrole/domain-member" xlink:from="ProductionFacilityAndMachineryAbstract" xlink:to="ProductionFacilityAndMachinery" xlink:title="definition: ProductionFacilityAndMachineryAbstract to ProductionFacilityAndMachinery" order="3.0"/>
    <link:loc xlink:type="locator" xlink:href="../../ifrs-dk-cor_2014-12-20.xsd#ifrs-dk_InfrastructureAndPlant" xlink:label="InfrastructureAndPlant"/>
    <link:definitionArc xlink:type="arc" xlink:arcrole="http://xbrl.org/int/dim/arcrole/domain-member" xlink:from="PropertyPlantAndEquipmentAbstract" xlink:to="InfrastructureAndPlant" use="optional" order="4.0"/>
    <link:loc xlink:type="locator" xlink:href="../../ifrs-dk-cor_2014-12-20.xsd#ifrs-dk_FixturesAndFittingsAbstract" xlink:label="FixturesAndFittingsAbstract"/>
    <link:definitionArc xlink:type="arc" xlink:arcrole="http://xbrl.org/int/dim/arcrole/domain-member" xlink:from="PropertyPlantAndEquipmentAbstract" xlink:to="FixturesAndFittingsAbstract" use="optional" order="5.0"/>
    <link:loc xlink:type="locator" xlink:href="../../ifrs-dk-cor_2014-12-20.xsd#ifrs-dk_Fixtures" xlink:label="Fixtures"/>
    <link:definitionArc xlink:type="arc" xlink:arcrole="http://xbrl.org/int/dim/arcrole/domain-member" xlink:from="FixturesAndFittingsAbstract" xlink:to="Fixtures" use="optional" order="1.0"/>
    <link:loc xlink:type="locator" xlink:href="../../ifrs-dk-cor_2014-12-20.xsd#ifrs-dk_Fittings" xlink:label="Fittings"/>
    <link:definitionArc xlink:type="arc" xlink:arcrole="http://xbrl.org/int/dim/arcrole/domain-member" xlink:from="FixturesAndFittingsAbstract" xlink:to="Fittings" use="optional" order="2.0"/>
    <link:loc xlink:type="locator" xlink:href="../../ifrs-dk-cor_2014-12-20.xsd#ifrs-dk_ComputerHardware" xlink:label="ComputerHardware"/>
    <link:definitionArc xlink:type="arc" xlink:arcrole="http://xbrl.org/int/dim/arcrole/domain-member" xlink:from="FixturesAndFittingsAbstract" xlink:to="ComputerHardware" use="optional" order="3.0"/>
    <link:loc xlink:type="locator" xlink:href="../../ifrs-dk-cor_2014-12-20.xsd#ifrs-dk_LeaseholdImprovements" xlink:label="LeaseholdImprovements"/>
    <link:definitionArc xlink:type="arc" xlink:arcrole="http://xbrl.org/int/dim/arcrole/domain-member" xlink:from="FixturesAndFittingsAbstract" xlink:to="LeaseholdImprovements" use="optional" order="4.0"/>
    <link:loc xlink:type="locator" xlink:href="../../../../full_ifrs-cor_2014-03-05.xsd#ifrs-full_FixturesAndFittings" xlink:label="FixturesAndFittings"/>
    <link:definitionArc xlink:type="arc" xlink:arcrole="http://xbrl.org/int/dim/arcrole/domain-member" xlink:from="FixturesAndFittingsAbstract" xlink:to="FixturesAndFittings" use="optional" order="5.0"/>
    <link:loc xlink:type="locator" xlink:href="../../../../full_ifrs-cor_2014-03-05.xsd#ifrs-full_OtherPropertyPlantAndEquipment" xlink:label="OtherPropertyPlantAndEquipment"/>
    <link:definitionArc xlink:type="arc" xlink:arcrole="http://xbrl.org/int/dim/arcrole/domain-member" xlink:from="PropertyPlantAndEquipmentAbstract" xlink:to="OtherPropertyPlantAndEquipment" use="optional" order="9.0"/>
    <link:loc xlink:type="locator" xlink:href="../../ifrs-dk-cor_2014-12-20.xsd#ifrs-dk_OtherPropertyPlantAndEquipmentInProgress" xlink:label="OtherPropertyPlantAndEquipmentInProgress" xlink:title="OtherPropertyPlantAndEquipmentInProgress"/>
    <link:definitionArc xlink:type="arc" xlink:arcrole="http://xbrl.org/int/dim/arcrole/domain-member" xlink:from="PropertyPlantAndEquipmentAbstract" xlink:to="OtherPropertyPlantAndEquipmentInProgress" xlink:title="definition: PropertyPlantAndEquipmentAbstract to OtherPropertyPlantAndEquipmentInProgress" order="8.0"/>
    <link:loc xlink:type="locator" xlink:href="../../ifrs-dk-cor_2014-12-20.xsd#ifrs-dk_PlantAndMachinery" xlink:label="PlantAndMachinery" xlink:title="PlantAndMachinery"/>
    <link:definitionArc xlink:type="arc" xlink:arcrole="http://xbrl.org/int/dim/arcrole/domain-member" xlink:from="PropertyPlantAndEquipmentAbstract" xlink:to="PlantAndMachinery" xlink:title="definition: PropertyPlantAndEquipmentAbstract to PlantAndMachinery" order="4.5"/>
    <link:loc xlink:type="locator" xlink:href="../../ifrs-dk-cor_2014-12-20.xsd#ifrs-dk_OtherPlantFixturesAndFittingsToolsAndEquipment" xlink:label="OtherPlantFixturesAndFittingsToolsAndEquipment" xlink:title="OtherPlantFixturesAndFittingsToolsAndEquipment"/>
    <link:definitionArc xlink:type="arc" xlink:arcrole="http://xbrl.org/int/dim/arcrole/domain-member" xlink:from="PropertyPlantAndEquipmentAbstract" xlink:to="OtherPlantFixturesAndFittingsToolsAndEquipment" xlink:title="definition: PropertyPlantAndEquipmentAbstract to OtherPlantFixturesAndFittingsToolsAndEquipment" order="4.6"/>
    <link:loc xlink:type="locator" xlink:href="../../ifrs-dk-cor_2014-12-20.xsd#ifrs-dk_PropertyPlantAndEquipmentInProgressAndPrepaymentsForPropertyPlantAndEquipmentAbstract" xlink:label="PropertyPlantAndEquipmentInProgressAndPrepaymentsForPropertyPlantAndEquipmentAbstract" xlink:title="PropertyPlantAndEquipmentInProgressAndPrepaymentsForPropertyPlantAndEquipmentAbstract"/>
    <link:definitionArc xlink:type="arc" xlink:arcrole="http://xbrl.org/int/dim/arcrole/domain-member" xlink:from="PropertyPlantAndEquipmentAbstract" xlink:to="PropertyPlantAndEquipmentInProgressAndPrepaymentsForPropertyPlantAndEquipmentAbstract" xlink:title="definition: PropertyPlantAndEquipmentAbstract to PropertyPlantAndEquipmentInProgressAndPrepaymentsForPropertyPlantAndEquipmentAbstract" order="7.5"/>
    <link:loc xlink:type="locator" xlink:href="../../ifrs-dk-cor_2014-12-20.xsd#ifrs-dk_PropertyPlantAndEquipmentInProgressAndPrepaymentsForPropertyPlantAndEquipment" xlink:label="PropertyPlantAndEquipmentInProgressAndPrepaymentsForPropertyPlantAndEquipment" xlink:title="PropertyPlantAndEquipmentInProgressAndPrepaymentsForPropertyPlantAndEquipment"/>
    <link:definitionArc xlink:type="arc" xlink:arcrole="http://xbrl.org/int/dim/arcrole/domain-member" xlink:from="PropertyPlantAndEquipmentInProgressAndPrepaymentsForPropertyPlantAndEquipmentAbstract" xlink:to="PropertyPlantAndEquipmentInProgressAndPrepaymentsForPropertyPlantAndEquipment" xlink:title="definition: PropertyPlantAndEquipmentInProgressAndPrepaymentsForPropertyPlantAndEquipmentAbstract to PropertyPlantAndEquipmentInProgressAndPrepaymentsForPropertyPlantAndEquipment" order="3.0"/>
    <link:loc xlink:type="locator" xlink:href="../../ifrs-dk-cor_2014-12-20.xsd#ifrs-dk_PropertyPlantAndEquipmentInProgress" xlink:label="PropertyPlantAndEquipmentInProgress" xlink:title="PropertyPlantAndEquipmentInProgress"/>
    <link:definitionArc xlink:type="arc" xlink:arcrole="http://xbrl.org/int/dim/arcrole/domain-member" xlink:from="PropertyPlantAndEquipmentInProgressAndPrepaymentsForPropertyPlantAndEquipmentAbstract" xlink:to="PropertyPlantAndEquipmentInProgress" xlink:title="definition: PropertyPlantAndEquipmentInProgressAndPrepaymentsForPropertyPlantAndEquipmentAbstract to PropertyPlantAndEquipmentInProgress" order="1.0"/>
    <link:loc xlink:type="locator" xlink:href="../../ifrs-dk-cor_2014-12-20.xsd#ifrs-dk_PrepaymentsForPropertyPlantAndEquipment" xlink:label="PrepaymentsForPropertyPlantAndEquipment" xlink:title="PrepaymentsForPropertyPlantAndEquipment"/>
    <link:definitionArc xlink:type="arc" xlink:arcrole="http://xbrl.org/int/dim/arcrole/domain-member" xlink:from="PropertyPlantAndEquipmentInProgressAndPrepaymentsForPropertyPlantAndEquipmentAbstract" xlink:to="PrepaymentsForPropertyPlantAndEquipment" xlink:title="definition: PropertyPlantAndEquipmentInProgressAndPrepaymentsForPropertyPlantAndEquipmentAbstract to PrepaymentsForPropertyPlantAndEquipment" order="2.0"/>
    <link:loc xlink:type="locator" xlink:href="../../ifrs-dk-cor_2014-12-20.xsd#ifrs-dk_OtherPlantEquipmentAndFixtures" xlink:label="OtherPlantEquipmentAndFixtures" xlink:title="OtherPlantEquipmentAndFixtures"/>
    <link:definitionArc xlink:type="arc" xlink:arcrole="http://xbrl.org/int/dim/arcrole/domain-member" xlink:from="PropertyPlantAndEquipmentAbstract" xlink:to="OtherPlantEquipmentAndFixtures" xlink:title="definition: PropertyPlantAndEquipmentAbstract to OtherPlantEquipmentAndFixtures" order="4.7"/>
    <link:loc xlink:type="locator" xlink:href="../../ifrs-dk-cor_2014-12-20.xsd#ifrs-dk_TangibleExplorationActivities" xlink:label="TangibleExplorationActivities" xlink:title="TangibleExplorationActivities"/>
    <link:definitionArc xlink:type="arc" xlink:arcrole="http://xbrl.org/int/dim/arcrole/domain-member" xlink:from="PropertyPlantAndEquipmentAbstract" xlink:to="TangibleExplorationActivities" xlink:title="definition: PropertyPlantAndEquipmentAbstract to TangibleExplorationActivities" order="7.2"/>
    <link:loc xlink:type="locator" xlink:href="../../../../full_ifrs-cor_2014-03-05.xsd#ifrs-full_IntangibleAssetsAndGoodwillAbstract" xlink:label="IntangibleAssetsAndGoodwillAbstract"/>
    <link:loc xlink:type="locator" xlink:href="../../../../full_ifrs-cor_2014-03-05.xsd#ifrs-full_Goodwill" xlink:label="Goodwill"/>
    <link:definitionArc xlink:type="arc" xlink:arcrole="http://xbrl.org/int/dim/arcrole/domain-member" xlink:from="IntangibleAssetsAndGoodwillAbstract" xlink:to="Goodwill" use="optional" order="1.0"/>
    <link:loc xlink:type="locator" xlink:href="../../../../full_ifrs-cor_2014-03-05.xsd#ifrs-full_IntangibleAssetsAndGoodwill" xlink:label="IntangibleAssetsAndGoodwill"/>
    <link:definitionArc xlink:type="arc" xlink:arcrole="http://xbrl.org/int/dim/arcrole/domain-member" xlink:from="IntangibleAssetsAndGoodwillAbstract" xlink:to="IntangibleAssetsAndGoodwill" order="3.0"/>
    <link:loc xlink:type="locator" xlink:href="../../../../full_ifrs-cor_2014-03-05.xsd#ifrs-full_IntangibleAssetsOtherThanGoodwillAbstract" xlink:label="IntangibleAssetsOtherThanGoodwillAbstract_2" xlink:title="IntangibleAssetsOtherThanGoodwillAbstract"/>
    <link:definitionArc xlink:type="arc" xlink:arcrole="http://xbrl.org/int/dim/arcrole/domain-member" xlink:from="IntangibleAssetsAndGoodwillAbstract" xlink:to="IntangibleAssetsOtherThanGoodwillAbstract_2" xlink:title="definition: IntangibleAssetsAndGoodwillAbstract to IntangibleAssetsOtherThanGoodwillAbstract" order="2.0"/>
    <link:loc xlink:type="locator" xlink:href="../../../../full_ifrs-cor_2014-03-05.xsd#ifrs-full_BrandNames" xlink:label="BrandNames"/>
    <link:definitionArc xlink:type="arc" xlink:arcrole="http://xbrl.org/int/dim/arcrole/domain-member" xlink:from="IntangibleAssetsOtherThanGoodwillAbstract_2" xlink:to="BrandNames" xlink:title="definition: IntangibleAssetsOtherThanGoodwillAbstract to BrandNames" use="optional" order="1.0"/>
    <link:loc xlink:type="locator" xlink:href="../../ifrs-dk-cor_2014-12-20.xsd#ifrs-dk_IntangibleRights" xlink:label="IntangibleRights"/>
    <link:definitionArc xlink:type="arc" xlink:arcrole="http://xbrl.org/int/dim/arcrole/domain-member" xlink:from="IntangibleAssetsOtherThanGoodwillAbstract_2" xlink:to="IntangibleRights" xlink:title="definition: IntangibleAssetsOtherThanGoodwillAbstract to IntangibleRights" use="optional" order="2.0"/>
    <link:loc xlink:type="locator" xlink:href="../../../../full_ifrs-cor_2014-03-05.xsd#ifrs-full_IntangibleExplorationAndEvaluationAssets" xlink:label="IntangibleExplorationAndEvaluationAssets"/>
    <link:definitionArc xlink:type="arc" xlink:arcrole="http://xbrl.org/int/dim/arcrole/domain-member" xlink:from="IntangibleAssetsOtherThanGoodwillAbstract_2" xlink:to="IntangibleExplorationAndEvaluationAssets" xlink:title="definition: IntangibleAssetsOtherThanGoodwillAbstract to IntangibleExplorationAndEvaluationAssets" use="optional" order="3.0"/>
    <link:loc xlink:type="locator" xlink:href="../../../../full_ifrs-cor_2014-03-05.xsd#ifrs-full_CopyrightsPatentsAndOtherIndustrialPropertyRightsServiceAndOperatingRights" xlink:label="CopyrightsPatentsAndOtherIndustrialPropertyRightsServiceAndOperatingRights"/>
    <link:definitionArc xlink:type="arc" xlink:arcrole="http://xbrl.org/int/dim/arcrole/domain-member" xlink:from="IntangibleAssetsOtherThanGoodwillAbstract_2" xlink:to="CopyrightsPatentsAndOtherIndustrialPropertyRightsServiceAndOperatingRights" xlink:title="definition: IntangibleAssetsOtherThanGoodwillAbstract to CopyrightsPatentsAndOtherIndustrialPropertyRightsServiceAndOperatingRights" use="optional" order="4.0"/>
    <link:loc xlink:type="locator" xlink:href="../../../../full_ifrs-cor_2014-03-05.xsd#ifrs-full_ComputerSoftware" xlink:label="ComputerSoftware"/>
    <link:definitionArc xlink:type="arc" xlink:arcrole="http://xbrl.org/int/dim/arcrole/domain-member" xlink:from="IntangibleAssetsOtherThanGoodwillAbstract_2" xlink:to="ComputerSoftware" xlink:title="definition: IntangibleAssetsOtherThanGoodwillAbstract to ComputerSoftware" use="optional" order="5.0"/>
    <link:loc xlink:type="locator" xlink:href="../../../../full_ifrs-cor_2014-03-05.xsd#ifrs-full_RecipesFormulaeModelsDesignsAndPrototypes" xlink:label="RecipesFormulaeModelsDesignsAndPrototypes"/>
    <link:definitionArc xlink:type="arc" xlink:arcrole="http://xbrl.org/int/dim/arcrole/domain-member" xlink:from="IntangibleAssetsOtherThanGoodwillAbstract_2" xlink:to="RecipesFormulaeModelsDesignsAndPrototypes" xlink:title="definition: IntangibleAssetsOtherThanGoodwillAbstract to RecipesFormulaeModelsDesignsAndPrototypes" use="optional" order="6.0"/>
    <link:loc xlink:type="locator" xlink:href="../../ifrs-dk-cor_2014-12-20.xsd#ifrs-dk_DevelopmentProjectsAbstract" xlink:label="DevelopmentProjectsAbstract"/>
    <link:loc xlink:type="locator" xlink:href="../../ifrs-dk-cor_2014-12-20.xsd#ifrs-dk_OtherDevelopmentProjects" xlink:label="OtherDevelopmentProjects"/>
    <link:definitionArc xlink:type="arc" xlink:arcrole="http://xbrl.org/int/dim/arcrole/domain-member" xlink:from="DevelopmentProjectsAbstract" xlink:to="OtherDevelopmentProjects" use="optional" order="3.0"/>
    <link:loc xlink:type="locator" xlink:href="../../ifrs-dk-cor_2014-12-20.xsd#ifrs-dk_DevelopmentProjects" xlink:label="DevelopmentProjects"/>
    <link:definitionArc xlink:type="arc" xlink:arcrole="http://xbrl.org/int/dim/arcrole/domain-member" xlink:from="DevelopmentProjectsAbstract" xlink:to="DevelopmentProjects" use="optional" order="4.0"/>
    <link:loc xlink:type="locator" xlink:href="../../ifrs-dk-cor_2014-12-20.xsd#ifrs-dk_DevelopmentProjectsInProgress" xlink:label="DevelopmentProjectsInProgress"/>
    <link:definitionArc xlink:type="arc" xlink:arcrole="http://xbrl.org/int/dim/arcrole/domain-member" xlink:from="DevelopmentProjectsAbstract" xlink:to="DevelopmentProjectsInProgress" use="optional" order="1.0"/>
    <link:loc xlink:type="locator" xlink:href="../../ifrs-dk-cor_2014-12-20.xsd#ifrs-dk_ITDevelopmentProjectsInProgress" xlink:label="ITDevelopmentProjectsInProgress"/>
    <link:definitionArc xlink:type="arc" xlink:arcrole="http://xbrl.org/int/dim/arcrole/domain-member" xlink:from="DevelopmentProjectsAbstract" xlink:to="ITDevelopmentProjectsInProgress" use="optional" order="2.0"/>
    <link:loc xlink:type="locator" xlink:href="../../../../full_ifrs-cor_2014-03-05.xsd#ifrs-full_IntangibleAssetsUnderDevelopment" xlink:label="IntangibleAssetsUnderDevelopment"/>
    <link:definitionArc xlink:type="arc" xlink:arcrole="http://xbrl.org/int/dim/arcrole/domain-member" xlink:from="IntangibleAssetsUnderDevelopment" xlink:to="DevelopmentProjectsAbstract" use="optional" order="1.0"/>
    <link:loc xlink:type="locator" xlink:href="../../../../full_ifrs-cor_2014-03-05.xsd#ifrs-full_MastheadsAndPublishingTitles" xlink:label="MastheadsAndPublishingTitles"/>
    <link:definitionArc xlink:type="arc" xlink:arcrole="http://xbrl.org/int/dim/arcrole/domain-member" xlink:from="IntangibleAssetsOtherThanGoodwillAbstract_2" xlink:to="MastheadsAndPublishingTitles" xlink:title="definition: IntangibleAssetsOtherThanGoodwillAbstract to MastheadsAndPublishingTitles" use="optional" order="9.0"/>
    <link:loc xlink:type="locator" xlink:href="../../ifrs-dk-cor_2014-12-20.xsd#ifrs-dk_LicencesAndFranchisesAbstract" xlink:label="LicencesAndFranchisesAbstract"/>
    <link:definitionArc xlink:type="arc" xlink:arcrole="http://xbrl.org/int/dim/arcrole/domain-member" xlink:from="IntangibleAssetsOtherThanGoodwillAbstract_2" xlink:to="LicencesAndFranchisesAbstract" xlink:title="definition: IntangibleAssetsOtherThanGoodwillAbstract to LicencesAndFranchisesAbstract" use="optional" order="10.0"/>
    <link:loc xlink:type="locator" xlink:href="../../ifrs-dk-cor_2014-12-20.xsd#ifrs-dk_Licenses" xlink:label="Licenses"/>
    <link:definitionArc xlink:type="arc" xlink:arcrole="http://xbrl.org/int/dim/arcrole/domain-member" xlink:from="LicencesAndFranchisesAbstract" xlink:to="Licenses" use="optional" order="1.0"/>
    <link:loc xlink:type="locator" xlink:href="../../ifrs-dk-cor_2014-12-20.xsd#ifrs-dk_Franchises" xlink:label="Franchises"/>
    <link:definitionArc xlink:type="arc" xlink:arcrole="http://xbrl.org/int/dim/arcrole/domain-member" xlink:from="LicencesAndFranchisesAbstract" xlink:to="Franchises" use="optional" order="2.0"/>
    <link:loc xlink:type="locator" xlink:href="../../../../full_ifrs-cor_2014-03-05.xsd#ifrs-full_LicencesAndFranchises" xlink:label="LicencesAndFranchises"/>
    <link:definitionArc xlink:type="arc" xlink:arcrole="http://xbrl.org/int/dim/arcrole/domain-member" xlink:from="LicencesAndFranchisesAbstract" xlink:to="LicencesAndFranchises" use="optional" order="3.0"/>
    <link:loc xlink:type="locator" xlink:href="../../ifrs-dk-cor_2014-12-20.xsd#ifrs-dk_OtherIntangibleAssetsAbstract" xlink:label="OtherIntangibleAssetsAbstract"/>
    <link:definitionArc xlink:type="arc" xlink:arcrole="http://xbrl.org/int/dim/arcrole/domain-member" xlink:from="IntangibleAssetsOtherThanGoodwillAbstract_2" xlink:to="OtherIntangibleAssetsAbstract" xlink:title="definition: IntangibleAssetsOtherThanGoodwillAbstract to OtherIntangibleAssetsAbstract" use="optional" order="11.0"/>
    <link:loc xlink:type="locator" xlink:href="../../ifrs-dk-cor_2014-12-20.xsd#ifrs-dk_DistributionNetwork" xlink:label="DistributionNetwork"/>
    <link:definitionArc xlink:type="arc" xlink:arcrole="http://xbrl.org/int/dim/arcrole/domain-member" xlink:from="OtherIntangibleAssetsAbstract" xlink:to="DistributionNetwork" use="optional" order="1.0"/>
    <link:loc xlink:type="locator" xlink:href="../../ifrs-dk-cor_2014-12-20.xsd#ifrs-dk_IntangibleAssetsFromAcquisitions" xlink:label="IntangibleAssetsFromAcquisitions"/>
    <link:definitionArc xlink:type="arc" xlink:arcrole="http://xbrl.org/int/dim/arcrole/domain-member" xlink:from="OtherIntangibleAssetsAbstract" xlink:to="IntangibleAssetsFromAcquisitions" use="optional" order="2.0"/>
    <link:loc xlink:type="locator" xlink:href="../../ifrs-dk-cor_2014-12-20.xsd#ifrs-dk_CustomerrelatedAssets" xlink:label="CustomerrelatedAssets"/>
    <link:definitionArc xlink:type="arc" xlink:arcrole="http://xbrl.org/int/dim/arcrole/domain-member" xlink:from="OtherIntangibleAssetsAbstract" xlink:to="CustomerrelatedAssets" use="optional" order="3.0"/>
    <link:loc xlink:type="locator" xlink:href="../../ifrs-dk-cor_2014-12-20.xsd#ifrs-dk_CustomerRelationships" xlink:label="CustomerRelationships"/>
    <link:definitionArc xlink:type="arc" xlink:arcrole="http://xbrl.org/int/dim/arcrole/domain-member" xlink:from="OtherIntangibleAssetsAbstract" xlink:to="CustomerRelationships" use="optional" order="4.0"/>
    <link:loc xlink:type="locator" xlink:href="../../ifrs-dk-cor_2014-12-20.xsd#ifrs-dk_Knowhow" xlink:label="Knowhow"/>
    <link:definitionArc xlink:type="arc" xlink:arcrole="http://xbrl.org/int/dim/arcrole/domain-member" xlink:from="OtherIntangibleAssetsAbstract" xlink:to="Knowhow" use="optional" order="5.0"/>
    <link:loc xlink:type="locator" xlink:href="../../../../full_ifrs-cor_2014-03-05.xsd#ifrs-full_OtherIntangibleAssets" xlink:label="OtherIntangibleAssets"/>
    <link:definitionArc xlink:type="arc" xlink:arcrole="http://xbrl.org/int/dim/arcrole/domain-member" xlink:from="OtherIntangibleAssetsAbstract" xlink:to="OtherIntangibleAssets" use="optional" order="6.0"/>
    <link:loc xlink:type="locator" xlink:href="../../../../full_ifrs-cor_2014-03-05.xsd#ifrs-full_IntangibleAssetsOtherThanGoodwill" xlink:label="IntangibleAssetsOtherThanGoodwill"/>
    <link:definitionArc xlink:type="arc" xlink:arcrole="http://xbrl.org/int/dim/arcrole/domain-member" xlink:from="IntangibleAssetsOtherThanGoodwillAbstract_2" xlink:to="IntangibleAssetsOtherThanGoodwill" xlink:title="definition: IntangibleAssetsOtherThanGoodwillAbstract to IntangibleAssetsOtherThanGoodwill" use="optional" order="12.0"/>
    <link:loc xlink:type="locator" xlink:href="../../ifrs-dk-cor_2014-12-20.xsd#ifrs-dk_Concessions" xlink:label="Concessions" xlink:title="Concessions"/>
    <link:definitionArc xlink:type="arc" xlink:arcrole="http://xbrl.org/int/dim/arcrole/domain-member" xlink:from="IntangibleAssetsOtherThanGoodwillAbstract_2" xlink:to="Concessions" xlink:title="definition: IntangibleAssetsOtherThanGoodwillAbstract to Concessions" order="8.0"/>
    <link:loc xlink:type="locator" xlink:href="../../ifrs-dk-cor_2014-12-20.xsd#ifrs-dk_CompletedDevelopmentProjects" xlink:label="CompletedDevelopmentProjects" xlink:title="CompletedDevelopmentProjects"/>
    <link:definitionArc xlink:type="arc" xlink:arcrole="http://xbrl.org/int/dim/arcrole/domain-member" xlink:from="IntangibleAssetsOtherThanGoodwillAbstract_2" xlink:to="CompletedDevelopmentProjects" xlink:title="definition: IntangibleAssetsOtherThanGoodwillAbstract to CompletedDevelopmentProjects" order="7.0"/>
    <link:loc xlink:type="locator" xlink:href="../../ifrs-dk-cor_2014-12-20.xsd#ifrs-dk_PatentsLicensesAndSoftware" xlink:label="PatentsLicensesAndSoftware" xlink:title="PatentsLicensesAndSoftware"/>
    <link:definitionArc xlink:type="arc" xlink:arcrole="http://xbrl.org/int/dim/arcrole/domain-member" xlink:from="IntangibleAssetsOtherThanGoodwillAbstract_2" xlink:to="PatentsLicensesAndSoftware" xlink:title="definition: IntangibleAssetsOtherThanGoodwillAbstract to PatentsLicensesAndSoftware" order="4.5"/>
    <link:loc xlink:type="locator" xlink:href="../../ifrs-dk-cor_2014-12-20.xsd#ifrs-dk_PatentsAndLicenses" xlink:label="PatentsAndLicenses" xlink:title="PatentsAndLicenses"/>
    <link:definitionArc xlink:type="arc" xlink:arcrole="http://xbrl.org/int/dim/arcrole/domain-member" xlink:from="IntangibleAssetsOtherThanGoodwillAbstract_2" xlink:to="PatentsAndLicenses" xlink:title="definition: IntangibleAssetsOtherThanGoodwillAbstract to PatentsAndLicenses" order="4.6"/>
    <link:loc xlink:type="locator" xlink:href="../../ifrs-dk-cor_2014-12-20.xsd#ifrs-dk_TransferRights" xlink:label="TransferRights" xlink:title="TransferRights"/>
    <link:definitionArc xlink:type="arc" xlink:arcrole="http://xbrl.org/int/dim/arcrole/domain-member" xlink:from="IntangibleAssetsOtherThanGoodwillAbstract_2" xlink:to="TransferRights" xlink:title="definition: IntangibleAssetsOtherThanGoodwillAbstract to TransferRights" order="2.5"/>
    <link:definitionArc xlink:type="arc" xlink:arcrole="http://xbrl.org/int/dim/arcrole/domain-member" xlink:from="IntangibleAssetsOtherThanGoodwillAbstract_2" xlink:to="IntangibleAssetsUnderDevelopment" xlink:title="definition: IntangibleAssetsOtherThanGoodwillAbstract to IntangibleAssetsUnderDevelopment" use="optional" order="7.0"/>
    <link:loc xlink:type="locator" xlink:href="../../../../full_ifrs-cor_2014-03-05.xsd#ifrs-full_InvestmentsInSubsidiariesJointVenturesAndAssociatesAbstract" xlink:label="InvestmentsInSubsidiariesJointVenturesAndAssociatesAbstract_2" xlink:title="InvestmentsInSubsidiariesJointVenturesAndAssociatesAbstract"/>
    <link:loc xlink:type="locator" xlink:href="../../../../full_ifrs-cor_2014-03-05.xsd#ifrs-full_InvestmentsInSubsidiaries" xlink:label="InvestmentsInSubsidiaries"/>
    <link:definitionArc xlink:type="arc" xlink:arcrole="http://xbrl.org/int/dim/arcrole/domain-member" xlink:from="InvestmentsInSubsidiariesJointVenturesAndAssociatesAbstract_2" xlink:to="InvestmentsInSubsidiaries" xlink:title="definition: InvestmentsInSubsidiariesJointVenturesAndAssociatesAbstract to InvestmentsInSubsidiaries" use="optional" order="1.0"/>
    <link:loc xlink:type="locator" xlink:href="../../../../full_ifrs-cor_2014-03-05.xsd#ifrs-full_InvestmentsInJointVentures" xlink:label="InvestmentsInJointVentures"/>
    <link:definitionArc xlink:type="arc" xlink:arcrole="http://xbrl.org/int/dim/arcrole/domain-member" xlink:from="InvestmentsInSubsidiariesJointVenturesAndAssociatesAbstract_2" xlink:to="InvestmentsInJointVentures" xlink:title="definition: InvestmentsInSubsidiariesJointVenturesAndAssociatesAbstract to InvestmentsInJointVentures" use="optional" order="2.0"/>
    <link:loc xlink:type="locator" xlink:href="../../../../full_ifrs-cor_2014-03-05.xsd#ifrs-full_InvestmentsInAssociates" xlink:label="InvestmentsInAssociates"/>
    <link:definitionArc xlink:type="arc" xlink:arcrole="http://xbrl.org/int/dim/arcrole/domain-member" xlink:from="InvestmentsInSubsidiariesJointVenturesAndAssociatesAbstract_2" xlink:to="InvestmentsInAssociates" xlink:title="definition: InvestmentsInSubsidiariesJointVenturesAndAssociatesAbstract to InvestmentsInAssociates" use="optional" order="3.0"/>
    <link:loc xlink:type="locator" xlink:href="../../ifrs-dk-cor_2014-12-20.xsd#ifrs-dk_InvestmentsInPortfolioCompanies" xlink:label="InvestmentsInPortfolioCompanies"/>
    <link:definitionArc xlink:type="arc" xlink:arcrole="http://xbrl.org/int/dim/arcrole/domain-member" xlink:from="InvestmentsInSubsidiariesJointVenturesAndAssociatesAbstract_2" xlink:to="InvestmentsInPortfolioCompanies" xlink:title="definition: InvestmentsInSubsidiariesJointVenturesAndAssociatesAbstract to InvestmentsInPortfolioCompanies" use="optional" order="4.0"/>
    <link:loc xlink:type="locator" xlink:href="../../ifrs-dk-cor_2014-12-20.xsd#ifrs-dk_OtherInvestmentsInSubsidiariesJointVenturesAndAssociates" xlink:label="OtherInvestmentsInSubsidiariesJointVenturesAndAssociates"/>
    <link:definitionArc xlink:type="arc" xlink:arcrole="http://xbrl.org/int/dim/arcrole/domain-member" xlink:from="InvestmentsInSubsidiariesJointVenturesAndAssociatesAbstract_2" xlink:to="OtherInvestmentsInSubsidiariesJointVenturesAndAssociates" xlink:title="definition: InvestmentsInSubsidiariesJointVenturesAndAssociatesAbstract to OtherInvestmentsInSubsidiariesJointVenturesAndAssociates" use="optional" order="5.0"/>
    <link:loc xlink:type="locator" xlink:href="../../../../full_ifrs-cor_2014-03-05.xsd#ifrs-full_InvestmentsInSubsidiariesJointVenturesAndAssociates" xlink:label="InvestmentsInSubsidiariesJointVenturesAndAssociates"/>
    <link:definitionArc xlink:type="arc" xlink:arcrole="http://xbrl.org/int/dim/arcrole/domain-member" xlink:from="InvestmentsInSubsidiariesJointVenturesAndAssociatesAbstract_2" xlink:to="InvestmentsInSubsidiariesJointVenturesAndAssociates" xlink:title="definition: InvestmentsInSubsidiariesJointVenturesAndAssociatesAbstract to InvestmentsInSubsidiariesJointVenturesAndAssociates" use="optional" order="6.0"/>
    <link:loc xlink:type="locator" xlink:href="../../../../full_ifrs-cor_2014-03-05.xsd#ifrs-full_ClassesOfInventoriesAbstract" xlink:label="ClassesOfInventoriesAbstract"/>
    <link:loc xlink:type="locator" xlink:href="../../../../full_ifrs-cor_2014-03-05.xsd#ifrs-full_RawMaterials" xlink:label="RawMaterials"/>
    <link:definitionArc xlink:type="arc" xlink:arcrole="http://xbrl.org/int/dim/arcrole/domain-member" xlink:from="ClassesOfInventoriesAbstract" xlink:to="RawMaterials" use="optional" order="1.0"/>
    <link:loc xlink:type="locator" xlink:href="../../../../full_ifrs-cor_2014-03-05.xsd#ifrs-full_Merchandise" xlink:label="Merchandise"/>
    <link:definitionArc xlink:type="arc" xlink:arcrole="http://xbrl.org/int/dim/arcrole/domain-member" xlink:from="ClassesOfInventoriesAbstract" xlink:to="Merchandise" use="optional" order="2.0"/>
    <link:loc xlink:type="locator" xlink:href="../../../../full_ifrs-cor_2014-03-05.xsd#ifrs-full_ProductionSupplies" xlink:label="ProductionSupplies"/>
    <link:definitionArc xlink:type="arc" xlink:arcrole="http://xbrl.org/int/dim/arcrole/domain-member" xlink:from="ClassesOfInventoriesAbstract" xlink:to="ProductionSupplies" use="optional" order="3.0"/>
    <link:loc xlink:type="locator" xlink:href="../../../../full_ifrs-cor_2014-03-05.xsd#ifrs-full_WorkInProgress" xlink:label="WorkInProgress"/>
    <link:definitionArc xlink:type="arc" xlink:arcrole="http://xbrl.org/int/dim/arcrole/domain-member" xlink:from="ClassesOfInventoriesAbstract" xlink:to="WorkInProgress" use="optional" order="4.0"/>
    <link:loc xlink:type="locator" xlink:href="../../../../full_ifrs-cor_2014-03-05.xsd#ifrs-full_FinishedGoods" xlink:label="FinishedGoods"/>
    <link:definitionArc xlink:type="arc" xlink:arcrole="http://xbrl.org/int/dim/arcrole/domain-member" xlink:from="ClassesOfInventoriesAbstract" xlink:to="FinishedGoods" use="optional" order="5.0"/>
    <link:loc xlink:type="locator" xlink:href="../../../../full_ifrs-cor_2014-03-05.xsd#ifrs-full_OtherInventories" xlink:label="OtherInventories"/>
    <link:definitionArc xlink:type="arc" xlink:arcrole="http://xbrl.org/int/dim/arcrole/domain-member" xlink:from="ClassesOfInventoriesAbstract" xlink:to="OtherInventories" use="optional" order="6.0"/>
    <link:loc xlink:type="locator" xlink:href="../../../../full_ifrs-cor_2014-03-05.xsd#ifrs-full_Inventories" xlink:label="Inventories"/>
    <link:definitionArc xlink:type="arc" xlink:arcrole="http://xbrl.org/int/dim/arcrole/domain-member" xlink:from="ClassesOfInventoriesAbstract" xlink:to="Inventories" use="optional" order="8.0"/>
    <link:loc xlink:type="locator" xlink:href="../../ifrs-dk-cor_2014-12-20.xsd#ifrs-dk_Consumables" xlink:label="Consumables"/>
    <link:definitionArc xlink:type="arc" xlink:arcrole="http://xbrl.org/int/dim/arcrole/domain-member" xlink:from="ClassesOfInventoriesAbstract" xlink:to="Consumables" use="optional" order="7.0"/>
    <link:loc xlink:type="locator" xlink:href="../../../../full_ifrs-cor_2014-03-05.xsd#ifrs-full_CashAndCashEquivalentsAbstract" xlink:label="CashAndCashEquivalentsAbstract"/>
    <link:loc xlink:type="locator" xlink:href="../../../../full_ifrs-cor_2014-03-05.xsd#ifrs-full_CashAbstract" xlink:label="CashAbstract"/>
    <link:definitionArc xlink:type="arc" xlink:arcrole="http://xbrl.org/int/dim/arcrole/domain-member" xlink:from="CashAndCashEquivalentsAbstract" xlink:to="CashAbstract" use="optional" order="1.0"/>
    <link:loc xlink:type="locator" xlink:href="../../../../full_ifrs-cor_2014-03-05.xsd#ifrs-full_CashOnHand" xlink:label="CashOnHand"/>
    <link:definitionArc xlink:type="arc" xlink:arcrole="http://xbrl.org/int/dim/arcrole/domain-member" xlink:from="CashAbstract" xlink:to="CashOnHand" use="optional" order="1.0"/>
    <link:loc xlink:type="locator" xlink:href="../../../../full_ifrs-cor_2014-03-05.xsd#ifrs-full_BalancesWithBanks" xlink:label="BalancesWithBanks"/>
    <link:definitionArc xlink:type="arc" xlink:arcrole="http://xbrl.org/int/dim/arcrole/domain-member" xlink:from="CashAbstract" xlink:to="BalancesWithBanks" use="optional" order="2.0"/>
    <link:loc xlink:type="locator" xlink:href="../../ifrs-dk-cor_2014-12-20.xsd#ifrs-dk_CurrentDepositsAssets" xlink:label="CurrentDepositsAssets"/>
    <link:definitionArc xlink:type="arc" xlink:arcrole="http://xbrl.org/int/dim/arcrole/domain-member" xlink:from="CashAbstract" xlink:to="CurrentDepositsAssets" use="optional" order="3.0"/>
    <link:loc xlink:type="locator" xlink:href="../../ifrs-dk-cor_2014-12-20.xsd#ifrs-dk_CurrentDepositsInEscrowAccounts" xlink:label="CurrentDepositsInEscrowAccounts"/>
    <link:definitionArc xlink:type="arc" xlink:arcrole="http://xbrl.org/int/dim/arcrole/domain-member" xlink:from="CashAbstract" xlink:to="CurrentDepositsInEscrowAccounts" use="optional" order="4.0"/>
    <link:loc xlink:type="locator" xlink:href="../../../../full_ifrs-cor_2014-03-05.xsd#ifrs-full_Cash" xlink:label="Cash"/>
    <link:definitionArc xlink:type="arc" xlink:arcrole="http://xbrl.org/int/dim/arcrole/domain-member" xlink:from="CashAbstract" xlink:to="Cash" use="optional" order="5.0"/>
    <link:loc xlink:type="locator" xlink:href="../../../../full_ifrs-cor_2014-03-05.xsd#ifrs-full_CashEquivalentsAbstract" xlink:label="CashEquivalentsAbstract"/>
    <link:definitionArc xlink:type="arc" xlink:arcrole="http://xbrl.org/int/dim/arcrole/domain-member" xlink:from="CashAndCashEquivalentsAbstract" xlink:to="CashEquivalentsAbstract" use="optional" order="2.0"/>
    <link:loc xlink:type="locator" xlink:href="../../../../full_ifrs-cor_2014-03-05.xsd#ifrs-full_ShorttermDepositsClassifiedAsCashEquivalents" xlink:label="ShorttermDepositsClassifiedAsCashEquivalents"/>
    <link:definitionArc xlink:type="arc" xlink:arcrole="http://xbrl.org/int/dim/arcrole/domain-member" xlink:from="CashEquivalentsAbstract" xlink:to="ShorttermDepositsClassifiedAsCashEquivalents" use="optional" order="1.0"/>
    <link:loc xlink:type="locator" xlink:href="../../../../full_ifrs-cor_2014-03-05.xsd#ifrs-full_ShorttermInvestmentsClassifiedAsCashEquivalents" xlink:label="ShorttermInvestmentsClassifiedAsCashEquivalents"/>
    <link:definitionArc xlink:type="arc" xlink:arcrole="http://xbrl.org/int/dim/arcrole/domain-member" xlink:from="CashEquivalentsAbstract" xlink:to="ShorttermInvestmentsClassifiedAsCashEquivalents" use="optional" order="2.0"/>
    <link:loc xlink:type="locator" xlink:href="../../../../full_ifrs-cor_2014-03-05.xsd#ifrs-full_BankingArrangementsClassifiedAsCashEquivalents" xlink:label="BankingArrangementsClassifiedAsCashEquivalents"/>
    <link:definitionArc xlink:type="arc" xlink:arcrole="http://xbrl.org/int/dim/arcrole/domain-member" xlink:from="CashEquivalentsAbstract" xlink:to="BankingArrangementsClassifiedAsCashEquivalents" use="optional" order="3.0"/>
    <link:loc xlink:type="locator" xlink:href="../../../../full_ifrs-cor_2014-03-05.xsd#ifrs-full_CashEquivalents" xlink:label="CashEquivalents"/>
    <link:definitionArc xlink:type="arc" xlink:arcrole="http://xbrl.org/int/dim/arcrole/domain-member" xlink:from="CashEquivalentsAbstract" xlink:to="CashEquivalents" use="optional" order="4.0"/>
    <link:loc xlink:type="locator" xlink:href="../../../../full_ifrs-cor_2014-03-05.xsd#ifrs-full_OtherCashAndCashEquivalents" xlink:label="OtherCashAndCashEquivalents"/>
    <link:definitionArc xlink:type="arc" xlink:arcrole="http://xbrl.org/int/dim/arcrole/domain-member" xlink:from="CashAndCashEquivalentsAbstract" xlink:to="OtherCashAndCashEquivalents" use="optional" order="3.0"/>
    <link:loc xlink:type="locator" xlink:href="../../../../full_ifrs-cor_2014-03-05.xsd#ifrs-full_CashAndCashEquivalents" xlink:label="CashAndCashEquivalents"/>
    <link:definitionArc xlink:type="arc" xlink:arcrole="http://xbrl.org/int/dim/arcrole/domain-member" xlink:from="CashAndCashEquivalentsAbstract" xlink:to="CashAndCashEquivalents" use="optional" order="4.0"/>
    <link:loc xlink:type="locator" xlink:href="../../../../full_ifrs-cor_2014-03-05.xsd#ifrs-full_Assets" xlink:label="Assets"/>
    <link:definitionArc xlink:type="arc" xlink:arcrole="http://xbrl.org/int/dim/arcrole/domain-member" xlink:from="AssetsAbstract" xlink:to="Assets" order="17.0"/>
    <link:definitionArc xlink:type="arc" xlink:arcrole="http://xbrl.org/int/dim/arcrole/domain-member" xlink:from="AssetsAbstract" xlink:to="PropertyPlantAndEquipmentAbstract" order="1.0"/>
    <link:loc xlink:type="locator" xlink:href="../../../../full_ifrs-cor_2014-03-05.xsd#ifrs-full_InvestmentProperty" xlink:label="InvestmentProperty"/>
    <link:definitionArc xlink:type="arc" xlink:arcrole="http://xbrl.org/int/dim/arcrole/domain-member" xlink:from="AssetsAbstract" xlink:to="InvestmentProperty" order="2.0"/>
    <link:definitionArc xlink:type="arc" xlink:arcrole="http://xbrl.org/int/dim/arcrole/domain-member" xlink:from="AssetsAbstract" xlink:to="IntangibleAssetsAndGoodwillAbstract" order="3.0"/>
    <link:loc xlink:type="locator" xlink:href="../../../../full_ifrs-cor_2014-03-05.xsd#ifrs-full_CategoriesOfFinancialAssetsAbstract" xlink:label="CategoriesOfFinancialAssetsAbstract"/>
    <link:definitionArc xlink:type="arc" xlink:arcrole="http://xbrl.org/int/dim/arcrole/domain-member" xlink:from="AssetsAbstract" xlink:to="CategoriesOfFinancialAssetsAbstract" use="optional" order="4.0"/>
    <link:loc xlink:type="locator" xlink:href="../../../../full_ifrs-cor_2014-03-05.xsd#ifrs-full_FinancialAssetsAtFairValueThroughProfitOrLossAbstract" xlink:label="FinancialAssetsAtFairValueThroughProfitOrLossAbstract"/>
    <link:definitionArc xlink:type="arc" xlink:arcrole="http://xbrl.org/int/dim/arcrole/domain-member" xlink:from="CategoriesOfFinancialAssetsAbstract" xlink:to="FinancialAssetsAtFairValueThroughProfitOrLossAbstract" use="optional" order="1.0"/>
    <link:loc xlink:type="locator" xlink:href="../../../../full_ifrs-cor_2014-03-05.xsd#ifrs-full_FinancialAssetsAtFairValueThroughProfitOrLossDesignatedAsUponInitialRecognition" xlink:label="FinancialAssetsAtFairValueThroughProfitOrLossDesignatedAsUponInitialRecognition"/>
    <link:definitionArc xlink:type="arc" xlink:arcrole="http://xbrl.org/int/dim/arcrole/domain-member" xlink:from="FinancialAssetsAtFairValueThroughProfitOrLossAbstract" xlink:to="FinancialAssetsAtFairValueThroughProfitOrLossDesignatedAsUponInitialRecognition" use="optional" order="1.0"/>
    <link:loc xlink:type="locator" xlink:href="../../../../full_ifrs-cor_2014-03-05.xsd#ifrs-full_FinancialAssetsAtFairValueThroughProfitOrLossClassifiedAsHeldForTrading" xlink:label="FinancialAssetsAtFairValueThroughProfitOrLossClassifiedAsHeldForTrading"/>
    <link:definitionArc xlink:type="arc" xlink:arcrole="http://xbrl.org/int/dim/arcrole/domain-member" xlink:from="FinancialAssetsAtFairValueThroughProfitOrLossAbstract" xlink:to="FinancialAssetsAtFairValueThroughProfitOrLossClassifiedAsHeldForTrading" use="optional" order="2.0"/>
    <link:loc xlink:type="locator" xlink:href="../../../../full_ifrs-cor_2014-03-05.xsd#ifrs-full_FinancialAssetsAtFairValueThroughProfitOrLossMandatorilyMeasuredAtFairValue" xlink:label="FinancialAssetsAtFairValueThroughProfitOrLossMandatorilyMeasuredAtFairValue"/>
    <link:definitionArc xlink:type="arc" xlink:arcrole="http://xbrl.org/int/dim/arcrole/domain-member" xlink:from="FinancialAssetsAtFairValueThroughProfitOrLossAbstract" xlink:to="FinancialAssetsAtFairValueThroughProfitOrLossMandatorilyMeasuredAtFairValue" use="optional" order="3.0"/>
    <link:loc xlink:type="locator" xlink:href="../../../../full_ifrs-cor_2014-03-05.xsd#ifrs-full_FinancialAssetsAtFairValueThroughProfitOrLoss" xlink:label="FinancialAssetsAtFairValueThroughProfitOrLoss"/>
    <link:definitionArc xlink:type="arc" xlink:arcrole="http://xbrl.org/int/dim/arcrole/domain-member" xlink:from="FinancialAssetsAtFairValueThroughProfitOrLossAbstract" xlink:to="FinancialAssetsAtFairValueThroughProfitOrLoss" use="optional" order="4.0"/>
    <link:loc xlink:type="locator" xlink:href="../../../../full_ifrs-cor_2014-03-05.xsd#ifrs-full_FinancialAssetsAvailableforsale" xlink:label="FinancialAssetsAvailableforsale"/>
    <link:definitionArc xlink:type="arc" xlink:arcrole="http://xbrl.org/int/dim/arcrole/domain-member" xlink:from="CategoriesOfFinancialAssetsAbstract" xlink:to="FinancialAssetsAvailableforsale" use="optional" order="2.0"/>
    <link:loc xlink:type="locator" xlink:href="../../../../full_ifrs-cor_2014-03-05.xsd#ifrs-full_HeldtomaturityInvestments" xlink:label="HeldtomaturityInvestments"/>
    <link:definitionArc xlink:type="arc" xlink:arcrole="http://xbrl.org/int/dim/arcrole/domain-member" xlink:from="CategoriesOfFinancialAssetsAbstract" xlink:to="HeldtomaturityInvestments" use="optional" order="3.0"/>
    <link:loc xlink:type="locator" xlink:href="../../../../full_ifrs-cor_2014-03-05.xsd#ifrs-full_LoansAndReceivables" xlink:label="LoansAndReceivables"/>
    <link:definitionArc xlink:type="arc" xlink:arcrole="http://xbrl.org/int/dim/arcrole/domain-member" xlink:from="CategoriesOfFinancialAssetsAbstract" xlink:to="LoansAndReceivables" use="optional" order="4.0"/>
    <link:loc xlink:type="locator" xlink:href="../../../../full_ifrs-cor_2014-03-05.xsd#ifrs-full_FinancialAssetsAtFairValueThroughOtherComprehensiveIncome" xlink:label="FinancialAssetsAtFairValueThroughOtherComprehensiveIncome"/>
    <link:definitionArc xlink:type="arc" xlink:arcrole="http://xbrl.org/int/dim/arcrole/domain-member" xlink:from="CategoriesOfFinancialAssetsAbstract" xlink:to="FinancialAssetsAtFairValueThroughOtherComprehensiveIncome" use="optional" order="5.0"/>
    <link:loc xlink:type="locator" xlink:href="../../../../full_ifrs-cor_2014-03-05.xsd#ifrs-full_FinancialAssetsAtAmortisedCost" xlink:label="FinancialAssetsAtAmortisedCost"/>
    <link:definitionArc xlink:type="arc" xlink:arcrole="http://xbrl.org/int/dim/arcrole/domain-member" xlink:from="CategoriesOfFinancialAssetsAbstract" xlink:to="FinancialAssetsAtAmortisedCost" use="optional" order="6.0"/>
    <link:loc xlink:type="locator" xlink:href="../../../../full_ifrs-cor_2014-03-05.xsd#ifrs-full_FinancialAssets" xlink:label="FinancialAssets"/>
    <link:definitionArc xlink:type="arc" xlink:arcrole="http://xbrl.org/int/dim/arcrole/domain-member" xlink:from="CategoriesOfFinancialAssetsAbstract" xlink:to="FinancialAssets" use="optional" order="7.0"/>
    <link:loc xlink:type="locator" xlink:href="../../../../full_ifrs-cor_2014-03-05.xsd#ifrs-full_OtherFinancialAssets" xlink:label="OtherFinancialAssets"/>
    <link:definitionArc xlink:type="arc" xlink:arcrole="http://xbrl.org/int/dim/arcrole/domain-member" xlink:from="AssetsAbstract" xlink:to="OtherFinancialAssets" order="5.0"/>
    <link:loc xlink:type="locator" xlink:href="../../../../full_ifrs-cor_2014-03-05.xsd#ifrs-full_OtherNonfinancialAssets" xlink:label="OtherNonfinancialAssets"/>
    <link:definitionArc xlink:type="arc" xlink:arcrole="http://xbrl.org/int/dim/arcrole/domain-member" xlink:from="AssetsAbstract" xlink:to="OtherNonfinancialAssets" order="6.0"/>
    <link:loc xlink:type="locator" xlink:href="../../../../full_ifrs-cor_2014-03-05.xsd#ifrs-full_InvestmentAccountedForUsingEquityMethod" xlink:label="InvestmentAccountedForUsingEquityMethod"/>
    <link:definitionArc xlink:type="arc" xlink:arcrole="http://xbrl.org/int/dim/arcrole/domain-member" xlink:from="AssetsAbstract" xlink:to="InvestmentAccountedForUsingEquityMethod" order="7.0"/>
    <link:loc xlink:type="locator" xlink:href="../../../../full_ifrs-cor_2014-03-05.xsd#ifrs-full_BiologicalAssets" xlink:label="BiologicalAssets"/>
    <link:definitionArc xlink:type="arc" xlink:arcrole="http://xbrl.org/int/dim/arcrole/domain-member" xlink:from="AssetsAbstract" xlink:to="BiologicalAssets" use="optional" order="9.0"/>
    <link:loc xlink:type="locator" xlink:href="../../../../full_ifrs-cor_2014-03-05.xsd#ifrs-full_NoncurrentAssetsOrDisposalGroupsClassifiedAsHeldForSaleOrAsHeldForDistributionToOwners" xlink:label="NoncurrentAssetsOrDisposalGroupsClassifiedAsHeldForSaleOrAsHeldForDistributionToOwners"/>
    <link:definitionArc xlink:type="arc" xlink:arcrole="http://xbrl.org/int/dim/arcrole/domain-member" xlink:from="AssetsAbstract" xlink:to="NoncurrentAssetsOrDisposalGroupsClassifiedAsHeldForSaleOrAsHeldForDistributionToOwners" order="10.0"/>
    <link:loc xlink:type="locator" xlink:href="../../../../full_ifrs-cor_2014-03-05.xsd#ifrs-full_InventoriesTotal" xlink:label="InventoriesTotal"/>
    <link:definitionArc xlink:type="arc" xlink:arcrole="http://xbrl.org/int/dim/arcrole/domain-member" xlink:from="AssetsAbstract" xlink:to="InventoriesTotal" order="11.0"/>
    <link:definitionArc xlink:type="arc" xlink:arcrole="http://xbrl.org/int/dim/arcrole/domain-member" xlink:from="InventoriesTotal" xlink:to="ClassesOfInventoriesAbstract" use="optional" order="1.0"/>
    <link:loc xlink:type="locator" xlink:href="../../../../full_ifrs-cor_2014-03-05.xsd#ifrs-full_CurrentTaxAssets" xlink:label="CurrentTaxAssets"/>
    <link:definitionArc xlink:type="arc" xlink:arcrole="http://xbrl.org/int/dim/arcrole/domain-member" xlink:from="AssetsAbstract" xlink:to="CurrentTaxAssets" order="12.0"/>
    <link:loc xlink:type="locator" xlink:href="../../../../full_ifrs-cor_2014-03-05.xsd#ifrs-full_DeferredTaxAssets" xlink:label="DeferredTaxAssets"/>
    <link:definitionArc xlink:type="arc" xlink:arcrole="http://xbrl.org/int/dim/arcrole/domain-member" xlink:from="AssetsAbstract" xlink:to="DeferredTaxAssets" order="13.0"/>
    <link:loc xlink:type="locator" xlink:href="../../../../full_ifrs-cor_2014-03-05.xsd#ifrs-full_TradeAndOtherReceivablesAbstract" xlink:label="TradeAndOtherReceivablesAbstract"/>
    <link:definitionArc xlink:type="arc" xlink:arcrole="http://xbrl.org/int/dim/arcrole/domain-member" xlink:from="AssetsAbstract" xlink:to="TradeAndOtherReceivablesAbstract" use="optional" order="14.0"/>
    <link:loc xlink:type="locator" xlink:href="../../../../full_ifrs-cor_2014-03-05.xsd#ifrs-full_TradeReceivables" xlink:label="TradeReceivables"/>
    <link:definitionArc xlink:type="arc" xlink:arcrole="http://xbrl.org/int/dim/arcrole/domain-member" xlink:from="TradeAndOtherReceivablesAbstract" xlink:to="TradeReceivables" use="optional" order="1.0"/>
    <link:loc xlink:type="locator" xlink:href="../../../../full_ifrs-cor_2014-03-05.xsd#ifrs-full_Prepayments" xlink:label="Prepayments"/>
    <link:definitionArc xlink:type="arc" xlink:arcrole="http://xbrl.org/int/dim/arcrole/domain-member" xlink:from="TradeAndOtherReceivablesAbstract" xlink:to="Prepayments" use="optional" order="3.0"/>
    <link:loc xlink:type="locator" xlink:href="../../../../full_ifrs-cor_2014-03-05.xsd#ifrs-full_OtherReceivables" xlink:label="OtherReceivables"/>
    <link:definitionArc xlink:type="arc" xlink:arcrole="http://xbrl.org/int/dim/arcrole/domain-member" xlink:from="TradeAndOtherReceivablesAbstract" xlink:to="OtherReceivables" use="optional" order="4.0"/>
    <link:loc xlink:type="locator" xlink:href="../../../../full_ifrs-cor_2014-03-05.xsd#ifrs-full_TradeAndOtherReceivables" xlink:label="TradeAndOtherReceivables"/>
    <link:definitionArc xlink:type="arc" xlink:arcrole="http://xbrl.org/int/dim/arcrole/domain-member" xlink:from="TradeAndOtherReceivablesAbstract" xlink:to="TradeAndOtherReceivables" use="optional" order="5.0"/>
    <link:loc xlink:type="locator" xlink:href="../../ifrs-dk-cor_2014-12-20.xsd#ifrs-dk_TradeAndOtherReceivablesDueFromRelatedPartiesAbstract" xlink:label="TradeAndOtherReceivablesDueFromRelatedPartiesAbstract"/>
    <link:definitionArc xlink:type="arc" xlink:arcrole="http://xbrl.org/int/dim/arcrole/domain-member" xlink:from="TradeAndOtherReceivablesAbstract" xlink:to="TradeAndOtherReceivablesDueFromRelatedPartiesAbstract" order="2.0"/>
    <link:loc xlink:type="locator" xlink:href="../../ifrs-dk-cor_2014-12-20.xsd#ifrs-dk_ReceivablesFromJointVentures" xlink:label="ReceivablesFromJointVentures"/>
    <link:definitionArc xlink:type="arc" xlink:arcrole="http://xbrl.org/int/dim/arcrole/domain-member" xlink:from="TradeAndOtherReceivablesDueFromRelatedPartiesAbstract" xlink:to="ReceivablesFromJointVentures" order="1.0"/>
    <link:loc xlink:type="locator" xlink:href="../../ifrs-dk-cor_2014-12-20.xsd#ifrs-dk_ReceivablesFromSubsidaries" xlink:label="ReceivablesFromSubsidaries"/>
    <link:definitionArc xlink:type="arc" xlink:arcrole="http://xbrl.org/int/dim/arcrole/domain-member" xlink:from="TradeAndOtherReceivablesDueFromRelatedPartiesAbstract" xlink:to="ReceivablesFromSubsidaries" order="2.0"/>
    <link:loc xlink:type="locator" xlink:href="../../ifrs-dk-cor_2014-12-20.xsd#ifrs-dk_ReceivablesFromAssociates" xlink:label="ReceivablesFromAssociates"/>
    <link:definitionArc xlink:type="arc" xlink:arcrole="http://xbrl.org/int/dim/arcrole/domain-member" xlink:from="TradeAndOtherReceivablesDueFromRelatedPartiesAbstract" xlink:to="ReceivablesFromAssociates" order="3.0"/>
    <link:loc xlink:type="locator" xlink:href="../../ifrs-dk-cor_2014-12-20.xsd#ifrs-dk_SubordinatedLoans" xlink:label="SubordinatedLoans"/>
    <link:definitionArc xlink:type="arc" xlink:arcrole="http://xbrl.org/int/dim/arcrole/domain-member" xlink:from="TradeAndOtherReceivablesDueFromRelatedPartiesAbstract" xlink:to="SubordinatedLoans" order="4.0"/>
    <link:loc xlink:type="locator" xlink:href="../../../../full_ifrs-cor_2014-03-05.xsd#ifrs-full_TradeAndOtherReceivablesDueFromRelatedParties" xlink:label="TradeAndOtherReceivablesDueFromRelatedParties"/>
    <link:definitionArc xlink:type="arc" xlink:arcrole="http://xbrl.org/int/dim/arcrole/domain-member" xlink:from="TradeAndOtherReceivablesDueFromRelatedPartiesAbstract" xlink:to="TradeAndOtherReceivablesDueFromRelatedParties" use="optional" order="5.0"/>
    <link:definitionArc xlink:type="arc" xlink:arcrole="http://xbrl.org/int/dim/arcrole/domain-member" xlink:from="AssetsAbstract" xlink:to="CashAndCashEquivalentsAbstract" order="15.0"/>
    <link:loc xlink:type="locator" xlink:href="../../../../full_ifrs-cor_2014-03-05.xsd#ifrs-full_NoncashAssetsPledgedAsCollateralForWhichTransfereeHasRightByContractOrCustomToSellOrRepledgeCollateral" xlink:label="NoncashAssetsPledgedAsCollateralForWhichTransfereeHasRightByContractOrCustomToSellOrRepledgeCollateral"/>
    <link:definitionArc xlink:type="arc" xlink:arcrole="http://xbrl.org/int/dim/arcrole/domain-member" xlink:from="AssetsAbstract" xlink:to="NoncashAssetsPledgedAsCollateralForWhichTransfereeHasRightByContractOrCustomToSellOrRepledgeCollateral" order="16.0"/>
    <link:definitionArc xlink:type="arc" xlink:arcrole="http://xbrl.org/int/dim/arcrole/domain-member" xlink:from="AssetsAbstract" xlink:to="InvestmentsInSubsidiariesJointVenturesAndAssociatesAbstract_2" xlink:title="definition: AssetsAbstract to InvestmentsInSubsidiariesJointVenturesAndAssociatesAbstract" order="8.0"/>
    <link:loc xlink:type="locator" xlink:href="../../../../full_ifrs-cor_2014-03-05.xsd#ifrs-full_EquityAndLiabilitiesAbstract" xlink:label="EquityAndLiabilitiesAbstract"/>
    <link:definitionArc xlink:type="arc" xlink:arcrole="http://xbrl.org/int/dim/arcrole/domain-member" xlink:from="StatementOfFinancialPositionAbstract" xlink:to="EquityAndLiabilitiesAbstract" order="2.0"/>
    <link:loc xlink:type="locator" xlink:href="../../../../full_ifrs-cor_2014-03-05.xsd#ifrs-full_EquityAbstract" xlink:label="EquityAbstract"/>
    <link:definitionArc xlink:type="arc" xlink:arcrole="http://xbrl.org/int/dim/arcrole/domain-member" xlink:from="EquityAndLiabilitiesAbstract" xlink:to="EquityAbstract" order="1.0"/>
    <link:loc xlink:type="locator" xlink:href="../../../../full_ifrs-cor_2014-03-05.xsd#ifrs-full_IssuedCapital" xlink:label="IssuedCapital"/>
    <link:definitionArc xlink:type="arc" xlink:arcrole="http://xbrl.org/int/dim/arcrole/domain-member" xlink:from="EquityAbstract" xlink:to="IssuedCapital" use="optional" order="1.0"/>
    <link:loc xlink:type="locator" xlink:href="../../ifrs-dk-cor_2014-12-20.xsd#ifrs-dk_RetainedEarningsAbstract" xlink:label="RetainedEarningsAbstract"/>
    <link:definitionArc xlink:type="arc" xlink:arcrole="http://xbrl.org/int/dim/arcrole/domain-member" xlink:from="EquityAbstract" xlink:to="RetainedEarningsAbstract" use="optional" order="2.0"/>
    <link:loc xlink:type="locator" xlink:href="../../ifrs-dk-cor_2014-12-20.xsd#ifrs-dk_RetainedEarningsFromParentCompany" xlink:label="RetainedEarningsFromParentCompany"/>
    <link:definitionArc xlink:type="arc" xlink:arcrole="http://xbrl.org/int/dim/arcrole/domain-member" xlink:from="RetainedEarningsAbstract" xlink:to="RetainedEarningsFromParentCompany" use="optional" order="1.0"/>
    <link:loc xlink:type="locator" xlink:href="../../../../full_ifrs-cor_2014-03-05.xsd#ifrs-full_RetainedEarnings" xlink:label="RetainedEarnings"/>
    <link:definitionArc xlink:type="arc" xlink:arcrole="http://xbrl.org/int/dim/arcrole/domain-member" xlink:from="RetainedEarningsAbstract" xlink:to="RetainedEarnings" use="optional" order="2.0"/>
    <link:loc xlink:type="locator" xlink:href="../../../../full_ifrs-cor_2014-03-05.xsd#ifrs-full_SharePremium" xlink:label="SharePremium"/>
    <link:definitionArc xlink:type="arc" xlink:arcrole="http://xbrl.org/int/dim/arcrole/domain-member" xlink:from="EquityAbstract" xlink:to="SharePremium" order="3.0"/>
    <link:loc xlink:type="locator" xlink:href="../../ifrs-dk-cor_2014-12-20.xsd#ifrs-dk_TreasurySharesAbstract" xlink:label="TreasurySharesAbstract"/>
    <link:definitionArc xlink:type="arc" xlink:arcrole="http://xbrl.org/int/dim/arcrole/domain-member" xlink:from="EquityAbstract" xlink:to="TreasurySharesAbstract" use="optional" order="4.0"/>
    <link:loc xlink:type="locator" xlink:href="../../ifrs-dk-cor_2014-12-20.xsd#ifrs-dk_ReserveForTreasuryShares" xlink:label="ReserveForTreasuryShares"/>
    <link:definitionArc xlink:type="arc" xlink:arcrole="http://xbrl.org/int/dim/arcrole/domain-member" xlink:from="TreasurySharesAbstract" xlink:to="ReserveForTreasuryShares" use="optional" order="1.0"/>
    <link:loc xlink:type="locator" xlink:href="../../ifrs-dk-cor_2014-12-20.xsd#ifrs-dk_StockShares" xlink:label="StockShares"/>
    <link:definitionArc xlink:type="arc" xlink:arcrole="http://xbrl.org/int/dim/arcrole/domain-member" xlink:from="TreasurySharesAbstract" xlink:to="StockShares" order="2.0"/>
    <link:loc xlink:type="locator" xlink:href="../../../../full_ifrs-cor_2014-03-05.xsd#ifrs-full_TreasuryShares" xlink:label="TreasuryShares"/>
    <link:definitionArc xlink:type="arc" xlink:arcrole="http://xbrl.org/int/dim/arcrole/domain-member" xlink:from="TreasurySharesAbstract" xlink:to="TreasuryShares" use="optional" order="3.0"/>
    <link:loc xlink:type="locator" xlink:href="../../../../full_ifrs-cor_2014-03-05.xsd#ifrs-full_OtherEquityInterest" xlink:label="OtherEquityInterest"/>
    <link:definitionArc xlink:type="arc" xlink:arcrole="http://xbrl.org/int/dim/arcrole/domain-member" xlink:from="EquityAbstract" xlink:to="OtherEquityInterest" order="5.0"/>
    <link:loc xlink:type="locator" xlink:href="../../../../full_ifrs-cor_2014-03-05.xsd#ifrs-full_EquityAttributableToOwnersOfParent" xlink:label="EquityAttributableToOwnersOfParent"/>
    <link:definitionArc xlink:type="arc" xlink:arcrole="http://xbrl.org/int/dim/arcrole/domain-member" xlink:from="EquityAbstract" xlink:to="EquityAttributableToOwnersOfParent" order="7.0"/>
    <link:loc xlink:type="locator" xlink:href="../../../../full_ifrs-cor_2014-03-05.xsd#ifrs-full_NoncontrollingInterests" xlink:label="NoncontrollingInterests"/>
    <link:definitionArc xlink:type="arc" xlink:arcrole="http://xbrl.org/int/dim/arcrole/domain-member" xlink:from="EquityAbstract" xlink:to="NoncontrollingInterests" order="8.0"/>
    <link:loc xlink:type="locator" xlink:href="../../../../full_ifrs-cor_2014-03-05.xsd#ifrs-full_MiscellaneousEquityAbstract" xlink:label="MiscellaneousEquityAbstract"/>
    <link:definitionArc xlink:type="arc" xlink:arcrole="http://xbrl.org/int/dim/arcrole/domain-member" xlink:from="EquityAbstract" xlink:to="MiscellaneousEquityAbstract" use="optional" order="9.0"/>
    <link:loc xlink:type="locator" xlink:href="../../../../full_ifrs-cor_2014-03-05.xsd#ifrs-full_CapitalReserve" xlink:label="CapitalReserve"/>
    <link:definitionArc xlink:type="arc" xlink:arcrole="http://xbrl.org/int/dim/arcrole/domain-member" xlink:from="MiscellaneousEquityAbstract" xlink:to="CapitalReserve" use="optional" order="1.0"/>
    <link:loc xlink:type="locator" xlink:href="../../../../full_ifrs-cor_2014-03-05.xsd#ifrs-full_AdditionalPaidinCapital" xlink:label="AdditionalPaidinCapital"/>
    <link:definitionArc xlink:type="arc" xlink:arcrole="http://xbrl.org/int/dim/arcrole/domain-member" xlink:from="MiscellaneousEquityAbstract" xlink:to="AdditionalPaidinCapital" use="optional" order="2.0"/>
    <link:loc xlink:type="locator" xlink:href="../../../../full_ifrs-cor_2014-03-05.xsd#ifrs-full_AccumulatedOtherComprehensiveIncome" xlink:label="AccumulatedOtherComprehensiveIncome"/>
    <link:definitionArc xlink:type="arc" xlink:arcrole="http://xbrl.org/int/dim/arcrole/domain-member" xlink:from="MiscellaneousEquityAbstract" xlink:to="AccumulatedOtherComprehensiveIncome" use="optional" order="3.0"/>
    <link:loc xlink:type="locator" xlink:href="../../ifrs-dk-cor_2014-12-20.xsd#ifrs-dk_OtherIssuedCapital" xlink:label="OtherIssuedCapital"/>
    <link:definitionArc xlink:type="arc" xlink:arcrole="http://xbrl.org/int/dim/arcrole/domain-member" xlink:from="EquityAbstract" xlink:to="OtherIssuedCapital" use="optional" order="10.0"/>
    <link:loc xlink:type="locator" xlink:href="../../../../full_ifrs-cor_2014-03-05.xsd#ifrs-full_Equity" xlink:label="Equity"/>
    <link:definitionArc xlink:type="arc" xlink:arcrole="http://xbrl.org/int/dim/arcrole/domain-member" xlink:from="EquityAbstract" xlink:to="Equity" order="11.0"/>
    <link:loc xlink:type="locator" xlink:href="../../ifrs-dk-cor_2014-12-20.xsd#ifrs-dk_HedgingReservesAbstract" xlink:label="HedgingReservesAbstract"/>
    <link:loc xlink:type="locator" xlink:href="../../ifrs-dk-cor_2014-12-20.xsd#ifrs-dk_ReserveForFairValueAdjustmentsToHedgingInstruments" xlink:label="ReserveForFairValueAdjustmentsToHedgingInstruments"/>
    <link:definitionArc xlink:type="arc" xlink:arcrole="http://xbrl.org/int/dim/arcrole/domain-member" xlink:from="HedgingReservesAbstract" xlink:to="ReserveForFairValueAdjustmentsToHedgingInstruments" use="optional" order="1.0"/>
    <link:loc xlink:type="locator" xlink:href="../../ifrs-dk-cor_2014-12-20.xsd#ifrs-dk_ForeignExchangeAdjustmentsToHedgingTransactions" xlink:label="ForeignExchangeAdjustmentsToHedgingTransactions"/>
    <link:definitionArc xlink:type="arc" xlink:arcrole="http://xbrl.org/int/dim/arcrole/domain-member" xlink:from="HedgingReservesAbstract" xlink:to="ForeignExchangeAdjustmentsToHedgingTransactions" use="optional" order="2.0"/>
    <link:loc xlink:type="locator" xlink:href="../../../../full_ifrs-cor_2014-03-05.xsd#ifrs-full_ReserveOfCashFlowHedges" xlink:label="ReserveOfCashFlowHedges"/>
    <link:definitionArc xlink:type="arc" xlink:arcrole="http://xbrl.org/int/dim/arcrole/domain-member" xlink:from="HedgingReservesAbstract" xlink:to="ReserveOfCashFlowHedges" xlink:title="definition: HedgingReservesAbstract to ReserveOfCashFlowHedges" order="3.0"/>
    <link:loc xlink:type="locator" xlink:href="../../../../full_ifrs-cor_2014-03-05.xsd#ifrs-full_OtherReservesAbstract" xlink:label="OtherReservesAbstract_2"/>
    <link:loc xlink:type="locator" xlink:href="../../../../full_ifrs-cor_2014-03-05.xsd#ifrs-full_OtherReserves" xlink:label="OtherReserves"/>
    <link:definitionArc xlink:type="arc" xlink:arcrole="http://xbrl.org/int/dim/arcrole/domain-member" xlink:from="OtherReservesAbstract_2" xlink:to="OtherReserves" use="optional" order="16.0"/>
    <link:loc xlink:type="locator" xlink:href="../../../../full_ifrs-cor_2014-03-05.xsd#ifrs-full_ReserveOfGainsAndLossesOnRemeasuringAvailableforsaleFinancialAssets" xlink:label="ReserveOfGainsAndLossesOnRemeasuringAvailableforsaleFinancialAssets"/>
    <link:definitionArc xlink:type="arc" xlink:arcrole="http://xbrl.org/int/dim/arcrole/domain-member" xlink:from="OtherReservesAbstract_2" xlink:to="ReserveOfGainsAndLossesOnRemeasuringAvailableforsaleFinancialAssets" use="optional" order="4.0"/>
    <link:loc xlink:type="locator" xlink:href="../../../../full_ifrs-cor_2014-03-05.xsd#ifrs-full_ReserveOfExchangeDifferencesOnTranslation" xlink:label="ReserveOfExchangeDifferencesOnTranslation"/>
    <link:definitionArc xlink:type="arc" xlink:arcrole="http://xbrl.org/int/dim/arcrole/domain-member" xlink:from="OtherReservesAbstract_2" xlink:to="ReserveOfExchangeDifferencesOnTranslation" use="optional" order="2.0"/>
    <link:loc xlink:type="locator" xlink:href="../../../../full_ifrs-cor_2014-03-05.xsd#ifrs-full_RevaluationSurplus" xlink:label="RevaluationSurplus"/>
    <link:definitionArc xlink:type="arc" xlink:arcrole="http://xbrl.org/int/dim/arcrole/domain-member" xlink:from="OtherReservesAbstract_2" xlink:to="RevaluationSurplus" use="optional" order="1.0"/>
    <link:definitionArc xlink:type="arc" xlink:arcrole="http://xbrl.org/int/dim/arcrole/domain-member" xlink:from="OtherReservesAbstract_2" xlink:to="ReserveOfCashFlowHedges" use="optional" order="3.0"/>
    <link:loc xlink:type="locator" xlink:href="../../../../full_ifrs-cor_2014-03-05.xsd#ifrs-full_ReserveOfSharebasedPayments" xlink:label="ReserveOfSharebasedPayments"/>
    <link:definitionArc xlink:type="arc" xlink:arcrole="http://xbrl.org/int/dim/arcrole/domain-member" xlink:from="OtherReservesAbstract_2" xlink:to="ReserveOfSharebasedPayments" use="optional" order="5.0"/>
    <link:loc xlink:type="locator" xlink:href="../../../../full_ifrs-cor_2014-03-05.xsd#ifrs-full_AmountRecognisedInOtherComprehensiveIncomeAndAccumulatedInEquityRelatingToNoncurrentAssetsOrDisposalGroupsHeldForSale" xlink:label="AmountRecognisedInOtherComprehensiveIncomeAndAccumulatedInEquityRelatingToNoncurrentAssetsOrDisposalGroupsHeldForSale"/>
    <link:definitionArc xlink:type="arc" xlink:arcrole="http://xbrl.org/int/dim/arcrole/domain-member" xlink:from="OtherReservesAbstract_2" xlink:to="AmountRecognisedInOtherComprehensiveIncomeAndAccumulatedInEquityRelatingToNoncurrentAssetsOrDisposalGroupsHeldForSale" use="optional" order="6.0"/>
    <link:loc xlink:type="locator" xlink:href="../../../../full_ifrs-cor_2014-03-05.xsd#ifrs-full_ReserveOfGainsAndLossesFromInvestmentsInEquityInstruments" xlink:label="ReserveOfGainsAndLossesFromInvestmentsInEquityInstruments"/>
    <link:definitionArc xlink:type="arc" xlink:arcrole="http://xbrl.org/int/dim/arcrole/domain-member" xlink:from="OtherReservesAbstract_2" xlink:to="ReserveOfGainsAndLossesFromInvestmentsInEquityInstruments" use="optional" order="7.0"/>
    <link:loc xlink:type="locator" xlink:href="../../../../full_ifrs-cor_2014-03-05.xsd#ifrs-full_ReserveOfChangeInFairValueOfFinancialLiabilityAttributableToChangeInCreditRiskOfLiability" xlink:label="ReserveOfChangeInFairValueOfFinancialLiabilityAttributableToChangeInCreditRiskOfLiability"/>
    <link:definitionArc xlink:type="arc" xlink:arcrole="http://xbrl.org/int/dim/arcrole/domain-member" xlink:from="OtherReservesAbstract_2" xlink:to="ReserveOfChangeInFairValueOfFinancialLiabilityAttributableToChangeInCreditRiskOfLiability" use="optional" order="8.0"/>
    <link:loc xlink:type="locator" xlink:href="../../../../full_ifrs-cor_2014-03-05.xsd#ifrs-full_ReserveForCatastrophe" xlink:label="ReserveForCatastrophe"/>
    <link:definitionArc xlink:type="arc" xlink:arcrole="http://xbrl.org/int/dim/arcrole/domain-member" xlink:from="OtherReservesAbstract_2" xlink:to="ReserveForCatastrophe" use="optional" order="9.0"/>
    <link:loc xlink:type="locator" xlink:href="../../../../full_ifrs-cor_2014-03-05.xsd#ifrs-full_ReserveForEqualisation" xlink:label="ReserveForEqualisation"/>
    <link:definitionArc xlink:type="arc" xlink:arcrole="http://xbrl.org/int/dim/arcrole/domain-member" xlink:from="OtherReservesAbstract_2" xlink:to="ReserveForEqualisation" use="optional" order="10.0"/>
    <link:loc xlink:type="locator" xlink:href="../../../../full_ifrs-cor_2014-03-05.xsd#ifrs-full_ReserveOfDiscretionaryParticipationFeatures" xlink:label="ReserveOfDiscretionaryParticipationFeatures"/>
    <link:definitionArc xlink:type="arc" xlink:arcrole="http://xbrl.org/int/dim/arcrole/domain-member" xlink:from="OtherReservesAbstract_2" xlink:to="ReserveOfDiscretionaryParticipationFeatures" use="optional" order="11.0"/>
    <link:loc xlink:type="locator" xlink:href="../../../../full_ifrs-cor_2014-03-05.xsd#ifrs-full_ReserveOfEquityComponentOfConvertibleInstruments" xlink:label="ReserveOfEquityComponentOfConvertibleInstruments"/>
    <link:definitionArc xlink:type="arc" xlink:arcrole="http://xbrl.org/int/dim/arcrole/domain-member" xlink:from="OtherReservesAbstract_2" xlink:to="ReserveOfEquityComponentOfConvertibleInstruments" use="optional" order="12.0"/>
    <link:loc xlink:type="locator" xlink:href="../../../../full_ifrs-cor_2014-03-05.xsd#ifrs-full_CapitalRedemptionReserve" xlink:label="CapitalRedemptionReserve"/>
    <link:definitionArc xlink:type="arc" xlink:arcrole="http://xbrl.org/int/dim/arcrole/domain-member" xlink:from="OtherReservesAbstract_2" xlink:to="CapitalRedemptionReserve" use="optional" order="13.0"/>
    <link:loc xlink:type="locator" xlink:href="../../../../full_ifrs-cor_2014-03-05.xsd#ifrs-full_MergerReserve" xlink:label="MergerReserve"/>
    <link:definitionArc xlink:type="arc" xlink:arcrole="http://xbrl.org/int/dim/arcrole/domain-member" xlink:from="OtherReservesAbstract_2" xlink:to="MergerReserve" use="optional" order="14.0"/>
    <link:loc xlink:type="locator" xlink:href="../../../../full_ifrs-cor_2014-03-05.xsd#ifrs-full_StatutoryReserve" xlink:label="StatutoryReserve"/>
    <link:definitionArc xlink:type="arc" xlink:arcrole="http://xbrl.org/int/dim/arcrole/domain-member" xlink:from="OtherReservesAbstract_2" xlink:to="StatutoryReserve" use="optional" order="15.0"/>
    <link:loc xlink:type="locator" xlink:href="../../ifrs-dk-cor_2014-12-20.xsd#ifrs-dk_OtherReservesAbstract" xlink:label="OtherReservesAbstract"/>
    <link:definitionArc xlink:type="arc" xlink:arcrole="http://xbrl.org/int/dim/arcrole/domain-member" xlink:from="EquityAbstract" xlink:to="OtherReservesAbstract" use="optional" order="6.0"/>
    <link:definitionArc xlink:type="arc" xlink:arcrole="http://xbrl.org/int/dim/arcrole/domain-member" xlink:from="OtherReservesAbstract" xlink:to="HedgingReservesAbstract" use="optional" order="2.0"/>
    <link:loc xlink:type="locator" xlink:href="../../ifrs-dk-cor_2014-12-20.xsd#ifrs-dk_ReserveForActuariaProfitLoss" xlink:label="ReserveForActuariaProfitLoss"/>
    <link:definitionArc xlink:type="arc" xlink:arcrole="http://xbrl.org/int/dim/arcrole/domain-member" xlink:from="OtherReservesAbstract" xlink:to="ReserveForActuariaProfitLoss" use="optional" order="3.0"/>
    <link:loc xlink:type="locator" xlink:href="../../ifrs-dk-cor_2014-12-20.xsd#ifrs-dk_DividendAvailableForDistribution" xlink:label="DividendAvailableForDistribution"/>
    <link:definitionArc xlink:type="arc" xlink:arcrole="http://xbrl.org/int/dim/arcrole/domain-member" xlink:from="OtherReservesAbstract" xlink:to="DividendAvailableForDistribution" use="optional" order="6.0"/>
    <link:definitionArc xlink:type="arc" xlink:arcrole="http://xbrl.org/int/dim/arcrole/domain-member" xlink:from="OtherReservesAbstract" xlink:to="OtherReserves" use="optional" order="7.0"/>
    <link:definitionArc xlink:type="arc" xlink:arcrole="http://xbrl.org/int/dim/arcrole/domain-member" xlink:from="OtherReservesAbstract" xlink:to="ReserveOfGainsAndLossesOnRemeasuringAvailableforsaleFinancialAssets" xlink:title="definition: OtherReservesAbstract to ReserveOfGainsAndLossesOnRemeasuringAvailableforsaleFinancialAssets" order="4.0"/>
    <link:loc xlink:type="locator" xlink:href="../../../../full_ifrs-cor_2014-03-05.xsd#ifrs-full_DividendsProposedOrDeclaredBeforeFinancialStatementsAuthorisedForIssueButNotRecognisedAsDistributionToOwners" xlink:label="DividendsProposedOrDeclaredBeforeFinancialStatementsAuthorisedForIssueButNotRecognisedAsDistributionToOwners" xlink:title="DividendsProposedOrDeclaredBeforeFinancialStatementsAuthorisedForIssueButNotRecognisedAsDistributionToOwners"/>
    <link:definitionArc xlink:type="arc" xlink:arcrole="http://xbrl.org/int/dim/arcrole/domain-member" xlink:from="OtherReservesAbstract" xlink:to="DividendsProposedOrDeclaredBeforeFinancialStatementsAuthorisedForIssueButNotRecognisedAsDistributionToOwners" xlink:title="definition: OtherReservesAbstract to DividendsProposedOrDeclaredBeforeFinancialStatementsAuthorisedForIssueButNotRecognisedAsDistributionToOwners" order="5.0"/>
    <link:loc xlink:type="locator" xlink:href="../../../../full_ifrs-cor_2014-03-05.xsd#ifrs-full_ReserveOfChangeInValueOfForeignCurrencyBasisSpreads" xlink:label="ReserveOfChangeInValueOfForeignCurrencyBasisSpreads" xlink:title="ReserveOfChangeInValueOfForeignCurrencyBasisSpreads"/>
    <link:definitionArc xlink:type="arc" xlink:arcrole="http://xbrl.org/int/dim/arcrole/domain-member" xlink:from="OtherReservesAbstract" xlink:to="ReserveOfChangeInValueOfForeignCurrencyBasisSpreads" xlink:title="definition: OtherReservesAbstract to ReserveOfChangeInValueOfForeignCurrencyBasisSpreads" order="1.0"/>
    <link:loc xlink:type="locator" xlink:href="../../../../full_ifrs-cor_2014-03-05.xsd#ifrs-full_LiabilitiesAbstract" xlink:label="LiabilitiesAbstract"/>
    <link:definitionArc xlink:type="arc" xlink:arcrole="http://xbrl.org/int/dim/arcrole/domain-member" xlink:from="EquityAndLiabilitiesAbstract" xlink:to="LiabilitiesAbstract" order="2.0"/>
    <link:loc xlink:type="locator" xlink:href="../../../../full_ifrs-cor_2014-03-05.xsd#ifrs-full_TradeAndOtherPayablesAbstract" xlink:label="TradeAndOtherPayablesAbstract"/>
    <link:definitionArc xlink:type="arc" xlink:arcrole="http://xbrl.org/int/dim/arcrole/domain-member" xlink:from="LiabilitiesAbstract" xlink:to="TradeAndOtherPayablesAbstract" use="optional" order="1.0"/>
    <link:loc xlink:type="locator" xlink:href="../../../../full_ifrs-cor_2014-03-05.xsd#ifrs-full_TradeAndOtherPayablesToTradeSuppliers" xlink:label="TradeAndOtherPayablesToTradeSuppliers"/>
    <link:definitionArc xlink:type="arc" xlink:arcrole="http://xbrl.org/int/dim/arcrole/domain-member" xlink:from="TradeAndOtherPayablesAbstract" xlink:to="TradeAndOtherPayablesToTradeSuppliers" use="optional" order="1.0"/>
    <link:loc xlink:type="locator" xlink:href="../../../../full_ifrs-cor_2014-03-05.xsd#ifrs-full_DeferredIncome" xlink:label="DeferredIncome"/>
    <link:definitionArc xlink:type="arc" xlink:arcrole="http://xbrl.org/int/dim/arcrole/domain-member" xlink:from="TradeAndOtherPayablesAbstract" xlink:to="DeferredIncome" use="optional" order="4.0"/>
    <link:loc xlink:type="locator" xlink:href="../../../../full_ifrs-cor_2014-03-05.xsd#ifrs-full_Accruals" xlink:label="Accruals"/>
    <link:definitionArc xlink:type="arc" xlink:arcrole="http://xbrl.org/int/dim/arcrole/domain-member" xlink:from="TradeAndOtherPayablesAbstract" xlink:to="Accruals" use="optional" order="5.0"/>
    <link:loc xlink:type="locator" xlink:href="../../../../full_ifrs-cor_2014-03-05.xsd#ifrs-full_OtherPayables" xlink:label="OtherPayables"/>
    <link:definitionArc xlink:type="arc" xlink:arcrole="http://xbrl.org/int/dim/arcrole/domain-member" xlink:from="TradeAndOtherPayablesAbstract" xlink:to="OtherPayables" use="optional" order="6.0"/>
    <link:loc xlink:type="locator" xlink:href="../../../../full_ifrs-cor_2014-03-05.xsd#ifrs-full_TradeAndOtherPayables" xlink:label="TradeAndOtherPayables"/>
    <link:definitionArc xlink:type="arc" xlink:arcrole="http://xbrl.org/int/dim/arcrole/domain-member" xlink:from="TradeAndOtherPayablesAbstract" xlink:to="TradeAndOtherPayables" use="optional" order="7.0"/>
    <link:loc xlink:type="locator" xlink:href="../../ifrs-dk-cor_2014-12-20.xsd#ifrs-dk_TradeAndOtherPayablesToRelatedPartiesAbstract" xlink:label="TradeAndOtherPayablesToRelatedPartiesAbstract"/>
    <link:definitionArc xlink:type="arc" xlink:arcrole="http://xbrl.org/int/dim/arcrole/domain-member" xlink:from="TradeAndOtherPayablesAbstract" xlink:to="TradeAndOtherPayablesToRelatedPartiesAbstract" use="optional" order="2.0"/>
    <link:loc xlink:type="locator" xlink:href="../../ifrs-dk-cor_2014-12-20.xsd#ifrs-dk_TradeAndOtherPayablesToParentCompany" xlink:label="TradeAndOtherPayablesToParentCompany"/>
    <link:definitionArc xlink:type="arc" xlink:arcrole="http://xbrl.org/int/dim/arcrole/domain-member" xlink:from="TradeAndOtherPayablesToRelatedPartiesAbstract" xlink:to="TradeAndOtherPayablesToParentCompany" use="optional" order="1.0"/>
    <link:loc xlink:type="locator" xlink:href="../../ifrs-dk-cor_2014-12-20.xsd#ifrs-dk_TradeAndOtherPayablesToAssociates" xlink:label="TradeAndOtherPayablesToAssociates"/>
    <link:definitionArc xlink:type="arc" xlink:arcrole="http://xbrl.org/int/dim/arcrole/domain-member" xlink:from="TradeAndOtherPayablesToRelatedPartiesAbstract" xlink:to="TradeAndOtherPayablesToAssociates" use="optional" order="3.0"/>
    <link:loc xlink:type="locator" xlink:href="../../ifrs-dk-cor_2014-12-20.xsd#ifrs-dk_TradeAndOtherPayablesToJointVentures" xlink:label="TradeAndOtherPayablesToJointVentures"/>
    <link:definitionArc xlink:type="arc" xlink:arcrole="http://xbrl.org/int/dim/arcrole/domain-member" xlink:from="TradeAndOtherPayablesToRelatedPartiesAbstract" xlink:to="TradeAndOtherPayablesToJointVentures" use="optional" order="4.0"/>
    <link:loc xlink:type="locator" xlink:href="../../../../full_ifrs-cor_2014-03-05.xsd#ifrs-full_TradeAndOtherPayablesToRelatedParties" xlink:label="TradeAndOtherPayablesToRelatedParties"/>
    <link:definitionArc xlink:type="arc" xlink:arcrole="http://xbrl.org/int/dim/arcrole/domain-member" xlink:from="TradeAndOtherPayablesToRelatedPartiesAbstract" xlink:to="TradeAndOtherPayablesToRelatedParties" use="optional" order="5.0"/>
    <link:loc xlink:type="locator" xlink:href="../../ifrs-dk-cor_2014-12-20.xsd#ifrs-dk_TradeAndOtherPayablesToSubsidiariesAndShareholdersAndManagementAbstract" xlink:label="TradeAndOtherPayablesToSubsidiariesAndShareholdersAndManagementAbstract" xlink:title="TradeAndOtherPayablesToSubsidiariesAndShareholdersAndManagementAbstract"/>
    <link:definitionArc xlink:type="arc" xlink:arcrole="http://xbrl.org/int/dim/arcrole/domain-member" xlink:from="TradeAndOtherPayablesToRelatedPartiesAbstract" xlink:to="TradeAndOtherPayablesToSubsidiariesAndShareholdersAndManagementAbstract" xlink:title="definition: TradeAndOtherPayablesToRelatedPartiesAbstract to TradeAndOtherPayablesToSubsidiariesAndShareholdersAndManagementAbstract" order="6.0"/>
    <link:loc xlink:type="locator" xlink:href="../../ifrs-dk-cor_2014-12-20.xsd#ifrs-dk_TradeAndOtherPayablesToSubsidiariesAndShareholdersAndManagement" xlink:label="TradeAndOtherPayablesToSubsidiariesAndShareholdersAndManagement" xlink:title="TradeAndOtherPayablesToSubsidiariesAndShareholdersAndManagement"/>
    <link:definitionArc xlink:type="arc" xlink:arcrole="http://xbrl.org/int/dim/arcrole/domain-member" xlink:from="TradeAndOtherPayablesToSubsidiariesAndShareholdersAndManagementAbstract" xlink:to="TradeAndOtherPayablesToSubsidiariesAndShareholdersAndManagement" xlink:title="definition: TradeAndOtherPayablesToSubsidiariesAndShareholdersAndManagementAbstract to TradeAndOtherPayablesToSubsidiariesAndShareholdersAndManagement" order="4.0"/>
    <link:loc xlink:type="locator" xlink:href="../../ifrs-dk-cor_2014-12-20.xsd#ifrs-dk_TradeAndOtherPayablesToSubsidiaries" xlink:label="TradeAndOtherPayablesToSubsidiaries"/>
    <link:definitionArc xlink:type="arc" xlink:arcrole="http://xbrl.org/int/dim/arcrole/domain-member" xlink:from="TradeAndOtherPayablesToSubsidiariesAndShareholdersAndManagementAbstract" xlink:to="TradeAndOtherPayablesToSubsidiaries" xlink:title="definition: TradeAndOtherPayablesToSubsidiariesAndShareholdersAndManagementAbstract to TradeAndOtherPayablesToSubsidiaries" use="optional" order="2.0"/>
    <link:loc xlink:type="locator" xlink:href="../../ifrs-dk-cor_2014-12-20.xsd#ifrs-dk_TradeAndOtherPayablesToShareholdersAndManagement" xlink:label="TradeAndOtherPayablesToShareholdersAndManagement" xlink:title="TradeAndOtherPayablesToShareholdersAndManagement"/>
    <link:definitionArc xlink:type="arc" xlink:arcrole="http://xbrl.org/int/dim/arcrole/domain-member" xlink:from="TradeAndOtherPayablesToSubsidiariesAndShareholdersAndManagementAbstract" xlink:to="TradeAndOtherPayablesToShareholdersAndManagement" xlink:title="definition: TradeAndOtherPayablesToSubsidiariesAndShareholdersAndManagementAbstract to TradeAndOtherPayablesToShareholdersAndManagement" order="3.0"/>
    <link:loc xlink:type="locator" xlink:href="../../ifrs-dk-cor_2014-12-20.xsd#ifrs-dk_PayablesToCreditInstitutionsAbstract" xlink:label="PayablesToCreditInstitutionsAbstract"/>
    <link:definitionArc xlink:type="arc" xlink:arcrole="http://xbrl.org/int/dim/arcrole/domain-member" xlink:from="TradeAndOtherPayablesAbstract" xlink:to="PayablesToCreditInstitutionsAbstract" use="optional" order="3.0"/>
    <link:loc xlink:type="locator" xlink:href="../../ifrs-dk-cor_2014-12-20.xsd#ifrs-dk_PayablesToMortgageCreditInstitutions" xlink:label="PayablesToMortgageCreditInstitutions"/>
    <link:definitionArc xlink:type="arc" xlink:arcrole="http://xbrl.org/int/dim/arcrole/domain-member" xlink:from="PayablesToCreditInstitutionsAbstract" xlink:to="PayablesToMortgageCreditInstitutions" use="optional" order="1.0"/>
    <link:loc xlink:type="locator" xlink:href="../../ifrs-dk-cor_2014-12-20.xsd#ifrs-dk_PayablesToOtherCreditInstitutions" xlink:label="PayablesToOtherCreditInstitutions"/>
    <link:definitionArc xlink:type="arc" xlink:arcrole="http://xbrl.org/int/dim/arcrole/domain-member" xlink:from="PayablesToCreditInstitutionsAbstract" xlink:to="PayablesToOtherCreditInstitutions" use="optional" order="2.0"/>
    <link:loc xlink:type="locator" xlink:href="../../ifrs-dk-cor_2014-12-20.xsd#ifrs-dk_BankLoans" xlink:label="BankLoans"/>
    <link:definitionArc xlink:type="arc" xlink:arcrole="http://xbrl.org/int/dim/arcrole/domain-member" xlink:from="PayablesToCreditInstitutionsAbstract" xlink:to="BankLoans" use="optional" order="3.0"/>
    <link:loc xlink:type="locator" xlink:href="../../ifrs-dk-cor_2014-12-20.xsd#ifrs-dk_MortgageDebt" xlink:label="MortgageDebt"/>
    <link:definitionArc xlink:type="arc" xlink:arcrole="http://xbrl.org/int/dim/arcrole/domain-member" xlink:from="PayablesToCreditInstitutionsAbstract" xlink:to="MortgageDebt" use="optional" order="4.0"/>
    <link:loc xlink:type="locator" xlink:href="../../ifrs-dk-cor_2014-12-20.xsd#ifrs-dk_BondLoans" xlink:label="BondLoans"/>
    <link:definitionArc xlink:type="arc" xlink:arcrole="http://xbrl.org/int/dim/arcrole/domain-member" xlink:from="PayablesToCreditInstitutionsAbstract" xlink:to="BondLoans" use="optional" order="5.0"/>
    <link:loc xlink:type="locator" xlink:href="../../ifrs-dk-cor_2014-12-20.xsd#ifrs-dk_PayabelsToCreditInstitutions" xlink:label="PayabelsToCreditInstitutions"/>
    <link:definitionArc xlink:type="arc" xlink:arcrole="http://xbrl.org/int/dim/arcrole/domain-member" xlink:from="PayablesToCreditInstitutionsAbstract" xlink:to="PayabelsToCreditInstitutions" use="optional" order="6.0"/>
    <link:loc xlink:type="locator" xlink:href="../../../../full_ifrs-cor_2014-03-05.xsd#ifrs-full_ProvisionsAbstract" xlink:label="ProvisionsAbstract"/>
    <link:definitionArc xlink:type="arc" xlink:arcrole="http://xbrl.org/int/dim/arcrole/domain-member" xlink:from="LiabilitiesAbstract" xlink:to="ProvisionsAbstract" order="2.0"/>
    <link:loc xlink:type="locator" xlink:href="../../../../full_ifrs-cor_2014-03-05.xsd#ifrs-full_ProvisionsForEmployeeBenefits" xlink:label="ProvisionsForEmployeeBenefits"/>
    <link:definitionArc xlink:type="arc" xlink:arcrole="http://xbrl.org/int/dim/arcrole/domain-member" xlink:from="ProvisionsAbstract" xlink:to="ProvisionsForEmployeeBenefits" order="1.0"/>
    <link:loc xlink:type="locator" xlink:href="../../../../full_ifrs-cor_2014-03-05.xsd#ifrs-full_OtherProvisions" xlink:label="OtherProvisions"/>
    <link:definitionArc xlink:type="arc" xlink:arcrole="http://xbrl.org/int/dim/arcrole/domain-member" xlink:from="ProvisionsAbstract" xlink:to="OtherProvisions" order="2.0"/>
    <link:loc xlink:type="locator" xlink:href="../../../../full_ifrs-cor_2014-03-05.xsd#ifrs-full_Provisions" xlink:label="Provisions"/>
    <link:definitionArc xlink:type="arc" xlink:arcrole="http://xbrl.org/int/dim/arcrole/domain-member" xlink:from="ProvisionsAbstract" xlink:to="Provisions" order="3.0"/>
    <link:loc xlink:type="locator" xlink:href="../../../../full_ifrs-cor_2014-03-05.xsd#ifrs-full_OtherFinancialLiabilities" xlink:label="OtherFinancialLiabilities"/>
    <link:definitionArc xlink:type="arc" xlink:arcrole="http://xbrl.org/int/dim/arcrole/domain-member" xlink:from="LiabilitiesAbstract" xlink:to="OtherFinancialLiabilities" order="3.0"/>
    <link:loc xlink:type="locator" xlink:href="../../../../full_ifrs-cor_2014-03-05.xsd#ifrs-full_OtherNonfinancialLiabilities" xlink:label="OtherNonfinancialLiabilities"/>
    <link:definitionArc xlink:type="arc" xlink:arcrole="http://xbrl.org/int/dim/arcrole/domain-member" xlink:from="LiabilitiesAbstract" xlink:to="OtherNonfinancialLiabilities" order="4.0"/>
    <link:loc xlink:type="locator" xlink:href="../../../../full_ifrs-cor_2014-03-05.xsd#ifrs-full_CurrentTaxLiabilities" xlink:label="CurrentTaxLiabilities"/>
    <link:definitionArc xlink:type="arc" xlink:arcrole="http://xbrl.org/int/dim/arcrole/domain-member" xlink:from="LiabilitiesAbstract" xlink:to="CurrentTaxLiabilities" order="5.0"/>
    <link:loc xlink:type="locator" xlink:href="../../../../full_ifrs-cor_2014-03-05.xsd#ifrs-full_DeferredTaxLiabilities" xlink:label="DeferredTaxLiabilities"/>
    <link:definitionArc xlink:type="arc" xlink:arcrole="http://xbrl.org/int/dim/arcrole/domain-member" xlink:from="LiabilitiesAbstract" xlink:to="DeferredTaxLiabilities" order="6.0"/>
    <link:loc xlink:type="locator" xlink:href="../../../../full_ifrs-cor_2014-03-05.xsd#ifrs-full_CategoriesOfFinancialLiabilitiesAbstract" xlink:label="CategoriesOfFinancialLiabilitiesAbstract"/>
    <link:definitionArc xlink:type="arc" xlink:arcrole="http://xbrl.org/int/dim/arcrole/domain-member" xlink:from="LiabilitiesAbstract" xlink:to="CategoriesOfFinancialLiabilitiesAbstract" use="optional" order="7.0"/>
    <link:loc xlink:type="locator" xlink:href="../../../../full_ifrs-cor_2014-03-05.xsd#ifrs-full_FinancialLiabilitiesAtFairValueThroughProfitOrLossAbstract" xlink:label="FinancialLiabilitiesAtFairValueThroughProfitOrLossAbstract"/>
    <link:definitionArc xlink:type="arc" xlink:arcrole="http://xbrl.org/int/dim/arcrole/domain-member" xlink:from="CategoriesOfFinancialLiabilitiesAbstract" xlink:to="FinancialLiabilitiesAtFairValueThroughProfitOrLossAbstract" use="optional" order="1.0"/>
    <link:loc xlink:type="locator" xlink:href="../../../../full_ifrs-cor_2014-03-05.xsd#ifrs-full_FinancialLiabilitiesAtFairValueThroughProfitOrLossClassifiedAsHeldForTrading" xlink:label="FinancialLiabilitiesAtFairValueThroughProfitOrLossClassifiedAsHeldForTrading"/>
    <link:definitionArc xlink:type="arc" xlink:arcrole="http://xbrl.org/int/dim/arcrole/domain-member" xlink:from="FinancialLiabilitiesAtFairValueThroughProfitOrLossAbstract" xlink:to="FinancialLiabilitiesAtFairValueThroughProfitOrLossClassifiedAsHeldForTrading" use="optional" order="1.0"/>
    <link:loc xlink:type="locator" xlink:href="../../../../full_ifrs-cor_2014-03-05.xsd#ifrs-full_FinancialLiabilitiesAtFairValueThroughProfitOrLossDesignatedAsUponInitialRecognition" xlink:label="FinancialLiabilitiesAtFairValueThroughProfitOrLossDesignatedAsUponInitialRecognition"/>
    <link:definitionArc xlink:type="arc" xlink:arcrole="http://xbrl.org/int/dim/arcrole/domain-member" xlink:from="FinancialLiabilitiesAtFairValueThroughProfitOrLossAbstract" xlink:to="FinancialLiabilitiesAtFairValueThroughProfitOrLossDesignatedAsUponInitialRecognition" use="optional" order="2.0"/>
    <link:loc xlink:type="locator" xlink:href="../../../../full_ifrs-cor_2014-03-05.xsd#ifrs-full_FinancialLiabilitiesAtFairValueThroughProfitOrLoss" xlink:label="FinancialLiabilitiesAtFairValueThroughProfitOrLoss"/>
    <link:definitionArc xlink:type="arc" xlink:arcrole="http://xbrl.org/int/dim/arcrole/domain-member" xlink:from="FinancialLiabilitiesAtFairValueThroughProfitOrLossAbstract" xlink:to="FinancialLiabilitiesAtFairValueThroughProfitOrLoss" use="optional" order="3.0"/>
    <link:loc xlink:type="locator" xlink:href="../../../../full_ifrs-cor_2014-03-05.xsd#ifrs-full_FinancialLiabilitiesAtAmortisedCost" xlink:label="FinancialLiabilitiesAtAmortisedCost"/>
    <link:definitionArc xlink:type="arc" xlink:arcrole="http://xbrl.org/int/dim/arcrole/domain-member" xlink:from="CategoriesOfFinancialLiabilitiesAbstract" xlink:to="FinancialLiabilitiesAtAmortisedCost" use="optional" order="2.0"/>
    <link:loc xlink:type="locator" xlink:href="../../../../full_ifrs-cor_2014-03-05.xsd#ifrs-full_FinancialLiabilities" xlink:label="FinancialLiabilities"/>
    <link:definitionArc xlink:type="arc" xlink:arcrole="http://xbrl.org/int/dim/arcrole/domain-member" xlink:from="CategoriesOfFinancialLiabilitiesAbstract" xlink:to="FinancialLiabilities" use="optional" order="4.0"/>
    <link:loc xlink:type="locator" xlink:href="../../../../full_ifrs-cor_2014-03-05.xsd#ifrs-full_FinanceLeaseLiabilities" xlink:label="FinanceLeaseLiabilities"/>
    <link:definitionArc xlink:type="arc" xlink:arcrole="http://xbrl.org/int/dim/arcrole/domain-member" xlink:from="CategoriesOfFinancialLiabilitiesAbstract" xlink:to="FinanceLeaseLiabilities" xlink:title="definition: CategoriesOfFinancialLiabilitiesAbstract to FinanceLeaseLiabilities" order="3.0"/>
    <link:loc xlink:type="locator" xlink:href="../../../../full_ifrs-cor_2014-03-05.xsd#ifrs-full_LiabilitiesIncludedInDisposalGroupsClassifiedAsHeldForSale" xlink:label="LiabilitiesIncludedInDisposalGroupsClassifiedAsHeldForSale"/>
    <link:definitionArc xlink:type="arc" xlink:arcrole="http://xbrl.org/int/dim/arcrole/domain-member" xlink:from="LiabilitiesAbstract" xlink:to="LiabilitiesIncludedInDisposalGroupsClassifiedAsHeldForSale" order="8.0"/>
    <link:loc xlink:type="locator" xlink:href="../../../../full_ifrs-cor_2014-03-05.xsd#ifrs-full_MiscellaneousLiabilitiesAbstract" xlink:label="MiscellaneousLiabilitiesAbstract"/>
    <link:definitionArc xlink:type="arc" xlink:arcrole="http://xbrl.org/int/dim/arcrole/domain-member" xlink:from="LiabilitiesAbstract" xlink:to="MiscellaneousLiabilitiesAbstract" use="optional" order="9.0"/>
    <link:loc xlink:type="locator" xlink:href="../../../../full_ifrs-cor_2014-03-05.xsd#ifrs-full_DerivativeFinancialLiabilities" xlink:label="DerivativeFinancialLiabilities"/>
    <link:definitionArc xlink:type="arc" xlink:arcrole="http://xbrl.org/int/dim/arcrole/domain-member" xlink:from="MiscellaneousLiabilitiesAbstract" xlink:to="DerivativeFinancialLiabilities" use="optional" order="1.0"/>
    <link:definitionArc xlink:type="arc" xlink:arcrole="http://xbrl.org/int/dim/arcrole/domain-member" xlink:from="MiscellaneousLiabilitiesAbstract" xlink:to="FinanceLeaseLiabilities" use="optional" order="2.0"/>
    <link:loc xlink:type="locator" xlink:href="../../../../full_ifrs-cor_2014-03-05.xsd#ifrs-full_Advances" xlink:label="Advances"/>
    <link:definitionArc xlink:type="arc" xlink:arcrole="http://xbrl.org/int/dim/arcrole/domain-member" xlink:from="MiscellaneousLiabilitiesAbstract" xlink:to="Advances" use="optional" order="3.0"/>
    <link:loc xlink:type="locator" xlink:href="../../../../full_ifrs-cor_2014-03-05.xsd#ifrs-full_DividendPayables" xlink:label="DividendPayables"/>
    <link:definitionArc xlink:type="arc" xlink:arcrole="http://xbrl.org/int/dim/arcrole/domain-member" xlink:from="MiscellaneousLiabilitiesAbstract" xlink:to="DividendPayables" use="optional" order="4.0"/>
    <link:loc xlink:type="locator" xlink:href="../../../../full_ifrs-cor_2014-03-05.xsd#ifrs-full_DepositsFromBanks" xlink:label="DepositsFromBanks"/>
    <link:definitionArc xlink:type="arc" xlink:arcrole="http://xbrl.org/int/dim/arcrole/domain-member" xlink:from="MiscellaneousLiabilitiesAbstract" xlink:to="DepositsFromBanks" use="optional" order="5.0"/>
    <link:loc xlink:type="locator" xlink:href="../../../../full_ifrs-cor_2014-03-05.xsd#ifrs-full_DepositsFromCustomers" xlink:label="DepositsFromCustomers"/>
    <link:definitionArc xlink:type="arc" xlink:arcrole="http://xbrl.org/int/dim/arcrole/domain-member" xlink:from="MiscellaneousLiabilitiesAbstract" xlink:to="DepositsFromCustomers" use="optional" order="6.0"/>
    <link:loc xlink:type="locator" xlink:href="../../../../full_ifrs-cor_2014-03-05.xsd#ifrs-full_SubordinatedLiabilities" xlink:label="SubordinatedLiabilities"/>
    <link:definitionArc xlink:type="arc" xlink:arcrole="http://xbrl.org/int/dim/arcrole/domain-member" xlink:from="MiscellaneousLiabilitiesAbstract" xlink:to="SubordinatedLiabilities" use="optional" order="7.0"/>
    <link:loc xlink:type="locator" xlink:href="../../../../full_ifrs-cor_2014-03-05.xsd#ifrs-full_DebtSecurities" xlink:label="DebtSecurities"/>
    <link:definitionArc xlink:type="arc" xlink:arcrole="http://xbrl.org/int/dim/arcrole/domain-member" xlink:from="MiscellaneousLiabilitiesAbstract" xlink:to="DebtSecurities" use="optional" order="8.0"/>
    <link:loc xlink:type="locator" xlink:href="../../../../full_ifrs-cor_2014-03-05.xsd#ifrs-full_RepurchaseAgreementsAndCashCollateralOnSecuritiesLent" xlink:label="RepurchaseAgreementsAndCashCollateralOnSecuritiesLent"/>
    <link:definitionArc xlink:type="arc" xlink:arcrole="http://xbrl.org/int/dim/arcrole/domain-member" xlink:from="MiscellaneousLiabilitiesAbstract" xlink:to="RepurchaseAgreementsAndCashCollateralOnSecuritiesLent" use="optional" order="9.0"/>
    <link:loc xlink:type="locator" xlink:href="../../../../full_ifrs-cor_2014-03-05.xsd#ifrs-full_InvestmentContractsLiabilities" xlink:label="InvestmentContractsLiabilities"/>
    <link:definitionArc xlink:type="arc" xlink:arcrole="http://xbrl.org/int/dim/arcrole/domain-member" xlink:from="MiscellaneousLiabilitiesAbstract" xlink:to="InvestmentContractsLiabilities" use="optional" order="10.0"/>
    <link:loc xlink:type="locator" xlink:href="../../../../full_ifrs-cor_2014-03-05.xsd#ifrs-full_OtherLiabilities" xlink:label="OtherLiabilities"/>
    <link:definitionArc xlink:type="arc" xlink:arcrole="http://xbrl.org/int/dim/arcrole/domain-member" xlink:from="MiscellaneousLiabilitiesAbstract" xlink:to="OtherLiabilities" use="optional" order="11.0"/>
    <link:definitionArc xlink:type="arc" xlink:arcrole="http://xbrl.org/int/dim/arcrole/domain-member" xlink:from="LiabilitiesAbstract" xlink:to="OtherReservesAbstract_2" use="optional" order="10.0"/>
    <link:loc xlink:type="locator" xlink:href="../../../../full_ifrs-cor_2014-03-05.xsd#ifrs-full_Liabilities" xlink:label="Liabilities"/>
    <link:definitionArc xlink:type="arc" xlink:arcrole="http://xbrl.org/int/dim/arcrole/domain-member" xlink:from="LiabilitiesAbstract" xlink:to="Liabilities" order="11.0"/>
    <link:loc xlink:type="locator" xlink:href="../../../../full_ifrs-cor_2014-03-05.xsd#ifrs-full_EquityAndLiabilities" xlink:label="EquityAndLiabilities"/>
    <link:definitionArc xlink:type="arc" xlink:arcrole="http://xbrl.org/int/dim/arcrole/domain-member" xlink:from="EquityAndLiabilitiesAbstract" xlink:to="EquityAndLiabilities" order="3.0"/>
    <link:definitionArc xlink:type="arc" xlink:arcrole="http://xbrl.org/int/dim/arcrole/all" xlink:from="StatementOfFinancialPositionAbstract" xlink:to="CommonTable" xlink:title="definition: StatementOfFinancialPositionAbstract to CommonTable" order="3.0" xbrldt:contextElement="scenario"/>
  </link:definitionLink>
</link:linkbase>
