<?xml version="1.0" encoding="UTF-8"?>

<?officialURI http://archprod.service.eogs.dk/taxonomy/20130101/gsd/labels/lab_gsd-da_2013-12-20.xml?>

<?taxonomy-version 0.0.10?>

<link:linkbase xmlns:xsi="http://www.w3.org/2001/XMLSchema-instance" xsi:schemaLocation="http://www.xbrl.org/2003/linkbase http://www.xbrl.org/2003/xbrl-linkbase-2003-12-31.xsd" xmlns:link="http://www.xbrl.org/2003/linkbase" xmlns:xlink="http://www.w3.org/1999/xlink" xmlns:xbrli="http://www.xbrl.org/2003/instance">
  <link:labelLink xlink:type="extended" xlink:role="http://www.xbrl.org/2003/role/link">
    <link:loc xlink:type="locator" xlink:href="../gsd-cor-2013-12-20.xsd#gsd_AddressOfAuditorCountry" xlink:label="AddressOfAuditorCountry"/>
    <link:label xlink:type="resource" xlink:label="label_AddressOfAuditorCountry" xlink:role="http://www.xbrl.org/2003/role/label" xml:lang="da" id="label_AddressOfAuditorCountry">Revisors adresse, land</link:label>
    <link:labelArc xlink:type="arc" xlink:arcrole="http://www.xbrl.org/2003/arcrole/concept-label" xlink:from="AddressOfAuditorCountry" xlink:to="label_AddressOfAuditorCountry" order="10.0"/>
    <link:loc xlink:type="locator" xlink:href="../gsd-cor-2013-12-20.xsd#gsd_AddressOfSubmittingEnterprisePostcodeAndTown" xlink:label="AddressOfSubmittingEnterprisePostcodeAndTown"/>
    <link:label xlink:type="resource" xlink:label="label_AddressOfSubmittingEnterprisePostcodeAndTown" xlink:role="http://www.xbrl.org/2003/role/label" xml:lang="da" id="label_AddressOfSubmittingEnterprisePostcodeAndTown">Indsendende virksomheds adresse, postnummer og by</link:label>
    <link:labelArc xlink:type="arc" xlink:arcrole="http://www.xbrl.org/2003/arcrole/concept-label" xlink:from="AddressOfSubmittingEnterprisePostcodeAndTown" xlink:to="label_AddressOfSubmittingEnterprisePostcodeAndTown" order="10.0"/>
    <link:loc xlink:type="locator" xlink:href="../gsd-cor-2013-12-20.xsd#gsd_AddressOfSubmittingEnterpriseStreetAndNumber" xlink:label="AddressOfSubmittingEnterpriseStreetAndNumber"/>
    <link:label xlink:type="resource" xlink:label="label_AddressOfSubmittingEnterpriseStreetAndNumber" xlink:role="http://www.xbrl.org/2003/role/label" xml:lang="da" id="label_AddressOfSubmittingEnterpriseStreetAndNumber">Indsendende virksomheds adresse, vej og nummer</link:label>
    <link:labelArc xlink:type="arc" xlink:arcrole="http://www.xbrl.org/2003/arcrole/concept-label" xlink:from="AddressOfSubmittingEnterpriseStreetAndNumber" xlink:to="label_AddressOfSubmittingEnterpriseStreetAndNumber" order="10.0"/>
    <link:loc xlink:type="locator" xlink:href="../gsd-cor-2013-12-20.xsd#gsd_NameAndSurnameOfChairmanOfGeneralMeeting" xlink:label="NameAndSurnameOfChairmanOfGeneralMeeting"/>
    <link:label xlink:type="resource" xlink:label="label_NameAndSurnameOfChairmanOfGeneralMeeting" xlink:role="http://www.xbrl.org/2003/role/label" xml:lang="da" id="label_NameAndSurnameOfChairmanOfGeneralMeeting">For- og efternavn på dirigenten for generalforsamlingen</link:label>
    <link:labelArc xlink:type="arc" xlink:arcrole="http://www.xbrl.org/2003/arcrole/concept-label" xlink:from="NameAndSurnameOfChairmanOfGeneralMeeting" xlink:to="label_NameAndSurnameOfChairmanOfGeneralMeeting" order="10.0"/>
    <link:loc xlink:type="locator" xlink:href="../gsd-cor-2013-12-20.xsd#gsd_DateOfApprovalOfReport" xlink:label="DateOfApprovalOfReport"/>
    <link:label xlink:type="resource" xlink:label="label_DateOfApprovalOfReport" xlink:role="http://www.xbrl.org/2003/role/label" xml:lang="da" id="label_DateOfApprovalOfReport">Dato for godkendelse af årsrapporten</link:label>
    <link:labelArc xlink:type="arc" xlink:arcrole="http://www.xbrl.org/2003/arcrole/concept-label" xlink:from="DateOfApprovalOfReport" xlink:to="label_DateOfApprovalOfReport" order="10.0"/>
    <link:loc xlink:type="locator" xlink:href="../gsd-cor-2013-12-20.xsd#gsd_DateOfFoundationOfReportingEntity" xlink:label="DateOfFoundationOfReportingEntity"/>
    <link:label xlink:type="resource" xlink:label="label_DateOfFoundationOfReportingEntity" xlink:role="http://www.xbrl.org/2003/role/label" xml:lang="da" id="label_DateOfFoundationOfReportingEntity">Stiftelsesdato for regnskabsaflæggende virksomhed</link:label>
    <link:labelArc xlink:type="arc" xlink:arcrole="http://www.xbrl.org/2003/arcrole/concept-label" xlink:from="DateOfFoundationOfReportingEntity" xlink:to="label_DateOfFoundationOfReportingEntity" order="10.0"/>
    <link:loc xlink:type="locator" xlink:href="../gsd-cor-2013-12-20.xsd#gsd_DateOfGeneralMeeting" xlink:label="DateOfGeneralMeeting"/>
    <link:label xlink:type="resource" xlink:label="label_DateOfGeneralMeeting" xlink:role="http://www.xbrl.org/2003/role/label" xml:lang="da" id="label_DateOfGeneralMeeting">Generalforsamlingsdato</link:label>
    <link:labelArc xlink:type="arc" xlink:arcrole="http://www.xbrl.org/2003/arcrole/concept-label" xlink:from="DateOfGeneralMeeting" xlink:to="label_DateOfGeneralMeeting" order="10.0"/>
    <link:loc xlink:type="locator" xlink:href="../gsd-cor-2013-12-20.xsd#gsd_EmailOfAuditor" xlink:label="EmailOfAuditor"/>
    <link:label xlink:type="resource" xlink:label="label_EmailOfAuditor" xlink:role="http://www.xbrl.org/2003/role/label" xml:lang="da" id="label_EmailOfAuditor">Revisors e-mail</link:label>
    <link:labelArc xlink:type="arc" xlink:arcrole="http://www.xbrl.org/2003/arcrole/concept-label" xlink:from="EmailOfAuditor" xlink:to="label_EmailOfAuditor" order="10.0"/>
    <link:loc xlink:type="locator" xlink:href="../gsd-cor-2013-12-20.xsd#gsd_EmailOfReportingEntity" xlink:label="EmailOfReportingEntity"/>
    <link:label xlink:type="resource" xlink:label="label_EmailOfReportingEntity" xlink:role="http://www.xbrl.org/2003/role/label" xml:lang="da" id="label_EmailOfReportingEntity">Regnskabsaflæggende virksomheds e-mail</link:label>
    <link:labelArc xlink:type="arc" xlink:arcrole="http://www.xbrl.org/2003/arcrole/concept-label" xlink:from="EmailOfReportingEntity" xlink:to="label_EmailOfReportingEntity" order="10.0"/>
    <link:loc xlink:type="locator" xlink:href="../gsd-cor-2013-12-20.xsd#gsd_FaxNumberOfReportingEntity" xlink:label="FaxNumberOfReportingEntity"/>
    <link:label xlink:type="resource" xlink:label="label_FaxNumberOfReportingEntity" xlink:role="http://www.xbrl.org/2003/role/label" xml:lang="da" id="label_FaxNumberOfReportingEntity">Regnskabsaflæggende virksomheds faxnummer</link:label>
    <link:labelArc xlink:type="arc" xlink:arcrole="http://www.xbrl.org/2003/arcrole/concept-label" xlink:from="FaxNumberOfReportingEntity" xlink:to="label_FaxNumberOfReportingEntity" order="10.0"/>
    <link:loc xlink:type="locator" xlink:href="../gsd-cor-2013-12-20.xsd#gsd_HomepageOfReportingEntity" xlink:label="HomepageOfReportingEntity"/>
    <link:label xlink:type="resource" xlink:label="label_HomepageOfReportingEntity" xlink:role="http://www.xbrl.org/2003/role/label" xml:lang="da" id="label_HomepageOfReportingEntity">Regnskabsaflæggende virksomheds hjemmeside</link:label>
    <link:labelArc xlink:type="arc" xlink:arcrole="http://www.xbrl.org/2003/arcrole/concept-label" xlink:from="HomepageOfReportingEntity" xlink:to="label_HomepageOfReportingEntity" order="10.0"/>
    <link:loc xlink:type="locator" xlink:href="../gsd-cor-2013-12-20.xsd#gsd_IdentificationNumberCvrOfReportingEntity" xlink:label="IdentificationNumberCvrOfReportingEntity"/>
    <link:label xlink:type="resource" xlink:label="label_IdentificationNumberCvrOfReportingEntity" xlink:role="http://www.xbrl.org/2003/role/label" xml:lang="da" id="label_IdentificationNumberCvrOfReportingEntity">Regnskabsaflæggende virksomheds CVR-nr.</link:label>
    <link:labelArc xlink:type="arc" xlink:arcrole="http://www.xbrl.org/2003/arcrole/concept-label" xlink:from="IdentificationNumberCvrOfReportingEntity" xlink:to="label_IdentificationNumberCvrOfReportingEntity" order="10.0"/>
    <link:loc xlink:type="locator" xlink:href="../gsd-cor-2013-12-20.xsd#gsd_IdentificationNumberCvrOfSubmittingEnterprise" xlink:label="IdentificationNumberCvrOfSubmittingEnterprise"/>
    <link:label xlink:type="resource" xlink:label="label_IdentificationNumberCvrOfSubmittingEnterprise" xlink:role="http://www.xbrl.org/2003/role/label" xml:lang="da" id="label_IdentificationNumberCvrOfSubmittingEnterprise">Indsendende virksomheds CVR-nr.</link:label>
    <link:labelArc xlink:type="arc" xlink:arcrole="http://www.xbrl.org/2003/arcrole/concept-label" xlink:from="IdentificationNumberCvrOfSubmittingEnterprise" xlink:to="label_IdentificationNumberCvrOfSubmittingEnterprise" order="10.0"/>
    <link:loc xlink:type="locator" xlink:href="../gsd-cor-2013-12-20.xsd#gsd_InformationOnEnterpriseSubmittingReportAbstract" xlink:label="InformationOnEnterpriseSubmittingReportAbstract"/>
    <link:label xlink:type="resource" xlink:label="label_InformationOnEnterpriseSubmittingReportAbstract" xlink:role="http://www.xbrl.org/2003/role/label" xml:lang="da" id="label_InformationOnEnterpriseSubmittingReportAbstract">Information om indsendende virksomhed</link:label>
    <link:labelArc xlink:type="arc" xlink:arcrole="http://www.xbrl.org/2003/arcrole/concept-label" xlink:from="InformationOnEnterpriseSubmittingReportAbstract" xlink:to="label_InformationOnEnterpriseSubmittingReportAbstract" order="10.0"/>
    <link:loc xlink:type="locator" xlink:href="../gsd-cor-2013-12-20.xsd#gsd_InformationOnMainFinancialInstitutionThatRunsAccountsOfReportingEntityAbstract" xlink:label="InformationOnMainFinancialInstitutionThatRunsAccountsOfReportingEntityAbstract"/>
    <link:label xlink:type="resource" xlink:label="label_InformationOnMainFinancialInstitutionThatRunsAccountsOfReportingEntityAbstract" xlink:role="http://www.xbrl.org/2003/role/label" xml:lang="da" id="label_InformationOnMainFinancialInstitutionThatRunsAccountsOfReportingEntityAbstract">Information om den regnskabsaflæggende virksomheds primære bankforbindelse</link:label>
    <link:labelArc xlink:type="arc" xlink:arcrole="http://www.xbrl.org/2003/arcrole/concept-label" xlink:from="InformationOnMainFinancialInstitutionThatRunsAccountsOfReportingEntityAbstract" xlink:to="label_InformationOnMainFinancialInstitutionThatRunsAccountsOfReportingEntityAbstract" order="10.0"/>
    <link:loc xlink:type="locator" xlink:href="../gsd-cor-2013-12-20.xsd#gsd_InformationOnMainLawFirmRepresentingReportingEntityAbstract" xlink:label="InformationOnMainLawFirmRepresentingReportingEntityAbstract"/>
    <link:label xlink:type="resource" xlink:label="label_InformationOnMainLawFirmRepresentingReportingEntityAbstract" xlink:role="http://www.xbrl.org/2003/role/label" xml:lang="da" id="label_InformationOnMainLawFirmRepresentingReportingEntityAbstract">Information om det primære advokatfirma, som repræsenterer den regnskabsaflæggende virksomhed</link:label>
    <link:labelArc xlink:type="arc" xlink:arcrole="http://www.xbrl.org/2003/arcrole/concept-label" xlink:from="InformationOnMainLawFirmRepresentingReportingEntityAbstract" xlink:to="label_InformationOnMainLawFirmRepresentingReportingEntityAbstract" order="10.0"/>
    <link:loc xlink:type="locator" xlink:href="../gsd-cor-2013-12-20.xsd#gsd_InformationOnMembersOfExecutiveBoardAbstract" xlink:label="InformationOnMembersOfExecutiveBoardAbstract"/>
    <link:label xlink:type="resource" xlink:label="label_InformationOnMembersOfExecutiveBoardAbstract" xlink:role="http://www.xbrl.org/2003/role/label" xml:lang="da" id="label_InformationOnMembersOfExecutiveBoardAbstract">Information om medlemmer af direktionen</link:label>
    <link:labelArc xlink:type="arc" xlink:arcrole="http://www.xbrl.org/2003/arcrole/concept-label" xlink:from="InformationOnMembersOfExecutiveBoardAbstract" xlink:to="label_InformationOnMembersOfExecutiveBoardAbstract" order="10.0"/>
    <link:loc xlink:type="locator" xlink:href="../gsd-cor-2013-12-20.xsd#gsd_InformationOnMembersOfSupervisoryBoardAbstract" xlink:label="InformationOnMembersOfSupervisoryBoardAbstract"/>
    <link:label xlink:type="resource" xlink:label="label_InformationOnMembersOfSupervisoryBoardAbstract" xlink:role="http://www.xbrl.org/2003/role/label" xml:lang="da" id="label_InformationOnMembersOfSupervisoryBoardAbstract">Information om medlemmer af bestyrelsen</link:label>
    <link:labelArc xlink:type="arc" xlink:arcrole="http://www.xbrl.org/2003/arcrole/concept-label" xlink:from="InformationOnMembersOfSupervisoryBoardAbstract" xlink:to="label_InformationOnMembersOfSupervisoryBoardAbstract" order="10.0"/>
    <link:loc xlink:type="locator" xlink:href="../gsd-cor-2013-12-20.xsd#gsd_InformationOnReportingEntityAbstract" xlink:label="InformationOnReportingEntityAbstract"/>
    <link:label xlink:type="resource" xlink:label="label_InformationOnReportingEntityAbstract" xlink:role="http://www.xbrl.org/2003/role/label" xml:lang="da" id="label_InformationOnReportingEntityAbstract">Information om den regnskabsaflæggende virksomhed</link:label>
    <link:labelArc xlink:type="arc" xlink:arcrole="http://www.xbrl.org/2003/arcrole/concept-label" xlink:from="InformationOnReportingEntityAbstract" xlink:to="label_InformationOnReportingEntityAbstract" order="10.0"/>
    <link:loc xlink:type="locator" xlink:href="../gsd-cor-2013-12-20.xsd#gsd_InformationOnSubmissionReportAndReportingEntityAbstract" xlink:label="InformationOnSubmissionReportAndReportingEntityAbstract"/>
    <link:label xlink:type="resource" xlink:label="label_InformationOnSubmissionReportAndReportingEntityAbstract" xlink:role="http://www.xbrl.org/2003/role/label" xml:lang="da" id="label_InformationOnSubmissionReportAndReportingEntityAbstract">Information om indsendelse, rapporttype og regnskabsaflæggende virksomhed</link:label>
    <link:labelArc xlink:type="arc" xlink:arcrole="http://www.xbrl.org/2003/arcrole/concept-label" xlink:from="InformationOnSubmissionReportAndReportingEntityAbstract" xlink:to="label_InformationOnSubmissionReportAndReportingEntityAbstract" order="10.0"/>
    <link:loc xlink:type="locator" xlink:href="../gsd-cor-2013-12-20.xsd#gsd_InformationOnTypeOfSubmittedReport" xlink:label="InformationOnTypeOfSubmittedReport"/>
    <link:label xlink:type="resource" xlink:label="label_InformationOnTypeOfSubmittedReport" xlink:role="http://www.xbrl.org/2003/role/label" xml:lang="da" id="label_InformationOnTypeOfSubmittedReport">Information om den indsendte rapports type</link:label>
    <link:labelArc xlink:type="arc" xlink:arcrole="http://www.xbrl.org/2003/arcrole/concept-label" xlink:from="InformationOnTypeOfSubmittedReport" xlink:to="label_InformationOnTypeOfSubmittedReport" order="10.0"/>
    <link:loc xlink:type="locator" xlink:href="../gsd-cor-2013-12-20.xsd#gsd_NameSurnameAndTitleOfLiquidator" xlink:label="NameSurnameAndTitleOfLiquidator"/>
    <link:label xlink:type="resource" xlink:label="label_NameSurnameAndTitleOfLiquidator" xlink:role="http://www.xbrl.org/2003/role/label" xml:lang="da" id="label_NameSurnameAndTitleOfLiquidator">Navn og titel på likvidator</link:label>
    <link:labelArc xlink:type="arc" xlink:arcrole="http://www.xbrl.org/2003/arcrole/concept-label" xlink:from="NameSurnameAndTitleOfLiquidator" xlink:to="label_NameSurnameAndTitleOfLiquidator" order="10.0"/>
    <link:loc xlink:type="locator" xlink:href="../gsd-cor-2013-12-20.xsd#gsd_NameOfFinancialInstitution" xlink:label="NameOfFinancialInstitution"/>
    <link:label xlink:type="resource" xlink:label="label_NameOfFinancialInstitution" xlink:role="http://www.xbrl.org/2003/role/label" xml:lang="da" id="label_NameOfFinancialInstitution">Bankens navn</link:label>
    <link:labelArc xlink:type="arc" xlink:arcrole="http://www.xbrl.org/2003/arcrole/concept-label" xlink:from="NameOfFinancialInstitution" xlink:to="label_NameOfFinancialInstitution" order="10.0"/>
    <link:loc xlink:type="locator" xlink:href="../gsd-cor-2013-12-20.xsd#gsd_NameOfLawFirm" xlink:label="NameOfLawFirm"/>
    <link:label xlink:type="resource" xlink:label="label_NameOfLawFirm" xlink:role="http://www.xbrl.org/2003/role/label" xml:lang="da" id="label_NameOfLawFirm">Advokatens navn</link:label>
    <link:labelArc xlink:type="arc" xlink:arcrole="http://www.xbrl.org/2003/arcrole/concept-label" xlink:from="NameOfLawFirm" xlink:to="label_NameOfLawFirm" order="10.0"/>
    <link:loc xlink:type="locator" xlink:href="../gsd-cor-2013-12-20.xsd#gsd_NameOfReportingEntity" xlink:label="NameOfReportingEntity"/>
    <link:label xlink:type="resource" xlink:label="label_NameOfReportingEntity" xlink:role="http://www.xbrl.org/2003/role/label" xml:lang="da" id="label_NameOfReportingEntity">Regnskabsaflæggende virksomheds navn</link:label>
    <link:labelArc xlink:type="arc" xlink:arcrole="http://www.xbrl.org/2003/arcrole/concept-label" xlink:from="NameOfReportingEntity" xlink:to="label_NameOfReportingEntity" order="10.0"/>
    <link:loc xlink:type="locator" xlink:href="../gsd-cor-2013-12-20.xsd#gsd_NameOfSubmittingEnterprise" xlink:label="NameOfSubmittingEnterprise"/>
    <link:label xlink:type="resource" xlink:label="label_NameOfSubmittingEnterprise" xlink:role="http://www.xbrl.org/2003/role/label" xml:lang="da" id="label_NameOfSubmittingEnterprise">Indsendende virksomheds navn</link:label>
    <link:labelArc xlink:type="arc" xlink:arcrole="http://www.xbrl.org/2003/arcrole/concept-label" xlink:from="NameOfSubmittingEnterprise" xlink:to="label_NameOfSubmittingEnterprise" order="10.0"/>
    <link:loc xlink:type="locator" xlink:href="../gsd-cor-2013-12-20.xsd#gsd_RegisteredOfficeOfReportingEntity" xlink:label="RegisteredOfficeOfReportingEntity"/>
    <link:label xlink:type="resource" xlink:label="label_RegisteredOfficeOfReportingEntity" xlink:role="http://www.xbrl.org/2003/role/label" xml:lang="da" id="label_RegisteredOfficeOfReportingEntity">Regnskabsaflæggende virksomheds hjemsted</link:label>
    <link:labelArc xlink:type="arc" xlink:arcrole="http://www.xbrl.org/2003/arcrole/concept-label" xlink:from="RegisteredOfficeOfReportingEntity" xlink:to="label_RegisteredOfficeOfReportingEntity" order="10.0"/>
    <link:loc xlink:type="locator" xlink:href="../gsd-cor-2013-12-20.xsd#gsd_ReportingPeriodEndDate" xlink:label="ReportingPeriodEndDate"/>
    <link:label xlink:type="resource" xlink:label="label_ReportingPeriodEndDate" xlink:role="http://www.xbrl.org/2003/role/label" xml:lang="da" id="label_ReportingPeriodEndDate">Regnskabsperiodens slutdato</link:label>
    <link:labelArc xlink:type="arc" xlink:arcrole="http://www.xbrl.org/2003/arcrole/concept-label" xlink:from="ReportingPeriodEndDate" xlink:to="label_ReportingPeriodEndDate" order="10.0"/>
    <link:loc xlink:type="locator" xlink:href="../gsd-cor-2013-12-20.xsd#gsd_ReportingPeriodStartDate" xlink:label="ReportingPeriodStartDate"/>
    <link:label xlink:type="resource" xlink:label="label_ReportingPeriodStartDate" xlink:role="http://www.xbrl.org/2003/role/label" xml:lang="da" id="label_ReportingPeriodStartDate">Regnskabsperiodens startdato</link:label>
    <link:labelArc xlink:type="arc" xlink:arcrole="http://www.xbrl.org/2003/arcrole/concept-label" xlink:from="ReportingPeriodStartDate" xlink:to="label_ReportingPeriodStartDate" order="10.0"/>
    <link:loc xlink:type="locator" xlink:href="../gsd-cor-2013-12-20.xsd#gsd_TelephoneNumberOfAuditor" xlink:label="TelephoneNumberOfAuditor"/>
    <link:label xlink:type="resource" xlink:label="label_TelephoneNumberOfAuditor" xlink:role="http://www.xbrl.org/2003/role/label" xml:lang="da" id="label_TelephoneNumberOfAuditor">Revisors telefonnummer</link:label>
    <link:labelArc xlink:type="arc" xlink:arcrole="http://www.xbrl.org/2003/arcrole/concept-label" xlink:from="TelephoneNumberOfAuditor" xlink:to="label_TelephoneNumberOfAuditor" order="10.0"/>
    <link:loc xlink:type="locator" xlink:href="../gsd-cor-2013-12-20.xsd#gsd_TelephoneNumberOfReportingEntity" xlink:label="TelephoneNumberOfReportingEntity"/>
    <link:label xlink:type="resource" xlink:label="label_TelephoneNumberOfReportingEntity" xlink:role="http://www.xbrl.org/2003/role/label" xml:lang="da" id="label_TelephoneNumberOfReportingEntity">Regnskabsaflæggende virksomheds telefonnummer</link:label>
    <link:labelArc xlink:type="arc" xlink:arcrole="http://www.xbrl.org/2003/arcrole/concept-label" xlink:from="TelephoneNumberOfReportingEntity" xlink:to="label_TelephoneNumberOfReportingEntity" order="10.0"/>
    <link:loc xlink:type="locator" xlink:href="../gsd-cor-2013-12-20.xsd#gsd_DetailsOnMembersOfExecutiveBoardHypercube" xlink:label="DetailsOnMembersOfExecutiveBoardHypercube"/>
    <link:label xlink:type="resource" xlink:label="label_DetailsOnMembersOfExecutiveBoardHypercube" xlink:role="http://www.xbrl.org/2003/role/label" xml:lang="da" id="label_DetailsOnMembersOfExecutiveBoardHypercube">Information om medlemmer af direktionen</link:label>
    <link:labelArc xlink:type="arc" xlink:arcrole="http://www.xbrl.org/2003/arcrole/concept-label" xlink:from="DetailsOnMembersOfExecutiveBoardHypercube" xlink:to="label_DetailsOnMembersOfExecutiveBoardHypercube" order="10.0"/>
    <link:loc xlink:type="locator" xlink:href="../gsd-cor-2013-12-20.xsd#gsd_DetailsOnMembersOfSupervisoryBoardHypercube" xlink:label="DetailsOnMembersOfSupervisoryBoardHypercube"/>
    <link:label xlink:type="resource" xlink:label="label_DetailsOnMembersOfSupervisoryBoardHypercube" xlink:role="http://www.xbrl.org/2003/role/label" xml:lang="da" id="label_DetailsOnMembersOfSupervisoryBoardHypercube">Information om medlemmer af bestyrelsen</link:label>
    <link:labelArc xlink:type="arc" xlink:arcrole="http://www.xbrl.org/2003/arcrole/concept-label" xlink:from="DetailsOnMembersOfSupervisoryBoardHypercube" xlink:to="label_DetailsOnMembersOfSupervisoryBoardHypercube" order="10.0"/>
    <link:loc xlink:type="locator" xlink:href="../gsd-cor-2013-12-20.xsd#gsd_DetailsOnMembersOfExecutiveBoardAbstract" xlink:label="DetailsOnMembersOfExecutiveBoardAbstract"/>
    <link:label xlink:type="resource" xlink:label="label_DetailsOnMembersOfExecutiveBoardAbstract" xlink:role="http://www.xbrl.org/2003/role/label" xml:lang="da" id="label_DetailsOnMembersOfExecutiveBoardAbstract">Detaljer om medlemmer af direktionen</link:label>
    <link:labelArc xlink:type="arc" xlink:arcrole="http://www.xbrl.org/2003/arcrole/concept-label" xlink:from="DetailsOnMembersOfExecutiveBoardAbstract" xlink:to="label_DetailsOnMembersOfExecutiveBoardAbstract" order="10.0"/>
    <link:loc xlink:type="locator" xlink:href="../gsd-cor-2013-12-20.xsd#gsd_DetailsOnMembersOfSupervisoryBoardAbstract" xlink:label="DetailsOnMembersOfSupervisoryBoardAbstract"/>
    <link:label xlink:type="resource" xlink:label="label_DetailsOnMembersOfSupervisoryBoardAbstract" xlink:role="http://www.xbrl.org/2003/role/label" xml:lang="da" id="label_DetailsOnMembersOfSupervisoryBoardAbstract">Detaljer om medlemmer af bestyrelsen</link:label>
    <link:labelArc xlink:type="arc" xlink:arcrole="http://www.xbrl.org/2003/arcrole/concept-label" xlink:from="DetailsOnMembersOfSupervisoryBoardAbstract" xlink:to="label_DetailsOnMembersOfSupervisoryBoardAbstract" order="10.0"/>
    <link:loc xlink:type="locator" xlink:href="../gsd-cor-2013-12-20.xsd#gsd_IdentificationNumberCvrOfFinancialInstitution" xlink:label="IdentificationNumberCvrOfFinancialInstitution"/>
    <link:label xlink:type="resource" xlink:label="label_IdentificationNumberCvrOfFinancialInstitution" xlink:role="http://www.xbrl.org/2003/role/label" xml:lang="da" id="label_IdentificationNumberCvrOfFinancialInstitution">Bankens CVR-nr.</link:label>
    <link:labelArc xlink:type="arc" xlink:arcrole="http://www.xbrl.org/2003/arcrole/concept-label" xlink:from="IdentificationNumberCvrOfFinancialInstitution" xlink:to="label_IdentificationNumberCvrOfFinancialInstitution" order="10.0"/>
    <link:loc xlink:type="locator" xlink:href="../gsd-cor-2013-12-20.xsd#gsd_IdentificationNumberCvrOfLawFirm" xlink:label="IdentificationNumberCvrOfLawFirm"/>
    <link:label xlink:type="resource" xlink:label="label_IdentificationNumberCvrOfLawFirm" xlink:role="http://www.xbrl.org/2003/role/label" xml:lang="da" id="label_IdentificationNumberCvrOfLawFirm">Advokatens CVR-nr.</link:label>
    <link:labelArc xlink:type="arc" xlink:arcrole="http://www.xbrl.org/2003/arcrole/concept-label" xlink:from="IdentificationNumberCvrOfLawFirm" xlink:to="label_IdentificationNumberCvrOfLawFirm" order="10.0"/>
    <link:loc xlink:type="locator" xlink:href="../gsd-cor-2013-12-20.xsd#gsd_IdentificationNumberPnrOfLawFirm" xlink:label="IdentificationNumberPnrOfLawFirm"/>
    <link:label xlink:type="resource" xlink:label="label_IdentificationNumberPnrOfLawFirm" xlink:role="http://www.xbrl.org/2003/role/label" xml:lang="da" id="label_IdentificationNumberPnrOfLawFirm">Advokatens P-nr.</link:label>
    <link:labelArc xlink:type="arc" xlink:arcrole="http://www.xbrl.org/2003/arcrole/concept-label" xlink:from="IdentificationNumberPnrOfLawFirm" xlink:to="label_IdentificationNumberPnrOfLawFirm" order="10.0"/>
    <link:loc xlink:type="locator" xlink:href="../gsd-cor-2013-12-20.xsd#gsd_IdentificationNumberCprOfChairmanOfGeneralMeeting" xlink:label="IdentificationNumberCprOfChairmanOfGeneralMeeting"/>
    <link:label xlink:type="resource" xlink:label="label_IdentificationNumberCprOfChairmanOfGeneralMeeting" xlink:role="http://www.xbrl.org/2003/role/label" xml:lang="da" id="label_IdentificationNumberCprOfChairmanOfGeneralMeeting">Dirigents CPR-nr.</link:label>
    <link:labelArc xlink:type="arc" xlink:arcrole="http://www.xbrl.org/2003/arcrole/concept-label" xlink:from="IdentificationNumberCprOfChairmanOfGeneralMeeting" xlink:to="label_IdentificationNumberCprOfChairmanOfGeneralMeeting" order="10.0"/>
    <link:loc xlink:type="locator" xlink:href="../gsd-cor-2013-12-20.xsd#gsd_IdentificationNumberPnrOfAuditFirm" xlink:label="IdentificationNumberPnrOfAuditFirm"/>
    <link:label xlink:type="resource" xlink:label="label_IdentificationNumberPnrOfAuditFirm" xlink:role="http://www.xbrl.org/2003/role/label" xml:lang="da" id="label_IdentificationNumberPnrOfAuditFirm">Revisionsvirksomhedens P-nr.</link:label>
    <link:labelArc xlink:type="arc" xlink:arcrole="http://www.xbrl.org/2003/arcrole/concept-label" xlink:from="IdentificationNumberPnrOfAuditFirm" xlink:to="label_IdentificationNumberPnrOfAuditFirm" order="10.0"/>
    <link:loc xlink:type="locator" xlink:href="../gsd-cor-2013-12-20.xsd#gsd_DetailsOnAuditorHypercube" xlink:label="DetailsOnAuditorHypercube" xlink:title="DetailsOnAuditorHypercube"/>
    <link:label xlink:type="resource" xlink:label="label_DetailsOnAuditorHypercube" xlink:role="http://www.xbrl.org/2003/role/label" xlink:title="label_DetailsOnAuditorHypercube" xml:lang="da" id="label_DetailsOnAuditorHypercube">Information om revisor</link:label>
    <link:labelArc xlink:type="arc" xlink:arcrole="http://www.xbrl.org/2003/arcrole/concept-label" xlink:from="DetailsOnAuditorHypercube" xlink:to="label_DetailsOnAuditorHypercube" xlink:title="label: DetailsOnAuditorHypercube to label_DetailsOnAuditorHypercube"/>
    <link:label xlink:type="resource" xlink:label="label_DetailsOnAuditorHypercube_2" xlink:role="http://www.xbrl.org/2003/role/label" xlink:title="label_DetailsOnAuditorHypercube" xml:lang="en" id="label_DetailsOnAuditorHypercube_2">Details on auditor</link:label>
    <link:labelArc xlink:type="arc" xlink:arcrole="http://www.xbrl.org/2003/arcrole/concept-label" xlink:from="DetailsOnAuditorHypercube" xlink:to="label_DetailsOnAuditorHypercube_2" xlink:title="label: DetailsOnAuditorHypercube to label_DetailsOnAuditorHypercube"/>
    <link:loc xlink:type="locator" xlink:href="../gsd-cor-2013-12-20.xsd#gsd_DetailsOnAuditorAbstract" xlink:label="DetailsOnAuditorAbstract" xlink:title="DetailsOnAuditorAbstract"/>
    <link:label xlink:type="resource" xlink:label="label_DetailsOnAuditorAbstract" xlink:role="http://www.xbrl.org/2003/role/label" xlink:title="label_DetailsOnAuditorAbstract" xml:lang="da" id="label_DetailsOnAuditorAbstract">Detaljer om revisor</link:label>
    <link:labelArc xlink:type="arc" xlink:arcrole="http://www.xbrl.org/2003/arcrole/concept-label" xlink:from="DetailsOnAuditorAbstract" xlink:to="label_DetailsOnAuditorAbstract" xlink:title="label: DetailsOnAuditorAbstract to label_DetailsOnAuditorAbstract"/>
    <link:label xlink:type="resource" xlink:label="label_DetailsOnAuditorAbstract_2" xlink:role="http://www.xbrl.org/2003/role/label" xlink:title="label_DetailsOnAuditorAbstract" xml:lang="en" id="label_DetailsOnAuditorAbstract_2">Details on auditor</link:label>
    <link:labelArc xlink:type="arc" xlink:arcrole="http://www.xbrl.org/2003/arcrole/concept-label" xlink:from="DetailsOnAuditorAbstract" xlink:to="label_DetailsOnAuditorAbstract_2" xlink:title="label: DetailsOnAuditorAbstract to label_DetailsOnAuditorAbstract"/>
    <link:loc xlink:type="locator" xlink:href="../gsd-cor-2013-12-20.xsd#gsd_InformationOnAuditorAbstract" xlink:label="InformationOnAuditorAbstract" xlink:title="InformationOnAuditorAbstract"/>
    <link:label xlink:type="resource" xlink:label="label_InformationOnAuditorAbstract" xlink:role="http://www.xbrl.org/2003/role/label" xlink:title="label_InformationOnAuditorAbstract" xml:lang="da" id="label_InformationOnAuditorAbstract">Information om revisor</link:label>
    <link:labelArc xlink:type="arc" xlink:arcrole="http://www.xbrl.org/2003/arcrole/concept-label" xlink:from="InformationOnAuditorAbstract" xlink:to="label_InformationOnAuditorAbstract" xlink:title="label: InformationOnAuditorAbstract to label_InformationOnAuditorAbstract"/>
    <link:label xlink:type="resource" xlink:label="label_InformationOnAuditorAbstract_2" xlink:role="http://www.xbrl.org/2003/role/label" xlink:title="label_InformationOnAuditorAbstract" xml:lang="en" id="label_InformationOnAuditorAbstract_2">Information on auditor [abstract]</link:label>
    <link:labelArc xlink:type="arc" xlink:arcrole="http://www.xbrl.org/2003/arcrole/concept-label" xlink:from="InformationOnAuditorAbstract" xlink:to="label_InformationOnAuditorAbstract_2" xlink:title="label: InformationOnAuditorAbstract to label_InformationOnAuditorAbstract"/>
    <link:loc xlink:type="locator" xlink:href="../gsd-cor-2013-12-20.xsd#gsd_AddressOfAuditorAbstract" xlink:label="AddressOfAuditorAbstract" xlink:title="AddressOfAuditorAbstract"/>
    <link:label xlink:type="resource" xlink:label="label_AddressOfAuditorAbstract" xlink:role="http://www.xbrl.org/2003/role/label" xlink:title="label_AddressOfAuditorAbstract" xml:lang="da" id="label_AddressOfAuditorAbstract">Revisors adresse</link:label>
    <link:labelArc xlink:type="arc" xlink:arcrole="http://www.xbrl.org/2003/arcrole/concept-label" xlink:from="AddressOfAuditorAbstract" xlink:to="label_AddressOfAuditorAbstract" xlink:title="label: AddressOfAuditorAbstract to label_AddressOfAuditorAbstract"/>
    <link:label xlink:type="resource" xlink:label="label_AddressOfAuditorAbstract_2" xlink:role="http://www.xbrl.org/2003/role/label" xlink:title="label_AddressOfAuditorAbstract" xml:lang="en" id="label_AddressOfAuditorAbstract_2">Address of auditor [abstract]</link:label>
    <link:labelArc xlink:type="arc" xlink:arcrole="http://www.xbrl.org/2003/arcrole/concept-label" xlink:from="AddressOfAuditorAbstract" xlink:to="label_AddressOfAuditorAbstract_2" xlink:title="label: AddressOfAuditorAbstract to label_AddressOfAuditorAbstract"/>
    <link:loc xlink:type="locator" xlink:href="../gsd-cor-2013-12-20.xsd#gsd_AddressOfAuditorStreetName" xlink:label="AddressOfAuditorStreetName" xlink:title="AddressOfAuditorStreetName"/>
    <link:label xlink:type="resource" xlink:label="label_AddressOfAuditorStreetName" xlink:role="http://www.xbrl.org/2003/role/label" xlink:title="label_AddressOfAuditorStreetName" xml:lang="da" id="label_AddressOfAuditorStreetName">Revisors adresse, vejnavn</link:label>
    <link:labelArc xlink:type="arc" xlink:arcrole="http://www.xbrl.org/2003/arcrole/concept-label" xlink:from="AddressOfAuditorStreetName" xlink:to="label_AddressOfAuditorStreetName" xlink:title="label: AddressOfAuditorStreetName to label_AddressOfAuditorStreetName"/>
    <link:label xlink:type="resource" xlink:label="label_AddressOfAuditorStreetName_2" xlink:role="http://www.xbrl.org/2003/role/label" xlink:title="label_AddressOfAuditorStreetName" xml:lang="en" id="label_AddressOfAuditorStreetName_2">Address of auditor, street name</link:label>
    <link:labelArc xlink:type="arc" xlink:arcrole="http://www.xbrl.org/2003/arcrole/concept-label" xlink:from="AddressOfAuditorStreetName" xlink:to="label_AddressOfAuditorStreetName_2" xlink:title="label: AddressOfAuditorStreetName to label_AddressOfAuditorStreetName"/>
    <link:loc xlink:type="locator" xlink:href="../gsd-cor-2013-12-20.xsd#gsd_AddressOfAuditorStreetBuildingIdentifier" xlink:label="AddressOfAuditorStreetBuildingIdentifier" xlink:title="AddressOfAuditorStreetBuildingIdentifier"/>
    <link:label xlink:type="resource" xlink:label="label_AddressOfAuditorStreetBuildingIdentifier" xlink:role="http://www.xbrl.org/2003/role/label" xlink:title="label_AddressOfAuditorStreetBuildingIdentifier" xml:lang="da" id="label_AddressOfAuditorStreetBuildingIdentifier">Revisors adresse, vejnr og etage</link:label>
    <link:labelArc xlink:type="arc" xlink:arcrole="http://www.xbrl.org/2003/arcrole/concept-label" xlink:from="AddressOfAuditorStreetBuildingIdentifier" xlink:to="label_AddressOfAuditorStreetBuildingIdentifier" xlink:title="label: AddressOfAuditorStreetBuildingIdentifier to label_AddressOfAuditorStreetBuildingIdentifier"/>
    <link:label xlink:type="resource" xlink:label="label_AddressOfAuditorStreetBuildingIdentifier_2" xlink:role="http://www.xbrl.org/2003/role/label" xlink:title="label_AddressOfAuditorStreetBuildingIdentifier" xml:lang="en" id="label_AddressOfAuditorStreetBuildingIdentifier_2">Address of auditor, street building identifier</link:label>
    <link:labelArc xlink:type="arc" xlink:arcrole="http://www.xbrl.org/2003/arcrole/concept-label" xlink:from="AddressOfAuditorStreetBuildingIdentifier" xlink:to="label_AddressOfAuditorStreetBuildingIdentifier_2" xlink:title="label: AddressOfAuditorStreetBuildingIdentifier to label_AddressOfAuditorStreetBuildingIdentifier"/>
    <link:loc xlink:type="locator" xlink:href="../gsd-cor-2013-12-20.xsd#gsd_AddressOfAuditorPostCodeIdentifier" xlink:label="AddressOfAuditorPostCodeIdentifier" xlink:title="AddressOfAuditorPostCodeIdentifier"/>
    <link:label xlink:type="resource" xlink:label="label_AddressOfAuditorPostCodeIdentifier" xlink:role="http://www.xbrl.org/2003/role/label" xlink:title="label_AddressOfAuditorPostCodeIdentifier" xml:lang="da" id="label_AddressOfAuditorPostCodeIdentifier">Revisors adresse, postnummer</link:label>
    <link:labelArc xlink:type="arc" xlink:arcrole="http://www.xbrl.org/2003/arcrole/concept-label" xlink:from="AddressOfAuditorPostCodeIdentifier" xlink:to="label_AddressOfAuditorPostCodeIdentifier" xlink:title="label: AddressOfAuditorPostCodeIdentifier to label_AddressOfAuditorPostCodeIdentifier"/>
    <link:label xlink:type="resource" xlink:label="label_AddressOfAuditorPostCodeIdentifier_2" xlink:role="http://www.xbrl.org/2003/role/label" xlink:title="label_AddressOfAuditorPostCodeIdentifier" xml:lang="en" id="label_AddressOfAuditorPostCodeIdentifier_2">Address of auditor, post code identifier</link:label>
    <link:labelArc xlink:type="arc" xlink:arcrole="http://www.xbrl.org/2003/arcrole/concept-label" xlink:from="AddressOfAuditorPostCodeIdentifier" xlink:to="label_AddressOfAuditorPostCodeIdentifier_2" xlink:title="label: AddressOfAuditorPostCodeIdentifier to label_AddressOfAuditorPostCodeIdentifier"/>
    <link:loc xlink:type="locator" xlink:href="../gsd-cor-2013-12-20.xsd#gsd_AddressOfAuditorDistrictName" xlink:label="AddressOfAuditorDistrictName" xlink:title="AddressOfAuditorDistrictName"/>
    <link:label xlink:type="resource" xlink:label="label_AddressOfAuditorDistrictName" xlink:role="http://www.xbrl.org/2003/role/label" xlink:title="label_AddressOfAuditorDistrictName" xml:lang="da" id="label_AddressOfAuditorDistrictName">Revisors adresse, by</link:label>
    <link:labelArc xlink:type="arc" xlink:arcrole="http://www.xbrl.org/2003/arcrole/concept-label" xlink:from="AddressOfAuditorDistrictName" xlink:to="label_AddressOfAuditorDistrictName" xlink:title="label: AddressOfAuditorDistrictName to label_AddressOfAuditorDistrictName"/>
    <link:label xlink:type="resource" xlink:label="label_AddressOfAuditorDistrictName_2" xlink:role="http://www.xbrl.org/2003/role/label" xlink:title="label_AddressOfAuditorDistrictName" xml:lang="en" id="label_AddressOfAuditorDistrictName_2">Address of auditor, district name</link:label>
    <link:labelArc xlink:type="arc" xlink:arcrole="http://www.xbrl.org/2003/arcrole/concept-label" xlink:from="AddressOfAuditorDistrictName" xlink:to="label_AddressOfAuditorDistrictName_2" xlink:title="label: AddressOfAuditorDistrictName to label_AddressOfAuditorDistrictName"/>
    <link:loc xlink:type="locator" xlink:href="../gsd-cor-2013-12-20.xsd#gsd_AddressOfAuditorCountryIdentificationCode" xlink:label="AddressOfAuditorCountryIdentificationCode" xlink:title="AddressOfAuditorCountryIdentificationCode"/>
    <link:label xlink:type="resource" xlink:label="label_AddressOfAuditorCountryIdentificationCode" xlink:role="http://www.xbrl.org/2003/role/label" xlink:title="label_AddressOfAuditorCountryIdentificationCode" xml:lang="da" id="label_AddressOfAuditorCountryIdentificationCode">Revisors adresse, landekode</link:label>
    <link:labelArc xlink:type="arc" xlink:arcrole="http://www.xbrl.org/2003/arcrole/concept-label" xlink:from="AddressOfAuditorCountryIdentificationCode" xlink:to="label_AddressOfAuditorCountryIdentificationCode" xlink:title="label: AddressOfAuditorCountryIdentificationCode to label_AddressOfAuditorCountryIdentificationCode"/>
    <link:label xlink:type="resource" xlink:label="label_AddressOfAuditorCountryIdentificationCode_2" xlink:role="http://www.xbrl.org/2003/role/label" xlink:title="label_AddressOfAuditorCountryIdentificationCode" xml:lang="en" id="label_AddressOfAuditorCountryIdentificationCode_2">Address of auditor, country identifition</link:label>
    <link:labelArc xlink:type="arc" xlink:arcrole="http://www.xbrl.org/2003/arcrole/concept-label" xlink:from="AddressOfAuditorCountryIdentificationCode" xlink:to="label_AddressOfAuditorCountryIdentificationCode_2" xlink:title="label: AddressOfAuditorCountryIdentificationCode to label_AddressOfAuditorCountryIdentificationCode"/>
    <link:loc xlink:type="locator" xlink:href="../gsd-cor-2013-12-20.xsd#gsd_AddressOfFinancialInstitutionAbstract" xlink:label="AddressOfFinancialInstitutionAbstract" xlink:title="AddressOfFinancialInstitutionAbstract"/>
    <link:label xlink:type="resource" xlink:label="label_AddressOfFinancialInstitutionAbstract" xlink:role="http://www.xbrl.org/2003/role/label" xlink:title="label_AddressOfFinancialInstitutionAbstract" xml:lang="da" id="label_AddressOfFinancialInstitutionAbstract">Bankens adresse</link:label>
    <link:labelArc xlink:type="arc" xlink:arcrole="http://www.xbrl.org/2003/arcrole/concept-label" xlink:from="AddressOfFinancialInstitutionAbstract" xlink:to="label_AddressOfFinancialInstitutionAbstract" xlink:title="label: AddressOfFinancialInstitutionAbstract to label_AddressOfFinancialInstitutionAbstract"/>
    <link:label xlink:type="resource" xlink:label="label_AddressOfFinancialInstitutionAbstract_2" xlink:role="http://www.xbrl.org/2003/role/label" xlink:title="label_AddressOfFinancialInstitutionAbstract" xml:lang="en" id="label_AddressOfFinancialInstitutionAbstract_2">Address of financial institution [abstract]</link:label>
    <link:labelArc xlink:type="arc" xlink:arcrole="http://www.xbrl.org/2003/arcrole/concept-label" xlink:from="AddressOfFinancialInstitutionAbstract" xlink:to="label_AddressOfFinancialInstitutionAbstract_2" xlink:title="label: AddressOfFinancialInstitutionAbstract to label_AddressOfFinancialInstitutionAbstract"/>
    <link:loc xlink:type="locator" xlink:href="../gsd-cor-2013-12-20.xsd#gsd_AddressOfFinancialCountryIdentificationCode" xlink:label="AddressOfFinancialCountryIdentificationCode" xlink:title="AddressOfFinancialCountryIdentificationCode"/>
    <link:label xlink:type="resource" xlink:label="label_AddressOfFinancialCountryIdentificationCode" xlink:role="http://www.xbrl.org/2003/role/label" xlink:title="label_AddressOfFinancialCountryIdentificationCode" xml:lang="da" id="label_AddressOfFinancialCountryIdentificationCode">Bankens adresse, landekode</link:label>
    <link:labelArc xlink:type="arc" xlink:arcrole="http://www.xbrl.org/2003/arcrole/concept-label" xlink:from="AddressOfFinancialCountryIdentificationCode" xlink:to="label_AddressOfFinancialCountryIdentificationCode" xlink:title="label: AddressOfFinancialCountryIdentificationCode to label_AddressOfFinancialCountryIdentificationCode"/>
    <link:label xlink:type="resource" xlink:label="label_AddressOfFinancialCountryIdentificationCode_2" xlink:role="http://www.xbrl.org/2003/role/label" xlink:title="label_AddressOfFinancialCountryIdentificationCode" xml:lang="en" id="label_AddressOfFinancialCountryIdentificationCode_2">Address of financial institution, country identification code</link:label>
    <link:labelArc xlink:type="arc" xlink:arcrole="http://www.xbrl.org/2003/arcrole/concept-label" xlink:from="AddressOfFinancialCountryIdentificationCode" xlink:to="label_AddressOfFinancialCountryIdentificationCode_2" xlink:title="label: AddressOfFinancialCountryIdentificationCode to label_AddressOfFinancialCountryIdentificationCode"/>
    <link:loc xlink:type="locator" xlink:href="../gsd-cor-2013-12-20.xsd#gsd_AddressOfFinancialCountry" xlink:label="AddressOfFinancialCountry" xlink:title="AddressOfFinancialCountry"/>
    <link:label xlink:type="resource" xlink:label="label_AddressOfFinancialCountry" xlink:role="http://www.xbrl.org/2003/role/label" xlink:title="label_AddressOfFinancialCountry" xml:lang="da" id="label_AddressOfFinancialCountry">Bankens adresse, land</link:label>
    <link:labelArc xlink:type="arc" xlink:arcrole="http://www.xbrl.org/2003/arcrole/concept-label" xlink:from="AddressOfFinancialCountry" xlink:to="label_AddressOfFinancialCountry" xlink:title="label: AddressOfFinancialCountry to label_AddressOfFinancialCountry"/>
    <link:label xlink:type="resource" xlink:label="label_AddressOfFinancialCountry_2" xlink:role="http://www.xbrl.org/2003/role/label" xlink:title="label_AddressOfFinancialCountry" xml:lang="en" id="label_AddressOfFinancialCountry_2">Address of financial institution, country</link:label>
    <link:labelArc xlink:type="arc" xlink:arcrole="http://www.xbrl.org/2003/arcrole/concept-label" xlink:from="AddressOfFinancialCountry" xlink:to="label_AddressOfFinancialCountry_2" xlink:title="label: AddressOfFinancialCountry to label_AddressOfFinancialCountry"/>
    <link:loc xlink:type="locator" xlink:href="../gsd-cor-2013-12-20.xsd#gsd_AddressOfFinancialStreetName" xlink:label="AddressOfFinancialStreetName" xlink:title="AddressOfFinancialStreetName"/>
    <link:label xlink:type="resource" xlink:label="label_AddressOfFinancialStreetName" xlink:role="http://www.xbrl.org/2003/role/label" xlink:title="label_AddressOfFinancialStreetName" xml:lang="da" id="label_AddressOfFinancialStreetName">Bankens adresse, vejnavn</link:label>
    <link:labelArc xlink:type="arc" xlink:arcrole="http://www.xbrl.org/2003/arcrole/concept-label" xlink:from="AddressOfFinancialStreetName" xlink:to="label_AddressOfFinancialStreetName" xlink:title="label: AddressOfFinancialStreetName to label_AddressOfFinancialStreetName"/>
    <link:label xlink:type="resource" xlink:label="label_AddressOfFinancialStreetName_2" xlink:role="http://www.xbrl.org/2003/role/label" xlink:title="label_AddressOfFinancialStreetName" xml:lang="en" id="label_AddressOfFinancialStreetName_2">Address of financial institution, street name</link:label>
    <link:labelArc xlink:type="arc" xlink:arcrole="http://www.xbrl.org/2003/arcrole/concept-label" xlink:from="AddressOfFinancialStreetName" xlink:to="label_AddressOfFinancialStreetName_2" xlink:title="label: AddressOfFinancialStreetName to label_AddressOfFinancialStreetName"/>
    <link:loc xlink:type="locator" xlink:href="../gsd-cor-2013-12-20.xsd#gsd_AddressOfFinancialStreetBuildingIdentifier" xlink:label="AddressOfFinancialStreetBuildingIdentifier" xlink:title="AddressOfFinancialStreetBuildingIdentifier"/>
    <link:label xlink:type="resource" xlink:label="label_AddressOfFinancialStreetBuildingIdentifier" xlink:role="http://www.xbrl.org/2003/role/label" xlink:title="label_AddressOfFinancialStreetBuildingIdentifier" xml:lang="da" id="label_AddressOfFinancialStreetBuildingIdentifier">Bankens adresse, vejnr og etage</link:label>
    <link:labelArc xlink:type="arc" xlink:arcrole="http://www.xbrl.org/2003/arcrole/concept-label" xlink:from="AddressOfFinancialStreetBuildingIdentifier" xlink:to="label_AddressOfFinancialStreetBuildingIdentifier" xlink:title="label: AddressOfFinancialStreetBuildingIdentifier to label_AddressOfFinancialStreetBuildingIdentifier"/>
    <link:label xlink:type="resource" xlink:label="label_AddressOfFinancialStreetBuildingIdentifier_2" xlink:role="http://www.xbrl.org/2003/role/label" xlink:title="label_AddressOfFinancialStreetBuildingIdentifier" xml:lang="en" id="label_AddressOfFinancialStreetBuildingIdentifier_2">Address of financial institution, street building identifier</link:label>
    <link:labelArc xlink:type="arc" xlink:arcrole="http://www.xbrl.org/2003/arcrole/concept-label" xlink:from="AddressOfFinancialStreetBuildingIdentifier" xlink:to="label_AddressOfFinancialStreetBuildingIdentifier_2" xlink:title="label: AddressOfFinancialStreetBuildingIdentifier to label_AddressOfFinancialStreetBuildingIdentifier"/>
    <link:loc xlink:type="locator" xlink:href="../gsd-cor-2013-12-20.xsd#gsd_AddressOfFinancialPostCodeIdentifier" xlink:label="AddressOfFinancialPostCodeIdentifier" xlink:title="AddressOfFinancialPostCodeIdentifier"/>
    <link:label xlink:type="resource" xlink:label="label_AddressOfFinancialPostCodeIdentifier" xlink:role="http://www.xbrl.org/2003/role/label" xlink:title="label_AddressOfFinancialPostCodeIdentifier" xml:lang="da" id="label_AddressOfFinancialPostCodeIdentifier">Bankens adresse, postnummer</link:label>
    <link:labelArc xlink:type="arc" xlink:arcrole="http://www.xbrl.org/2003/arcrole/concept-label" xlink:from="AddressOfFinancialPostCodeIdentifier" xlink:to="label_AddressOfFinancialPostCodeIdentifier" xlink:title="label: AddressOfFinancialPostCodeIdentifier to label_AddressOfFinancialPostCodeIdentifier"/>
    <link:label xlink:type="resource" xlink:label="label_AddressOfFinancialPostCodeIdentifier_2" xlink:role="http://www.xbrl.org/2003/role/label" xlink:title="label_AddressOfFinancialPostCodeIdentifier" xml:lang="en" id="label_AddressOfFinancialPostCodeIdentifier_2">Address of financial institution, post code identifier</link:label>
    <link:labelArc xlink:type="arc" xlink:arcrole="http://www.xbrl.org/2003/arcrole/concept-label" xlink:from="AddressOfFinancialPostCodeIdentifier" xlink:to="label_AddressOfFinancialPostCodeIdentifier_2" xlink:title="label: AddressOfFinancialPostCodeIdentifier to label_AddressOfFinancialPostCodeIdentifier"/>
    <link:loc xlink:type="locator" xlink:href="../gsd-cor-2013-12-20.xsd#gsd_AddressOfFinancialDistrictName" xlink:label="AddressOfFinancialDistrictName" xlink:title="AddressOfFinancialDistrictName"/>
    <link:label xlink:type="resource" xlink:label="label_AddressOfFinancialDistrictName" xlink:role="http://www.xbrl.org/2003/role/label" xlink:title="label_AddressOfFinancialDistrictName" xml:lang="da" id="label_AddressOfFinancialDistrictName">Bankens adresse, by</link:label>
    <link:labelArc xlink:type="arc" xlink:arcrole="http://www.xbrl.org/2003/arcrole/concept-label" xlink:from="AddressOfFinancialDistrictName" xlink:to="label_AddressOfFinancialDistrictName" xlink:title="label: AddressOfFinancialDistrictName to label_AddressOfFinancialDistrictName"/>
    <link:label xlink:type="resource" xlink:label="label_AddressOfFinancialDistrictName_2" xlink:role="http://www.xbrl.org/2003/role/label" xlink:title="label_AddressOfFinancialDistrictName" xml:lang="en" id="label_AddressOfFinancialDistrictName_2">Address of financial institution, district name</link:label>
    <link:labelArc xlink:type="arc" xlink:arcrole="http://www.xbrl.org/2003/arcrole/concept-label" xlink:from="AddressOfFinancialDistrictName" xlink:to="label_AddressOfFinancialDistrictName_2" xlink:title="label: AddressOfFinancialDistrictName to label_AddressOfFinancialDistrictName"/>
    <link:loc xlink:type="locator" xlink:href="../gsd-cor-2013-12-20.xsd#gsd_AddressOfReportingEntityAbstract" xlink:label="AddressOfReportingEntityAbstract" xlink:title="AddressOfReportingEntityAbstract"/>
    <link:label xlink:type="resource" xlink:label="label_AddressOfReportingEntityAbstract" xlink:role="http://www.xbrl.org/2003/role/label" xlink:title="label_AddressOfReportingEntityAbstract" xml:lang="da" id="label_AddressOfReportingEntityAbstract">Regnskabsaflæggende virksomheds adresse</link:label>
    <link:labelArc xlink:type="arc" xlink:arcrole="http://www.xbrl.org/2003/arcrole/concept-label" xlink:from="AddressOfReportingEntityAbstract" xlink:to="label_AddressOfReportingEntityAbstract" xlink:title="label: AddressOfReportingEntityAbstract to label_AddressOfReportingEntityAbstract"/>
    <link:label xlink:type="resource" xlink:label="label_AddressOfReportingEntityAbstract_2" xlink:role="http://www.xbrl.org/2003/role/label" xlink:title="label_AddressOfReportingEntityAbstract" xml:lang="en" id="label_AddressOfReportingEntityAbstract_2">Address of reporting entity [abstract]</link:label>
    <link:labelArc xlink:type="arc" xlink:arcrole="http://www.xbrl.org/2003/arcrole/concept-label" xlink:from="AddressOfReportingEntityAbstract" xlink:to="label_AddressOfReportingEntityAbstract_2" xlink:title="label: AddressOfReportingEntityAbstract to label_AddressOfReportingEntityAbstract"/>
    <link:loc xlink:type="locator" xlink:href="../gsd-cor-2013-12-20.xsd#gsd_AddressOfReportingEntityCountryIdentificationCode" xlink:label="AddressOfReportingEntityCountryIdentificationCode" xlink:title="AddressOfReportingEntityCountryIdentificationCode"/>
    <link:label xlink:type="resource" xlink:label="label_AddressOfReportingEntityCountryIdentificationCode" xlink:role="http://www.xbrl.org/2003/role/label" xlink:title="label_AddressOfReportingEntityCountryIdentificationCode" xml:lang="da" id="label_AddressOfReportingEntityCountryIdentificationCode">Regnskabsaflæggende virksomheds adresse, Landekode</link:label>
    <link:labelArc xlink:type="arc" xlink:arcrole="http://www.xbrl.org/2003/arcrole/concept-label" xlink:from="AddressOfReportingEntityCountryIdentificationCode" xlink:to="label_AddressOfReportingEntityCountryIdentificationCode" xlink:title="label: AddressOfReportingEntityCountryIdentificationCode to label_AddressOfReportingEntityCountryIdentificationCode"/>
    <link:label xlink:type="resource" xlink:label="label_AddressOfReportingEntityCountryIdentificationCode_2" xlink:role="http://www.xbrl.org/2003/role/label" xlink:title="label_AddressOfReportingEntityCountryIdentificationCode" xml:lang="en" id="label_AddressOfReportingEntityCountryIdentificationCode_2">Address of reporting entity, country identification code</link:label>
    <link:labelArc xlink:type="arc" xlink:arcrole="http://www.xbrl.org/2003/arcrole/concept-label" xlink:from="AddressOfReportingEntityCountryIdentificationCode" xlink:to="label_AddressOfReportingEntityCountryIdentificationCode_2" xlink:title="label: AddressOfReportingEntityCountryIdentificationCode to label_AddressOfReportingEntityCountryIdentificationCode"/>
    <link:loc xlink:type="locator" xlink:href="../gsd-cor-2013-12-20.xsd#gsd_AddressOfReportingEntityCountry" xlink:label="AddressOfReportingEntityCountry" xlink:title="AddressOfReportingEntityCountry"/>
    <link:label xlink:type="resource" xlink:label="label_AddressOfReportingEntityCountry" xlink:role="http://www.xbrl.org/2003/role/label" xlink:title="label_AddressOfReportingEntityCountry" xml:lang="da" id="label_AddressOfReportingEntityCountry">Regnskabsaflæggende virksomheds adresse, land</link:label>
    <link:labelArc xlink:type="arc" xlink:arcrole="http://www.xbrl.org/2003/arcrole/concept-label" xlink:from="AddressOfReportingEntityCountry" xlink:to="label_AddressOfReportingEntityCountry" xlink:title="label: AddressOfReportingEntityCountry to label_AddressOfReportingEntityCountry"/>
    <link:label xlink:type="resource" xlink:label="label_AddressOfReportingEntityCountry_2" xlink:role="http://www.xbrl.org/2003/role/label" xlink:title="label_AddressOfReportingEntityCountry" xml:lang="en" id="label_AddressOfReportingEntityCountry_2">Address of reporting entity, country</link:label>
    <link:labelArc xlink:type="arc" xlink:arcrole="http://www.xbrl.org/2003/arcrole/concept-label" xlink:from="AddressOfReportingEntityCountry" xlink:to="label_AddressOfReportingEntityCountry_2" xlink:title="label: AddressOfReportingEntityCountry to label_AddressOfReportingEntityCountry"/>
    <link:loc xlink:type="locator" xlink:href="../gsd-cor-2013-12-20.xsd#gsd_AddressOfReportingEntityStreetName" xlink:label="AddressOfReportingEntityStreetName" xlink:title="AddressOfReportingEntityStreetName"/>
    <link:label xlink:type="resource" xlink:label="label_AddressOfReportingEntityStreetName" xlink:role="http://www.xbrl.org/2003/role/label" xlink:title="label_AddressOfReportingEntityStreetName" xml:lang="da" id="label_AddressOfReportingEntityStreetName">Regnskabsaflæggende virksomheds adresse, vejnavn</link:label>
    <link:labelArc xlink:type="arc" xlink:arcrole="http://www.xbrl.org/2003/arcrole/concept-label" xlink:from="AddressOfReportingEntityStreetName" xlink:to="label_AddressOfReportingEntityStreetName" xlink:title="label: AddressOfReportingEntityStreetName to label_AddressOfReportingEntityStreetName"/>
    <link:label xlink:type="resource" xlink:label="label_AddressOfReportingEntityStreetName_2" xlink:role="http://www.xbrl.org/2003/role/label" xlink:title="label_AddressOfReportingEntityStreetName" xml:lang="en" id="label_AddressOfReportingEntityStreetName_2">Address of reporting entity, street name</link:label>
    <link:labelArc xlink:type="arc" xlink:arcrole="http://www.xbrl.org/2003/arcrole/concept-label" xlink:from="AddressOfReportingEntityStreetName" xlink:to="label_AddressOfReportingEntityStreetName_2" xlink:title="label: AddressOfReportingEntityStreetName to label_AddressOfReportingEntityStreetName"/>
    <link:loc xlink:type="locator" xlink:href="../gsd-cor-2013-12-20.xsd#gsd_AddressOfReportingEntityStreetBuildingIdentifier" xlink:label="AddressOfReportingEntityStreetBuildingIdentifier" xlink:title="AddressOfReportingEntityStreetBuildingIdentifier"/>
    <link:label xlink:type="resource" xlink:label="label_AddressOfReportingEntityStreetBuildingIdentifier" xlink:role="http://www.xbrl.org/2003/role/label" xlink:title="label_AddressOfReportingEntityStreetBuildingIdentifier" xml:lang="da" id="label_AddressOfReportingEntityStreetBuildingIdentifier">Regnskabsaflæggende virksomheds adresse, vejnr og etage</link:label>
    <link:labelArc xlink:type="arc" xlink:arcrole="http://www.xbrl.org/2003/arcrole/concept-label" xlink:from="AddressOfReportingEntityStreetBuildingIdentifier" xlink:to="label_AddressOfReportingEntityStreetBuildingIdentifier" xlink:title="label: AddressOfReportingEntityStreetBuildingIdentifier to label_AddressOfReportingEntityStreetBuildingIdentifier"/>
    <link:label xlink:type="resource" xlink:label="label_AddressOfReportingEntityStreetBuildingIdentifier_2" xlink:role="http://www.xbrl.org/2003/role/label" xlink:title="label_AddressOfReportingEntityStreetBuildingIdentifier" xml:lang="en" id="label_AddressOfReportingEntityStreetBuildingIdentifier_2">Address of reporting entity, street building identifier</link:label>
    <link:labelArc xlink:type="arc" xlink:arcrole="http://www.xbrl.org/2003/arcrole/concept-label" xlink:from="AddressOfReportingEntityStreetBuildingIdentifier" xlink:to="label_AddressOfReportingEntityStreetBuildingIdentifier_2" xlink:title="label: AddressOfReportingEntityStreetBuildingIdentifier to label_AddressOfReportingEntityStreetBuildingIdentifier"/>
    <link:loc xlink:type="locator" xlink:href="../gsd-cor-2013-12-20.xsd#gsd_AddressOfReportingEntityPostCodeIdentifier" xlink:label="AddressOfReportingEntityPostCodeIdentifier" xlink:title="AddressOfReportingEntityPostCodeIdentifier"/>
    <link:label xlink:type="resource" xlink:label="label_AddressOfReportingEntityPostCodeIdentifier" xlink:role="http://www.xbrl.org/2003/role/label" xlink:title="label_AddressOfReportingEntityPostCodeIdentifier" xml:lang="da" id="label_AddressOfReportingEntityPostCodeIdentifier">Regnskabsaflæggende virksomheds adresse, postnummer</link:label>
    <link:labelArc xlink:type="arc" xlink:arcrole="http://www.xbrl.org/2003/arcrole/concept-label" xlink:from="AddressOfReportingEntityPostCodeIdentifier" xlink:to="label_AddressOfReportingEntityPostCodeIdentifier" xlink:title="label: AddressOfReportingEntityPostCodeIdentifier to label_AddressOfReportingEntityPostCodeIdentifier"/>
    <link:label xlink:type="resource" xlink:label="label_AddressOfReportingEntityPostCodeIdentifier_2" xlink:role="http://www.xbrl.org/2003/role/label" xlink:title="label_AddressOfReportingEntityPostCodeIdentifier" xml:lang="en" id="label_AddressOfReportingEntityPostCodeIdentifier_2">Address of reporting entity, post code identifier</link:label>
    <link:labelArc xlink:type="arc" xlink:arcrole="http://www.xbrl.org/2003/arcrole/concept-label" xlink:from="AddressOfReportingEntityPostCodeIdentifier" xlink:to="label_AddressOfReportingEntityPostCodeIdentifier_2" xlink:title="label: AddressOfReportingEntityPostCodeIdentifier to label_AddressOfReportingEntityPostCodeIdentifier"/>
    <link:loc xlink:type="locator" xlink:href="../gsd-cor-2013-12-20.xsd#gsd_AddressOfReportingEntityDistrictName" xlink:label="AddressOfReportingEntityDistrictName" xlink:title="AddressOfReportingEntityDistrictName"/>
    <link:label xlink:type="resource" xlink:label="label_AddressOfReportingEntityDistrictName" xlink:role="http://www.xbrl.org/2003/role/label" xlink:title="label_AddressOfReportingEntityDistrictName" xml:lang="da" id="label_AddressOfReportingEntityDistrictName">Regnskabsaflæggende virksomheds adresse, by</link:label>
    <link:labelArc xlink:type="arc" xlink:arcrole="http://www.xbrl.org/2003/arcrole/concept-label" xlink:from="AddressOfReportingEntityDistrictName" xlink:to="label_AddressOfReportingEntityDistrictName" xlink:title="label: AddressOfReportingEntityDistrictName to label_AddressOfReportingEntityDistrictName"/>
    <link:label xlink:type="resource" xlink:label="label_AddressOfReportingEntityDistrictName_2" xlink:role="http://www.xbrl.org/2003/role/label" xlink:title="label_AddressOfReportingEntityDistrictName" xml:lang="en" id="label_AddressOfReportingEntityDistrictName_2">Address of reporting entity, district name</link:label>
    <link:labelArc xlink:type="arc" xlink:arcrole="http://www.xbrl.org/2003/arcrole/concept-label" xlink:from="AddressOfReportingEntityDistrictName" xlink:to="label_AddressOfReportingEntityDistrictName_2" xlink:title="label: AddressOfReportingEntityDistrictName to label_AddressOfReportingEntityDistrictName"/>
    <link:loc xlink:type="locator" xlink:href="../gsd-cor-2013-12-20.xsd#gsd_AddressOfLawFirmAbstract" xlink:label="AddressOfLawFirmAbstract" xlink:title="AddressOfLawFirmAbstract"/>
    <link:label xlink:type="resource" xlink:label="label_AddressOfLawFirmAbstract" xlink:role="http://www.xbrl.org/2003/role/label" xlink:title="label_AddressOfLawFirmAbstract" xml:lang="da" id="label_AddressOfLawFirmAbstract">Advokatens adresse</link:label>
    <link:labelArc xlink:type="arc" xlink:arcrole="http://www.xbrl.org/2003/arcrole/concept-label" xlink:from="AddressOfLawFirmAbstract" xlink:to="label_AddressOfLawFirmAbstract" xlink:title="label: AddressOfLawFirmAbstract to label_AddressOfLawFirmAbstract"/>
    <link:label xlink:type="resource" xlink:label="label_AddressOfLawFirmAbstract_2" xlink:role="http://www.xbrl.org/2003/role/label" xlink:title="label_AddressOfLawFirmAbstract" xml:lang="en" id="label_AddressOfLawFirmAbstract_2">Address of law firm</link:label>
    <link:labelArc xlink:type="arc" xlink:arcrole="http://www.xbrl.org/2003/arcrole/concept-label" xlink:from="AddressOfLawFirmAbstract" xlink:to="label_AddressOfLawFirmAbstract_2" xlink:title="label: AddressOfLawFirmAbstract to label_AddressOfLawFirmAbstract"/>
    <link:loc xlink:type="locator" xlink:href="../gsd-cor-2013-12-20.xsd#gsd_AddressOfLawFirmCountryIdentificationCode" xlink:label="AddressOfLawFirmCountryIdentificationCode" xlink:title="AddressOfLawFirmCountryIdentificationCode"/>
    <link:label xlink:type="resource" xlink:label="label_AddressOfLawFirmCountryIdentificationCode" xlink:role="http://www.xbrl.org/2003/role/label" xlink:title="label_AddressOfLawFirmCountryIdentificationCode" xml:lang="da" id="label_AddressOfLawFirmCountryIdentificationCode">Advokatens adresse, landekode</link:label>
    <link:labelArc xlink:type="arc" xlink:arcrole="http://www.xbrl.org/2003/arcrole/concept-label" xlink:from="AddressOfLawFirmCountryIdentificationCode" xlink:to="label_AddressOfLawFirmCountryIdentificationCode" xlink:title="label: AddressOfLawFirmCountryIdentificationCode to label_AddressOfLawFirmCountryIdentificationCode"/>
    <link:label xlink:type="resource" xlink:label="label_AddressOfLawFirmCountryIdentificationCode_2" xlink:role="http://www.xbrl.org/2003/role/label" xlink:title="label_AddressOfLawFirmCountryIdentificationCode" xml:lang="en" id="label_AddressOfLawFirmCountryIdentificationCode_2">Address of law firm, country identification code</link:label>
    <link:labelArc xlink:type="arc" xlink:arcrole="http://www.xbrl.org/2003/arcrole/concept-label" xlink:from="AddressOfLawFirmCountryIdentificationCode" xlink:to="label_AddressOfLawFirmCountryIdentificationCode_2" xlink:title="label: AddressOfLawFirmCountryIdentificationCode to label_AddressOfLawFirmCountryIdentificationCode"/>
    <link:loc xlink:type="locator" xlink:href="../gsd-cor-2013-12-20.xsd#gsd_AddressOfLawFirmCountry" xlink:label="AddressOfLawFirmCountry" xlink:title="AddressOfLawFirmCountry"/>
    <link:label xlink:type="resource" xlink:label="label_AddressOfLawFirmCountry" xlink:role="http://www.xbrl.org/2003/role/label" xlink:title="label_AddressOfLawFirmCountry" xml:lang="da" id="label_AddressOfLawFirmCountry">Advokatens adresse, land</link:label>
    <link:labelArc xlink:type="arc" xlink:arcrole="http://www.xbrl.org/2003/arcrole/concept-label" xlink:from="AddressOfLawFirmCountry" xlink:to="label_AddressOfLawFirmCountry" xlink:title="label: AddressOfLawFirmCountry to label_AddressOfLawFirmCountry"/>
    <link:label xlink:type="resource" xlink:label="label_AddressOfLawFirmCountry_2" xlink:role="http://www.xbrl.org/2003/role/label" xlink:title="label_AddressOfLawFirmCountry" xml:lang="en" id="label_AddressOfLawFirmCountry_2">Address of law firm, country</link:label>
    <link:labelArc xlink:type="arc" xlink:arcrole="http://www.xbrl.org/2003/arcrole/concept-label" xlink:from="AddressOfLawFirmCountry" xlink:to="label_AddressOfLawFirmCountry_2" xlink:title="label: AddressOfLawFirmCountry to label_AddressOfLawFirmCountry"/>
    <link:loc xlink:type="locator" xlink:href="../gsd-cor-2013-12-20.xsd#gsd_AddressOfLawFirmStreetName" xlink:label="AddressOfLawFirmStreetName" xlink:title="AddressOfLawFirmStreetName"/>
    <link:label xlink:type="resource" xlink:label="label_AddressOfLawFirmStreetName" xlink:role="http://www.xbrl.org/2003/role/label" xlink:title="label_AddressOfLawFirmStreetName" xml:lang="da" id="label_AddressOfLawFirmStreetName">Advokatens adresse, vejnavn</link:label>
    <link:labelArc xlink:type="arc" xlink:arcrole="http://www.xbrl.org/2003/arcrole/concept-label" xlink:from="AddressOfLawFirmStreetName" xlink:to="label_AddressOfLawFirmStreetName" xlink:title="label: AddressOfLawFirmStreetName to label_AddressOfLawFirmStreetName"/>
    <link:label xlink:type="resource" xlink:label="label_AddressOfLawFirmStreetName_2" xlink:role="http://www.xbrl.org/2003/role/label" xlink:title="label_AddressOfLawFirmStreetName" xml:lang="en" id="label_AddressOfLawFirmStreetName_2">Address of law firm, street name</link:label>
    <link:labelArc xlink:type="arc" xlink:arcrole="http://www.xbrl.org/2003/arcrole/concept-label" xlink:from="AddressOfLawFirmStreetName" xlink:to="label_AddressOfLawFirmStreetName_2" xlink:title="label: AddressOfLawFirmStreetName to label_AddressOfLawFirmStreetName"/>
    <link:loc xlink:type="locator" xlink:href="../gsd-cor-2013-12-20.xsd#gsd_AddressOfLawFirmStreetBuildingIdentifier" xlink:label="AddressOfLawFirmStreetBuildingIdentifier" xlink:title="AddressOfLawFirmStreetBuildingIdentifier"/>
    <link:label xlink:type="resource" xlink:label="label_AddressOfLawFirmStreetBuildingIdentifier" xlink:role="http://www.xbrl.org/2003/role/label" xlink:title="label_AddressOfLawFirmStreetBuildingIdentifier" xml:lang="da" id="label_AddressOfLawFirmStreetBuildingIdentifier">Advokatens adresse, vejnr og etage</link:label>
    <link:labelArc xlink:type="arc" xlink:arcrole="http://www.xbrl.org/2003/arcrole/concept-label" xlink:from="AddressOfLawFirmStreetBuildingIdentifier" xlink:to="label_AddressOfLawFirmStreetBuildingIdentifier" xlink:title="label: AddressOfLawFirmStreetBuildingIdentifier to label_AddressOfLawFirmStreetBuildingIdentifier"/>
    <link:label xlink:type="resource" xlink:label="label_AddressOfLawFirmStreetBuildingIdentifier_2" xlink:role="http://www.xbrl.org/2003/role/label" xlink:title="label_AddressOfLawFirmStreetBuildingIdentifier" xml:lang="en" id="label_AddressOfLawFirmStreetBuildingIdentifier_2">Address of law firm, street building identifier</link:label>
    <link:labelArc xlink:type="arc" xlink:arcrole="http://www.xbrl.org/2003/arcrole/concept-label" xlink:from="AddressOfLawFirmStreetBuildingIdentifier" xlink:to="label_AddressOfLawFirmStreetBuildingIdentifier_2" xlink:title="label: AddressOfLawFirmStreetBuildingIdentifier to label_AddressOfLawFirmStreetBuildingIdentifier"/>
    <link:loc xlink:type="locator" xlink:href="../gsd-cor-2013-12-20.xsd#gsd_AddressOfLawFirmPostCodeIdentifier" xlink:label="AddressOfLawFirmPostCodeIdentifier" xlink:title="AddressOfLawFirmPostCodeIdentifier"/>
    <link:label xlink:type="resource" xlink:label="label_AddressOfLawFirmPostCodeIdentifier" xlink:role="http://www.xbrl.org/2003/role/label" xlink:title="label_AddressOfLawFirmPostCodeIdentifier" xml:lang="da" id="label_AddressOfLawFirmPostCodeIdentifier">Advokatens adresse, postnummer</link:label>
    <link:labelArc xlink:type="arc" xlink:arcrole="http://www.xbrl.org/2003/arcrole/concept-label" xlink:from="AddressOfLawFirmPostCodeIdentifier" xlink:to="label_AddressOfLawFirmPostCodeIdentifier" xlink:title="label: AddressOfLawFirmPostCodeIdentifier to label_AddressOfLawFirmPostCodeIdentifier"/>
    <link:label xlink:type="resource" xlink:label="label_AddressOfLawFirmPostCodeIdentifier_2" xlink:role="http://www.xbrl.org/2003/role/label" xlink:title="label_AddressOfLawFirmPostCodeIdentifier" xml:lang="en" id="label_AddressOfLawFirmPostCodeIdentifier_2">Address of law firm, post code identifier</link:label>
    <link:labelArc xlink:type="arc" xlink:arcrole="http://www.xbrl.org/2003/arcrole/concept-label" xlink:from="AddressOfLawFirmPostCodeIdentifier" xlink:to="label_AddressOfLawFirmPostCodeIdentifier_2" xlink:title="label: AddressOfLawFirmPostCodeIdentifier to label_AddressOfLawFirmPostCodeIdentifier"/>
    <link:loc xlink:type="locator" xlink:href="../gsd-cor-2013-12-20.xsd#gsd_AddressOfLawFirmDistrictName" xlink:label="AddressOfLawFirmDistrictName" xlink:title="AddressOfLawFirmDistrictName"/>
    <link:label xlink:type="resource" xlink:label="label_AddressOfLawFirmDistrictName" xlink:role="http://www.xbrl.org/2003/role/label" xlink:title="label_AddressOfLawFirmDistrictName" xml:lang="da" id="label_AddressOfLawFirmDistrictName">Advokatens adresse, by</link:label>
    <link:labelArc xlink:type="arc" xlink:arcrole="http://www.xbrl.org/2003/arcrole/concept-label" xlink:from="AddressOfLawFirmDistrictName" xlink:to="label_AddressOfLawFirmDistrictName" xlink:title="label: AddressOfLawFirmDistrictName to label_AddressOfLawFirmDistrictName"/>
    <link:label xlink:type="resource" xlink:label="label_AddressOfLawFirmDistrictName_2" xlink:role="http://www.xbrl.org/2003/role/label" xlink:title="label_AddressOfLawFirmDistrictName" xml:lang="en" id="label_AddressOfLawFirmDistrictName_2">Address of law firm, district name</link:label>
    <link:labelArc xlink:type="arc" xlink:arcrole="http://www.xbrl.org/2003/arcrole/concept-label" xlink:from="AddressOfLawFirmDistrictName" xlink:to="label_AddressOfLawFirmDistrictName_2" xlink:title="label: AddressOfLawFirmDistrictName to label_AddressOfLawFirmDistrictName"/>
    <link:loc xlink:type="locator" xlink:href="../gsd-cor-2013-12-20.xsd#gsd_DetailsOnLiquidatorHypercube" xlink:label="DetailsOnLiquidatorHypercube" xlink:title="DetailsOnLiquidatorHypercube"/>
    <link:label xlink:type="resource" xlink:label="label_DetailsOnLiquidatorHypercube" xlink:role="http://www.xbrl.org/2003/role/label" xlink:title="label_DetailsOnLiquidatorHypercube" xml:lang="da" id="label_DetailsOnLiquidatorHypercube">Information om likvidator</link:label>
    <link:labelArc xlink:type="arc" xlink:arcrole="http://www.xbrl.org/2003/arcrole/concept-label" xlink:from="DetailsOnLiquidatorHypercube" xlink:to="label_DetailsOnLiquidatorHypercube" xlink:title="label: DetailsOnLiquidatorHypercube to label_DetailsOnLiquidatorHypercube"/>
    <link:label xlink:type="resource" xlink:label="label_DetailsOnLiquidatorHypercube_2" xlink:role="http://www.xbrl.org/2003/role/label" xlink:title="label_DetailsOnLiquidatorHypercube" xml:lang="en" id="label_DetailsOnLiquidatorHypercube_2">Details on liquidator [table]</link:label>
    <link:labelArc xlink:type="arc" xlink:arcrole="http://www.xbrl.org/2003/arcrole/concept-label" xlink:from="DetailsOnLiquidatorHypercube" xlink:to="label_DetailsOnLiquidatorHypercube_2" xlink:title="label: DetailsOnLiquidatorHypercube to label_DetailsOnLiquidatorHypercube"/>
    <link:loc xlink:type="locator" xlink:href="../gsd-cor-2013-12-20.xsd#gsd_DetailsOnLiquidatorAbstract" xlink:label="DetailsOnLiquidatorAbstract" xlink:title="DetailsOnLiquidatorAbstract"/>
    <link:label xlink:type="resource" xlink:label="label_DetailsOnLiquidatorAbstract" xlink:role="http://www.xbrl.org/2003/role/label" xlink:title="label_DetailsOnLiquidatorAbstract" xml:lang="da" id="label_DetailsOnLiquidatorAbstract">Detaljer om likvidator</link:label>
    <link:labelArc xlink:type="arc" xlink:arcrole="http://www.xbrl.org/2003/arcrole/concept-label" xlink:from="DetailsOnLiquidatorAbstract" xlink:to="label_DetailsOnLiquidatorAbstract" xlink:title="label: DetailsOnLiquidatorAbstract to label_DetailsOnLiquidatorAbstract"/>
    <link:label xlink:type="resource" xlink:label="label_DetailsOnLiquidatorAbstract_2" xlink:role="http://www.xbrl.org/2003/role/label" xlink:title="label_DetailsOnLiquidatorAbstract" xml:lang="en" id="label_DetailsOnLiquidatorAbstract_2">Details on liquidator [abstract]</link:label>
    <link:labelArc xlink:type="arc" xlink:arcrole="http://www.xbrl.org/2003/arcrole/concept-label" xlink:from="DetailsOnLiquidatorAbstract" xlink:to="label_DetailsOnLiquidatorAbstract_2" xlink:title="label: DetailsOnLiquidatorAbstract to label_DetailsOnLiquidatorAbstract"/>
    <link:loc xlink:type="locator" xlink:href="../gsd-cor-2013-12-20.xsd#gsd_InformationOnLiquidatorAbstract" xlink:label="InformationOnLiquidatorAbstract" xlink:title="InformationOnLiquidatorAbstract"/>
    <link:label xlink:type="resource" xlink:label="label_InformationOnLiquidatorAbstract" xlink:role="http://www.xbrl.org/2003/role/label" xlink:title="label_InformationOnLiquidatorAbstract" xml:lang="da" id="label_InformationOnLiquidatorAbstract">Information om likvidator</link:label>
    <link:labelArc xlink:type="arc" xlink:arcrole="http://www.xbrl.org/2003/arcrole/concept-label" xlink:from="InformationOnLiquidatorAbstract" xlink:to="label_InformationOnLiquidatorAbstract" xlink:title="label: InformationOnLiquidatorAbstract to label_InformationOnLiquidatorAbstract"/>
    <link:label xlink:type="resource" xlink:label="label_InformationOnLiquidatorAbstract_2" xlink:role="http://www.xbrl.org/2003/role/label" xlink:title="label_InformationOnLiquidatorAbstract" xml:lang="en" id="label_InformationOnLiquidatorAbstract_2">Information on liquidator [abstract]</link:label>
    <link:labelArc xlink:type="arc" xlink:arcrole="http://www.xbrl.org/2003/arcrole/concept-label" xlink:from="InformationOnLiquidatorAbstract" xlink:to="label_InformationOnLiquidatorAbstract_2" xlink:title="label: InformationOnLiquidatorAbstract to label_InformationOnLiquidatorAbstract"/>
    <link:loc xlink:type="locator" xlink:href="../gsd-cor-2013-12-20.xsd#gsd_ReportingPeriodNumber" xlink:label="ReportingPeriodNumber" xlink:title="ReportingPeriodNumber"/>
    <link:label xlink:type="resource" xlink:label="label_ReportingPeriodNumber" xlink:role="http://www.xbrl.org/2003/role/label" xlink:title="label_ReportingPeriodNumber" xml:lang="da" id="label_ReportingPeriodNumber">Årsregnskabets nummer</link:label>
    <link:labelArc xlink:type="arc" xlink:arcrole="http://www.xbrl.org/2003/arcrole/concept-label" xlink:from="ReportingPeriodNumber" xlink:to="label_ReportingPeriodNumber" xlink:title="label: ReportingPeriodNumber to label_ReportingPeriodNumber"/>
    <link:label xlink:type="resource" xlink:label="label_ReportingPeriodNumber_2" xlink:role="http://www.xbrl.org/2003/role/label" xlink:title="label_ReportingPeriodNumber" xml:lang="en" id="label_ReportingPeriodNumber_2">Reporting period, number</link:label>
    <link:labelArc xlink:type="arc" xlink:arcrole="http://www.xbrl.org/2003/arcrole/concept-label" xlink:from="ReportingPeriodNumber" xlink:to="label_ReportingPeriodNumber_2" xlink:title="label: ReportingPeriodNumber to label_ReportingPeriodNumber"/>
    <link:loc xlink:type="locator" xlink:href="../gsd-cor-2013-12-20.xsd#gsd_DetailsOnSecondaryNameOfReportingEntityAbstract" xlink:label="DetailsOnSecondaryNameOfReportingEntityAbstract" xlink:title="DetailsOnSecondaryNameOfReportingEntityAbstract"/>
    <link:label xlink:type="resource" xlink:label="label_DetailsOnSecondaryNameOfReportingEntityAbstract" xlink:role="http://www.xbrl.org/2003/role/label" xlink:title="label_DetailsOnSecondaryNameOfReportingEntityAbstract" xml:lang="en" id="label_DetailsOnSecondaryNameOfReportingEntityAbstract">Details on secondary name of reporting entity</link:label>
    <link:labelArc xlink:type="arc" xlink:arcrole="http://www.xbrl.org/2003/arcrole/concept-label" xlink:from="DetailsOnSecondaryNameOfReportingEntityAbstract" xlink:to="label_DetailsOnSecondaryNameOfReportingEntityAbstract" xlink:title="label: DetailsOnSecondaryNameOfReportingEntityAbstract to label_DetailsOnSecondaryNameOfReportingEntityAbstract"/>
    <link:label xlink:type="resource" xlink:label="label_DetailsOnSecondaryNameOfReportingEntityAbstract_2" xlink:role="http://www.xbrl.org/2003/role/label" xlink:title="label_DetailsOnSecondaryNameOfReportingEntityAbstract" xml:lang="da" id="label_DetailsOnSecondaryNameOfReportingEntityAbstract_2">Detaljer om regnskabsaflæggende virksomheds binavn</link:label>
    <link:labelArc xlink:type="arc" xlink:arcrole="http://www.xbrl.org/2003/arcrole/concept-label" xlink:from="DetailsOnSecondaryNameOfReportingEntityAbstract" xlink:to="label_DetailsOnSecondaryNameOfReportingEntityAbstract_2" xlink:title="label: DetailsOnSecondaryNameOfReportingEntityAbstract to label_DetailsOnSecondaryNameOfReportingEntityAbstract"/>
    <link:loc xlink:type="locator" xlink:href="../gsd-cor-2013-12-20.xsd#gsd_SecondaryNameOfReportingEntity" xlink:label="SecondaryNameOfReportingEntity" xlink:title="SecondaryNameOfReportingEntity"/>
    <link:label xlink:type="resource" xlink:label="label_SecondaryNameOfReportingEntity" xlink:role="http://www.xbrl.org/2003/role/label" xlink:title="label_SecondaryNameOfReportingEntity" xml:lang="da" id="label_SecondaryNameOfReportingEntity">Regnskabsaflæggende virksomheds binavn</link:label>
    <link:labelArc xlink:type="arc" xlink:arcrole="http://www.xbrl.org/2003/arcrole/concept-label" xlink:from="SecondaryNameOfReportingEntity" xlink:to="label_SecondaryNameOfReportingEntity" xlink:title="label: SecondaryNameOfReportingEntity to label_SecondaryNameOfReportingEntity"/>
    <link:label xlink:type="resource" xlink:label="label_SecondaryNameOfReportingEntity_2" xlink:role="http://www.xbrl.org/2003/role/label" xlink:title="label_SecondaryNameOfReportingEntity" xml:lang="en" id="label_SecondaryNameOfReportingEntity_2">Secondary name of reporting entity</link:label>
    <link:labelArc xlink:type="arc" xlink:arcrole="http://www.xbrl.org/2003/arcrole/concept-label" xlink:from="SecondaryNameOfReportingEntity" xlink:to="label_SecondaryNameOfReportingEntity_2" xlink:title="label: SecondaryNameOfReportingEntity to label_SecondaryNameOfReportingEntity"/>
    <link:loc xlink:type="locator" xlink:href="../gsd-cor-2013-12-20.xsd#gsd_DetailsOnSecondaryNameOfReportingEntityHypercube" xlink:label="DetailsOnSecondaryNameOfReportingEntityHypercube" xlink:title="DetailsOnSecondaryNameOfReportingEntityHypercube"/>
    <link:label xlink:type="resource" xlink:label="label_DetailsOnSecondaryNameOfReportingEntityHypercube" xlink:role="http://www.xbrl.org/2003/role/label" xlink:title="label_DetailsOnSecondaryNameOfReportingEntityHypercube" xml:lang="da" id="label_DetailsOnSecondaryNameOfReportingEntityHypercube">Information om regnskabsaflæggende virksomheds binavn</link:label>
    <link:labelArc xlink:type="arc" xlink:arcrole="http://www.xbrl.org/2003/arcrole/concept-label" xlink:from="DetailsOnSecondaryNameOfReportingEntityHypercube" xlink:to="label_DetailsOnSecondaryNameOfReportingEntityHypercube" xlink:title="label: DetailsOnSecondaryNameOfReportingEntityHypercube to label_DetailsOnSecondaryNameOfReportingEntityHypercube"/>
    <link:label xlink:type="resource" xlink:label="label_DetailsOnSecondaryNameOfReportingEntityHypercube_2" xlink:role="http://www.xbrl.org/2003/role/label" xlink:title="label_DetailsOnSecondaryNameOfReportingEntityHypercube" xml:lang="en" id="label_DetailsOnSecondaryNameOfReportingEntityHypercube_2">Details on secondary name of reporting entity</link:label>
    <link:labelArc xlink:type="arc" xlink:arcrole="http://www.xbrl.org/2003/arcrole/concept-label" xlink:from="DetailsOnSecondaryNameOfReportingEntityHypercube" xlink:to="label_DetailsOnSecondaryNameOfReportingEntityHypercube_2" xlink:title="label: DetailsOnSecondaryNameOfReportingEntityHypercube to label_DetailsOnSecondaryNameOfReportingEntityHypercube"/>
    <link:loc xlink:type="locator" xlink:href="../gsd-cor-2013-12-20.xsd#gsd_IdentificationNumberGreenlandRegnrOfReportingEntity" xlink:label="IdentificationNumberGreenlandRegnrOfReportingEntity" xlink:title="IdentificationNumberGreenlandRegnrOfReportingEntity"/>
    <link:label xlink:type="resource" xlink:label="label_IdentificationNumberGreenlandRegnrOfReportingEntity" xlink:role="http://www.xbrl.org/2003/role/label" xlink:title="label_IdentificationNumberGreenlandRegnrOfReportingEntity" xml:lang="da" id="label_IdentificationNumberGreenlandRegnrOfReportingEntity">Regnskabsaflæggende virksomheds Grønlandske Regnr</link:label>
    <link:labelArc xlink:type="arc" xlink:arcrole="http://www.xbrl.org/2003/arcrole/concept-label" xlink:from="IdentificationNumberGreenlandRegnrOfReportingEntity" xlink:to="label_IdentificationNumberGreenlandRegnrOfReportingEntity" xlink:title="label: IdentificationNumberGreenlandRegnrOfReportingEntity to label_IdentificationNumberGreenlandRegnrOfReportingEntity"/>
    <link:label xlink:type="resource" xlink:label="label_IdentificationNumberGreenlandRegnrOfReportingEntity_2" xlink:role="http://www.xbrl.org/2003/role/label" xlink:title="label_IdentificationNumberGreenlandRegnrOfReportingEntity" xml:lang="en" id="label_IdentificationNumberGreenlandRegnrOfReportingEntity_2">Identification number Greenland Regnr) of reporting entity</link:label>
    <link:labelArc xlink:type="arc" xlink:arcrole="http://www.xbrl.org/2003/arcrole/concept-label" xlink:from="IdentificationNumberGreenlandRegnrOfReportingEntity" xlink:to="label_IdentificationNumberGreenlandRegnrOfReportingEntity_2" xlink:title="label: IdentificationNumberGreenlandRegnrOfReportingEntity to label_IdentificationNumberGreenlandRegnrOfReportingEntity"/>
  </link:labelLink>
</link:linkbase>
