<?xml version="1.0" encoding="UTF-8"?>

<?officialURI http://archprod.service.eogs.dk/taxonomy/20130101/gsd/labels/lab_gsd-en_2013-12-20.xml?>

<?taxonomy-version 0.0.10?>

<link:linkbase xmlns:xsi="http://www.w3.org/2001/XMLSchema-instance" xsi:schemaLocation="http://www.xbrl.org/2003/linkbase http://www.xbrl.org/2003/xbrl-linkbase-2003-12-31.xsd" xmlns:link="http://www.xbrl.org/2003/linkbase" xmlns:xlink="http://www.w3.org/1999/xlink" xmlns:xbrli="http://www.xbrl.org/2003/instance">
  <link:labelLink xlink:type="extended" xlink:role="http://www.xbrl.org/2003/role/link">
    <link:loc xlink:type="locator" xlink:href="../gsd-cor-2013-12-20.xsd#gsd_AddressOfAuditorCountry" xlink:label="AddressOfAuditorCountry"/>
    <link:label xlink:type="resource" xlink:label="label_AddressOfAuditorCountry" xlink:role="http://www.xbrl.org/2003/role/label" xml:lang="en" id="label_AddressOfAuditorCountry">Address of auditor, country</link:label>
    <link:labelArc xlink:type="arc" xlink:arcrole="http://www.xbrl.org/2003/arcrole/concept-label" xlink:from="AddressOfAuditorCountry" xlink:to="label_AddressOfAuditorCountry" order="10.0"/>
    <link:loc xlink:type="locator" xlink:href="../gsd-cor-2013-12-20.xsd#gsd_AddressOfSubmittingEnterprisePostcodeAndTown" xlink:label="AddressOfSubmittingEnterprisePostcodeAndTown"/>
    <link:label xlink:type="resource" xlink:label="label_AddressOfSubmittingEnterprisePostcodeAndTown" xlink:role="http://www.xbrl.org/2003/role/label" xml:lang="en" id="label_AddressOfSubmittingEnterprisePostcodeAndTown">Address of submitting enterprise, postcode and town</link:label>
    <link:labelArc xlink:type="arc" xlink:arcrole="http://www.xbrl.org/2003/arcrole/concept-label" xlink:from="AddressOfSubmittingEnterprisePostcodeAndTown" xlink:to="label_AddressOfSubmittingEnterprisePostcodeAndTown" order="10.0"/>
    <link:loc xlink:type="locator" xlink:href="../gsd-cor-2013-12-20.xsd#gsd_AddressOfSubmittingEnterpriseStreetAndNumber" xlink:label="AddressOfSubmittingEnterpriseStreetAndNumber"/>
    <link:label xlink:type="resource" xlink:label="label_AddressOfSubmittingEnterpriseStreetAndNumber" xlink:role="http://www.xbrl.org/2003/role/label" xml:lang="en" id="label_AddressOfSubmittingEnterpriseStreetAndNumber">Address of submitting enterprise, street and number</link:label>
    <link:labelArc xlink:type="arc" xlink:arcrole="http://www.xbrl.org/2003/arcrole/concept-label" xlink:from="AddressOfSubmittingEnterpriseStreetAndNumber" xlink:to="label_AddressOfSubmittingEnterpriseStreetAndNumber" order="10.0"/>
    <link:loc xlink:type="locator" xlink:href="../gsd-cor-2013-12-20.xsd#gsd_NameAndSurnameOfChairmanOfGeneralMeeting" xlink:label="NameAndSurnameOfChairmanOfGeneralMeeting"/>
    <link:label xlink:type="resource" xlink:label="label_NameAndSurnameOfChairmanOfGeneralMeeting" xlink:role="http://www.xbrl.org/2003/role/label" xml:lang="en" id="label_NameAndSurnameOfChairmanOfGeneralMeeting">Name and surname of chairman of general meeting</link:label>
    <link:labelArc xlink:type="arc" xlink:arcrole="http://www.xbrl.org/2003/arcrole/concept-label" xlink:from="NameAndSurnameOfChairmanOfGeneralMeeting" xlink:to="label_NameAndSurnameOfChairmanOfGeneralMeeting" order="10.0"/>
    <link:loc xlink:type="locator" xlink:href="../gsd-cor-2013-12-20.xsd#gsd_DateOfApprovalOfReport" xlink:label="DateOfApprovalOfReport"/>
    <link:label xlink:type="resource" xlink:label="label_DateOfApprovalOfReport" xlink:role="http://www.xbrl.org/2003/role/label" xml:lang="en" id="label_DateOfApprovalOfReport">Date of approval of report</link:label>
    <link:labelArc xlink:type="arc" xlink:arcrole="http://www.xbrl.org/2003/arcrole/concept-label" xlink:from="DateOfApprovalOfReport" xlink:to="label_DateOfApprovalOfReport" order="10.0"/>
    <link:loc xlink:type="locator" xlink:href="../gsd-cor-2013-12-20.xsd#gsd_DateOfFoundationOfReportingEntity" xlink:label="DateOfFoundationOfReportingEntity"/>
    <link:label xlink:type="resource" xlink:label="label_DateOfFoundationOfReportingEntity" xlink:role="http://www.xbrl.org/2003/role/label" xml:lang="en" id="label_DateOfFoundationOfReportingEntity">Date of foundation of reporting entity</link:label>
    <link:labelArc xlink:type="arc" xlink:arcrole="http://www.xbrl.org/2003/arcrole/concept-label" xlink:from="DateOfFoundationOfReportingEntity" xlink:to="label_DateOfFoundationOfReportingEntity" order="10.0"/>
    <link:loc xlink:type="locator" xlink:href="../gsd-cor-2013-12-20.xsd#gsd_DateOfGeneralMeeting" xlink:label="DateOfGeneralMeeting"/>
    <link:label xlink:type="resource" xlink:label="label_DateOfGeneralMeeting" xlink:role="http://www.xbrl.org/2003/role/label" xml:lang="en" id="label_DateOfGeneralMeeting">Date of general meeting</link:label>
    <link:labelArc xlink:type="arc" xlink:arcrole="http://www.xbrl.org/2003/arcrole/concept-label" xlink:from="DateOfGeneralMeeting" xlink:to="label_DateOfGeneralMeeting" order="10.0"/>
    <link:loc xlink:type="locator" xlink:href="../gsd-cor-2013-12-20.xsd#gsd_EmailOfAuditor" xlink:label="EmailOfAuditor"/>
    <link:label xlink:type="resource" xlink:label="label_EmailOfAuditor" xlink:role="http://www.xbrl.org/2003/role/label" xml:lang="en" id="label_EmailOfAuditor">E-mail of auditor</link:label>
    <link:labelArc xlink:type="arc" xlink:arcrole="http://www.xbrl.org/2003/arcrole/concept-label" xlink:from="EmailOfAuditor" xlink:to="label_EmailOfAuditor" order="10.0"/>
    <link:loc xlink:type="locator" xlink:href="../gsd-cor-2013-12-20.xsd#gsd_EmailOfReportingEntity" xlink:label="EmailOfReportingEntity"/>
    <link:label xlink:type="resource" xlink:label="label_EmailOfReportingEntity" xlink:role="http://www.xbrl.org/2003/role/label" xml:lang="en" id="label_EmailOfReportingEntity">E-mail of reporting entity</link:label>
    <link:labelArc xlink:type="arc" xlink:arcrole="http://www.xbrl.org/2003/arcrole/concept-label" xlink:from="EmailOfReportingEntity" xlink:to="label_EmailOfReportingEntity" order="10.0"/>
    <link:loc xlink:type="locator" xlink:href="../gsd-cor-2013-12-20.xsd#gsd_FaxNumberOfReportingEntity" xlink:label="FaxNumberOfReportingEntity"/>
    <link:label xlink:type="resource" xlink:label="label_FaxNumberOfReportingEntity" xlink:role="http://www.xbrl.org/2003/role/label" xml:lang="en" id="label_FaxNumberOfReportingEntity">Fax number of reporting entity</link:label>
    <link:labelArc xlink:type="arc" xlink:arcrole="http://www.xbrl.org/2003/arcrole/concept-label" xlink:from="FaxNumberOfReportingEntity" xlink:to="label_FaxNumberOfReportingEntity" order="10.0"/>
    <link:loc xlink:type="locator" xlink:href="../gsd-cor-2013-12-20.xsd#gsd_HomepageOfReportingEntity" xlink:label="HomepageOfReportingEntity"/>
    <link:label xlink:type="resource" xlink:label="label_HomepageOfReportingEntity" xlink:role="http://www.xbrl.org/2003/role/label" xml:lang="en" id="label_HomepageOfReportingEntity">Homepage of reporting entity</link:label>
    <link:labelArc xlink:type="arc" xlink:arcrole="http://www.xbrl.org/2003/arcrole/concept-label" xlink:from="HomepageOfReportingEntity" xlink:to="label_HomepageOfReportingEntity" order="10.0"/>
    <link:loc xlink:type="locator" xlink:href="../gsd-cor-2013-12-20.xsd#gsd_IdentificationNumberCvrOfReportingEntity" xlink:label="IdentificationNumberCvrOfReportingEntity"/>
    <link:label xlink:type="resource" xlink:label="label_IdentificationNumberCvrOfReportingEntity" xlink:role="http://www.xbrl.org/2003/role/label" xml:lang="en" id="label_IdentificationNumberCvrOfReportingEntity">Identification number [CVR] of reporting entity</link:label>
    <link:labelArc xlink:type="arc" xlink:arcrole="http://www.xbrl.org/2003/arcrole/concept-label" xlink:from="IdentificationNumberCvrOfReportingEntity" xlink:to="label_IdentificationNumberCvrOfReportingEntity" order="10.0"/>
    <link:loc xlink:type="locator" xlink:href="../gsd-cor-2013-12-20.xsd#gsd_IdentificationNumberCvrOfSubmittingEnterprise" xlink:label="IdentificationNumberCvrOfSubmittingEnterprise"/>
    <link:label xlink:type="resource" xlink:label="label_IdentificationNumberCvrOfSubmittingEnterprise" xlink:role="http://www.xbrl.org/2003/role/label" xml:lang="en" id="label_IdentificationNumberCvrOfSubmittingEnterprise">Identification number [CVR] of submitting enterprise</link:label>
    <link:labelArc xlink:type="arc" xlink:arcrole="http://www.xbrl.org/2003/arcrole/concept-label" xlink:from="IdentificationNumberCvrOfSubmittingEnterprise" xlink:to="label_IdentificationNumberCvrOfSubmittingEnterprise" order="10.0"/>
    <link:loc xlink:type="locator" xlink:href="../gsd-cor-2013-12-20.xsd#gsd_InformationOnEnterpriseSubmittingReportAbstract" xlink:label="InformationOnEnterpriseSubmittingReportAbstract"/>
    <link:label xlink:type="resource" xlink:label="label_InformationOnEnterpriseSubmittingReportAbstract" xlink:role="http://www.xbrl.org/2003/role/label" xml:lang="en" id="label_InformationOnEnterpriseSubmittingReportAbstract">Information on enterprise submitting report [abstract]</link:label>
    <link:labelArc xlink:type="arc" xlink:arcrole="http://www.xbrl.org/2003/arcrole/concept-label" xlink:from="InformationOnEnterpriseSubmittingReportAbstract" xlink:to="label_InformationOnEnterpriseSubmittingReportAbstract" order="10.0"/>
    <link:loc xlink:type="locator" xlink:href="../gsd-cor-2013-12-20.xsd#gsd_InformationOnMainFinancialInstitutionThatRunsAccountsOfReportingEntityAbstract" xlink:label="InformationOnMainFinancialInstitutionThatRunsAccountsOfReportingEntityAbstract"/>
    <link:label xlink:type="resource" xlink:label="label_InformationOnMainFinancialInstitutionThatRunsAccountsOfReportingEntityAbstract" xlink:role="http://www.xbrl.org/2003/role/label" xml:lang="en" id="label_InformationOnMainFinancialInstitutionThatRunsAccountsOfReportingEntityAbstract">Information on main financial institution that runs accounts of reporting entity [abstract]</link:label>
    <link:labelArc xlink:type="arc" xlink:arcrole="http://www.xbrl.org/2003/arcrole/concept-label" xlink:from="InformationOnMainFinancialInstitutionThatRunsAccountsOfReportingEntityAbstract" xlink:to="label_InformationOnMainFinancialInstitutionThatRunsAccountsOfReportingEntityAbstract" order="10.0"/>
    <link:loc xlink:type="locator" xlink:href="../gsd-cor-2013-12-20.xsd#gsd_InformationOnMainLawFirmRepresentingReportingEntityAbstract" xlink:label="InformationOnMainLawFirmRepresentingReportingEntityAbstract"/>
    <link:label xlink:type="resource" xlink:label="label_InformationOnMainLawFirmRepresentingReportingEntityAbstract" xlink:role="http://www.xbrl.org/2003/role/label" xml:lang="en" id="label_InformationOnMainLawFirmRepresentingReportingEntityAbstract">Information on main law firm representing reporting entity [abstract]</link:label>
    <link:labelArc xlink:type="arc" xlink:arcrole="http://www.xbrl.org/2003/arcrole/concept-label" xlink:from="InformationOnMainLawFirmRepresentingReportingEntityAbstract" xlink:to="label_InformationOnMainLawFirmRepresentingReportingEntityAbstract" order="10.0"/>
    <link:loc xlink:type="locator" xlink:href="../gsd-cor-2013-12-20.xsd#gsd_InformationOnMembersOfExecutiveBoardAbstract" xlink:label="InformationOnMembersOfExecutiveBoardAbstract"/>
    <link:label xlink:type="resource" xlink:label="label_InformationOnMembersOfExecutiveBoardAbstract" xlink:role="http://www.xbrl.org/2003/role/label" xml:lang="en" id="label_InformationOnMembersOfExecutiveBoardAbstract">Information on members of executive board [abstract]</link:label>
    <link:labelArc xlink:type="arc" xlink:arcrole="http://www.xbrl.org/2003/arcrole/concept-label" xlink:from="InformationOnMembersOfExecutiveBoardAbstract" xlink:to="label_InformationOnMembersOfExecutiveBoardAbstract" order="10.0"/>
    <link:loc xlink:type="locator" xlink:href="../gsd-cor-2013-12-20.xsd#gsd_InformationOnMembersOfSupervisoryBoardAbstract" xlink:label="InformationOnMembersOfSupervisoryBoardAbstract"/>
    <link:label xlink:type="resource" xlink:label="label_InformationOnMembersOfSupervisoryBoardAbstract" xlink:role="http://www.xbrl.org/2003/role/label" xml:lang="en" id="label_InformationOnMembersOfSupervisoryBoardAbstract">Information on members of supervisory board [abstract]</link:label>
    <link:labelArc xlink:type="arc" xlink:arcrole="http://www.xbrl.org/2003/arcrole/concept-label" xlink:from="InformationOnMembersOfSupervisoryBoardAbstract" xlink:to="label_InformationOnMembersOfSupervisoryBoardAbstract" order="10.0"/>
    <link:loc xlink:type="locator" xlink:href="../gsd-cor-2013-12-20.xsd#gsd_InformationOnReportingEntityAbstract" xlink:label="InformationOnReportingEntityAbstract"/>
    <link:label xlink:type="resource" xlink:label="label_InformationOnReportingEntityAbstract" xlink:role="http://www.xbrl.org/2003/role/label" xml:lang="en" id="label_InformationOnReportingEntityAbstract">Information on reporting entity [abstract]</link:label>
    <link:labelArc xlink:type="arc" xlink:arcrole="http://www.xbrl.org/2003/arcrole/concept-label" xlink:from="InformationOnReportingEntityAbstract" xlink:to="label_InformationOnReportingEntityAbstract" order="10.0"/>
    <link:loc xlink:type="locator" xlink:href="../gsd-cor-2013-12-20.xsd#gsd_InformationOnSubmissionReportAndReportingEntityAbstract" xlink:label="InformationOnSubmissionReportAndReportingEntityAbstract"/>
    <link:label xlink:type="resource" xlink:label="label_InformationOnSubmissionReportAndReportingEntityAbstract" xlink:role="http://www.xbrl.org/2003/role/label" xml:lang="en" id="label_InformationOnSubmissionReportAndReportingEntityAbstract">Information on submission, report and reporting entity [abstract]</link:label>
    <link:labelArc xlink:type="arc" xlink:arcrole="http://www.xbrl.org/2003/arcrole/concept-label" xlink:from="InformationOnSubmissionReportAndReportingEntityAbstract" xlink:to="label_InformationOnSubmissionReportAndReportingEntityAbstract" order="10.0"/>
    <link:loc xlink:type="locator" xlink:href="../gsd-cor-2013-12-20.xsd#gsd_InformationOnTypeOfSubmittedReport" xlink:label="InformationOnTypeOfSubmittedReport"/>
    <link:label xlink:type="resource" xlink:label="label_InformationOnTypeOfSubmittedReport" xlink:role="http://www.xbrl.org/2003/role/label" xml:lang="en" id="label_InformationOnTypeOfSubmittedReport">Information on type of submitted report</link:label>
    <link:labelArc xlink:type="arc" xlink:arcrole="http://www.xbrl.org/2003/arcrole/concept-label" xlink:from="InformationOnTypeOfSubmittedReport" xlink:to="label_InformationOnTypeOfSubmittedReport" order="10.0"/>
    <link:loc xlink:type="locator" xlink:href="../gsd-cor-2013-12-20.xsd#gsd_NameSurnameAndTitleOfLiquidator" xlink:label="NameSurnameAndTitleOfLiquidator"/>
    <link:label xlink:type="resource" xlink:label="label_NameSurnameAndTitleOfLiquidator" xlink:role="http://www.xbrl.org/2003/role/label" xml:lang="en" id="label_NameSurnameAndTitleOfLiquidator">Name, surname and title of liquidator</link:label>
    <link:labelArc xlink:type="arc" xlink:arcrole="http://www.xbrl.org/2003/arcrole/concept-label" xlink:from="NameSurnameAndTitleOfLiquidator" xlink:to="label_NameSurnameAndTitleOfLiquidator" order="10.0"/>
    <link:loc xlink:type="locator" xlink:href="../gsd-cor-2013-12-20.xsd#gsd_NameOfFinancialInstitution" xlink:label="NameOfFinancialInstitution"/>
    <link:label xlink:type="resource" xlink:label="label_NameOfFinancialInstitution" xlink:role="http://www.xbrl.org/2003/role/label" xml:lang="en" id="label_NameOfFinancialInstitution">Name of financial institution</link:label>
    <link:labelArc xlink:type="arc" xlink:arcrole="http://www.xbrl.org/2003/arcrole/concept-label" xlink:from="NameOfFinancialInstitution" xlink:to="label_NameOfFinancialInstitution" order="10.0"/>
    <link:loc xlink:type="locator" xlink:href="../gsd-cor-2013-12-20.xsd#gsd_NameOfLawFirm" xlink:label="NameOfLawFirm"/>
    <link:label xlink:type="resource" xlink:label="label_NameOfLawFirm" xlink:role="http://www.xbrl.org/2003/role/label" xml:lang="en" id="label_NameOfLawFirm">Name of law firm</link:label>
    <link:labelArc xlink:type="arc" xlink:arcrole="http://www.xbrl.org/2003/arcrole/concept-label" xlink:from="NameOfLawFirm" xlink:to="label_NameOfLawFirm" order="10.0"/>
    <link:loc xlink:type="locator" xlink:href="../gsd-cor-2013-12-20.xsd#gsd_NameOfReportingEntity" xlink:label="NameOfReportingEntity"/>
    <link:label xlink:type="resource" xlink:label="label_NameOfReportingEntity" xlink:role="http://www.xbrl.org/2003/role/label" xml:lang="en" id="label_NameOfReportingEntity">Name of reporting entity</link:label>
    <link:labelArc xlink:type="arc" xlink:arcrole="http://www.xbrl.org/2003/arcrole/concept-label" xlink:from="NameOfReportingEntity" xlink:to="label_NameOfReportingEntity" order="10.0"/>
    <link:loc xlink:type="locator" xlink:href="../gsd-cor-2013-12-20.xsd#gsd_NameOfSubmittingEnterprise" xlink:label="NameOfSubmittingEnterprise"/>
    <link:label xlink:type="resource" xlink:label="label_NameOfSubmittingEnterprise" xlink:role="http://www.xbrl.org/2003/role/label" xml:lang="en" id="label_NameOfSubmittingEnterprise">Name of submitting enterprise</link:label>
    <link:labelArc xlink:type="arc" xlink:arcrole="http://www.xbrl.org/2003/arcrole/concept-label" xlink:from="NameOfSubmittingEnterprise" xlink:to="label_NameOfSubmittingEnterprise" order="10.0"/>
    <link:loc xlink:type="locator" xlink:href="../gsd-cor-2013-12-20.xsd#gsd_RegisteredOfficeOfReportingEntity" xlink:label="RegisteredOfficeOfReportingEntity"/>
    <link:label xlink:type="resource" xlink:label="label_RegisteredOfficeOfReportingEntity" xlink:role="http://www.xbrl.org/2003/role/label" xml:lang="en" id="label_RegisteredOfficeOfReportingEntity">Registered office of reporting entity</link:label>
    <link:labelArc xlink:type="arc" xlink:arcrole="http://www.xbrl.org/2003/arcrole/concept-label" xlink:from="RegisteredOfficeOfReportingEntity" xlink:to="label_RegisteredOfficeOfReportingEntity" order="10.0"/>
    <link:loc xlink:type="locator" xlink:href="../gsd-cor-2013-12-20.xsd#gsd_ReportingPeriodEndDate" xlink:label="ReportingPeriodEndDate"/>
    <link:label xlink:type="resource" xlink:label="label_ReportingPeriodEndDate" xlink:role="http://www.xbrl.org/2003/role/label" xml:lang="en" id="label_ReportingPeriodEndDate">Reporting period end date</link:label>
    <link:labelArc xlink:type="arc" xlink:arcrole="http://www.xbrl.org/2003/arcrole/concept-label" xlink:from="ReportingPeriodEndDate" xlink:to="label_ReportingPeriodEndDate" order="10.0"/>
    <link:loc xlink:type="locator" xlink:href="../gsd-cor-2013-12-20.xsd#gsd_ReportingPeriodStartDate" xlink:label="ReportingPeriodStartDate"/>
    <link:label xlink:type="resource" xlink:label="label_ReportingPeriodStartDate" xlink:role="http://www.xbrl.org/2003/role/label" xml:lang="en" id="label_ReportingPeriodStartDate">Reporting period start date</link:label>
    <link:labelArc xlink:type="arc" xlink:arcrole="http://www.xbrl.org/2003/arcrole/concept-label" xlink:from="ReportingPeriodStartDate" xlink:to="label_ReportingPeriodStartDate" order="10.0"/>
    <link:loc xlink:type="locator" xlink:href="../gsd-cor-2013-12-20.xsd#gsd_TelephoneNumberOfAuditor" xlink:label="TelephoneNumberOfAuditor"/>
    <link:label xlink:type="resource" xlink:label="label_TelephoneNumberOfAuditor" xlink:role="http://www.xbrl.org/2003/role/label" xml:lang="en" id="label_TelephoneNumberOfAuditor">Telephone number of auditor</link:label>
    <link:labelArc xlink:type="arc" xlink:arcrole="http://www.xbrl.org/2003/arcrole/concept-label" xlink:from="TelephoneNumberOfAuditor" xlink:to="label_TelephoneNumberOfAuditor" order="10.0"/>
    <link:loc xlink:type="locator" xlink:href="../gsd-cor-2013-12-20.xsd#gsd_TelephoneNumberOfReportingEntity" xlink:label="TelephoneNumberOfReportingEntity"/>
    <link:label xlink:type="resource" xlink:label="label_TelephoneNumberOfReportingEntity" xlink:role="http://www.xbrl.org/2003/role/label" xml:lang="en" id="label_TelephoneNumberOfReportingEntity">Telephone number of reporting entity</link:label>
    <link:labelArc xlink:type="arc" xlink:arcrole="http://www.xbrl.org/2003/arcrole/concept-label" xlink:from="TelephoneNumberOfReportingEntity" xlink:to="label_TelephoneNumberOfReportingEntity" order="10.0"/>
    <link:loc xlink:type="locator" xlink:href="../gsd-cor-2013-12-20.xsd#gsd_DetailsOnMembersOfExecutiveBoardHypercube" xlink:label="DetailsOnMembersOfExecutiveBoardHypercube"/>
    <link:label xlink:type="resource" xlink:label="label_DetailsOnMembersOfExecutiveBoardHypercube" xlink:role="http://www.xbrl.org/2003/role/label" xml:lang="en" id="label_DetailsOnMembersOfExecutiveBoardHypercube">Details on members of executive board [table]</link:label>
    <link:labelArc xlink:type="arc" xlink:arcrole="http://www.xbrl.org/2003/arcrole/concept-label" xlink:from="DetailsOnMembersOfExecutiveBoardHypercube" xlink:to="label_DetailsOnMembersOfExecutiveBoardHypercube" order="10.0"/>
    <link:loc xlink:type="locator" xlink:href="../gsd-cor-2013-12-20.xsd#gsd_DetailsOnMembersOfSupervisoryBoardHypercube" xlink:label="DetailsOnMembersOfSupervisoryBoardHypercube"/>
    <link:label xlink:type="resource" xlink:label="label_DetailsOnMembersOfSupervisoryBoardHypercube" xlink:role="http://www.xbrl.org/2003/role/label" xml:lang="en" id="label_DetailsOnMembersOfSupervisoryBoardHypercube">Details on members of supervisory board [table]</link:label>
    <link:labelArc xlink:type="arc" xlink:arcrole="http://www.xbrl.org/2003/arcrole/concept-label" xlink:from="DetailsOnMembersOfSupervisoryBoardHypercube" xlink:to="label_DetailsOnMembersOfSupervisoryBoardHypercube" order="10.0"/>
    <link:loc xlink:type="locator" xlink:href="../gsd-cor-2013-12-20.xsd#gsd_DetailsOnMembersOfExecutiveBoardAbstract" xlink:label="DetailsOnMembersOfExecutiveBoardAbstract"/>
    <link:label xlink:type="resource" xlink:label="label_DetailsOnMembersOfExecutiveBoardAbstract" xlink:role="http://www.xbrl.org/2003/role/label" xml:lang="en" id="label_DetailsOnMembersOfExecutiveBoardAbstract">Details on members of executive board [abstract]</link:label>
    <link:labelArc xlink:type="arc" xlink:arcrole="http://www.xbrl.org/2003/arcrole/concept-label" xlink:from="DetailsOnMembersOfExecutiveBoardAbstract" xlink:to="label_DetailsOnMembersOfExecutiveBoardAbstract" order="10.0"/>
    <link:loc xlink:type="locator" xlink:href="../gsd-cor-2013-12-20.xsd#gsd_DetailsOnMembersOfSupervisoryBoardAbstract" xlink:label="DetailsOnMembersOfSupervisoryBoardAbstract"/>
    <link:label xlink:type="resource" xlink:label="label_DetailsOnMembersOfSupervisoryBoardAbstract" xlink:role="http://www.xbrl.org/2003/role/label" xml:lang="en" id="label_DetailsOnMembersOfSupervisoryBoardAbstract">Details on members of supervisory board [abstract]</link:label>
    <link:labelArc xlink:type="arc" xlink:arcrole="http://www.xbrl.org/2003/arcrole/concept-label" xlink:from="DetailsOnMembersOfSupervisoryBoardAbstract" xlink:to="label_DetailsOnMembersOfSupervisoryBoardAbstract" order="10.0"/>
    <link:loc xlink:type="locator" xlink:href="../gsd-cor-2013-12-20.xsd#gsd_IdentificationNumberCvrOfFinancialInstitution" xlink:label="IdentificationNumberCvrOfFinancialInstitution"/>
    <link:label xlink:type="resource" xlink:label="label_IdentificationNumberCvrOfFinancialInstitution" xlink:role="http://www.xbrl.org/2003/role/label" xml:lang="en" id="label_IdentificationNumberCvrOfFinancialInstitution">Identification number [CVR] of financial institution</link:label>
    <link:labelArc xlink:type="arc" xlink:arcrole="http://www.xbrl.org/2003/arcrole/concept-label" xlink:from="IdentificationNumberCvrOfFinancialInstitution" xlink:to="label_IdentificationNumberCvrOfFinancialInstitution" order="10.0"/>
    <link:loc xlink:type="locator" xlink:href="../gsd-cor-2013-12-20.xsd#gsd_IdentificationNumberCvrOfLawFirm" xlink:label="IdentificationNumberCvrOfLawFirm"/>
    <link:label xlink:type="resource" xlink:label="label_IdentificationNumberCvrOfLawFirm" xlink:role="http://www.xbrl.org/2003/role/label" xml:lang="en" id="label_IdentificationNumberCvrOfLawFirm">Identification number [CVR] of law firm</link:label>
    <link:labelArc xlink:type="arc" xlink:arcrole="http://www.xbrl.org/2003/arcrole/concept-label" xlink:from="IdentificationNumberCvrOfLawFirm" xlink:to="label_IdentificationNumberCvrOfLawFirm" order="10.0"/>
    <link:loc xlink:type="locator" xlink:href="../gsd-cor-2013-12-20.xsd#gsd_IdentificationNumberPnrOfLawFirm" xlink:label="IdentificationNumberPnrOfLawFirm"/>
    <link:label xlink:type="resource" xlink:label="label_IdentificationNumberPnrOfLawFirm" xlink:role="http://www.xbrl.org/2003/role/label" xml:lang="en" id="label_IdentificationNumberPnrOfLawFirm">Identification number [PNR] of law firm</link:label>
    <link:labelArc xlink:type="arc" xlink:arcrole="http://www.xbrl.org/2003/arcrole/concept-label" xlink:from="IdentificationNumberPnrOfLawFirm" xlink:to="label_IdentificationNumberPnrOfLawFirm" order="10.0"/>
    <link:loc xlink:type="locator" xlink:href="../gsd-cor-2013-12-20.xsd#gsd_IdentificationNumberCprOfChairmanOfGeneralMeeting" xlink:label="IdentificationNumberCprOfChairmanOfGeneralMeeting"/>
    <link:label xlink:type="resource" xlink:label="label_IdentificationNumberCprOfChairmanOfGeneralMeeting" xlink:role="http://www.xbrl.org/2003/role/label" xml:lang="en" id="label_IdentificationNumberCprOfChairmanOfGeneralMeeting">Identification number [CPR] of chairman of general meeting</link:label>
    <link:labelArc xlink:type="arc" xlink:arcrole="http://www.xbrl.org/2003/arcrole/concept-label" xlink:from="IdentificationNumberCprOfChairmanOfGeneralMeeting" xlink:to="label_IdentificationNumberCprOfChairmanOfGeneralMeeting" order="10.0"/>
    <link:loc xlink:type="locator" xlink:href="../gsd-cor-2013-12-20.xsd#gsd_IdentificationNumberPnrOfAuditFirm" xlink:label="IdentificationNumberPnrOfAuditFirm"/>
    <link:label xlink:type="resource" xlink:label="label_IdentificationNumberPnrOfAuditFirm" xlink:role="http://www.xbrl.org/2003/role/label" xml:lang="en" id="label_IdentificationNumberPnrOfAuditFirm">Identification number [PNR] of audit firm</link:label>
    <link:labelArc xlink:type="arc" xlink:arcrole="http://www.xbrl.org/2003/arcrole/concept-label" xlink:from="IdentificationNumberPnrOfAuditFirm" xlink:to="label_IdentificationNumberPnrOfAuditFirm" order="10.0"/>
  </link:labelLink>
</link:linkbase>
