<?xml version="1.0" encoding="UTF-8"?>
<!-- Generated by Fujitsu Interstage XWand B0166 -->
<?officialURI http://archprod.service.eogs.dk/taxonomy/20131220/arr/full_arr/arr_1NN.NN_2013-12-20/gla_arr_2013-12-20_role-1NN.NN.xml?>

<?taxonomy-version 0.0.10?>

<link:linkbase xmlns:xsi="http://www.w3.org/2001/XMLSchema-instance" xsi:schemaLocation="http://www.xbrl.org/2003/linkbase http://www.xbrl.org/2003/xbrl-linkbase-2003-12-31.xsd http://xbrl.org/2008/label http://www.xbrl.org/2008/generic-label.xsd http://xbrl.org/2008/generic http://www.xbrl.org/2008/generic-link.xsd" xmlns:gen="http://xbrl.org/2008/generic" xmlns:link="http://www.xbrl.org/2003/linkbase" xmlns:xlink="http://www.w3.org/1999/xlink" xmlns:label="http://xbrl.org/2008/label">
  <link:roleRef roleURI="http://www.xbrl.org/2008/role/label" xlink:type="simple" xlink:href="http://www.xbrl.org/2008/generic-label.xsd#standard-label"/>
  <link:roleRef roleURI="http://www.xbrl.org/2008/role/link" xlink:type="simple" xlink:href="http://www.xbrl.org/2008/generic-link.xsd#standard-link-role"/>
  <link:arcroleRef arcroleURI="http://xbrl.org/arcrole/2008/element-label" xlink:type="simple" xlink:href="http://www.xbrl.org/2008/generic-label.xsd#element-label"/>
  <gen:link xlink:type="extended" xlink:role="http://www.xbrl.org/2008/role/link">
    <link:loc xlink:type="locator" xlink:href="rol_arr_1NN.NN_2013-12-20.xsd#arr_10000_AuditorsReports" xlink:label="roleType"/>
    <label:label xlink:type="resource" xlink:label="label" xlink:role="http://www.xbrl.org/2008/role/label" xml:lang="en">[100.00] Auditor's reports</label:label>
    <gen:arc xlink:type="arc" xlink:arcrole="http://xbrl.org/arcrole/2008/element-label" xlink:from="roleType" xlink:to="label" order="10.0"/>
    <label:label xlink:type="resource" xlink:label="label_2" xlink:role="http://www.xbrl.org/2008/role/label" xml:lang="da">[100.00] Revisors erklæringer</label:label>
    <gen:arc xlink:type="arc" xlink:arcrole="http://xbrl.org/arcrole/2008/element-label" xlink:from="roleType" xlink:to="label_2" order="20.0"/>
    <link:loc xlink:type="locator" xlink:href="rol_arr_1NN.NN_2013-12-20.xsd#arr_10000_AuditorsReportsDetails" xlink:label="roleType_2"/>
    <label:label xlink:type="resource" xlink:label="label_3" xlink:role="http://www.xbrl.org/2008/role/label" xml:lang="en">[100.00] Auditor's reports - Details</label:label>
    <gen:arc xlink:type="arc" xlink:arcrole="http://xbrl.org/arcrole/2008/element-label" xlink:from="roleType_2" xlink:to="label_3" order="10.0"/>
    <label:label xlink:type="resource" xlink:label="label_4" xlink:role="http://www.xbrl.org/2008/role/label" xml:lang="da">[100.00] Revisors erklæringer - Detaljer</label:label>
    <gen:arc xlink:type="arc" xlink:arcrole="http://xbrl.org/arcrole/2008/element-label" xlink:from="roleType_2" xlink:to="label_4" order="20.0"/>
    <link:loc xlink:type="locator" xlink:href="rol_arr_1NN.NN_2013-12-20.xsd#arr_10001_HypercubeAuditorsReportsDetailsOnSignatureOfAuditorsAppointedToPerformAudit" xlink:label="roleType_3"/>
    <label:label xlink:type="resource" xlink:label="label_5" xlink:role="http://www.xbrl.org/2008/role/label" xml:lang="en">[100.01] Hypercube [Auditor's reports] - Details on signature of auditors appointed to perform audit</label:label>
    <gen:arc xlink:type="arc" xlink:arcrole="http://xbrl.org/arcrole/2008/element-label" xlink:from="roleType_3" xlink:to="label_5" order="10.0"/>
    <label:label xlink:type="resource" xlink:label="label_6" xlink:role="http://www.xbrl.org/2008/role/label" xml:lang="da">[100.01] Hypercube [Revisors erklæringer] - Detaljer om den valgte revisors underskrift (revision)</label:label>
    <gen:arc xlink:type="arc" xlink:arcrole="http://xbrl.org/arcrole/2008/element-label" xlink:from="roleType_3" xlink:to="label_6" order="20.0"/>
    <link:loc xlink:type="locator" xlink:href="rol_arr_1NN.NN_2013-12-20.xsd#arr_10001_HypercubeAuditorsReportsDetailsOnSignatureOfAuditorsAppointedToPerformAudit" xlink:label="roleType_9"/>
    <label:label xlink:type="resource" xlink:label="label_17" xlink:role="http://www.xbrl.org/2008/role/label" xml:lang="en">[101.01] Hypercube [Auditor's reports, from 2010-12-15] - Details on signature of auditors</label:label>
    <gen:arc xlink:type="arc" xlink:arcrole="http://xbrl.org/arcrole/2008/element-label" xlink:from="roleType_9" xlink:to="label_17" order="10.0"/>
    <label:label xlink:type="resource" xlink:label="label_18" xlink:role="http://www.xbrl.org/2008/role/label" xml:lang="da">[101.01] Hypercube [Revisors erklæringer, fra 2010-12-15] - Detaljer om revisors underskrift</label:label>
    <gen:arc xlink:type="arc" xlink:arcrole="http://xbrl.org/arcrole/2008/element-label" xlink:from="roleType_9" xlink:to="label_18" order="20.0"/>
    <link:loc xlink:type="locator" xlink:href="rol_arr_1NN.NN_2013-12-20.xsd#arr_10002_HypercubeAuditorsReportsDetailsOnSignatureOfAuditorsAppointedToPerformReview" xlink:label="roleType_4"/>
    <label:label xlink:type="resource" xlink:label="label_7" xlink:role="http://www.xbrl.org/2008/role/label" xml:lang="en">[100.02] Hypercube [Auditor's reports] - Details on signature of auditors appointed to perform review</label:label>
    <gen:arc xlink:type="arc" xlink:arcrole="http://xbrl.org/arcrole/2008/element-label" xlink:from="roleType_4" xlink:to="label_7" order="10.0"/>
    <label:label xlink:type="resource" xlink:label="label_8" xlink:role="http://www.xbrl.org/2008/role/label" xml:lang="da">[100.02] Hypercube [Revisors erklæringer] - Detaljer om den valgte revisors underskrift (review)</label:label>
    <gen:arc xlink:type="arc" xlink:arcrole="http://xbrl.org/arcrole/2008/element-label" xlink:from="roleType_4" xlink:to="label_8" order="20.0"/>
    <link:loc xlink:type="locator" xlink:href="rol_arr_1NN.NN_2013-12-20.xsd#arr_10003_HypercubeAuditorsReportsDetailsOnSignatureOfAuditorsAppointedToPerformAssuranceEngagement" xlink:label="roleType_5"/>
    <label:label xlink:type="resource" xlink:label="label_9" xlink:role="http://www.xbrl.org/2008/role/label" xml:lang="en">[100.03] Hypercube [Auditor's reports] - Details on signature of auditors appointed to perform assurance engagement</label:label>
    <gen:arc xlink:type="arc" xlink:arcrole="http://xbrl.org/arcrole/2008/element-label" xlink:from="roleType_5" xlink:to="label_9" order="10.0"/>
    <label:label xlink:type="resource" xlink:label="label_10" xlink:role="http://www.xbrl.org/2008/role/label" xml:lang="da">[100.03] Hypercube [Revisors erklæringer] - Detaljer om den valgte revisors underskrift (andre erklæringer med sikkerhed)</label:label>
    <gen:arc xlink:type="arc" xlink:arcrole="http://xbrl.org/arcrole/2008/element-label" xlink:from="roleType_5" xlink:to="label_10" order="20.0"/>
    <link:loc xlink:type="locator" xlink:href="rol_arr_1NN.NN_2013-12-20.xsd#arr_10004_HypercubeAuditorsReportsDetailsOnSignatureOfAuditorsAppointedToPerformOtherReport" xlink:label="roleType_6"/>
    <label:label xlink:type="resource" xlink:label="label_11" xlink:role="http://www.xbrl.org/2008/role/label" xml:lang="en">[100.04] Hypercube [Auditor's reports] - Details on signature of auditors appointed to perform other engagement</label:label>
    <gen:arc xlink:type="arc" xlink:arcrole="http://xbrl.org/arcrole/2008/element-label" xlink:from="roleType_6" xlink:to="label_11" order="10.0"/>
    <label:label xlink:type="resource" xlink:label="label_12" xlink:role="http://www.xbrl.org/2008/role/label" xml:lang="da">[100.04] Hypercube [Revisors erklæringer] - Detaljer om den valgte revisors underskrift (andre erklæringer uden sikkerhed)</label:label>
    <gen:arc xlink:type="arc" xlink:arcrole="http://xbrl.org/arcrole/2008/element-label" xlink:from="roleType_6" xlink:to="label_12" order="20.0"/>
    <link:loc xlink:type="locator" xlink:href="rol_arr_1NN.NN_2013-12-20.xsd#arr_10100_AuditorsReportsFrom20101215" xlink:label="roleType_7"/>
    <label:label xlink:type="resource" xlink:label="label_13" xlink:role="http://www.xbrl.org/2008/role/label" xml:lang="en">[101.00] Auditor's reports, from 2010-12-15</label:label>
    <gen:arc xlink:type="arc" xlink:arcrole="http://xbrl.org/arcrole/2008/element-label" xlink:from="roleType_7" xlink:to="label_13" order="10.0"/>
    <label:label xlink:type="resource" xlink:label="label_14" xlink:role="http://www.xbrl.org/2008/role/label" xml:lang="da">[101.00] Revisors erklæringer, fra 2010-12-15</label:label>
    <gen:arc xlink:type="arc" xlink:arcrole="http://xbrl.org/arcrole/2008/element-label" xlink:from="roleType_7" xlink:to="label_14" order="20.0"/>
    <link:loc xlink:type="locator" xlink:href="rol_arr_1NN.NN_2013-12-20.xsd#arr_10100_AuditorsReportsFrom20101215Details" xlink:label="roleType_8"/>
    <label:label xlink:type="resource" xlink:label="label_15" xlink:role="http://www.xbrl.org/2008/role/label" xml:lang="en">[101.00] Auditor's reports, from 2010-12-15 - Details</label:label>
    <gen:arc xlink:type="arc" xlink:arcrole="http://xbrl.org/arcrole/2008/element-label" xlink:from="roleType_8" xlink:to="label_15" order="10.0"/>
    <label:label xlink:type="resource" xlink:label="label_16" xlink:role="http://www.xbrl.org/2008/role/label" xml:lang="da">[101.00] Revisors erklæringer, fra 2010-12-15 - Detaljer</label:label>
    <gen:arc xlink:type="arc" xlink:arcrole="http://xbrl.org/arcrole/2008/element-label" xlink:from="roleType_8" xlink:to="label_16" order="20.0"/>
  </gen:link>
</link:linkbase>
