<?xml version="1.0" encoding="UTF-8"?>
<!-- Generated by Fujitsu Interstage XWand B0166 -->
<?officialURI http://archprod.service.eogs.dk/taxonomy/20131220/arr/full_arr/arr_1NN.NN_2013-12-20/pre_arr_2013-12-20_role-101.00.xml?>

<?taxonomy-version 0.0.10?>

<link:linkbase xmlns:xsi="http://www.w3.org/2001/XMLSchema-instance" xsi:schemaLocation="http://www.xbrl.org/2003/linkbase http://www.xbrl.org/2003/xbrl-linkbase-2003-12-31.xsd" xmlns:link="http://www.xbrl.org/2003/linkbase" xmlns:xbrldt="http://xbrl.org/2005/xbrldt" xmlns:xbrli="http://www.xbrl.org/2003/instance" xmlns:xlink="http://www.w3.org/1999/xlink">
  <link:roleRef roleURI="http://xbrl.dcca.dk/role/101.00/AuditorsReportsFrom20101215" xlink:type="simple" xlink:href="rol_arr_1NN.NN_2013-12-20.xsd#arr_10100_AuditorsReportsFrom20101215"/>
  <link:presentationLink xlink:type="extended" xlink:role="http://xbrl.dcca.dk/role/101.00/AuditorsReportsFrom20101215">
    <link:loc xlink:type="locator" xlink:href="../../arr-cor_2013-12-20.xsd#arr_AuditorsReportsAbstract" xlink:label="AuditorsReportsAbstract"/>
    <link:loc xlink:type="locator" xlink:href="../../arr-cor_2013-12-20.xsd#arr_AuditorsReportOnAuditedFinancialStatements" xlink:label="AuditorsReportOnAuditedFinancialStatements"/>
    <link:presentationArc xlink:type="arc" xlink:arcrole="http://www.xbrl.org/2003/arcrole/parent-child" xlink:from="AuditorsReportsAbstract" xlink:to="AuditorsReportOnAuditedFinancialStatements" order="20.0"/>
    <link:loc xlink:type="locator" xlink:href="../../arr-cor_2013-12-20.xsd#arr_IndependentAuditorsReportsAudit" xlink:label="IndependentAuditorsReportsAudit"/>
    <link:presentationArc xlink:type="arc" xlink:arcrole="http://www.xbrl.org/2003/arcrole/parent-child" xlink:from="AuditorsReportOnAuditedFinancialStatements" xlink:to="IndependentAuditorsReportsAudit" order="1.0"/>
    <link:loc xlink:type="locator" xlink:href="../../arr-cor_2013-12-20.xsd#arr_AddresseeOfAuditorsReportOnAuditedFinancialStatements" xlink:label="AddresseeOfAuditorsReportOnAuditedFinancialStatements"/>
    <link:presentationArc xlink:type="arc" xlink:arcrole="http://www.xbrl.org/2003/arcrole/parent-child" xlink:from="IndependentAuditorsReportsAudit" xlink:to="AddresseeOfAuditorsReportOnAuditedFinancialStatements" order="1.0"/>
    <link:loc xlink:type="locator" xlink:href="../../arr-cor_2013-12-20.xsd#arr_AuditorsReportOnFinancialStatements" xlink:label="AuditorsReportOnFinancialStatements"/>
    <link:presentationArc xlink:type="arc" xlink:arcrole="http://www.xbrl.org/2003/arcrole/parent-child" xlink:from="IndependentAuditorsReportsAudit" xlink:to="AuditorsReportOnFinancialStatements" order="2.0"/>
    <link:loc xlink:type="locator" xlink:href="../../arr-cor_2013-12-20.xsd#arr_IdentificationOfAuditedFinancialStatements" xlink:label="IdentificationOfAuditedFinancialStatements"/>
    <link:presentationArc xlink:type="arc" xlink:arcrole="http://www.xbrl.org/2003/arcrole/parent-child" xlink:from="AuditorsReportOnFinancialStatements" xlink:to="IdentificationOfAuditedFinancialStatements" order="1.0"/>
    <link:loc xlink:type="locator" xlink:href="../../arr-cor_2013-12-20.xsd#arr_StatementOfExecutiveAndSupervisoryBoardsResponsibilityForFinancialStatements" xlink:label="StatementOfExecutiveAndSupervisoryBoardsResponsibilityForFinancialStatements"/>
    <link:presentationArc xlink:type="arc" xlink:arcrole="http://www.xbrl.org/2003/arcrole/parent-child" xlink:from="AuditorsReportOnFinancialStatements" xlink:to="StatementOfExecutiveAndSupervisoryBoardsResponsibilityForFinancialStatements" order="2.0"/>
    <link:loc xlink:type="locator" xlink:href="../../arr-cor_2013-12-20.xsd#arr_StatementOfAuditorsResponsibilityForAuditAndAuditPerformed" xlink:label="StatementOfAuditorsResponsibilityForAuditAndAuditPerformed"/>
    <link:presentationArc xlink:type="arc" xlink:arcrole="http://www.xbrl.org/2003/arcrole/parent-child" xlink:from="AuditorsReportOnFinancialStatements" xlink:to="StatementOfAuditorsResponsibilityForAuditAndAuditPerformed" order="3.0"/>
    <link:loc xlink:type="locator" xlink:href="../../arr-cor_2013-12-20.xsd#arr_DescriptionOfQualificationsOfAuditedFinancialStatements" xlink:label="DescriptionOfQualificationsOfAuditedFinancialStatements"/>
    <link:presentationArc xlink:type="arc" xlink:arcrole="http://www.xbrl.org/2003/arcrole/parent-child" xlink:from="AuditorsReportOnFinancialStatements" xlink:to="DescriptionOfQualificationsOfAuditedFinancialStatements" order="4.0"/>
    <link:loc xlink:type="locator" xlink:href="../../arr-cor_2013-12-20.xsd#arr_TypeOfBasisForModifiedOpinionOnAuditedFinancialStatements" xlink:label="TypeOfBasisForModifiedOpinionOnAuditedFinancialStatements" xlink:title="TypeOfBasisForModifiedOpinionOnAuditedFinancialStatements"/>
    <link:presentationArc xlink:type="arc" xlink:arcrole="http://www.xbrl.org/2003/arcrole/parent-child" xlink:from="DescriptionOfQualificationsOfAuditedFinancialStatements" xlink:to="TypeOfBasisForModifiedOpinionOnAuditedFinancialStatements" xlink:title="presentation: DescriptionOfQualificationsOfAuditedFinancialStatements to TypeOfBasisForModifiedOpinionOnAuditedFinancialStatements" order="1.0"/>
    <link:loc xlink:type="locator" xlink:href="../../arr-cor_2013-12-20.xsd#arr_OpinionOnAuditedFinancialStatements" xlink:label="OpinionOnAuditedFinancialStatements"/>
    <link:presentationArc xlink:type="arc" xlink:arcrole="http://www.xbrl.org/2003/arcrole/parent-child" xlink:from="AuditorsReportOnFinancialStatements" xlink:to="OpinionOnAuditedFinancialStatements" order="5.0"/>
    <link:loc xlink:type="locator" xlink:href="../../arr-cor_2013-12-20.xsd#arr_TypeOfModifiedOpinionOnAuditedFinancialStatements" xlink:label="TypeOfModifiedOpinionOnAuditedFinancialStatements" xlink:title="TypeOfModifiedOpinionOnAuditedFinancialStatements"/>
    <link:presentationArc xlink:type="arc" xlink:arcrole="http://www.xbrl.org/2003/arcrole/parent-child" xlink:from="OpinionOnAuditedFinancialStatements" xlink:to="TypeOfModifiedOpinionOnAuditedFinancialStatements" xlink:title="presentation: OpinionOnAuditedFinancialStatements to TypeOfModifiedOpinionOnAuditedFinancialStatements" order="1.0"/>
    <link:loc xlink:type="locator" xlink:href="../../arr-cor_2013-12-20.xsd#arr_StatementWhetherQualificationsOfAuditedFinancialStatementsAreOfSuchDecisiveImportanceThatAnnualGeneralMeetingShouldNotApproveFinancialStatements" xlink:label="StatementWhetherQualificationsOfAuditedFinancialStatementsAreOfSuchDecisiveImportanceThatAnnualGeneralMeetingShouldNotApproveFinancialStatements"/>
    <link:presentationArc xlink:type="arc" xlink:arcrole="http://www.xbrl.org/2003/arcrole/parent-child" xlink:from="AuditorsReportOnFinancialStatements" xlink:to="StatementWhetherQualificationsOfAuditedFinancialStatementsAreOfSuchDecisiveImportanceThatAnnualGeneralMeetingShouldNotApproveFinancialStatements" order="6.0"/>
    <link:loc xlink:type="locator" xlink:href="../../arr-cor_2013-12-20.xsd#arr_SupplementaryInformationOnMattersPertainingToAuditedFinancialStatement" xlink:label="SupplementaryInformationOnMattersPertainingToAuditedFinancialStatement"/>
    <link:presentationArc xlink:type="arc" xlink:arcrole="http://www.xbrl.org/2003/arcrole/parent-child" xlink:from="AuditorsReportOnFinancialStatements" xlink:to="SupplementaryInformationOnMattersPertainingToAuditedFinancialStatement" order="7.0"/>
    <link:loc xlink:type="locator" xlink:href="../../arr-cor_2013-12-20.xsd#arr_SupplementaryInformationOnAudit" xlink:label="SupplementaryInformationOnAudit"/>
    <link:presentationArc xlink:type="arc" xlink:arcrole="http://www.xbrl.org/2003/arcrole/parent-child" xlink:from="AuditorsReportOnFinancialStatements" xlink:to="SupplementaryInformationOnAudit" order="8.0"/>
    <link:loc xlink:type="locator" xlink:href="../../arr-cor_2013-12-20.xsd#arr_AuditorsReportsAccordingToOtherLegislationAndRegulation" xlink:label="AuditorsReportsAccordingToOtherLegislationAndRegulation"/>
    <link:presentationArc xlink:type="arc" xlink:arcrole="http://www.xbrl.org/2003/arcrole/parent-child" xlink:from="IndependentAuditorsReportsAudit" xlink:to="AuditorsReportsAccordingToOtherLegislationAndRegulation" use="optional" order="3.0"/>
    <link:loc xlink:type="locator" xlink:href="../../arr-cor_2013-12-20.xsd#arr_SupplementaryInformationOnOtherMatters" xlink:label="SupplementaryInformationOnOtherMatters"/>
    <link:presentationArc xlink:type="arc" xlink:arcrole="http://www.xbrl.org/2003/arcrole/parent-child" xlink:from="AuditorsReportsAccordingToOtherLegislationAndRegulation" xlink:to="SupplementaryInformationOnOtherMatters" order="1.0"/>
    <link:loc xlink:type="locator" xlink:href="../../arr-cor_2013-12-20.xsd#arr_StatementOnManagementsReviewAuditorsReportOnAuditedFinancialStatements" xlink:label="StatementOnManagementsReviewAuditorsReportOnAuditedFinancialStatements"/>
    <link:presentationArc xlink:type="arc" xlink:arcrole="http://www.xbrl.org/2003/arcrole/parent-child" xlink:from="AuditorsReportsAccordingToOtherLegislationAndRegulation" xlink:to="StatementOnManagementsReviewAuditorsReportOnAuditedFinancialStatements" order="2.0"/>
    <link:loc xlink:type="locator" xlink:href="../../arr-cor_2013-12-20.xsd#arr_OtherReportsAuditorsReport" xlink:label="OtherReportsAuditorsReport"/>
    <link:presentationArc xlink:type="arc" xlink:arcrole="http://www.xbrl.org/2003/arcrole/parent-child" xlink:from="AuditorsReportsAccordingToOtherLegislationAndRegulation" xlink:to="OtherReportsAuditorsReport" order="3.0"/>
    <link:loc xlink:type="locator" xlink:href="../../arr-cor_2013-12-20.xsd#arr_AuditorsReportOnReviewOfFinancialStatements" xlink:label="AuditorsReportOnReviewOfFinancialStatements"/>
    <link:presentationArc xlink:type="arc" xlink:arcrole="http://www.xbrl.org/2003/arcrole/parent-child" xlink:from="AuditorsReportsAbstract" xlink:to="AuditorsReportOnReviewOfFinancialStatements" use="optional" order="30.0"/>
    <link:loc xlink:type="locator" xlink:href="../../arr-cor_2013-12-20.xsd#arr_IndependentAuditorsReportsReview" xlink:label="IndependentAuditorsReportsReview"/>
    <link:presentationArc xlink:type="arc" xlink:arcrole="http://www.xbrl.org/2003/arcrole/parent-child" xlink:from="AuditorsReportOnReviewOfFinancialStatements" xlink:to="IndependentAuditorsReportsReview" use="optional" order="1.0"/>
    <link:loc xlink:type="locator" xlink:href="../../arr-cor_2013-12-20.xsd#arr_AddresseeOfAuditorsReportOnReviewOfFinancialStatements" xlink:label="AddresseeOfAuditorsReportOnReviewOfFinancialStatements"/>
    <link:presentationArc xlink:type="arc" xlink:arcrole="http://www.xbrl.org/2003/arcrole/parent-child" xlink:from="IndependentAuditorsReportsReview" xlink:to="AddresseeOfAuditorsReportOnReviewOfFinancialStatements" use="optional" order="1.0"/>
    <link:loc xlink:type="locator" xlink:href="../../arr-cor_2013-12-20.xsd#arr_IdentificationOfReviewedFinancialStatement" xlink:label="IdentificationOfReviewedFinancialStatement"/>
    <link:presentationArc xlink:type="arc" xlink:arcrole="http://www.xbrl.org/2003/arcrole/parent-child" xlink:from="IndependentAuditorsReportsReview" xlink:to="IdentificationOfReviewedFinancialStatement" use="optional" order="2.0"/>
    <link:loc xlink:type="locator" xlink:href="../../arr-cor_2013-12-20.xsd#arr_StatementOnManagementsResponsibilityAuditorsReportOnReviewOfFinancialStatements" xlink:label="StatementOnManagementsResponsibilityAuditorsReportOnReviewOfFinancialStatements"/>
    <link:presentationArc xlink:type="arc" xlink:arcrole="http://www.xbrl.org/2003/arcrole/parent-child" xlink:from="IndependentAuditorsReportsReview" xlink:to="StatementOnManagementsResponsibilityAuditorsReportOnReviewOfFinancialStatements" xlink:title="presentation: IndependentAuditorsReportsReview to StatementOnManagementsResponsibilityAuditorsReportOnReviewOfFinancialStatements" use="optional" order="3.0"/>
    <link:loc xlink:type="locator" xlink:href="../../arr-cor_2013-12-20.xsd#arr_StatementOfAuditorsResponsibilityForReview" xlink:label="StatementOfAuditorsResponsibilityForReview"/>
    <link:presentationArc xlink:type="arc" xlink:arcrole="http://www.xbrl.org/2003/arcrole/parent-child" xlink:from="IndependentAuditorsReportsReview" xlink:to="StatementOfAuditorsResponsibilityForReview" xlink:title="presentation: IndependentAuditorsReportsReview to StatementOfAuditorsResponsibilityForReview" use="optional" order="4.0"/>
    <link:loc xlink:type="locator" xlink:href="../../arr-cor_2013-12-20.xsd#arr_StatementOnReviewPerformed" xlink:label="StatementOnReviewPerformed"/>
    <link:presentationArc xlink:type="arc" xlink:arcrole="http://www.xbrl.org/2003/arcrole/parent-child" xlink:from="IndependentAuditorsReportsReview" xlink:to="StatementOnReviewPerformed" xlink:title="presentation: IndependentAuditorsReportsReview to StatementOnReviewPerformed" use="optional" order="5.0"/>
    <link:loc xlink:type="locator" xlink:href="../../arr-cor_2013-12-20.xsd#arr_DescriptionsOfQualificationsOfReviewedFinancialStatements" xlink:label="DescriptionsOfQualificationsOfReviewedFinancialStatements"/>
    <link:presentationArc xlink:type="arc" xlink:arcrole="http://www.xbrl.org/2003/arcrole/parent-child" xlink:from="IndependentAuditorsReportsReview" xlink:to="DescriptionsOfQualificationsOfReviewedFinancialStatements" xlink:title="presentation: IndependentAuditorsReportsReview to DescriptionsOfQualificationsOfReviewedFinancialStatements" use="optional" order="6.0"/>
    <link:loc xlink:type="locator" xlink:href="../../arr-cor_2013-12-20.xsd#arr_OpinionOnReviewedFinancialStatements" xlink:label="OpinionOnReviewedFinancialStatements"/>
    <link:presentationArc xlink:type="arc" xlink:arcrole="http://www.xbrl.org/2003/arcrole/parent-child" xlink:from="IndependentAuditorsReportsReview" xlink:to="OpinionOnReviewedFinancialStatements" xlink:title="presentation: IndependentAuditorsReportsReview to OpinionOnReviewedFinancialStatements" use="optional" order="7.0"/>
    <link:loc xlink:type="locator" xlink:href="../../arr-cor_2013-12-20.xsd#arr_SupplementaryInformationOnAuditorsReview" xlink:label="SupplementaryInformationOnAuditorsReview"/>
    <link:presentationArc xlink:type="arc" xlink:arcrole="http://www.xbrl.org/2003/arcrole/parent-child" xlink:from="IndependentAuditorsReportsReview" xlink:to="SupplementaryInformationOnAuditorsReview" xlink:title="presentation: IndependentAuditorsReportsReview to SupplementaryInformationOnAuditorsReview" use="optional" order="8.0"/>
    <link:loc xlink:type="locator" xlink:href="../../arr-cor_2013-12-20.xsd#arr_AuditorsReportsAccordingToOtherLegislationAndRegulationReview" xlink:label="AuditorsReportsAccordingToOtherLegislationAndRegulationReview" xlink:title="AuditorsReportsAccordingToOtherLegislationAndRegulationReview"/>
    <link:presentationArc xlink:type="arc" xlink:arcrole="http://www.xbrl.org/2003/arcrole/parent-child" xlink:from="AuditorsReportOnReviewOfFinancialStatements" xlink:to="AuditorsReportsAccordingToOtherLegislationAndRegulationReview" xlink:title="presentation: AuditorsReportOnReviewOfFinancialStatements to AuditorsReportsAccordingToOtherLegislationAndRegulationReview" order="2.0"/>
    <link:loc xlink:type="locator" xlink:href="../../arr-cor_2013-12-20.xsd#arr_StatementOnManagementsReviewAuditorsReportOnReviewOfFinancialStatements" xlink:label="StatementOnManagementsReviewAuditorsReportOnReviewOfFinancialStatements"/>
    <link:presentationArc xlink:type="arc" xlink:arcrole="http://www.xbrl.org/2003/arcrole/parent-child" xlink:from="AuditorsReportsAccordingToOtherLegislationAndRegulationReview" xlink:to="StatementOnManagementsReviewAuditorsReportOnReviewOfFinancialStatements" xlink:title="presentation: AuditorsReportsAccordingToOtherLegislationAndRegulationReview to StatementOnManagementsReviewAuditorsReportOnReviewOfFinancialStatements" use="optional" order="1.0"/>
    <link:loc xlink:type="locator" xlink:href="../../arr-cor_2013-12-20.xsd#arr_OtherReportsReview" xlink:label="OtherReportsReview" xlink:title="OtherReportsReview"/>
    <link:presentationArc xlink:type="arc" xlink:arcrole="http://www.xbrl.org/2003/arcrole/parent-child" xlink:from="AuditorsReportsAccordingToOtherLegislationAndRegulationReview" xlink:to="OtherReportsReview" xlink:title="presentation: AuditorsReportsAccordingToOtherLegislationAndRegulationReview to OtherReportsReview" order="2.0"/>
    <link:loc xlink:type="locator" xlink:href="../../arr-cor_2013-12-20.xsd#arr_OtherReports" xlink:label="OtherReports"/>
    <link:presentationArc xlink:type="arc" xlink:arcrole="http://www.xbrl.org/2003/arcrole/parent-child" xlink:from="AuditorsReportsAbstract" xlink:to="OtherReports" use="optional" order="50.0"/>
    <link:loc xlink:type="locator" xlink:href="../../arr-cor_2013-12-20.xsd#arr_AuditorsReportsOtherReports" xlink:label="AuditorsReportsOtherReports"/>
    <link:presentationArc xlink:type="arc" xlink:arcrole="http://www.xbrl.org/2003/arcrole/parent-child" xlink:from="OtherReports" xlink:to="AuditorsReportsOtherReports" use="optional" order="1.0"/>
    <link:loc xlink:type="locator" xlink:href="../../arr-cor_2013-12-20.xsd#arr_DescriptionOfOtherEngagement" xlink:label="DescriptionOfOtherEngagement"/>
    <link:presentationArc xlink:type="arc" xlink:arcrole="http://www.xbrl.org/2003/arcrole/parent-child" xlink:from="AuditorsReportsOtherReports" xlink:to="DescriptionOfOtherEngagement" use="optional" order="20.0"/>
    <link:loc xlink:type="locator" xlink:href="../../arr-cor_2013-12-20.xsd#arr_AddresseeOfAuditorsReportOnOtherReport" xlink:label="AddresseeOfAuditorsReportOnOtherReport" xlink:title="AddresseeOfAuditorsReportOnOtherReport"/>
    <link:presentationArc xlink:type="arc" xlink:arcrole="http://www.xbrl.org/2003/arcrole/parent-child" xlink:from="AuditorsReportsOtherReports" xlink:to="AddresseeOfAuditorsReportOnOtherReport" xlink:title="presentation: AuditorsReportsOtherReports to AddresseeOfAuditorsReportOnOtherReport" order="10.0"/>
    <link:loc xlink:type="locator" xlink:href="../../../cmn.xsd#cmn_CommonTable" xlink:label="CommonTable"/>
    <link:presentationArc xlink:type="arc" xlink:arcrole="http://www.xbrl.org/2003/arcrole/parent-child" xlink:from="AuditorsReportsAbstract" xlink:to="CommonTable" use="optional" priority="0" order="10.0"/>
    <link:loc xlink:type="locator" xlink:href="../../../../ifrs-cor_2011-03-25.xsd#ifrs_ConsolidatedAndSeparateFinancialStatementsAxis" xlink:label="ConsolidatedAndSeparateFinancialStatementsAxis"/>
    <link:presentationArc xlink:type="arc" xlink:arcrole="http://www.xbrl.org/2003/arcrole/parent-child" xlink:from="CommonTable" xlink:to="ConsolidatedAndSeparateFinancialStatementsAxis" order="1.0"/>
    <link:loc xlink:type="locator" xlink:href="../../arr-cor_2013-12-20.xsd#arr_InformationOnSignatureOfAuditors" xlink:label="InformationOnSignatureOfAuditors"/>
    <link:presentationArc xlink:type="arc" xlink:arcrole="http://www.xbrl.org/2003/arcrole/parent-child" xlink:from="AuditorsReportsAbstract" xlink:to="InformationOnSignatureOfAuditors" use="optional" order="60.0"/>
    <link:loc xlink:type="locator" xlink:href="../../arr-cor_2013-12-20.xsd#arr_DetailsOnSignatureAuditorsAbstract" xlink:label="DetailsOnSignatureAuditorsAbstract"/>
    <link:presentationArc xlink:type="arc" xlink:arcrole="http://www.xbrl.org/2003/arcrole/parent-child" xlink:from="InformationOnSignatureOfAuditors" xlink:to="DetailsOnSignatureAuditorsAbstract" use="optional" order="30.0"/>
    <link:loc xlink:type="locator" xlink:href="../../arr-cor_2013-12-20.xsd#arr_DetailsOnSignatureAuditorsHypercube" xlink:label="DetailsOnSignatureAuditorsHypercube"/>
    <link:presentationArc xlink:type="arc" xlink:arcrole="http://www.xbrl.org/2003/arcrole/parent-child" xlink:from="DetailsOnSignatureAuditorsAbstract" xlink:to="DetailsOnSignatureAuditorsHypercube" order="1.0"/>
    <link:loc xlink:type="locator" xlink:href="../../../cmn.xsd#cmn_IdentificationOfAuditorDimension" xlink:label="IdentificationOfAuditorDimension" xlink:title="IdentificationOfAuditorDimension"/>
    <link:presentationArc xlink:type="arc" xlink:arcrole="http://www.xbrl.org/2003/arcrole/parent-child" xlink:from="DetailsOnSignatureAuditorsHypercube" xlink:to="IdentificationOfAuditorDimension" xlink:title="presentation: DetailsOnSignatureAuditorsHypercube to IdentificationOfAuditorDimension" order="1.0"/>
    <link:loc xlink:type="locator" xlink:href="../../../cmn.xsd#cmn_TypeOfAuditorAxis" xlink:label="TypeOfAuditorAxis" xlink:title="TypeOfAuditorAxis"/>
    <link:presentationArc xlink:type="arc" xlink:arcrole="http://www.xbrl.org/2003/arcrole/parent-child" xlink:from="DetailsOnSignatureAuditorsHypercube" xlink:to="TypeOfAuditorAxis" xlink:title="presentation: DetailsOnSignatureAuditorsHypercube to TypeOfAuditorAxis" order="2.0"/>
    <link:loc xlink:type="locator" xlink:href="../../../cmn.xsd#cmn_AllAuditorsMember" xlink:label="AllAuditorsMember" xlink:title="AllAuditorsMember"/>
    <link:presentationArc xlink:type="arc" xlink:arcrole="http://www.xbrl.org/2003/arcrole/parent-child" xlink:from="TypeOfAuditorAxis" xlink:to="AllAuditorsMember" xlink:title="presentation: TypeOfAuditorAxis to AllAuditorsMember" order="1.0"/>
    <link:loc xlink:type="locator" xlink:href="../../../cmn.xsd#cmn_AuditorNotIncludedInAuditorsReportsMember" xlink:label="AuditorNotIncludedInAuditorsReportsMember" xlink:title="AuditorNotIncludedInAuditorsReportsMember"/>
    <link:presentationArc xlink:type="arc" xlink:arcrole="http://www.xbrl.org/2003/arcrole/parent-child" xlink:from="TypeOfAuditorAxis" xlink:to="AuditorNotIncludedInAuditorsReportsMember" xlink:title="presentation: TypeOfAuditorAxis to AuditorNotIncludedInAuditorsReportsMember" order="2.0"/>
    <link:loc xlink:type="locator" xlink:href="../../../cmn.xsd#cmn_IdentificationNumberCprOfAuditor" xlink:label="IdentificationNumberCprOfAuditor_2" xlink:title="IdentificationNumberCprOfAuditor"/>
    <link:presentationArc xlink:type="arc" xlink:arcrole="http://www.xbrl.org/2003/arcrole/parent-child" xlink:from="DetailsOnSignatureAuditorsAbstract" xlink:to="IdentificationNumberCprOfAuditor_2" xlink:title="presentation: DetailsOnSignatureAuditorsAbstract to IdentificationNumberCprOfAuditor" order="8.0"/>
    <link:loc xlink:type="locator" xlink:href="../../../cmn.xsd#cmn_NameAndSurnameOfAuditor" xlink:label="NameAndSurnameOfAuditor_2" xlink:title="NameAndSurnameOfAuditor"/>
    <link:presentationArc xlink:type="arc" xlink:arcrole="http://www.xbrl.org/2003/arcrole/parent-child" xlink:from="DetailsOnSignatureAuditorsAbstract" xlink:to="NameAndSurnameOfAuditor_2" xlink:title="presentation: DetailsOnSignatureAuditorsAbstract to NameAndSurnameOfAuditor" order="9.0"/>
    <link:loc xlink:type="locator" xlink:href="../../../cmn.xsd#cmn_IdentificationNumberCvrOfAuditFirm" xlink:label="IdentificationNumberCvrOfAuditFirm_2" xlink:title="IdentificationNumberCvrOfAuditFirm"/>
    <link:presentationArc xlink:type="arc" xlink:arcrole="http://www.xbrl.org/2003/arcrole/parent-child" xlink:from="DetailsOnSignatureAuditorsAbstract" xlink:to="IdentificationNumberCvrOfAuditFirm_2" xlink:title="presentation: DetailsOnSignatureAuditorsAbstract to IdentificationNumberCvrOfAuditFirm" order="10.0"/>
    <link:loc xlink:type="locator" xlink:href="../../../cmn.xsd#cmn_IdentificationNumberPnrOfAuditFirm" xlink:label="IdentificationNumberPnrOfAuditFirm_2" xlink:title="IdentificationNumberPnrOfAuditFirm"/>
    <link:presentationArc xlink:type="arc" xlink:arcrole="http://www.xbrl.org/2003/arcrole/parent-child" xlink:from="DetailsOnSignatureAuditorsAbstract" xlink:to="IdentificationNumberPnrOfAuditFirm_2" xlink:title="presentation: DetailsOnSignatureAuditorsAbstract to IdentificationNumberPnrOfAuditFirm" order="11.0"/>
    <link:loc xlink:type="locator" xlink:href="../../../cmn.xsd#cmn_NameOfAuditFirm" xlink:label="NameOfAuditFirm_2" xlink:title="NameOfAuditFirm"/>
    <link:presentationArc xlink:type="arc" xlink:arcrole="http://www.xbrl.org/2003/arcrole/parent-child" xlink:from="DetailsOnSignatureAuditorsAbstract" xlink:to="NameOfAuditFirm_2" xlink:title="presentation: DetailsOnSignatureAuditorsAbstract to NameOfAuditFirm" order="12.0"/>
    <link:loc xlink:type="locator" xlink:href="../../../cmn.xsd#cmn_DescriptionOfAuditor" xlink:label="DescriptionOfAuditor_2" xlink:title="DescriptionOfAuditor"/>
    <link:presentationArc xlink:type="arc" xlink:arcrole="http://www.xbrl.org/2003/arcrole/parent-child" xlink:from="DetailsOnSignatureAuditorsAbstract" xlink:to="DescriptionOfAuditor_2" xlink:title="presentation: DetailsOnSignatureAuditorsAbstract to DescriptionOfAuditor" order="13.0"/>
    <link:loc xlink:type="locator" xlink:href="../../arr-cor_2013-12-20.xsd#arr_SignatureOfAuditorsPlace" xlink:label="SignatureOfAuditorsPlace" xlink:title="SignatureOfAuditorsPlace"/>
    <link:presentationArc xlink:type="arc" xlink:arcrole="http://www.xbrl.org/2003/arcrole/parent-child" xlink:from="InformationOnSignatureOfAuditors" xlink:to="SignatureOfAuditorsPlace" xlink:title="presentation: InformationOnSignatureOfAuditors to SignatureOfAuditorsPlace" order="10.0"/>
    <link:loc xlink:type="locator" xlink:href="../../arr-cor_2013-12-20.xsd#arr_SignatureOfAuditorsDate" xlink:label="SignatureOfAuditorsDate" xlink:title="SignatureOfAuditorsDate"/>
    <link:presentationArc xlink:type="arc" xlink:arcrole="http://www.xbrl.org/2003/arcrole/parent-child" xlink:from="InformationOnSignatureOfAuditors" xlink:to="SignatureOfAuditorsDate" xlink:title="presentation: InformationOnSignatureOfAuditors to SignatureOfAuditorsDate" order="20.0"/>
    <link:loc xlink:type="locator" xlink:href="../../arr-cor_2013-12-20.xsd#arr_OtherAssuranceReports" xlink:label="OtherAssuranceReports"/>
    <link:presentationArc xlink:type="arc" xlink:arcrole="http://www.xbrl.org/2003/arcrole/parent-child" xlink:from="AuditorsReportsAbstract" xlink:to="OtherAssuranceReports" xlink:title="presentation: AuditorsReportsAbstract to OtherAssuranceReports" use="optional" order="40.0"/>
    <link:loc xlink:type="locator" xlink:href="../../arr-cor_2013-12-20.xsd#arr_IndependentAuditorsReportsOtherAssuranceReports" xlink:label="IndependentAuditorsReportsOtherAssuranceReports"/>
    <link:presentationArc xlink:type="arc" xlink:arcrole="http://www.xbrl.org/2003/arcrole/parent-child" xlink:from="OtherAssuranceReports" xlink:to="IndependentAuditorsReportsOtherAssuranceReports" xlink:title="presentation: OtherAssuranceReports to IndependentAuditorsReportsOtherAssuranceReports" use="optional" order="1.0"/>
    <link:loc xlink:type="locator" xlink:href="../../arr-cor_2013-12-20.xsd#arr_IdentificationOfMattersOnWhichAssuranceReportIsProvidedAndDescriptionOfAssuranceEngagement" xlink:label="IdentificationOfMattersOnWhichAssuranceReportIsProvidedAndDescriptionOfAssuranceEngagement"/>
    <link:presentationArc xlink:type="arc" xlink:arcrole="http://www.xbrl.org/2003/arcrole/parent-child" xlink:from="IndependentAuditorsReportsOtherAssuranceReports" xlink:to="IdentificationOfMattersOnWhichAssuranceReportIsProvidedAndDescriptionOfAssuranceEngagement" use="optional" order="10.0"/>
    <link:loc xlink:type="locator" xlink:href="../../arr-cor_2013-12-20.xsd#arr_StatementOnManagementsResponsibilityOtherAssuranceReports" xlink:label="StatementOnManagementsResponsibilityOtherAssuranceReports"/>
    <link:presentationArc xlink:type="arc" xlink:arcrole="http://www.xbrl.org/2003/arcrole/parent-child" xlink:from="IndependentAuditorsReportsOtherAssuranceReports" xlink:to="StatementOnManagementsResponsibilityOtherAssuranceReports" use="optional" order="20.0"/>
    <link:loc xlink:type="locator" xlink:href="../../arr-cor_2013-12-20.xsd#arr_DescriptionOfQualificationsOfAssuranceEngagementPerformed" xlink:label="DescriptionOfQualificationsOfAssuranceEngagementPerformed"/>
    <link:presentationArc xlink:type="arc" xlink:arcrole="http://www.xbrl.org/2003/arcrole/parent-child" xlink:from="IndependentAuditorsReportsOtherAssuranceReports" xlink:to="DescriptionOfQualificationsOfAssuranceEngagementPerformed" use="optional" order="40.0"/>
    <link:loc xlink:type="locator" xlink:href="../../arr-cor_2013-12-20.xsd#arr_OpinionOnSubjectMatterOfAssuranceReport" xlink:label="OpinionOnSubjectMatterOfAssuranceReport"/>
    <link:presentationArc xlink:type="arc" xlink:arcrole="http://www.xbrl.org/2003/arcrole/parent-child" xlink:from="IndependentAuditorsReportsOtherAssuranceReports" xlink:to="OpinionOnSubjectMatterOfAssuranceReport" use="optional" order="50.0"/>
    <link:loc xlink:type="locator" xlink:href="../../arr-cor_2013-12-20.xsd#arr_SupplementaryInformationOnAssurance" xlink:label="SupplementaryInformationOnAssurance"/>
    <link:presentationArc xlink:type="arc" xlink:arcrole="http://www.xbrl.org/2003/arcrole/parent-child" xlink:from="IndependentAuditorsReportsOtherAssuranceReports" xlink:to="SupplementaryInformationOnAssurance" use="optional" order="60.0"/>
    <link:loc xlink:type="locator" xlink:href="../../arr-cor_2013-12-20.xsd#arr_StatementOfAuditorsResponsibilityOtherAssuranceReports" xlink:label="StatementOfAuditorsResponsibilityOtherAssuranceReports" xlink:title="StatementOfAuditorsResponsibilityOtherAssuranceReports"/>
    <link:presentationArc xlink:type="arc" xlink:arcrole="http://www.xbrl.org/2003/arcrole/parent-child" xlink:from="IndependentAuditorsReportsOtherAssuranceReports" xlink:to="StatementOfAuditorsResponsibilityOtherAssuranceReports" xlink:title="presentation: IndependentAuditorsReportsOtherAssuranceReports to StatementOfAuditorsResponsibilityOtherAssuranceReports" order="30.0"/>
    <link:loc xlink:type="locator" xlink:href="../../arr-cor_2013-12-20.xsd#arr_AddresseeOfAuditorsReportOnOtherAssuranceReports" xlink:label="AddresseeOfAuditorsReportOnOtherAssuranceReports" xlink:title="AddresseeOfAuditorsReportOnOtherAssuranceReports"/>
    <link:presentationArc xlink:type="arc" xlink:arcrole="http://www.xbrl.org/2003/arcrole/parent-child" xlink:from="IndependentAuditorsReportsOtherAssuranceReports" xlink:to="AddresseeOfAuditorsReportOnOtherAssuranceReports" xlink:title="presentation: IndependentAuditorsReportsOtherAssuranceReports to AddresseeOfAuditorsReportOnOtherAssuranceReports" order="5.0"/>
    <link:loc xlink:type="locator" xlink:href="../../../cmn.xsd#cmn_TypeOfAuditorAssistance" xlink:label="TypeOfAuditorAssistance" xlink:title="TypeOfAuditorAssistance"/>
    <link:presentationArc xlink:type="arc" xlink:arcrole="http://www.xbrl.org/2003/arcrole/parent-child" xlink:from="AuditorsReportsAbstract" xlink:to="TypeOfAuditorAssistance" xlink:title="presentation: AuditorsReportsAbstract to TypeOfAuditorAssistance" order="15.0"/>
    <link:loc xlink:type="locator" xlink:href="../../arr-cor_2013-12-20.xsd#arr_AuditorsReportOnExtendedReview" xlink:label="AuditorsReportOnExtendedReview" xlink:title="AuditorsReportOnExtendedReview"/>
    <link:presentationArc xlink:type="arc" xlink:arcrole="http://www.xbrl.org/2003/arcrole/parent-child" xlink:from="AuditorsReportsAbstract" xlink:to="AuditorsReportOnExtendedReview" xlink:title="presentation: AuditorsReportsAbstract to AuditorsReportOnExtendedReview" order="25.0"/>
    <link:loc xlink:type="locator" xlink:href="../../arr-cor_2013-12-20.xsd#arr_IndependentAuditorsReportsExtendedReview" xlink:label="IndependentAuditorsReportsExtendedReview" xlink:title="IndependentAuditorsReportsExtendedReview"/>
    <link:presentationArc xlink:type="arc" xlink:arcrole="http://www.xbrl.org/2003/arcrole/parent-child" xlink:from="AuditorsReportOnExtendedReview" xlink:to="IndependentAuditorsReportsExtendedReview" xlink:title="presentation: AuditorsReportOnExtendedReview to IndependentAuditorsReportsExtendedReview" order="1.0"/>
    <link:loc xlink:type="locator" xlink:href="../../arr-cor_2013-12-20.xsd#arr_AddresseeOfAuditorsReportOnExtendedReviewOfFinancialStatements" xlink:label="AddresseeOfAuditorsReportOnExtendedReviewOfFinancialStatements" xlink:title="AddresseeOfAuditorsReportOnExtendedReviewOfFinancialStatements"/>
    <link:presentationArc xlink:type="arc" xlink:arcrole="http://www.xbrl.org/2003/arcrole/parent-child" xlink:from="IndependentAuditorsReportsExtendedReview" xlink:to="AddresseeOfAuditorsReportOnExtendedReviewOfFinancialStatements" xlink:title="presentation: IndependentAuditorsReportsExtendedReview to AddresseeOfAuditorsReportOnExtendedReviewOfFinancialStatements" order="1.0"/>
    <link:loc xlink:type="locator" xlink:href="../../arr-cor_2013-12-20.xsd#arr_AuditorsReportOnExtendedReviewOfFinancialStatements" xlink:label="AuditorsReportOnExtendedReviewOfFinancialStatements" xlink:title="AuditorsReportOnExtendedReviewOfFinancialStatements"/>
    <link:presentationArc xlink:type="arc" xlink:arcrole="http://www.xbrl.org/2003/arcrole/parent-child" xlink:from="IndependentAuditorsReportsExtendedReview" xlink:to="AuditorsReportOnExtendedReviewOfFinancialStatements" xlink:title="presentation: IndependentAuditorsReportsExtendedReview to AuditorsReportOnExtendedReviewOfFinancialStatements" order="2.0"/>
    <link:loc xlink:type="locator" xlink:href="../../arr-cor_2013-12-20.xsd#arr_IdentificationOfFinancialStatementsAndDescriptionOfFinancialReportingFrameworkAppliedInPreparationOfFinancialStatementsExtendedReview" xlink:label="IdentificationOfFinancialStatementsAndDescriptionOfFinancialReportingFrameworkAppliedInPreparationOfFinancialStatementsExtendedReview" xlink:title="IdentificationOfFinancialStatementsAndDescriptionOfFinancialReportingFrameworkAppliedInPreparationOfFinancialStatementsExtendedReview"/>
    <link:presentationArc xlink:type="arc" xlink:arcrole="http://www.xbrl.org/2003/arcrole/parent-child" xlink:from="AuditorsReportOnExtendedReviewOfFinancialStatements" xlink:to="IdentificationOfFinancialStatementsAndDescriptionOfFinancialReportingFrameworkAppliedInPreparationOfFinancialStatementsExtendedReview" xlink:title="presentation: AuditorsReportOnExtendedReviewOfFinancialStatements to IdentificationOfFinancialStatementsAndDescriptionOfFinancialReportingFrameworkAppliedInPreparationOfFinancialStatementsExtendedReview" order="1.0"/>
    <link:loc xlink:type="locator" xlink:href="../../arr-cor_2013-12-20.xsd#arr_StatementOfExecutiveAndSupervisoryBoardsResponsibilityForFinancialStatementsExtendedReview" xlink:label="StatementOfExecutiveAndSupervisoryBoardsResponsibilityForFinancialStatementsExtendedReview" xlink:title="StatementOfExecutiveAndSupervisoryBoardsResponsibilityForFinancialStatementsExtendedReview"/>
    <link:presentationArc xlink:type="arc" xlink:arcrole="http://www.xbrl.org/2003/arcrole/parent-child" xlink:from="AuditorsReportOnExtendedReviewOfFinancialStatements" xlink:to="StatementOfExecutiveAndSupervisoryBoardsResponsibilityForFinancialStatementsExtendedReview" xlink:title="presentation: AuditorsReportOnExtendedReviewOfFinancialStatements to StatementOfExecutiveAndSupervisoryBoardsResponsibilityForFinancialStatementsExtendedReview" order="2.0"/>
    <link:loc xlink:type="locator" xlink:href="../../arr-cor_2013-12-20.xsd#arr_StatementOfAuditorsResponsibilityExtendedReview" xlink:label="StatementOfAuditorsResponsibilityExtendedReview" xlink:title="StatementOfAuditorsResponsibilityExtendedReview"/>
    <link:presentationArc xlink:type="arc" xlink:arcrole="http://www.xbrl.org/2003/arcrole/parent-child" xlink:from="AuditorsReportOnExtendedReviewOfFinancialStatements" xlink:to="StatementOfAuditorsResponsibilityExtendedReview" xlink:title="presentation: AuditorsReportOnExtendedReviewOfFinancialStatements to StatementOfAuditorsResponsibilityExtendedReview" order="3.0"/>
    <link:loc xlink:type="locator" xlink:href="../../arr-cor_2013-12-20.xsd#arr_DescriptionOfQualificationsOfFinancialStatementsExtendedReview" xlink:label="DescriptionOfQualificationsOfFinancialStatementsExtendedReview" xlink:title="DescriptionOfQualificationsOfFinancialStatementsExtendedReview"/>
    <link:presentationArc xlink:type="arc" xlink:arcrole="http://www.xbrl.org/2003/arcrole/parent-child" xlink:from="AuditorsReportOnExtendedReviewOfFinancialStatements" xlink:to="DescriptionOfQualificationsOfFinancialStatementsExtendedReview" xlink:title="presentation: AuditorsReportOnExtendedReviewOfFinancialStatements to DescriptionOfQualificationsOfFinancialStatementsExtendedReview" order="4.0"/>
    <link:loc xlink:type="locator" xlink:href="../../arr-cor_2013-12-20.xsd#arr_TypeOfBasisForModifiedOpinionOnFinancialStatementsExtendedReview" xlink:label="TypeOfBasisForModifiedOpinionOnFinancialStatementsExtendedReview" xlink:title="TypeOfBasisForModifiedOpinionOnFinancialStatementsExtendedReview"/>
    <link:presentationArc xlink:type="arc" xlink:arcrole="http://www.xbrl.org/2003/arcrole/parent-child" xlink:from="DescriptionOfQualificationsOfFinancialStatementsExtendedReview" xlink:to="TypeOfBasisForModifiedOpinionOnFinancialStatementsExtendedReview" xlink:title="presentation: DescriptionOfQualificationsOfFinancialStatementsExtendedReview to TypeOfBasisForModifiedOpinionOnFinancialStatementsExtendedReview" order="1.0"/>
    <link:loc xlink:type="locator" xlink:href="../../arr-cor_2013-12-20.xsd#arr_OpinionOnFinancialStatementsExtendedReview" xlink:label="OpinionOnFinancialStatementsExtendedReview" xlink:title="OpinionOnFinancialStatementsExtendedReview"/>
    <link:presentationArc xlink:type="arc" xlink:arcrole="http://www.xbrl.org/2003/arcrole/parent-child" xlink:from="AuditorsReportOnExtendedReviewOfFinancialStatements" xlink:to="OpinionOnFinancialStatementsExtendedReview" xlink:title="presentation: AuditorsReportOnExtendedReviewOfFinancialStatements to OpinionOnFinancialStatementsExtendedReview" order="5.0"/>
    <link:loc xlink:type="locator" xlink:href="../../arr-cor_2013-12-20.xsd#arr_TypeOfModifiedOpinionOnAuditedFinancialStatementsExtendedReview" xlink:label="TypeOfModifiedOpinionOnAuditedFinancialStatementsExtendedReview" xlink:title="TypeOfModifiedOpinionOnAuditedFinancialStatementsExtendedReview"/>
    <link:presentationArc xlink:type="arc" xlink:arcrole="http://www.xbrl.org/2003/arcrole/parent-child" xlink:from="OpinionOnFinancialStatementsExtendedReview" xlink:to="TypeOfModifiedOpinionOnAuditedFinancialStatementsExtendedReview" xlink:title="presentation: OpinionOnFinancialStatementsExtendedReview to TypeOfModifiedOpinionOnAuditedFinancialStatementsExtendedReview" order="1.0"/>
    <link:loc xlink:type="locator" xlink:href="../../arr-cor_2013-12-20.xsd#arr_StatementWhetherQualificationsOfFinancialStatementsAreOfSuchDecisiveImportanceThatAnnualGeneralMeetingShouldNotApproveFinancialStatementsExtendedReview" xlink:label="StatementWhetherQualificationsOfFinancialStatementsAreOfSuchDecisiveImportanceThatAnnualGeneralMeetingShouldNotApproveFinancialStatementsExtendedReview" xlink:title="StatementWhetherQualificationsOfFinancialStatementsAreOfSuchDecisiveImportanceThatAnnualGeneralMeetingShouldNotApproveFinancialStatementsExtendedReview"/>
    <link:presentationArc xlink:type="arc" xlink:arcrole="http://www.xbrl.org/2003/arcrole/parent-child" xlink:from="AuditorsReportOnExtendedReviewOfFinancialStatements" xlink:to="StatementWhetherQualificationsOfFinancialStatementsAreOfSuchDecisiveImportanceThatAnnualGeneralMeetingShouldNotApproveFinancialStatementsExtendedReview" xlink:title="presentation: AuditorsReportOnExtendedReviewOfFinancialStatements to StatementWhetherQualificationsOfFinancialStatementsAreOfSuchDecisiveImportanceThatAnnualGeneralMeetingShouldNotApproveFinancialStatementsExtendedReview" order="6.0"/>
    <link:loc xlink:type="locator" xlink:href="../../arr-cor_2013-12-20.xsd#arr_SupplementaryInformationOnMattersPertainingToFinancialStatementExtendedReview" xlink:label="SupplementaryInformationOnMattersPertainingToFinancialStatementExtendedReview" xlink:title="SupplementaryInformationOnMattersPertainingToFinancialStatementExtendedReview"/>
    <link:presentationArc xlink:type="arc" xlink:arcrole="http://www.xbrl.org/2003/arcrole/parent-child" xlink:from="AuditorsReportOnExtendedReviewOfFinancialStatements" xlink:to="SupplementaryInformationOnMattersPertainingToFinancialStatementExtendedReview" xlink:title="presentation: AuditorsReportOnExtendedReviewOfFinancialStatements to SupplementaryInformationOnMattersPertainingToFinancialStatementExtendedReview" order="7.0"/>
    <link:loc xlink:type="locator" xlink:href="../../arr-cor_2013-12-20.xsd#arr_SupplementaryInformationOnExtendedReview" xlink:label="SupplementaryInformationOnExtendedReview" xlink:title="SupplementaryInformationOnExtendedReview"/>
    <link:presentationArc xlink:type="arc" xlink:arcrole="http://www.xbrl.org/2003/arcrole/parent-child" xlink:from="AuditorsReportOnExtendedReviewOfFinancialStatements" xlink:to="SupplementaryInformationOnExtendedReview" xlink:title="presentation: AuditorsReportOnExtendedReviewOfFinancialStatements to SupplementaryInformationOnExtendedReview" order="8.0"/>
    <link:loc xlink:type="locator" xlink:href="../../arr-cor_2013-12-20.xsd#arr_AuditorsReportsAccordingToOtherLegislationAndRegulationExtendedReview" xlink:label="AuditorsReportsAccordingToOtherLegislationAndRegulationExtendedReview" xlink:title="AuditorsReportsAccordingToOtherLegislationAndRegulationExtendedReview"/>
    <link:presentationArc xlink:type="arc" xlink:arcrole="http://www.xbrl.org/2003/arcrole/parent-child" xlink:from="IndependentAuditorsReportsExtendedReview" xlink:to="AuditorsReportsAccordingToOtherLegislationAndRegulationExtendedReview" xlink:title="presentation: IndependentAuditorsReportsExtendedReview to AuditorsReportsAccordingToOtherLegislationAndRegulationExtendedReview" order="3.0"/>
    <link:loc xlink:type="locator" xlink:href="../../arr-cor_2013-12-20.xsd#arr_SupplementaryInformationOnOtherMattersExtendedReview" xlink:label="SupplementaryInformationOnOtherMattersExtendedReview" xlink:title="SupplementaryInformationOnOtherMattersExtendedReview"/>
    <link:presentationArc xlink:type="arc" xlink:arcrole="http://www.xbrl.org/2003/arcrole/parent-child" xlink:from="AuditorsReportsAccordingToOtherLegislationAndRegulationExtendedReview" xlink:to="SupplementaryInformationOnOtherMattersExtendedReview" xlink:title="presentation: AuditorsReportsAccordingToOtherLegislationAndRegulationExtendedReview to SupplementaryInformationOnOtherMattersExtendedReview" order="1.0"/>
    <link:loc xlink:type="locator" xlink:href="../../arr-cor_2013-12-20.xsd#arr_StatementOnManagementsReviewAuditorsReportOnExtendedReviewFinancialStatementsExtendedReview" xlink:label="StatementOnManagementsReviewAuditorsReportOnExtendedReviewFinancialStatementsExtendedReview" xlink:title="StatementOnManagementsReviewAuditorsReportOnExtendedReviewFinancialStatementsExtendedReview"/>
    <link:presentationArc xlink:type="arc" xlink:arcrole="http://www.xbrl.org/2003/arcrole/parent-child" xlink:from="AuditorsReportsAccordingToOtherLegislationAndRegulationExtendedReview" xlink:to="StatementOnManagementsReviewAuditorsReportOnExtendedReviewFinancialStatementsExtendedReview" xlink:title="presentation: AuditorsReportsAccordingToOtherLegislationAndRegulationExtendedReview to StatementOnManagementsReviewAuditorsReportOnExtendedReviewFinancialStatementsExtendedReview" order="2.0"/>
    <link:loc xlink:type="locator" xlink:href="../../arr-cor_2013-12-20.xsd#arr_OtherReportsExtendedReview" xlink:label="OtherReportsExtendedReview" xlink:title="OtherReportsExtendedReview"/>
    <link:presentationArc xlink:type="arc" xlink:arcrole="http://www.xbrl.org/2003/arcrole/parent-child" xlink:from="AuditorsReportsAccordingToOtherLegislationAndRegulationExtendedReview" xlink:to="OtherReportsExtendedReview" xlink:title="presentation: AuditorsReportsAccordingToOtherLegislationAndRegulationExtendedReview to OtherReportsExtendedReview" order="3.0"/>
  </link:presentationLink>
</link:linkbase>
