<?xml version="1.0" encoding="UTF-8"?>
<?officialURI http://archprod.service.eogs.dk/taxonomy/20141220/gsd/full_gsd/gsd_000.00_2014-12-20/frm_gsd_2014-12-20_role-000.00.xml?>
<?taxonomy-version 0.2.0?>

<link:linkbase xmlns:xsi="http://www.w3.org/2001/XMLSchema-instance" xsi:schemaLocation="http://www.xbrl.org/2003/linkbase http://www.xbrl.org/2003/xbrl-linkbase-2003-12-31.xsd http://xbrl.org/2008/generic http://www.xbrl.org/2008/generic-link.xsd http://xbrl.org/2008/formula http://www.xbrl.org/2008/formula.xsd http://xbrl.org/2008/label http://www.xbrl.org/2008/generic-label.xsd http://xbrl.org/2008/reference http://www.xbrl.org/2008/generic-reference.xsd http://xbrl.org/2008/assertion/consistency http://www.xbrl.org/2008/consistency-assertion.xsd http://xbrl.org/2008/assertion/existence http://www.xbrl.org/2008/existence-assertion.xsd http://xbrl.org/2008/assertion/value http://www.xbrl.org/2008/value-assertion.xsd http://xbrl.org/2008/filter/concept http://www.xbrl.org/2008/concept-filter.xsd http://xbrl.org/2010/message http://www.xbrl.org/2010/generic-message.xsd http://xbrl.org/2010/message/validation http://www.xbrl.org/2010/validation-message.xsd" xmlns:ca="http://xbrl.org/2008/assertion/consistency" xmlns:gen="http://xbrl.org/2008/generic" xmlns:fn="http://www.w3.org/2005/xpath-functions" xmlns:variable="http://xbrl.org/2008/variable" xmlns:xfi="http://www.xbrl.org/2008/function/instance" xmlns:gsd="http://xbrl.dcca.dk/gsd" xmlns:cf="http://xbrl.org/2008/filter/concept" xmlns:xs="http://www.w3.org/2001/XMLSchema" xmlns:valm="http://xbrl.org/2010/message/validation" xmlns:link="http://www.xbrl.org/2003/linkbase" xmlns:ea="http://xbrl.org/2008/assertion/existence" xmlns:xlink="http://www.w3.org/1999/xlink" xmlns:validation="http://xbrl.org/2008/validation" xmlns:formula="http://xbrl.org/2008/formula" xmlns:msg="http://xbrl.org/2010/message" xmlns:va="http://xbrl.org/2008/assertion/value" xmlns:label="http://xbrl.org/2008/label">
  <link:roleRef roleURI="http://xbrl.dcca.dk/role/000.00/GeneralAndSubmissionData" xlink:type="simple" xlink:href="rol_gsd_000.00_2014-12-20.xsd#gsd_00000_GeneralAndSubmissionData"/>
  <link:roleRef roleURI="http://www.xbrl.org/2010/role/message" xlink:type="simple" xlink:href="http://www.xbrl.org/2010/generic-message.xsd#standard-message"/>
  <link:arcroleRef arcroleURI="http://xbrl.org/arcrole/2008/variable-filter" xlink:type="simple" xlink:href="http://www.xbrl.org/2008/variable.xsd#variable-filter"/>
  <link:arcroleRef arcroleURI="http://xbrl.org/arcrole/2008/variable-set" xlink:type="simple" xlink:href="http://www.xbrl.org/2008/variable.xsd#variable-set"/>
  <link:arcroleRef arcroleURI="http://xbrl.org/arcrole/2010/assertion-unsatisfied-message" xlink:type="simple" xlink:href="http://www.xbrl.org/2010/validation-message.xsd#assertion-unsatisfied-message"/>
  <gen:link xlink:type="extended" xlink:role="http://xbrl.dcca.dk/role/000.00/GeneralAndSubmissionData">
    <ea:existenceAssertion xlink:type="resource" xlink:label="existenceAssertion" id="existenceAssertionForInformationOnTypeOfSubmittedReport" aspectModel="dimensional" implicitFiltering="true"/>
    <variable:factVariable xlink:type="resource" xlink:label="factVariable" id="InformationOnTypeOfSubmittedReportVariable" bindAsSequence="false"/>
    <variable:variableArc xlink:type="arc" xlink:arcrole="http://xbrl.org/arcrole/2008/variable-set" xlink:from="existenceAssertion" xlink:to="factVariable" priority="0" order="1.0" name="InformationOnTypeOfSubmittedReport"/>
    <cf:conceptName xlink:type="resource" xlink:label="conceptName" id="InformationOnTypeOfSubmittedReportConceptFilter">
      <cf:concept>
        <cf:qname>gsd:InformationOnTypeOfSubmittedReport</cf:qname>
      </cf:concept>
    </cf:conceptName>
    <variable:variableFilterArc xlink:type="arc" xlink:arcrole="http://xbrl.org/arcrole/2008/variable-filter" xlink:from="factVariable" xlink:to="conceptName" priority="0" order="1.0" cover="true" complement="true"/>
    <msg:message xlink:type="resource" xlink:label="message" xlink:role="http://www.xbrl.org/2010/role/message" xml:lang="en" id="existenceAssertionForInformationOnTypeOfSubmittedReportMessageEN">Information on type of submitted report must be reported.</msg:message>
    <gen:arc xlink:type="arc" xlink:arcrole="http://xbrl.org/arcrole/2010/assertion-unsatisfied-message" xlink:from="existenceAssertion" xlink:to="message" priority="0" order="1.0"/>
    <msg:message xlink:type="resource" xlink:label="message_2" xlink:role="http://www.xbrl.org/2010/role/message" xml:lang="da" id="existenceAssertionForInformationOnTypeOfSubmittedReportMessageDA">Information om den indsendte rapports type skal indberettes.</msg:message>
    <gen:arc xlink:type="arc" xlink:arcrole="http://xbrl.org/arcrole/2010/assertion-unsatisfied-message" xlink:from="existenceAssertion" xlink:to="message_2" priority="0" order="2.0"/>
    <ea:existenceAssertion xlink:type="resource" xlink:label="existenceAssertion_2" id="existenceAssertionForIdentificationNumberCvrOfReportingEntity" aspectModel="dimensional" implicitFiltering="true"/>
    <variable:factVariable xlink:type="resource" xlink:label="factVariable_2" id="IdentificationNumberCvrOfReportingEntityVariable" bindAsSequence="false"/>
    <variable:variableArc xlink:type="arc" xlink:arcrole="http://xbrl.org/arcrole/2008/variable-set" xlink:from="existenceAssertion_2" xlink:to="factVariable_2" priority="0" order="1.0" name="IdentificationNumberCvrOfReportingEntity"/>
    <cf:conceptName xlink:type="resource" xlink:label="conceptName_2" id="IdentificationNumberCvrOfReportingEntityConceptFilter">
      <cf:concept>
        <cf:qname>gsd:IdentificationNumberCvrOfReportingEntity</cf:qname>
      </cf:concept>
    </cf:conceptName>
    <variable:variableFilterArc xlink:type="arc" xlink:arcrole="http://xbrl.org/arcrole/2008/variable-filter" xlink:from="factVariable_2" xlink:to="conceptName_2" priority="0" order="1.0" cover="true" complement="false"/>
    <msg:message xlink:type="resource" xlink:label="message_3" xlink:role="http://www.xbrl.org/2010/role/message" xml:lang="en" id="existenceAssertionForIdentificationNumberCvrOfReportingEntityMessageEN">Identification number [CVR] of reporting entity must be reported.</msg:message>
    <gen:arc xlink:type="arc" xlink:arcrole="http://xbrl.org/arcrole/2010/assertion-unsatisfied-message" xlink:from="existenceAssertion_2" xlink:to="message_3" priority="0" order="1.0"/>
    <msg:message xlink:type="resource" xlink:label="message_4" xlink:role="http://www.xbrl.org/2010/role/message" xml:lang="da" id="existenceAssertionForIdentificationNumberCvrOfReportingEntityMessageDA">Regnskabsaflæggende virksomheds CVR-nr. skal indberettes.</msg:message>
    <gen:arc xlink:type="arc" xlink:arcrole="http://xbrl.org/arcrole/2010/assertion-unsatisfied-message" xlink:from="existenceAssertion_2" xlink:to="message_4" priority="0" order="2.0"/>
  </gen:link>
</link:linkbase>
