<?xml version="1.0" encoding="UTF-8"?>
<?officialURI http://archprod.service.eogs.dk/taxonomy/20141220/mrv/full_mrv/mrv_200.NN_2014-12-20/def_mrv_2014-12-20_role-200.NN.xml?>
<?taxonomy-version 0.2.0?>

<link:linkbase xmlns:xsi="http://www.w3.org/2001/XMLSchema-instance" xsi:schemaLocation="http://www.xbrl.org/2003/linkbase http://www.xbrl.org/2003/xbrl-linkbase-2003-12-31.xsd" xmlns:link="http://www.xbrl.org/2003/linkbase" xmlns:xbrldt="http://xbrl.org/2005/xbrldt" xmlns:xbrli="http://www.xbrl.org/2003/instance" xmlns:xlink="http://www.w3.org/1999/xlink">
  <link:roleRef roleURI="http://xbrl.dcca.dk/role/900.01/AxisDefaultMembers" xlink:type="simple" xlink:href="../../../cmn_rol.xsd#cmn_rol_RoleAxisDefaultMembers"/>
  <link:roleRef roleURI="http://xbrl.dcca.dk/role/200.00/ManagementsReview" xlink:type="simple" xlink:href="rol_mrv_200.NN_2014-12-20.xsd#mrv_20000_ManagementsReview"/>
  <link:roleRef roleURI="http://xbrl.dcca.dk/role/200.01/Hypercube/ManagementsReview/DetailsOnKeyFiguresAndFinancialRatios" xlink:type="simple" xlink:href="rol_mrv_200.NN_2014-12-20.xsd#mrv_20001_HypercubeManagementsReviewDetailsOnKeyFiguresAndFinancialRatios"/>
  <link:roleRef roleURI="http://xbrl.dcca.dk/role/200.00/ManagementsReview/Details" xlink:type="simple" xlink:href="rol_mrv_200.NN_2014-12-20.xsd#mrv_20000_ManagementsReviewDetails"/>
  <link:roleRef roleURI="http://xbrl.dcca.dk/role/200.02/Hypercube/ManagementsReview/DetailsOnOtherKeyFiguresAndFinancialRatios" xlink:type="simple" xlink:href="rol_mrv_200.NN_2014-12-20.xsd#mrv_20002_HypercubeManagementsReviewDetailsOnOtherKeyFiguresAndFinancialRatios"/>
  <link:roleRef roleURI="http://xbrl.dcca.dk/role/902.01/AxisRetrospectiveInformation" xlink:type="simple" xlink:href="../../../cmn_rol.xsd#cmn_rol_RoleAxisRetrospectiveInformation"/>
  <link:roleRef roleURI="http://xbrl.ifrs.org/role/ifrs/ifrs-dim_role-913000" xlink:type="simple" xlink:href="../../../../full_ifrs/dimensions_full_ifrs/rol_full_ifrs-dim_2014-03-05.xsd#ifrs-dim_role-913000"/>
  <link:arcroleRef arcroleURI="http://xbrl.org/int/dim/arcrole/all" xlink:type="simple" xlink:href="http://www.xbrl.org/2005/xbrldt-2005.xsd#all"/>
  <link:arcroleRef arcroleURI="http://xbrl.org/int/dim/arcrole/domain-member" xlink:type="simple" xlink:href="http://www.xbrl.org/2005/xbrldt-2005.xsd#domain-member"/>
  <link:arcroleRef arcroleURI="http://xbrl.org/int/dim/arcrole/hypercube-dimension" xlink:type="simple" xlink:href="http://www.xbrl.org/2005/xbrldt-2005.xsd#hypercube-dimension"/>
  <link:definitionLink xlink:type="extended" xlink:role="http://xbrl.dcca.dk/role/200.00/ManagementsReview">
    <link:loc xlink:type="locator" xlink:href="../../mrv-core_2014-12-20.xsd#mrv_ManagementsReview" xlink:label="ManagementsReview"/>
    <link:loc xlink:type="locator" xlink:href="../../mrv-core_2014-12-20.xsd#mrv_DescriptionOfPrimaryActivitiesOfEntity" xlink:label="DescriptionOfPrimaryActivitiesOfEntity"/>
    <link:definitionArc xlink:type="arc" xlink:arcrole="http://xbrl.org/int/dim/arcrole/domain-member" xlink:from="ManagementsReview" xlink:to="DescriptionOfPrimaryActivitiesOfEntity" order="1.0"/>
    <link:loc xlink:type="locator" xlink:href="../../mrv-core_2014-12-20.xsd#mrv_DescriptionOfAnyUncertaintyConnectedWithRecognitionOrMeasurement" xlink:label="DescriptionOfAnyUncertaintyConnectedWithRecognitionOrMeasurement"/>
    <link:definitionArc xlink:type="arc" xlink:arcrole="http://xbrl.org/int/dim/arcrole/domain-member" xlink:from="ManagementsReview" xlink:to="DescriptionOfAnyUncertaintyConnectedWithRecognitionOrMeasurement" order="2.0"/>
    <link:loc xlink:type="locator" xlink:href="../../mrv-core_2014-12-20.xsd#mrv_DescriptionOfAnyUnusualMattersAffectingRecognitionOrMeasurement" xlink:label="DescriptionOfAnyUnusualMattersAffectingRecognitionOrMeasurement"/>
    <link:definitionArc xlink:type="arc" xlink:arcrole="http://xbrl.org/int/dim/arcrole/domain-member" xlink:from="ManagementsReview" xlink:to="DescriptionOfAnyUnusualMattersAffectingRecognitionOrMeasurement" order="3.0"/>
    <link:loc xlink:type="locator" xlink:href="../../mrv-core_2014-12-20.xsd#mrv_DescriptionOfDevelopmentInActivitiesAndFinancialAffairs" xlink:label="DescriptionOfDevelopmentInActivitiesAndFinancialAffairs"/>
    <link:definitionArc xlink:type="arc" xlink:arcrole="http://xbrl.org/int/dim/arcrole/domain-member" xlink:from="ManagementsReview" xlink:to="DescriptionOfDevelopmentInActivitiesAndFinancialAffairs" order="4.0"/>
    <link:loc xlink:type="locator" xlink:href="../../mrv-core_2014-12-20.xsd#mrv_DescriptionOfNon-FinancialFactorsRelevantToSpecificActivities" xlink:label="DescriptionOfNon-FinancialFactorsRelevantToSpecificActivities"/>
    <link:definitionArc xlink:type="arc" xlink:arcrole="http://xbrl.org/int/dim/arcrole/domain-member" xlink:from="DescriptionOfDevelopmentInActivitiesAndFinancialAffairs" xlink:to="DescriptionOfNon-FinancialFactorsRelevantToSpecificActivities" order="1.0"/>
    <link:loc xlink:type="locator" xlink:href="../../mrv-core_2014-12-20.xsd#mrv_DescriptionOfEnvironmentalMatters" xlink:label="DescriptionOfEnvironmentalMatters"/>
    <link:definitionArc xlink:type="arc" xlink:arcrole="http://xbrl.org/int/dim/arcrole/domain-member" xlink:from="DescriptionOfNon-FinancialFactorsRelevantToSpecificActivities" xlink:to="DescriptionOfEnvironmentalMatters" order="1.0"/>
    <link:loc xlink:type="locator" xlink:href="../../mrv-core_2014-12-20.xsd#mrv_DescriptionOfSignificantEventsOccurringAfterEndOfReportingPeriod" xlink:label="DescriptionOfSignificantEventsOccurringAfterEndOfReportingPeriod"/>
    <link:definitionArc xlink:type="arc" xlink:arcrole="http://xbrl.org/int/dim/arcrole/domain-member" xlink:from="ManagementsReview" xlink:to="DescriptionOfSignificantEventsOccurringAfterEndOfReportingPeriod" order="5.0"/>
    <link:loc xlink:type="locator" xlink:href="../../mrv-core_2014-12-20.xsd#mrv_DescriptionOfExpectedDevelopment" xlink:label="DescriptionOfExpectedDevelopment"/>
    <link:definitionArc xlink:type="arc" xlink:arcrole="http://xbrl.org/int/dim/arcrole/domain-member" xlink:from="ManagementsReview" xlink:to="DescriptionOfExpectedDevelopment" order="6.0"/>
    <link:loc xlink:type="locator" xlink:href="../../mrv-core_2014-12-20.xsd#mrv_DescriptionOfAssumedSpecificPrerequisitesAndUncertainFactorsForAssessmentOfExpectedDevelopment" xlink:label="DescriptionOfAssumedSpecificPrerequisitesAndUncertainFactorsForAssessmentOfExpectedDevelopment"/>
    <link:definitionArc xlink:type="arc" xlink:arcrole="http://xbrl.org/int/dim/arcrole/domain-member" xlink:from="DescriptionOfExpectedDevelopment" xlink:to="DescriptionOfAssumedSpecificPrerequisitesAndUncertainFactorsForAssessmentOfExpectedDevelopment" order="1.0"/>
    <link:loc xlink:type="locator" xlink:href="../../mrv-core_2014-12-20.xsd#mrv_DescriptionOfKnowledgeResources" xlink:label="DescriptionOfKnowledgeResources"/>
    <link:definitionArc xlink:type="arc" xlink:arcrole="http://xbrl.org/int/dim/arcrole/domain-member" xlink:from="ManagementsReview" xlink:to="DescriptionOfKnowledgeResources" order="7.0"/>
    <link:loc xlink:type="locator" xlink:href="../../mrv-core_2014-12-20.xsd#mrv_DescriptionOfSpecificRisksInAdditionToCommonlyOccurringHazardsInIndustry" xlink:label="DescriptionOfSpecificRisksInAdditionToCommonlyOccurringHazardsInIndustry"/>
    <link:definitionArc xlink:type="arc" xlink:arcrole="http://xbrl.org/int/dim/arcrole/domain-member" xlink:from="ManagementsReview" xlink:to="DescriptionOfSpecificRisksInAdditionToCommonlyOccurringHazardsInIndustry" order="8.0"/>
    <link:loc xlink:type="locator" xlink:href="../../mrv-core_2014-12-20.xsd#mrv_DescriptionOfImpactOnExternalEnvironmentAndMeasuresOfPreventingReducingOrMitigatingDamage" xlink:label="DescriptionOfImpactOnExternalEnvironmentAndMeasuresOfPreventingReducingOrMitigatingDamage"/>
    <link:definitionArc xlink:type="arc" xlink:arcrole="http://xbrl.org/int/dim/arcrole/domain-member" xlink:from="ManagementsReview" xlink:to="DescriptionOfImpactOnExternalEnvironmentAndMeasuresOfPreventingReducingOrMitigatingDamage" order="9.0"/>
    <link:loc xlink:type="locator" xlink:href="../../mrv-core_2014-12-20.xsd#mrv_DescriptionOfResearchAndDevelopmentActivitiesInAndForReportingEntity" xlink:label="DescriptionOfResearchAndDevelopmentActivitiesInAndForReportingEntity"/>
    <link:definitionArc xlink:type="arc" xlink:arcrole="http://xbrl.org/int/dim/arcrole/domain-member" xlink:from="ManagementsReview" xlink:to="DescriptionOfResearchAndDevelopmentActivitiesInAndForReportingEntity" order="10.0"/>
    <link:loc xlink:type="locator" xlink:href="../../mrv-core_2014-12-20.xsd#mrv_DescriptionOfBranchesAbroad" xlink:label="DescriptionOfBranchesAbroad"/>
    <link:definitionArc xlink:type="arc" xlink:arcrole="http://xbrl.org/int/dim/arcrole/domain-member" xlink:from="ManagementsReview" xlink:to="DescriptionOfBranchesAbroad" order="12.0"/>
    <link:loc xlink:type="locator" xlink:href="../../mrv-core_2014-12-20.xsd#mrv_DescriptionOfEmployeeMatters" xlink:label="DescriptionOfEmployeeMatters"/>
    <link:definitionArc xlink:type="arc" xlink:arcrole="http://xbrl.org/int/dim/arcrole/domain-member" xlink:from="ManagementsReview" xlink:to="DescriptionOfEmployeeMatters" order="13.0"/>
    <link:loc xlink:type="locator" xlink:href="../../mrv-core_2014-12-20.xsd#mrv_DescriptionOfNetProfitRelationToExpectedDevelopmentAssumedInPreviousReport" xlink:label="DescriptionOfNetProfitRelationToExpectedDevelopmentAssumedInPreviousReport"/>
    <link:definitionArc xlink:type="arc" xlink:arcrole="http://xbrl.org/int/dim/arcrole/domain-member" xlink:from="ManagementsReview" xlink:to="DescriptionOfNetProfitRelationToExpectedDevelopmentAssumedInPreviousReport" order="14.0"/>
    <link:loc xlink:type="locator" xlink:href="../../mrv-core_2014-12-20.xsd#mrv_RetrospectiveInformationFromLastFiveYearsAbstract" xlink:label="RetrospectiveInformationFromLastFiveYearsAbstract"/>
    <link:definitionArc xlink:type="arc" xlink:arcrole="http://xbrl.org/int/dim/arcrole/domain-member" xlink:from="ManagementsReview" xlink:to="RetrospectiveInformationFromLastFiveYearsAbstract" order="15.0"/>
    <link:loc xlink:type="locator" xlink:href="../../mrv-core_2014-12-20.xsd#mrv_InformationOnCalculationOfKeyFiguresAndFinancialRatios" xlink:label="InformationOnCalculationOfKeyFiguresAndFinancialRatios"/>
    <link:definitionArc xlink:type="arc" xlink:arcrole="http://xbrl.org/int/dim/arcrole/domain-member" xlink:from="RetrospectiveInformationFromLastFiveYearsAbstract" xlink:to="InformationOnCalculationOfKeyFiguresAndFinancialRatios" order="1.0"/>
    <link:loc xlink:type="locator" xlink:href="../../mrv-core_2014-12-20.xsd#mrv_DescriptionOfKeyFiguresAndFinancialRatios" xlink:label="DescriptionOfKeyFiguresAndFinancialRatios"/>
    <link:definitionArc xlink:type="arc" xlink:arcrole="http://xbrl.org/int/dim/arcrole/domain-member" xlink:from="RetrospectiveInformationFromLastFiveYearsAbstract" xlink:to="DescriptionOfKeyFiguresAndFinancialRatios" order="2.0"/>
    <link:loc xlink:type="locator" xlink:href="../../mrv-core_2014-12-20.xsd#mrv_DetailsOnKeyFiguresAndFinancialRatiosAbstract" xlink:label="DetailsOnKeyFiguresAndFinancialRatiosAbstract"/>
    <link:definitionArc xlink:type="arc" xlink:arcrole="http://xbrl.org/int/dim/arcrole/domain-member" xlink:from="DescriptionOfKeyFiguresAndFinancialRatios" xlink:to="DetailsOnKeyFiguresAndFinancialRatiosAbstract" order="1.0" xbrldt:targetRole="http://xbrl.dcca.dk/role/200.00/ManagementsReview/Details"/>
    <link:loc xlink:type="locator" xlink:href="../../mrv-core_2014-12-20.xsd#mrv_DescriptionOfOtherKeyFiguresAndFinancialRatios" xlink:label="DescriptionOfOtherKeyFiguresAndFinancialRatios"/>
    <link:definitionArc xlink:type="arc" xlink:arcrole="http://xbrl.org/int/dim/arcrole/domain-member" xlink:from="RetrospectiveInformationFromLastFiveYearsAbstract" xlink:to="DescriptionOfOtherKeyFiguresAndFinancialRatios" order="3.0"/>
    <link:loc xlink:type="locator" xlink:href="../../mrv-core_2014-12-20.xsd#mrv_DetailsOnOtherKeyFiguresAndFinancialRatiosAbstract" xlink:label="DetailsOnOtherKeyFiguresAndFinancialRatiosAbstract"/>
    <link:definitionArc xlink:type="arc" xlink:arcrole="http://xbrl.org/int/dim/arcrole/domain-member" xlink:from="DescriptionOfOtherKeyFiguresAndFinancialRatios" xlink:to="DetailsOnOtherKeyFiguresAndFinancialRatiosAbstract" order="1.0" xbrldt:targetRole="http://xbrl.dcca.dk/role/200.00/ManagementsReview/Details"/>
    <link:loc xlink:type="locator" xlink:href="../../mrv-core_2014-12-20.xsd#mrv_DescriptionOfSignificantChangesInBusinessAndEconomicConditions" xlink:label="DescriptionOfSignificantChangesInBusinessAndEconomicConditions"/>
    <link:definitionArc xlink:type="arc" xlink:arcrole="http://xbrl.org/int/dim/arcrole/domain-member" xlink:from="ManagementsReview" xlink:to="DescriptionOfSignificantChangesInBusinessAndEconomicConditions" order="16.0"/>
    <link:loc xlink:type="locator" xlink:href="../../mrv-core_2014-12-20.xsd#mrv_StatementOfCorporateSocialResponsibility" xlink:label="StatementOfCorporateSocialResponsibility"/>
    <link:definitionArc xlink:type="arc" xlink:arcrole="http://xbrl.org/int/dim/arcrole/domain-member" xlink:from="ManagementsReview" xlink:to="StatementOfCorporateSocialResponsibility" order="17.0"/>
    <link:loc xlink:type="locator" xlink:href="../../mrv-core_2014-12-20.xsd#mrv_DescriptionOfPoliciesOnSocialResponsibility" xlink:label="DescriptionOfPoliciesOnSocialResponsibility"/>
    <link:definitionArc xlink:type="arc" xlink:arcrole="http://xbrl.org/int/dim/arcrole/domain-member" xlink:from="StatementOfCorporateSocialResponsibility" xlink:to="DescriptionOfPoliciesOnSocialResponsibility" order="1.0"/>
    <link:loc xlink:type="locator" xlink:href="../../mrv-core_2014-12-20.xsd#mrv_DescriptionOfStandardsGuidelinesAndPrinciplesOfCorporateSocialResponsibility" xlink:label="DescriptionOfStandardsGuidelinesAndPrinciplesOfCorporateSocialResponsibility"/>
    <link:definitionArc xlink:type="arc" xlink:arcrole="http://xbrl.org/int/dim/arcrole/domain-member" xlink:from="DescriptionOfPoliciesOnSocialResponsibility" xlink:to="DescriptionOfStandardsGuidelinesAndPrinciplesOfCorporateSocialResponsibility" order="1.0"/>
    <link:loc xlink:type="locator" xlink:href="../../mrv-core_2014-12-20.xsd#mrv_DescriptionOfTranslatingCorporateSocialResponsibilityPoliciesIntoAction" xlink:label="DescriptionOfTranslatingCorporateSocialResponsibilityPoliciesIntoAction"/>
    <link:definitionArc xlink:type="arc" xlink:arcrole="http://xbrl.org/int/dim/arcrole/domain-member" xlink:from="StatementOfCorporateSocialResponsibility" xlink:to="DescriptionOfTranslatingCorporateSocialResponsibilityPoliciesIntoAction" order="2.0"/>
    <link:loc xlink:type="locator" xlink:href="../../mrv-core_2014-12-20.xsd#mrv_DescriptionOfSystemsAndProceduresOfTranslatingCorporateSocialResponsibilityPoliciesIntoAction" xlink:label="DescriptionOfSystemsAndProceduresOfTranslatingCorporateSocialResponsibilityPoliciesIntoAction"/>
    <link:definitionArc xlink:type="arc" xlink:arcrole="http://xbrl.org/int/dim/arcrole/domain-member" xlink:from="DescriptionOfTranslatingCorporateSocialResponsibilityPoliciesIntoAction" xlink:to="DescriptionOfSystemsAndProceduresOfTranslatingCorporateSocialResponsibilityPoliciesIntoAction" order="1.0"/>
    <link:loc xlink:type="locator" xlink:href="../../mrv-core_2014-12-20.xsd#mrv_DescriptionOfAssessmentOfAchievedResultsOfWorkWithCommunity" xlink:label="DescriptionOfAssessmentOfAchievedResultsOfWorkWithCommunity"/>
    <link:definitionArc xlink:type="arc" xlink:arcrole="http://xbrl.org/int/dim/arcrole/domain-member" xlink:from="StatementOfCorporateSocialResponsibility" xlink:to="DescriptionOfAssessmentOfAchievedResultsOfWorkWithCommunity" order="3.0"/>
    <link:loc xlink:type="locator" xlink:href="../../mrv-core_2014-12-20.xsd#mrv_DescriptionOfExpectationsForFutureWorkWithCommunity" xlink:label="DescriptionOfExpectationsForFutureWorkWithCommunity"/>
    <link:definitionArc xlink:type="arc" xlink:arcrole="http://xbrl.org/int/dim/arcrole/domain-member" xlink:from="StatementOfCorporateSocialResponsibility" xlink:to="DescriptionOfExpectationsForFutureWorkWithCommunity" order="4.0"/>
    <link:loc xlink:type="locator" xlink:href="../../mrv-core_2014-12-20.xsd#mrv_ExplanationThatEntityHasNoPoliciesOnSocialResponsibility" xlink:label="ExplanationThatEntityHasNoPoliciesOnSocialResponsibility_2" xlink:title="ExplanationThatEntityHasNoPoliciesOnSocialResponsibility"/>
    <link:definitionArc xlink:type="arc" xlink:arcrole="http://xbrl.org/int/dim/arcrole/domain-member" xlink:from="StatementOfCorporateSocialResponsibility" xlink:to="ExplanationThatEntityHasNoPoliciesOnSocialResponsibility_2" xlink:title="definition: StatementOfCorporateSocialResponsibility to ExplanationThatEntityHasNoPoliciesOnSocialResponsibility" order="5.0"/>
    <link:loc xlink:type="locator" xlink:href="../../mrv-core_2014-12-20.xsd#mrv_LinkToStatementOfCorporateSocialResponsibility" xlink:label="LinkToStatementOfCorporateSocialResponsibility" xlink:title="LinkToStatementOfCorporateSocialResponsibility"/>
    <link:definitionArc xlink:type="arc" xlink:arcrole="http://xbrl.org/int/dim/arcrole/domain-member" xlink:from="StatementOfCorporateSocialResponsibility" xlink:to="LinkToStatementOfCorporateSocialResponsibility" xlink:title="definition: StatementOfCorporateSocialResponsibility to LinkToStatementOfCorporateSocialResponsibility" order="6.0"/>
    <link:loc xlink:type="locator" xlink:href="../../mrv-core_2014-12-20.xsd#mrv_SupplementaryReports" xlink:label="SupplementaryReports"/>
    <link:definitionArc xlink:type="arc" xlink:arcrole="http://xbrl.org/int/dim/arcrole/domain-member" xlink:from="ManagementsReview" xlink:to="SupplementaryReports" order="29.0"/>
    <link:loc xlink:type="locator" xlink:href="../../mrv-core_2014-12-20.xsd#mrv_DescriptionOfMethodsAndMeasurementBasisUsedForPreparationOfSupplementaryReports" xlink:label="DescriptionOfMethodsAndMeasurementBasisUsedForPreparationOfSupplementaryReports"/>
    <link:definitionArc xlink:type="arc" xlink:arcrole="http://xbrl.org/int/dim/arcrole/domain-member" xlink:from="SupplementaryReports" xlink:to="DescriptionOfMethodsAndMeasurementBasisUsedForPreparationOfSupplementaryReports" order="1.0"/>
    <link:loc xlink:type="locator" xlink:href="../../mrv-core_2014-12-20.xsd#mrv_DescriptionOfGroupRelations" xlink:label="DescriptionOfGroupRelations"/>
    <link:definitionArc xlink:type="arc" xlink:arcrole="http://xbrl.org/int/dim/arcrole/domain-member" xlink:from="ManagementsReview" xlink:to="DescriptionOfGroupRelations" order="11.0"/>
    <link:loc xlink:type="locator" xlink:href="../../../cmn.xsd#cmn_CommonTable" xlink:label="CommonTable"/>
    <link:definitionArc xlink:type="arc" xlink:arcrole="http://xbrl.org/int/dim/arcrole/all" xlink:from="ManagementsReview" xlink:to="CommonTable" order="30.0" xbrldt:contextElement="scenario" xbrldt:closed="true"/>
    <link:loc xlink:type="locator" xlink:href="../../../../full_ifrs-cor_2014-03-05.xsd#ifrs-full_ConsolidatedAndSeparateFinancialStatementsAxis" xlink:label="ConsolidatedAndSeparateFinancialStatementsAxis"/>
    <link:definitionArc xlink:type="arc" xlink:arcrole="http://xbrl.org/int/dim/arcrole/hypercube-dimension" xlink:from="CommonTable" xlink:to="ConsolidatedAndSeparateFinancialStatementsAxis" order="1.0" xbrldt:targetRole="http://xbrl.ifrs.org/role/ifrs/ifrs-dim_role-913000"/>
    <link:loc xlink:type="locator" xlink:href="../../mrv-core_2014-12-20.xsd#mrv_CorporateGovernanceReport" xlink:label="CorporateGovernanceReport" xlink:title="CorporateGovernanceReport"/>
    <link:definitionArc xlink:type="arc" xlink:arcrole="http://xbrl.org/int/dim/arcrole/domain-member" xlink:from="ManagementsReview" xlink:to="CorporateGovernanceReport" xlink:title="definition: ManagementsReview to CorporateGovernanceReport" order="20.0"/>
    <link:loc xlink:type="locator" xlink:href="../../mrv-core_2014-12-20.xsd#mrv_LinkToCorporateGovernanceReport" xlink:label="LinkToCorporateGovernanceReport" xlink:title="LinkToCorporateGovernanceReport"/>
    <link:definitionArc xlink:type="arc" xlink:arcrole="http://xbrl.org/int/dim/arcrole/domain-member" xlink:from="CorporateGovernanceReport" xlink:to="LinkToCorporateGovernanceReport" xlink:title="definition: CorporateGovernanceReport to LinkToCorporateGovernanceReport" order="1.0"/>
    <link:loc xlink:type="locator" xlink:href="../../mrv-core_2014-12-20.xsd#mrv_StatementOfTargetFiguresAndPoliciesForTheUnderrepresentedGender" xlink:label="StatementOfTargetFiguresAndPoliciesForTheUnderrepresentedGender" xlink:title="StatementOfTargetFiguresAndPoliciesForTheUnderrepresentedGender"/>
    <link:definitionArc xlink:type="arc" xlink:arcrole="http://xbrl.org/int/dim/arcrole/domain-member" xlink:from="ManagementsReview" xlink:to="StatementOfTargetFiguresAndPoliciesForTheUnderrepresentedGender" xlink:title="definition: ManagementsReview to StatementOfTargetFiguresAndPoliciesForTheUnderrepresentedGender" order="25.0"/>
    <link:loc xlink:type="locator" xlink:href="../../mrv-core_2014-12-20.xsd#mrv_LinkToStatementOfTargetFiguresAndPoliciesForTheUnderrepresentedGender" xlink:label="LinkToStatementOfTargetFiguresAndPoliciesForTheUnderrepresentedGender" xlink:title="LinkToStatementOfTargetFiguresAndPoliciesForTheUnderrepresentedGender"/>
    <link:definitionArc xlink:type="arc" xlink:arcrole="http://xbrl.org/int/dim/arcrole/domain-member" xlink:from="StatementOfTargetFiguresAndPoliciesForTheUnderrepresentedGender" xlink:to="LinkToStatementOfTargetFiguresAndPoliciesForTheUnderrepresentedGender" xlink:title="definition: StatementOfTargetFiguresAndPoliciesForTheUnderrepresentedGender to LinkToStatementOfTargetFiguresAndPoliciesForTheUnderrepresentedGender" order="1.0"/>
    <link:loc xlink:type="locator" xlink:href="../../mrv-core_2014-12-20.xsd#mrv_ExplanationThatEntityHasNoPoliciesOnSocialResponsibility" xlink:label="ExplanationThatEntityHasNoPoliciesOnSocialResponsibility"/>
  </link:definitionLink>
  <link:definitionLink xlink:type="extended" xlink:role="http://xbrl.dcca.dk/role/200.00/ManagementsReview/Details">
    <link:loc xlink:type="locator" xlink:href="../../mrv-core_2014-12-20.xsd#mrv_DetailsOnKeyFiguresAndFinancialRatiosAbstract" xlink:label="DetailsOnKeyFiguresAndFinancialRatiosAbstract"/>
    <link:loc xlink:type="locator" xlink:href="../../mrv-core_2014-12-20.xsd#mrv_DetailsOnKeyFiguresAndFinancialRatiosHypercube" xlink:label="DetailsOnKeyFiguresAndFinancialRatiosHypercube"/>
    <link:definitionArc xlink:type="arc" xlink:arcrole="http://xbrl.org/int/dim/arcrole/all" xlink:from="DetailsOnKeyFiguresAndFinancialRatiosAbstract" xlink:to="DetailsOnKeyFiguresAndFinancialRatiosHypercube" order="1.0" xbrldt:contextElement="scenario" xbrldt:closed="true" xbrldt:targetRole="http://xbrl.dcca.dk/role/200.01/Hypercube/ManagementsReview/DetailsOnKeyFiguresAndFinancialRatios"/>
    <link:loc xlink:type="locator" xlink:href="../../mrv-core_2014-12-20.xsd#mrv_GrossMargin" xlink:label="GrossMargin"/>
    <link:definitionArc xlink:type="arc" xlink:arcrole="http://xbrl.org/int/dim/arcrole/domain-member" xlink:from="DetailsOnKeyFiguresAndFinancialRatiosAbstract" xlink:to="GrossMargin" order="2.0"/>
    <link:loc xlink:type="locator" xlink:href="../../mrv-core_2014-12-20.xsd#mrv_OperatingMargin" xlink:label="OperatingMargin"/>
    <link:definitionArc xlink:type="arc" xlink:arcrole="http://xbrl.org/int/dim/arcrole/domain-member" xlink:from="DetailsOnKeyFiguresAndFinancialRatiosAbstract" xlink:to="OperatingMargin" order="3.0"/>
    <link:loc xlink:type="locator" xlink:href="../../mrv-core_2014-12-20.xsd#mrv_ReturnOnCapitalEmployed" xlink:label="ReturnOnCapitalEmployed"/>
    <link:definitionArc xlink:type="arc" xlink:arcrole="http://xbrl.org/int/dim/arcrole/domain-member" xlink:from="DetailsOnKeyFiguresAndFinancialRatiosAbstract" xlink:to="ReturnOnCapitalEmployed" order="4.0"/>
    <link:loc xlink:type="locator" xlink:href="../../mrv-core_2014-12-20.xsd#mrv_SolvencyRatio" xlink:label="SolvencyRatio"/>
    <link:definitionArc xlink:type="arc" xlink:arcrole="http://xbrl.org/int/dim/arcrole/domain-member" xlink:from="DetailsOnKeyFiguresAndFinancialRatiosAbstract" xlink:to="SolvencyRatio" order="6.0"/>
    <link:loc xlink:type="locator" xlink:href="../../mrv-core_2014-12-20.xsd#mrv_ReturnOnEquity" xlink:label="ReturnOnEquity"/>
    <link:definitionArc xlink:type="arc" xlink:arcrole="http://xbrl.org/int/dim/arcrole/domain-member" xlink:from="DetailsOnKeyFiguresAndFinancialRatiosAbstract" xlink:to="ReturnOnEquity" order="7.0"/>
    <link:loc xlink:type="locator" xlink:href="../../mrv-core_2014-12-20.xsd#mrv_ReturnOnInvestedCapital" xlink:label="ReturnOnInvestedCapital"/>
    <link:definitionArc xlink:type="arc" xlink:arcrole="http://xbrl.org/int/dim/arcrole/domain-member" xlink:from="DetailsOnKeyFiguresAndFinancialRatiosAbstract" xlink:to="ReturnOnInvestedCapital" order="8.0"/>
    <link:loc xlink:type="locator" xlink:href="../../mrv-core_2014-12-20.xsd#mrv_FinancialGearing" xlink:label="FinancialGearing"/>
    <link:definitionArc xlink:type="arc" xlink:arcrole="http://xbrl.org/int/dim/arcrole/domain-member" xlink:from="DetailsOnKeyFiguresAndFinancialRatiosAbstract" xlink:to="FinancialGearing" order="9.0"/>
    <link:loc xlink:type="locator" xlink:href="../../mrv-core_2014-12-20.xsd#mrv_EmployeeTurnover" xlink:label="EmployeeTurnover"/>
    <link:definitionArc xlink:type="arc" xlink:arcrole="http://xbrl.org/int/dim/arcrole/domain-member" xlink:from="DetailsOnKeyFiguresAndFinancialRatiosAbstract" xlink:to="EmployeeTurnover" order="10.0"/>
    <link:loc xlink:type="locator" xlink:href="../../mrv-core_2014-12-20.xsd#mrv_EquityRatio" xlink:label="EquityRatio"/>
    <link:definitionArc xlink:type="arc" xlink:arcrole="http://xbrl.org/int/dim/arcrole/domain-member" xlink:from="DetailsOnKeyFiguresAndFinancialRatiosAbstract" xlink:to="EquityRatio" order="5.0"/>
    <link:loc xlink:type="locator" xlink:href="../../../ifrs/ifrs-dk-cor_2014-12-20.xsd#ifrs-dk_GrossResult" xlink:label="GrossResult"/>
    <link:definitionArc xlink:type="arc" xlink:arcrole="http://xbrl.org/int/dim/arcrole/domain-member" xlink:from="DetailsOnKeyFiguresAndFinancialRatiosAbstract" xlink:to="GrossResult" order="19.0"/>
    <link:loc xlink:type="locator" xlink:href="../../../../full_ifrs-cor_2014-03-05.xsd#ifrs-full_GrossProfit" xlink:label="GrossProfit"/>
    <link:definitionArc xlink:type="arc" xlink:arcrole="http://xbrl.org/int/dim/arcrole/domain-member" xlink:from="DetailsOnKeyFiguresAndFinancialRatiosAbstract" xlink:to="GrossProfit" order="20.0"/>
    <link:loc xlink:type="locator" xlink:href="../../../../full_ifrs-cor_2014-03-05.xsd#ifrs-full_CashFlowsFromUsedInOperatingActivities" xlink:label="CashFlowsFromUsedInOperatingActivities"/>
    <link:definitionArc xlink:type="arc" xlink:arcrole="http://xbrl.org/int/dim/arcrole/domain-member" xlink:from="DetailsOnKeyFiguresAndFinancialRatiosAbstract" xlink:to="CashFlowsFromUsedInOperatingActivities" order="21.0"/>
    <link:loc xlink:type="locator" xlink:href="../../../../full_ifrs-cor_2014-03-05.xsd#ifrs-full_CashFlowsFromUsedInInvestingActivities" xlink:label="CashFlowsFromUsedInInvestingActivities"/>
    <link:definitionArc xlink:type="arc" xlink:arcrole="http://xbrl.org/int/dim/arcrole/domain-member" xlink:from="DetailsOnKeyFiguresAndFinancialRatiosAbstract" xlink:to="CashFlowsFromUsedInInvestingActivities" order="22.0"/>
    <link:loc xlink:type="locator" xlink:href="../../../../full_ifrs-cor_2014-03-05.xsd#ifrs-full_CashFlowsFromUsedInFinancingActivities" xlink:label="CashFlowsFromUsedInFinancingActivities"/>
    <link:definitionArc xlink:type="arc" xlink:arcrole="http://xbrl.org/int/dim/arcrole/domain-member" xlink:from="DetailsOnKeyFiguresAndFinancialRatiosAbstract" xlink:to="CashFlowsFromUsedInFinancingActivities" order="23.0"/>
    <link:loc xlink:type="locator" xlink:href="../../../../full_ifrs-cor_2014-03-05.xsd#ifrs-full_Revenue" xlink:label="Revenue"/>
    <link:definitionArc xlink:type="arc" xlink:arcrole="http://xbrl.org/int/dim/arcrole/domain-member" xlink:from="DetailsOnKeyFiguresAndFinancialRatiosAbstract" xlink:to="Revenue" order="11.0"/>
    <link:loc xlink:type="locator" xlink:href="../../../ifrs/ifrs-dk-cor_2014-12-20.xsd#ifrs-dk_ProfitLossFromOrdinaryOperatingActivities" xlink:label="ProfitLossFromOrdinaryOperatingActivities"/>
    <link:definitionArc xlink:type="arc" xlink:arcrole="http://xbrl.org/int/dim/arcrole/domain-member" xlink:from="DetailsOnKeyFiguresAndFinancialRatiosAbstract" xlink:to="ProfitLossFromOrdinaryOperatingActivities" order="12.0"/>
    <link:loc xlink:type="locator" xlink:href="../../../ifrs/ifrs-dk-cor_2014-12-20.xsd#ifrs-dk_ResultsFromNetFinancials" xlink:label="ResultsFromNetFinancials"/>
    <link:definitionArc xlink:type="arc" xlink:arcrole="http://xbrl.org/int/dim/arcrole/domain-member" xlink:from="DetailsOnKeyFiguresAndFinancialRatiosAbstract" xlink:to="ResultsFromNetFinancials" order="13.0"/>
    <link:loc xlink:type="locator" xlink:href="../../../ifrs/ifrs-dk-cor_2014-12-20.xsd#ifrs-dk_ResultsFromExtraordinaryItems" xlink:label="ResultsFromExtraordinaryItems"/>
    <link:definitionArc xlink:type="arc" xlink:arcrole="http://xbrl.org/int/dim/arcrole/domain-member" xlink:from="DetailsOnKeyFiguresAndFinancialRatiosAbstract" xlink:to="ResultsFromExtraordinaryItems" order="14.0"/>
    <link:loc xlink:type="locator" xlink:href="../../../../full_ifrs-cor_2014-03-05.xsd#ifrs-full_ProfitLoss" xlink:label="ProfitLoss"/>
    <link:definitionArc xlink:type="arc" xlink:arcrole="http://xbrl.org/int/dim/arcrole/domain-member" xlink:from="DetailsOnKeyFiguresAndFinancialRatiosAbstract" xlink:to="ProfitLoss" order="15.0"/>
    <link:loc xlink:type="locator" xlink:href="../../../../full_ifrs-cor_2014-03-05.xsd#ifrs-full_Assets" xlink:label="Assets"/>
    <link:definitionArc xlink:type="arc" xlink:arcrole="http://xbrl.org/int/dim/arcrole/domain-member" xlink:from="DetailsOnKeyFiguresAndFinancialRatiosAbstract" xlink:to="Assets" order="16.0"/>
    <link:loc xlink:type="locator" xlink:href="../../../ifrs/ifrs-dk-cor_2014-12-20.xsd#ifrs-dk_InvestmentInPropertyPlantAndEquipment" xlink:label="InvestmentInPropertyPlantAndEquipment"/>
    <link:definitionArc xlink:type="arc" xlink:arcrole="http://xbrl.org/int/dim/arcrole/domain-member" xlink:from="DetailsOnKeyFiguresAndFinancialRatiosAbstract" xlink:to="InvestmentInPropertyPlantAndEquipment" order="17.0"/>
    <link:loc xlink:type="locator" xlink:href="../../../../full_ifrs-cor_2014-03-05.xsd#ifrs-full_Equity" xlink:label="Equity"/>
    <link:definitionArc xlink:type="arc" xlink:arcrole="http://xbrl.org/int/dim/arcrole/domain-member" xlink:from="DetailsOnKeyFiguresAndFinancialRatiosAbstract" xlink:to="Equity" order="18.0"/>
    <link:loc xlink:type="locator" xlink:href="../../../../full_ifrs-cor_2014-03-05.xsd#ifrs-full_AverageNumberOfEmployees" xlink:label="AverageNumberOfEmployees" xlink:title="AverageNumberOfEmployees"/>
    <link:definitionArc xlink:type="arc" xlink:arcrole="http://xbrl.org/int/dim/arcrole/domain-member" xlink:from="DetailsOnKeyFiguresAndFinancialRatiosAbstract" xlink:to="AverageNumberOfEmployees" xlink:title="definition: DetailsOnKeyFiguresAndFinancialRatiosAbstract to AverageNumberOfEmployees" order="24.0"/>
    <link:loc xlink:type="locator" xlink:href="../../mrv-core_2014-12-20.xsd#mrv_DetailsOnOtherKeyFiguresAndFinancialRatiosAbstract" xlink:label="DetailsOnOtherKeyFiguresAndFinancialRatiosAbstract"/>
    <link:loc xlink:type="locator" xlink:href="../../mrv-core_2014-12-20.xsd#mrv_DetailsOnOtherKeyFiguresAndFinancialRatiosHypercube" xlink:label="DetailsOnOtherKeyFiguresAndFinancialRatiosHypercube"/>
    <link:definitionArc xlink:type="arc" xlink:arcrole="http://xbrl.org/int/dim/arcrole/all" xlink:from="DetailsOnOtherKeyFiguresAndFinancialRatiosAbstract" xlink:to="DetailsOnOtherKeyFiguresAndFinancialRatiosHypercube" order="1.0" xbrldt:contextElement="scenario" xbrldt:closed="true" xbrldt:targetRole="http://xbrl.dcca.dk/role/200.02/Hypercube/ManagementsReview/DetailsOnOtherKeyFiguresAndFinancialRatios"/>
    <link:loc xlink:type="locator" xlink:href="../../mrv-core_2014-12-20.xsd#mrv_NameOfKeyFigureOrFinancialRatio" xlink:label="NameOfKeyFigureOrFinancialRatio"/>
    <link:definitionArc xlink:type="arc" xlink:arcrole="http://xbrl.org/int/dim/arcrole/domain-member" xlink:from="DetailsOnOtherKeyFiguresAndFinancialRatiosAbstract" xlink:to="NameOfKeyFigureOrFinancialRatio" order="2.0"/>
    <link:loc xlink:type="locator" xlink:href="../../mrv-core_2014-12-20.xsd#mrv_ValueOfKeyFigureOrFinancialRatio" xlink:label="ValueOfKeyFigureOrFinancialRatio"/>
    <link:definitionArc xlink:type="arc" xlink:arcrole="http://xbrl.org/int/dim/arcrole/domain-member" xlink:from="DetailsOnOtherKeyFiguresAndFinancialRatiosAbstract" xlink:to="ValueOfKeyFigureOrFinancialRatio" order="3.0"/>
  </link:definitionLink>
  <link:definitionLink xlink:type="extended" xlink:role="http://xbrl.dcca.dk/role/200.01/Hypercube/ManagementsReview/DetailsOnKeyFiguresAndFinancialRatios">
    <link:loc xlink:type="locator" xlink:href="../../mrv-core_2014-12-20.xsd#mrv_DetailsOnKeyFiguresAndFinancialRatiosHypercube" xlink:label="DetailsOnKeyFiguresAndFinancialRatiosHypercube"/>
    <link:loc xlink:type="locator" xlink:href="../../../cmn.xsd#cmn_RetrospectiveInformationAxis" xlink:label="RetrospectiveInformationAxis"/>
    <link:definitionArc xlink:type="arc" xlink:arcrole="http://xbrl.org/int/dim/arcrole/hypercube-dimension" xlink:from="DetailsOnKeyFiguresAndFinancialRatiosHypercube" xlink:to="RetrospectiveInformationAxis" order="1.0" xbrldt:targetRole="http://xbrl.dcca.dk/role/902.01/AxisRetrospectiveInformation"/>
    <link:loc xlink:type="locator" xlink:href="../../../../full_ifrs-cor_2014-03-05.xsd#ifrs-full_ConsolidatedAndSeparateFinancialStatementsAxis" xlink:label="ConsolidatedAndSeparateFinancialStatementsAxis"/>
    <link:definitionArc xlink:type="arc" xlink:arcrole="http://xbrl.org/int/dim/arcrole/hypercube-dimension" xlink:from="DetailsOnKeyFiguresAndFinancialRatiosHypercube" xlink:to="ConsolidatedAndSeparateFinancialStatementsAxis" order="2.0" xbrldt:targetRole="http://xbrl.ifrs.org/role/ifrs/ifrs-dim_role-913000"/>
  </link:definitionLink>
  <link:definitionLink xlink:type="extended" xlink:role="http://xbrl.dcca.dk/role/200.02/Hypercube/ManagementsReview/DetailsOnOtherKeyFiguresAndFinancialRatios">
    <link:loc xlink:type="locator" xlink:href="../../mrv-core_2014-12-20.xsd#mrv_DetailsOnOtherKeyFiguresAndFinancialRatiosHypercube" xlink:label="DetailsOnOtherKeyFiguresAndFinancialRatiosHypercube"/>
    <link:loc xlink:type="locator" xlink:href="../../mrv-core_2014-12-20.xsd#mrv_IdentificationOfKeyFigureOrFinancialRatioDimension" xlink:label="IdentificationOfKeyFigureOrFinancialRatioDimension"/>
    <link:definitionArc xlink:type="arc" xlink:arcrole="http://xbrl.org/int/dim/arcrole/hypercube-dimension" xlink:from="DetailsOnOtherKeyFiguresAndFinancialRatiosHypercube" xlink:to="IdentificationOfKeyFigureOrFinancialRatioDimension" order="1.0"/>
    <link:loc xlink:type="locator" xlink:href="../../../cmn.xsd#cmn_RetrospectiveInformationAxis" xlink:label="RetrospectiveInformationAxis"/>
    <link:definitionArc xlink:type="arc" xlink:arcrole="http://xbrl.org/int/dim/arcrole/hypercube-dimension" xlink:from="DetailsOnOtherKeyFiguresAndFinancialRatiosHypercube" xlink:to="RetrospectiveInformationAxis" order="2.0" xbrldt:targetRole="http://xbrl.dcca.dk/role/902.01/AxisRetrospectiveInformation"/>
    <link:loc xlink:type="locator" xlink:href="../../../../full_ifrs-cor_2014-03-05.xsd#ifrs-full_ConsolidatedAndSeparateFinancialStatementsAxis" xlink:label="ConsolidatedAndSeparateFinancialStatementsAxis"/>
    <link:definitionArc xlink:type="arc" xlink:arcrole="http://xbrl.org/int/dim/arcrole/hypercube-dimension" xlink:from="DetailsOnOtherKeyFiguresAndFinancialRatiosHypercube" xlink:to="ConsolidatedAndSeparateFinancialStatementsAxis" order="3.0" xbrldt:targetRole="http://xbrl.ifrs.org/role/ifrs/ifrs-dim_role-913000"/>
  </link:definitionLink>
</link:linkbase>
