<?xml version="1.0" encoding="UTF-8"?>
<!-- Generated by Fujitsu Interstage XWand B0166 -->
<?officialURI http://archprod.service.eogs.dk/taxonomy/20131220/ifrs/full_ifrs_dk/ifrs-dk_410.00_2013-12-20/def_ifrs-dk_2013-12-20_role-410.00.xml?>

<?taxonomy-version 0.1.0?>

<link:linkbase xmlns:xsi="http://www.w3.org/2001/XMLSchema-instance" xsi:schemaLocation="http://www.xbrl.org/2003/linkbase http://www.xbrl.org/2003/xbrl-linkbase-2003-12-31.xsd" xmlns:link="http://www.xbrl.org/2003/linkbase" xmlns:rol_ifrs-dk_410.00_2013-12-20="http://xbrl.dcca.dk/role/ifrs-dk/rol_ifrs-dk_410.00_2013-12-20" xmlns:xbrldt="http://xbrl.org/2005/xbrldt" xmlns:xbrli="http://www.xbrl.org/2003/instance" xmlns:xlink="http://www.w3.org/1999/xlink">
  <link:roleRef roleURI="http://xbrl.dcca.dk/role/410.00/StatementOfComprehensiveIncomeOCIComponentsPresentedNetOfTax" xlink:type="simple" xlink:href="rol_ifrs-dk_410.00_2013-12-20.xsd#ifrs-dk_41000_StatementOfComprehensiveIncomeOCIComponentsPresentedNetOfTax"/>
  <link:roleRef roleURI="http://xbrl.ifrs.org/role/ifrs/ifrs-dim_role-913000" xlink:type="simple" xlink:href="../../../../full_ifrs/dimensions_full_ifrs/rol_ifrs-dim_2011-03-25.xsd#ifrs-dim_role-913000"/>
  <link:arcroleRef arcroleURI="http://xbrl.org/int/dim/arcrole/domain-member" xlink:type="simple" xlink:href="http://www.xbrl.org/2005/xbrldt-2005.xsd#domain-member"/>
  <link:arcroleRef arcroleURI="http://xbrl.org/int/dim/arcrole/all" xlink:type="simple" xlink:href="http://www.xbrl.org/2005/xbrldt-2005.xsd#all"/>
  <link:arcroleRef arcroleURI="http://xbrl.org/int/dim/arcrole/hypercube-dimension" xlink:type="simple" xlink:href="http://www.xbrl.org/2005/xbrldt-2005.xsd#hypercube-dimension"/>
  <link:definitionLink xlink:type="extended" xlink:role="http://xbrl.dcca.dk/role/410.00/StatementOfComprehensiveIncomeOCIComponentsPresentedNetOfTax">
    <link:loc xlink:type="locator" xlink:href="../../../cmn.xsd#cmn_CommonTable" xlink:label="CommonTable" xlink:title="CommonTable"/>
    <link:loc xlink:type="locator" xlink:href="../../../../ifrs-cor_2011-03-25.xsd#ifrs_ConsolidatedAndSeparateFinancialStatementsAxis" xlink:label="ConsolidatedAndSeparateFinancialStatementsAxis" xlink:title="ConsolidatedAndSeparateFinancialStatementsAxis"/>
    <link:definitionArc xlink:type="arc" xlink:arcrole="http://xbrl.org/int/dim/arcrole/hypercube-dimension" xlink:from="CommonTable" xlink:to="ConsolidatedAndSeparateFinancialStatementsAxis" xlink:title="definition: CommonTable to ConsolidatedAndSeparateFinancialStatementsAxis" order="1.0" xbrldt:targetRole="http://xbrl.ifrs.org/role/ifrs/ifrs-dim_role-913000"/>
    <link:loc xlink:type="locator" xlink:href="../../../../ifrs-cor_2011-03-25.xsd#ifrs_StatementOfComprehensiveIncomeAbstract" xlink:label="StatementOfComprehensiveIncomeAbstract"/>
    <link:loc xlink:type="locator" xlink:href="../../../../ifrs-cor_2011-03-25.xsd#ifrs_ProfitLoss" xlink:label="ProfitLoss"/>
    <link:definitionArc xlink:type="arc" xlink:arcrole="http://xbrl.org/int/dim/arcrole/domain-member" xlink:from="StatementOfComprehensiveIncomeAbstract" xlink:to="ProfitLoss" order="1.0"/>
    <link:loc xlink:type="locator" xlink:href="../../../../ifrs-cor_2011-03-25.xsd#ifrs_OtherComprehensiveIncomeAbstract" xlink:label="OtherComprehensiveIncomeAbstract"/>
    <link:definitionArc xlink:type="arc" xlink:arcrole="http://xbrl.org/int/dim/arcrole/domain-member" xlink:from="StatementOfComprehensiveIncomeAbstract" xlink:to="OtherComprehensiveIncomeAbstract" order="2.0"/>
    <link:loc xlink:type="locator" xlink:href="../../../../ifrs-cor_2011-03-25.xsd#ifrs_ComponentsOfOtherComprehensiveIncomeNetOfTaxAbstract" xlink:label="ComponentsOfOtherComprehensiveIncomeNetOfTaxAbstract"/>
    <link:definitionArc xlink:type="arc" xlink:arcrole="http://xbrl.org/int/dim/arcrole/domain-member" xlink:from="OtherComprehensiveIncomeAbstract" xlink:to="ComponentsOfOtherComprehensiveIncomeNetOfTaxAbstract" order="1.0"/>
    <link:loc xlink:type="locator" xlink:href="../../../../ifrs-cor_2011-03-25.xsd#ifrs_ExchangeDifferencesOnTranslationAbstract" xlink:label="ExchangeDifferencesOnTranslationAbstract"/>
    <link:definitionArc xlink:type="arc" xlink:arcrole="http://xbrl.org/int/dim/arcrole/domain-member" xlink:from="ComponentsOfOtherComprehensiveIncomeNetOfTaxAbstract" xlink:to="ExchangeDifferencesOnTranslationAbstract" order="1.0"/>
    <link:loc xlink:type="locator" xlink:href="../../../../ifrs-cor_2011-03-25.xsd#ifrs_GainsLossesOnExchangeDifferencesOnTranslationNetOfTax" xlink:label="GainsLossesOnExchangeDifferencesOnTranslationNetOfTax"/>
    <link:definitionArc xlink:type="arc" xlink:arcrole="http://xbrl.org/int/dim/arcrole/domain-member" xlink:from="ExchangeDifferencesOnTranslationAbstract" xlink:to="GainsLossesOnExchangeDifferencesOnTranslationNetOfTax" order="1.0"/>
    <link:loc xlink:type="locator" xlink:href="../../../../ifrs-cor_2011-03-25.xsd#ifrs_ReclassificationAdjustmentsOnExchangeDifferencesOnTranslationNetOfTax" xlink:label="ReclassificationAdjustmentsOnExchangeDifferencesOnTranslationNetOfTax"/>
    <link:definitionArc xlink:type="arc" xlink:arcrole="http://xbrl.org/int/dim/arcrole/domain-member" xlink:from="ExchangeDifferencesOnTranslationAbstract" xlink:to="ReclassificationAdjustmentsOnExchangeDifferencesOnTranslationNetOfTax" order="2.0"/>
    <link:loc xlink:type="locator" xlink:href="../../ifrs-dk-cor_2013-12-20.xsd#ifrs-dk_ReserveForGainsLossesOnCurrencyTranslation" xlink:label="ReserveForGainsLossesOnCurrencyTranslation"/>
    <link:definitionArc xlink:type="arc" xlink:arcrole="http://xbrl.org/int/dim/arcrole/domain-member" xlink:from="ExchangeDifferencesOnTranslationAbstract" xlink:to="ReserveForGainsLossesOnCurrencyTranslation" order="3.0"/>
    <link:loc xlink:type="locator" xlink:href="../../ifrs-dk-cor_2013-12-20.xsd#ifrs-dk_ReversalOfExchangeGainsLosses" xlink:label="ReversalOfExchangeGainsLosses"/>
    <link:definitionArc xlink:type="arc" xlink:arcrole="http://xbrl.org/int/dim/arcrole/domain-member" xlink:from="ExchangeDifferencesOnTranslationAbstract" xlink:to="ReversalOfExchangeGainsLosses" order="4.0"/>
    <link:loc xlink:type="locator" xlink:href="../../../../ifrs-cor_2011-03-25.xsd#ifrs_OtherComprehensiveIncomeNetOfTaxExchangeDifferencesOnTranslation" xlink:label="OtherComprehensiveIncomeNetOfTaxExchangeDifferencesOnTranslation"/>
    <link:definitionArc xlink:type="arc" xlink:arcrole="http://xbrl.org/int/dim/arcrole/domain-member" xlink:from="ExchangeDifferencesOnTranslationAbstract" xlink:to="OtherComprehensiveIncomeNetOfTaxExchangeDifferencesOnTranslation" order="5.0"/>
    <link:loc xlink:type="locator" xlink:href="../../ifrs-dk-cor_2013-12-20.xsd#ifrs-dk_InflationGainsLosses" xlink:label="InflationGainsLosses"/>
    <link:definitionArc xlink:type="arc" xlink:arcrole="http://xbrl.org/int/dim/arcrole/domain-member" xlink:from="ComponentsOfOtherComprehensiveIncomeNetOfTaxAbstract" xlink:to="InflationGainsLosses" use="optional" order="2.0"/>
    <link:loc xlink:type="locator" xlink:href="../../ifrs-dk-cor_2013-12-20.xsd#ifrs-dk_OtherComprehensiveIncomeOtherIncome" xlink:label="OtherComprehensiveIncomeOtherIncome"/>
    <link:definitionArc xlink:type="arc" xlink:arcrole="http://xbrl.org/int/dim/arcrole/domain-member" xlink:from="ComponentsOfOtherComprehensiveIncomeNetOfTaxAbstract" xlink:to="OtherComprehensiveIncomeOtherIncome" order="3.0"/>
    <link:loc xlink:type="locator" xlink:href="../../ifrs-dk-cor_2013-12-20.xsd#ifrs-dk_OtherComprehensiveIncomeOtherCost" xlink:label="OtherComprehensiveIncomeOtherCost"/>
    <link:definitionArc xlink:type="arc" xlink:arcrole="http://xbrl.org/int/dim/arcrole/domain-member" xlink:from="ComponentsOfOtherComprehensiveIncomeNetOfTaxAbstract" xlink:to="OtherComprehensiveIncomeOtherCost" order="4.0"/>
    <link:loc xlink:type="locator" xlink:href="../../ifrs-dk-cor_2013-12-20.xsd#ifrs-dk_ActuarialGainsLosses" xlink:label="ActuarialGainsLosses"/>
    <link:definitionArc xlink:type="arc" xlink:arcrole="http://xbrl.org/int/dim/arcrole/domain-member" xlink:from="ComponentsOfOtherComprehensiveIncomeNetOfTaxAbstract" xlink:to="ActuarialGainsLosses" order="5.0"/>
    <link:loc xlink:type="locator" xlink:href="../../../../ifrs-cor_2011-03-25.xsd#ifrs_AvailableforsaleFinancialAssetsAbstract" xlink:label="AvailableforsaleFinancialAssetsAbstract"/>
    <link:definitionArc xlink:type="arc" xlink:arcrole="http://xbrl.org/int/dim/arcrole/domain-member" xlink:from="ComponentsOfOtherComprehensiveIncomeNetOfTaxAbstract" xlink:to="AvailableforsaleFinancialAssetsAbstract" order="6.0"/>
    <link:loc xlink:type="locator" xlink:href="../../../../ifrs-cor_2011-03-25.xsd#ifrs_GainsLossesOnRemeasuringAvailableforsaleFinancialAssetsNetOfTax" xlink:label="GainsLossesOnRemeasuringAvailableforsaleFinancialAssetsNetOfTax"/>
    <link:definitionArc xlink:type="arc" xlink:arcrole="http://xbrl.org/int/dim/arcrole/domain-member" xlink:from="AvailableforsaleFinancialAssetsAbstract" xlink:to="GainsLossesOnRemeasuringAvailableforsaleFinancialAssetsNetOfTax" order="1.0"/>
    <link:loc xlink:type="locator" xlink:href="../../../../ifrs-cor_2011-03-25.xsd#ifrs_ReclassificationAdjustmentsOnAvailableforsaleFinancialAssetsNetOfTax" xlink:label="ReclassificationAdjustmentsOnAvailableforsaleFinancialAssetsNetOfTax"/>
    <link:definitionArc xlink:type="arc" xlink:arcrole="http://xbrl.org/int/dim/arcrole/domain-member" xlink:from="AvailableforsaleFinancialAssetsAbstract" xlink:to="ReclassificationAdjustmentsOnAvailableforsaleFinancialAssetsNetOfTax" order="2.0"/>
    <link:loc xlink:type="locator" xlink:href="../../../../ifrs-cor_2011-03-25.xsd#ifrs_OtherComprehensiveIncomeNetOfTaxAvailableforsaleFinancialAssets" xlink:label="OtherComprehensiveIncomeNetOfTaxAvailableforsaleFinancialAssets"/>
    <link:definitionArc xlink:type="arc" xlink:arcrole="http://xbrl.org/int/dim/arcrole/domain-member" xlink:from="AvailableforsaleFinancialAssetsAbstract" xlink:to="OtherComprehensiveIncomeNetOfTaxAvailableforsaleFinancialAssets" order="3.0"/>
    <link:loc xlink:type="locator" xlink:href="../../../../ifrs-cor_2011-03-25.xsd#ifrs_CashFlowHedgesAbstract" xlink:label="CashFlowHedgesAbstract"/>
    <link:definitionArc xlink:type="arc" xlink:arcrole="http://xbrl.org/int/dim/arcrole/domain-member" xlink:from="ComponentsOfOtherComprehensiveIncomeNetOfTaxAbstract" xlink:to="CashFlowHedgesAbstract" order="7.0"/>
    <link:loc xlink:type="locator" xlink:href="../../../../ifrs-cor_2011-03-25.xsd#ifrs_GainsLossesOnCashFlowHedgesNetOfTax" xlink:label="GainsLossesOnCashFlowHedgesNetOfTax"/>
    <link:definitionArc xlink:type="arc" xlink:arcrole="http://xbrl.org/int/dim/arcrole/domain-member" xlink:from="CashFlowHedgesAbstract" xlink:to="GainsLossesOnCashFlowHedgesNetOfTax" order="1.0"/>
    <link:loc xlink:type="locator" xlink:href="../../../../ifrs-cor_2011-03-25.xsd#ifrs_ReclassificationAdjustmentsOnCashFlowHedgesNetOfTax" xlink:label="ReclassificationAdjustmentsOnCashFlowHedgesNetOfTax"/>
    <link:definitionArc xlink:type="arc" xlink:arcrole="http://xbrl.org/int/dim/arcrole/domain-member" xlink:from="CashFlowHedgesAbstract" xlink:to="ReclassificationAdjustmentsOnCashFlowHedgesNetOfTax" order="2.0"/>
    <link:loc xlink:type="locator" xlink:href="../../../../ifrs-cor_2011-03-25.xsd#ifrs_AdjustmentsForAmountsTransferredToInitialCarryingAmountOfHedgedItems" xlink:label="AdjustmentsForAmountsTransferredToInitialCarryingAmountOfHedgedItems"/>
    <link:definitionArc xlink:type="arc" xlink:arcrole="http://xbrl.org/int/dim/arcrole/domain-member" xlink:from="CashFlowHedgesAbstract" xlink:to="AdjustmentsForAmountsTransferredToInitialCarryingAmountOfHedgedItems" order="3.0"/>
    <link:loc xlink:type="locator" xlink:href="../../../../ifrs-cor_2011-03-25.xsd#ifrs_OtherComprehensiveIncomeNetOfTaxCashFlowHedges" xlink:label="OtherComprehensiveIncomeNetOfTaxCashFlowHedges"/>
    <link:definitionArc xlink:type="arc" xlink:arcrole="http://xbrl.org/int/dim/arcrole/domain-member" xlink:from="CashFlowHedgesAbstract" xlink:to="OtherComprehensiveIncomeNetOfTaxCashFlowHedges" order="4.0"/>
    <link:loc xlink:type="locator" xlink:href="../../../../ifrs-cor_2011-03-25.xsd#ifrs_HedgesOfNetInvestmentsInForeignOperationsAbstract" xlink:label="HedgesOfNetInvestmentsInForeignOperationsAbstract"/>
    <link:definitionArc xlink:type="arc" xlink:arcrole="http://xbrl.org/int/dim/arcrole/domain-member" xlink:from="ComponentsOfOtherComprehensiveIncomeNetOfTaxAbstract" xlink:to="HedgesOfNetInvestmentsInForeignOperationsAbstract" order="8.0"/>
    <link:loc xlink:type="locator" xlink:href="../../../../ifrs-cor_2011-03-25.xsd#ifrs_GainsLossesOnHedgesOfNetInvestmentsInForeignOperationsNetOfTax" xlink:label="GainsLossesOnHedgesOfNetInvestmentsInForeignOperationsNetOfTax"/>
    <link:definitionArc xlink:type="arc" xlink:arcrole="http://xbrl.org/int/dim/arcrole/domain-member" xlink:from="HedgesOfNetInvestmentsInForeignOperationsAbstract" xlink:to="GainsLossesOnHedgesOfNetInvestmentsInForeignOperationsNetOfTax" order="1.0"/>
    <link:loc xlink:type="locator" xlink:href="../../../../ifrs-cor_2011-03-25.xsd#ifrs_ReclassificationAdjustmentsOnHedgesOfNetInvestmentsInForeignOperationsNetOfTax" xlink:label="ReclassificationAdjustmentsOnHedgesOfNetInvestmentsInForeignOperationsNetOfTax"/>
    <link:definitionArc xlink:type="arc" xlink:arcrole="http://xbrl.org/int/dim/arcrole/domain-member" xlink:from="HedgesOfNetInvestmentsInForeignOperationsAbstract" xlink:to="ReclassificationAdjustmentsOnHedgesOfNetInvestmentsInForeignOperationsNetOfTax" order="2.0"/>
    <link:loc xlink:type="locator" xlink:href="../../../../ifrs-cor_2011-03-25.xsd#ifrs_OtherComprehensiveIncomeNetOfTaxHedgesOfNetInvestmentsInForeignOperations" xlink:label="OtherComprehensiveIncomeNetOfTaxHedgesOfNetInvestmentsInForeignOperations"/>
    <link:definitionArc xlink:type="arc" xlink:arcrole="http://xbrl.org/int/dim/arcrole/domain-member" xlink:from="HedgesOfNetInvestmentsInForeignOperationsAbstract" xlink:to="OtherComprehensiveIncomeNetOfTaxHedgesOfNetInvestmentsInForeignOperations" order="3.0"/>
    <link:loc xlink:type="locator" xlink:href="../../ifrs-dk-cor_2013-12-20.xsd#ifrs-dk_AdjustmentsToValuationGainsLosses" xlink:label="AdjustmentsToValuationGainsLosses"/>
    <link:definitionArc xlink:type="arc" xlink:arcrole="http://xbrl.org/int/dim/arcrole/domain-member" xlink:from="ComponentsOfOtherComprehensiveIncomeNetOfTaxAbstract" xlink:to="AdjustmentsToValuationGainsLosses" order="9.0"/>
    <link:loc xlink:type="locator" xlink:href="../../../../ifrs-cor_2011-03-25.xsd#ifrs_OtherComprehensiveIncomeNetOfTaxGainsLossesFromInvestmentsInEquityInstruments" xlink:label="OtherComprehensiveIncomeNetOfTaxGainsLossesFromInvestmentsInEquityInstruments"/>
    <link:definitionArc xlink:type="arc" xlink:arcrole="http://xbrl.org/int/dim/arcrole/domain-member" xlink:from="ComponentsOfOtherComprehensiveIncomeNetOfTaxAbstract" xlink:to="OtherComprehensiveIncomeNetOfTaxGainsLossesFromInvestmentsInEquityInstruments" order="10.0"/>
    <link:loc xlink:type="locator" xlink:href="../../../../ifrs-cor_2011-03-25.xsd#ifrs_OtherComprehensiveIncomeNetOfTaxGainsLossesOnRevaluation" xlink:label="OtherComprehensiveIncomeNetOfTaxGainsLossesOnRevaluation"/>
    <link:definitionArc xlink:type="arc" xlink:arcrole="http://xbrl.org/int/dim/arcrole/domain-member" xlink:from="ComponentsOfOtherComprehensiveIncomeNetOfTaxAbstract" xlink:to="OtherComprehensiveIncomeNetOfTaxGainsLossesOnRevaluation" order="11.0"/>
    <link:loc xlink:type="locator" xlink:href="../../../../ifrs-cor_2011-03-25.xsd#ifrs_OtherComprehensiveIncomeNetOfTaxActuarialGainsLossesOnDefinedBenefitPlans" xlink:label="OtherComprehensiveIncomeNetOfTaxActuarialGainsLossesOnDefinedBenefitPlans"/>
    <link:definitionArc xlink:type="arc" xlink:arcrole="http://xbrl.org/int/dim/arcrole/domain-member" xlink:from="ComponentsOfOtherComprehensiveIncomeNetOfTaxAbstract" xlink:to="OtherComprehensiveIncomeNetOfTaxActuarialGainsLossesOnDefinedBenefitPlans" order="12.0"/>
    <link:loc xlink:type="locator" xlink:href="../../../../ifrs-cor_2011-03-25.xsd#ifrs_OtherComprehensiveIncomeNetOfTaxEffectsOfLimitInIAS19Paragraph58B" xlink:label="OtherComprehensiveIncomeNetOfTaxEffectsOfLimitInIAS19Paragraph58B"/>
    <link:definitionArc xlink:type="arc" xlink:arcrole="http://xbrl.org/int/dim/arcrole/domain-member" xlink:from="ComponentsOfOtherComprehensiveIncomeNetOfTaxAbstract" xlink:to="OtherComprehensiveIncomeNetOfTaxEffectsOfLimitInIAS19Paragraph58B" order="13.0"/>
    <link:loc xlink:type="locator" xlink:href="../../../../ifrs-cor_2011-03-25.xsd#ifrs_OtherComprehensiveIncomeNetOfTaxChangeInFairValueOfFinancialLiabilityAttributableToChangeInCreditRiskOfLiability" xlink:label="OtherComprehensiveIncomeNetOfTaxChangeInFairValueOfFinancialLiabilityAttributableToChangeInCreditRiskOfLiability"/>
    <link:definitionArc xlink:type="arc" xlink:arcrole="http://xbrl.org/int/dim/arcrole/domain-member" xlink:from="ComponentsOfOtherComprehensiveIncomeNetOfTaxAbstract" xlink:to="OtherComprehensiveIncomeNetOfTaxChangeInFairValueOfFinancialLiabilityAttributableToChangeInCreditRiskOfLiability" order="14.0"/>
    <link:loc xlink:type="locator" xlink:href="../../../../ifrs-cor_2011-03-25.xsd#ifrs_ShareOfOtherComprehensiveIncomeOfAssociatesAndJointVenturesAccountedForUsingEquityMethod" xlink:label="ShareOfOtherComprehensiveIncomeOfAssociatesAndJointVenturesAccountedForUsingEquityMethod"/>
    <link:definitionArc xlink:type="arc" xlink:arcrole="http://xbrl.org/int/dim/arcrole/domain-member" xlink:from="OtherComprehensiveIncomeAbstract" xlink:to="ShareOfOtherComprehensiveIncomeOfAssociatesAndJointVenturesAccountedForUsingEquityMethod" order="2.0"/>
    <link:loc xlink:type="locator" xlink:href="../../ifrs-dk-cor_2013-12-20.xsd#ifrs-dk_PensionObligations" xlink:label="PensionObligations"/>
    <link:definitionArc xlink:type="arc" xlink:arcrole="http://xbrl.org/int/dim/arcrole/domain-member" xlink:from="OtherComprehensiveIncomeAbstract" xlink:to="PensionObligations" order="3.0"/>
    <link:loc xlink:type="locator" xlink:href="../../../../ifrs-cor_2011-03-25.xsd#ifrs_OtherComprehensiveIncome" xlink:label="OtherComprehensiveIncome"/>
    <link:definitionArc xlink:type="arc" xlink:arcrole="http://xbrl.org/int/dim/arcrole/domain-member" xlink:from="OtherComprehensiveIncomeAbstract" xlink:to="OtherComprehensiveIncome" order="4.0"/>
    <link:loc xlink:type="locator" xlink:href="../../../../ifrs-cor_2011-03-25.xsd#ifrs_ComprehensiveIncome" xlink:label="ComprehensiveIncome"/>
    <link:definitionArc xlink:type="arc" xlink:arcrole="http://xbrl.org/int/dim/arcrole/domain-member" xlink:from="StatementOfComprehensiveIncomeAbstract" xlink:to="ComprehensiveIncome" order="3.0"/>
    <link:loc xlink:type="locator" xlink:href="../../../../ifrs-cor_2011-03-25.xsd#ifrs_ComprehensiveIncomeAttributableToAbstract" xlink:label="ComprehensiveIncomeAttributableToAbstract"/>
    <link:definitionArc xlink:type="arc" xlink:arcrole="http://xbrl.org/int/dim/arcrole/domain-member" xlink:from="StatementOfComprehensiveIncomeAbstract" xlink:to="ComprehensiveIncomeAttributableToAbstract" order="4.0"/>
    <link:loc xlink:type="locator" xlink:href="../../../../ifrs-cor_2011-03-25.xsd#ifrs_ComprehensiveIncomeAttributableToOwnersOfParent" xlink:label="ComprehensiveIncomeAttributableToOwnersOfParent"/>
    <link:definitionArc xlink:type="arc" xlink:arcrole="http://xbrl.org/int/dim/arcrole/domain-member" xlink:from="ComprehensiveIncomeAttributableToAbstract" xlink:to="ComprehensiveIncomeAttributableToOwnersOfParent" order="1.0"/>
    <link:loc xlink:type="locator" xlink:href="../../../../ifrs-cor_2011-03-25.xsd#ifrs_ComprehensiveIncomeAttributableToNoncontrollingInterests" xlink:label="ComprehensiveIncomeAttributableToNoncontrollingInterests"/>
    <link:definitionArc xlink:type="arc" xlink:arcrole="http://xbrl.org/int/dim/arcrole/domain-member" xlink:from="ComprehensiveIncomeAttributableToAbstract" xlink:to="ComprehensiveIncomeAttributableToNoncontrollingInterests" order="2.0"/>
    <link:loc xlink:type="locator" xlink:href="../../ifrs-dk-cor_2013-12-20.xsd#ifrs-dk_ComprehensiveIncomeAttributableToMembersOfAssociation" xlink:label="ComprehensiveIncomeAttributableToMembersOfAssociation"/>
    <link:definitionArc xlink:type="arc" xlink:arcrole="http://xbrl.org/int/dim/arcrole/domain-member" xlink:from="ComprehensiveIncomeAttributableToAbstract" xlink:to="ComprehensiveIncomeAttributableToMembersOfAssociation" use="optional" order="3.0"/>
    <link:definitionArc xlink:type="arc" xlink:arcrole="http://xbrl.org/int/dim/arcrole/all" xlink:from="StatementOfComprehensiveIncomeAbstract" xlink:to="CommonTable" xlink:title="definition: StatementOfComprehensiveIncomeAbstract to CommonTable" order="5.0" xbrldt:contextElement="scenario"/>
  </link:definitionLink>
</link:linkbase>
